N,N-gram,総出現回数,出現事例数,事例出現率（％）,N別順位
2,運動 場,687,671,8.7347,1
2,部 練習,618,617,8.0318,2
2,野球 部,605,602,7.8365,3
2,バランス 崩す,482,481,6.2614,4
2,眼 当たる,480,479,6.2354,5
2,練習 試合,380,376,4.8946,6
2,休憩 時間,372,372,4.8425,7
2,搬送 れる,351,351,4.5691,8
2,ボール 眼,246,246,3.2023,9
2,救急 車,230,215,2.7988,10
2,サッカー 部,206,206,2.6816,11
2,補綴 加える,202,201,2.6165,12
2,救急 搬送,201,201,2.6165,13
2,歯科 補綴,201,201,2.6165,14
2,外傷 性,197,169,2.1999,15
2,本 児,196,139,1.8094,16
2,眼 直撃,193,193,2.5124,17
2,瘢痕 残る,185,185,2.4082,18
2,飛ぶ くる,176,174,2.265,19
2,破る 折,172,171,2.226,20
2,蹴る ボール,171,171,2.226,21
2,相手 選手,170,147,1.9136,22
2,バッティング 練習,169,163,2.1218,23
2,病院 搬送,167,167,2.1739,24
2,前歯 本,165,157,2.0437,25
2,相手 チーム,164,157,2.0437,26
2,前額 部,162,140,1.8224,27
2,眼 負傷,160,160,2.0828,28
2,線 状,159,158,2.0568,29
2,試合 相手,158,158,2.0568,30
2,状 痕,158,158,2.0568,31
2,れる 治療,154,154,2.0047,32
2,痕 残る,151,151,1.9656,33
2,体育 体育館,148,148,1.9266,34
2,昼食 休憩,146,146,1.9005,35
2,足 滑る,140,140,1.8224,36
2,顔面 強打,140,140,1.8224,37
2,受診 治療,139,139,1.8094,38
2,崩す 転倒,139,139,1.8094,39
2,ボール 取る,133,127,1.6532,40
2,細 動,133,83,1.0804,41
2,障害 残る,132,130,1.6923,42
2,滑る せる,130,129,1.6793,43
2,打つ ボール,130,130,1.6923,44
2,部 試合,128,128,1.6662,45
2,強い 当たる,127,127,1.6532,46
2,車 病院,126,126,1.6402,47
2,自転車 登校,123,123,1.6011,48
2,転倒 顔面,123,123,1.6011,49
2,部 運動,119,119,1.5491,50
2,除 細,119,81,1.0544,51
2,うし ろ,117,111,1.4449,52
2,機能 障害,117,95,1.2367,53
2,顔面 当たる,116,115,1.497,54
2,バスケットボール 部,115,114,1.484,55
2,性 散る,112,111,1.4449,56
2,散る 瞳,112,111,1.4449,57
2,特定 時間,110,110,1.4319,58
2,練習 ボール,108,108,1.4059,59
2,歯 歯科,106,106,1.3798,60
2,打球 眼,106,106,1.3798,61
2,眼 視力,106,106,1.3798,62
2,強い 打つ,105,105,1.3668,63
2,当たる 眼,105,105,1.3668,64
2,当たる 前歯,104,103,1.3408,65
2,ガラス 割れる,104,104,1.3538,66
2,前歯 破る,103,103,1.3408,67
2,口 当たる,102,102,1.3278,68
2,体育 運動,101,101,1.3148,69
2,走る くる,99,98,1.2757,70
2,自転車 下校,99,99,1.2887,71
2,投げる ボール,98,98,1.2757,72
2,視力 減退,97,97,1.2627,73
2,時間 教室,96,96,1.2497,74
2,醜状 瘢痕,88,88,1.1455,75
2,時間 運動,87,87,1.1325,76
2,大腿 部,86,75,0.9763,77
2,強打 負傷,86,86,1.1195,78
2,瞳 残る,86,86,1.1195,79
2,部 部,83,82,1.0674,80
2,つまずく 転倒,83,82,1.0674,81
2,押す れる,83,82,1.0674,82
2,昇降 口,80,72,0.9373,83
2,瘢痕 残存,80,80,1.0414,84
2,機能 低下,79,79,1.0284,85
2,試合 ボール,78,78,1.0154,86
2,ボール 捕る,78,75,0.9763,87
2,意識 失う,78,77,1.0023,88
2,場 サッカー,77,77,1.0023,89
2,園 庭,76,74,0.9633,90
2,複 視,76,76,0.9893,91
2,障害 残存,75,75,0.9763,92
2,練習 相手,74,74,0.9633,93
2,ボール 打つ,74,72,0.9373,94
2,捕る 球,73,69,0.8982,95
2,植込み 手術,73,73,0.9503,96
2,高い さ,72,70,0.9112,97
2,形式 練習,72,72,0.9373,98
2,保育 室,70,69,0.8982,99
2,前歯 負傷,70,70,0.9112,100
2,ボール 当たる,70,70,0.9112,101
2,体育館 バスケットボール,70,70,0.9112,102
2,疼痛 残る,69,69,0.8982,103
2,窓 ガラス,69,62,0.8071,104
2,部 線,69,69,0.8982,105
2,手 滑る,68,68,0.8852,106
2,体育 祭,68,67,0.8722,107
2,くる ボール,67,67,0.8722,108
2,手 つく,67,67,0.8722,109
2,場 野球,66,66,0.8592,110
2,れる 手術,66,66,0.8592,111
2,外 運動,66,66,0.8592,112
2,滑る 転倒,66,66,0.8592,113
2,負傷 救急,65,65,0.8461,114
2,保健 室,65,62,0.8071,115
2,投げる られる,63,60,0.781,116
2,教室 戻る,63,63,0.8201,117
2,ボール 拾う,63,59,0.768,118
2,終了 特定,63,63,0.8201,119
2,顔面 直撃,63,63,0.8201,120
2,当たる 負傷,63,63,0.8201,121
2,守備 練習,63,63,0.8201,122
2,負傷 受診,63,63,0.8201,123
2,高次 脳,63,63,0.8201,124
2,脳 機能,63,63,0.8201,125
2,れる ボール,62,60,0.781,126
2,バレーボール 部,62,62,0.8071,127
2,ボール 顔面,62,62,0.8071,128
2,本 折れる,62,62,0.8071,129
2,心肺 蘇生,62,62,0.8071,130
2,取る 行く,61,61,0.7941,131
2,眼 部,61,60,0.781,132
2,強打 前歯,60,60,0.781,133
2,試合 形式,59,59,0.768,134
2,当たる 跳ね返る,59,59,0.768,135
2,歯 負傷,58,58,0.755,136
2,サッカー 試合,58,58,0.755,137
2,感覚 障害,57,57,0.742,138
2,時間 友人,57,57,0.742,139
2,れる 転倒,57,57,0.742,140
2,追う かけっこ,57,54,0.7029,141
2,打撃 練習,57,55,0.716,142
2,れる 負傷,56,56,0.729,143
2,部 体育館,56,56,0.729,144
2,殴る れる,56,55,0.716,145
2,前歯 当たる,56,56,0.729,146
2,ラグビー 部,56,56,0.729,147
2,至近 距離,56,56,0.729,148
2,ICD 植込み,56,56,0.729,149
2,接触 転倒,55,55,0.716,150
2,蹴る れる,55,50,0.6509,151
2,ノック 練習,55,55,0.716,152
2,眼 外傷,55,51,0.6639,153
2,友人 ふざける,54,53,0.6899,154
2,バドミントン 部,54,54,0.7029,155
2,動 器,54,54,0.7029,156
2,打つ 打球,53,53,0.6899,157
2,直撃 負傷,53,53,0.6899,158
2,挟む れる,53,53,0.6899,159
2,部 当たる,53,53,0.6899,160
2,ボール 蹴る,53,50,0.6509,161
2,当たる しまう,53,53,0.6899,162
2,部 負傷,52,52,0.6769,163
2,練習 打球,52,52,0.6769,164
2,防 球,52,44,0.5728,165
2,転倒 前歯,52,52,0.6769,166
2,当たる 歯,52,52,0.6769,167
2,ぶつける 負傷,52,52,0.6769,168
2,廊下 走る,52,51,0.6639,169
2,部 瘢痕,52,51,0.6639,170
2,球 ネット,51,44,0.5728,171
2,マット 運動,51,51,0.6639,172
2,ボール 追いかける,51,49,0.6379,173
2,調節 力,51,51,0.6639,174
2,手 離す,50,47,0.6118,175
2,当たり 負傷,50,50,0.6509,176
2,バスケットボール 試合,50,50,0.6509,177
2,バッター 打つ,50,50,0.6509,178
2,機能 失う,50,50,0.6509,179
2,時間 廊下,49,49,0.6379,180
2,友人 人,48,46,0.5988,181
2,顔面 負傷,48,48,0.6248,182
2,チーム 選手,48,48,0.6248,183
2,相手 膝,48,47,0.6118,184
2,受診 手術,48,48,0.6248,185
2,視 残る,48,48,0.6248,186
2,柔道 部,47,47,0.6118,187
2,ソフトボール 試合,47,47,0.6118,188
2,口 部,47,46,0.5988,189
2,始業 特定,47,47,0.6118,190
2,額 ぶつける,47,47,0.6118,191
2,眼 強い,47,47,0.6118,192
2,AED 除,47,47,0.6118,193
2,ティー バッティング,46,45,0.5858,194
2,打つ 負傷,46,46,0.5988,195
2,顔 当たる,46,46,0.5988,196
2,転倒 床,46,46,0.5988,197
2,眼 付近,46,46,0.5988,198
2,シャトル 眼,46,46,0.5988,199
2,れる 後日,46,46,0.5988,200
2,休み 時間,45,45,0.5858,201
2,病院 受診,45,44,0.5728,202
2,強い ぶつける,45,45,0.5858,203
2,転倒 地面,45,45,0.5858,204
2,朝 練習,45,45,0.5858,205
2,関節 機能,45,44,0.5728,206
2,指 機能,45,45,0.5858,207
2,せる 転倒,45,45,0.5858,208
2,体育 時間,45,45,0.5858,209
2,切る しまう,45,45,0.5858,210
2,車 要請,45,45,0.5858,211
2,頬 部,44,42,0.5467,212
2,ぶつかる 転倒,44,44,0.5728,213
2,床 強打,44,44,0.5728,214
2,前歯 折れる,44,44,0.5728,215
2,右手 小指,44,41,0.5337,216
2,強い 打ちつける,43,43,0.5598,217
2,競技 部,43,43,0.5598,218
2,地面 強打,43,43,0.5598,219
2,変形 障害,43,43,0.5598,220
2,くる 眼,43,43,0.5598,221
2,テニス 部,42,42,0.5467,222
2,心肺 停止,42,42,0.5467,223
2,段 目,41,26,0.3385,224
2,陸上 競技,41,40,0.5207,225
2,体育 的,41,41,0.5337,226
2,的 部,41,41,0.5337,227
2,プール サイド,41,36,0.4686,228
2,練習 ノック,41,40,0.5207,229
2,部 挫創,41,40,0.5207,230
2,底 骨折,41,41,0.5337,231
2,眼窩 底,41,41,0.5337,232
2,麻痺 残る,41,41,0.5337,233
2,体育 サッカー,40,40,0.5207,234
2,準備 運動,40,39,0.5077,235
2,巻き込む れる,40,39,0.5077,236
2,顔面 床,40,40,0.5207,237
2,後日 除,40,40,0.5207,238
2,器 植え込む,40,40,0.5207,239
2,体育 ソフトボール,39,39,0.5077,240
2,持つ 手,39,34,0.4426,241
2,前方 転倒,39,39,0.5077,242
2,割れる ガラス,39,39,0.5077,243
2,膝 眼,39,39,0.5077,244
2,視力 障害,39,39,0.5077,245
2,胸骨 圧迫,39,38,0.4947,246
2,動 救急,39,39,0.5077,247
2,遊ぶ 友人,38,38,0.4947,248
2,痛み 訴える,38,37,0.4816,249
2,痛み 感じる,38,38,0.4947,250
2,バント 練習,38,38,0.4947,251
2,負傷 歯,38,38,0.4947,252
2,ソフトボール 部,38,37,0.4816,253
2,停止 状態,38,38,0.4947,254
2,れる 入院,37,37,0.4816,255
2,下腿 部,37,35,0.4556,256
2,勢い つく,37,37,0.4816,257
2,顔面 地面,37,37,0.4816,258
2,歯 折れる,37,37,0.4816,259
2,前歯 脱臼,37,37,0.4816,260
2,手 離れる,37,37,0.4816,261
2,強い 打ち付ける,37,37,0.4816,262
2,打つ シャトル,37,37,0.4816,263
2,角 額,37,37,0.4816,264
2,鬼ごっこ 遊ぶ,36,36,0.4686,265
2,教室 内,36,35,0.4556,266
2,打者 打つ,36,36,0.4686,267
2,入院 治療,36,36,0.4686,268
2,通学 路,36,35,0.4556,269
2,頭部 顔面,36,36,0.4686,270
2,ノック ボール,36,36,0.4686,271
2,顔面 ぶつける,36,36,0.4686,272
2,転倒 顔,36,36,0.4686,273
2,折 歯科,36,36,0.4686,274
2,視野 中心,36,36,0.4686,275
2,倒れる 意識,36,36,0.4686,276
2,思う れる,35,35,0.4556,277
2,指 挟む,35,35,0.4556,278
2,他校 練習,35,35,0.4556,279
2,球技 大会,35,35,0.4556,280
2,見る られる,35,33,0.4296,281
2,相手 打つ,35,34,0.4426,282
2,バッティング ピッチャー,35,35,0.4556,283
2,可動 域,35,35,0.4556,284
2,域 制限,35,35,0.4556,285
2,跳ね返る 眼,35,35,0.4556,286
2,右側 頭部,34,33,0.4296,287
2,左側 頭部,34,34,0.4426,288
2,相手 頭,34,34,0.4426,289
2,組 体操,34,34,0.4426,290
2,反対 側,34,32,0.4166,291
2,清掃 時間,34,34,0.4426,292
2,前歯 強打,34,34,0.4426,293
2,歯 当たる,34,34,0.4426,294
2,部 終了,34,34,0.4426,295
2,ぶつかる 負傷,34,34,0.4426,296
2,顔面 強い,34,34,0.4426,297
2,ガラス 戸,34,29,0.3775,298
2,プール 底,34,33,0.4296,299
2,ドア ガラス,34,34,0.4426,300
2,力 減じる,34,34,0.4426,301
2,中心 暗い,34,34,0.4426,302
2,教室 廊下,33,33,0.4296,303
2,部 バッティング,33,33,0.4296,304
2,頭部 強打,33,33,0.4296,305
2,サッカー ゴール,33,27,0.3515,306
2,転倒 膝,33,33,0.4296,307
2,着地 失敗,33,33,0.4296,308
2,前のめり 転倒,33,33,0.4296,309
2,トス バッティング,33,32,0.4166,310
2,ボール 投げる,33,32,0.4166,311
2,振る バット,33,33,0.4296,312
2,歯 本,33,32,0.4166,313
2,本 抜ける,33,33,0.4296,314
2,前方 倒れる,33,33,0.4296,315
2,教室 友人,33,33,0.4296,316
2,切 創,33,30,0.3905,317
2,転倒 肘,33,33,0.4296,318
2,右手 中指,33,32,0.4166,319
2,等 管理,33,33,0.4296,320
2,管理 出来事,33,33,0.4296,321
2,出来事 関わる,33,33,0.4296,322
2,関わる 障害,33,33,0.4296,323
2,指 指,33,31,0.4035,324
2,体育 大会,32,32,0.4166,325
2,サッカー ボール,32,30,0.3905,326
2,ボール 飛ぶ,32,32,0.4166,327
2,ｍ 走る,32,32,0.4166,328
2,地面 落ちる,32,32,0.4166,329
2,気分 悪い,32,32,0.4166,330
2,自転車 ごと,32,32,0.4166,331
2,友人 足,32,32,0.4166,332
2,保育 保育,32,32,0.4166,333
2,ぶつける 前歯,32,32,0.4166,334
2,相手 蹴る,32,32,0.4166,335
2,硬式 野球,32,32,0.4166,336
2,かける られる,32,32,0.4166,337
2,打つ 前歯,32,32,0.4166,338
2,れる バランス,32,32,0.4166,339
2,打ち付ける 負傷,32,32,0.4166,340
2,場 ソフトボール,32,32,0.4166,341
2,倒立 転,32,28,0.3645,342
2,倒れる くる,31,31,0.4035,343
2,練習 体育館,31,31,0.4035,344
2,しまう 負傷,31,31,0.4035,345
2,声 かける,31,31,0.4035,346
2,選手 接触,31,31,0.4035,347
2,ふざける 合う,31,29,0.3775,348
2,眼 強打,31,31,0.4035,349
2,欠損 歯科,31,31,0.4035,350
2,肘 関節,31,29,0.3775,351
2,左手 指,31,31,0.4035,352
2,暗い 残る,31,31,0.4035,353
2,一部 失う,31,31,0.4035,354
2,保育 士,30,23,0.2994,355
2,転倒 頭部,30,30,0.3905,356
2,ブレーキ かける,30,30,0.3905,357
2,時間 体育館,30,30,0.3905,358
2,部 朝,30,30,0.3905,359
2,骨 骨折,30,29,0.3775,360
2,シュート 練習,30,29,0.3775,361
2,床 顔面,30,30,0.3905,362
2,転倒 負傷,30,30,0.3905,363
2,地面 強い,30,30,0.3905,364
2,ボール 口,30,30,0.3905,365
2,腹 立てる,30,30,0.3905,366
2,裂傷 負う,30,30,0.3905,367
2,強打 歯,30,30,0.3905,368
2,時間 校庭,30,30,0.3905,369
2,ハンドボール 部,30,30,0.3905,370
2,部 外,30,30,0.3905,371
2,保育 園,30,30,0.3905,372
2,左手 小指,30,29,0.3775,373
2,眼 ボール,30,30,0.3905,374
2,指 骨,30,30,0.3905,375
2,骨 一部,30,30,0.3905,376
2,様子 見る,29,29,0.3775,377
2,手 持つ,29,29,0.3775,378
2,体操 練習,29,29,0.3775,379
2,練習 打つ,29,29,0.3775,380
2,給食 準備,29,28,0.3645,381
2,地面 落下,29,29,0.3775,382
2,車 搬送,29,29,0.3775,383
2,試合 バッター,29,29,0.3775,384
2,倒れる こむ,29,28,0.3645,385
2,廊下 出る,29,28,0.3645,386
2,部 強打,29,29,0.3775,387
2,口元 当たる,29,29,0.3775,388
2,相手 足,29,28,0.3645,389
2,ピッチャー 投げる,29,29,0.3775,390
2,人 組,29,29,0.3775,391
2,前歯 欠損,29,29,0.3775,392
2,練習 バッティング,29,29,0.3775,393
2,ガラス 部分,29,29,0.3775,394
2,診断 れる,29,29,0.3775,395
2,骨折 手術,29,29,0.3775,396
2,眼 視野,29,28,0.3645,397
2,眼 調節,29,29,0.3775,398
2,視野 狭窄,29,29,0.3775,399
2,陸上 部,28,28,0.3645,400
2,体育 バスケットボール,28,28,0.3645,401
2,回 目,28,21,0.2734,402
2,床 落ちる,28,28,0.3645,403
2,顎 強打,28,28,0.3645,404
2,前のめり 倒れる,28,28,0.3645,405
2,衝突 転倒,28,28,0.3645,406
2,走る 転倒,28,28,0.3645,407
2,階 教室,28,25,0.3254,408
2,体勢 崩す,28,28,0.3645,409
2,ゲーム 形式,28,28,0.3645,410
2,足 踏み外す,28,28,0.3645,411
2,ドア 閉める,28,27,0.3515,412
2,大腿 骨,28,26,0.3385,413
2,右手 指,28,27,0.3515,414
2,入院 手術,28,28,0.3645,415
2,減退 視野,28,28,0.3645,416
2,四肢 麻痺,28,28,0.3645,417
2,テニス コート,27,26,0.3385,418
2,頭 打つ,27,27,0.3515,419
2,とる れる,27,27,0.3515,420
2,相手 投げる,27,27,0.3515,421
2,顔 負傷,27,27,0.3515,422
2,相手 肘,27,27,0.3515,423
2,シュート ボール,27,27,0.3515,424
2,バット 手,27,27,0.3515,425
2,顎 部,27,25,0.3254,426
2,失う 倒れる,27,27,0.3515,427
2,ボール 持つ,27,27,0.3515,428
2,廊下 歩く,27,27,0.3515,429
2,体重 かかる,27,27,0.3515,430
2,治療 前額,27,27,0.3515,431
2,眼球 打撲,27,27,0.3515,432
2,場 鬼ごっこ,26,26,0.3385,433
2,口唇 部,26,26,0.3385,434
2,ぶつける しまう,26,26,0.3385,435
2,保護 者,26,23,0.2994,436
2,取る れる,26,26,0.3385,437
2,足 当たる,26,26,0.3385,438
2,練習 人,26,26,0.3385,439
2,ボール イレギュラー,26,26,0.3385,440
2,ぶつかる 前歯,26,26,0.3385,441
2,ボール キャッチ,26,26,0.3385,442
2,股間 当たる,26,26,0.3385,443
2,場 練習,26,26,0.3385,444
2,番 通報,26,26,0.3385,445
2,手術 瘢痕,26,26,0.3385,446
2,直接 眼,26,26,0.3385,447
2,せき柱 変形,26,26,0.3385,448
2,頭部 打撲,25,25,0.3254,449
2,頭部 当たる,25,24,0.3124,450
2,練習 終了,25,25,0.3254,451
2,正面 衝突,25,25,0.3254,452
2,走る 友人,25,25,0.3254,453
2,ゴール ポスト,25,22,0.2864,454
2,ボール 入れる,25,23,0.2994,455
2,転倒 顎,25,25,0.3254,456
2,文化 祭,25,24,0.3124,457
2,相手 頭部,25,25,0.3254,458
2,転がる ボール,25,25,0.3254,459
2,地面 顔面,25,25,0.3254,460
2,床 倒れる,25,25,0.3254,461
2,転 練習,25,25,0.3254,462
2,木 枝,25,19,0.2473,463
2,腹部 強打,25,25,0.3254,464
2,足 もつれる,24,24,0.3124,465
2,傷 負う,24,24,0.3124,466
2,接触 相手,24,24,0.3124,467
2,顔 地面,24,24,0.3124,468
2,試合 シュート,24,24,0.3124,469
2,飛ばす れる,24,24,0.3124,470
2,準備 体操,24,24,0.3124,471
2,友人 遊ぶ,24,24,0.3124,472
2,転倒 右手,24,24,0.3124,473
2,外 体育館,24,24,0.3124,474
2,ひっかく れる,24,24,0.3124,475
2,遊戯 室,24,24,0.3124,476
2,引っかく れる,24,24,0.3124,477
2,直撃 眼,24,24,0.3124,478
2,顔面 眼,24,24,0.3124,479
2,向かう 途中,23,23,0.2994,480
2,練習 投げる,23,22,0.2864,481
2,乗る 遊ぶ,23,23,0.2994,482
2,体育館 バレーボール,23,23,0.2994,483
2,階 階段,23,21,0.2734,484
2,支える きれる,23,23,0.2994,485
2,床 ぶつける,23,23,0.2994,486
2,体育 マット,23,23,0.2994,487
2,バッター ボール,23,23,0.2994,488
2,フリー バッティング,23,22,0.2864,489
2,口 直撃,23,23,0.2994,490
2,部 強い,23,23,0.2994,491
2,ふざける あう,23,23,0.2994,492
2,自転車 乗る,23,22,0.2864,493
2,トイレ 行く,23,23,0.2994,494
2,打つ 球,23,23,0.2994,495
2,治療 前歯,23,23,0.2994,496
2,家庭 科,23,22,0.2864,497
2,眼 周辺,23,21,0.2734,498
2,制限 残存,23,23,0.2994,499
2,当たる 視力,23,23,0.2994,500
2,瞳 残存,23,23,0.2994,501
2,蘇生 AED,23,23,0.2994,502
2,圧迫 骨折,23,23,0.2994,503
2,顔面 ぶつかる,22,22,0.2864,504
2,練習 運動,22,22,0.2864,505
2,体 バランス,22,22,0.2864,506
2,床 強い,22,22,0.2864,507
2,合同 練習,22,22,0.2864,508
2,階段 下りる,22,21,0.2734,509
2,落ちる くる,22,22,0.2864,510
2,しまう 顔面,22,21,0.2734,511
2,部 直撃,22,22,0.2864,512
2,跳ね返る ボール,22,22,0.2864,513
2,乗る しまう,22,22,0.2864,514
2,ぶつかる しまう,22,21,0.2734,515
2,付近 当たる,22,22,0.2864,516
2,バッティング マシン,22,20,0.2603,517
2,打球 顔面,22,22,0.2864,518
2,顔 強打,22,22,0.2864,519
2,当たる 受診,22,22,0.2864,520
2,断 裂,22,22,0.2864,521
2,右足 関節,22,19,0.2473,522
2,脱臼 骨折,22,22,0.2864,523
2,右手 薬指,22,21,0.2734,524
2,左手 中指,22,19,0.2473,525
2,圧迫 AED,22,22,0.2864,526
2,練習 ピッチャー,21,21,0.2734,527
2,つま づく,21,21,0.2734,528
2,向かう 走る,21,21,0.2734,529
2,衝突 相手,21,21,0.2734,530
2,口 負傷,21,21,0.2734,531
2,転倒 手,21,21,0.2734,532
2,振る ラケット,21,21,0.2734,533
2,シュート 打つ,21,20,0.2603,534
2,顔 ぶつける,21,21,0.2734,535
2,ｍ 離れる,21,20,0.2603,536
2,自転車 前輪,21,21,0.2734,537
2,生活 科,21,21,0.2734,538
2,顔 打つ,21,21,0.2734,539
2,ボール 取り合い,21,21,0.2734,540
2,投げ出す れる,21,21,0.2734,541
2,鬼ごっこ 鬼,21,21,0.2734,542
2,額 当たる,21,21,0.2734,543
2,体育 校庭,21,21,0.2734,544
2,友人 一緒,21,21,0.2734,545
2,左上 腕,21,20,0.2603,546
2,距離 眼,21,21,0.2734,547
2,れる 眼,21,20,0.2603,548
2,黄 斑,21,19,0.2473,549
2,意識 ない,21,20,0.2603,550
2,調節 機能,21,21,0.2734,551
2,鼻 部,20,19,0.2473,552
2,シート ノック,20,20,0.2603,553
2,遊ぶ 手,20,20,0.2603,554
2,校舎 内,20,19,0.2473,555
2,フライ 捕る,20,20,0.2603,556
2,床 打ちつける,20,20,0.2603,557
2,友人 追う,20,20,0.2603,558
2,下校 道路,20,20,0.2603,559
2,顔面 打つ,20,20,0.2603,560
2,練習 守備,20,20,0.2603,561
2,遊ぶ 足,20,20,0.2603,562
2,水泳 部,20,20,0.2603,563
2,追いかける くる,20,20,0.2603,564
2,出る くる,20,19,0.2473,565
2,つまずく 転ぶ,20,20,0.2603,566
2,前腕 部,20,19,0.2473,567
2,徒歩 下校,20,20,0.2603,568
2,場 バッティング,20,20,0.2603,569
2,頬 切る,20,20,0.2603,570
2,入る くる,20,19,0.2473,571
2,友人 蹴る,20,20,0.2603,572
2,卓球 台,20,13,0.1692,573
2,短縮 障害,20,20,0.2603,574
2,倒れる 救急,20,20,0.2603,575
2,眼 ぶつかる,20,20,0.2603,576
2,身体 性,20,20,0.2603,577
2,性 機能,20,20,0.2603,578
2,耳 当たる,19,19,0.2473,579
2,頭 ぶつける,19,19,0.2473,580
2,自由 遊び,19,19,0.2473,581
2,上がる ボール,19,19,0.2473,582
2,練習 部員,19,19,0.2473,583
2,部 他校,19,19,0.2473,584
2,大会 参加,19,19,0.2473,585
2,冷却 受診,19,19,0.2473,586
2,滑る 転ぶ,19,19,0.2473,587
2,相手 手,19,19,0.2473,588
2,ぶつける 歯,19,19,0.2473,589
2,転倒 歯,19,19,0.2473,590
2,教室 窓,19,18,0.2343,591
2,バウンド ボール,19,19,0.2473,592
2,直撃 前歯,19,18,0.2343,593
2,頭 顔面,19,19,0.2473,594
2,相手 ボール,19,19,0.2473,595
2,倒れる 顔面,19,19,0.2473,596
2,口 強打,19,19,0.2473,597
2,友人 手,19,18,0.2343,598
2,ろ 向き,19,19,0.2473,599
2,転倒 左手,19,19,0.2473,600
2,当たる ボール,19,19,0.2473,601
2,体育館 床,19,19,0.2473,602
2,打つ バット,19,19,0.2473,603
2,取る 損ねる,19,19,0.2473,604
2,蹴る 上げる,19,19,0.2473,605
2,頭頂 部,19,19,0.2473,606
2,体育館 バドミントン,19,19,0.2473,607
2,地面 打ち付ける,19,19,0.2473,608
2,昼休み 教室,19,19,0.2473,609
2,ボール 強い,19,19,0.2473,610
2,声 掛ける,19,18,0.2343,611
2,柱 角,19,19,0.2473,612
2,児 頬,19,19,0.2473,613
2,かかる 負傷,19,19,0.2473,614
2,強い 痛み,19,19,0.2473,615
2,肘 強打,19,18,0.2343,616
2,力 入る,19,19,0.2473,617
2,骨折 複,19,19,0.2473,618
2,左手 薬指,19,18,0.2343,619
2,膝 股間,19,19,0.2473,620
2,睾丸 欠損,19,19,0.2473,621
2,階段 降りる,18,18,0.2343,622
2,場 友人,18,18,0.2343,623
2,離す しまう,18,18,0.2343,624
2,足 ひっかかる,18,18,0.2343,625
2,球 拾う,18,18,0.2343,626
2,タイヤ 滑る,18,18,0.2343,627
2,外 出る,18,18,0.2343,628
2,校舎 階,18,18,0.2343,629
2,守備 つく,18,18,0.2343,630
2,顔面 転倒,18,18,0.2343,631
2,れる 顔面,18,18,0.2343,632
2,手 かける,18,18,0.2343,633
2,ぶつかる くる,18,18,0.2343,634
2,強い 当たり,18,18,0.2343,635
2,ボール 顔,18,18,0.2343,636
2,打ちつける 負傷,18,18,0.2343,637
2,切れる しまう,18,18,0.2343,638
2,ボール 奪う,18,18,0.2343,639
2,帰宅 途中,18,18,0.2343,640
2,転倒 しまう,18,18,0.2343,641
2,図書 室,18,15,0.1953,642
2,くる ぶつかる,18,18,0.2343,643
2,つかむ れる,18,18,0.2343,644
2,捕る ボール,18,18,0.2343,645
2,廊下 友人,18,18,0.2343,646
2,階段 角,18,18,0.2343,647
2,バット 振る,18,17,0.2213,648
2,部 ぶつける,18,18,0.2343,649
2,音楽 室,18,17,0.2213,650
2,教室 出る,18,18,0.2343,651
2,体育館 跳箱,18,18,0.2343,652
2,熱傷 負う,18,18,0.2343,653
2,頬 ひっかく,18,18,0.2343,654
2,硬い 膜,18,18,0.2343,655
2,サッカー 練習,18,18,0.2343,656
2,狭窄 残る,18,18,0.2343,657
2,網膜 剥離,18,17,0.2213,658
2,ラケット 眼,18,18,0.2343,659
2,視野 障害,18,18,0.2343,660
2,飛び込む プール,18,18,0.2343,661
2,眼 失明,18,18,0.2343,662
2,骨折 指,18,18,0.2343,663
2,足 蹴る,17,17,0.2213,664
2,後頭部 強打,17,17,0.2213,665
2,崩す 顔面,17,17,0.2213,666
2,鬼ごっこ 走る,17,17,0.2213,667
2,地面 ぶつける,17,17,0.2213,668
2,部 ボール,17,17,0.2213,669
2,終了 教室,17,17,0.2213,670
2,紅白 戦,17,17,0.2213,671
2,バランス 失う,17,17,0.2213,672
2,開放 骨折,17,17,0.2213,673
2,転倒 転倒,17,17,0.2213,674
2,ハンドル 操作,17,17,0.2213,675
2,ぶつかる 相手,17,17,0.2213,676
2,前歯 床,17,17,0.2213,677
2,バット 口,17,17,0.2213,678
2,地面 打ちつける,17,17,0.2213,679
2,選手 肘,17,16,0.2083,680
2,口 強い,17,17,0.2213,681
2,部 ノック,17,17,0.2213,682
2,教室 移動,17,17,0.2213,683
2,顔面 歯,17,17,0.2213,684
2,スピード 出す,17,16,0.2083,685
2,本 破る,17,17,0.2213,686
2,練習 バランス,17,17,0.2213,687
2,背中 押す,17,17,0.2213,688
2,着地 バランス,17,17,0.2213,689
2,くる 衝突,17,17,0.2213,690
2,対 練習,17,17,0.2213,691
2,顔 床,17,17,0.2213,692
2,坂道 下る,17,17,0.2213,693
2,チーム ボール,17,17,0.2213,694
2,倒れる 床,17,17,0.2213,695
2,膝 蹴る,17,17,0.2213,696
2,意識 なくなる,17,17,0.2213,697
2,技 かける,17,17,0.2213,698
2,競技 場,17,17,0.2213,699
2,ボール 右手,17,17,0.2213,700
2,練習 参加,17,17,0.2213,701
2,ワン バウンド,17,17,0.2213,702
2,大会 試合,17,17,0.2213,703
2,下校 途中,17,17,0.2213,704
2,ボール 直撃,17,17,0.2213,705
2,崩す 倒れる,17,17,0.2213,706
2,日 目,17,16,0.2083,707
2,試合 出場,17,17,0.2213,708
2,柔道 場,17,17,0.2213,709
2,養護 教諭,17,17,0.2213,710
2,体育館 体育,17,17,0.2213,711
2,体育館 マット,17,17,0.2213,712
2,創 負う,17,17,0.2213,713
2,投げる 合う,17,17,0.2213,714
2,深い 切る,17,17,0.2213,715
2,額 打つ,17,16,0.2083,716
2,割れる 破片,17,17,0.2213,717
2,頭部 打つ,17,17,0.2213,718
2,後方 転倒,17,17,0.2213,719
2,地面 つく,17,17,0.2213,720
2,引っ掻く れる,17,17,0.2213,721
2,左手 人差し指,17,16,0.2083,722
2,チーム 蹴る,17,17,0.2213,723
2,部 疼痛,17,17,0.2213,724
2,負傷 眼,17,17,0.2213,725
2,挫創 瘢痕,17,17,0.2213,726
2,応急 処置,17,17,0.2213,727
2,ぶつかる 眼,17,16,0.2083,728
2,肘 眼,17,17,0.2213,729
2,治療 眼,17,17,0.2213,730
2,意識 不明,17,17,0.2213,731
2,搬送 入院,17,17,0.2213,732
2,右手 人差し指,17,17,0.2213,733
2,骨折 可動,17,17,0.2213,734
2,コンクリート 製,16,16,0.2083,735
2,投手 投げる,16,16,0.2083,736
2,さ ｍ,16,16,0.2083,737
2,ホーム ベース,16,15,0.1953,738
2,打ち返す れる,16,16,0.2083,739
2,落ちる しまう,16,16,0.2083,740
2,気 失う,16,16,0.2083,741
2,避ける きれる,16,16,0.2083,742
2,周 目,16,14,0.1822,743
2,ネット 支柱,16,16,0.2083,744
2,落とす しまう,16,16,0.2083,745
2,順番 待つ,16,16,0.2083,746
2,れる 形,16,16,0.2083,747
2,部 大会,16,16,0.2083,748
2,ネット 隙間,16,16,0.2083,749
2,相手 肩,16,16,0.2083,750
2,試合 ゴールキーパー,16,16,0.2083,751
2,顎 当たる,16,16,0.2083,752
2,本 歯,16,16,0.2083,753
2,治療 外傷,16,16,0.2083,754
2,歯 強い,16,16,0.2083,755
2,接触 バランス,16,16,0.2083,756
2,本 負傷,16,15,0.1953,757
2,野球 体育,16,16,0.2083,758
2,顔面 ボール,16,16,0.2083,759
2,ホッケー 部,16,16,0.2083,760
2,くる 友人,16,15,0.1953,761
2,下校 下り坂,16,16,0.2083,762
2,体育 バドミントン,16,16,0.2083,763
2,追いかける られる,16,16,0.2083,764
2,ジャンプ 着地,16,16,0.2083,765
2,ドア 開ける,16,16,0.2083,766
2,バット 当たる,16,16,0.2083,767
2,強打 しまう,16,16,0.2083,768
2,選手 膝,16,16,0.2083,769
2,後ろ 走る,16,16,0.2083,770
2,引っ掛かる 転倒,16,16,0.2083,771
2,ボール 至近,16,16,0.2083,772
2,頬 当たる,16,16,0.2083,773
2,さ cm,16,15,0.1953,774
2,昼休み 友人,16,16,0.2083,775
2,体育館 練習,16,16,0.2083,776
2,地面 打つ,16,16,0.2083,777
2,体操 部,16,16,0.2083,778
2,戻る くる,16,15,0.1953,779
2,反応 ない,16,16,0.2083,780
2,友人 ぶつかる,16,16,0.2083,781
2,試合 打球,16,16,0.2083,782
2,友人 追いかける,16,16,0.2083,783
2,担当 教諭,16,15,0.1953,784
2,ぶつかる ガラス,16,16,0.2083,785
2,当たる 切れる,16,16,0.2083,786
2,左下 肢,16,15,0.1953,787
2,肘 地面,16,16,0.2083,788
2,間 挟む,16,16,0.2083,789
2,肘 部,16,14,0.1822,790
2,左目 当たる,16,16,0.2083,791
2,脳 挫傷,16,16,0.2083,792
2,眼球 破裂,16,16,0.2083,793
2,減退 外傷,16,16,0.2083,794
2,障害 身体,16,16,0.2083,795
2,病院 ICD,16,16,0.2083,796
2,AED 使用,16,16,0.2083,797
2,教員 心肺,16,16,0.2083,798
2,動 回,16,16,0.2083,799
2,切断 れる,16,16,0.2083,800
2,救命 処置,16,16,0.2083,801
2,激しい ぶつかる,15,15,0.1953,802
2,られる ボール,15,15,0.1953,803
2,リレー 練習,15,15,0.1953,804
2,時限 体育,15,15,0.1953,805
2,倒れる しまう,15,15,0.1953,806
2,設置 れる,15,15,0.1953,807
2,練習 シュート,15,15,0.1953,808
2,ボール 追う,15,15,0.1953,809
2,衝突 負傷,15,15,0.1953,810
2,体 支える,15,15,0.1953,811
2,転倒 口,15,15,0.1953,812
2,引っ張る れる,15,15,0.1953,813
2,口元 直撃,15,15,0.1953,814
2,くる 相手,15,15,0.1953,815
2,理科 室,15,15,0.1953,816
2,手 抜ける,15,15,0.1953,817
2,崩す 前方,15,15,0.1953,818
2,床 面,15,14,0.1822,819
2,行く 相手,15,15,0.1953,820
2,前歯 折る,15,15,0.1953,821
2,折れる しまう,15,15,0.1953,822
2,実習 室,15,15,0.1953,823
2,練習 場,15,15,0.1953,824
2,窓 枠,15,15,0.1953,825
2,階段 手すり,15,15,0.1953,826
2,吹奏楽 部,15,15,0.1953,827
2,学習 時間,15,15,0.1953,828
2,机 角,15,15,0.1953,829
2,練習 着地,15,15,0.1953,830
2,れる しまう,15,13,0.1692,831
2,駐車 場,15,15,0.1953,832
2,手 出す,15,15,0.1953,833
2,卓球 部,15,15,0.1953,834
2,部 準備,15,15,0.1953,835
2,部 グラウンド,15,15,0.1953,836
2,バット 飛ぶ,15,15,0.1953,837
2,もつれる 転倒,15,15,0.1953,838
2,場 倒れる,15,15,0.1953,839
2,脱臼 破る,15,15,0.1953,840
2,バランス 崩れる,15,14,0.1822,841
2,友人 投げる,15,15,0.1953,842
2,日常 清掃,15,15,0.1953,843
2,当たる 救急,15,15,0.1953,844
2,場 試合,15,15,0.1953,845
2,挫創 負う,15,15,0.1953,846
2,地面 倒れる,15,15,0.1953,847
2,転倒 額,15,15,0.1953,848
2,左手 つく,15,15,0.1953,849
2,急性 硬い,15,15,0.1953,850
2,顔面 挫創,15,15,0.1953,851
2,試合 蹴る,15,15,0.1953,852
2,サッカー 遊ぶ,15,15,0.1953,853
2,膜 血腫,15,15,0.1953,854
2,器質 性,15,15,0.1953,855
2,性 精神,15,15,0.1953,856
2,精神 障害,15,15,0.1953,857
2,治療 顔面,15,15,0.1953,858
2,ドクター ヘリ,15,15,0.1953,859
2,運動 倒立,15,15,0.1953,860
2,眼 入る,15,15,0.1953,861
2,打撲 眼,15,15,0.1953,862
2,障害 外傷,15,15,0.1953,863
2,治療 眼球,15,15,0.1953,864
2,頚 髄,15,15,0.1953,865
2,処置 病院,15,15,0.1953,866
2,片 麻痺,15,15,0.1953,867
2,精巣 破裂,15,15,0.1953,868
2,側 頭部,14,14,0.1822,869
2,技 練習,14,14,0.1822,870
2,直接 当たる,14,14,0.1822,871
2,額 強打,14,14,0.1822,872
2,剣道 部,14,14,0.1822,873
2,～ ｍ,14,14,0.1822,874
2,バランス くずす,14,14,0.1822,875
2,打つ しまう,14,14,0.1822,876
2,走る 教室,14,14,0.1822,877
2,体育館 ドッジボール,14,14,0.1822,878
2,ネット 張る,14,14,0.1822,879
2,強打 救急,14,14,0.1822,880
2,カーブ 曲がる,14,14,0.1822,881
2,階 廊下,14,14,0.1822,882
2,バスケットボール 練習,14,14,0.1822,883
2,夏季 休業,14,14,0.1822,884
2,部 感覚,14,14,0.1822,885
2,道路 脇,14,14,0.1822,886
2,移動 せる,14,13,0.1692,887
2,歯 折る,14,14,0.1822,888
2,バッティング ボール,14,14,0.1822,889
2,サッカー ゲーム,14,14,0.1822,890
2,イレギュラー ボール,14,14,0.1822,891
2,打球 捕る,14,14,0.1822,892
2,イレギュラーバウンド ボール,14,14,0.1822,893
2,くる 口,14,14,0.1822,894
2,ボール 前歯,14,14,0.1822,895
2,自転車 走行,14,14,0.1822,896
2,衝突 前歯,14,14,0.1822,897
2,ぶつかる 歯,14,14,0.1822,898
2,走る 足,14,14,0.1822,899
2,床 顔,14,14,0.1822,900
2,打ちつける 前歯,14,14,0.1822,901
2,しまう 前歯,14,14,0.1822,902
2,試合 バッターボックス,14,14,0.1822,903
2,バッター 打球,14,14,0.1822,904
2,飛び出す くる,14,14,0.1822,905
2,壁 顔面,14,14,0.1822,906
2,顔面 口,14,14,0.1822,907
2,友人 けんか,14,14,0.1822,908
2,眼 刺さる,14,14,0.1822,909
2,ディフェンス 相手,14,14,0.1822,910
2,打つ 歯,14,14,0.1822,911
2,膝 強い,14,14,0.1822,912
2,ボール 直接,14,14,0.1822,913
2,打球 直接,14,14,0.1822,914
2,グラウンド 練習,14,14,0.1822,915
2,鬼 逃げる,14,14,0.1822,916
2,竹 棒,14,9,0.1172,917
2,球 出し,14,14,0.1822,918
2,膝 強打,14,14,0.1822,919
2,帰り 会,14,14,0.1822,920
2,クラス 男子,14,14,0.1822,921
2,スキー 板,14,13,0.1692,922
2,パス 練習,14,14,0.1822,923
2,負傷 前歯,14,14,0.1822,924
2,練習 トス,14,14,0.1822,925
2,投げる 遊ぶ,14,14,0.1822,926
2,打席 立つ,14,14,0.1822,927
2,野球 練習,14,14,0.1822,928
2,切れる 出血,14,14,0.1822,929
2,足 引っ掛かる,14,14,0.1822,930
2,友人 鬼ごっこ,14,14,0.1822,931
2,金属 製,14,14,0.1822,932
2,転倒 コンクリート,14,14,0.1822,933
2,他校 運動,14,14,0.1822,934
2,折 欠損,14,14,0.1822,935
2,足 かける,14,14,0.1822,936
2,ぶつかる 頬,14,14,0.1822,937
2,ぶつける 切る,14,14,0.1822,938
2,相手 歯,14,14,0.1822,939
2,額 切る,14,14,0.1822,940
2,調理 実習,14,14,0.1822,941
2,左上 腕骨,14,12,0.1562,942
2,乗る バランス,14,14,0.1822,943
2,位 端,14,12,0.1562,944
2,手術 肘,14,14,0.1822,945
2,試合 外,14,14,0.1822,946
2,眼 鼻,14,14,0.1822,947
2,選手 蹴る,14,14,0.1822,948
2,右目 当たる,14,14,0.1822,949
2,下肢 麻痺,14,14,0.1822,950
2,AED 救命,14,14,0.1822,951
2,後日 ICD,14,14,0.1822,952
2,ＡＥＤ 除,14,14,0.1822,953
2,降りる 足,13,13,0.1692,954
2,尻もち つく,13,13,0.1692,955
2,教師 指導,13,13,0.1692,956
2,頭 ぶつかる,13,13,0.1692,957
2,選手 頭,13,13,0.1692,958
2,昼休み 運動,13,13,0.1692,959
2,塁 ベース,13,12,0.1562,960
2,レシーブ 練習,13,13,0.1692,961
2,絡まる 転倒,13,13,0.1692,962
2,友人 ボール,13,13,0.1692,963
2,自主 練習,13,13,0.1692,964
2,転倒 右足,13,13,0.1692,965
2,マット 落ちる,13,11,0.1432,966
2,左足 関節,13,13,0.1692,967
2,ボール 相手,13,13,0.1692,968
2,ボール ネット,13,13,0.1692,969
2,時間 鬼ごっこ,13,13,0.1692,970
2,前歯 強い,13,13,0.1692,971
2,鬼ごっこ 逃げる,13,13,0.1692,972
2,教室 入る,13,12,0.1562,973
2,うつ 伏せ,13,13,0.1692,974
2,折 脱臼,13,13,0.1692,975
2,打球 飛ぶ,13,13,0.1692,976
2,雨 降る,13,13,0.1692,977
2,相手 接触,13,13,0.1692,978
2,外野 守備,13,13,0.1692,979
2,顔 ぶつかる,13,13,0.1692,980
2,選手 タックル,13,12,0.1562,981
2,顔 直撃,13,13,0.1692,982
2,自転車 競技,13,13,0.1692,983
2,足 引っかかる,13,13,0.1692,984
2,引っかかる 転倒,13,13,0.1692,985
2,打ち付ける 前歯,13,13,0.1692,986
2,道路 段差,13,13,0.1692,987
2,部 打つ,13,13,0.1692,988
2,前歯 ぶつける,13,13,0.1692,989
2,ボール とる,13,13,0.1692,990
2,強い ぶつかる,13,13,0.1692,991
2,ピッチャー 投球,13,13,0.1692,992
2,歯 破る,13,13,0.1692,993
2,跳ね返る くる,13,13,0.1692,994
2,体育 水泳,13,13,0.1692,995
2,持つ 傘,13,13,0.1692,996
2,待つ 間,13,12,0.1562,997
2,バック ネット,13,11,0.1432,998
2,顔面 殴る,13,13,0.1692,999
2,試合 キャッチャー,13,13,0.1692,1000
2,唇 切る,13,13,0.1692,1001
2,ふざける 友人,13,13,0.1692,1002
2,転倒 道路,13,13,0.1692,1003
2,落下 顔面,13,13,0.1692,1004
2,しまう 転倒,13,13,0.1692,1005
2,床 打つ,13,13,0.1692,1006
2,頭 顔,13,13,0.1692,1007
2,くる 避ける,13,13,0.1692,1008
2,コンクリート 部分,13,12,0.1562,1009
2,後ろ 押す,13,13,0.1692,1010
2,止まる きれる,13,13,0.1692,1011
2,クラス 友人,13,13,0.1692,1012
2,足 つまずく,13,13,0.1692,1013
2,教室 後方,13,13,0.1692,1014
2,打つ れる,13,13,0.1692,1015
2,ボール 股間,13,13,0.1692,1016
2,取る 相手,13,13,0.1692,1017
2,試合 打席,13,13,0.1692,1018
2,守備 打球,13,13,0.1692,1019
2,足 すべる,13,13,0.1692,1020
2,野球 場,13,13,0.1692,1021
2,朝礼 台,13,9,0.1172,1022
2,放課後 部,13,13,0.1692,1023
2,顔 上げる,13,13,0.1692,1024
2,付近 直撃,13,13,0.1692,1025
2,他校 体育館,13,13,0.1692,1026
2,野球 試合,13,13,0.1692,1027
2,試合 ピッチャー,13,13,0.1692,1028
2,投げる 石,13,13,0.1692,1029
2,ガラス 手,13,13,0.1692,1030
2,滑る 落下,13,13,0.1692,1031
2,試合 味方,13,13,0.1692,1032
2,開 脚,13,12,0.1562,1033
2,床 落下,13,13,0.1692,1034
2,転倒 右腕,13,13,0.1692,1035
2,校庭 サッカー,13,13,0.1692,1036
2,負う 醜状,13,13,0.1692,1037
2,きれる 眼,13,13,0.1692,1038
2,バウンド 眼,13,13,0.1692,1039
2,房 出血,13,13,0.1692,1040
2,障害 視野,13,13,0.1692,1041
2,視力 調節,13,13,0.1692,1042
2,力 減退,13,13,0.1692,1043
2,斑 円,13,13,0.1692,1044
2,円 孔,13,13,0.1692,1045
2,心室 細,13,13,0.1692,1046
2,m 走る,13,12,0.1562,1047
2,髄 損傷,13,13,0.1692,1048
2,丸 鋸,13,7,0.0911,1049
2,指 切断,13,13,0.1692,1050
2,下腹 部,13,13,0.1692,1051
2,器 植込み,13,13,0.1692,1052
2,キャッチボール 相手,12,12,0.1562,1053
2,ごと 転倒,12,12,0.1562,1054
2,練習 段,12,12,0.1562,1055
2,頭部 直撃,12,12,0.1562,1056
2,登校 道路,12,12,0.1562,1057
2,登校 自転車,12,12,0.1562,1058
2,時間 目,12,11,0.1432,1059
2,ボール きれる,12,12,0.1562,1060
2,友人 名,12,12,0.1562,1061
2,重い さ,12,12,0.1562,1062
2,失う 救急,12,12,0.1562,1063
2,周 走る,12,11,0.1432,1064
2,廊下 窓,12,12,0.1562,1065
2,排水 溝,12,10,0.1302,1066
2,ガラス 扉,12,12,0.1562,1067
2,椅子 座る,12,12,0.1562,1068
2,顔面 前歯,12,12,0.1562,1069
2,操作 誤る,12,12,0.1562,1070
2,頭 口,12,12,0.1562,1071
2,床 前歯,12,12,0.1562,1072
2,倒れる 前歯,12,12,0.1562,1073
2,自転車 ハンドル,12,12,0.1562,1074
2,上顎 前歯,12,12,0.1562,1075
2,医療 機関,12,12,0.1562,1076
2,発見 れる,12,12,0.1562,1077
2,滑る 顔面,12,12,0.1562,1078
2,バット 顔面,12,12,0.1562,1079
2,肘 前歯,12,12,0.1562,1080
2,ゲーム 相手,12,12,0.1562,1081
2,唇 切れる,12,12,0.1562,1082
2,直撃 しまう,12,12,0.1562,1083
2,打球 イレギュラーバウンド,12,12,0.1562,1084
2,ノック 打球,12,12,0.1562,1085
2,選手 ボール,12,11,0.1432,1086
2,踏み外す 転倒,12,12,0.1562,1087
2,スピード 出る,12,12,0.1562,1088
2,抜ける しまう,12,12,0.1562,1089
2,歯 強打,12,12,0.1562,1090
2,金属 バット,12,12,0.1562,1091
2,床 歯,12,12,0.1562,1092
2,バッターボックス 入る,12,12,0.1562,1093
2,上下 前歯,12,12,0.1562,1094
2,課題 研究,12,12,0.1562,1095
2,崩す 落下,12,12,0.1562,1096
2,友人 押す,12,12,0.1562,1097
2,園 外,12,12,0.1562,1098
2,振る 下ろす,12,12,0.1562,1099
2,顎 負傷,12,12,0.1562,1100
2,前歯 抜ける,12,12,0.1562,1101
2,廊下 ふざける,12,12,0.1562,1102
2,頬 負傷,12,12,0.1562,1103
2,他校 グラウンド,12,12,0.1562,1104
2,衝突 顔面,12,12,0.1562,1105
2,転ぶ しまう,12,12,0.1562,1106
2,擦り傷 負う,12,12,0.1562,1107
2,下校 友人,12,12,0.1562,1108
2,くる 足,12,12,0.1562,1109
2,自転車 帰宅,12,12,0.1562,1110
2,みる られる,12,12,0.1562,1111
2,着地 膝,12,12,0.1562,1112
2,部 マネージャー,12,12,0.1562,1113
2,祭 練習,12,12,0.1562,1114
2,走る 終える,12,12,0.1562,1115
2,歩く 出す,12,12,0.1562,1116
2,ボール 見失う,12,12,0.1562,1117
2,頭部 強い,12,12,0.1562,1118
2,チアリーディング 部,12,12,0.1562,1119
2,ひっかかる 転倒,12,12,0.1562,1120
2,軟式 野球,12,12,0.1562,1121
2,練習 投手,12,12,0.1562,1122
2,階段 つまずく,12,12,0.1562,1123
2,段差 つまずく,12,12,0.1562,1124
2,床 打ち付ける,12,12,0.1562,1125
2,昼休み 校庭,12,12,0.1562,1126
2,試合 終了,12,12,0.1562,1127
2,練習 友人,12,12,0.1562,1128
2,練習 グラウンド,12,12,0.1562,1129
2,教室 走る,12,12,0.1562,1130
2,顔 打ち付ける,12,12,0.1562,1131
2,ダブルス 試合,12,12,0.1562,1132
2,打ち付ける 救急,12,12,0.1562,1133
2,当たる 頬,12,12,0.1562,1134
2,かかる 熱傷,12,12,0.1562,1135
2,骨 幹部,12,12,0.1562,1136
2,遊ぶ 本,12,12,0.1562,1137
2,チャイム 鳴る,12,12,0.1562,1138
2,室 行く,12,12,0.1562,1139
2,手 指,12,12,0.1562,1140
2,頬 引っ掻く,12,12,0.1562,1141
2,掛ける られる,12,12,0.1562,1142
2,膝 関節,12,11,0.1432,1143
2,保育 者,12,10,0.1302,1144
2,場 柔道,12,12,0.1562,1145
2,体育 柔道,12,12,0.1562,1146
2,打つ 練習,12,12,0.1562,1147
2,手術 醜状,12,12,0.1562,1148
2,分 程度,12,12,0.1562,1149
2,頭 眼,12,12,0.1562,1150
2,視 眼,12,12,0.1562,1151
2,マシン ボール,12,12,0.1562,1152
2,挫創 線,12,12,0.1562,1153
2,治療 大腿,12,12,0.1562,1154
2,誤る 眼,12,12,0.1562,1155
2,球 眼,12,12,0.1562,1156
2,出血 眼,12,12,0.1562,1157
2,当たる 痛める,12,12,0.1562,1158
2,崩れる 倒れる,12,12,0.1562,1159
2,手術 眼,12,12,0.1562,1160
2,性 白内障,12,12,0.1562,1161
2,性 網膜,12,11,0.1432,1162
2,走る 終わる,12,12,0.1562,1163
2,れる 指,12,12,0.1562,1164
2,背中 強打,12,12,0.1562,1165
2,心臓 マッサージ,12,11,0.1432,1166
2,麻痺 残存,12,12,0.1562,1167
2,障害 四肢,12,12,0.1562,1168
2,蘇生 ＡＥＤ,12,12,0.1562,1169
2,AED 装着,12,12,0.1562,1170
2,骨折 肘,12,12,0.1562,1171
2,挟む 負傷,12,12,0.1562,1172
2,小指 ボール,12,12,0.1562,1173
2,指 負傷,12,12,0.1562,1174
2,頭 痛い,11,11,0.1432,1175
2,部 野球,11,11,0.1432,1176
2,頭部 負傷,11,11,0.1432,1177
2,パス れる,11,11,0.1432,1178
2,頭部 ぶつける,11,11,0.1432,1179
2,練習 隣,11,11,0.1432,1180
2,バスケット ゴール,11,9,0.1172,1181
2,シュート 相手,11,11,0.1432,1182
2,頭 落下,11,11,0.1432,1183
2,コート 外,11,10,0.1302,1184
2,ドッジボール ボール,11,11,0.1432,1185
2,上腕 部,11,11,0.1432,1186
2,額 ぶつかる,11,11,0.1432,1187
2,ボール ヘディング,11,11,0.1432,1188
2,ボール 当たり,11,11,0.1432,1189
2,取る ボール,11,11,0.1432,1190
2,耳 聴力,11,11,0.1432,1191
2,性 てんかん,11,11,0.1432,1192
2,コンクリート 地面,11,11,0.1432,1193
2,首 捻る,11,11,0.1432,1194
2,練習 終わる,11,11,0.1432,1195
2,部 合宿,11,11,0.1432,1196
2,更衣 室,11,11,0.1432,1197
2,下駄 箱,11,7,0.0911,1198
2,形 転倒,11,11,0.1432,1199
2,原動機 付,11,11,0.1432,1200
2,付 自転車,11,11,0.1432,1201
2,雑巾 がけ,11,9,0.1172,1202
2,下校 通学,11,11,0.1432,1203
2,肘 口,11,11,0.1432,1204
2,歯 ぶつける,11,11,0.1432,1205
2,前歯 破損,11,11,0.1432,1206
2,膝 顔面,11,11,0.1432,1207
2,本 抜け落ちる,11,11,0.1432,1208
2,しまう 歯,11,11,0.1432,1209
2,部 フリー,11,11,0.1432,1210
2,移動 階段,11,11,0.1432,1211
2,階段 踏み外す,11,11,0.1432,1212
2,ブレーキ かかる,11,11,0.1432,1213
2,顎 打つ,11,11,0.1432,1214
2,崩す 転落,11,11,0.1432,1215
2,出る 走る,11,11,0.1432,1216
2,戻る 途中,11,11,0.1432,1217
2,口 歯,11,11,0.1432,1218
2,顎 歯,11,10,0.1302,1219
2,キャッチボール ボール,11,11,0.1432,1220
2,捕る 損ねる,11,11,0.1432,1221
2,ノック れる,11,11,0.1432,1222
2,口腔 内,11,11,0.1432,1223
2,離れる しまう,11,11,0.1432,1224
2,座る 友人,11,11,0.1432,1225
2,手 出る,11,11,0.1432,1226
2,通る かかる,11,11,0.1432,1227
2,転倒 相手,11,11,0.1432,1228
2,ボール レシーブ,11,11,0.1432,1229
2,口 前歯,11,11,0.1432,1230
2,水泳 指導,11,11,0.1432,1231
2,顔面 打ちつける,11,11,0.1432,1232
2,取る 走る,11,11,0.1432,1233
2,バッティング 打球,11,11,0.1432,1234
2,裂創 負う,11,11,0.1432,1235
2,順番 待ち,11,11,0.1432,1236
2,バッター 振る,11,11,0.1432,1237
2,顔面 膝,11,10,0.1302,1238
2,練習 球,11,11,0.1432,1239
2,マット 着地,11,11,0.1432,1240
2,練習 走る,11,11,0.1432,1241
2,顔 強い,11,11,0.1432,1242
2,長い さ,11,11,0.1432,1243
2,教室 友達,11,11,0.1432,1244
2,足 引っ掛ける,11,11,0.1432,1245
2,場 体育,11,11,0.1432,1246
2,試合 試合,11,11,0.1432,1247
2,ピッチャー バッター,11,11,0.1432,1248
2,部 参加,11,10,0.1302,1249
2,手 放す,11,11,0.1432,1250
2,部員 打つ,11,11,0.1432,1251
2,くる 頭部,11,11,0.1432,1252
2,経過 観察,11,11,0.1432,1253
2,体育 グラウンド,11,11,0.1432,1254
2,グラウンド サッカー,11,11,0.1432,1255
2,ソフトボール 練習,11,11,0.1432,1256
2,打球 ネット,11,11,0.1432,1257
2,選手 打つ,11,11,0.1432,1258
2,れる 相手,11,11,0.1432,1259
2,転倒 左腕,11,11,0.1432,1260
2,総合 的,11,11,0.1432,1261
2,的 学習,11,11,0.1432,1262
2,追いかける 走る,11,11,0.1432,1263
2,顎 床,11,11,0.1432,1264
2,場 ノック,11,11,0.1432,1265
2,強い 押す,11,11,0.1432,1266
2,敷地 内,11,11,0.1432,1267
2,遊具 遊ぶ,11,11,0.1432,1268
2,膝 負傷,11,11,0.1432,1269
2,武道 場,11,11,0.1432,1270
2,クラス マッチ,11,9,0.1172,1271
2,階段 上る,11,11,0.1432,1272
2,学級 ホームルーム,11,11,0.1432,1273
2,階段 踊り場,11,11,0.1432,1274
2,火傷 負う,11,11,0.1432,1275
2,蹴る 相手,11,11,0.1432,1276
2,角 ぶつける,11,11,0.1432,1277
2,膝 部,11,11,0.1432,1278
2,走る 逃げる,11,11,0.1432,1279
2,切り傷 負う,11,11,0.1432,1280
2,顔面 切る,11,11,0.1432,1281
2,ふく ら,11,11,0.1432,1282
2,職員 室,11,10,0.1302,1283
2,ひっかく 傷,11,11,0.1432,1284
2,目 当たる,11,11,0.1432,1285
2,れる 頬,11,11,0.1432,1286
2,防火 扉,11,8,0.1041,1287
2,部 切る,11,11,0.1432,1288
2,幹部 骨折,11,11,0.1432,1289
2,右手 つく,11,11,0.1432,1290
2,つく しまう,11,11,0.1432,1291
2,一緒 遊ぶ,11,11,0.1432,1292
2,走る ゴール,11,11,0.1432,1293
2,教室 ドア,11,11,0.1432,1294
2,眼 直接,11,11,0.1432,1295
2,靴 履く,11,11,0.1432,1296
2,関節 脱臼,11,11,0.1432,1297
2,跳ぶ 練習,11,11,0.1432,1298
2,体験 学習,11,11,0.1432,1299
2,左手 地面,11,11,0.1432,1300
2,破片 眼,11,11,0.1432,1301
2,挟む しまう,11,11,0.1432,1302
2,ほお 引っかく,11,11,0.1432,1303
2,遠い 位,11,11,0.1432,1304
2,疼痛 残存,11,11,0.1432,1305
2,当たる 複,11,11,0.1432,1306
2,負傷 手術,11,11,0.1432,1307
2,止血 救急,11,11,0.1432,1308
2,屋内 運動,11,11,0.1432,1309
2,負傷 冷却,11,11,0.1432,1310
2,当たる 眼球,11,11,0.1432,1311
2,眼 見える,11,11,0.1432,1312
2,練習 開始,11,9,0.1172,1313
2,頭痛 発現,11,11,0.1432,1314
2,性 黄,11,10,0.1302,1315
2,分間 走る,11,8,0.1041,1316
2,切断 しまう,11,11,0.1432,1317
2,一部 欠損,11,11,0.1432,1318
2,負傷 指,11,11,0.1432,1319
2,股間 強い,11,11,0.1432,1320
2,倒れる 心肺,11,11,0.1432,1321
2,駆け付ける 教員,11,11,0.1432,1322
2,予行 練習,10,10,0.1302,1323
2,骨折 しまう,10,10,0.1302,1324
2,ぶつかる そう,10,10,0.1302,1325
2,友人 サッカー,10,10,0.1302,1326
2,後頭部 当たる,10,10,0.1302,1327
2,ボール 遊び,10,10,0.1302,1328
2,教室 向かう,10,10,0.1302,1329
2,転倒 後頭部,10,10,0.1302,1330
2,理科 実験,10,10,0.1302,1331
2,地面 転落,10,10,0.1302,1332
2,手 着く,10,10,0.1302,1333
2,水分 補給,10,9,0.1172,1334
2,辺り 当たる,10,10,0.1302,1335
2,席 座る,10,10,0.1302,1336
2,部 人,10,9,0.1172,1337
2,体育 準備,10,10,0.1302,1338
2,準備 時間,10,10,0.1302,1339
2,高い 上がる,10,10,0.1302,1340
2,練習 ティー,10,10,0.1302,1341
2,ほお 当たる,10,10,0.1302,1342
2,当たる 外傷,10,10,0.1302,1343
2,階 階,10,10,0.1302,1344
2,てんかん 発作,10,10,0.1302,1345
2,窓 転落,10,10,0.1302,1346
2,負傷 しまう,10,10,0.1302,1347
2,遊ぶ 人,10,10,0.1302,1348
2,当たる 割れる,10,10,0.1302,1349
2,遊ぶ バランス,10,10,0.1302,1350
2,部分 強い,10,10,0.1302,1351
2,つく すぎる,10,10,0.1302,1352
2,前歯 部,10,10,0.1302,1353
2,試合 打者,10,10,0.1302,1354
2,場 守備,10,10,0.1302,1355
2,デッキ ブラシ,10,7,0.0911,1356
2,滑る しまう,10,10,0.1302,1357
2,登校 下り坂,10,10,0.1302,1358
2,歯 打つ,10,10,0.1302,1359
2,走る こむ,10,10,0.1302,1360
2,祭 準備,10,10,0.1302,1361
2,練習 飛ぶ,10,10,0.1302,1362
2,当たる 唇,10,10,0.1302,1363
2,部 ゲーム,10,10,0.1302,1364
2,部分 当たる,10,10,0.1302,1365
2,前歯 打つ,10,10,0.1302,1366
2,全身 強打,10,10,0.1302,1367
2,膝 つく,10,10,0.1302,1368
2,下り坂 走行,10,10,0.1302,1369
2,本 折る,10,10,0.1302,1370
2,ボール ボール,10,10,0.1302,1371
2,行く 途中,10,10,0.1302,1372
2,歩く 友人,10,10,0.1302,1373
2,行く 廊下,10,10,0.1302,1374
2,前歯 損傷,10,10,0.1302,1375
2,ゴール 付近,10,10,0.1302,1376
2,損ねる ボール,10,10,0.1302,1377
2,試合 打つ,10,10,0.1302,1378
2,練習 パス,10,10,0.1302,1379
2,部 対,10,10,0.1302,1380
2,相手 タックル,10,10,0.1302,1381
2,大会 出場,10,10,0.1302,1382
2,室 内,10,10,0.1302,1383
2,遊び 時間,10,10,0.1302,1384
2,鉄棒 手,10,10,0.1302,1385
2,取る いく,10,10,0.1302,1386
2,崩す 床,10,10,0.1302,1387
2,身 乗り出す,10,10,0.1302,1388
2,友人 話,10,10,0.1302,1389
2,バスケットボール ボール,10,10,0.1302,1390
2,られる 転倒,10,10,0.1302,1391
2,けんか 相手,10,10,0.1302,1392
2,接触 負傷,10,10,0.1302,1393
2,曲がる きれる,10,10,0.1302,1394
2,セカンド 守備,10,10,0.1302,1395
2,練習 打者,10,10,0.1302,1396
2,打球 口,10,10,0.1302,1397
2,口 周辺,10,10,0.1302,1398
2,投げる 球,10,10,0.1302,1399
2,試合 参加,10,10,0.1302,1400
2,倒す れる,10,10,0.1302,1401
2,地面 顔,10,10,0.1302,1402
2,歯 抜ける,10,10,0.1302,1403
2,マット つまずく,10,10,0.1302,1404
2,口 部分,10,10,0.1302,1405
2,拾う 行く,10,10,0.1302,1406
2,激突 前歯,10,10,0.1302,1407
2,素振り バット,10,10,0.1302,1408
2,窓 外,10,9,0.1172,1409
2,部 校庭,10,10,0.1302,1410
2,練習 バント,10,8,0.1041,1411
2,額 部,10,10,0.1302,1412
2,階段 段,10,9,0.1172,1413
2,友達 人,10,10,0.1302,1414
2,前方 宙返り,10,9,0.1172,1415
2,しゃがむ 込む,10,10,0.1302,1416
2,持つ 走る,10,10,0.1302,1417
2,試合 キーパー,10,10,0.1302,1418
2,相手 体,10,10,0.1302,1419
2,スリップ 転倒,10,10,0.1302,1420
2,後ろ 来る,10,10,0.1302,1421
2,転倒 前額,10,10,0.1302,1422
2,バット 代わり,10,10,0.1302,1423
2,スマッシュ 打つ,10,10,0.1302,1424
2,すべる せる,10,10,0.1302,1425
2,部 部室,10,9,0.1172,1426
2,練習 ゲーム,10,10,0.1302,1427
2,昼休み 時間,10,10,0.1302,1428
2,石 投げる,10,10,0.1302,1429
2,ボール 跳ね返る,10,10,0.1302,1430
2,体育館 試合,10,10,0.1302,1431
2,友人 廊下,10,10,0.1302,1432
2,出場 相手,10,10,0.1302,1433
2,打者 打球,10,10,0.1302,1434
2,試合 ディフェンス,10,10,0.1302,1435
2,学級 時間,10,10,0.1302,1436
2,練習 足,10,10,0.1302,1437
2,振り向く 瞬間,10,10,0.1302,1438
2,グラウンド 野球,10,10,0.1302,1439
2,落下 負傷,10,10,0.1302,1440
2,集合 場所,10,10,0.1302,1441
2,置く れる,10,9,0.1172,1442
2,呼びかける 反応,10,10,0.1302,1443
2,車 呼ぶ,10,10,0.1302,1444
2,かけっこ 遊ぶ,10,10,0.1302,1445
2,パス ボール,10,10,0.1302,1446
2,後頭部 打つ,10,10,0.1302,1447
2,時間 階段,10,10,0.1302,1448
2,壁 角,10,10,0.1302,1449
2,体育 終了,10,10,0.1302,1450
2,出る ボール,10,10,0.1302,1451
2,転倒 救急,10,10,0.1302,1452
2,シャトル 打つ,10,10,0.1302,1453
2,ガラス 突き破る,10,10,0.1302,1454
2,廊下 側,10,10,0.1302,1455
2,水飲み 場,10,9,0.1172,1456
2,ら はぐ,10,10,0.1302,1457
2,ガラス 顔面,10,8,0.1041,1458
2,ガラス 破片,10,10,0.1302,1459
2,角 前額,10,10,0.1302,1460
2,左腕 負傷,10,10,0.1302,1461
2,口 向かう,10,10,0.1302,1462
2,転倒 眼,10,10,0.1302,1463
2,場 鉄棒,10,10,0.1302,1464
2,部分 眼,10,10,0.1302,1465
2,乱取り 相手,10,10,0.1302,1466
2,レンズ 割れる,10,10,0.1302,1467
2,強い つく,10,10,0.1302,1468
2,跳ぶ 着地,10,10,0.1302,1469
2,カンナ 盤,10,6,0.0781,1470
2,痛める しまう,10,10,0.1302,1471
2,時間 昇降,10,10,0.1302,1472
2,手術 大腿,10,10,0.1302,1473
2,右手 関節,10,9,0.1172,1474
2,腰 強打,10,10,0.1302,1475
2,頬 線,10,10,0.1302,1476
2,搬送 治療,10,10,0.1302,1477
2,ほお 線,10,10,0.1302,1478
2,挫創 前額,10,10,0.1302,1479
2,負傷 止血,10,10,0.1302,1480
2,投げる 眼,10,10,0.1302,1481
2,相手 スマッシュ,10,10,0.1302,1482
2,スマッシュ シャトル,10,10,0.1302,1483
2,振り向く 眼,10,10,0.1302,1484
2,距離 蹴る,10,10,0.1302,1485
2,手 眼,10,10,0.1302,1486
2,傘 柄,10,7,0.0911,1487
2,当たる 痛み,10,10,0.1302,1488
2,大会 サッカー,10,10,0.1302,1489
2,狭窄 外傷,10,10,0.1302,1490
2,減じる 外傷,10,10,0.1302,1491
2,手術 眼球,10,10,0.1302,1492
2,剥離 眼,10,10,0.1302,1493
2,首 痛める,10,10,0.1302,1494
2,飛び込み 練習,10,10,0.1302,1495
2,ランニング 周,10,10,0.1302,1496
2,けいれん 起こす,10,10,0.1302,1497
2,障害 片,10,10,0.1302,1498
2,ショック 不要,10,10,0.1302,1499
2,教員 番,10,10,0.1302,1500
2,指 当たる,10,10,0.1302,1501
2,救急 隊,10,9,0.1172,1502
2,要請 AED,10,10,0.1302,1503
2,まひ 残る,10,10,0.1302,1504
2,下肢 短縮,10,10,0.1302,1505
2,中指 挟む,10,10,0.1302,1506
2,切断 指,10,10,0.1302,1507
2,骨折 変形,10,10,0.1302,1508
2,股間 負傷,10,10,0.1302,1509
2,後日 S,10,10,0.1302,1510
2,S -,10,10,0.1302,1511
2,- ICD,10,10,0.1302,1512
2,腰椎 圧迫,10,10,0.1302,1513
2,胸椎 圧迫,10,10,0.1302,1514
2,骨折 せき柱,10,10,0.1302,1515
2,床 転倒,9,9,0.1172,1516
2,後方 飛ぶ,9,9,0.1172,1517
2,れる 倒れる,9,9,0.1172,1518
2,外 刈り,9,9,0.1172,1519
2,教科 担任,9,7,0.0911,1520
2,打席 入る,9,9,0.1172,1521
2,ｍ 位,9,9,0.1172,1522
2,走る ぶつかる,9,9,0.1172,1523
2,手洗い 場,9,8,0.1041,1524
2,場 向かう,9,9,0.1172,1525
2,付近 強い,9,9,0.1172,1526
2,くる 顔面,9,9,0.1172,1527
2,転倒 意識,9,9,0.1172,1528
2,頭部 外傷,9,9,0.1172,1529
2,自由 時間,9,9,0.1172,1530
2,雲 てい,9,8,0.1041,1531
2,出す れる,9,8,0.1041,1532
2,ヘディング 相手,9,9,0.1172,1533
2,転倒 廊下,9,9,0.1172,1534
2,聴力 減退,9,9,0.1172,1535
2,練習 打撃,9,9,0.1172,1536
2,打撃 投手,9,9,0.1172,1537
2,鼻 出血,9,9,0.1172,1538
2,手術 外傷,9,9,0.1172,1539
2,走る 周,9,8,0.1041,1540
2,部 地面,9,9,0.1172,1541
2,ソフトテニス 部,9,9,0.1172,1542
2,方向 飛ぶ,9,9,0.1172,1543
2,趾 機能,9,9,0.1172,1544
2,れる おる,9,9,0.1172,1545
2,顔 殴る,9,9,0.1172,1546
2,ハンドル 切る,9,9,0.1172,1547
2,足 取る,9,9,0.1172,1548
2,口 ぶつける,9,9,0.1172,1549
2,部分 強打,9,9,0.1172,1550
2,徒歩 登校,9,9,0.1172,1551
2,下り坂 スピード,9,9,0.1172,1552
2,口 付近,9,9,0.1172,1553
2,ボール カット,9,9,0.1172,1554
2,れる 歯,9,9,0.1172,1555
2,部 相手,9,9,0.1172,1556
2,部 外野,9,9,0.1172,1557
2,くる 打球,9,9,0.1172,1558
2,外野 手,9,9,0.1172,1559
2,人 ぶつかる,9,9,0.1172,1560
2,バレーボール 試合,9,9,0.1172,1561
2,試合 ドリブル,9,9,0.1172,1562
2,柔道 練習,9,9,0.1172,1563
2,転倒 アスファルト,9,9,0.1172,1564
2,準備 教室,9,9,0.1172,1565
2,塁 側,9,8,0.1041,1566
2,落ちる 負傷,9,9,0.1172,1567
2,壁 ぶつかる,9,9,0.1172,1568
2,れる 床,9,9,0.1172,1569
2,教室 後ろ,9,9,0.1172,1570
2,走る 転ぶ,9,9,0.1172,1571
2,体育 跳び箱,9,9,0.1172,1572
2,顔面 打撲,9,9,0.1172,1573
2,味方 選手,9,9,0.1172,1574
2,取り合い 相手,9,9,0.1172,1575
2,部 キャッチボール,9,9,0.1172,1576
2,部 紅白,9,9,0.1172,1577
2,イレギュラー 口,9,9,0.1172,1578
2,部 裂創,9,9,0.1172,1579
2,体育館 移動,9,9,0.1172,1580
2,選手 衝突,9,9,0.1172,1581
2,相手 シュート,9,9,0.1172,1582
2,ボール 目,9,9,0.1172,1583
2,キャッチ ボール,9,9,0.1172,1584
2,歯牙 脱臼,9,9,0.1172,1585
2,右手 負傷,9,9,0.1172,1586
2,遊ぶ 友達,9,9,0.1172,1587
2,歯 欠ける,9,9,0.1172,1588
2,字 溝,9,6,0.0781,1589
2,側 走る,9,9,0.1172,1590
2,ボール 打球,9,9,0.1172,1591
2,ピッチングマシーン ボール,9,8,0.1041,1592
2,上口 唇,9,9,0.1172,1593
2,入る しまう,9,9,0.1172,1594
2,持つ くる,9,9,0.1172,1595
2,つく 状態,9,9,0.1172,1596
2,顔面 倒れる,9,9,0.1172,1597
2,走り高跳び 練習,9,9,0.1172,1598
2,出血 歯,9,9,0.1172,1599
2,練習 マット,9,9,0.1172,1600
2,歩く 後ろ,9,9,0.1172,1601
2,鉄 パイプ,9,7,0.0911,1602
2,行く ボール,9,9,0.1172,1603
2,本 欠ける,9,9,0.1172,1604
2,人 ボール,9,9,0.1172,1605
2,相手 額,9,9,0.1172,1606
2,足 とる,9,9,0.1172,1607
2,友達 足,9,9,0.1172,1608
2,割れる 前腕,9,9,0.1172,1609
2,ピッチャー 打球,9,9,0.1172,1610
2,部員 名,9,9,0.1172,1611
2,勢い よい,9,9,0.1172,1612
2,練習 一塁,9,9,0.1172,1613
2,当たる 倒れる,9,9,0.1172,1614
2,送球 ボール,9,9,0.1172,1615
2,名 名,9,5,0.0651,1616
2,場 ティー,9,9,0.1172,1617
2,ティー ボール,9,9,0.1172,1618
2,平均 台,9,7,0.0911,1619
2,昼休み 廊下,9,9,0.1172,1620
2,深い さ,9,9,0.1172,1621
2,練習 ランニング,9,9,0.1172,1622
2,部 バント,9,9,0.1172,1623
2,試合 練習,9,9,0.1172,1624
2,チーム 接触,9,9,0.1172,1625
2,走る 急,9,9,0.1172,1626
2,頭痛 訴える,9,9,0.1172,1627
2,転倒 階段,9,9,0.1172,1628
2,内 出血,9,9,0.1172,1629
2,金属 部分,9,9,0.1172,1630
2,部 打撃,9,9,0.1172,1631
2,転倒 近く,9,9,0.1172,1632
2,人 遊ぶ,9,9,0.1172,1633
2,男子 人,9,8,0.1041,1634
2,室内 練習,9,9,0.1172,1635
2,ボール 回し,9,9,0.1172,1636
2,球 ボール,9,9,0.1172,1637
2,向かう 投げる,9,9,0.1172,1638
2,練習 外野,9,9,0.1172,1639
2,昼休み 体育館,9,9,0.1172,1640
2,ゲーム ボール,9,9,0.1172,1641
2,言う れる,9,9,0.1172,1642
2,注意 れる,9,9,0.1172,1643
2,練習 終える,9,9,0.1172,1644
2,走る つまずく,9,9,0.1172,1645
2,パス カット,9,9,0.1172,1646
2,走る 勢い,9,9,0.1172,1647
2,ゴール 倒れる,9,8,0.1041,1648
2,練習 蹴る,9,9,0.1172,1649
2,角 顔面,9,9,0.1172,1650
2,負傷 歯科,9,9,0.1172,1651
2,外 競技,9,9,0.1172,1652
2,状態 倒れる,9,9,0.1172,1653
2,直撃 救急,9,9,0.1172,1654
2,反対 方向,9,9,0.1172,1655
2,時間 トイレ,9,9,0.1172,1656
2,部 合同,9,9,0.1172,1657
2,ちょっかい かける,9,9,0.1172,1658
2,硬式 テニス,9,9,0.1172,1659
2,階 転落,9,9,0.1172,1660
2,左上 肢,9,9,0.1172,1661
2,アルコール ランプ,9,6,0.0781,1662
2,ガラス ぶつかる,9,9,0.1172,1663
2,～ 分,9,9,0.1172,1664
2,教室 出入り口,9,9,0.1172,1665
2,眼 横,9,9,0.1172,1666
2,左腕 地面,9,9,0.1172,1667
2,ガラス 右手,9,9,0.1172,1668
2,押す ガラス,9,8,0.1041,1669
2,額 強い,9,9,0.1172,1670
2,挫傷 負う,9,9,0.1172,1671
2,児 顔,9,9,0.1172,1672
2,相手 爪,9,9,0.1172,1673
2,深い 切れる,9,9,0.1172,1674
2,教室 入ろう,9,9,0.1172,1675
2,扉 閉める,9,9,0.1172,1676
2,尺 骨,9,9,0.1172,1677
2,止め 入る,9,9,0.1172,1678
2,右手 地面,9,9,0.1172,1679
2,足首 捻る,9,9,0.1172,1680
2,人 鬼ごっこ,9,9,0.1172,1681
2,タックル れる,9,9,0.1172,1682
2,いす 座る,9,9,0.1172,1683
2,遊ぶ 児,9,9,0.1172,1684
2,. ｍ,9,9,0.1172,1685
2,切る 負傷,9,9,0.1172,1686
2,運ぶ れる,9,9,0.1172,1687
2,左手 関節,9,8,0.1041,1688
2,室 遊ぶ,9,9,0.1172,1689
2,右足 負傷,9,9,0.1172,1690
2,踏む れる,9,9,0.1172,1691
2,倒れる 後頭部,9,9,0.1172,1692
2,膝 捻る,9,9,0.1172,1693
2,左腕 骨折,9,9,0.1172,1694
2,からかう れる,9,9,0.1172,1695
2,体育 跳箱,9,9,0.1172,1696
2,バスケットボール 遊ぶ,9,9,0.1172,1697
2,室 運ぶ,9,9,0.1172,1698
2,あおる れる,9,9,0.1172,1699
2,激しい 痛み,9,9,0.1172,1700
2,天 板,9,5,0.0651,1701
2,転倒 腰,9,9,0.1172,1702
2,手術 下腿,9,9,0.1172,1703
2,眼 ける,9,9,0.1172,1704
2,関節 疼痛,9,9,0.1172,1705
2,落下 肘,9,9,0.1172,1706
2,処置 救急,9,9,0.1172,1707
2,ほお 瘢痕,9,9,0.1172,1708
2,運動 障害,9,9,0.1172,1709
2,損ねる 眼,9,9,0.1172,1710
2,打つ 眼,9,9,0.1172,1711
2,ハーフ バッティング,9,8,0.1041,1712
2,眼 殴る,9,9,0.1172,1713
2,当たる 眼窩,9,9,0.1172,1714
2,視力 低下,9,9,0.1172,1715
2,眼 打撲,9,9,0.1172,1716
2,相手 パンチ,9,9,0.1172,1717
2,頭部 眼,9,9,0.1172,1718
2,眼球 直撃,9,9,0.1172,1719
2,入る 負傷,9,9,0.1172,1720
2,部 テニス,9,9,0.1172,1721
2,バドミントン 試合,9,9,0.1172,1722
2,眼 辺り,9,9,0.1172,1723
2,異変 気付く,9,9,0.1172,1724
2,障害 調節,9,9,0.1172,1725
2,手術 眼窩,9,9,0.1172,1726
2,底 頭部,9,9,0.1172,1727
2,底 頭,9,9,0.1172,1728
2,損傷 四肢,9,9,0.1172,1729
2,", ｍ",9,9,0.1172,1730
2,人工 呼吸,9,8,0.1041,1731
2,ヘリ 病院,9,9,0.1172,1732
2,解析 結果,9,9,0.1172,1733
2,蘇生 救急,9,9,0.1172,1734
2,摘出 手術,9,9,0.1172,1735
2,倒れる 教員,9,9,0.1172,1736
2,小指 負傷,9,9,0.1172,1737
2,先端 切断,9,9,0.1172,1738
2,中指 先端,9,8,0.1041,1739
2,股間 蹴る,9,9,0.1172,1740
2,使用 心肺,9,9,0.1172,1741
2,倒れる AED,9,9,0.1172,1742
2,"入院 ,",9,9,0.1172,1743
2,手術 睾丸,9,9,0.1172,1744
2,宿泊 学習,8,8,0.1041,1745
2,逃げる 友人,8,8,0.1041,1746
2,走る 練習,8,7,0.0911,1747
2,呼び出す れる,8,8,0.1041,1748
2,後ろ 倒れる,8,8,0.1041,1749
2,しまう 地面,8,8,0.1041,1750
2,頭 強い,8,8,0.1041,1751
2,目 離す,8,8,0.1041,1752
2,づく 転倒,8,8,0.1041,1753
2,後ろ 下がる,8,8,0.1041,1754
2,強打 転倒,8,8,0.1041,1755
2,行く 教室,8,8,0.1041,1756
2,楽しみ 会,8,8,0.1041,1757
2,児 本,8,7,0.0911,1758
2,落ちる そう,8,8,0.1041,1759
2,隣 席,8,8,0.1041,1760
2,近く 公園,8,8,0.1041,1761
2,方向 走る,8,8,0.1041,1762
2,部員 蹴る,8,8,0.1041,1763
2,体育館 ボール,8,8,0.1041,1764
2,すべり台 遊ぶ,8,8,0.1041,1765
2,指 骨折,8,8,0.1041,1766
2,体重 かける,8,8,0.1041,1767
2,訴える 救急,8,8,0.1041,1768
2,降る 園,8,8,0.1041,1769
2,給食 指導,8,8,0.1041,1770
2,側溝 蓋,8,7,0.0911,1771
2,ボール 避ける,8,8,0.1041,1772
2,机 脚,8,7,0.0911,1773
2,滑る バランス,8,8,0.1041,1774
2,崩す 顔,8,8,0.1041,1775
2,こむ くる,8,8,0.1041,1776
2,駆ける 上がる,8,8,0.1041,1777
2,バッターボックス 立つ,8,8,0.1041,1778
2,試合 パス,8,8,0.1041,1779
2,練習 フライ,8,8,0.1041,1780
2,外野 ノック,8,8,0.1041,1781
2,フライ ボール,8,8,0.1041,1782
2,ノック イレギュラー,8,8,0.1041,1783
2,入る 相手,8,8,0.1041,1784
2,タックル 相手,8,8,0.1041,1785
2,前歯 欠ける,8,8,0.1041,1786
2,名前 呼ぶ,8,8,0.1041,1787
2,倒れる 顔,8,8,0.1041,1788
2,足 ひっかける,8,8,0.1041,1789
2,先端 部,8,7,0.0911,1790
2,歯牙 破る,8,8,0.1041,1791
2,顔面 落ちる,8,8,0.1041,1792
2,転倒 手首,8,8,0.1041,1793
2,顔面 道路,8,8,0.1041,1794
2,走る バランス,8,8,0.1041,1795
2,崩す 前のめり,8,8,0.1041,1796
2,蹴る 足,8,8,0.1041,1797
2,ショート 守備,8,8,0.1041,1798
2,練習 セカンド,8,8,0.1041,1799
2,前歯 ぶつかる,8,8,0.1041,1800
2,部 守備,8,8,0.1041,1801
2,柔道 試合,8,8,0.1041,1802
2,足元 滑る,8,8,0.1041,1803
2,競技 大会,8,8,0.1041,1804
2,顔 転倒,8,8,0.1041,1805
2,鉄棒 練習,8,8,0.1041,1806
2,ボール 使う,8,8,0.1041,1807
2,卒業 式,8,8,0.1041,1808
2,球 打つ,8,8,0.1041,1809
2,清掃 終了,8,8,0.1041,1810
2,つく 顔面,8,8,0.1041,1811
2,タイミング ずれる,8,8,0.1041,1812
2,れる 顔,8,8,0.1041,1813
2,部 鼻,8,8,0.1041,1814
2,ボール イレギュラーバウンド,8,8,0.1041,1815
2,守備 フライ,8,8,0.1041,1816
2,練習 ネット,8,8,0.1041,1817
2,ショート バウンド,8,8,0.1041,1818
2,歯 損傷,8,8,0.1041,1819
2,強い 打撲,8,8,0.1041,1820
2,床 口,8,8,0.1041,1821
2,廊下 追う,8,8,0.1041,1822
2,ぶつかる 顔面,8,8,0.1041,1823
2,特別 支援,8,8,0.1041,1824
2,支援 学級,8,8,0.1041,1825
2,終わる 教室,8,8,0.1041,1826
2,戻る 廊下,8,8,0.1041,1827
2,降りる くる,8,7,0.0911,1828
2,教室 遊ぶ,8,8,0.1041,1829
2,合う 友人,8,8,0.1041,1830
2,歯 脱臼,8,8,0.1041,1831
2,落下 しまう,8,8,0.1041,1832
2,突っ込む しまう,8,8,0.1041,1833
2,来る ボール,8,8,0.1041,1834
2,打球 イレギュラー,8,8,0.1041,1835
2,強い 接触,8,8,0.1041,1836
2,意識 消失,8,8,0.1041,1837
2,くる 自転車,8,8,0.1041,1838
2,両手 つく,8,8,0.1041,1839
2,校庭 ソフトボール,8,8,0.1041,1840
2,振る 抜く,8,8,0.1041,1841
2,降りる バランス,8,8,0.1041,1842
2,コート 内,8,8,0.1041,1843
2,手 すべる,8,8,0.1041,1844
2,練習 シャトル,8,8,0.1041,1845
2,折 歯,8,8,0.1041,1846
2,鼻 当たる,8,8,0.1041,1847
2,友達 ふざける,8,8,0.1041,1848
2,強打 意識,8,8,0.1041,1849
2,歯槽 骨,8,8,0.1041,1850
2,当たる 打球,8,8,0.1041,1851
2,ファースト 守る,8,8,0.1041,1852
2,顔面 打ち付ける,8,8,0.1041,1853
2,体育 持久走,8,8,0.1041,1854
2,口 出血,8,8,0.1041,1855
2,校外 学習,8,8,0.1041,1856
2,近づく くる,8,8,0.1041,1857
2,場 出る,8,8,0.1041,1858
2,折れる 歯,8,8,0.1041,1859
2,全員 リレー,8,8,0.1041,1860
2,練習 校庭,8,8,0.1041,1861
2,肘 強い,8,8,0.1041,1862
2,バドミントン 相手,8,8,0.1041,1863
2,ゴールキーパー ボール,8,8,0.1041,1864
2,ゴロ 捕る,8,8,0.1041,1865
2,ハンドボール 試合,8,8,0.1041,1866
2,れる 頭部,8,7,0.0911,1867
2,場 走る,8,8,0.1041,1868
2,両手 持つ,8,8,0.1041,1869
2,部 プール,8,8,0.1041,1870
2,ちょっかい 出す,8,8,0.1041,1871
2,体育 プール,8,8,0.1041,1872
2,ボール 取り合う,8,8,0.1041,1873
2,手 つける,8,8,0.1041,1874
2,クリア ボール,8,8,0.1041,1875
2,転倒 頭,8,8,0.1041,1876
2,サード 守備,8,8,0.1041,1877
2,自立 時間,8,8,0.1041,1878
2,ボール 止める,8,8,0.1041,1879
2,ボール 向かう,8,7,0.0911,1880
2,ラケット 振る,8,7,0.0911,1881
2,牽制 球,8,7,0.0911,1882
2,室 来る,8,8,0.1041,1883
2,時間 終了,8,8,0.1041,1884
2,練習 校舎,8,8,0.1041,1885
2,腕 つかむ,8,8,0.1041,1886
2,サッカー 相手,8,8,0.1041,1887
2,ボール 競り合う,8,8,0.1041,1888
2,走る 行く,8,8,0.1041,1889
2,スキー 場,8,7,0.0911,1890
2,投球 練習,8,8,0.1041,1891
2,椅子 いす,8,8,0.1041,1892
2,練習 おる,8,8,0.1041,1893
2,セーフティー マット,8,7,0.0911,1894
2,給食 当番,8,8,0.1041,1895
2,バスケットボール ゲーム,8,8,0.1041,1896
2,転倒 机,8,8,0.1041,1897
2,発 殴る,8,8,0.1041,1898
2,職場 体験,8,8,0.1041,1899
2,マット 落下,8,8,0.1041,1900
2,バッティング トス,8,8,0.1041,1901
2,ボール バット,8,8,0.1041,1902
2,切る 出血,8,8,0.1041,1903
2,急 倒れる,8,8,0.1041,1904
2,指 強い,8,8,0.1041,1905
2,帰る くる,8,8,0.1041,1906
2,ろ 走る,8,8,0.1041,1907
2,れる そう,8,8,0.1041,1908
2,周辺 当たる,8,8,0.1041,1909
2,スポーツ テスト,8,8,0.1041,1910
2,試合 三塁,8,8,0.1041,1911
2,床 後頭部,8,8,0.1041,1912
2,顔 部,8,7,0.0911,1913
2,人 友人,8,8,0.1041,1914
2,練習 転倒,8,8,0.1041,1915
2,顎 ぶつける,8,8,0.1041,1916
2,れる 打球,8,8,0.1041,1917
2,指導 者,8,6,0.0781,1918
2,試合 運動,8,8,0.1041,1919
2,時間 走る,8,8,0.1041,1920
2,顎 地面,8,8,0.1041,1921
2,鉄棒 遊ぶ,8,8,0.1041,1922
2,時間 校舎,8,8,0.1041,1923
2,剣道 場,8,8,0.1041,1924
2,練習 マシン,8,8,0.1041,1925
2,られる 救急,8,8,0.1041,1926
2,集団 宿泊,8,8,0.1041,1927
2,部 シュート,8,8,0.1041,1928
2,負傷 入院,8,8,0.1041,1929
2,ガラス ドア,8,7,0.0911,1930
2,角 顎,8,8,0.1041,1931
2,転倒 大腿,8,8,0.1041,1932
2,つく ガラス,8,8,0.1041,1933
2,㎝ 切る,8,7,0.0911,1934
2,終わる 友人,8,8,0.1041,1935
2,友人 話す,8,8,0.1041,1936
2,仰向け 倒れる,8,8,0.1041,1937
2,眼 まぶた,8,8,0.1041,1938
2,保育 遊戯,8,8,0.1041,1939
2,手 当たる,8,8,0.1041,1940
2,体育館 鬼ごっこ,8,8,0.1041,1941
2,委員 会,8,8,0.1041,1942
2,記録 会,8,8,0.1041,1943
2,コンクリート 角,8,8,0.1041,1944
2,開ける ガラス,8,8,0.1041,1945
2,出る 廊下,8,8,0.1041,1946
2,眼 切る,8,8,0.1041,1947
2,扉 ガラス,8,8,0.1041,1948
2,腕 部,8,8,0.1041,1949
2,友人 持つ,8,8,0.1041,1950
2,遊ぶ ボール,8,8,0.1041,1951
2,考える られる,8,8,0.1041,1952
2,振り向く ざま,8,8,0.1041,1953
2,木 登る,8,7,0.0911,1954
2,遊ぶ 近く,8,8,0.1041,1955
2,刺す れる,8,6,0.0781,1956
2,部 切,8,8,0.1041,1957
2,叩く れる,8,8,0.1041,1958
2,防御 ネット,8,8,0.1041,1959
2,しまう 右手,8,8,0.1041,1960
2,左手 負傷,8,8,0.1041,1961
2,元 戻す,8,8,0.1041,1962
2,上腕 骨,8,8,0.1041,1963
2,転倒 足首,8,8,0.1041,1964
2,ブランコ 乗る,8,8,0.1041,1965
2,病院 移送,8,8,0.1041,1966
2,ドア 閉まる,8,8,0.1041,1967
2,右目 直撃,8,8,0.1041,1968
2,終了 間際,8,8,0.1041,1969
2,足 出す,8,8,0.1041,1970
2,肘 床,8,8,0.1041,1971
2,当たる 眼鏡,8,8,0.1041,1972
2,友人 爪,8,8,0.1041,1973
2,ほお 部,8,8,0.1041,1974
2,部員 投げる,8,8,0.1041,1975
2,泣く 出す,8,8,0.1041,1976
2,肩 乗る,8,8,0.1041,1977
2,ほお 負傷,8,8,0.1041,1978
2,痛み 走る,8,8,0.1041,1979
2,つく 肘,8,8,0.1041,1980
2,切る 醜状,8,8,0.1041,1981
2,走る 走る,8,8,0.1041,1982
2,端 骨折,8,7,0.0911,1983
2,体調 不良,8,8,0.1041,1984
2,強打 眼,8,8,0.1041,1985
2,手術 膝,8,8,0.1041,1986
2,治療 頬,8,8,0.1041,1987
2,治療 後日,8,8,0.1041,1988
2,倒立 練習,8,8,0.1041,1989
2,後ろ 席,8,6,0.0781,1990
2,先 眼,8,8,0.1041,1991
2,ボール ぶつかる,8,8,0.1041,1992
2,ボール 左目,8,8,0.1041,1993
2,マシン 使用,8,8,0.1041,1994
2,三角 定規,8,5,0.0651,1995
2,ボール 足,8,8,0.1041,1996
2,眼 眼,8,8,0.1041,1997
2,仰向け 状態,8,8,0.1041,1998
2,乗る れる,8,8,0.1041,1999
2,眼球 当たる,8,8,0.1041,2000
2,網膜 振盪,8,8,0.1041,2001
2,性 視,8,8,0.1041,2002
2,視 神経症,8,8,0.1041,2003
2,治療 眼窩,8,8,0.1041,2004
2,脳 梗塞,8,8,0.1041,2005
2,症 診断,8,8,0.1041,2006
2,脊髄 損傷,8,8,0.1041,2007
2,背中 腰,8,8,0.1041,2008
2,腰 痛み,8,8,0.1041,2009
2,周 ｍ,8,8,0.1041,2010
2,抱く かかえる,8,8,0.1041,2011
2,着地 マット,8,7,0.0911,2012
2,机 倒れる,8,7,0.0911,2013
2,結果 ショック,8,8,0.1041,2014
2,不要 救急,8,8,0.1041,2015
2,れる 高次,8,8,0.1041,2016
2,要請 胸骨,8,8,0.1041,2017
2,指 挟まる,8,8,0.1041,2018
2,ボール 指,8,8,0.1041,2019
2,小指 関節,8,8,0.1041,2020
2,股間 強打,8,8,0.1041,2021
2,足 股間,8,8,0.1041,2022
2,", 除",8,8,0.1041,2023
2,回 救急,8,8,0.1041,2024
2,体育館 向かう,7,7,0.0911,2025
2,サッカー 蹴る,7,7,0.0911,2026
2,部 部員,7,7,0.0911,2027
2,返球 れる,7,6,0.0781,2028
2,ベンチ 座る,7,7,0.0911,2029
2,ボール 耳,7,7,0.0911,2030
2,背中 落ちる,7,7,0.0911,2031
2,騎馬 戦,7,7,0.0911,2032
2,試合 投手,7,7,0.0911,2033
2,隣 座る,7,7,0.0911,2034
2,畳 落ちる,7,7,0.0911,2035
2,ｍ 高い,7,7,0.0911,2036
2,走る 途中,7,7,0.0911,2037
2,頭部 ぶつかる,7,7,0.0911,2038
2,走る 戻る,7,7,0.0911,2039
2,試合 他校,7,7,0.0911,2040
2,力 入れる,7,7,0.0911,2041
2,頭部 地面,7,7,0.0911,2042
2,しまう 頭,7,7,0.0911,2043
2,勢い つける,7,7,0.0911,2044
2,壁 間,7,7,0.0911,2045
2,くる 頭,7,7,0.0911,2046
2,くる 球,7,7,0.0911,2047
2,手 伸ばす,7,7,0.0911,2048
2,倒れる 地面,7,7,0.0911,2049
2,送球 れる,7,7,0.0911,2050
2,公式 試合,7,7,0.0911,2051
2,テニス ボール,7,7,0.0911,2052
2,走る 遊ぶ,7,7,0.0911,2053
2,転がる くる,7,7,0.0911,2054
2,挟まる しまう,7,7,0.0911,2055
2,捻る 負傷,7,7,0.0911,2056
2,庭 出る,7,7,0.0911,2057
2,人 ふざける,7,6,0.0781,2058
2,あたり 負傷,7,7,0.0911,2059
2,挟まる 負傷,7,7,0.0911,2060
2,打ちつける しまう,7,7,0.0911,2061
2,扉 開ける,7,7,0.0911,2062
2,他校 合同,7,7,0.0911,2063
2,体勢 崩れる,7,7,0.0911,2064
2,階段 付近,7,7,0.0911,2065
2,付近 遊ぶ,7,7,0.0911,2066
2,チーム 肘,7,7,0.0911,2067
2,バッティングマシーン ボール,7,7,0.0911,2068
2,話 聞く,7,7,0.0911,2069
2,倒れる 顎,7,7,0.0911,2070
2,相手 顔,7,7,0.0911,2071
2,スライディング くる,7,6,0.0781,2072
2,プール 清掃,7,6,0.0781,2073
2,朝 登校,7,7,0.0911,2074
2,口 打つ,7,7,0.0911,2075
2,放す しまう,7,7,0.0911,2076
2,付近 強打,7,7,0.0911,2077
2,歯 折,7,7,0.0911,2078
2,足 顔面,7,7,0.0911,2079
2,頭 前歯,7,7,0.0911,2080
2,落ちる 前歯,7,7,0.0911,2081
2,階段 駆ける,7,7,0.0911,2082
2,友人 膝,7,7,0.0911,2083
2,一緒 下校,7,7,0.0911,2084
2,合唱 練習,7,7,0.0911,2085
2,肘 顔,7,7,0.0911,2086
2,相手 ゴールキーパー,7,7,0.0911,2087
2,肘 顔面,7,7,0.0911,2088
2,切れる 歯,7,7,0.0911,2089
2,切れる 前歯,7,7,0.0911,2090
2,ボール それる,7,7,0.0911,2091
2,練習 キャッチボール,7,7,0.0911,2092
2,唇 裂傷,7,7,0.0911,2093
2,選手 頭部,7,7,0.0911,2094
2,出血 前歯,7,7,0.0911,2095
2,下校 校門,7,7,0.0911,2096
2,友人 自転車,7,7,0.0911,2097
2,かかる 状態,7,7,0.0911,2098
2,口元 強打,7,7,0.0911,2099
2,練習 順番,7,7,0.0911,2100
2,ソフトボール キャッチャー,7,7,0.0911,2101
2,人 脚,7,7,0.0911,2102
2,試合 終わる,7,7,0.0911,2103
2,試合 ゴール,7,7,0.0911,2104
2,教室 床,7,7,0.0911,2105
2,歯 部,7,7,0.0911,2106
2,友人 背中,7,7,0.0911,2107
2,れる 前のめり,7,7,0.0911,2108
2,友人 接触,7,7,0.0911,2109
2,歯 冠,7,6,0.0781,2110
2,保健 体育,7,7,0.0911,2111
2,試合 ヘディング,7,7,0.0911,2112
2,イレギュラーバウンド 口,7,7,0.0911,2113
2,試合 守備,7,7,0.0911,2114
2,頭 歯,7,7,0.0911,2115
2,状態 相手,7,7,0.0911,2116
2,組 手,7,7,0.0911,2117
2,本 脱臼,7,7,0.0911,2118
2,誤る 転倒,7,7,0.0911,2119
2,鉄棒 強打,7,7,0.0911,2120
2,口 ぶつかる,7,7,0.0911,2121
2,滑る やすい,7,7,0.0911,2122
2,崩す 左腕,7,7,0.0911,2123
2,バット 口元,7,7,0.0911,2124
2,せる バランス,7,7,0.0911,2125
2,校庭 鉄棒,7,7,0.0911,2126
2,たたく れる,7,7,0.0911,2127
2,顎 口,7,7,0.0911,2128
2,頭 当たる,7,7,0.0911,2129
2,ごと 倒れる,7,7,0.0911,2130
2,登校 友人,7,7,0.0911,2131
2,転ぶ 顔面,7,7,0.0911,2132
2,刺さる 負傷,7,7,0.0911,2133
2,顔面 相手,7,7,0.0911,2134
2,ボール 歯,7,7,0.0911,2135
2,唇 負傷,7,7,0.0911,2136
2,試合 ノック,7,7,0.0911,2137
2,当たる 歯牙,7,7,0.0911,2138
2,練習 ディフェンス,7,7,0.0911,2139
2,折る しまう,7,7,0.0911,2140
2,角 曲がる,7,7,0.0911,2141
2,移動 廊下,7,7,0.0911,2142
2,口元 負傷,7,7,0.0911,2143
2,教室 ふざける,7,7,0.0911,2144
2,傘 立て,7,5,0.0651,2145
2,歩く 足,7,7,0.0911,2146
2,ラケット 前歯,7,7,0.0911,2147
2,横 通る,7,7,0.0911,2148
2,足 引っかける,7,7,0.0911,2149
2,れる 前歯,7,7,0.0911,2150
2,キャッチャー バッター,7,7,0.0911,2151
2,部 裂傷,7,7,0.0911,2152
2,切る 前歯,7,7,0.0911,2153
2,練習 ゴールキーパー,7,7,0.0911,2154
2,イレギュラー 顔面,7,7,0.0911,2155
2,車 避ける,7,7,0.0911,2156
2,前輪 絡まる,7,7,0.0911,2157
2,自転車 走る,7,7,0.0911,2158
2,来る 自転車,7,7,0.0911,2159
2,地面 濡れる,7,7,0.0911,2160
2,ソフトボール ゲーム,7,7,0.0911,2161
2,多量 出血,7,7,0.0911,2162
2,ぶつかる 倒れる,7,7,0.0911,2163
2,シャトル 投げる,7,6,0.0781,2164
2,遊ぶ 教室,7,7,0.0911,2165
2,落下 地面,7,7,0.0911,2166
2,ぶつかる ぶつかる,7,7,0.0911,2167
2,唇 歯,7,7,0.0911,2168
2,転ぶ そう,7,7,0.0911,2169
2,部 口,7,7,0.0911,2170
2,練習 ゴール,7,7,0.0911,2171
2,しまう ボール,7,7,0.0911,2172
2,球 練習,7,7,0.0911,2173
2,くる 顔,7,7,0.0911,2174
2,られる 相手,7,7,0.0911,2175
2,バック 転,7,6,0.0781,2176
2,出血 見る,7,7,0.0911,2177
2,状態 転倒,7,7,0.0911,2178
2,室 移動,7,7,0.0911,2179
2,男子 トイレ,7,6,0.0781,2180
2,床 滑る,7,7,0.0911,2181
2,ゴルフ クラブ,7,7,0.0911,2182
2,体育館 ステージ,7,7,0.0911,2183
2,走る ボール,7,7,0.0911,2184
2,ハンドボール ゴール,7,7,0.0911,2185
2,鉄棒 ぶら下がる,7,7,0.0911,2186
2,転落 顔面,7,7,0.0911,2187
2,ぶつかる 勢い,7,7,0.0911,2188
2,部 蹴る,7,7,0.0911,2189
2,サード 守る,7,7,0.0911,2190
2,ボール 口元,7,7,0.0911,2191
2,下り坂 カーブ,7,7,0.0911,2192
2,歩行 者,7,7,0.0911,2193
2,倒れる 頭,7,7,0.0911,2194
2,ふざける 遊ぶ,7,7,0.0911,2195
2,向かう 歩く,7,7,0.0911,2196
2,れる 意識,7,7,0.0911,2197
2,下校 坂道,7,7,0.0911,2198
2,斜め 後方,7,7,0.0911,2199
2,等 負傷,7,7,0.0911,2200
2,部 接触,7,6,0.0781,2201
2,戦 試合,7,7,0.0911,2202
2,前方 投げ出す,7,7,0.0911,2203
2,外傷 負う,7,7,0.0911,2204
2,首 腕,7,7,0.0911,2205
2,れる 前方,7,7,0.0911,2206
2,じゃれる 合う,7,7,0.0911,2207
2,ボール トス,7,6,0.0781,2208
2,部 開始,7,7,0.0911,2209
2,部 時間,7,7,0.0911,2210
2,つまずく 前方,7,7,0.0911,2211
2,サッカー 大会,7,7,0.0911,2212
2,くる 接触,7,7,0.0911,2213
2,掃除 時間,7,7,0.0911,2214
2,練習 キャッチャー,7,7,0.0911,2215
2,発作 起こす,7,7,0.0911,2216
2,意識 朦朧,7,7,0.0911,2217
2,放課後 野球,7,7,0.0911,2218
2,場 外野,7,7,0.0911,2219
2,場 打撃,7,7,0.0911,2220
2,来る 室,7,7,0.0911,2221
2,自転車 置き場,7,7,0.0911,2222
2,昼 休憩,7,7,0.0911,2223
2,登校 教室,7,7,0.0911,2224
2,選手 足,7,7,0.0911,2225
2,部分 顔面,7,7,0.0911,2226
2,試合 ショート,7,7,0.0911,2227
2,練習 ｍ,7,7,0.0911,2228
2,部 付近,7,7,0.0911,2229
2,鬼ごっこ 友人,7,7,0.0911,2230
2,席 戻る,7,7,0.0911,2231
2,登り 棒,7,7,0.0911,2232
2,裂傷 れっする,7,7,0.0911,2233
2,友人 走る,7,7,0.0911,2234
2,膝 当たる,7,7,0.0911,2235
2,下りる 足,7,7,0.0911,2236
2,部分 顔,7,7,0.0911,2237
2,試合 チーム,7,7,0.0911,2238
2,持つ 相手,7,7,0.0911,2239
2,自転車 通学,7,7,0.0911,2240
2,車 到着,7,7,0.0911,2241
2,廊下 鬼ごっこ,7,7,0.0911,2242
2,教室 帰る,7,7,0.0911,2243
2,絞める られる,7,7,0.0911,2244
2,押す しまう,7,7,0.0911,2245
2,飛ぶ 移る,7,7,0.0911,2246
2,走る いく,7,7,0.0911,2247
2,ドッジボール 試合,7,7,0.0911,2248
2,遊ぶ 鬼,7,7,0.0911,2249
2,シュート れる,7,7,0.0911,2250
2,身体 支える,7,7,0.0911,2251
2,部 顧問,7,6,0.0781,2252
2,通報 救急,7,7,0.0911,2253
2,ドア ノブ,7,7,0.0911,2254
2,床 足,7,7,0.0911,2255
2,練習 ピッチングマシン,7,7,0.0911,2256
2,遊ぶ 園児,7,7,0.0911,2257
2,起こす 意識,7,7,0.0911,2258
2,マシン 出る,7,7,0.0911,2259
2,強打 出血,7,7,0.0911,2260
2,体育館 柔道,7,7,0.0911,2261
2,バスケットボール シュート,7,7,0.0911,2262
2,宿泊 的,7,7,0.0911,2263
2,的 行事,7,7,0.0911,2264
2,バドミントン ダブルス,7,7,0.0911,2265
2,直撃 受診,7,7,0.0911,2266
2,切傷 負う,7,7,0.0911,2267
2,ぶつける 裂傷,7,7,0.0911,2268
2,扉 閉まる,7,7,0.0911,2269
2,用 机,7,7,0.0911,2270
2,遊戯 施設,7,5,0.0651,2271
2,角 頬,7,7,0.0911,2272
2,厚い さ,7,7,0.0911,2273
2,手首 切る,7,7,0.0911,2274
2,入り口 ドア,7,7,0.0911,2275
2,ドア ぶつかる,7,7,0.0911,2276
2,部 骨折,7,7,0.0911,2277
2,れる 右手,7,7,0.0911,2278
2,部 トレーニング,7,7,0.0911,2279
2,ドア 開く,7,7,0.0911,2280
2,落下 顎,7,7,0.0911,2281
2,顔 引っかく,7,7,0.0911,2282
2,外 保育,7,7,0.0911,2283
2,肘 負傷,7,7,0.0911,2284
2,歯 頬,7,7,0.0911,2285
2,追いかける 教室,7,7,0.0911,2286
2,タッチ れる,7,7,0.0911,2287
2,男子 名,7,7,0.0911,2288
2,トイレ 逃げ込む,7,7,0.0911,2289
2,側 窓,7,7,0.0911,2290
2,校舎 外,7,7,0.0911,2291
2,相手 体重,7,7,0.0911,2292
2,閉める られる,7,7,0.0911,2293
2,突っ込む 割れる,7,7,0.0911,2294
2,走る 本,7,7,0.0911,2295
2,部 打撲,7,7,0.0911,2296
2,移動 式,7,7,0.0911,2297
2,転倒 頬,7,7,0.0911,2298
2,病院 行く,7,7,0.0911,2299
2,ガラス 割る,7,7,0.0911,2300
2,ガラス 右腕,7,7,0.0911,2301
2,ガラス 両手,7,7,0.0911,2302
2,やけど 負う,7,7,0.0911,2303
2,ガラス 腕,7,6,0.0781,2304
2,眼 下部,7,7,0.0911,2305
2,登 園,7,7,0.0911,2306
2,終了 友人,7,7,0.0911,2307
2,爪 顔,7,7,0.0911,2308
2,立ち上がる バランス,7,7,0.0911,2309
2,階 ベランダ,7,6,0.0781,2310
2,児 児,7,6,0.0781,2311
2,庭 遊ぶ,7,7,0.0911,2312
2,様子 みる,7,7,0.0911,2313
2,同級生 人,7,7,0.0911,2314
2,左側 転倒,7,7,0.0911,2315
2,練習 準備,7,7,0.0911,2316
2,準備 ネット,7,7,0.0911,2317
2,様子 おかしい,7,7,0.0911,2318
2,階段 上がる,7,7,0.0911,2319
2,食 缶,7,5,0.0651,2320
2,前腕 骨折,7,7,0.0911,2321
2,転倒 左足,7,7,0.0911,2322
2,友人 ちょっかい,7,7,0.0911,2323
2,配膳 室,7,6,0.0781,2324
2,顎骨 骨折,7,7,0.0911,2325
2,割れる 右手,7,7,0.0911,2326
2,履く 替える,7,7,0.0911,2327
2,足 先,7,7,0.0911,2328
2,部分 左手,7,7,0.0911,2329
2,当たる 目,7,7,0.0911,2330
2,後方 倒れる,7,7,0.0911,2331
2,作業 学習,7,7,0.0911,2332
2,さ ｃｍ,7,7,0.0911,2333
2,練習 練習,7,7,0.0911,2334
2,落下 左腕,7,7,0.0911,2335
2,右手 持つ,7,7,0.0911,2336
2,眼 ぶつける,7,7,0.0911,2337
2,タックル 練習,7,7,0.0911,2338
2,座る 眼,7,7,0.0911,2339
2,場 うずくまる,7,7,0.0911,2340
2,洗面 器,7,3,0.0391,2341
2,眼 受傷,7,7,0.0911,2342
2,首 背中,7,7,0.0911,2343
2,歯 ほお,7,7,0.0911,2344
2,体 乗る,7,7,0.0911,2345
2,力 加わる,7,7,0.0911,2346
2,擦過 創,7,7,0.0911,2347
2,練習 バッター,7,7,0.0911,2348
2,転 バランス,7,7,0.0911,2349
2,科 調理,7,7,0.0911,2350
2,ろ 倒れる,7,7,0.0911,2351
2,ボール 友人,7,7,0.0911,2352
2,しまう 眼,7,7,0.0911,2353
2,払う 腰,7,7,0.0911,2354
2,熱中 症,7,5,0.0651,2355
2,不良 訴える,7,7,0.0911,2356
2,鼻骨 骨折,7,7,0.0911,2357
2,使用 バッティング,7,7,0.0911,2358
2,鎖骨 骨折,7,7,0.0911,2359
2,庭 鬼ごっこ,7,7,0.0911,2360
2,実験 実習,7,7,0.0911,2361
2,ける 部,7,7,0.0911,2362
2,場 持久走,7,7,0.0911,2363
2,衝突 眼,7,7,0.0911,2364
2,負傷 前額,7,7,0.0911,2365
2,全身 打撲,7,7,0.0911,2366
2,倒れる 右手,7,7,0.0911,2367
2,顆上骨 折,7,7,0.0911,2368
2,相手 身体,7,7,0.0911,2369
2,脚 跳ぶ,7,7,0.0911,2370
2,場 横,7,7,0.0911,2371
2,母 指,7,7,0.0911,2372
2,眼 当る,7,7,0.0911,2373
2,送球 眼,7,7,0.0911,2374
2,近く 眼,7,7,0.0911,2375
2,キャッチャー ピッチャー,7,7,0.0911,2376
2,ファウルチップ 眼,7,7,0.0911,2377
2,タックル 入る,7,5,0.0651,2378
2,眼 あたり,7,7,0.0911,2379
2,打球 防,7,7,0.0911,2380
2,遊び 友人,7,7,0.0911,2381
2,呼ぶ れる,7,7,0.0911,2382
2,強い 蹴る,7,7,0.0911,2383
2,崩す 相手,7,7,0.0911,2384
2,眼科 受診,7,7,0.0911,2385
2,直撃 眼球,7,7,0.0911,2386
2,バドミントン シャトル,7,7,0.0911,2387
2,レスリング 部,7,7,0.0911,2388
2,ゴール ネット,7,7,0.0911,2389
2,眼 痛める,7,7,0.0911,2390
2,練習 続ける,7,7,0.0911,2391
2,痛み 生じる,7,7,0.0911,2392
2,異常 見る,7,7,0.0911,2393
2,意識 戻る,7,7,0.0911,2394
2,神経症 眼,7,7,0.0911,2395
2,体 出血,7,7,0.0911,2396
2,直撃 冷却,7,7,0.0911,2397
2,場 ラグビー,7,7,0.0911,2398
2,崩す 頭,7,7,0.0911,2399
2,頚椎 脱臼,7,7,0.0911,2400
2,プール 飛び込む,7,7,0.0911,2401
2,床 頭,7,7,0.0911,2402
2,補助 者,7,5,0.0651,2403
2,休む せる,7,6,0.0781,2404
2,意識 呼吸,7,7,0.0911,2405
2,状態 救急,7,7,0.0911,2406
2,気道 確保,7,7,0.0911,2407
2,膝 腹部,7,7,0.0911,2408
2,運動 転,7,7,0.0911,2409
2,右手 親指,7,7,0.0911,2410
2,顔面 蒼白,7,7,0.0911,2411
2,中指 薬指,7,7,0.0911,2412
2,れる 左手,7,7,0.0911,2413
2,試合 目,7,4,0.0521,2414
2,当たる 指,7,7,0.0911,2415
2,教諭 心肺,7,7,0.0911,2416
2,腰 強い,7,7,0.0911,2417
2,膝 疼痛,7,7,0.0911,2418
2,病院 治療,7,7,0.0911,2419
2,挟む 切断,7,7,0.0911,2420
2,しまう 左手,7,7,0.0911,2421
2,指 一部,7,7,0.0911,2422
2,薬指 挟む,7,7,0.0911,2423
2,小指 当たる,7,7,0.0911,2424
2,間 左手,7,7,0.0911,2425
2,手押し カンナ,7,6,0.0781,2426
2,手 置く,7,7,0.0911,2427
2,閉める 右手,7,7,0.0911,2428
2,挟む 指,7,7,0.0911,2429
2,節 骨,7,6,0.0781,2430
2,股間 直撃,7,7,0.0911,2431
2,意識 回復,7,7,0.0911,2432
2,動 後日,7,7,0.0911,2433
2,受診 精巣,7,7,0.0911,2434
2,運動会 予行,6,6,0.0781,2435
2,転倒 右肩,6,6,0.0781,2436
2,耳 聞こえる,6,5,0.0651,2437
2,野球 グラウンド,6,6,0.0781,2438
2,投げる 技,6,6,0.0781,2439
2,担任 指導,6,6,0.0781,2440
2,頭部 落下,6,6,0.0781,2441
2,左足 負傷,6,6,0.0781,2442
2,クラス 全員,6,6,0.0781,2443
2,耳 痛み,6,6,0.0781,2444
2,コンクリート 段差,6,6,0.0781,2445
2,場 ボール,6,6,0.0781,2446
2,顔面 頭部,6,6,0.0781,2447
2,ぶつかる 床,6,6,0.0781,2448
2,声 出す,6,6,0.0781,2449
2,次 ボール,6,6,0.0781,2450
2,校庭 遊ぶ,6,6,0.0781,2451
2,遊ぶ 走る,6,6,0.0781,2452
2,ボール ゴール,6,6,0.0781,2453
2,保育 所,6,5,0.0651,2454
2,人 校庭,6,6,0.0781,2455
2,部 終わる,6,6,0.0781,2456
2,雨 濡れる,6,6,0.0781,2457
2,立つ バランス,6,6,0.0781,2458
2,戻る 走る,6,6,0.0781,2459
2,出場 ゴール,6,6,0.0781,2460
2,頭 地面,6,6,0.0781,2461
2,地面 転倒,6,6,0.0781,2462
2,本校 グラウンド,6,6,0.0781,2463
2,業 間,6,6,0.0781,2464
2,足 足,6,6,0.0781,2465
2,足 絡まる,6,6,0.0781,2466
2,ボール 後頭部,6,6,0.0781,2467
2,体育館 シュート,6,6,0.0781,2468
2,部 校舎,6,6,0.0781,2469
2,体育館 入口,6,6,0.0781,2470
2,入口 付近,6,6,0.0781,2471
2,逃げる 走る,6,6,0.0781,2472
2,気 取る,6,6,0.0781,2473
2,非常 階段,6,5,0.0651,2474
2,くる 本,6,6,0.0781,2475
2,練習 休憩,6,6,0.0781,2476
2,負担 かかる,6,6,0.0781,2477
2,捻る 状態,6,6,0.0781,2478
2,時間 下校,6,6,0.0781,2479
2,体育館 倉庫,6,6,0.0781,2480
2,顎 部分,6,6,0.0781,2481
2,関節 部,6,6,0.0781,2482
2,シーソー 遊ぶ,6,6,0.0781,2483
2,宙 浮く,6,6,0.0781,2484
2,近く 見る,6,6,0.0781,2485
2,言語 機能,6,6,0.0781,2486
2,頚部 疼痛,6,6,0.0781,2487
2,膝 口,6,6,0.0781,2488
2,鼻 強打,6,6,0.0781,2489
2,時間 友達,6,6,0.0781,2490
2,転ぶ 手,6,6,0.0781,2491
2,歯 床,6,6,0.0781,2492
2,本 脱落,6,6,0.0781,2493
2,転落 前歯,6,6,0.0781,2494
2,荷物 持つ,6,6,0.0781,2495
2,競争 練習,6,6,0.0781,2496
2,人 足,6,6,0.0781,2497
2,机 椅子,6,5,0.0651,2498
2,スキー 教室,6,6,0.0781,2499
2,部 素振り,6,6,0.0781,2500
2,素振り 練習,6,6,0.0781,2501
2,選手 ぶつかる,6,6,0.0781,2502
2,選手 シュート,6,6,0.0781,2503
2,崩す 階,6,6,0.0781,2504
2,離れる 場所,6,6,0.0781,2505
2,バット 投げる,6,5,0.0651,2506
2,起こす 倒れる,6,6,0.0781,2507
2,転倒 スキー,6,6,0.0781,2508
2,ゴールキーパー 相手,6,6,0.0781,2509
2,顔面 激突,6,6,0.0781,2510
2,打つ 相手,6,6,0.0781,2511
2,横 向く,6,6,0.0781,2512
2,口 ボール,6,6,0.0781,2513
2,失敗 ボール,6,6,0.0781,2514
2,練習 ランナー,6,6,0.0781,2515
2,ボール 転がる,6,6,0.0781,2516
2,遠征 試合,6,6,0.0781,2517
2,スティック 口,6,6,0.0781,2518
2,出す ボール,6,6,0.0781,2519
2,いく 相手,6,6,0.0781,2520
2,競技 練習,6,6,0.0781,2521
2,外れる しまう,6,6,0.0781,2522
2,実験 室,6,6,0.0781,2523
2,状態 前方,6,6,0.0781,2524
2,下りる 階段,6,6,0.0781,2525
2,地面 顎,6,6,0.0781,2526
2,終える 自転車,6,6,0.0781,2527
2,通常 経路,6,6,0.0781,2528
2,ボール 乗る,6,6,0.0781,2529
2,コンクリート 床,6,6,0.0781,2530
2,抜ける 顔面,6,6,0.0781,2531
2,バット キャッチャー,6,6,0.0781,2532
2,走る 塁,6,6,0.0781,2533
2,いく ボール,6,6,0.0781,2534
2,競り合い 相手,6,6,0.0781,2535
2,体育館 友人,6,6,0.0781,2536
2,ふざける 足,6,6,0.0781,2537
2,当たる 転倒,6,6,0.0781,2538
2,近く 座る,6,6,0.0781,2539
2,日常 生活,6,6,0.0781,2540
2,生活 指導,6,6,0.0781,2541
2,始まる 時間,6,6,0.0781,2542
2,大会 バスケットボール,6,6,0.0781,2543
2,れる くる,6,6,0.0781,2544
2,セカンド 守る,6,6,0.0781,2545
2,捕る 損なう,6,6,0.0781,2546
2,損なう ボール,6,6,0.0781,2547
2,ボール 地面,6,6,0.0781,2548
2,付近 ボール,6,6,0.0781,2549
2,リバウンド 取る,6,6,0.0781,2550
2,自転車 タイヤ,6,6,0.0781,2551
2,前輪 挟まる,6,6,0.0781,2552
2,廊下 滑る,6,6,0.0781,2553
2,コンクリート 壁,6,6,0.0781,2554
2,打つ 振る,6,6,0.0781,2555
2,追う くる,6,6,0.0781,2556
2,れる 勢い,6,5,0.0651,2557
2,廊下 壁,6,6,0.0781,2558
2,ポート ボール,6,6,0.0781,2559
2,足 ぶつかる,6,6,0.0781,2560
2,振り切る バット,6,6,0.0781,2561
2,バット 先端,6,6,0.0781,2562
2,腰 辺り,6,6,0.0781,2563
2,顔 落ちる,6,6,0.0781,2564
2,クラス 対抗,6,6,0.0781,2565
2,直接 口,6,6,0.0781,2566
2,直撃 歯,6,6,0.0781,2567
2,部 出血,6,5,0.0651,2568
2,走る 相手,6,6,0.0781,2569
2,携帯 電話,6,5,0.0651,2570
2,口元 強い,6,6,0.0781,2571
2,女子 トイレ,6,6,0.0781,2572
2,友達 遊ぶ,6,6,0.0781,2573
2,歯 ぶつかる,6,6,0.0781,2574
2,場所 移動,6,6,0.0781,2575
2,人 転倒,6,6,0.0781,2576
2,人 乗る,6,6,0.0781,2577
2,廊下 雑巾,6,6,0.0781,2578
2,返す れる,6,6,0.0781,2579
2,素振り 部員,6,6,0.0781,2580
2,来る 友人,6,6,0.0781,2581
2,校舎 周り,6,6,0.0781,2582
2,躓く 転倒,6,6,0.0781,2583
2,濡れる 滑る,6,6,0.0781,2584
2,腕 負傷,6,6,0.0781,2585
2,顎 切る,6,6,0.0781,2586
2,ボール バッター,6,6,0.0781,2587
2,回 宙返り,6,5,0.0651,2588
2,横 飛ぶ,6,6,0.0781,2589
2,支柱 顔,6,6,0.0781,2590
2,ショート 守る,6,6,0.0781,2591
2,道路 ぶつける,6,6,0.0781,2592
2,停車 車,6,6,0.0781,2593
2,両手 負傷,6,6,0.0781,2594
2,しまう バランス,6,6,0.0781,2595
2,前方 来る,6,6,0.0781,2596
2,自転車 衝突,6,6,0.0781,2597
2,大量 出血,6,6,0.0781,2598
2,廊下 立つ,6,6,0.0781,2599
2,形 倒れる,6,6,0.0781,2600
2,取る 追いかける,6,6,0.0781,2601
2,フライ 取る,6,6,0.0781,2602
2,転倒 左側,6,6,0.0781,2603
2,腹部 当たる,6,6,0.0781,2604
2,直接 ボール,6,6,0.0781,2605
2,坂 下る,6,6,0.0781,2606
2,床 つく,6,6,0.0781,2607
2,種目 練習,6,6,0.0781,2608
2,強い 衝撃,6,6,0.0781,2609
2,休憩 とる,6,6,0.0781,2610
2,体育館 壁,6,6,0.0781,2611
2,鼻血 出る,6,6,0.0781,2612
2,転落 負傷,6,6,0.0781,2613
2,室 戻る,6,6,0.0781,2614
2,乗る 足,6,6,0.0781,2615
2,濡れる 足,6,6,0.0781,2616
2,大会 向ける,6,6,0.0781,2617
2,れる 膝,6,6,0.0781,2618
2,走行 自転車,6,6,0.0781,2619
2,バレー 部,6,6,0.0781,2620
2,練習 チームメイト,6,6,0.0781,2621
2,揺らす 遊ぶ,6,6,0.0781,2622
2,崩す 手,6,6,0.0781,2623
2,しまう 落下,6,6,0.0781,2624
2,バスケットボール 相手,6,6,0.0781,2625
2,ボール 損ねる,6,6,0.0781,2626
2,飛ぶ いく,6,6,0.0781,2627
2,方向 変わる,6,6,0.0781,2628
2,手 顔面,6,6,0.0781,2629
2,当たる 鼻,6,6,0.0781,2630
2,つく 手,6,6,0.0781,2631
2,ダブルス ゲーム,6,6,0.0781,2632
2,掴む れる,6,6,0.0781,2633
2,崩す 道路,6,6,0.0781,2634
2,人 一緒,6,6,0.0781,2635
2,蹴る 返す,6,6,0.0781,2636
2,途中 階段,6,6,0.0781,2637
2,崩す 転ぶ,6,6,0.0781,2638
2,くる 転倒,6,6,0.0781,2639
2,試合 サード,6,6,0.0781,2640
2,練習 時間,6,6,0.0781,2641
2,合う 相手,6,6,0.0781,2642
2,出す 足,6,6,0.0781,2643
2,口 出る,6,6,0.0781,2644
2,登校 前方,6,6,0.0781,2645
2,着地 足,6,6,0.0781,2646
2,周辺 部,6,5,0.0651,2647
2,背 向ける,6,6,0.0781,2648
2,筋 トレ,6,6,0.0781,2649
2,放課後 教室,6,6,0.0781,2650
2,崩す 自転車,6,6,0.0781,2651
2,顔面 左側,6,6,0.0781,2652
2,一輪車 乗る,6,6,0.0781,2653
2,登校 班,6,6,0.0781,2654
2,止める ボール,6,6,0.0781,2655
2,分 休憩,6,5,0.0651,2656
2,打球 顔,6,6,0.0781,2657
2,部 ピッチングマシン,6,6,0.0781,2658
2,試合 飛ぶ,6,6,0.0781,2659
2,衝突 顔,6,6,0.0781,2660
2,バッティング ゲージ,6,6,0.0781,2661
2,腰 かける,6,6,0.0781,2662
2,キャッチボール 投げる,6,6,0.0781,2663
2,間 入る,6,6,0.0781,2664
2,時限 目,6,5,0.0651,2665
2,向かう 階段,6,6,0.0781,2666
2,近く 遊ぶ,6,6,0.0781,2667
2,下校 自転車,6,6,0.0781,2668
2,練習 選手,6,6,0.0781,2669
2,試合 セカンド,6,6,0.0781,2670
2,救急 病院,6,6,0.0781,2671
2,下り坂 道路,6,6,0.0781,2672
2,階 上がる,6,6,0.0781,2673
2,トイレ 入ろう,6,6,0.0781,2674
2,会 準備,6,6,0.0781,2675
2,くる 別,6,6,0.0781,2676
2,部員 バット,6,6,0.0781,2677
2,校庭 友人,6,6,0.0781,2678
2,試合 塁,6,6,0.0781,2679
2,塁 塁,6,6,0.0781,2680
2,見える にくい,6,6,0.0781,2681
2,乱取り 練習,6,6,0.0781,2682
2,ろ 押す,6,6,0.0781,2683
2,自転車 接触,6,6,0.0781,2684
2,抜ける 歯,6,6,0.0781,2685
2,運動会 練習,6,6,0.0781,2686
2,室 廊下,6,6,0.0781,2687
2,階 トイレ,6,6,0.0781,2688
2,殺る プレー,6,6,0.0781,2689
2,落下 前歯,6,6,0.0781,2690
2,滑る 地面,6,6,0.0781,2691
2,トス 上げる,6,6,0.0781,2692
2,棟 階,6,4,0.0521,2693
2,首 絞める,6,6,0.0781,2694
2,部分 顎,6,6,0.0781,2695
2,跳箱 跳ぶ,6,6,0.0781,2696
2,内 側,6,6,0.0781,2697
2,シャトル ラン,6,6,0.0781,2698
2,トイレ 入り口,6,6,0.0781,2699
2,教室 うし,6,6,0.0781,2700
2,行く 足,6,6,0.0781,2701
2,体育館 フロア,6,6,0.0781,2702
2,三塁 守備,6,6,0.0781,2703
2,リバウンド ボール,6,6,0.0781,2704
2,付近 友人,6,6,0.0781,2705
2,眼 切れる,6,6,0.0781,2706
2,昇降 口前,6,6,0.0781,2707
2,バット 額,6,6,0.0781,2708
2,シャワー 浴びる,6,6,0.0781,2709
2,場 打球,6,6,0.0781,2710
2,倒立 回転,6,6,0.0781,2711
2,衝突 肘,6,6,0.0781,2712
2,応援 席,6,5,0.0651,2713
2,ホームルーム 教室,6,6,0.0781,2714
2,場 ハンドボール,6,6,0.0781,2715
2,ゴール 向かう,6,6,0.0781,2716
2,守備 位置,6,6,0.0781,2717
2,強打 受診,6,6,0.0781,2718
2,ジャンプ 相手,6,6,0.0781,2719
2,かかる 火傷,6,6,0.0781,2720
2,倒す しまう,6,6,0.0781,2721
2,床 転落,6,6,0.0781,2722
2,ぶつかる 反動,6,6,0.0781,2723
2,前腕 切る,6,6,0.0781,2724
2,窓 閉める,6,6,0.0781,2725
2,割れる 顔面,6,6,0.0781,2726
2,く 飴,6,5,0.0651,2727
2,途中 バランス,6,6,0.0781,2728
2,ぶつかる 前額,6,6,0.0781,2729
2,口 走る,6,6,0.0781,2730
2,遊ぶ 投げる,6,6,0.0781,2731
2,一緒 走る,6,6,0.0781,2732
2,かける 眼鏡,6,6,0.0781,2733
2,倒れる 額,6,6,0.0781,2734
2,飛び込み 転,6,5,0.0651,2735
2,しまう 足首,6,6,0.0781,2736
2,ベランダ 出る,6,6,0.0781,2737
2,当たる ガラス,6,6,0.0781,2738
2,せる 落下,6,6,0.0781,2739
2,登る 遊ぶ,6,6,0.0781,2740
2,かかる しまう,6,6,0.0781,2741
2,おでこ ぶつける,6,6,0.0781,2742
2,鉄棒 上がり,6,6,0.0781,2743
2,入口 ドア,6,6,0.0781,2744
2,前向き 倒れる,6,6,0.0781,2745
2,かかる 膝,6,6,0.0781,2746
2,倒れる 眼,6,6,0.0781,2747
2,眼 上部,6,6,0.0781,2748
2,角 顔,6,6,0.0781,2749
2,窓 近く,6,6,0.0781,2750
2,教室 入り口,6,6,0.0781,2751
2,強い 地面,6,6,0.0781,2752
2,咬む れる,6,6,0.0781,2753
2,割れる 左腕,6,6,0.0781,2754
2,部 ぶつかる,6,6,0.0781,2755
2,頬 切れる,6,6,0.0781,2756
2,部分 右手,6,6,0.0781,2757
2,遊ぶ 誤る,6,6,0.0781,2758
2,窓 開ける,6,6,0.0781,2759
2,しまう 指,6,6,0.0781,2760
2,人 乗り,6,6,0.0781,2761
2,人 サッカー,6,6,0.0781,2762
2,トイレ ドア,6,6,0.0781,2763
2,くる ドア,6,6,0.0781,2764
2,教室 ベランダ,6,6,0.0781,2765
2,つく 右手,6,6,0.0781,2766
2,ぶつける 割れる,6,5,0.0651,2767
2,友人 ら,6,6,0.0781,2768
2,廊下 教室,6,6,0.0781,2769
2,れる 廊下,6,6,0.0781,2770
2,窓 開く,6,6,0.0781,2771
2,用 ネット,6,6,0.0781,2772
2,試合 会場,6,6,0.0781,2773
2,体操 服,6,6,0.0781,2774
2,歩く くる,6,6,0.0781,2775
2,遊び 本,6,6,0.0781,2776
2,練習 鉄棒,6,5,0.0651,2777
2,さ .,6,6,0.0781,2778
2,手 洗う,6,6,0.0781,2779
2,治療 左上,6,6,0.0781,2780
2,一塁 ベース,6,5,0.0651,2781
2,状態 落下,6,6,0.0781,2782
2,閉める ドア,6,6,0.0781,2783
2,列 並ぶ,6,6,0.0781,2784
2,頚椎 捻挫,6,6,0.0781,2785
2,跳ぶ バランス,6,6,0.0781,2786
2,マス ボクシング,6,5,0.0651,2787
2,使う 遊ぶ,6,6,0.0781,2788
2,時間 玄関,6,6,0.0781,2789
2,誤る 足,6,6,0.0781,2790
2,突っ込む ガラス,6,6,0.0781,2791
2,戻る 階段,6,6,0.0781,2792
2,後頭部 打撲,6,6,0.0781,2793
2,相手 プレーヤー,6,5,0.0651,2794
2,友人 トラブル,6,6,0.0781,2795
2,崩す 肘,6,6,0.0781,2796
2,道具 入れ,6,3,0.0391,2797
2,スタート 台,6,6,0.0781,2798
2,角 眼,6,6,0.0781,2799
2,練習 組,6,6,0.0781,2800
2,図画 工作,6,6,0.0781,2801
2,しまう ガラス,6,6,0.0781,2802
2,地面 手,6,6,0.0781,2803
2,友人 衝突,6,6,0.0781,2804
2,突く しまう,6,6,0.0781,2805
2,段差 角,6,6,0.0781,2806
2,ボール 気付く,6,6,0.0781,2807
2,体育 小屋,6,3,0.0391,2808
2,体 当たり,6,6,0.0781,2809
2,部 タックル,6,6,0.0781,2810
2,. m,6,5,0.0651,2811
2,しまう 肘,6,6,0.0781,2812
2,爪 ほお,6,6,0.0781,2813
2,跳ぶ 越える,6,6,0.0781,2814
2,器械体操 部,6,6,0.0781,2815
2,練習 場所,6,6,0.0781,2816
2,強風 あおる,6,6,0.0781,2817
2,落ちる 頭部,6,6,0.0781,2818
2,練習 コート,6,6,0.0781,2819
2,友人 たち,6,6,0.0781,2820
2,上げる 足,6,6,0.0781,2821
2,膝 痛める,6,6,0.0781,2822
2,間 右手,6,6,0.0781,2823
2,団体 戦,6,6,0.0781,2824
2,すり抜ける 眼,6,6,0.0781,2825
2,当たる 醜状,6,6,0.0781,2826
2,骨折 醜状,6,6,0.0781,2827
2,廊下 人,6,6,0.0781,2828
2,上腕 骨折,6,6,0.0781,2829
2,視 残存,6,6,0.0781,2830
2,前腕 瘢痕,6,6,0.0781,2831
2,手術 前腕,6,6,0.0781,2832
2,ボール 近く,6,6,0.0781,2833
2,肢 短縮,6,6,0.0781,2834
2,跳箱 着地,6,6,0.0781,2835
2,肘 瘢痕,6,6,0.0781,2836
2,負傷 顔面,6,6,0.0781,2837
2,首 負傷,6,6,0.0781,2838
2,付近 負傷,6,6,0.0781,2839
2,止血 受診,6,6,0.0781,2840
2,パイプ いす,6,4,0.0521,2841
2,橈骨遠 位,6,5,0.0651,2842
2,ホワイト ボード,6,3,0.0391,2843
2,段違い 平行棒,6,6,0.0781,2844
2,練習 眼,6,6,0.0781,2845
2,ダッシュ 練習,6,6,0.0781,2846
2,眼 あたる,6,6,0.0781,2847
2,ボール 右目,6,6,0.0781,2848
2,シャトル 打ち返す,6,6,0.0781,2849
2,骨折 眼,6,6,0.0781,2850
2,損なう 眼,6,6,0.0781,2851
2,飛ぶ 眼,6,6,0.0781,2852
2,合う 遊ぶ,6,6,0.0781,2853
2,蹴る 膝,6,6,0.0781,2854
2,ネット 穴,6,6,0.0781,2855
2,練習 塁,6,6,0.0781,2856
2,練習 ピッチングマシーン,6,6,0.0781,2857
2,プラスチック 製,6,6,0.0781,2858
2,組み 体操,6,6,0.0781,2859
2,スマッシュ 眼,6,6,0.0781,2860
2,眼 シャトル,6,6,0.0781,2861
2,転落 頭部,6,6,0.0781,2862
2,指 眼,6,6,0.0781,2863
2,練習 人組,6,6,0.0781,2864
2,足 眼,6,6,0.0781,2865
2,れる シャトル,6,6,0.0781,2866
2,戦 相手,6,6,0.0781,2867
2,角膜 裂傷,6,6,0.0781,2868
2,対戦 相手,6,6,0.0781,2869
2,練習 ペア,6,6,0.0781,2870
2,意識 障害,6,6,0.0781,2871
2,痛い 言う,6,6,0.0781,2872
2,倒れる 相手,6,6,0.0781,2873
2,練習 倒立,6,6,0.0781,2874
2,右手 当たる,6,6,0.0781,2875
2,減退 調節,6,6,0.0781,2876
2,白内障 眼,6,6,0.0781,2877
2,硝子 体,6,6,0.0781,2878
2,孔 眼,6,6,0.0781,2879
2,脈絡 膜,6,6,0.0781,2880
2,補強 運動,6,6,0.0781,2881
2,頭 畳,6,6,0.0781,2882
2,傍ら 目撃,6,6,0.0781,2883
2,頭 強打,6,6,0.0781,2884
2,落下 首,6,6,0.0781,2885
2,頭部 マット,6,5,0.0651,2886
2,練習 会,6,6,0.0781,2887
2,小指 骨折,6,6,0.0781,2888
2,台 上前,6,6,0.0781,2889
2,上前 転,6,6,0.0781,2890
2,マラソン 大会,6,6,0.0781,2891
2,薬指 負傷,6,6,0.0781,2892
2,倒れる 病院,6,6,0.0781,2893
2,骨折 感覚,6,6,0.0781,2894
2,頭痛 めまい,6,6,0.0781,2895
2,倒れる 番,6,6,0.0781,2896
2,走る 倒れる,6,6,0.0781,2897
2,失う 心肺,6,6,0.0781,2898
2,四肢 まひ,6,6,0.0781,2899
2,間 指,6,6,0.0781,2900
2,損ねる 右手,6,6,0.0781,2901
2,小指 挟む,6,6,0.0781,2902
2,指 巻き込む,6,6,0.0781,2903
2,指 はさむ,6,6,0.0781,2904
2,小指 強い,6,6,0.0781,2905
2,ボール 左手,6,6,0.0781,2906
2,部 切断,6,6,0.0781,2907
2,指 ボール,6,6,0.0781,2908
2,末節 骨,6,6,0.0781,2909
2,関節 失う,6,6,0.0781,2910
2,手術 小指,6,6,0.0781,2911
2,急 意識,6,6,0.0781,2912
2,状態 AED,6,6,0.0781,2913
2,ない 駆け付ける,6,6,0.0781,2914
2,通報 心肺,6,6,0.0781,2915
2,耳 強い,5,5,0.0651,2916
2,殴る 蹴る,5,5,0.0651,2917
2,部 自転車,5,5,0.0651,2918
2,途中 道路,5,5,0.0651,2919
2,音 耳,5,5,0.0651,2920
2,内野 手,5,5,0.0651,2921
2,試合 見る,5,5,0.0651,2922
2,ファール ボール,5,5,0.0651,2923
2,部 ティー,5,5,0.0651,2924
2,落ちる 後頭部,5,5,0.0651,2925
2,当たる 耳,5,5,0.0651,2926
2,頭部 右側,5,5,0.0651,2927
2,顔面 落下,5,5,0.0651,2928
2,柄 部分,5,5,0.0651,2929
2,つく 倒れる,5,5,0.0651,2930
2,走る タイム,5,4,0.0521,2931
2,頭 首,5,5,0.0651,2932
2,痛い 訴える,5,5,0.0651,2933
2,出る そう,5,5,0.0651,2934
2,スパイク 顔面,5,5,0.0651,2935
2,付近 来る,5,5,0.0651,2936
2,友だち 遊ぶ,5,5,0.0651,2937
2,可動 式,5,5,0.0651,2938
2,準備 部員,5,5,0.0651,2939
2,はさむ れる,5,5,0.0651,2940
2,頭 相手,5,5,0.0651,2941
2,水泳 準備,5,5,0.0651,2942
2,プール 水泳,5,5,0.0651,2943
2,水泳 学習,5,5,0.0651,2944
2,聴力 障害,5,5,0.0651,2945
2,逃げる 足,5,5,0.0651,2946
2,図工 室,5,4,0.0521,2947
2,斜め 前方,5,5,0.0651,2948
2,給食 食べる,5,5,0.0651,2949
2,場 ドッジボール,5,5,0.0651,2950
2,当たる 衝撃,5,5,0.0651,2951
2,地面 頭,5,5,0.0651,2952
2,朝 会,5,5,0.0651,2953
2,教室 席,5,5,0.0651,2954
2,塁 送球,5,5,0.0651,2955
2,ボール 塁,5,5,0.0651,2956
2,相手 顔面,5,5,0.0651,2957
2,バレーボール 練習,5,5,0.0651,2958
2,行く 近く,5,5,0.0651,2959
2,待つ 隣,5,5,0.0651,2960
2,違和感 感じる,5,5,0.0651,2961
2,廊下 床,5,5,0.0651,2962
2,部 ミニゲーム,5,5,0.0651,2963
2,耳鳴り 障害,5,5,0.0651,2964
2,ジャングルジム 遊ぶ,5,5,0.0651,2965
2,投手 打者,5,5,0.0651,2966
2,後ろ 友人,5,5,0.0651,2967
2,場 紅白,5,5,0.0651,2968
2,ボール 頭,5,5,0.0651,2969
2,骨折 外傷,5,5,0.0651,2970
2,校門 出る,5,5,0.0651,2971
2,路 歩く,5,5,0.0651,2972
2,大会 ソフトボール,5,5,0.0651,2973
2,段差 バランス,5,5,0.0651,2974
2,指 痛める,5,5,0.0651,2975
2,穴 入る,5,4,0.0521,2976
2,新体操 部,5,5,0.0651,2977
2,右足 親指,5,5,0.0651,2978
2,飛ぶ 来る,5,5,0.0651,2979
2,足 着地,5,5,0.0651,2980
2,体育館 ハンドボール,5,5,0.0651,2981
2,下校 昇降,5,5,0.0651,2982
2,用 ポール,5,5,0.0651,2983
2,バレーボール コート,5,5,0.0651,2984
2,筋力 トレーニング,5,5,0.0651,2985
2,遊ぶ おる,5,5,0.0651,2986
2,学級 担任,5,4,0.0521,2987
2,担任 声,5,5,0.0651,2988
2,友人 運動,5,5,0.0651,2989
2,部 前歯,5,5,0.0651,2990
2,負傷 保健,5,5,0.0651,2991
2,室 冷却,5,5,0.0651,2992
2,関節 症,5,5,0.0651,2993
2,助走 つける,5,5,0.0651,2994
2,床 雑巾,5,5,0.0651,2995
2,友達 追う,5,5,0.0651,2996
2,時間 クラス,5,5,0.0651,2997
2,避ける 転倒,5,5,0.0651,2998
2,本 本,5,5,0.0651,2999
2,ソフトボール バッター,5,5,0.0651,3000
2,打つ 誤る,5,5,0.0651,3001
2,しまう バット,5,5,0.0651,3002
2,かける 相手,5,5,0.0651,3003
2,手 振り払う,5,5,0.0651,3004
2,機関 受診,5,5,0.0651,3005
2,前歯 直撃,5,5,0.0651,3006
2,友人 じゃれる,5,5,0.0651,3007
2,くる バランス,5,5,0.0651,3008
2,急ぐ 階段,5,5,0.0651,3009
2,味方 同士,5,5,0.0651,3010
2,前歯 唇,5,5,0.0651,3011
2,準備 友人,5,5,0.0651,3012
2,接触 顔面,5,5,0.0651,3013
2,肘 歯,5,5,0.0651,3014
2,ボール 顎,5,5,0.0651,3015
2,球 打球,5,5,0.0651,3016
2,フライ キャッチ,5,5,0.0651,3017
2,危ない 声,5,5,0.0651,3018
2,それる 顔面,5,5,0.0651,3019
2,前歯 歯,5,5,0.0651,3020
2,ボール 渡し,5,4,0.0521,3021
2,強い 床,5,5,0.0651,3022
2,試合 レシーブ,5,5,0.0651,3023
2,選手 肩,5,5,0.0651,3024
2,口 横,5,4,0.0521,3025
2,当たる 口,5,5,0.0651,3026
2,打つ 瞬間,5,5,0.0651,3027
2,しまう 床,5,5,0.0651,3028
2,自宅 マンション,5,4,0.0521,3029
2,電柱 ぶつかる,5,5,0.0651,3030
2,溝 落ちる,5,5,0.0651,3031
2,折れる 本,5,5,0.0651,3032
2,倒れる 手,5,5,0.0651,3033
2,跳ぶ バー,5,5,0.0651,3034
2,バット 直撃,5,5,0.0651,3035
2,スイング バット,5,5,0.0651,3036
2,相撲 部,5,5,0.0651,3037
2,ロッカー 角,5,5,0.0651,3038
2,口 あたり,5,5,0.0651,3039
2,足 ふらつく,5,5,0.0651,3040
2,転ぶ 前歯,5,5,0.0651,3041
2,失う 前方,5,5,0.0651,3042
2,欠ける しまう,5,5,0.0651,3043
2,瞬間 相手,5,5,0.0651,3044
2,押し倒す れる,5,5,0.0651,3045
2,頭 顎,5,5,0.0651,3046
2,当たる 口唇,5,5,0.0651,3047
2,当たり 前歯,5,5,0.0651,3048
2,練習 シート,5,5,0.0651,3049
2,試合 デッドボール,5,5,0.0651,3050
2,当たる 受傷,5,5,0.0651,3051
2,練習 リバウンド,5,5,0.0651,3052
2,格技 場,5,5,0.0651,3053
2,足 口,5,5,0.0651,3054
2,友人 頭,5,5,0.0651,3055
2,激突 顔面,5,5,0.0651,3056
2,会 練習,5,5,0.0651,3057
2,体育館 入り口,5,5,0.0651,3058
2,れる 体,5,5,0.0651,3059
2,ボール 集める,5,5,0.0651,3060
2,向かう 友人,5,5,0.0651,3061
2,られる 手,5,5,0.0651,3062
2,登る くる,5,5,0.0651,3063
2,押す 転倒,5,5,0.0651,3064
2,くる 人,5,5,0.0651,3065
2,人 倒れる,5,5,0.0651,3066
2,投げる 手,5,5,0.0651,3067
2,相手 ぶつかる,5,5,0.0651,3068
2,側 転,5,5,0.0651,3069
2,顎 強い,5,5,0.0651,3070
2,後方 走る,5,5,0.0651,3071
2,顔面 路面,5,5,0.0651,3072
2,られる 振り向く,5,5,0.0651,3073
2,自転車 向かう,5,5,0.0651,3074
2,そう 避ける,5,5,0.0651,3075
2,タイヤ とる,5,5,0.0651,3076
2,友人 机,5,5,0.0651,3077
2,ノー バウンド,5,5,0.0651,3078
2,バウンド 口,5,5,0.0651,3079
2,コート 中央,5,5,0.0651,3080
2,中央 付近,5,5,0.0651,3081
2,ドリブル 相手,5,5,0.0651,3082
2,総合 実習,5,5,0.0651,3083
2,実習 実習,5,5,0.0651,3084
2,場 離れる,5,5,0.0651,3085
2,滑る 遊ぶ,5,5,0.0651,3086
2,リレー 走る,5,5,0.0651,3087
2,見る おる,5,5,0.0651,3088
2,移動 途中,5,5,0.0651,3089
2,ラケット フレーム,5,5,0.0651,3090
2,後ろ向き 走る,5,5,0.0651,3091
2,ボール 損なう,5,5,0.0651,3092
2,早朝 練習,5,5,0.0651,3093
2,ライナー 性,5,5,0.0651,3094
2,頭部 前歯,5,5,0.0651,3095
2,痛み 強い,5,5,0.0651,3096
2,目 足,5,5,0.0651,3097
2,自転車 ペダル,5,5,0.0651,3098
2,ダブルス 組む,5,5,0.0651,3099
2,友人 振る,5,5,0.0651,3100
2,学級 教室,5,5,0.0651,3101
2,転倒 教室,5,5,0.0651,3102
2,バス 待つ,5,4,0.0521,3103
2,遊び 始める,5,5,0.0651,3104
2,U 字,5,3,0.0391,3105
2,額 負傷,5,5,0.0651,3106
2,道路 歩く,5,5,0.0651,3107
2,祭 向ける,5,5,0.0651,3108
2,友人 教室,5,5,0.0651,3109
2,ドア 付近,5,5,0.0651,3110
2,口 切る,5,5,0.0651,3111
2,くる 男子,5,5,0.0651,3112
2,男子 ぶつかる,5,5,0.0651,3113
2,バッターボックス 付近,5,5,0.0651,3114
2,離れる バット,5,5,0.0651,3115
2,ゴールキーパー シュート,5,5,0.0651,3116
2,打球 口元,5,5,0.0651,3117
2,顔 口,5,5,0.0651,3118
2,使う バント,5,5,0.0651,3119
2,ファール チップ,5,5,0.0651,3120
2,ネット 当たる,5,5,0.0651,3121
2,激突 相手,5,5,0.0651,3122
2,激しい 衝突,5,5,0.0651,3123
2,折れる 出血,5,5,0.0651,3124
2,終了 部室,5,5,0.0651,3125
2,本 損傷,5,5,0.0651,3126
2,道路 側溝,5,5,0.0651,3127
2,はまる 転倒,5,5,0.0651,3128
2,避ける ハンドル,5,5,0.0651,3129
2,段差 タイヤ,5,5,0.0651,3130
2,打ちつける 歯,5,5,0.0651,3131
2,場 集合,5,5,0.0651,3132
2,支柱 ぶつかる,5,5,0.0651,3133
2,棒 持つ,5,5,0.0651,3134
2,大会 練習,5,5,0.0651,3135
2,縁石 乗り上げる,5,5,0.0651,3136
2,サーブ 打つ,5,3,0.0391,3137
2,足 すくう,5,5,0.0651,3138
2,試合 出る,5,5,0.0651,3139
2,異常 ない,5,5,0.0651,3140
2,冠 破る,5,5,0.0651,3141
2,靴 ひも,5,5,0.0651,3142
2,ひも 結ぶ,5,5,0.0651,3143
2,けが 負う,5,5,0.0651,3144
2,ズボン 裾,5,5,0.0651,3145
2,時間 人,5,5,0.0651,3146
2,完全 脱臼,5,5,0.0651,3147
2,ｍ 距離,5,5,0.0651,3148
2,グラウンド 試合,5,5,0.0651,3149
2,誤る 手,5,5,0.0651,3150
2,ける れる,5,5,0.0651,3151
2,ボール 近距離,5,5,0.0651,3152
2,補 球,5,5,0.0651,3153
2,強打 れる,5,5,0.0651,3154
2,練習 ファースト,5,5,0.0651,3155
2,ボール 人,5,5,0.0651,3156
2,体育館 対,5,5,0.0651,3157
2,本 前歯,5,5,0.0651,3158
2,登校 歩道,5,5,0.0651,3159
2,歩道 段差,5,5,0.0651,3160
2,車道 歩道,5,5,0.0651,3161
2,持久走 練習,5,5,0.0651,3162
2,～ ｃｍ,5,5,0.0651,3163
2,直径 cm,5,5,0.0651,3164
2,練習 チーム,5,5,0.0651,3165
2,遊ぶ 遊具,5,5,0.0651,3166
2,半分 折れる,5,4,0.0521,3167
2,板 顔面,5,5,0.0651,3168
2,手 本,5,5,0.0651,3169
2,手 つなぐ,5,5,0.0651,3170
2,道路 落ちる,5,5,0.0651,3171
2,雨 地面,5,5,0.0651,3172
2,床 顎,5,5,0.0651,3173
2,部 休憩,5,5,0.0651,3174
2,落下 くる,5,5,0.0651,3175
2,打つ スマッシュ,5,5,0.0651,3176
2,キーパー ボール,5,5,0.0651,3177
2,競技 出場,5,5,0.0651,3178
2,顔 相手,5,5,0.0651,3179
2,全体 練習,5,5,0.0651,3180
2,ボール 飛び込む,5,5,0.0651,3181
2,味方 チーム,5,5,0.0651,3182
2,友人 肘,5,5,0.0651,3183
2,うまい いく,5,5,0.0651,3184
2,膝 ぶつける,5,5,0.0651,3185
2,上り 坂,5,5,0.0651,3186
2,会 終了,5,5,0.0651,3187
2,男子 ふざける,5,5,0.0651,3188
2,顔面 プール,5,5,0.0651,3189
2,振り回す れる,5,5,0.0651,3190
2,階 渡り廊下,5,5,0.0651,3191
2,れる 拍子,5,5,0.0651,3192
2,プール 飛び込み,5,5,0.0651,3193
2,くる 膝,5,5,0.0651,3194
2,ボール 手,5,5,0.0651,3195
2,向かう くる,5,5,0.0651,3196
2,鼻 口,5,5,0.0651,3197
2,投手 ボール,5,5,0.0651,3198
2,避ける バランス,5,5,0.0651,3199
2,終了 体育館,5,5,0.0651,3200
2,途中 足,5,5,0.0651,3201
2,当日 雨,5,5,0.0651,3202
2,頭 床,5,5,0.0651,3203
2,時間 ふざける,5,5,0.0651,3204
2,移動 教室,5,5,0.0651,3205
2,門 付近,5,4,0.0521,3206
2,練習 近く,5,5,0.0651,3207
2,打球 目,5,4,0.0521,3208
2,一塁 送球,5,5,0.0651,3209
2,守備 ボール,5,5,0.0651,3210
2,ゴール ｍ,5,5,0.0651,3211
2,ワイヤー 切れる,5,5,0.0651,3212
2,友だち 人,5,5,0.0651,3213
2,自転車 ぶつかる,5,5,0.0651,3214
2,配膳 台,5,5,0.0651,3215
2,本 目,5,4,0.0521,3216
2,鉄 棒,5,4,0.0521,3217
2,横断 歩道,5,5,0.0651,3218
2,前方 転ぶ,5,5,0.0651,3219
2,練習 ムカデ,5,4,0.0521,3220
2,ムカデ 競争,5,5,0.0651,3221
2,肩 甲骨,5,5,0.0651,3222
2,走る 移動,5,5,0.0651,3223
2,シュート 決める,5,5,0.0651,3224
2,グラウンド 整備,5,5,0.0651,3225
2,グラウンド バッティング,5,5,0.0651,3226
2,登校 雨,5,5,0.0651,3227
2,尻餅 つく,5,5,0.0651,3228
2,上がる 足,5,5,0.0651,3229
2,あたり 当たる,5,5,0.0651,3230
2,遊ぶ 相手,5,5,0.0651,3231
2,内 階段,5,5,0.0651,3232
2,片付け 友人,5,5,0.0651,3233
2,ネット 足,5,5,0.0651,3234
2,守備 相手,5,5,0.0651,3235
2,ピッチャー 打者,5,5,0.0651,3236
2,打つ シュート,5,5,0.0651,3237
2,持ち上げる られる,5,5,0.0651,3238
2,側溝 落ちる,5,5,0.0651,3239
2,転ぶ 拍子,5,5,0.0651,3240
2,頭 マット,5,5,0.0651,3241
2,手 外れる,5,5,0.0651,3242
2,捕る 行く,5,5,0.0651,3243
2,遊ぶ ぶらんこ,5,4,0.0521,3244
2,トイレ 入口,5,5,0.0651,3245
2,部員 人,5,4,0.0521,3246
2,振る れる,5,5,0.0651,3247
2,前方 走る,5,5,0.0651,3248
2,体育 スキー,5,5,0.0651,3249
2,行く しまう,5,5,0.0651,3250
2,上げる 瞬間,5,5,0.0651,3251
2,練習 サード,5,5,0.0651,3252
2,ノック 捕る,5,5,0.0651,3253
2,入る ボール,5,5,0.0651,3254
2,重なる ボール,5,5,0.0651,3255
2,全力 走る,5,5,0.0651,3256
2,バドミントン 練習,5,5,0.0651,3257
2,付近 相手,5,5,0.0651,3258
2,開ける られる,5,5,0.0651,3259
2,ごと 前方,5,5,0.0651,3260
2,強打 額,5,5,0.0651,3261
2,方向 転換,5,5,0.0651,3262
2,室 出る,5,5,0.0651,3263
2,体育 運動会,5,5,0.0651,3264
2,教室 椅子,5,5,0.0651,3265
2,シャトル 拾う,5,5,0.0651,3266
2,金具 部分,5,4,0.0521,3267
2,家庭科 室,5,5,0.0651,3268
2,かける 手,5,5,0.0651,3269
2,ボール 受け取る,5,5,0.0651,3270
2,柔道 技,5,5,0.0651,3271
2,出る 友人,5,5,0.0651,3272
2,ぶつける 出血,5,5,0.0651,3273
2,打撲 負う,5,5,0.0651,3274
2,練習 横,5,5,0.0651,3275
2,守る 打球,5,5,0.0651,3276
2,近く 通る,5,5,0.0651,3277
2,組 ティー,5,5,0.0651,3278
2,瞬間 ボール,5,5,0.0651,3279
2,部 遠征,5,5,0.0651,3280
2,さ 落下,5,5,0.0651,3281
2,左側 倒れる,5,5,0.0651,3282
2,座 面,5,5,0.0651,3283
2,棒 先端,5,4,0.0521,3284
2,廊下 角,5,5,0.0651,3285
2,練習 うし,5,5,0.0651,3286
2,向き 変える,5,5,0.0651,3287
2,床 手,5,5,0.0651,3288
2,ボール 防,5,5,0.0651,3289
2,後方 友人,5,5,0.0651,3290
2,れる 手,5,5,0.0651,3291
2,用水路 転落,5,5,0.0651,3292
2,左腕 強打,5,5,0.0651,3293
2,膝 床,5,5,0.0651,3294
2,棒 取る,5,5,0.0651,3295
2,宙返り 練習,5,5,0.0651,3296
2,試合 体育館,5,5,0.0651,3297
2,ｍ 地点,5,5,0.0651,3298
2,当たる ほお,5,5,0.0651,3299
2,部 鉄棒,5,5,0.0651,3300
2,チーム 分かれる,5,5,0.0651,3301
2,バント ボール,5,5,0.0651,3302
2,前輪 接触,5,5,0.0651,3303
2,対向 車,5,4,0.0521,3304
2,かける 転倒,5,5,0.0651,3305
2,くる 逃げる,5,5,0.0651,3306
2,アスファルト 地面,5,5,0.0651,3307
2,体育館 遊ぶ,5,5,0.0651,3308
2,練習 対,5,5,0.0651,3309
2,キーパー シュート,5,5,0.0651,3310
2,廊下 遊ぶ,5,5,0.0651,3311
2,転倒 ほお,5,5,0.0651,3312
2,しっぽ とり,5,5,0.0651,3313
2,とり ゲーム,5,5,0.0651,3314
2,鉄棒 回り,5,5,0.0651,3315
2,頭部 胸部,5,5,0.0651,3316
2,体育館 走り高跳び,5,5,0.0651,3317
2,振り向く ボール,5,5,0.0651,3318
2,送球 捕る,5,5,0.0651,3319
2,終了 休憩,5,5,0.0651,3320
2,上る 階段,5,5,0.0651,3321
2,場 遊ぶ,5,5,0.0651,3322
2,前方 倒立,5,5,0.0651,3323
2,登校 バランス,5,5,0.0651,3324
2,ゴール ボール,5,5,0.0651,3325
2,教員 指導,5,5,0.0651,3326
2,打つ 後方,5,5,0.0651,3327
2,バスケットボール ドリブル,5,5,0.0651,3328
2,腕 回す,5,5,0.0651,3329
2,籠 入れる,5,5,0.0651,3330
2,膝 打つ,5,5,0.0651,3331
2,縄跳び 持つ,5,4,0.0521,3332
2,持つ 水筒,5,5,0.0651,3333
2,打ち付ける 受診,5,5,0.0651,3334
2,脱臼 歯科,5,5,0.0651,3335
2,教室 自席,5,5,0.0651,3336
2,体育 鉄棒,5,5,0.0651,3337
2,練習 手,5,5,0.0651,3338
2,落ちる 顔面,5,5,0.0651,3339
2,ボール 走る,5,5,0.0651,3340
2,逃げる ドア,5,5,0.0651,3341
2,背中 当たる,5,5,0.0651,3342
2,蹴る 開ける,5,5,0.0651,3343
2,頬 強打,5,5,0.0651,3344
2,ドア 枠,5,5,0.0651,3345
2,右腕 ガラス,5,5,0.0651,3346
2,額 打ち付ける,5,5,0.0651,3347
2,朝 休み,5,5,0.0651,3348
2,コンクリート 柱,5,5,0.0651,3349
2,手 入れる,5,5,0.0651,3350
2,ぶつける 眼,5,5,0.0651,3351
2,部 膝,5,5,0.0651,3352
2,驚く せる,5,5,0.0651,3353
2,ふざける 押す,5,5,0.0651,3354
2,清掃 友人,5,5,0.0651,3355
2,足首 負傷,5,5,0.0651,3356
2,開ける ドア,5,5,0.0651,3357
2,足 ぶつける,5,5,0.0651,3358
2,上体 起こす,5,5,0.0651,3359
2,間 休み,5,5,0.0651,3360
2,せる 教室,5,5,0.0651,3361
2,戸 閉める,5,5,0.0651,3362
2,くる 園児,5,4,0.0521,3363
2,部分 額,5,5,0.0651,3364
2,顔 ひっかく,5,5,0.0651,3365
2,顎 打ちつける,5,5,0.0651,3366
2,科 時間,5,5,0.0651,3367
2,ぶつかる 友人,5,5,0.0651,3368
2,友人 歯,5,5,0.0651,3369
2,上がり 練習,5,5,0.0651,3370
2,悪口 言う,5,5,0.0651,3371
2,ドア 押す,5,5,0.0651,3372
2,膝 大腿,5,5,0.0651,3373
2,頬 ぶつける,5,5,0.0651,3374
2,入り口 壁,5,5,0.0651,3375
2,しまう 左腕,5,5,0.0651,3376
2,落ちる 顎,5,5,0.0651,3377
2,移動 足,5,5,0.0651,3378
2,衝突 額,5,5,0.0651,3379
2,頬 引っかく,5,5,0.0651,3380
2,石 眼,5,5,0.0651,3381
2,左腕 切る,5,5,0.0651,3382
2,ガラス 切る,5,5,0.0651,3383
2,戸 ガラス,5,5,0.0651,3384
2,別 友人,5,5,0.0651,3385
2,方 悪い,5,5,0.0651,3386
2,骨 骨,5,5,0.0651,3387
2,室 窓,5,5,0.0651,3388
2,試合 一塁,5,5,0.0651,3389
2,引っかく 傷,5,5,0.0651,3390
2,ガラス 当たる,5,5,0.0651,3391
2,眉 付近,5,5,0.0651,3392
2,水 入れる,5,5,0.0651,3393
2,つく 転倒,5,5,0.0651,3394
2,ぶつける 前額,5,5,0.0651,3395
2,崩す 地面,5,5,0.0651,3396
2,方向 変える,5,5,0.0651,3397
2,割れる 顔,5,5,0.0651,3398
2,清掃 用具,5,3,0.0391,3399
2,練習 ハードル,5,5,0.0651,3400
2,てい ぶら下がる,5,5,0.0651,3401
2,踏む しまう,5,5,0.0651,3402
2,落ちる 左腕,5,5,0.0651,3403
2,ネット かける,5,4,0.0521,3404
2,転倒 左上,5,5,0.0651,3405
2,鬼 役,5,4,0.0521,3406
2,ガラス 窓,5,5,0.0651,3407
2,引っ張る 合う,5,5,0.0651,3408
2,ボール 出す,5,5,0.0651,3409
2,校庭 走る,5,5,0.0651,3410
2,室 ドア,5,5,0.0651,3411
2,部分 手,5,5,0.0651,3412
2,上部 ガラス,5,5,0.0651,3413
2,負荷 かかる,5,5,0.0651,3414
2,砂場 遊ぶ,5,4,0.0521,3415
2,額 鼻,5,5,0.0651,3416
2,転倒 壁,5,5,0.0651,3417
2,脳 内,5,5,0.0651,3418
2,ｃｍ 切る,5,5,0.0651,3419
2,体育館 外,5,5,0.0651,3420
2,部 頭部,5,4,0.0521,3421
2,走る 窓,5,5,0.0651,3422
2,荷物 置く,5,5,0.0651,3423
2,椅子 背もたれ,5,5,0.0651,3424
2,ぶら下がる 遊ぶ,5,5,0.0651,3425
2,肘 骨折,5,5,0.0651,3426
2,ブロック 塀,5,5,0.0651,3427
2,雨 ぬれる,5,5,0.0651,3428
2,持つ 木,5,5,0.0651,3429
2,れる 思う,5,5,0.0651,3430
2,赤い 腫れる,5,5,0.0651,3431
2,割れる しまう,5,5,0.0651,3432
2,顔面 当たり,5,5,0.0651,3433
2,競り合う 相手,5,5,0.0651,3434
2,左足 強い,5,5,0.0651,3435
2,ぶつける 額,5,5,0.0651,3436
2,右腕 地面,5,5,0.0651,3437
2,行く 走る,5,5,0.0651,3438
2,出入り口 ドア,5,5,0.0651,3439
2,れる 骨折,5,5,0.0651,3440
2,審判 台,5,4,0.0521,3441
2,折れる 傘,5,4,0.0521,3442
2,遊び 行く,5,5,0.0651,3443
2,転ぶ 膝,5,5,0.0651,3444
2,病院 運ぶ,5,5,0.0651,3445
2,ｃｍ 切れる,5,5,0.0651,3446
2,胸部 腹部,5,5,0.0651,3447
2,右前 頭部,5,5,0.0651,3448
2,しまう 膝,5,5,0.0651,3449
2,練習 バッティングマシーン,5,5,0.0651,3450
2,入れる バッター,5,5,0.0651,3451
2,割れる 右腕,5,5,0.0651,3452
2,右肩 強打,5,5,0.0651,3453
2,負う しまう,5,5,0.0651,3454
2,せる しまう,5,5,0.0651,3455
2,手 足,5,5,0.0651,3456
2,教室 着替え,5,5,0.0651,3457
2,サッカー 友人,5,5,0.0651,3458
2,集団 下校,5,5,0.0651,3459
2,加湿 器,5,3,0.0391,3460
2,打撲 負傷,5,5,0.0651,3461
2,つく 左手,5,5,0.0651,3462
2,後方 ボール,5,5,0.0651,3463
2,トイレ 窓,5,5,0.0651,3465
2,登校 昇降,5,5,0.0651,3466
2,肘 膝,5,5,0.0651,3467
2,手前 引く,5,5,0.0651,3468
2,部 かかる,5,5,0.0651,3469
2,練習 回転,5,5,0.0651,3470
2,段 タワー,5,5,0.0651,3471
2,水泳 プール,5,5,0.0651,3472
2,割 創,5,5,0.0651,3473
2,手 添える,5,5,0.0651,3474
2,まぶた 切る,5,5,0.0651,3475
2,走る 昇降,5,5,0.0651,3476
2,くる 手,5,5,0.0651,3477
2,くる 負傷,5,5,0.0651,3478
2,留め 具,5,4,0.0521,3479
2,激痛 走る,5,5,0.0651,3480
2,玄関 ガラス,5,5,0.0651,3481
2,時間 サッカー,5,5,0.0651,3482
2,水 やる,5,3,0.0391,3483
2,転倒 左肩,5,5,0.0651,3484
2,閉める しまう,5,5,0.0651,3485
2,次 打者,5,5,0.0651,3486
2,向こう 側,5,5,0.0651,3487
2,眼鏡 レンズ,5,5,0.0651,3488
2,ぶつかる 転ぶ,5,5,0.0651,3489
2,教諭 指導,5,5,0.0651,3490
2,右腕 強打,5,5,0.0651,3491
2,隙間 通る,5,5,0.0651,3492
2,倒れる 左手,5,5,0.0651,3493
2,来る 相手,5,5,0.0651,3494
2,部 痛み,5,5,0.0651,3495
2,ｍ 付近,5,5,0.0651,3496
2,眼 開ける,5,5,0.0651,3497
2,児 左手,5,5,0.0651,3498
2,入れる しまう,5,5,0.0651,3499
2,プール 入る,5,5,0.0651,3500
2,床 肘,5,5,0.0651,3501
2,当てる しまう,5,5,0.0651,3502
2,走る 追いかける,5,5,0.0651,3503
2,部 打ち付ける,5,5,0.0651,3504
2,手すり つかむ,5,5,0.0651,3505
2,強い 力,5,5,0.0651,3506
2,ほお 切れる,5,5,0.0651,3507
2,部分 ぶつかる,5,5,0.0651,3508
2,骨折 眼窩,5,5,0.0651,3509
2,サッカー ミニゲーム,5,5,0.0651,3510
2,中指 関節,5,5,0.0651,3511
2,ほお 打つ,5,5,0.0651,3512
2,強い 叩く,5,5,0.0651,3513
2,回転 跳ぶ,5,5,0.0651,3514
2,始業 チャイム,5,5,0.0651,3515
2,強い 捻る,5,5,0.0651,3516
2,場 準備,5,5,0.0651,3517
2,体育館 内,5,5,0.0651,3518
2,総合 遊具,5,4,0.0521,3519
2,補助 倒立,5,4,0.0521,3520
2,きれる 倒れる,5,5,0.0651,3521
2,眼 周囲,5,5,0.0651,3522
2,他校 試合,5,5,0.0651,3523
2,後方 宙返り,5,4,0.0521,3524
2,叩く ガラス,5,5,0.0651,3525
2,割れる 手首,5,5,0.0651,3526
2,陥没 骨折,5,4,0.0521,3527
2,骨折 右足,5,4,0.0521,3528
2,血腫 負う,5,5,0.0651,3529
2,半月 板,5,5,0.0651,3530
2,板 損傷,5,5,0.0651,3531
2,損傷 負う,5,5,0.0651,3532
2,脚長 差,5,5,0.0651,3533
2,負傷 鼻,5,5,0.0651,3534
2,科 実習,5,5,0.0651,3535
2,頚部 線,5,5,0.0651,3536
2,眼 頬,5,5,0.0651,3538
2,ハンマー 投げる,5,5,0.0651,3539
2,バッター 打ち返す,5,5,0.0651,3540
2,打ち返す ボール,5,5,0.0651,3541
2,室 園児,5,5,0.0651,3542
2,言う 争い,5,5,0.0651,3543
2,負傷 頬,5,5,0.0651,3544
2,手術 左上,5,5,0.0651,3545
2,右手 強い,5,5,0.0651,3546
2,部 手術,5,5,0.0651,3547
2,はさむ 負傷,5,5,0.0651,3548
2,手術 上腕,5,4,0.0521,3549
2,等 応急,5,5,0.0651,3550
2,治療 頭部,5,5,0.0651,3551
2,骨 遠い,5,5,0.0651,3552
2,セーフティ マット,5,5,0.0651,3553
2,落下 落下,5,5,0.0651,3554
2,関節 内,5,5,0.0651,3555
2,割れる 眼,5,5,0.0651,3556
2,靭帯 損傷,5,5,0.0651,3557
2,頬骨 骨折,5,5,0.0651,3558
2,ノック 球,5,5,0.0651,3559
2,痛み 激しい,5,5,0.0651,3560
2,ヘリ 搬送,5,5,0.0651,3561
2,学園 祭,5,5,0.0651,3562
2,神経 麻痺,5,5,0.0651,3563
2,眼 部分,5,5,0.0651,3564
2,右目 負傷,5,5,0.0651,3565
2,ふざける 投げる,5,5,0.0651,3566
2,練習 メニュー,5,5,0.0651,3567
2,振り返る 眼,5,5,0.0651,3568
2,終了 後片付け,5,5,0.0651,3569
2,眼 痛み,5,5,0.0651,3570
2,友人 打つ,5,5,0.0651,3571
2,キーパー 蹴る,5,5,0.0651,3572
2,蹴る 眼,5,5,0.0651,3573
2,練習 補助,5,5,0.0651,3574
2,箇所 バッティング,5,5,0.0651,3575
2,バット かする,5,5,0.0651,3576
2,ラケット 顔面,5,5,0.0651,3577
2,トイレ 入る,5,5,0.0651,3578
2,床 拭く,5,4,0.0521,3579
2,出血 起こす,5,5,0.0651,3580
2,拾う 投げる,5,5,0.0651,3581
2,部 トス,5,5,0.0651,3582
2,パンチ 眼,5,5,0.0651,3583
2,マシン 球,5,5,0.0651,3584
2,球 入れ,5,5,0.0651,3585
2,練習 捕手,5,5,0.0651,3586
2,後ろ 振り向く,5,5,0.0651,3587
2,人 人,5,5,0.0651,3588
2,眼球 負傷,5,5,0.0651,3589
2,近距離 眼,5,5,0.0651,3590
2,蹴る サッカー,5,5,0.0651,3591
2,シャトル 当たる,5,5,0.0651,3592
2,スマッシュ 練習,5,4,0.0521,3593
2,会 参加,5,5,0.0651,3594
2,試合 続ける,5,5,0.0651,3595
2,眼球 刺さる,5,5,0.0651,3596
2,投げる シャトル,5,5,0.0651,3597
2,友人 待つ,5,5,0.0651,3598
2,眼 眼球,5,5,0.0651,3599
2,左目 負傷,5,5,0.0651,3600
2,おる ボール,5,5,0.0651,3601
2,ベース カバー,5,5,0.0651,3602
2,肩 眼,5,5,0.0651,3603
2,時間 担任,5,5,0.0651,3604
2,児 眼,5,5,0.0651,3605
2,転 着地,5,5,0.0651,3606
2,眼 打つ,5,5,0.0651,3607
2,左目 付近,5,5,0.0651,3608
2,サーブ 練習,5,5,0.0651,3609
2,隣 練習,5,5,0.0651,3610
2,ボール 眼球,5,5,0.0651,3611
2,ボレー 練習,5,5,0.0651,3612
2,距離 ボール,5,5,0.0651,3613
2,コート 入る,5,4,0.0521,3614
2,シャトル 至近,5,5,0.0651,3615
2,彫刻 刀,5,5,0.0651,3616
2,抜ける 眼,5,5,0.0651,3617
2,拾う 眼,5,5,0.0651,3618
2,気付く 眼,5,5,0.0651,3619
2,見る 痛み,5,5,0.0651,3620
2,寝技 練習,5,5,0.0651,3621
2,嘔吐 救急,5,5,0.0651,3622
2,入る 眼,5,5,0.0651,3623
2,吹き抜け 骨折,5,5,0.0651,3624
2,名 ふざける,5,5,0.0651,3626
2,友達 話す,5,5,0.0651,3627
2,年生 男子,5,5,0.0651,3628
2,眼球 運動,5,5,0.0651,3629
2,水晶 体,5,5,0.0651,3630
2,課題 提出,5,3,0.0391,3631
2,倒れる そう,5,5,0.0651,3632
2,られる 眼,5,5,0.0651,3633
2,試合 タックル,5,5,0.0651,3634
2,机 間,5,5,0.0651,3635
2,顔面 足,5,5,0.0651,3636
2,担当 教員,5,5,0.0651,3637
2,三塁 守る,5,5,0.0651,3638
2,バトミントン 部,5,5,0.0651,3639
2,テスト 終了,5,5,0.0651,3641
2,タックル 行く,5,5,0.0651,3642
2,ボール ゴールキーパー,5,5,0.0651,3643
2,ろ 眼,5,5,0.0651,3644
2,受診 入院,5,5,0.0651,3645
2,痛み ひどい,5,5,0.0651,3646
2,駅 ホーム,5,5,0.0651,3647
2,腹部 蹴る,5,5,0.0651,3648
2,眼 網膜,5,5,0.0651,3649
2,コート 脇,5,5,0.0651,3650
2,ボクシング 部,5,5,0.0651,3651
2,倒れる 倒れる,5,5,0.0651,3652
2,試合 リバウンド,5,5,0.0651,3653
2,蹴る しまう,5,5,0.0651,3654
2,体育 組,5,5,0.0651,3655
2,当たる 調節,5,5,0.0651,3656
2,骨折 視力,5,5,0.0651,3657
2,練習 乱取り,5,5,0.0651,3658
2,場 縄跳び,5,5,0.0651,3659
2,減じる 視野,5,5,0.0651,3660
2,首 痛み,5,5,0.0651,3661
2,暗い 外傷,5,5,0.0651,3662
2,眼 盲,5,5,0.0651,3663
2,盲 症,5,5,0.0651,3664
2,れる 日,5,5,0.0651,3665
2,破裂 眼,5,5,0.0651,3666
2,打撲 症,5,5,0.0651,3667
2,治療 網膜,5,5,0.0651,3668
2,裂孔原 性,5,4,0.0521,3669
2,手術 治療,5,5,0.0651,3670
2,後日 受診,5,5,0.0651,3671
2,翌日 受診,5,5,0.0651,3672
2,治療 続ける,5,5,0.0651,3673
2,痛み 治まる,5,5,0.0651,3674
2,状態 心肺,5,5,0.0651,3675
2,教官 刺す,5,5,0.0651,3676
2,刺す 事件,5,5,0.0651,3677
2,事件 凶行,5,5,0.0651,3678
2,凶行 傍ら,5,5,0.0651,3679
2,倒れる 背中,5,5,0.0651,3680
2,落下 背中,5,5,0.0651,3681
2,練習 プール,5,5,0.0651,3682
2,練習 背負い投げ,5,5,0.0651,3683
2,底 頭頂,5,5,0.0651,3684
2,顔色 悪い,5,5,0.0651,3685
2,れる 救急,5,5,0.0651,3686
2,グラウンド 周,5,5,0.0651,3687
2,ｍ 泳ぐ,5,5,0.0651,3688
2,練習 飛び込む,5,5,0.0651,3689
2,確認 れる,5,4,0.0521,3690
2,全力 疾走,5,5,0.0651,3691
2,ビート 板,5,4,0.0521,3692
2,緊急 手術,5,5,0.0651,3693
2,痙攣 起こす,5,5,0.0651,3694
2,平行棒 練習,5,5,0.0651,3695
2,自発 呼吸,5,5,0.0651,3696
2,腰部 強打,5,5,0.0651,3697
2,体操 ストレッチ,5,5,0.0651,3698
2,サイド 引き上げる,5,5,0.0651,3699
2,しまう 背中,5,4,0.0521,3700
2,落下 頭部,5,5,0.0651,3701
2,背面 跳ぶ,5,5,0.0651,3702
2,仕掛ける 相手,5,5,0.0651,3703
2,背中 痛める,5,5,0.0651,3704
2,体育館 組,5,5,0.0651,3705
2,倒れる けいれん,5,5,0.0651,3706
2,なくなる 心肺,5,5,0.0651,3707
2,腰 痛める,5,5,0.0651,3708
2,体力 テスト,5,5,0.0651,3709
2,走る 意識,5,5,0.0651,3710
2,帰宅 痛み,5,5,0.0651,3711
2,薬指 ボール,5,5,0.0651,3712
2,呼び掛ける 反応,5,5,0.0651,3713
2,途中 倒れる,5,5,0.0651,3714
2,裁断 機,5,3,0.0391,3715
2,肢 麻痺,5,5,0.0651,3716
2,くも膜 出血,5,5,0.0651,3717
2,負う 高次,5,5,0.0651,3718
2,骨折 疼痛,5,5,0.0651,3719
2,場 周,5,5,0.0651,3720
2,ペース 走る,5,5,0.0651,3721
2,発現 頚部,5,5,0.0651,3722
2,つく 負傷,5,5,0.0651,3723
2,治療 脳,5,5,0.0651,3724
2,呼吸 確認,5,5,0.0651,3725
2,性 関節,5,5,0.0651,3726
2,痛み 続く,5,5,0.0651,3727
2,てんかん 残る,5,5,0.0651,3728
2,治療 腰椎,5,5,0.0651,3729
2,プレス 機,5,3,0.0391,3730
2,環 指,5,5,0.0651,3731
2,関節 部分,5,5,0.0651,3732
2,台 倒れる,5,5,0.0651,3733
2,誤る 左手,5,5,0.0651,3734
2,誤る 右手,5,5,0.0651,3735
2,くる 右手,5,5,0.0651,3736
2,机 床の間,5,5,0.0651,3737
2,挟まる 切断,5,5,0.0651,3738
2,人差し指 負傷,5,5,0.0651,3739
2,作業 機械,5,5,0.0651,3740
2,右手 挟む,5,5,0.0651,3741
2,指 下敷き,5,5,0.0651,3742
2,小指 痛める,5,5,0.0651,3743
2,中指 切断,5,5,0.0651,3744
2,骨 開放,5,5,0.0651,3745
2,制限 疼痛,5,5,0.0651,3746
2,指 節,5,4,0.0521,3747
2,間 関節,5,4,0.0521,3748
2,転倒 腹部,5,5,0.0651,3749
2,睾丸 当たる,5,5,0.0651,3750
2,精巣 摘出,5,5,0.0651,3751
2,蘇生 実施,5,5,0.0651,3752
2,治療 ICD,5,5,0.0651,3753
2,破裂 手術,5,5,0.0651,3754
2,破裂 摘出,5,5,0.0651,3755
2,通報 教員,5,5,0.0651,3756
2,脾臓 失う,5,5,0.0651,3757
2,睾丸 一部,5,5,0.0651,3758
2,負傷 肘,5,5,0.0651,3759
2,残る 肘,5,5,0.0651,3760
2,股関節 機能,5,5,0.0651,3761
2,胸椎 椎,5,4,0.0521,3762
2,椎 体,5,4,0.0521,3763
2,体 骨折,5,4,0.0521,3764
2,治療 胸椎,5,5,0.0651,3765
2,打つ 骨折,4,4,0.0521,3766
2,遊ぶ ブランコ,4,3,0.0391,3767
2,耳 痛い,4,4,0.0521,3768
2,短距離 走る,4,4,0.0521,3769
2,加える られる,4,4,0.0521,3770
2,部 頬,4,4,0.0521,3771
2,ドッジボール 遊ぶ,4,4,0.0521,3772
2,入る 思う,4,4,0.0521,3773
2,ボール 返球,4,4,0.0521,3774
2,れる 耳,4,4,0.0521,3775
2,ピッチング 練習,4,4,0.0521,3776
2,蹴る 回,4,4,0.0521,3777
2,ソフトボール キャッチボール,4,4,0.0521,3778
2,部 投げる,4,4,0.0521,3779
2,練習 外,4,4,0.0521,3780
2,られる 受身,4,4,0.0521,3781
2,畳 打つ,4,4,0.0521,3782
2,練習 オフェンス,4,4,0.0521,3783
2,フェンス 越える,4,4,0.0521,3784
2,耳 直撃,4,4,0.0521,3785
2,ぶつかる 左側,4,4,0.0521,3786
2,段差 つま,4,4,0.0521,3787
2,当たる 頭部,4,4,0.0521,3788
2,ハンド ベースボール,4,4,0.0521,3789
2,背後 ぶつかる,4,4,0.0521,3790
2,転倒 校庭,4,4,0.0521,3791
2,タイム 測定,4,4,0.0521,3792
2,友人 後方,4,4,0.0521,3793
2,位置 ボール,4,4,0.0521,3794
2,ボール 出る,4,4,0.0521,3795
2,終了 部,4,4,0.0521,3796
2,出血 救急,4,4,0.0521,3797
2,校庭 花壇,4,4,0.0521,3798
2,頭 耳,4,4,0.0521,3799
2,式 バスケット,4,4,0.0521,3800
2,部分 押す,4,4,0.0521,3801
2,圧力 かかる,4,4,0.0521,3802
2,一瞬 気,4,4,0.0521,3803
2,教師 補助,4,4,0.0521,3804
2,運動会 組,4,4,0.0521,3805
2,室 向かう,4,4,0.0521,3806
2,練習 防,4,4,0.0521,3807
2,ネット 間,4,4,0.0521,3808
2,頭部 耳,4,4,0.0521,3809
2,クロール 泳ぐ,4,4,0.0521,3810
2,接触 頭部,4,4,0.0521,3811
2,障害 者,4,4,0.0521,3812
2,座る 隣,4,4,0.0521,3813
2,時間 遊ぶ,4,4,0.0521,3814
2,襲う れる,4,4,0.0521,3815
2,ボール 上がる,4,4,0.0521,3816
2,ぶつかる 頭,4,4,0.0521,3817
2,打つ 手,4,3,0.0391,3818
2,m 離れる,4,4,0.0521,3819
2,時間 終わる,4,4,0.0521,3820
2,場 ミニゲーム,4,4,0.0521,3821
2,試合 審判,4,4,0.0521,3822
2,練習 最後,4,4,0.0521,3823
2,翌日 朝,4,4,0.0521,3824
2,ドッジボール 投げる,4,4,0.0521,3825
2,宿泊 先,4,4,0.0521,3826
2,れる 状態,4,4,0.0521,3827
2,場 ぶらんこ,4,4,0.0521,3828
2,近く 友人,4,4,0.0521,3829
2,ボール 気,4,4,0.0521,3830
2,気 とる,4,4,0.0521,3831
2,れる 友人,4,4,0.0521,3832
2,友人 乗る,4,4,0.0521,3833
2,ディフェンス 練習,4,4,0.0521,3834
2,場 走り高跳び,4,4,0.0521,3835
2,さ 耐える,4,4,0.0521,3836
2,ボール 右側,4,4,0.0521,3837
2,練習 スパイク,4,4,0.0521,3838
2,体育 リレー,4,4,0.0521,3839
2,体 当たる,4,4,0.0521,3840
2,床 落とす,4,4,0.0521,3841
2,階段 下る,4,4,0.0521,3842
2,右足 痛める,4,4,0.0521,3843
2,地面 体,4,4,0.0521,3844
2,転倒 下腿,4,4,0.0521,3845
2,相手 ディフェンス,4,4,0.0521,3846
2,ディフェンス 入る,4,4,0.0521,3847
2,教室 間,4,4,0.0521,3848
2,倒れる 近く,4,4,0.0521,3849
2,練習 更衣,4,4,0.0521,3850
2,体育 倒立,4,4,0.0521,3851
2,状態 マット,4,4,0.0521,3852
2,濡れる 床,4,4,0.0521,3853
2,右足 当たる,4,4,0.0521,3854
2,バレーボール 体育,4,4,0.0521,3855
2,転倒 口元,4,4,0.0521,3856
2,窓 落下,4,4,0.0521,3857
2,周辺 強打,4,4,0.0521,3858
2,遊ぶ 勢い,4,4,0.0521,3859
2,口論 相手,4,4,0.0521,3860
2,車 来る,4,4,0.0521,3861
2,当たる 本,4,4,0.0521,3862
2,打者 空振り,4,4,0.0521,3863
2,くる バット,4,4,0.0521,3864
2,教室 給食,4,4,0.0521,3865
2,流動 食,4,4,0.0521,3866
2,食 摂取,4,4,0.0521,3867
2,清掃 場所,4,4,0.0521,3868
2,場所 向かう,4,4,0.0521,3869
2,しまう 倒れる,4,4,0.0521,3870
2,前歯 部分,4,4,0.0521,3871
2,クラス 友達,4,4,0.0521,3872
2,ジャンプ ボール,4,4,0.0521,3873
2,時間 同級生,4,4,0.0521,3874
2,左側 走る,4,4,0.0521,3875
2,伏せ 倒れる,4,4,0.0521,3876
2,倒れる 歯,4,4,0.0521,3877
2,道路 左端,4,4,0.0521,3878
2,誤る 転落,4,4,0.0521,3879
2,投げる バット,4,4,0.0521,3880
2,打順 待つ,4,4,0.0521,3881
2,痛み 引く,4,4,0.0521,3882
2,時間 プール,4,4,0.0521,3883
2,練習 振る,4,4,0.0521,3884
2,練習 始める,4,4,0.0521,3885
2,顔 ボール,4,4,0.0521,3886
2,失う 顔面,4,4,0.0521,3887
2,道路 ランニング,4,4,0.0521,3888
2,うつ伏せる 状態,4,4,0.0521,3889
2,プール 内,4,4,0.0521,3890
2,椅子 前歯,4,4,0.0521,3891
2,膝 顎,4,4,0.0521,3892
2,鍵 かかる,4,4,0.0521,3893
2,体育 テニス,4,4,0.0521,3894
2,側 後方,4,4,0.0521,3895
2,しまう 後方,4,4,0.0521,3896
2,同士 衝突,4,4,0.0521,3897
2,練習 クラス,4,4,0.0521,3898
2,打者 振る,4,4,0.0521,3899
2,こむ 相手,4,4,0.0521,3900
2,強打 唇,4,4,0.0521,3901
2,歯 ぐらつく,4,4,0.0521,3902
2,ノック イレギュラーバウンド,4,4,0.0521,3903
2,側 ボール,4,4,0.0521,3904
2,野球 ボール,4,4,0.0521,3905
2,バスケットボール 体育,4,4,0.0521,3906
2,遠征 練習,4,4,0.0521,3907
2,時間 次,4,4,0.0521,3908
2,校門 向かう,4,4,0.0521,3909
2,HR 教室,4,4,0.0521,3910
2,場 移動,4,4,0.0521,3911
2,足 つく,4,4,0.0521,3912
2,登校 自宅,4,4,0.0521,3913
2,道路 打ち付ける,4,4,0.0521,3914
2,登校 坂道,4,4,0.0521,3915
2,気分 不良,4,4,0.0521,3916
2,失う 転倒,4,4,0.0521,3917
2,走行 前方,4,4,0.0521,3918
2,ハンドル とる,4,4,0.0521,3919
2,顔面 コンクリート,4,4,0.0521,3920
2,転倒 ハンドル,4,4,0.0521,3921
2,遊ぶ 前方,4,4,0.0521,3922
2,しまう 階,4,4,0.0521,3923
2,階 踊り場,4,4,0.0521,3924
2,もつれる 転ぶ,4,4,0.0521,3925
2,転ぶ 地面,4,4,0.0521,3926
2,打つ 損ねる,4,4,0.0521,3927
2,キャッチャー やる,4,4,0.0521,3928
2,顔面 バット,4,4,0.0521,3929
2,次 バッター,4,4,0.0521,3930
2,脚 練習,4,4,0.0521,3931
2,通る 振る,4,4,0.0521,3932
2,気づく 遅れる,4,4,0.0521,3933
2,とる 行く,4,4,0.0521,3934
2,手 強い,4,4,0.0521,3935
2,練習 転がる,4,4,0.0521,3936
2,触れる バランス,4,4,0.0521,3937
2,接触 歯,4,4,0.0521,3938
2,逃げる 追いかける,4,4,0.0521,3939
2,時間 花壇,4,4,0.0521,3940
2,グリップ 部分,4,3,0.0391,3941
2,抜ける 本,4,4,0.0521,3942
2,顔 打ちつける,4,4,0.0521,3943
2,パス 出す,4,4,0.0521,3944
2,決勝 戦,4,3,0.0391,3945
2,座る 休む,4,4,0.0521,3946
2,歩 歩く,4,4,0.0521,3947
2,足 顎,4,4,0.0521,3948
2,口唇 裂傷,4,4,0.0521,3949
2,ボール 上げる,4,4,0.0521,3950
2,逸れる ボール,4,4,0.0521,3951
2,捕る 練習,4,4,0.0521,3952
2,フライ 上がる,4,4,0.0521,3953
2,ボール 見る,4,4,0.0521,3954
2,枠 顔面,4,4,0.0521,3955
2,練習 肘,4,4,0.0521,3956
2,稽古 相手,4,4,0.0521,3957
2,外れる 顔面,4,4,0.0521,3958
2,操作 誤り,4,4,0.0521,3959
2,乗り上げる 転倒,4,4,0.0521,3960
2,ポール 当たる,4,4,0.0521,3961
2,前方 飛ばす,4,4,0.0521,3962
2,内 負傷,4,4,0.0521,3963
2,せる 地面,4,4,0.0521,3964
2,飛ぶ 行く,4,4,0.0521,3965
2,発表 会,4,4,0.0521,3966
2,練習 教室,4,4,0.0521,3967
2,滑る 友人,4,4,0.0521,3968
2,斜面 駆ける,4,4,0.0521,3969
2,ゴールキーパー ゴール,4,4,0.0521,3970
2,外れる ボール,4,4,0.0521,3971
2,グループ 分かれる,4,4,0.0521,3972
2,分かれる バッティング,4,4,0.0521,3973
2,体育館 通路,4,4,0.0521,3974
2,友人 うし,4,4,0.0521,3975
2,練習 名,4,4,0.0521,3976
2,人 並ぶ,4,4,0.0521,3977
2,折 しまう,4,4,0.0521,3978
2,付近 落下,4,4,0.0521,3979
2,鉄棒 支柱,4,4,0.0521,3980
2,乗る 人,4,4,0.0521,3981
2,プール 掃除,4,4,0.0521,3982
2,プール 床,4,4,0.0521,3983
2,水 かける,4,4,0.0521,3984
2,体 ごと,4,4,0.0521,3985
2,離す タイミング,4,3,0.0391,3986
2,鼻 負傷,4,4,0.0521,3987
2,練習 部室,4,4,0.0521,3988
2,口 辺り,4,4,0.0521,3989
2,自転車 移動,4,4,0.0521,3990
2,度 蹴る,4,4,0.0521,3991
2,立つ 友人,4,4,0.0521,3992
2,つく 顔,4,4,0.0521,3993
2,引っ掛ける 転倒,4,4,0.0521,3994
2,後方 来る,4,4,0.0521,3995
2,道路 顔,4,4,0.0521,3996
2,付近 殴る,4,4,0.0521,3997
2,部 終える,4,4,0.0521,3998
2,バトン 渡す,4,4,0.0521,3999
2,顔面 衝突,4,4,0.0521,4000
2,硬式 ボール,4,4,0.0521,4001
2,打球 直撃,4,4,0.0521,4002
2,周辺 直撃,4,4,0.0521,4003
2,バウンド 顔面,4,4,0.0521,4004
2,ダイビング キャッチ,4,4,0.0521,4005
2,ドリブル 走る,4,4,0.0521,4006
2,試合 ルーズボール,4,4,0.0521,4007
2,追いかける 相手,4,4,0.0521,4008
2,肩 顔面,4,4,0.0521,4009
2,スティック 当たる,4,4,0.0521,4010
2,練習 ドリブル,4,4,0.0521,4011
2,下ろす ラケット,4,4,0.0521,4012
2,生活 単元,4,4,0.0521,4013
2,単元 学習,4,4,0.0521,4014
2,ごと 転落,4,4,0.0521,4015
2,ぶらんこ 遊ぶ,4,4,0.0521,4016
2,声 掛け,4,4,0.0521,4017
2,駅 構内,4,4,0.0521,4018
2,友達 手,4,4,0.0521,4019
2,隣 列,4,4,0.0521,4020
2,取る ぶつかる,4,4,0.0521,4021
2,強打 切る,4,4,0.0521,4022
2,切る 歯,4,4,0.0521,4023
2,激しい ぶつける,4,4,0.0521,4024
2,校庭 出る,4,4,0.0521,4025
2,歌 練習,4,4,0.0521,4026
2,入学 式,4,4,0.0521,4027
2,廊下 足,4,4,0.0521,4028
2,コート 横,4,4,0.0521,4029
2,前歯 受傷,4,4,0.0521,4030
2,石 つまずく,4,4,0.0521,4031
2,周り 走る,4,4,0.0521,4032
2,かくれんぼ 遊ぶ,4,4,0.0521,4033
2,走る 止まる,4,4,0.0521,4034
2,転倒 倒れる,4,4,0.0521,4035
2,くる 友達,4,4,0.0521,4036
2,友達 頭,4,4,0.0521,4037
2,乗る 状態,4,4,0.0521,4038
2,下り坂 自転車,4,4,0.0521,4039
2,つまずく 顔面,4,4,0.0521,4040
2,宙返り 回る,4,4,0.0521,4041
2,回る きれる,4,4,0.0521,4042
2,試合 アップ,4,4,0.0521,4043
2,マシン 使う,4,4,0.0521,4044
2,きれる 顔面,4,4,0.0521,4045
2,後ろ 通る,4,4,0.0521,4046
2,歯 前歯,4,4,0.0521,4047
2,当たり 歯,4,4,0.0521,4048
2,友人 腕,4,4,0.0521,4049
2,選手 ラケット,4,4,0.0521,4050
2,空手 部,4,3,0.0391,4051
2,信号 ない,4,4,0.0521,4052
2,顎 打撲,4,4,0.0521,4053
2,キック ベースボール,4,4,0.0521,4054
2,抜く バット,4,4,0.0521,4055
2,押す もらう,4,4,0.0521,4056
2,引っ掛かる 前のめり,4,4,0.0521,4057
2,走る 鉄棒,4,4,0.0521,4058
2,くる 前歯,4,4,0.0521,4059
2,車椅子 ごと,4,4,0.0521,4060
2,ハンドル 取る,4,4,0.0521,4061
2,口腔 部,4,4,0.0521,4062
2,転倒 足,4,4,0.0521,4063
2,すくう れる,4,4,0.0521,4064
2,右手 殴る,4,4,0.0521,4065
2,球 前歯,4,4,0.0521,4066
2,バット 打つ,4,4,0.0521,4067
2,おる 相手,4,4,0.0521,4068
2,亜 脱臼,4,4,0.0521,4069
2,打撲 歯,4,4,0.0521,4070
2,下校 カーブ,4,4,0.0521,4071
2,床 着く,4,4,0.0521,4072
2,しまう 両手,4,4,0.0521,4073
2,打ち付ける しまう,4,4,0.0521,4074
2,部 コンクリート,4,4,0.0521,4075
2,野球 部員,4,4,0.0521,4076
2,距離 投げる,4,4,0.0521,4077
2,側 飛ぶ,4,4,0.0521,4078
2,練習 ノッカー,4,4,0.0521,4079
2,ノック 打つ,4,4,0.0521,4080
2,口唇 顎,4,4,0.0521,4081
2,内野 守備,4,4,0.0521,4082
2,内 ランニング,4,4,0.0521,4083
2,転がる いく,4,4,0.0521,4084
2,練習 床,4,4,0.0521,4085
2,うつ伏せる 倒れる,4,4,0.0521,4086
2,人 衝突,4,4,0.0521,4087
2,くずす 転倒,4,4,0.0521,4088
2,段差 乗り上げる,4,4,0.0521,4089
2,タイヤ はまる,4,4,0.0521,4090
2,足 伸ばす,4,4,0.0521,4091
2,座る せる,4,4,0.0521,4092
2,競技 種目,4,4,0.0521,4093
2,チーム 人,4,3,0.0391,4094
2,総合 学習,4,4,0.0521,4095
2,相手 背中,4,4,0.0521,4096
2,部分 歯,4,4,0.0521,4097
2,体育館 ミニ,4,4,0.0521,4098
2,本 持つ,4,4,0.0521,4099
2,出る 足,4,4,0.0521,4100
2,打つ 遊ぶ,4,4,0.0521,4101
2,当たる 上下,4,4,0.0521,4102
2,しまう 口,4,4,0.0521,4103
2,学年 練習,4,4,0.0521,4104
2,体 ぶつかる,4,4,0.0521,4105
2,人 引っ張る,4,4,0.0521,4106
2,準備 人,4,4,0.0521,4107
2,道路 顔面,4,4,0.0521,4108
2,顔面 右手,4,4,0.0521,4109
2,右手 強打,4,4,0.0521,4110
2,終了 片付け,4,4,0.0521,4111
2,ごと 回転,4,4,0.0521,4112
2,回転 転倒,4,4,0.0521,4113
2,練習 キーパー,4,4,0.0521,4114
2,体育館 バレー,4,4,0.0521,4115
2,遊ぶ 最中,4,4,0.0521,4116
2,角 強い,4,4,0.0521,4117
2,浮く ボール,4,4,0.0521,4118
2,ネット 向かう,4,4,0.0521,4119
2,頭 衝突,4,4,0.0521,4120
2,サッカー 部員,4,4,0.0521,4121
2,親指 付け根,4,4,0.0521,4122
2,使う 打撃,4,4,0.0521,4123
2,ボール 来る,4,4,0.0521,4124
2,直撃 鼻,4,4,0.0521,4125
2,取る 損なう,4,4,0.0521,4126
2,離れる 飛ぶ,4,4,0.0521,4127
2,近く 歩く,4,4,0.0521,4128
2,きれる 口,4,4,0.0521,4129
2,出血 みる,4,4,0.0521,4130
2,ディフェンス オフェンス,4,4,0.0521,4131
2,選手 振る,4,4,0.0521,4132
2,下がる くる,4,4,0.0521,4133
2,気付く ブレーキ,4,4,0.0521,4134
2,一緒 転倒,4,4,0.0521,4135
2,終える 下校,4,4,0.0521,4136
2,顔 歯,4,4,0.0521,4137
2,同級生 ふざける,4,4,0.0521,4138
2,廊下 友達,4,4,0.0521,4139
2,転ぶ 顔,4,4,0.0521,4140
2,せる 転落,4,4,0.0521,4141
2,腫れる しまう,4,4,0.0521,4142
2,友人 後ろ,4,4,0.0521,4143
2,胸部 圧迫,4,4,0.0521,4144
2,圧迫 れる,4,4,0.0521,4145
2,人 運ぶ,4,3,0.0391,4146
2,蹴る 勢い,4,4,0.0521,4147
2,衝突 歯,4,4,0.0521,4148
2,飛び込み プール,4,4,0.0521,4149
2,取り合う 相手,4,4,0.0521,4150
2,肩 担ぐ,4,3,0.0391,4151
2,部員 振る,4,4,0.0521,4152
2,骨折 前歯,4,4,0.0521,4153
2,練習 内野,4,4,0.0521,4154
2,素振り 気付く,4,4,0.0521,4155
2,公式 戦,4,4,0.0521,4156
2,野球 バット,4,4,0.0521,4157
2,外れる 飛ぶ,4,4,0.0521,4158
2,転倒 前方,4,4,0.0521,4159
2,縁石 顔面,4,4,0.0521,4160
2,上がる くる,4,4,0.0521,4161
2,下り坂 走る,4,4,0.0521,4162
2,運ぶ 途中,4,4,0.0521,4163
2,倒れる 階段,4,4,0.0521,4164
2,帰 校,4,4,0.0521,4165
2,降りる 途中,4,4,0.0521,4166
2,給食 室,4,4,0.0521,4167
2,選択 体育,4,4,0.0521,4168
2,式 練習,4,4,0.0521,4169
2,部 部活,4,4,0.0521,4170
2,崩す 壁,4,4,0.0521,4171
2,口唇 負傷,4,4,0.0521,4172
2,机 移動,4,4,0.0521,4173
2,持つ 友人,4,4,0.0521,4174
2,一緒 帰る,4,4,0.0521,4175
2,振る 近く,4,4,0.0521,4176
2,近く ボール,4,4,0.0521,4177
2,部 当たり,4,4,0.0521,4178
2,せる 顔,4,4,0.0521,4179
2,体育館 準備,4,4,0.0521,4180
2,チーム 打つ,4,4,0.0521,4181
2,一塁 守備,4,4,0.0521,4182
2,練習 ショート,4,4,0.0521,4183
2,入る 打球,4,4,0.0521,4184
2,投げる 打球,4,4,0.0521,4185
2,打球 当たり,4,4,0.0521,4186
2,トス バッター,4,4,0.0521,4187
2,セカンド ベース,4,4,0.0521,4188
2,症状 出る,4,4,0.0521,4189
2,野球 大会,4,4,0.0521,4190
2,部 レシーブ,4,4,0.0521,4191
2,相手 パス,4,4,0.0521,4192
2,目 入る,4,4,0.0521,4193
2,状態 意識,4,4,0.0521,4194
2,別 クラス,4,4,0.0521,4195
2,走る 廊下,4,4,0.0521,4196
2,先端 部分,4,4,0.0521,4197
2,ｍ 歩く,4,4,0.0521,4198
2,階段 落ちる,4,4,0.0521,4199
2,振る 金属,4,4,0.0521,4200
2,れる 逃げる,4,4,0.0521,4201
2,キャッチャー 口,4,4,0.0521,4202
2,祭 学年,4,4,0.0521,4203
2,衝突 頭部,4,4,0.0521,4204
2,ボール 回収,4,4,0.0521,4205
2,移動 机,4,4,0.0521,4206
2,顔面 左腕,4,4,0.0521,4207
2,乗る 自転車,4,4,0.0521,4208
2,部 自主,4,4,0.0521,4209
2,支柱 当たる,4,4,0.0521,4211
2,練習 高い,4,4,0.0521,4212
2,相手 校,4,4,0.0521,4213
2,ランナー 接触,4,4,0.0521,4214
2,ランナー ヘルメット,4,4,0.0521,4215
2,部員 打球,4,4,0.0521,4216
2,ボール 別,4,4,0.0521,4217
2,スタンツ 練習,4,4,0.0521,4218
2,目 人,4,3,0.0391,4219
2,脳貧血 起こす,4,4,0.0521,4220
2,地面 バウンド,4,4,0.0521,4221
2,始業 時間,4,4,0.0521,4222
2,押す バランス,4,4,0.0521,4223
2,部 打ちつける,4,4,0.0521,4224
2,遊ぶ ふざける,4,4,0.0521,4225
2,下校 階段,4,4,0.0521,4226
2,道路 横断,4,4,0.0521,4227
2,両手 荷物,4,4,0.0521,4228
2,部分 負傷,4,4,0.0521,4229
2,時間 階,4,4,0.0521,4230
2,守備 側,4,3,0.0391,4231
2,部 ランニング,4,4,0.0521,4232
2,部員 ふざける,4,4,0.0521,4233
2,場 キャッチャー,4,4,0.0521,4234
2,途中 廊下,4,4,0.0521,4235
2,つける られる,4,4,0.0521,4236
2,祭 予行,4,4,0.0521,4237
2,取る しゃがむ,4,4,0.0521,4238
2,打球 追いかける,4,4,0.0521,4239
2,塁 守る,4,4,0.0521,4240
2,練習 他校,4,4,0.0521,4241
2,ドリブル シュート,4,4,0.0521,4242
2,振る スティック,4,4,0.0521,4243
2,擦過傷 負う,4,4,0.0521,4244
2,応援 団,4,4,0.0521,4245
2,手首 捻る,4,4,0.0521,4246
2,ひく れる,4,4,0.0521,4247
2,かける 間に合う,4,4,0.0521,4248
2,時間 帯,4,4,0.0521,4249
2,床 膝,4,4,0.0521,4250
2,友人 タッチ,4,4,0.0521,4251
2,両手 両足,4,4,0.0521,4252
2,落下 膝,4,4,0.0521,4253
2,ラケット 顔,4,4,0.0521,4255
2,後方 立つ,4,4,0.0521,4256
2,バレーボール レシーブ,4,4,0.0521,4257
2,つく バランス,4,4,0.0521,4258
2,勢い 余り,4,4,0.0521,4259
2,放課後 運動,4,4,0.0521,4260
2,練習 年生,4,4,0.0521,4261
2,運動会 向ける,4,4,0.0521,4262
2,位置 戻る,4,4,0.0521,4263
2,校舎 渡り廊下,4,4,0.0521,4264
2,学年 種目,4,4,0.0521,4265
2,相手 側,4,4,0.0521,4266
2,強い 衝突,4,4,0.0521,4267
2,回し 練習,4,4,0.0521,4268
2,太陽 重なる,4,4,0.0521,4269
2,落ちる 床,4,4,0.0521,4270
2,部 ウォーミングアップ,4,4,0.0521,4271
2,顧問 指導,4,4,0.0521,4272
2,打つ 着地,4,4,0.0521,4273
2,激突 負傷,4,4,0.0521,4274
2,れる 地面,4,4,0.0521,4275
2,走る だす,4,4,0.0521,4276
2,顎 ぶつかる,4,4,0.0521,4277
2,全身 強い,4,4,0.0521,4278
2,室 清掃,4,4,0.0521,4279
2,使う 練習,4,4,0.0521,4280
2,落ちる シャトル,4,4,0.0521,4281
2,教室 男子,4,4,0.0521,4282
2,拾う ボール,4,4,0.0521,4283
2,遊び 人,4,4,0.0521,4284
2,挟 殺る,4,4,0.0521,4285
2,握る れる,4,4,0.0521,4286
2,せる られる,4,4,0.0521,4287
2,顔面 蹴る,4,4,0.0521,4288
2,祭 前日,4,4,0.0521,4289
2,前日 準備,4,4,0.0521,4290
2,終了 自転車,4,4,0.0521,4291
2,額 地面,4,4,0.0521,4292
2,背中 強い,4,4,0.0521,4293
2,崩す マット,4,4,0.0521,4294
2,曲がる 状態,4,4,0.0521,4295
2,部 ゴールキーパー,4,4,0.0521,4296
2,球 顔,4,4,0.0521,4297
2,練習 バッターボックス,4,4,0.0521,4298
2,防止 用,4,4,0.0521,4299
2,引っ掛かる 顔面,4,4,0.0521,4300
2,ろ 飛ぶ,4,4,0.0521,4301
2,参加 試合,4,4,0.0521,4302
2,体育館 階,4,4,0.0521,4303
2,引っ掛かる バランス,4,4,0.0521,4305
2,走る 向かう,4,4,0.0521,4306
2,道路 つまずく,4,4,0.0521,4307
2,体 投げ出す,4,4,0.0521,4308
2,音楽 会,4,4,0.0521,4309
2,辺り 強い,4,4,0.0521,4310
2,部分 切れる,4,4,0.0521,4311
2,ボール 遊ぶ,4,4,0.0521,4312
2,ダンス 練習,4,4,0.0521,4313
2,時間 ソフトボール,4,4,0.0521,4314
2,当たる 勢い,4,4,0.0521,4315
2,練習 ぶつかる,4,4,0.0521,4316
2,野球 バッティング,4,4,0.0521,4317
2,壁 設置,4,4,0.0521,4318
2,壁 衝突,4,4,0.0521,4319
2,体 左側,4,4,0.0521,4320
2,終了 下校,4,4,0.0521,4321
2,道路 横,4,4,0.0521,4322
2,動く 状態,4,4,0.0521,4323
2,膝 擦りむく,4,4,0.0521,4324
2,体育 体育,4,4,0.0521,4325
2,含める 人,4,4,0.0521,4326
2,練習 回,4,4,0.0521,4327
2,球 イレギュラーバウンド,4,4,0.0521,4328
2,勢い 止まる,4,4,0.0521,4329
2,試合 友人,4,4,0.0521,4330
2,学習 公園,4,4,0.0521,4331
2,部分 足,4,4,0.0521,4332
2,走る 道路,4,4,0.0521,4333
2,かける 友人,4,4,0.0521,4334
2,練習 柔道,4,4,0.0521,4335
2,場 仰向け,4,4,0.0521,4336
2,時間 グラウンド,4,4,0.0521,4337
2,以前 トラブル,4,4,0.0521,4338
2,隣 友人,4,4,0.0521,4339
2,外野 フライ,4,4,0.0521,4340
2,体 幹,4,4,0.0521,4341
2,後ろ 引く,4,4,0.0521,4342
2,近く 顔面,4,4,0.0521,4343
2,体力 づくり,4,4,0.0521,4344
2,校舎 間,4,4,0.0521,4345
2,通路 歩く,4,4,0.0521,4346
2,歩く 移動,4,4,0.0521,4347
2,ぶつかる 押す,4,4,0.0521,4348
2,試合 ウォーミングアップ,4,4,0.0521,4349
2,骨折 負う,4,4,0.0521,4350
2,ピッチングマシン ボール,4,4,0.0521,4351
2,場 キャッチボール,4,4,0.0521,4352
2,捕る 走る,4,4,0.0521,4353
2,走る 階段,4,4,0.0521,4354
2,顔 頭部,4,4,0.0521,4355
2,社会 科,4,4,0.0521,4356
2,場 テニス,4,4,0.0521,4357
2,運動 前方,4,4,0.0521,4358
2,られる 廊下,4,4,0.0521,4359
2,崩す ｍ,4,4,0.0521,4360
2,面 打つ,4,4,0.0521,4361
2,使用 バント,4,4,0.0521,4362
2,シュート ブロック,4,4,0.0521,4363
2,発見 救急,4,4,0.0521,4364
2,ドリブル 練習,4,4,0.0521,4365
2,練習 低い,4,4,0.0521,4366
2,卓球 場,4,3,0.0391,4367
2,練習 用,4,4,0.0521,4368
2,場 トス,4,4,0.0521,4369
2,隣 コート,4,4,0.0521,4370
2,くる 取る,4,4,0.0521,4371
2,伸ばす 状態,4,4,0.0521,4372
2,段差 自転車,4,4,0.0521,4373
2,アルコール 引火,4,4,0.0521,4375
2,拾う 友人,4,4,0.0521,4376
2,ドア 蹴る,4,4,0.0521,4377
2,部 下腿,4,4,0.0521,4378
2,振り上げる 手,4,4,0.0521,4379
2,飴 作り,4,4,0.0521,4380
2,アルミ カップ,4,3,0.0391,4381
2,施設 遊ぶ,4,4,0.0521,4382
2,時間 追う,4,4,0.0521,4383
2,口 ドア,4,4,0.0521,4384
2,崩す 落ちる,4,4,0.0521,4385
2,ぶつかる 膝,4,4,0.0521,4386
2,踏み外す 階段,4,4,0.0521,4387
2,投げる 筆箱,4,4,0.0521,4388
2,投げる 返す,4,4,0.0521,4389
2,遊ぶ 校舎,4,4,0.0521,4390
2,走る 出る,4,4,0.0521,4391
2,ガラス 負傷,4,4,0.0521,4392
2,移動 友人,4,4,0.0521,4393
2,時間 掃除,4,4,0.0521,4394
2,割れる 腕,4,4,0.0521,4395
2,着地 しまう,4,4,0.0521,4396
2,遊ぶ 逃げる,4,4,0.0521,4397
2,ガラス 衝突,4,4,0.0521,4398
2,ガラス 片,4,4,0.0521,4399
2,下校 歩道,4,4,0.0521,4400
2,総合 体育,4,4,0.0521,4401
2,破損 ガラス,4,4,0.0521,4402
2,～ m,4,4,0.0521,4403
2,靭帯 断,4,4,0.0521,4404
2,開く ドア,4,4,0.0521,4406
2,閉める 走る,4,4,0.0521,4407
2,眼鏡 かける,4,4,0.0521,4408
2,室 ブロック,4,4,0.0521,4409
2,足 滑らす,4,4,0.0521,4410
2,着替え ふざける,4,4,0.0521,4411
2,爪 ひっかく,4,4,0.0521,4412
2,m 位,4,4,0.0521,4413
2,れる 傷,4,4,0.0521,4414
2,額 打ちつける,4,4,0.0521,4415
2,けんか 顔面,4,4,0.0521,4416
2,清掃 体育館,4,4,0.0521,4417
2,上部 当たる,4,4,0.0521,4418
2,下足 室,4,4,0.0521,4419
2,友人 ドア,4,4,0.0521,4420
2,閉める ガラス,4,4,0.0521,4421
2,鼻 切る,4,4,0.0521,4422
2,入り口 扉,4,4,0.0521,4423
2,失敗 転倒,4,4,0.0521,4424
2,左腕 体重,4,4,0.0521,4425
2,くる 気づく,4,4,0.0521,4426
2,爪 頬,4,4,0.0521,4427
2,始業 休憩,4,4,0.0521,4428
2,れる 体勢,4,4,0.0521,4429
2,衝突 前額,4,4,0.0521,4430
2,けんか 頬,4,4,0.0521,4431
2,しまう 前腕,4,4,0.0521,4432
2,ふざける 背中,4,4,0.0521,4433
2,破片 顔,4,4,0.0521,4434
2,鬼ごっこ トイレ,4,4,0.0521,4435
2,逃げ込む トイレ,4,4,0.0521,4436
2,ガラス 左手,4,4,0.0521,4437
2,左手 突っ込む,4,4,0.0521,4438
2,ガラス 前腕,4,4,0.0521,4439
2,前腕 負傷,4,4,0.0521,4440
2,ドア 押さえる,4,4,0.0521,4441
2,入り口 ガラス,4,4,0.0521,4442
2,ガラス 蹴る,4,4,0.0521,4443
2,割れる 足,4,4,0.0521,4444
2,靱帯 損傷,4,4,0.0521,4445
2,れる 出血,4,4,0.0521,4446
2,熱湯 かかる,4,4,0.0521,4447
2,頬 ぶつかる,4,4,0.0521,4448
2,階段 登る,4,4,0.0521,4449
2,転倒 棚,4,4,0.0521,4450
2,縁 額,4,4,0.0521,4451
2,午睡 準備,4,4,0.0521,4452
2,割れる 割れる,4,4,0.0521,4453
2,付近 人,4,4,0.0521,4454
2,突き飛ばす れる,4,4,0.0521,4455
2,見る 行く,4,4,0.0521,4456
2,場所 戻る,4,4,0.0521,4457
2,左上 眼瞼,4,3,0.0391,4458
2,れる 受傷,4,4,0.0521,4459
2,室 教室,4,4,0.0521,4460
2,体育館 清掃,4,4,0.0521,4461
2,準備 室,4,4,0.0521,4462
2,行く ドア,4,4,0.0521,4463
2,右腕 切る,4,4,0.0521,4464
2,ハードル 練習,4,4,0.0521,4465
2,ひっかける 転倒,4,4,0.0521,4466
2,走る トイレ,4,4,0.0521,4467
2,鬼ごっこ 衝突,4,4,0.0521,4468
2,衝突 頬,4,4,0.0521,4469
2,眉 上部,4,4,0.0521,4470
2,返事 ない,4,4,0.0521,4471
2,合う 人,4,4,0.0521,4472
2,本棚 角,4,4,0.0521,4473
2,バランス とる,4,4,0.0521,4474
2,転倒 そう,4,4,0.0521,4475
2,開ける 窓,4,4,0.0521,4476
2,落ちる 地面,4,4,0.0521,4477
2,別 ぶつかる,4,4,0.0521,4478
2,かける フック,4,4,0.0521,4479
2,ｍ 転落,4,4,0.0521,4480
2,練習 タックル,4,4,0.0521,4481
2,捻る 転倒,4,4,0.0521,4482
2,調理 室,4,4,0.0521,4483
2,額 直撃,4,4,0.0521,4484
2,ガラス 頬,4,4,0.0521,4485
2,両手 突っ込む,4,4,0.0521,4486
2,突っ込む 負傷,4,4,0.0521,4487
2,押す 押す,4,4,0.0521,4488
2,額 頬,4,4,0.0521,4489
2,頬 裂傷,4,4,0.0521,4490
2,首 かかる,4,4,0.0521,4491
2,延長 保育,4,4,0.0521,4492
2,ぶらんこ 乗る,4,4,0.0521,4493
2,片付ける 本,4,4,0.0521,4494
2,握る 手,4,4,0.0521,4495
2,移動 歩く,4,4,0.0521,4496
2,眉 強打,4,4,0.0521,4497
2,桜 木,4,4,0.0521,4498
2,水 飲む,4,4,0.0521,4499
2,転がる 落ちる,4,4,0.0521,4500
2,れる 部分,4,4,0.0521,4501
2,室 鬼ごっこ,4,4,0.0521,4503
2,友人 からかう,4,4,0.0521,4504
2,応援 練習,4,4,0.0521,4505
2,耐える られる,4,4,0.0521,4506
2,眼下 当たる,4,4,0.0521,4507
2,登校 くる,4,4,0.0521,4508
2,しまう 友人,4,4,0.0521,4509
2,終える 教室,4,4,0.0521,4510
2,枝 投げる,4,4,0.0521,4511
2,とぶ 練習,4,4,0.0521,4512
2,右腕 身体,4,4,0.0521,4513
2,身体 下敷き,4,4,0.0521,4514
2,角 打ちつける,4,4,0.0521,4515
2,左上 眼,4,4,0.0521,4516
2,取る バランス,4,4,0.0521,4517
2,縄 持つ,4,3,0.0391,4518
2,手 部分,4,4,0.0521,4519
2,首 肩,4,4,0.0521,4520
2,額 中央,4,4,0.0521,4521
2,顔面 顔面,4,4,0.0521,4522
2,当たる 前額,4,4,0.0521,4523
2,手術 頭部,4,4,0.0521,4524
2,膝 痛み,4,4,0.0521,4525
2,耳 介,4,3,0.0391,4526
2,強い ひねる,4,4,0.0521,4527
2,児 額,4,4,0.0521,4528
2,児 名,4,4,0.0521,4529
2,フック 眼,4,4,0.0521,4530
2,ガラス 額,4,4,0.0521,4531
2,外 遊び,4,4,0.0521,4532
2,落下 右腕,4,4,0.0521,4533
2,ガラス 刺さる,4,4,0.0521,4534
2,ガスコンロ 火,4,4,0.0521,4535
2,状態 手,4,4,0.0521,4536
2,右腕 骨折,4,4,0.0521,4537
2,大学 病院,4,4,0.0521,4538
2,受診 勧める,4,4,0.0521,4539
2,転倒 背中,4,4,0.0521,4540
2,カレー 鍋,4,3,0.0391,4541
2,鍋 傾く,4,4,0.0521,4542
2,ごっこ 遊び,4,4,0.0521,4543
2,友達 ぶつかる,4,4,0.0521,4544
2,右腕 突っ込む,4,4,0.0521,4545
2,遊ぶ 蹴る,4,4,0.0521,4546
2,ランドセル 背負う,4,4,0.0521,4547
2,道路 右側,4,4,0.0521,4548
2,並ぶ 歩く,4,4,0.0521,4549
2,強風 吹く,4,3,0.0391,4550
2,石 割れる,4,4,0.0521,4551
2,部室 ドア,4,4,0.0521,4552
2,腱 断,4,4,0.0521,4553
2,室 入る,4,4,0.0521,4554
2,破片 刺さる,4,4,0.0521,4555
2,通用 門,4,4,0.0521,4556
2,練習 態度,4,4,0.0521,4557
2,転落 前額,4,4,0.0521,4558
2,膝 内側,4,4,0.0521,4559
2,固定 れる,4,4,0.0521,4560
2,預かる 保育,4,4,0.0521,4561
2,椅子 角,4,4,0.0521,4562
2,児 持つ,4,4,0.0521,4563
2,顔 首,4,4,0.0521,4564
2,出る ドア,4,4,0.0521,4565
2,余る 窓,4,4,0.0521,4566
2,ドア 挟む,4,4,0.0521,4567
2,台 置く,4,4,0.0521,4568
2,職員 玄関,4,4,0.0521,4569
2,体 地面,4,4,0.0521,4570
2,走る 降りる,4,4,0.0521,4571
2,友だち ふざける,4,4,0.0521,4572
2,ガラス 突っ込む,4,4,0.0521,4573
2,右手 前腕,4,4,0.0521,4574
2,上げる 打つ,4,4,0.0521,4575
2,しまう 頭部,4,4,0.0521,4576
2,指導 もと,4,4,0.0521,4577
2,児 ぶつかる,4,4,0.0521,4578
2,べっ甲 飴,4,3,0.0391,4579
2,ぶつける 眉,4,4,0.0521,4580
2,眉 切る,4,4,0.0521,4581
2,部 左手,4,3,0.0391,4582
2,人 持つ,4,4,0.0521,4583
2,交錯 転倒,4,4,0.0521,4584
2,倒れ込む 相手,4,4,0.0521,4585
2,逃げる 後ろ,4,4,0.0521,4586
2,教室 クラス,4,4,0.0521,4587
2,教室 掃除,4,4,0.0521,4588
2,閉まる くる,4,4,0.0521,4589
2,ひさし 部分,4,4,0.0521,4590
2,両手 指,4,4,0.0521,4591
2,眉間 部,4,4,0.0521,4592
2,ピッチャー ライナー,4,4,0.0521,4593
2,近づく 相手,4,4,0.0521,4594
2,泣く 始める,4,4,0.0521,4595
2,鉄棒 落下,4,4,0.0521,4596
2,席 立つ,4,4,0.0521,4597
2,工作 時間,4,4,0.0521,4598
2,時間 ブランコ,4,4,0.0521,4599
2,左手 強い,4,4,0.0521,4600
2,左腕 ガラス,4,3,0.0391,4601
2,れる 壁,4,4,0.0521,4602
2,～ cm,4,3,0.0391,4603
2,走る 帰る,4,4,0.0521,4604
2,放課後 体育館,4,4,0.0521,4605
2,後頭部 床,4,4,0.0521,4606
2,練習 ウォーミングアップ,4,4,0.0521,4607
2,試合 スパイク,4,4,0.0521,4608
2,蛍光 灯,4,3,0.0391,4609
2,ガラス 押す,4,4,0.0521,4610
2,転倒 後続,4,4,0.0521,4611
2,後ろ 転倒,4,4,0.0521,4612
2,頭部 頬,4,4,0.0521,4613
2,上げる ボール,4,4,0.0521,4614
2,休業 野球,4,4,0.0521,4615
2,落下 腹部,4,4,0.0521,4616
2,つく 左腕,4,4,0.0521,4617
2,場 ピッチングマシン,4,4,0.0521,4618
2,顔面 鼻,4,4,0.0521,4619
2,室 自由,4,4,0.0521,4620
2,児 かかる,4,4,0.0521,4621
2,眼 眉,4,4,0.0521,4622
2,怒る せる,4,4,0.0521,4623
2,空中 バランス,4,4,0.0521,4624
2,かかる 肘,4,4,0.0521,4625
2,付近 鬼ごっこ,4,4,0.0521,4626
2,しまう 机,4,4,0.0521,4627
2,まぶた 切れる,4,4,0.0521,4628
2,口 友人,4,4,0.0521,4629
2,手首 負傷,4,4,0.0521,4630
2,左手 掌,4,4,0.0521,4631
2,つく 骨折,4,4,0.0521,4632
2,倒れる 大腿,4,4,0.0521,4633
2,さ 調節,4,3,0.0391,4634
2,トラブル 顔,4,4,0.0521,4635
2,体 動かす,4,4,0.0521,4636
2,トイレ 向かう,4,4,0.0521,4637
2,ぶつかる 額,4,4,0.0521,4638
2,衝突 しまう,4,4,0.0521,4640
2,ほお 切る,4,4,0.0521,4641
2,衝突 ほお,4,4,0.0521,4642
2,終了 部員,4,4,0.0521,4643
2,気付く ぶつかる,4,4,0.0521,4644
2,走り回る 遊ぶ,4,4,0.0521,4645
2,m 高い,4,4,0.0521,4646
2,右手 滑る,4,4,0.0521,4647
2,形 負傷,4,4,0.0521,4648
2,あう 友人,4,4,0.0521,4649
2,運動 跳ぶ,4,4,0.0521,4650
2,床 座る,4,4,0.0521,4651
2,背中 叩く,4,4,0.0521,4652
2,首 右腕,4,4,0.0521,4653
2,投球 眼,4,4,0.0521,4654
2,直撃 眼鏡,4,4,0.0521,4655
2,骨折 判明,4,4,0.0521,4656
2,準備 体育館,4,4,0.0521,4657
2,誤る 階,4,4,0.0521,4658
2,庇 ひさし,4,4,0.0521,4659
2,腹部 直撃,4,4,0.0521,4660
2,転倒 骨折,4,4,0.0521,4661
2,新人 大会,4,4,0.0521,4662
2,原因 分かる,4,4,0.0521,4663
2,倒れる かかる,4,4,0.0521,4664
2,触れる 負傷,4,4,0.0521,4665
2,かける 足,4,4,0.0521,4666
2,地面 後頭部,4,4,0.0521,4667
2,ぶつかる ほお,4,4,0.0521,4668
2,走る 追いつく,4,4,0.0521,4669
2,ランドセル 押す,4,4,0.0521,4670
2,練習 後方,4,4,0.0521,4671
2,られる 受け身,4,4,0.0521,4672
2,受け身 取る,4,4,0.0521,4673
2,しまう 痛める,4,4,0.0521,4674
2,地区 大会,4,4,0.0521,4675
2,体育館 教室,4,4,0.0521,4676
2,つく 痛める,4,4,0.0521,4677
2,介助 者,4,3,0.0391,4678
2,友人 怒る,4,4,0.0521,4679
2,待機 場所,4,4,0.0521,4680
2,左手 持つ,4,4,0.0521,4681
2,足 持ち上げる,4,4,0.0521,4682
2,開く 窓,4,4,0.0521,4683
2,守る 相手,4,4,0.0521,4684
2,跳ね返る 顔面,4,4,0.0521,4685
2,体育 始まる,4,4,0.0521,4686
2,校舎 外周,4,4,0.0521,4687
2,相手 スパイク,4,4,0.0521,4688
2,頭 突き,4,4,0.0521,4689
2,呼ぶ 病院,4,4,0.0521,4690
2,ほお 強い,4,4,0.0521,4691
2,倒れる 頭部,4,4,0.0521,4692
2,頭部 床,4,4,0.0521,4693
2,登校 通学,4,4,0.0521,4694
2,つく 衝撃,4,4,0.0521,4695
2,腹痛 訴える,4,4,0.0521,4696
2,感覚 麻痺,4,4,0.0521,4697
2,麻痺 まひ,4,4,0.0521,4698
2,感覚 ない,4,4,0.0521,4699
2,ターゲット バード,4,4,0.0521,4700
2,バード ゴルフ,4,4,0.0521,4701
2,飛び込む くる,4,4,0.0521,4702
2,選手 体,4,4,0.0521,4703
2,接触 眼,4,4,0.0521,4704
2,回転 刃,4,4,0.0521,4705
2,者 連絡,4,4,0.0521,4706
2,ほお 強打,4,4,0.0521,4707
2,崩す 窓,4,4,0.0521,4708
2,ぶつける 醜状,4,4,0.0521,4709
2,部 醜状,4,4,0.0521,4710
2,台 練習,4,4,0.0521,4711
2,変形 性,4,4,0.0521,4712
2,腕 骨折,4,4,0.0521,4713
2,机 天,4,4,0.0521,4714
2,人 走る,4,4,0.0521,4715
2,走る 競争,4,4,0.0521,4716
2,グラウンド 組,4,4,0.0521,4717
2,ほお 直撃,4,4,0.0521,4718
2,血腫 脳,4,4,0.0521,4719
2,練習 自転車,4,4,0.0521,4720
2,実習 実験,4,4,0.0521,4721
2,関節 瘢痕,4,4,0.0521,4722
2,たこ 揚げ,4,4,0.0521,4723
2,たこ 糸,4,4,0.0521,4724
2,眉 部,4,4,0.0521,4725
2,字 型,4,4,0.0521,4726
2,疼痛 瘢痕,4,4,0.0521,4727
2,辺り 強打,4,4,0.0521,4728
2,めまい 発現,4,4,0.0521,4729
2,膝 地面,4,4,0.0521,4730
2,負傷 頚部,4,4,0.0521,4731
2,負傷 線,4,4,0.0521,4732
2,近く 顔,4,4,0.0521,4733
2,ハンド スプリング,4,4,0.0521,4734
2,入る 転倒,4,4,0.0521,4735
2,られる 倒れる,4,4,0.0521,4736
2,時間 渡り廊下,4,4,0.0521,4737
2,関節 骨折,4,4,0.0521,4738
2,手術 線,4,4,0.0521,4739
2,右手 床,4,4,0.0521,4740
2,腕骨 内,4,4,0.0521,4741
2,内 顆骨折,4,4,0.0521,4742
2,創 下腿,4,4,0.0521,4743
2,挫創 眉,4,4,0.0521,4744
2,腕骨 顆上骨,4,4,0.0521,4745
2,顎 線,4,4,0.0521,4746
2,端 線,4,4,0.0521,4747
2,治療 顎,4,4,0.0521,4748
2,落下 眼,4,4,0.0521,4749
2,部 飛ぶ,4,4,0.0521,4750
2,工業 実習,4,4,0.0521,4751
2,体育 屋内,4,4,0.0521,4752
2,ベース 向かう,4,4,0.0521,4753
2,開く 気付く,4,4,0.0521,4754
2,腕骨 変形,4,4,0.0521,4755
2,チーム 衝突,4,4,0.0521,4756
2,骨折 下肢,4,4,0.0521,4757
2,転倒 受診,4,4,0.0521,4758
2,部 眼,4,4,0.0521,4759
2,肘 捻る,4,4,0.0521,4760
2,ぶつける 受診,4,4,0.0521,4761
2,腕骨 骨,4,4,0.0521,4762
2,敷く れる,4,4,0.0521,4763
2,マット 敷く,4,4,0.0521,4764
2,バスケットボール パス,4,4,0.0521,4765
2,逸れる 眼,4,4,0.0521,4766
2,戻る 階,4,3,0.0391,4767
2,朝 始業,4,4,0.0521,4768
2,眼 突く,4,4,0.0521,4769
2,左目 直撃,4,4,0.0521,4770
2,一塁 側,4,4,0.0521,4771
2,打つ 打つ,4,4,0.0521,4772
2,後ろ 眼,4,4,0.0521,4773
2,ゲーム 参加,4,4,0.0521,4774
2,体育 ハンドボール,4,4,0.0521,4775
2,ベース 付近,4,4,0.0521,4776
2,試合 ブロック,4,4,0.0521,4777
2,部 ダブルス,4,4,0.0521,4778
2,イレギュラー 眼,4,4,0.0521,4779
2,球 目,4,4,0.0521,4780
2,打球 ファウルチップ,4,4,0.0521,4781
2,練習 野球,4,4,0.0521,4782
2,打ち合い 相手,4,4,0.0521,4783
2,頭 頭,4,4,0.0521,4784
2,瞬間 眼,4,4,0.0521,4785
2,マシン バッティング,4,3,0.0391,4786
2,負傷 眼窩,4,4,0.0521,4787
2,持つ 鉛筆,4,4,0.0521,4788
2,先 ボール,4,4,0.0521,4789
2,遊撃手 送球,4,3,0.0391,4790
2,球 捕る,4,4,0.0521,4791
2,打球 方向,4,4,0.0521,4792
2,遊ぶ 廊下,4,4,0.0521,4793
2,友人 口論,4,4,0.0521,4794
2,ｍ 至近,4,4,0.0521,4796
2,間 すり抜ける,4,4,0.0521,4797
2,ファウルチップ ボール,4,4,0.0521,4798
2,試合 倒れる,4,4,0.0521,4799
2,壁 倒立,4,4,0.0521,4800
2,顎 眼,4,4,0.0521,4801
2,教室 階,4,4,0.0521,4803
2,振る 傘,4,4,0.0521,4804
2,打球 左目,4,4,0.0521,4805
2,こぶし 眼,4,4,0.0521,4806
2,距離 相手,4,4,0.0521,4807
2,キャッチボール 練習,4,4,0.0521,4808
2,変わる 眼,4,4,0.0521,4809
2,投げる 練習,4,4,0.0521,4810
2,投げる 終わる,4,4,0.0521,4811
2,氷 冷やす,4,4,0.0521,4812
2,石 拾う,4,4,0.0521,4813
2,分 頃,4,3,0.0391,4814
2,フットサル 試合,4,4,0.0521,4815
2,回し 手,4,3,0.0391,4816
2,かける ボール,4,3,0.0391,4817
2,投げる 打つ,4,4,0.0521,4818
2,トラブル 顔面,4,4,0.0521,4819
2,顔面 発,4,4,0.0521,4820
2,試合 開始,4,4,0.0521,4821
2,近い 距離,4,4,0.0521,4822
2,肩車 乗る,4,4,0.0521,4823
2,異常 訴える,4,4,0.0521,4824
2,落ちる 倒れる,4,4,0.0521,4825
2,ゴールキーパー 蹴る,4,4,0.0521,4826
2,当たる 近く,4,4,0.0521,4827
2,右前 房,4,4,0.0521,4828
2,ピッチングマシン 使う,4,4,0.0521,4829
2,クラスメイト 人,4,4,0.0521,4830
2,柄 眼,4,4,0.0521,4831
2,バッティングマシーン 球,4,4,0.0521,4832
2,肩 強い,4,4,0.0521,4833
2,側 倒れる,4,4,0.0521,4834
2,強い 振る,4,4,0.0521,4835
2,認める られる,4,4,0.0521,4836
2,木材 加工,4,4,0.0521,4837
2,ラジオ ペンチ,4,3,0.0391,4838
2,走る 始める,4,4,0.0521,4839
2,投げる くる,4,4,0.0521,4840
2,立つ ピッチャー,4,4,0.0521,4841
2,ピッチャー 眼,4,4,0.0521,4842
2,イレギュラーバウンド 眼,4,4,0.0521,4843
2,外れる 眼,4,4,0.0521,4844
2,切れる 眼,4,4,0.0521,4845
2,調子 悪い,4,3,0.0391,4847
2,味方 パス,4,4,0.0521,4848
2,ゲーム パス,4,4,0.0521,4849
2,窓 身,4,4,0.0521,4850
2,ボール 左側,4,4,0.0521,4851
2,打つ サーブ,4,4,0.0521,4852
2,サッカー 至近,4,4,0.0521,4853
2,打ち合い 練習,4,4,0.0521,4854
2,向かう ボール,4,4,0.0521,4855
2,投げる 上げる,4,4,0.0521,4856
2,練習 ダブルス,4,4,0.0521,4857
2,人 窓,4,4,0.0521,4858
2,ほうき 柄,4,4,0.0521,4859
2,下部 当たる,4,4,0.0521,4861
2,練習 マシーン,4,4,0.0521,4862
2,体育 倉庫,4,4,0.0521,4863
2,違和感 覚える,4,4,0.0521,4864
2,ネット 枠,4,4,0.0521,4865
2,枠 当たる,4,4,0.0521,4866
2,ライナー 直撃,4,4,0.0521,4867
2,症状 改善,4,4,0.0521,4868
2,顧問 教諭,4,3,0.0391,4869
2,ドリブル ボール,4,4,0.0521,4870
2,体育 バレーボール,4,4,0.0521,4871
2,ない 練習,4,4,0.0521,4872
2,続ける 帰宅,4,4,0.0521,4873
2,帰宅 翌日,4,4,0.0521,4874
2,空手 道部,4,4,0.0521,4875
2,くる 後頭部,4,4,0.0521,4876
2,部 階,4,4,0.0521,4877
2,ネット 付近,4,4,0.0521,4878
2,ペア 打つ,4,4,0.0521,4879
2,黒板 消し,4,4,0.0521,4880
2,会場 準備,4,4,0.0521,4881
2,後頭部 地面,4,4,0.0521,4882
2,ピッチャー 隣,4,4,0.0521,4883
2,投手 球,4,3,0.0391,4884
2,キーパー 衝突,4,4,0.0521,4885
2,直撃 視力,4,4,0.0521,4886
2,障害 複,4,4,0.0521,4887
2,眼窩 内,4,4,0.0521,4888
2,内 側壁,4,4,0.0521,4889
2,支柱 持つ,4,4,0.0521,4890
2,負傷 複,4,4,0.0521,4891
2,頭部 頚部,4,3,0.0391,4892
2,減退 複,4,4,0.0521,4893
2,練習 テニス,4,4,0.0521,4894
2,力 失う,4,4,0.0521,4895
2,負傷 外傷,4,4,0.0521,4896
2,負傷 眼球,4,4,0.0521,4897
2,角膜 穿孔,4,4,0.0521,4898
2,出血 網膜,4,4,0.0521,4899
2,壊死 眼,4,4,0.0521,4900
2,斑 部,4,4,0.0521,4901
2,冷却 救急,4,4,0.0521,4902
2,状態 動く,4,4,0.0521,4903
2,緑内障 眼,4,4,0.0521,4904
2,性 虹彩,4,4,0.0521,4905
2,ソフトボール ピッチャー,4,4,0.0521,4906
2,ｍ クロール,4,4,0.0521,4907
2,体育館 隅,4,4,0.0521,4908
2,地面 頭部,4,4,0.0521,4909
2,られる 頭,4,4,0.0521,4910
2,頭 落ちる,4,4,0.0521,4911
2,落ちる 首,4,4,0.0521,4912
2,飛び込み台 飛び込む,4,4,0.0521,4913
2,～ 回,4,4,0.0521,4914
2,頚椎 損傷,4,4,0.0521,4915
2,進行 方向,4,4,0.0521,4916
2,転落 全身,4,4,0.0521,4917
2,体育 走り高跳び,4,4,0.0521,4918
2,頚椎 骨折,4,4,0.0521,4919
2,骨折 嗅覚,4,4,0.0521,4920
2,具合 悪い,4,4,0.0521,4921
2,男 教室,4,4,0.0521,4922
2,内 侵入,4,4,0.0521,4923
2,侵入 教官,4,4,0.0521,4924
2,頭部 畳,4,4,0.0521,4925
2,ぶつかる 右手,4,4,0.0521,4926
2,体調 悪い,4,4,0.0521,4927
2,周辺 道路,4,4,0.0521,4928
2,体育 科,4,4,0.0521,4929
2,ペース メーカー,4,4,0.0521,4930
2,次 試合,4,3,0.0391,4931
2,大内 刈り,4,4,0.0521,4932
2,ｍ 軽い,4,4,0.0521,4933
2,軽い ジョギング,4,4,0.0521,4934
2,負傷 思う,4,4,0.0521,4935
2,障害 負う,4,4,0.0521,4936
2,ｍ 周,4,4,0.0521,4937
2,られる 投げる,4,4,0.0521,4938
2,感じる られる,4,3,0.0391,4939
2,目 体育,4,4,0.0521,4940
2,跳箱 台,4,4,0.0521,4941
2,落下 直後,4,4,0.0521,4942
2,腰 痛い,4,4,0.0521,4943
2,ない 心肺,4,4,0.0521,4944
2,意識 遠のく,4,4,0.0521,4945
2,部 乱取り,4,4,0.0521,4946
2,おる 意識,4,4,0.0521,4947
2,回復 病院,4,4,0.0521,4948
2,全身 けいれん,4,4,0.0521,4949
2,倒れる 首,4,4,0.0521,4950
2,歩く 倒れる,4,4,0.0521,4951
2,足首 ひねる,4,4,0.0521,4952
2,床 机,4,4,0.0521,4953
2,閉まる 左手,4,4,0.0521,4954
2,間 挟まる,4,4,0.0521,4955
2,階段 縁,4,4,0.0521,4956
2,腰 床,4,4,0.0521,4957
2,苦しい そう,4,4,0.0521,4958
2,崩れる 転倒,4,4,0.0521,4959
2,着地 腰,4,4,0.0521,4960
2,座る 休憩,4,3,0.0391,4961
2,走る 分,4,4,0.0521,4962
2,体育 教諭,4,4,0.0521,4963
2,痛み 増す,4,4,0.0521,4964
2,段 跳ぶ,4,3,0.0391,4965
2,崩す 後方,4,4,0.0521,4966
2,ない 状態,4,4,0.0521,4967
2,鋸 刃,4,3,0.0391,4968
2,ストレス 障害,4,4,0.0521,4969
2,損傷 左上,4,4,0.0521,4970
2,麻痺 高次,4,4,0.0521,4971
2,性 くも膜,4,4,0.0521,4972
2,上下 肢,4,4,0.0521,4973
2,体操 競技,4,4,0.0521,4974
2,タックル 転倒,4,4,0.0521,4975
2,強打 肘,4,4,0.0521,4976
2,本 走る,4,4,0.0521,4977
2,ＡＥＤ 装着,4,4,0.0521,4978
2,装着 ＡＥＤ,4,4,0.0521,4979
2,ＡＥＤ 解析,4,4,0.0521,4980
2,指 突く,4,4,0.0521,4981
2,倒れる 教頭,4,4,0.0521,4982
2,教頭 番,4,4,0.0521,4983
2,直後 倒れる,4,4,0.0521,4984
2,手術 高次,4,4,0.0521,4985
2,治療 高次,4,4,0.0521,4986
2,心拍 再開,4,3,0.0391,4987
2,再開 救急,4,4,0.0521,4988
2,ボキッ 音,4,4,0.0521,4989
2,膝蓋骨 脱臼,4,4,0.0521,4990
2,部 変形,4,4,0.0521,4992
2,階 音楽,4,4,0.0521,4993
2,れる 頭痛,4,4,0.0521,4994
2,破裂 骨折,4,4,0.0521,4995
2,技 途中,4,4,0.0521,4996
2,拘る 縮,4,4,0.0521,4997
2,ウエイト トレーニング,4,4,0.0521,4998
2,段 跳箱,4,4,0.0521,4999
2,崩す 手首,4,4,0.0521,5000
2,段 踊り場,4,4,0.0521,5001
2,右手 指先,4,4,0.0521,5002
2,閉める 左手,4,4,0.0521,5003
2,薬指 挟まる,4,4,0.0521,5004
2,スイッチ 入れる,4,4,0.0521,5005
2,加工 作業,4,4,0.0521,5006
2,作動 せる,4,4,0.0521,5007
2,下敷き 指,4,4,0.0521,5008
2,手 挟む,4,4,0.0521,5009
2,指先 切断,4,4,0.0521,5010
2,作品 製作,4,4,0.0521,5011
2,添える 右手,4,4,0.0521,5012
2,先 切断,4,4,0.0521,5013
2,中指 挟まる,4,4,0.0521,5014
2,指 関節,4,3,0.0391,5015
2,使用 誤る,4,4,0.0521,5016
2,左手 親指,4,4,0.0521,5017
2,中指 負傷,4,4,0.0521,5018
2,回転 部分,4,4,0.0521,5019
2,閉める 指,4,4,0.0521,5020
2,倒れる 指,4,4,0.0521,5021
2,腕 つく,4,3,0.0391,5022
2,損ねる 指,4,4,0.0521,5023
2,挟まる 指,4,4,0.0521,5024
2,制限 醜状,4,4,0.0521,5025
2,残る 指,4,4,0.0521,5026
2,骨 頭,4,4,0.0521,5027
2,治療 中指,4,4,0.0521,5028
2,節 間,4,3,0.0391,5029
2,治療 小指,4,4,0.0521,5030
2,痛める 受診,4,4,0.0521,5031
2,当たる 睾丸,4,4,0.0521,5032
2,左下 腹部,4,4,0.0521,5033
2,腹部 打撲,4,4,0.0521,5034
2,腹部 強い,4,4,0.0521,5035
2,肘 腹部,4,4,0.0521,5036
2,股間 膝,4,4,0.0521,5037
2,型 心筋,4,4,0.0521,5038
2,心筋 症,4,4,0.0521,5039
2,外周 走る,4,4,0.0521,5040
2,呼吸 ない,4,4,0.0521,5041
2,目 途中,4,4,0.0521,5042
2,全身 硬直,4,3,0.0391,5043
2,", m",4,3,0.0391,5044
2,実施 病院,4,4,0.0521,5045
2,入院 除,4,4,0.0521,5046
2,手術 精巣,4,4,0.0521,5047
2,教員 胸骨,4,4,0.0521,5048
2,教員 養護,4,4,0.0521,5049
2,教諭 胸骨,4,4,0.0521,5050
2,圧迫 ＡＥＤ,4,4,0.0521,5051
2,通報 養護,4,4,0.0521,5052
2,教員 救急,4,4,0.0521,5053
2,治療 心室,4,4,0.0521,5054
2,性 心室,4,4,0.0521,5055
2,関節 可動,4,4,0.0521,5056
2,右肩 関節,4,3,0.0391,5057
2,残る 機能,4,4,0.0521,5058
2,肢 機能,4,4,0.0521,5059
2,治療 鎖骨,4,4,0.0521,5060
2,後頭部 背中,4,4,0.0521,5061
2,背中 床,4,4,0.0521,5062
2,練習 スタート,3,3,0.0391,5063
2,せる 床,3,3,0.0391,5064
2,蹴る 暴行,3,3,0.0391,5067
2,暴行 加える,3,3,0.0391,5068
2,総合 体育館,3,3,0.0391,5069
2,友人 ドッジボール,3,3,0.0391,5070
2,くる 耳,3,3,0.0391,5071
2,手 ボール,3,3,0.0391,5072
2,当たる 耳鳴り,3,3,0.0391,5073
2,刈り 投げる,3,3,0.0391,5074
2,受身 取る,3,3,0.0391,5075
2,廊下 呼び出す,3,3,0.0391,5076
2,倒れる 本,3,3,0.0391,5077
2,言う 聞く,3,3,0.0391,5078
2,耳 たたく,3,3,0.0391,5079
2,地面 右手,3,3,0.0391,5080
2,落下 右側,3,3,0.0391,5081
2,つかまえる られる,3,3,0.0391,5082
2,音 聞こえる,3,3,0.0391,5083
2,離す 隙,3,3,0.0391,5084
2,台 上がる,3,3,0.0391,5085
2,あたり 強い,3,3,0.0391,5086
2,うつぶせる 状態,3,3,0.0391,5087
2,耳 強打,3,3,0.0391,5088
2,触れる しまう,3,3,0.0391,5089
2,転倒 耳,3,3,0.0391,5090
2,遊び ボール,3,3,0.0391,5091
2,負傷 頭痛,3,3,0.0391,5092
2,ベースボール 遊ぶ,3,3,0.0391,5093
2,途中 近く,3,3,0.0391,5094
2,近く 鬼ごっこ,3,3,0.0391,5095
2,移動 走る,3,3,0.0391,5096
2,ぶつかる バランス,3,3,0.0391,5097
2,ぶつかる 手,3,3,0.0391,5098
2,ゴム チップ,3,3,0.0391,5099
2,耳 出血,3,3,0.0391,5100
2,キャンプ 場,3,3,0.0391,5101
2,首 うし,3,3,0.0391,5102
2,接触 プレー,3,3,0.0391,5103
2,打つ 思う,3,3,0.0391,5104
2,れる 直後,3,3,0.0391,5105
2,終了 帰宅,3,3,0.0391,5106
2,帰宅 夜,3,3,0.0391,5107
2,ボール 出し,3,3,0.0391,5108
2,当たる 瞬間,3,3,0.0391,5109
2,顔面 付近,3,3,0.0391,5110
2,来る 避ける,3,3,0.0391,5111
2,避ける ボール,3,3,0.0391,5112
2,周辺 強い,3,3,0.0391,5113
2,始める 友達,3,3,0.0391,5114
2,間 校庭,3,3,0.0391,5115
2,さ m,3,3,0.0391,5116
2,めがける 投げつける,3,3,0.0391,5118
2,バット 当たり,3,3,0.0391,5119
2,起きる 上る,3,3,0.0391,5120
2,外 運び出す,3,3,0.0391,5121
2,右足 強打,3,3,0.0391,5122
2,足 ネット,3,3,0.0391,5123
2,前方 飛ぶ,3,3,0.0391,5124
2,耳 後ろ,3,3,0.0391,5125
2,昼休み クラス,3,3,0.0391,5126
2,集まる くる,3,3,0.0391,5128
2,支柱 手,3,3,0.0391,5129
2,滑る 自転車,3,3,0.0391,5130
2,ｍ 飛ぶ,3,3,0.0391,5131
2,大丈夫 答える,3,3,0.0391,5132
2,こめかみ 辺り,3,3,0.0391,5133
2,組立 体操,3,3,0.0391,5134
2,会 教室,3,3,0.0391,5135
2,水 入る,3,3,0.0391,5136
2,水泳 飛び込み,3,3,0.0391,5137
2,くる 正面,3,3,0.0391,5138
2,顔面 右側,3,3,0.0391,5139
2,戦 出場,3,3,0.0391,5140
2,頭 負傷,3,3,0.0391,5141
2,鳴る 走る,3,3,0.0391,5142
2,横 方向,3,3,0.0391,5143
2,交錯 相手,3,3,0.0391,5144
2,夜間 救急,3,3,0.0391,5145
2,医療 センター,3,3,0.0391,5146
2,休憩 友人,3,3,0.0391,5147
2,めまい 吐き気,3,3,0.0391,5148
2,リコーダー 練習,3,3,0.0391,5149
2,ぶつかる 耳,3,3,0.0391,5150
2,頭部 側,3,3,0.0391,5151
2,場 ジャングルジム,3,3,0.0391,5152
2,れる すべり台,3,3,0.0391,5153
2,頭 転落,3,3,0.0391,5154
2,作業 人,3,3,0.0391,5155
2,きれる 手,3,3,0.0391,5156
2,スパイク 練習,3,3,0.0391,5157
2,転倒 受傷,3,3,0.0391,5158
2,れる 場所,3,3,0.0391,5159
2,場所 打撃,3,3,0.0391,5160
2,打球 避ける,3,3,0.0391,5161
2,使う ボール,3,3,0.0391,5162
2,友人 体,3,3,0.0391,5163
2,さ 変える,3,3,0.0391,5164
2,回 回,3,3,0.0391,5165
2,休憩 挟む,3,3,0.0391,5167
2,落下 右足,3,3,0.0391,5168
2,練習 片付け,3,3,0.0391,5169
2,誤る 右足,3,3,0.0391,5170
2,人 歩く,3,3,0.0391,5171
2,準備 階,3,3,0.0391,5172
2,転落 コンクリート,3,3,0.0391,5173
2,動く せる,3,3,0.0391,5174
2,周囲 見る,3,3,0.0391,5175
2,親指 負傷,3,3,0.0391,5176
2,下腿 傷,3,3,0.0391,5177
2,ぶつかる 右足,3,3,0.0391,5179
2,右足 指,3,3,0.0391,5180
2,棚 倒れる,3,3,0.0391,5181
2,部 夏季,3,3,0.0391,5182
2,夏季 合宿,3,3,0.0391,5183
2,投てき 練習,3,3,0.0391,5184
2,位 離れる,3,3,0.0391,5185
2,倒立 状態,3,3,0.0391,5186
2,着地 練習,3,3,0.0391,5187
2,練習 右足,3,3,0.0391,5188
2,シュート 接触,3,3,0.0391,5189
2,接触 体,3,3,0.0391,5190
2,室 入ろう,3,3,0.0391,5191
2,られる 右足,3,3,0.0391,5192
2,時間 外,3,3,0.0391,5193
2,バレーボール 用,3,3,0.0391,5194
2,倒れる 左足,3,3,0.0391,5195
2,障害 瘢痕,3,3,0.0391,5196
2,アメリカンフットボール 試合,3,3,0.0391,5197
2,コート 支柱,3,3,0.0391,5198
2,取る 手,3,3,0.0391,5199
2,ブランコ 遊ぶ,3,3,0.0391,5200
2,友人 校舎,3,3,0.0391,5201
2,肘 顎,3,3,0.0391,5202
2,顎 関節,3,3,0.0391,5203
2,南側 窓,3,3,0.0391,5204
2,手すり 座る,3,3,0.0391,5205
2,側 落下,3,3,0.0391,5206
2,場 設置,3,3,0.0391,5207
2,些細 口論,3,3,0.0391,5208
2,くる 顎,3,3,0.0391,5209
2,キャッチ 相手,3,3,0.0391,5210
2,選手 スライディング,3,3,0.0391,5211
2,見る 打者,3,3,0.0391,5212
2,バット 顔,3,3,0.0391,5213
2,そしゃく 機能,3,3,0.0391,5214
2,口 衝突,3,3,0.0391,5215
2,指導 教室,3,3,0.0391,5216
2,かけっこ 転倒,3,3,0.0391,5217
2,車 出る,3,3,0.0391,5218
2,頬 歯,3,3,0.0391,5219
2,前歯 永久歯,3,3,0.0391,5220
2,急 体,3,3,0.0391,5221
2,人 自転車,3,3,0.0391,5222
2,マット 外れる,3,3,0.0391,5223
2,ウォーミングアップ ランニング,3,3,0.0391,5224
2,足 からまる,3,3,0.0391,5225
2,体育 会,3,3,0.0391,5226
2,会 向ける,3,3,0.0391,5227
2,肩 手,3,3,0.0391,5228
2,滑走 バランス,3,3,0.0391,5229
2,ラケット 歯,3,3,0.0391,5230
2,歯 直撃,3,3,0.0391,5231
2,隣 組,3,3,0.0391,5232
2,ひっかかる バランス,3,3,0.0391,5233
2,試合 攻撃,3,3,0.0391,5234
2,外周 道路,3,3,0.0391,5235
2,状態 顔,3,3,0.0391,5236
2,時間 集会,3,3,0.0391,5237
2,じゃれる あう,3,3,0.0391,5238
2,首 後ろ,3,3,0.0391,5239
2,めがける 投げる,3,3,0.0391,5240
2,顔面 階段,3,3,0.0391,5241
2,階段 強打,3,3,0.0391,5242
2,当たる 上顎,3,3,0.0391,5243
2,傘 取る,3,3,0.0391,5244
2,入ろう バランス,3,3,0.0391,5245
2,転落 腰,3,3,0.0391,5246
2,顎 骨折,3,3,0.0391,5247
2,次 順番,3,3,0.0391,5248
2,勢い バット,3,3,0.0391,5249
2,後方 口元,3,3,0.0391,5250
2,立つ 歌う,3,3,0.0391,5251
2,応援 打者,3,3,0.0391,5252
2,体育館 バスケット,3,3,0.0391,5253
2,打つ ノック,3,3,0.0391,5254
2,打球 バウンド,3,3,0.0391,5255
2,切 歯,3,3,0.0391,5256
2,グラウンド 端,3,3,0.0391,5257
2,ない 思う,3,3,0.0391,5258
2,サード 送球,3,3,0.0391,5259
2,構える ボール,3,3,0.0391,5260
2,向く ボール,3,3,0.0391,5261
2,裂傷 前歯,3,3,0.0391,5262
2,手 塁,3,3,0.0391,5263
2,振り向く 口,3,3,0.0391,5264
2,球 失敗,3,3,0.0391,5265
2,サーブ レシーブ,3,3,0.0391,5266
2,肩 口,3,3,0.0391,5267
2,接触 体勢,3,3,0.0391,5268
2,ボール 奪い合う,3,3,0.0391,5269
2,相手 スティック,3,3,0.0391,5270
2,横 当たる,3,3,0.0391,5271
2,友人 柔道,3,3,0.0391,5272
2,もつれる 倒れる,3,3,0.0391,5273
2,接近 くる,3,3,0.0391,5274
2,滑り 止め,3,3,0.0391,5275
2,ペダル 足,3,3,0.0391,5276
2,鼻 上唇,3,3,0.0391,5277
2,経路 自転車,3,3,0.0391,5278
2,出す 過ぎる,3,3,0.0391,5279
2,下校 坂,3,3,0.0391,5280
2,上がる バランス,3,3,0.0391,5281
2,コンクリート ぶつける,3,3,0.0391,5282
2,転倒 路面,3,3,0.0391,5283
2,バー 足,3,3,0.0391,5284
2,科 教室,3,3,0.0391,5285
2,前歯 机,3,3,0.0391,5286
2,机 ぶつける,3,3,0.0391,5287
2,踊り場 転落,3,3,0.0391,5288
2,遅刻 そう,3,3,0.0391,5289
2,地面 前歯,3,3,0.0391,5290
2,ソフトボール ティー,3,3,0.0391,5291
2,見る バッター,3,3,0.0391,5292
2,走る バット,3,3,0.0391,5293
2,顔面 口腔,3,3,0.0391,5294
2,体 向き,3,3,0.0391,5295
2,打ち 練習,3,3,0.0391,5296
2,振る 終わる,3,3,0.0391,5297
2,レフト 守備,3,3,0.0391,5298
2,追いかける フェンス,3,3,0.0391,5299
2,口唇 歯,3,3,0.0391,5300
2,交流 試合,3,3,0.0391,5301
2,行く 手,3,3,0.0391,5302
2,顔面 壁,3,3,0.0391,5303
2,壁 強打,3,3,0.0391,5304
2,強打 口腔,3,3,0.0391,5305
2,頭 口元,3,3,0.0391,5306
2,強打 口,3,3,0.0391,5307
2,部 歯,3,3,0.0391,5308
2,部 痛める,3,3,0.0391,5309
2,服 つかむ,3,3,0.0391,5310
2,支柱 顔面,3,3,0.0391,5311
2,ふらつく 転倒,3,3,0.0391,5312
2,話す 歩く,3,3,0.0391,5313
2,ひっかかる 前方,3,3,0.0391,5314
2,歯 地面,3,3,0.0391,5315
2,かご 入れる,3,3,0.0391,5316
2,テニス ラケット,3,3,0.0391,5317
2,ひも 自転車,3,3,0.0391,5318
2,前輪 からまる,3,3,0.0391,5319
2,面 強打,3,3,0.0391,5320
2,下校 後ろ,3,3,0.0391,5321
2,跳び箱 跳ぶ,3,3,0.0391,5322
2,トス ボール,3,3,0.0391,5323
2,前歯 顎,3,3,0.0391,5324
2,試合 走る,3,3,0.0391,5325
2,バドミントン 打ち合い,3,3,0.0391,5326
2,歯 打ちつける,3,3,0.0391,5327
2,時間 たち,3,3,0.0391,5329
2,部 ウェイトトレーニング,3,3,0.0391,5330
2,ヘディング ボール,3,3,0.0391,5331
2,部 シート,3,3,0.0391,5332
2,屋内 練習,3,3,0.0391,5333
2,バッティング バット,3,3,0.0391,5334
2,くる ゴロ,3,3,0.0391,5335
2,部 公式,3,3,0.0391,5336
2,ゴール 横,3,3,0.0391,5337
2,横 倒れる,3,3,0.0391,5338
2,鉄 枠,3,3,0.0391,5339
2,顔面 顎,3,3,0.0391,5340
2,練習 顔面,3,3,0.0391,5341
2,デッドボール 顔面,3,3,0.0391,5342
2,歯 欠損,3,3,0.0391,5343
2,くる 捕る,3,3,0.0391,5344
2,損ねる 顔面,3,3,0.0391,5345
2,パス もらう,3,3,0.0391,5346
2,顔面 入る,3,3,0.0391,5347
2,選手 投げる,3,3,0.0391,5348
2,られる そう,3,3,0.0391,5349
2,防ぐ 相手,3,3,0.0391,5350
2,相手 後頭部,3,3,0.0391,5351
2,後頭部 顔面,3,3,0.0391,5352
2,乱 取る,3,3,0.0391,5353
2,肩 腕,3,3,0.0391,5354
2,バレーボール ネット,3,3,0.0391,5355
2,ネット 取り付ける,3,3,0.0391,5356
2,支柱 金具,3,3,0.0391,5357
2,傘 前輪,3,3,0.0391,5358
2,登校 校門,3,3,0.0391,5359
2,道路 自転車,3,3,0.0391,5360
2,スピード 出過ぎる,3,3,0.0391,5361
2,前歯 脱落,3,3,0.0391,5362
2,誤る ガードレール,3,3,0.0391,5363
2,ガードレール 激突,3,3,0.0391,5364
2,ｍ 飛ばす,3,3,0.0391,5365
2,当たる バランス,3,3,0.0391,5366
2,下校 転倒,3,3,0.0391,5367
2,靴 脱げる,3,3,0.0391,5368
2,走る 歩く,3,3,0.0391,5369
2,練習 余る,3,3,0.0391,5370
2,ゲーム ぶつかる,3,3,0.0391,5371
2,頭部 衝突,3,3,0.0391,5372
2,指示 れる,3,3,0.0391,5373
2,頭 倒れる,3,3,0.0391,5374
2,運ぶ 床,3,3,0.0391,5375
2,身体 バランス,3,3,0.0391,5376
2,つく 床,3,3,0.0391,5377
2,コース 滑走,3,3,0.0391,5378
2,友人 急,3,3,0.0391,5379
2,コンクリート 山,3,3,0.0391,5380
2,駆ける 下りる,3,3,0.0391,5381
2,遊ぶ ゴール,3,3,0.0391,5382
2,ゴール 網,3,3,0.0391,5383
2,手すり 持つ,3,3,0.0391,5384
2,せる 転ぶ,3,3,0.0391,5385
2,おる 人,3,3,0.0391,5386
2,ボール 味方,3,3,0.0391,5388
2,持つ プール,3,3,0.0391,5389
2,水 汲む,3,3,0.0391,5390
2,向き 走る,3,3,0.0391,5391
2,ブラシ 柄,3,3,0.0391,5392
2,靴 投げる,3,3,0.0391,5393
2,行く 階段,3,3,0.0391,5394
2,自然 教室,3,3,0.0391,5395
2,飛び降りる 足,3,3,0.0391,5396
2,ランニング シュート,3,3,0.0391,5397
2,体 接触,3,3,0.0391,5398
2,チェーン 外れる,3,3,0.0391,5399
2,路面 打ちつける,3,3,0.0391,5400
2,砂利 タイヤ,3,3,0.0391,5401
2,友人 行く,3,3,0.0391,5402
2,蹴る 友人,3,3,0.0391,5403
2,立つ 足,3,3,0.0391,5404
2,足 腰,3,3,0.0391,5405
2,バレーボール ボール,3,3,0.0391,5406
2,次 体育,3,3,0.0391,5407
2,出会い しら,3,3,0.0391,5408
2,とばす れる,3,3,0.0391,5409
2,れる 鉄柱,3,3,0.0391,5410
2,車いす 押す,3,3,0.0391,5411
2,ろ 振り返る,3,3,0.0391,5412
2,失う 前のめり,3,3,0.0391,5413
2,途中 自転車,3,3,0.0391,5414
2,自転車 下り坂,3,3,0.0391,5415
2,出す 走行,3,3,0.0391,5416
2,足 つかむ,3,3,0.0391,5417
2,遊ぶ 転倒,3,3,0.0391,5418
2,きっかけ けんか,3,3,0.0391,5419
2,避ける 足,3,3,0.0391,5420
2,口 床,3,3,0.0391,5421
2,祭 クラス,3,3,0.0391,5422
2,対抗 リレー,3,3,0.0391,5423
2,次 走者,3,3,0.0391,5424
2,本人 顔面,3,3,0.0391,5425
2,きれる 転倒,3,3,0.0391,5426
2,握る 状態,3,3,0.0391,5427
2,ボール 本人,3,3,0.0391,5428
2,キャッチャー 送球,3,3,0.0391,5429
2,ファースト 守備,3,3,0.0391,5430
2,捕る 球体,3,3,0.0391,5431
2,球体 勢,3,3,0.0391,5432
2,フェンス 顔面,3,3,0.0391,5433
2,ネット 裏,3,3,0.0391,5434
2,守備 飛ぶ,3,3,0.0391,5435
2,性 打球,3,3,0.0391,5436
2,選手 ドリブル,3,3,0.0391,5437
2,ルーズボール 取る,3,3,0.0391,5438
2,相手 突き,3,3,0.0391,5439
2,自転車 同士,3,3,0.0391,5440
2,前方 自動車,3,3,0.0391,5441
2,道路 左側,3,3,0.0391,5442
2,通行人 発見,3,3,0.0391,5443
2,肘 口元,3,3,0.0391,5444
2,注意 促す,3,3,0.0391,5445
2,輪 自転車,3,3,0.0391,5446
2,連れる 行く,3,3,0.0391,5447
2,トイレ 個室,3,3,0.0391,5448
2,下校 駅,3,3,0.0391,5449
2,雑巾 けす,3,3,0.0391,5450
2,座る 待機,3,3,0.0391,5452
2,雑巾 洗う,3,3,0.0391,5453
2,鬼ごっこ 追いかける,3,3,0.0391,5454
2,置く 傘,3,3,0.0391,5455
2,走る 誤る,3,3,0.0391,5456
2,当たる 破る,3,3,0.0391,5457
2,練習 途中,3,3,0.0391,5458
2,内 入る,3,3,0.0391,5459
2,机 運ぶ,3,3,0.0391,5460
2,角 歯,3,3,0.0391,5461
2,横 並ぶ,3,3,0.0391,5462
2,走る 反対,3,3,0.0391,5463
2,取る 来る,3,3,0.0391,5464
2,額 口,3,3,0.0391,5465
2,引っかける られる,3,3,0.0391,5466
2,手 口,3,3,0.0391,5467
2,自転車 下る,3,3,0.0391,5468
2,状態 顔面,3,3,0.0391,5469
2,強打 顔面,3,3,0.0391,5470
2,キャッチャー マスク,3,3,0.0391,5471
2,接触 前歯,3,3,0.0391,5472
2,試合 肘,3,3,0.0391,5473
2,人 交錯,3,3,0.0391,5474
2,滑る 前方,3,3,0.0391,5475
2,スキー 研修,3,3,0.0391,5476
2,しまう 唇,3,3,0.0391,5477
2,唇 顎,3,3,0.0391,5478
2,顔面 中央,3,3,0.0391,5479
2,ポスト 顔面,3,3,0.0391,5480
2,顔面 突っ込む,3,3,0.0391,5481
2,直接 歯,3,3,0.0391,5482
2,捕る 捕る,3,3,0.0391,5483
2,捕る バウンド,3,3,0.0391,5484
2,ノック バウンド,3,3,0.0391,5485
2,チップ 打球,3,3,0.0391,5486
2,試合 シート,3,3,0.0391,5487
2,遠い 投,3,3,0.0391,5488
2,折れる 唇,3,3,0.0391,5489
2,守る ボール,3,3,0.0391,5490
2,頭部 歯,3,3,0.0391,5491
2,相手 人,3,3,0.0391,5492
2,腕 顔面,3,3,0.0391,5493
2,ペア 選手,3,3,0.0391,5494
2,立ち くらむ,3,3,0.0391,5495
2,ない 交差点,3,3,0.0391,5496
2,見通し 悪い,3,3,0.0391,5497
2,絡まる 前方,3,3,0.0391,5498
2,自転車 転倒,3,3,0.0391,5499
2,朝 マラソン,3,3,0.0391,5500
2,階段 打つ,3,3,0.0391,5501
2,外 飛び出す,3,3,0.0391,5502
2,遊ぶ 後方,3,3,0.0391,5503
2,友だち 鬼ごっこ,3,3,0.0391,5504
2,担任 教師,3,3,0.0391,5505
2,階段 落下,3,3,0.0391,5506
2,崩す 乗る,3,3,0.0391,5507
2,かばん 置く,3,3,0.0391,5508
2,転倒 両手,3,3,0.0391,5509
2,スピード 出し,3,3,0.0391,5510
2,友人 歩く,3,3,0.0391,5511
2,走り高跳び バー,3,3,0.0391,5512
2,バッター 近く,3,3,0.0391,5513
2,バドミントン ゲーム,3,3,0.0391,5514
2,ぞう きん,3,3,0.0391,5515
2,出る 相手,3,3,0.0391,5516
2,部 早朝,3,3,0.0391,5517
2,地面 口,3,3,0.0391,5518
2,バット 抜ける,3,3,0.0391,5519
2,抜ける 飛ぶ,3,3,0.0391,5520
2,姿勢 相手,3,3,0.0391,5521
2,ロイター 板,3,3,0.0391,5522
2,ジャンプ シュート,3,3,0.0391,5523
2,脱臼 歯根,3,3,0.0391,5524
2,歯根 破る,3,3,0.0391,5525
2,外 ひさし,3,3,0.0391,5526
2,間 コンクリート,3,3,0.0391,5527
2,両手 押す,3,3,0.0391,5528
2,膝 擦り傷,3,3,0.0391,5529
2,給食 後片付け,3,3,0.0391,5530
2,ふざける 追いかける,3,3,0.0391,5531
2,出入口 ドア,3,3,0.0391,5532
2,ドア 顔面,3,3,0.0391,5533
2,友達 自転車,3,3,0.0391,5534
2,バット 後ろ,3,3,0.0391,5535
2,唇 前歯,3,3,0.0391,5536
2,ゲーム ドリブル,3,3,0.0391,5537
2,走る 額,3,3,0.0391,5538
2,額 前歯,3,3,0.0391,5539
2,接触 しまう,3,3,0.0391,5540
2,前のめり 転ぶ,3,3,0.0391,5541
2,転ぶ 両手,3,3,0.0391,5542
2,つく 勢い,3,3,0.0391,5543
2,せる 前方,3,3,0.0391,5544
2,頭部 鼻,3,3,0.0391,5545
2,ボール 暴投,3,3,0.0391,5546
2,骨折 歯牙,3,3,0.0391,5547
2,意識 無くなる,3,3,0.0391,5548
2,手 相手,3,3,0.0391,5549
2,部 ピッチングマシーン,3,3,0.0391,5550
2,上顎 部,3,3,0.0391,5551
2,捕る 打球,3,3,0.0391,5552
2,守る おる,3,3,0.0391,5553
2,歯 痛める,3,3,0.0391,5554
2,部 雨天,3,3,0.0391,5555
2,顎 直撃,3,3,0.0391,5556
2,折れる 口唇,3,3,0.0391,5557
2,口唇 切れる,3,3,0.0391,5558
2,試合 転がる,3,3,0.0391,5559
2,拾う コート,3,3,0.0391,5560
2,戻る 足,3,3,0.0391,5561
2,打ち付ける 歯,3,3,0.0391,5562
2,部 激しい,3,3,0.0391,5563
2,奪う ボール,3,3,0.0391,5564
2,頭 上げる,3,3,0.0391,5565
2,上げる 頭,3,3,0.0391,5566
2,対 ゲーム,3,3,0.0391,5567
2,実践 練習,3,3,0.0391,5568
2,スパーリング 相手,3,3,0.0391,5569
2,失敗 膝,3,3,0.0391,5570
2,膝 歯,3,3,0.0391,5571
2,打つ 肩,3,3,0.0391,5572
2,本 強打,3,3,0.0391,5573
2,自転車 カゴ,3,3,0.0391,5574
2,顔面 口元,3,3,0.0391,5575
2,段差 前輪,3,3,0.0391,5576
2,取り付ける られる,3,3,0.0391,5577
2,前輪 ロック,3,3,0.0391,5578
2,前輪 足,3,3,0.0391,5579
2,ｃｍ 程度,3,3,0.0391,5580
2,座 位,3,3,0.0391,5581
2,歩道 歩く,3,3,0.0391,5582
2,歩く 途中,3,3,0.0391,5583
2,教室 離れる,3,3,0.0391,5584
2,目 付近,3,3,0.0391,5585
2,支える 床,3,3,0.0391,5586
2,渡す れる,3,3,0.0391,5587
2,歯 脱落,3,3,0.0391,5588
2,取っ手 部分,3,3,0.0391,5589
2,ほうき 持つ,3,3,0.0391,5591
2,振る 歩く,3,3,0.0391,5592
2,先 当たる,3,3,0.0391,5593
2,斜面 滑る,3,3,0.0391,5594
2,側 道,3,3,0.0391,5595
2,手 引く,3,3,0.0391,5596
2,引く れる,3,3,0.0391,5597
2,壁 激突,3,3,0.0391,5598
2,抱く かかる,3,3,0.0391,5599
2,顔 転落,3,3,0.0391,5600
2,会 終わる,3,3,0.0391,5601
2,両手 ふさがる,3,3,0.0391,5602
2,出る 玄関,3,3,0.0391,5603
2,前歯 打撲,3,3,0.0391,5604
2,肢体 不自由,3,3,0.0391,5605
2,登 下校,3,3,0.0391,5606
2,踏み外す 転落,3,3,0.0391,5607
2,遅れる しまう,3,3,0.0391,5608
2,転倒 体,3,3,0.0391,5609
2,支える 手,3,3,0.0391,5610
2,祭 リレー,3,3,0.0391,5612
2,向ける 学年,3,3,0.0391,5613
2,強打 顎,3,3,0.0391,5614
2,顧問 ボール,3,3,0.0391,5615
2,乗る 友人,3,3,0.0391,5616
2,状態 自転車,3,3,0.0391,5617
2,パス シュート,3,3,0.0391,5618
2,激突 しまう,3,3,0.0391,5619
2,フライング レシーブ,3,3,0.0391,5620
2,石 持つ,3,3,0.0391,5621
2,石 顔面,3,3,0.0391,5622
2,跳ぶ 準備,3,3,0.0391,5623
2,ジャンプ 遊ぶ,3,3,0.0391,5624
2,部 廊下,3,3,0.0391,5625
2,トランポリン 跳ぶ,3,3,0.0391,5626
2,跳ぶ 転,3,3,0.0391,5627
2,バレーボール ゲーム,3,3,0.0391,5628
2,勢い 顔面,3,3,0.0391,5629
2,サッカー 競技,3,3,0.0391,5630
2,ゴールキーパー 出場,3,3,0.0391,5631
2,卒業 記念,3,3,0.0391,5632
2,付け根 辺り,3,3,0.0391,5633
2,奪う 行く,3,3,0.0391,5634
2,マシーン 使う,3,3,0.0391,5635
2,外す しまう,3,3,0.0391,5636
2,自主 的,3,3,0.0391,5637
2,球 損ねる,3,3,0.0391,5638
2,損ねる 口,3,3,0.0391,5639
2,口 直接,3,3,0.0391,5640
2,監督 ノック,3,3,0.0391,5641
2,振る 手,3,3,0.0391,5642
2,前歯 相手,3,3,0.0391,5643
2,激しい 当たる,3,3,0.0391,5644
2,激しい 接触,3,3,0.0391,5645
2,路面 凍る,3,3,0.0391,5646
2,折れる 顔,3,3,0.0391,5647
2,途中 坂道,3,3,0.0391,5648
2,自転車 輪,3,3,0.0391,5649
2,強打 左腕,3,3,0.0391,5650
2,左腕 痛める,3,3,0.0391,5651
2,スピード つける,3,3,0.0391,5652
2,顔 倒れる,3,3,0.0391,5653
2,年生 教室,3,3,0.0391,5654
2,歩く 男子,3,3,0.0391,5655
2,ふざける 振り回す,3,3,0.0391,5656
2,遊ぶ 別,3,3,0.0391,5657
2,こおる おる,3,3,0.0391,5658
2,下校 正門,3,3,0.0391,5659
2,当たる 折れる,3,3,0.0391,5660
2,足 踏みはずす,3,3,0.0391,5661
2,ゲーム 練習,3,3,0.0391,5662
2,れる 振り回す,3,3,0.0391,5663
2,つかむ 手,3,3,0.0391,5664
2,出す 相手,3,3,0.0391,5665
2,相手 追いかける,3,3,0.0391,5666
2,出入口 ガラス,3,3,0.0391,5667
2,追いつく れる,3,3,0.0391,5668
2,れる ガラス,3,3,0.0391,5669
2,教室 残る,3,3,0.0391,5670
2,戻る 振り返る,3,3,0.0391,5671
2,振り返る 走る,3,3,0.0391,5672
2,勢い 廊下,3,3,0.0391,5673
2,部 所属,3,3,0.0391,5674
2,誤り 転倒,3,3,0.0391,5675
2,余る 床,3,3,0.0391,5676
2,ボール 奪い合い,3,3,0.0391,5677
2,つける 顔面,3,3,0.0391,5678
2,選手 クリア,3,3,0.0391,5679
2,手 投げる,3,3,0.0391,5680
2,ふざける 蹴る,3,3,0.0391,5681
2,衝突 膝,3,3,0.0391,5682
2,運動 ランニング,3,3,0.0391,5683
2,走る 部員,3,3,0.0391,5684
2,足 振る,3,3,0.0391,5685
2,相手 投手,3,3,0.0391,5686
2,ダッシュ 走る,3,3,0.0391,5687
2,着地 相手,3,3,0.0391,5688
2,部員 素振り,3,3,0.0391,5689
2,選手 スティック,3,3,0.0391,5690
2,周辺 負傷,3,3,0.0391,5691
2,道路 強打,3,3,0.0391,5692
2,自転車 避ける,3,3,0.0391,5693
2,走行 ハンドル,3,3,0.0391,5694
2,肩 前歯,3,3,0.0391,5695
2,ジャンプ 練習,3,3,0.0391,5696
2,体育館 校舎,3,3,0.0391,5697
2,遊ぶ 体,3,3,0.0391,5698
2,体 持ち上げる,3,3,0.0391,5699
2,時間 図書,3,3,0.0391,5700
2,室 本,3,3,0.0391,5701
2,男子 頭,3,3,0.0391,5702
2,スロープ 手すり,3,3,0.0391,5703
2,練習 バトン,3,3,0.0391,5704
2,行く 友達,3,3,0.0391,5705
2,ぽい 抜ける,3,3,0.0391,5706
2,負傷 衝撃,3,3,0.0391,5707
2,人 打つ,3,3,0.0391,5708
2,身体 動かす,3,3,0.0391,5710
2,守る バッター,3,3,0.0391,5711
2,足 相手,3,3,0.0391,5712
2,躓く 転ぶ,3,3,0.0391,5713
2,下校 一緒,3,3,0.0391,5714
2,相手 振り払う,3,3,0.0391,5715
2,ハンドル 顔,3,3,0.0391,5716
2,放り出す れる,3,3,0.0391,5717
2,縁石 ぶつかる,3,3,0.0391,5718
2,口元 歯,3,3,0.0391,5719
2,教室 文化,3,3,0.0391,5720
2,ボール 処理,3,3,0.0391,5721
2,試合 バット,3,3,0.0391,5722
2,送球 顔面,3,3,0.0391,5723
2,手 送球,3,3,0.0391,5724
2,ベース スライディング,3,3,0.0391,5725
2,送球 それる,3,3,0.0391,5726
2,しまう 出血,3,3,0.0391,5727
2,部 ゴール,3,3,0.0391,5728
2,くる ゴール,3,3,0.0391,5729
2,班 分かれる,3,3,0.0391,5730
2,廊下 友だち,3,3,0.0391,5731
2,自転車 ブレーキ,3,3,0.0391,5732
2,負う 歯,3,3,0.0391,5733
2,気づく 接触,3,3,0.0391,5734
2,終わる 自転車,3,3,0.0391,5735
2,相手 自転車,3,3,0.0391,5736
2,つく 両手,3,3,0.0391,5737
2,掛かる しまう,3,3,0.0391,5738
2,掛かる 状態,3,3,0.0391,5739
2,滑る 飛ぶ,3,3,0.0391,5740
2,川 転落,3,3,0.0391,5741
2,口 切れる,3,3,0.0391,5742
2,促す れる,3,3,0.0391,5743
2,持つ 教室,3,3,0.0391,5744
2,昼休み 鬼ごっこ,3,3,0.0391,5745
2,遊ぶ 追いかける,3,3,0.0391,5746
2,かけっこ 走る,3,3,0.0391,5747
2,たち 鬼ごっこ,3,3,0.0391,5748
2,追う れる,3,3,0.0391,5749
2,口 バット,3,3,0.0391,5750
2,ボール コート,3,3,0.0391,5751
2,机 横,3,3,0.0391,5752
2,横 置く,3,3,0.0391,5753
2,引っ掛ける しまう,3,3,0.0391,5754
2,相手 持つ,3,3,0.0391,5755
2,持つ 転倒,3,3,0.0391,5756
2,床 頭部,3,3,0.0391,5757
2,左腕 左足,3,3,0.0391,5758
2,サッカー シュート,3,3,0.0391,5759
2,幅 ｍ,3,3,0.0391,5760
2,ｍ 程度,3,3,0.0391,5761
2,部 ヘディング,3,3,0.0391,5762
2,顔面 あたる,3,3,0.0391,5763
2,合宿 日,3,3,0.0391,5764
2,投手 牽制,3,3,0.0391,5765
2,軌道 変わる,3,3,0.0391,5766
2,走る 別,3,3,0.0391,5767
2,大きい それる,3,3,0.0391,5768
2,別 場所,3,3,0.0391,5769
2,かける 後ろ,3,3,0.0391,5770
2,別 ボール,3,3,0.0391,5771
2,室 椅子,3,3,0.0391,5772
2,時間 自転車,3,3,0.0391,5773
2,傘 自転車,3,3,0.0391,5774
2,登校 スピード,3,3,0.0391,5775
2,激しい 転倒,3,3,0.0391,5776
2,後頭部 首,3,3,0.0391,5777
2,首 あたり,3,3,0.0391,5778
2,友人 両手,3,3,0.0391,5779
2,外科 受診,3,3,0.0391,5780
2,路 坂道,3,3,0.0391,5783
2,坂道 降りる,3,3,0.0391,5784
2,背中 手,3,3,0.0391,5785
2,教室 飛び出す,3,3,0.0391,5786
2,ふざける 半分,3,3,0.0391,5787
2,飛ぶ 後方,3,3,0.0391,5788
2,台 気付く,3,3,0.0391,5789
2,腹部 打つ,3,3,0.0391,5790
2,水筒 取る,3,3,0.0391,5791
2,祭 当日,3,3,0.0391,5792
2,相手 腕,3,3,0.0391,5793
2,的 暴行,3,3,0.0391,5794
2,両手 突く,3,3,0.0391,5795
2,手首 骨折,3,3,0.0391,5796
2,出血 意識,3,3,0.0391,5797
2,バッター 手,3,3,0.0391,5798
2,手 すり抜ける,3,3,0.0391,5799
2,友人 確認,3,3,0.0391,5800
2,綱 持つ,3,3,0.0391,5801
2,縁 金属,3,3,0.0391,5802
2,イレギュラーバウンド 歯,3,3,0.0391,5803
2,ｍ 横,3,3,0.0391,5804
2,立つ 投手,3,3,0.0391,5805
2,負う 出血,3,3,0.0391,5806
2,ノック セカンド,3,3,0.0391,5807
2,気付く 振り向く,3,3,0.0391,5808
2,失敗 床,3,3,0.0391,5809
2,攻防 練習,3,3,0.0391,5810
2,脱臼 唇,3,3,0.0391,5811
2,グラウンド ホッケー,3,3,0.0391,5812
2,相手 振る,3,3,0.0391,5813
2,祭 応援,3,3,0.0391,5814
2,救急 隊員,3,3,0.0391,5815
2,降る 路面,3,3,0.0391,5816
2,路面 濡れる,3,3,0.0391,5817
2,ハンドル きる,3,3,0.0391,5818
2,者 用,3,3,0.0391,5819
2,途中 下り坂,3,3,0.0391,5820
2,道路 歩道,3,3,0.0391,5821
2,顔 手,3,3,0.0391,5822
2,就寝 時間,3,3,0.0391,5823
2,荷物 取る,3,3,0.0391,5824
2,部 床,3,3,0.0391,5825
2,会 始まる,3,3,0.0391,5826
2,扉 ぶつかる,3,3,0.0391,5827
2,サッカー クラブ,3,3,0.0391,5828
2,学芸 会,3,3,0.0391,5829
2,体育 用具,3,3,0.0391,5830
2,鉄棒 運動,3,3,0.0391,5831
2,場 間,3,3,0.0391,5832
2,出る 倒れる,3,3,0.0391,5833
2,下りる くる,3,3,0.0391,5834
2,行く 隣,3,3,0.0391,5835
2,隣 ペア,3,3,0.0391,5836
2,ぶらんこ 横,3,3,0.0391,5837
2,崩す 手すり,3,3,0.0391,5838
2,おる 床,3,3,0.0391,5840
2,置く 机,3,3,0.0391,5841
2,振る 終える,3,3,0.0391,5842
2,終える バット,3,3,0.0391,5843
2,れっする 負う,3,3,0.0391,5844
2,ディフェンス 接触,3,3,0.0391,5845
2,鉄棒 くぐる,3,3,0.0391,5846
2,コース 走る,3,3,0.0391,5847
2,フェンス 激突,3,3,0.0391,5848
2,グラウンド ソフトボール,3,3,0.0391,5849
2,顔 衝突,3,3,0.0391,5850
2,脳震盪 起こす,3,3,0.0391,5851
2,打つ 受傷,3,3,0.0391,5852
2,乱れる 転倒,3,3,0.0391,5853
2,新人 戦,3,3,0.0391,5854
2,脱臼 しまう,3,3,0.0391,5855
2,予選 出場,3,3,0.0391,5856
2,近く 素振り,3,3,0.0391,5857
2,見失う 捕る,3,3,0.0391,5858
2,グラウンド ノック,3,3,0.0391,5859
2,タックル タックル,3,3,0.0391,5860
2,部 バドミントン,3,3,0.0391,5861
2,練習 ジャンプ,3,3,0.0391,5862
2,場 乱取り,3,3,0.0391,5863
2,下校 雨,3,3,0.0391,5864
2,向ける 走る,3,3,0.0391,5865
2,目 開ける,3,3,0.0391,5866
2,つく 過ぎる,3,3,0.0391,5867
2,目 横,3,3,0.0391,5868
2,倉庫 運ぶ,3,3,0.0391,5869
2,下りる 勢い,3,3,0.0391,5870
2,ヒット 打つ,3,3,0.0391,5871
2,取る 友人,3,3,0.0391,5872
2,移動 くる,3,3,0.0391,5874
2,くる 見る,3,3,0.0391,5875
2,清掃 教室,3,3,0.0391,5876
2,くる 床,3,3,0.0391,5877
2,しまう 手,3,3,0.0391,5878
2,手 握る,3,3,0.0391,5879
2,られる 顔面,3,3,0.0391,5880
2,学 活,3,3,0.0391,5881
2,机 縁,3,3,0.0391,5882
2,自転車 かご,3,3,0.0391,5883
2,落ちる 顔,3,3,0.0391,5884
2,人 渡す,3,3,0.0391,5885
2,帰る 友人,3,3,0.0391,5886
2,かける スリップ,3,3,0.0391,5887
2,出る 途中,3,3,0.0391,5888
2,ぶつかる 壁,3,3,0.0391,5889
2,廊下 クラス,3,3,0.0391,5890
2,床 濡れる,3,3,0.0391,5891
2,追いかける いく,3,3,0.0391,5892
2,公園 内,3,3,0.0391,5893
2,内 走る,3,3,0.0391,5894
2,練習 ゴム,3,3,0.0391,5895
2,飛ぶ 顔面,3,3,0.0391,5896
2,チーム ゴールキーパー,3,3,0.0391,5897
2,練習 センター,3,3,0.0391,5898
2,損ねる 打球,3,3,0.0391,5899
2,部 送球,3,3,0.0391,5900
2,球 当たる,3,3,0.0391,5901
2,つく 打球,3,3,0.0391,5902
2,校庭 野球,3,3,0.0391,5903
2,歯 唇,3,3,0.0391,5904
2,鼻 間,3,3,0.0391,5905
2,腰 打つ,3,3,0.0391,5906
2,降りる 階,3,3,0.0391,5907
2,弓道 場,3,3,0.0391,5908
2,脇 抱える,3,3,0.0391,5909
2,登校 駅,3,3,0.0391,5910
2,息 苦しい,3,3,0.0391,5911
2,後方 部,3,3,0.0391,5912
2,教員 介助,3,3,0.0391,5913
2,バスケットボール リング,3,3,0.0391,5914
2,しまう 顎,3,3,0.0391,5915
2,医 受診,3,3,0.0391,5916
2,昼休み グラウンド,3,3,0.0391,5918
2,倒れる 廊下,3,3,0.0391,5919
2,教室 前方,3,3,0.0391,5920
2,靴 脱ぐ,3,3,0.0391,5921
2,形 バランス,3,3,0.0391,5922
2,畳 強打,3,3,0.0391,5923
2,遊ぶ 飛ぶ,3,3,0.0391,5924
2,人 下校,3,3,0.0391,5925
2,れる 首,3,3,0.0391,5926
2,足 振り上げる,3,3,0.0391,5927
2,ボール 渡す,3,3,0.0391,5928
2,部 サッカー,3,3,0.0391,5929
2,部 切れる,3,3,0.0391,5930
2,取る 転倒,3,3,0.0391,5931
2,転倒 柱,3,3,0.0391,5932
2,投げる れる,3,3,0.0391,5933
2,側 立つ,3,3,0.0391,5934
2,ノック フライ,3,3,0.0391,5935
2,遅れる ボール,3,3,0.0391,5936
2,部分 直撃,3,3,0.0391,5937
2,切れる 顔面,3,3,0.0391,5938
2,ネット 越し,3,3,0.0391,5939
2,ディフェンス 頭,3,3,0.0391,5941
2,れる 蹴る,3,3,0.0391,5942
2,上顎 当たる,3,3,0.0391,5943
2,手すり 乗り越える,3,3,0.0391,5944
2,教員 声,3,3,0.0391,5945
2,教員 駆け寄る,3,3,0.0391,5946
2,そう 左手,3,3,0.0391,5947
2,段差 転倒,3,3,0.0391,5948
2,ふざける 傘,3,3,0.0391,5949
2,途中 段差,3,3,0.0391,5950
2,駐車 車,3,3,0.0391,5951
2,グループ ごと,3,3,0.0391,5952
2,人 廊下,3,3,0.0391,5953
2,入り口 付近,3,3,0.0391,5954
2,付近 足,3,3,0.0391,5955
2,損傷 膝,3,3,0.0391,5956
2,取る 教室,3,3,0.0391,5957
2,出る ぶつかる,3,3,0.0391,5958
2,踏む 滑る,3,3,0.0391,5959
2,滑る 前のめり,3,3,0.0391,5960
2,前歯 眼,3,3,0.0391,5961
2,室 横,3,3,0.0391,5962
2,口元 ぶつける,3,3,0.0391,5963
2,男子 足,3,3,0.0391,5964
2,武道館 柔道,3,3,0.0391,5965
2,祭 棒引き,3,3,0.0391,5966
2,棒引き 競技,3,3,0.0391,5967
2,おでこ ぶつかる,3,3,0.0391,5968
2,遊ぶ じゃれる,3,3,0.0391,5969
2,足 引っ張る,3,3,0.0391,5970
2,落とす れる,3,3,0.0391,5971
2,れる 体育館,3,3,0.0391,5972
2,構える ピッチャー,3,3,0.0391,5973
2,守る 強い,3,3,0.0391,5974
2,強化 練習,3,3,0.0391,5975
2,倒れる 負傷,3,3,0.0391,5976
2,左上 前歯,3,3,0.0391,5977
2,相手 背負い投げ,3,3,0.0391,5978
2,背負い投げ 技,3,3,0.0391,5979
2,友人 会話,3,3,0.0391,5980
2,壁 当たる,3,3,0.0391,5981
2,自転車 チェーン,3,3,0.0391,5982
2,強い たたく,3,3,0.0391,5983
2,歩く 歩く,3,3,0.0391,5984
2,急 立ち止まる,3,3,0.0391,5985
2,鬼 追いかける,3,3,0.0391,5986
2,られる 逃げる,3,3,0.0391,5987
2,高い 位置,3,3,0.0391,5988
2,鬼ごっこ 遊び,3,3,0.0391,5989
2,鬼ごっこ ぶつかる,3,3,0.0391,5990
2,友人 鉄棒,3,3,0.0391,5991
2,時間 清掃,3,3,0.0391,5992
2,座る ふざける,3,3,0.0391,5993
2,追いかける 足,3,3,0.0391,5994
2,三塁 側,3,3,0.0391,5995
2,蹴る 走る,3,3,0.0391,5996
2,守備 ゴロ,3,3,0.0391,5997
2,支柱 衝突,3,3,0.0391,5998
2,練習 イレギュラー,3,3,0.0391,5999
2,寄る くる,3,3,0.0391,6000
2,登校 交差点,3,3,0.0391,6001
2,下校 前輪,3,3,0.0391,6002
2,取り ゲーム,3,3,0.0391,6003
2,指導 プール,3,3,0.0391,6004
2,体育 近く,3,3,0.0391,6005
2,口 くう,3,3,0.0391,6006
2,走り高跳び 着地,3,3,0.0391,6007
2,膝 当たり,3,3,0.0391,6008
2,引く 足,3,3,0.0391,6009
2,前進 くる,3,3,0.0391,6010
2,肘 ぶつける,3,3,0.0391,6011
2,体育 終わる,3,3,0.0391,6012
2,終わる 挨拶,3,3,0.0391,6013
2,転倒 木,3,3,0.0391,6014
2,余る 転倒,3,3,0.0391,6015
2,転落 思う,3,3,0.0391,6016
2,ぶつかる 前方,3,3,0.0391,6017
2,遊ぶ 名,3,3,0.0391,6018
2,戦 ボール,3,3,0.0391,6019
2,相手 競り合う,3,3,0.0391,6020
2,競り合う バランス,3,3,0.0391,6021
2,靴 かかと,3,3,0.0391,6022
2,出る 頭,3,3,0.0391,6023
2,入れる 打ち返す,3,3,0.0391,6024
2,キャッチャー 投げる,3,3,0.0391,6025
2,試合 フライ,3,3,0.0391,6026
2,走る 机,3,3,0.0391,6027
2,机 足,3,3,0.0391,6028
2,教室 扉,3,3,0.0391,6029
2,時間 校門,3,3,0.0391,6030
2,手 負傷,3,3,0.0391,6031
2,れる 頭,3,3,0.0391,6032
2,路面 ぬれる,3,3,0.0391,6033
2,膝 下腿,3,3,0.0391,6034
2,側溝 自転車,3,3,0.0391,6035
2,ごと 落ち,3,3,0.0391,6036
2,庭 鉄棒,3,3,0.0391,6037
2,清掃 廊下,3,3,0.0391,6038
2,体育 ドッジボール,3,3,0.0391,6039
2,時間 追いかける,3,3,0.0391,6040
2,出会い頭 衝突,3,3,0.0391,6041
2,濡れる マンホール,3,3,0.0391,6042
2,バスケットボール ゴール,3,3,0.0391,6043
2,チーム キック,3,3,0.0391,6044
2,チーム パス,3,3,0.0391,6045
2,歯 顎,3,3,0.0391,6046
2,乱取り 稽古,3,3,0.0391,6047
2,ブレーキ きく,3,3,0.0391,6048
2,者 接触,3,3,0.0391,6049
2,顔 瘢痕,3,3,0.0391,6050
2,特別 時間,3,3,0.0391,6051
2,振る ゴルフ,3,3,0.0391,6052
2,壁 顔,3,3,0.0391,6053
2,腰 高い,3,3,0.0391,6054
2,体勢 低い,3,3,0.0391,6055
2,場 ファースト,3,3,0.0391,6056
2,場 送球,3,3,0.0391,6057
2,送球 練習,3,3,0.0391,6058
2,余る 顔,3,3,0.0391,6059
2,追いかける 体育館,3,3,0.0391,6060
2,坂道 走る,3,3,0.0391,6061
2,道路 左折,3,3,0.0391,6062
2,試合 後衛,3,3,0.0391,6063
2,打つ 方,3,3,0.0391,6064
2,やめる させる,3,3,0.0391,6065
2,かける 倒す,3,3,0.0391,6066
2,拾う 隣,3,3,0.0391,6067
2,治療 歯科,3,3,0.0391,6068
2,ラリー 練習,3,3,0.0391,6069
2,ボール 打ち返す,3,3,0.0391,6070
2,打ち返す ラケット,3,3,0.0391,6071
2,バッティング 球,3,3,0.0391,6072
2,コート ボール,3,3,0.0391,6073
2,トス 練習,3,3,0.0391,6074
2,移動 意識,3,3,0.0391,6075
2,つく 形,3,3,0.0391,6076
2,ビニール 袋,3,3,0.0391,6078
2,実験 ペットボトル,3,3,0.0391,6079
2,引火 熱傷,3,3,0.0391,6080
2,気づく 激突,3,3,0.0391,6081
2,後方 待つ,3,3,0.0391,6082
2,くる 前額,3,3,0.0391,6083
2,拍子 ぶつかる,3,3,0.0391,6084
2,メートル 高い,3,3,0.0391,6085
2,男子 教室,3,3,0.0391,6086
2,姿 見える,3,3,0.0391,6087
2,足 ガラス,3,3,0.0391,6089
2,閉まる 右手,3,3,0.0391,6090
2,右手 出す,3,3,0.0391,6091
2,呼び止める られる,3,3,0.0391,6092
2,用 フック,3,3,0.0391,6093
2,壁際 座る,3,3,0.0391,6094
2,閉める 窓,3,3,0.0391,6095
2,教師 用,3,3,0.0391,6096
2,油 かかる,3,3,0.0391,6097
2,のべる く,3,3,0.0391,6098
2,修学旅行 日,3,3,0.0391,6099
2,顎 唇,3,3,0.0391,6100
2,部分 頬,3,3,0.0391,6101
2,頬 打つ,3,3,0.0391,6102
2,出入り 口,3,3,0.0391,6103
2,角 打つ,3,3,0.0391,6104
2,ゴール 地点,3,3,0.0391,6105
2,戸 ぶつかる,3,3,0.0391,6106
2,突き破る 腕,3,3,0.0391,6107
2,腕 引き抜く,3,3,0.0391,6108
2,戻る 昇降,3,3,0.0391,6109
2,時間 ボール,3,3,0.0391,6110
2,窓 ひさし,3,3,0.0391,6111
2,体育館 側,3,3,0.0391,6112
2,戸 開ける,3,3,0.0391,6113
2,遊ぶ 衝突,3,3,0.0391,6115
2,前歯 頬,3,3,0.0391,6116
2,喧嘩 顔,3,3,0.0391,6117
2,かけっこ 廊下,3,3,0.0391,6118
2,戸 激突,3,3,0.0391,6119
2,さ mm,3,3,0.0391,6120
2,注意 近づく,3,3,0.0391,6121
2,運動会 リレー,3,3,0.0391,6122
2,かけっこ 教室,3,3,0.0391,6123
2,滑る ガラス,3,3,0.0391,6124
2,ガラス 手首,3,3,0.0391,6125
2,転ぶ 額,3,3,0.0391,6126
2,眼鏡 フレーム,3,3,0.0391,6127
2,腕骨 骨折,3,3,0.0391,6128
2,くる 持つ,3,3,0.0391,6129
2,バット 頭部,3,3,0.0391,6130
2,角 ぶつかる,3,3,0.0391,6131
2,走る 人,3,3,0.0391,6132
2,転倒 側溝,3,3,0.0391,6133
2,れる 右目,3,3,0.0391,6134
2,追いかける 合う,3,3,0.0391,6135
2,走る ドア,3,3,0.0391,6136
2,走る 正面,3,3,0.0391,6137
2,体育 グランド,3,3,0.0391,6138
2,回転 ｍ,3,3,0.0391,6139
2,一緒 行く,3,3,0.0391,6140
2,台風 突風,3,3,0.0391,6141
2,せる 落ちる,3,3,0.0391,6143
2,ガラス 顔,3,3,0.0391,6144
2,目 開始,3,3,0.0391,6145
2,校舎 廊下,3,3,0.0391,6146
2,入る ドア,3,3,0.0391,6147
2,校舎 入る,3,3,0.0391,6148
2,入る ガラス,3,3,0.0391,6149
2,右足 大腿,3,3,0.0391,6150
2,部 箇所,3,3,0.0391,6151
2,大きい 開く,3,3,0.0391,6152
2,強打 裂傷,3,3,0.0391,6153
2,頸部 負傷,3,3,0.0391,6154
2,来る 人,3,3,0.0391,6155
2,遊ぶ 一緒,3,3,0.0391,6156
2,眉 辺り,3,3,0.0391,6157
2,場 立つ,3,3,0.0391,6158
2,遊ぶ 木,3,3,0.0391,6160
2,怒る 本,3,3,0.0391,6161
2,傷 つける,3,3,0.0391,6162
2,大腿 かかる,3,3,0.0391,6163
2,跳ぶ 足,3,3,0.0391,6164
2,公園 行く,3,3,0.0391,6165
2,校外 出る,3,3,0.0391,6166
2,学級 楽しみ,3,3,0.0391,6167
2,挟み撃ち 捕まえる,3,3,0.0391,6168
2,相手 前歯,3,3,0.0391,6169
2,閉じ込める られる,3,3,0.0391,6170
2,会 時間,3,3,0.0391,6172
2,鍋 持つ,3,3,0.0391,6173
2,足 かかる,3,3,0.0391,6175
2,教室 ストーブ,3,3,0.0391,6176
2,陸上 記録,3,3,0.0391,6177
2,練習 バー,3,3,0.0391,6178
2,バー 飛び越える,3,3,0.0391,6179
2,近づく 友人,3,3,0.0391,6180
2,ブランコ 板,3,3,0.0391,6181
2,傷 つく,3,3,0.0391,6182
2,くる 背中,3,3,0.0391,6183
2,男子 投げる,3,3,0.0391,6184
2,追う かけあい,3,3,0.0391,6185
2,枠 ごと,3,3,0.0391,6186
2,眼 瞼,3,3,0.0391,6187
2,かけっこ トイレ,3,3,0.0391,6188
2,隠れる 友人,3,3,0.0391,6189
2,前腕 挫創,3,3,0.0391,6190
2,当たる 右手,3,3,0.0391,6191
2,入ろう 廊下,3,3,0.0391,6192
2,くる 上級生,3,3,0.0391,6193
2,上級生 ぶつかる,3,3,0.0391,6194
2,かけっこ 友人,3,3,0.0391,6195
2,勢い 頭,3,3,0.0391,6196
2,額 部分,3,3,0.0391,6197
2,角 強打,3,3,0.0391,6198
2,ベランダ 教室,3,3,0.0391,6199
2,右腕 負傷,3,3,0.0391,6200
2,歩く 追いかける,3,3,0.0391,6201
2,扉 角,3,3,0.0391,6202
2,鬼 タッチ,3,3,0.0391,6203
2,降りる 手,3,3,0.0391,6204
2,友人 引っ張る,3,3,0.0391,6205
2,階段 友人,3,3,0.0391,6206
2,高い 上げる,3,3,0.0391,6207
2,走る 玄関,3,3,0.0391,6208
2,玄関 入ろう,3,3,0.0391,6209
2,投げる 額,3,3,0.0391,6210
2,名 トイレ,3,3,0.0391,6211
2,つかみ合う のける,3,3,0.0391,6212
2,部 顔面,3,3,0.0391,6214
2,溝 ふた,3,3,0.0391,6215
2,ぶつける ㎝,3,3,0.0391,6216
2,割れる 頬,3,3,0.0391,6217
2,柱 頭部,3,3,0.0391,6218
2,すべる 転倒,3,3,0.0391,6219
2,歩く てる,3,3,0.0391,6220
2,コンクリート 側溝,3,3,0.0391,6221
2,友人 下校,3,3,0.0391,6222
2,網 足,3,3,0.0391,6223
2,けんか 友人,3,3,0.0391,6224
2,出る 行く,3,3,0.0391,6225
2,閉まる ガラス,3,3,0.0391,6226
2,友人 止める,3,3,0.0391,6227
2,右足 下腿,3,3,0.0391,6228
2,ガラス 叩く,3,3,0.0391,6229
2,歩 踏み出す,3,3,0.0391,6230
2,つく 方,3,3,0.0391,6231
2,右手 相手,3,3,0.0391,6232
2,右手 切る,3,3,0.0391,6233
2,つく 窓,3,3,0.0391,6234
2,入る 別,3,3,0.0391,6235
2,内側 ドア,3,3,0.0391,6236
2,顔面 挫傷,3,3,0.0391,6237
2,室 入り口,3,3,0.0391,6238
2,蹴る ガラス,3,3,0.0391,6239
2,窓 手,3,3,0.0391,6240
2,走る 校舎,3,3,0.0391,6241
2,校舎 入ろう,3,3,0.0391,6242
2,大会 ドッジボール,3,3,0.0391,6243
2,流す れる,3,3,0.0391,6244
2,眉間 直撃,3,3,0.0391,6245
2,ぶつける 切,3,3,0.0391,6246
2,拾う しゃがむ,3,3,0.0391,6247
2,手 爪,3,3,0.0391,6248
2,爪 本,3,3,0.0391,6249
2,柵 足,3,3,0.0391,6250
2,外 遊ぶ,3,3,0.0391,6251
2,乗る 移動,3,3,0.0391,6252
2,児 部屋,3,3,0.0391,6254
2,座る 遊ぶ,3,3,0.0391,6255
2,反応 実験,3,3,0.0391,6256
2,接触 膝,3,3,0.0391,6257
2,階段 足,3,3,0.0391,6258
2,人 技,3,3,0.0391,6259
2,途中 人,3,3,0.0391,6261
2,階段 へる,3,3,0.0391,6263
2,ひっぱる れる,3,3,0.0391,6264
2,転ぶ 左手,3,3,0.0391,6265
2,走る 床,3,3,0.0391,6266
2,給食 時間,3,3,0.0391,6267
2,突進 ガラス,3,3,0.0391,6268
2,友人 正面,3,3,0.0391,6269
2,手 引き抜く,3,3,0.0391,6270
2,教室 外,3,3,0.0391,6271
2,衝突 勢い,3,3,0.0391,6272
2,渡り廊下 柱,3,3,0.0391,6273
2,目 終了,3,3,0.0391,6274
2,たたく ガラス,3,3,0.0391,6275
2,割れる 負傷,3,3,0.0391,6276
2,場 一輪車,3,3,0.0391,6277
2,ストーブ 当たる,3,3,0.0391,6278
2,ガラス 面,3,3,0.0391,6279
2,入る バケツ,3,3,0.0391,6280
2,転倒 右側,3,3,0.0391,6281
2,ぶつかる 廊下,3,3,0.0391,6282
2,場 脇,3,3,0.0391,6283
2,教室 遊び,3,3,0.0391,6284
2,れる 人,3,3,0.0391,6285
2,打つ 切れる,3,3,0.0391,6286
2,場 固定,3,3,0.0391,6287
2,固定 タイヤ,3,3,0.0391,6288
2,支える 右手,3,3,0.0391,6289
2,強い 突く,3,3,0.0391,6290
2,転倒 ネット,3,3,0.0391,6291
2,フック 頬,3,3,0.0391,6292
2,下校 歩く,3,3,0.0391,6293
2,窓 突っ込む,3,3,0.0391,6295
2,おる ゴール,3,3,0.0391,6296
2,塁 練習,3,3,0.0391,6297
2,練習 二塁,3,3,0.0391,6298
2,しまう 相手,3,3,0.0391,6299
2,きれる 左手,3,3,0.0391,6300
2,突っ込み 負傷,3,3,0.0391,6301
2,手 押す,3,3,0.0391,6302
2,踊り場 友人,3,3,0.0391,6303
2,ガラス 激突,3,3,0.0391,6304
2,体育館 体操,3,3,0.0391,6305
2,待つ 友人,3,3,0.0391,6307
2,人 教室,3,3,0.0391,6308
2,逃げる 教室,3,3,0.0391,6309
2,扉 激突,3,3,0.0391,6310
2,ガラス 破損,3,3,0.0391,6312
2,腕 突っ込む,3,3,0.0391,6313
2,つく 相手,3,3,0.0391,6314
2,落ちる 頭,3,3,0.0391,6315
2,遊ぶ 幼児,3,3,0.0391,6316
2,場 行く,3,3,0.0391,6317
2,朝 時間,3,3,0.0391,6318
2,遊ぶ つまずく,3,3,0.0391,6319
2,歩く 転倒,3,3,0.0391,6320
2,頬 爪,3,3,0.0391,6321
2,おる 本,3,3,0.0391,6322
2,怒る 追いかける,3,3,0.0391,6323
2,状態 頭,3,3,0.0391,6324
2,額 床,3,3,0.0391,6325
2,台 手,3,3,0.0391,6326
2,気持ち 悪い,3,3,0.0391,6327
2,近く ぶつかる,3,3,0.0391,6328
2,ロッカー 置く,3,3,0.0391,6329
2,遊ぶ 窓,3,3,0.0391,6330
2,落ちる 手,3,3,0.0391,6331
2,柱 ぶつかる,3,3,0.0391,6332
2,後ろ 追いかける,3,3,0.0391,6335
2,ガラス たたく,3,3,0.0391,6336
2,当たる 切る,3,3,0.0391,6337
2,逃げる すべり台,3,3,0.0391,6338
2,崩す 台,3,3,0.0391,6339
2,左腕 つく,3,3,0.0391,6340
2,縦 割り,3,3,0.0391,6342
2,別 グループ,3,3,0.0391,6344
2,トイレ 走る,3,3,0.0391,6345
2,運動会 応援,3,3,0.0391,6347
2,しまう 頬,3,3,0.0391,6348
2,ふざける 追う,3,3,0.0391,6349
2,れる 教室,3,3,0.0391,6350
2,席 離れる,3,3,0.0391,6351
2,行く 転倒,3,3,0.0391,6352
2,着替え 教室,3,3,0.0391,6353
2,入る 近く,3,3,0.0391,6354
2,転倒 椅子,3,3,0.0391,6355
2,手首 肘,3,3,0.0391,6356
2,地面 左手,3,3,0.0391,6357
2,眉間 負傷,3,3,0.0391,6358
2,通学 班,3,3,0.0391,6359
2,歩く 道路,3,3,0.0391,6360
2,くる 押す,3,3,0.0391,6361
2,れる 転ぶ,3,3,0.0391,6362
2,転ぶ 肘,3,3,0.0391,6363
2,しまう 左足,3,3,0.0391,6364
2,机上 置く,3,3,0.0391,6365
2,右手 右腕,3,3,0.0391,6366
2,れる 振り返る,3,3,0.0391,6367
2,跳箱 運動,3,3,0.0391,6368
2,流す 場,3,3,0.0391,6369
2,右手 突っ込む,3,3,0.0391,6370
2,足 負傷,3,3,0.0391,6371
2,フェンス 向かう,3,3,0.0391,6372
2,側溝 角,3,3,0.0391,6373
2,膝 打ちつける,3,3,0.0391,6374
2,引っ掛かる 手,3,3,0.0391,6375
2,倒れる 隣,3,3,0.0391,6376
2,隣 クラス,3,3,0.0391,6377
2,地上 コンクリート,3,3,0.0391,6378
2,落下 全身,3,3,0.0391,6379
2,付け根 部分,3,3,0.0391,6381
2,座る 状態,3,3,0.0391,6382
2,開く 勘違い,3,3,0.0391,6383
2,部分 巻き込む,3,3,0.0391,6384
2,引き寄せる られる,3,3,0.0391,6385
2,顔 接触,3,3,0.0391,6386
2,顔 面部,3,3,0.0391,6387
2,紅白 試合,3,3,0.0391,6388
2,手 突っ込む,3,3,0.0391,6389
2,ぶつかる 切れる,3,3,0.0391,6390
2,連続 技,3,3,0.0391,6391
2,くる 当たる,3,3,0.0391,6392
2,会場 自転車,3,3,0.0391,6393
2,指導 時間,3,3,0.0391,6394
2,担任 教諭,3,3,0.0391,6395
2,逃げる バランス,3,3,0.0391,6396
2,取る 児,3,3,0.0391,6397
2,近づく いく,3,3,0.0391,6398
2,ぶつける ～,3,3,0.0391,6399
2,持つ 階段,3,3,0.0391,6400
2,入口 柱,3,3,0.0391,6401
2,上り 下り,3,3,0.0391,6402
2,プラスチック 部分,3,3,0.0391,6403
2,固定 遊具,3,3,0.0391,6404
2,体育館 跳び箱,3,3,0.0391,6405
2,崩す 左手,3,3,0.0391,6406
2,走る 朝礼,3,3,0.0391,6407
2,転倒 朝礼,3,3,0.0391,6408
2,顔面 頬,3,3,0.0391,6410
2,写真 撮る,3,3,0.0391,6411
2,降りる 左足,3,3,0.0391,6413
2,練習 台,3,3,0.0391,6414
2,勧める られる,3,3,0.0391,6415
2,部分 触れる,3,3,0.0391,6416
2,宿泊 施設,3,3,0.0391,6417
2,れる 近く,3,3,0.0391,6418
2,別 友達,3,3,0.0391,6420
2,ドア 縁,3,3,0.0391,6421
2,部分 打つ,3,3,0.0391,6422
2,体育館 走る,3,3,0.0391,6423
2,口論 お互い,3,3,0.0391,6424
2,叩く 合う,3,3,0.0391,6425
2,角 頭,3,3,0.0391,6426
2,足 膝,3,3,0.0391,6427
2,くる 転ぶ,3,3,0.0391,6428
2,遊ぶ 急ぐ,3,3,0.0391,6429
2,突く ガラス,3,3,0.0391,6430
2,ぶらさがる 遊ぶ,3,3,0.0391,6431
2,遊ぶ 右手,3,3,0.0391,6432
2,飛び降りる バランス,3,3,0.0391,6433
2,眼 当てる,3,3,0.0391,6434
2,折りたたみ 式,3,3,0.0391,6435
2,当たる 反動,3,3,0.0391,6436
2,反動 転倒,3,3,0.0391,6437
2,玄関 靴,3,3,0.0391,6438
2,づく 転ぶ,3,3,0.0391,6439
2,角 おでこ,3,3,0.0391,6440
2,下校 並ぶ,3,3,0.0391,6441
2,頭部 裂傷,3,3,0.0391,6442
2,脇 側溝,3,3,0.0391,6443
2,打ち付ける 額,3,3,0.0391,6444
2,道路 凹凸,3,3,0.0391,6445
2,地面 額,3,3,0.0391,6446
2,机 置く,3,3,0.0391,6448
2,左腕 触れる,3,3,0.0391,6449
2,ボール かご,3,3,0.0391,6450
2,切る 前腕,3,3,0.0391,6451
2,前腕 切,3,3,0.0391,6452
2,激痛 感じる,3,3,0.0391,6453
2,腹部 負傷,3,3,0.0391,6454
2,挫創 顔面,3,3,0.0391,6455
2,しまう 両足,3,3,0.0391,6456
2,出す ふざける,3,3,0.0391,6457
2,誤る 顔,3,3,0.0391,6458
2,競技 参加,3,3,0.0391,6459
2,ハードル 跳ぶ,3,3,0.0391,6460
2,部分 割れる,3,3,0.0391,6461
2,瞼 切る,3,3,0.0391,6462
2,バント バット,3,3,0.0391,6463
2,打球 打球,3,3,0.0391,6464
2,ボール 防御,3,3,0.0391,6465
2,ネット すり抜ける,3,3,0.0391,6466
2,張る 作業,3,3,0.0391,6467
2,れる ネット,3,3,0.0391,6468
2,ハンドル 回す,3,3,0.0391,6470
2,コート 練習,3,3,0.0391,6471
2,いく 救急,3,3,0.0391,6472
2,講習 会,3,3,0.0391,6473
2,足 乗せる,3,3,0.0391,6474
2,刺さる しまう,3,3,0.0391,6475
2,バスケットボール ダンクシュート,3,3,0.0391,6476
2,車 運ぶ,3,3,0.0391,6478
2,溝 蓋,3,3,0.0391,6479
2,顔 引っ掻く,3,3,0.0391,6480
2,頬 ｃｍ,3,3,0.0391,6481
2,ｃｍ ひっかく,3,3,0.0391,6482
2,ドア サッシ,3,3,0.0391,6483
2,先 手,3,3,0.0391,6484
2,出る しまう,3,3,0.0391,6485
2,縦 ｃｍ,3,3,0.0391,6486
2,児 ままごと,3,3,0.0391,6487
2,大きい 振る,3,3,0.0391,6488
2,当たる 病院,3,3,0.0391,6489
2,崩す しまう,3,3,0.0391,6490
2,倒れる 右腕,3,3,0.0391,6491
2,友人 先,3,3,0.0391,6492
2,着地 勢い,3,3,0.0391,6493
2,鬼 鬼,3,3,0.0391,6494
2,油 はねる,3,3,0.0391,6495
2,行く 戻る,3,3,0.0391,6496
2,クラブ 理科,3,3,0.0391,6497
2,ホット プレート,3,3,0.0391,6498
2,追いかける 勢い,3,3,0.0391,6500
2,校庭 友達,3,3,0.0391,6501
2,せる 頭部,3,3,0.0391,6502
2,打つ 顎,3,3,0.0391,6503
2,破片 顔面,3,3,0.0391,6504
2,トイレ 廊下,3,3,0.0391,6505
2,火 つける,3,3,0.0391,6507
2,途中 隣,3,3,0.0391,6508
2,場 教室,3,3,0.0391,6509
2,眉 当たる,3,3,0.0391,6510
2,大きい 切る,3,3,0.0391,6511
2,園芸 用,3,3,0.0391,6512
2,顔 爪,3,3,0.0391,6513
2,かける 体,3,3,0.0391,6514
2,室 扉,3,3,0.0391,6515
2,集団 登校,3,3,0.0391,6516
2,歩く 出る,3,3,0.0391,6517
2,人 グループ,3,3,0.0391,6518
2,戸 閉まる,3,3,0.0391,6519
2,れる ドア,3,3,0.0391,6520
2,か所 切る,3,3,0.0391,6521
2,ドア 外れる,3,3,0.0391,6522
2,複数 人,3,3,0.0391,6523
2,診察 結果,3,3,0.0391,6524
2,くる 他校,3,3,0.0391,6525
2,他校 自転車,3,3,0.0391,6526
2,遊ぶ トランポリン,3,3,0.0391,6527
2,手すり 足,3,3,0.0391,6528
2,児 相手,3,3,0.0391,6529
2,残る しまう,3,3,0.0391,6530
2,マンホール 滑る,3,3,0.0391,6531
2,夕方 保育,3,3,0.0391,6532
2,並ぶ 待つ,3,3,0.0391,6533
2,遠足 行く,3,3,0.0391,6535
2,ぶつける 頬,3,3,0.0391,6536
2,走り高跳び 跳ぶ,3,3,0.0391,6537
2,落ちる 右手,3,3,0.0391,6538
2,場 遊具,3,3,0.0391,6539
2,木製 ロッカー,3,3,0.0391,6540
2,左手 左足,3,3,0.0391,6541
2,しまう 顔,3,3,0.0391,6542
2,運動会 昼休み,3,3,0.0391,6543
2,校庭 隅,3,3,0.0391,6544
2,夏休み 水泳,3,3,0.0391,6545
2,首 かける,3,3,0.0391,6546
2,見る 走る,3,3,0.0391,6547
2,走る 前方,3,3,0.0391,6548
2,ゴール 近く,3,3,0.0391,6549
2,友達 押す,3,3,0.0391,6550
2,右足 強い,3,3,0.0391,6551
2,強い 当る,3,3,0.0391,6552
2,校庭 向かう,3,3,0.0391,6553
2,途中 走る,3,3,0.0391,6554
2,とぶ 箱,3,3,0.0391,6555
2,頬 強い,3,3,0.0391,6556
2,男子 接触,3,3,0.0391,6557
2,人 立つ,3,3,0.0391,6558
2,立つ 状態,3,3,0.0391,6559
2,最中 相手,3,3,0.0391,6560
2,棒 手,3,3,0.0391,6562
2,抜ける 後方,3,3,0.0391,6563
2,倒れる 机,3,3,0.0391,6564
2,取る ジャンプ,3,3,0.0391,6565
2,部分 降りる,3,3,0.0391,6566
2,歩く 玄関,3,3,0.0391,6567
2,投球 れる,3,3,0.0391,6568
2,カット ボール,3,3,0.0391,6569
2,相手 おでこ,3,3,0.0391,6570
2,当たる まぶた,3,3,0.0391,6571
2,こめかみ 部分,3,3,0.0391,6572
2,体操 段,3,3,0.0391,6573
2,左腕 強い,3,3,0.0391,6574
2,凧 揚げ,3,3,0.0391,6575
2,かかる やけど,3,3,0.0391,6576
2,水 慣れる,3,3,0.0391,6577
2,校舎 脇,3,3,0.0391,6578
2,落下 左足,3,3,0.0391,6579
2,手首 強打,3,3,0.0391,6580
2,台 角,3,3,0.0391,6581
2,かける 頭,3,3,0.0391,6582
2,練習 サッカー,3,3,0.0391,6583
2,膝 あたり,3,3,0.0391,6584
2,石 額,3,3,0.0391,6585
2,S 字,3,3,0.0391,6586
2,終了 チャイム,3,3,0.0391,6587
2,口 ガラス,3,3,0.0391,6588
2,扉 上部,3,3,0.0391,6589
2,cm 程度,3,3,0.0391,6591
2,当たる 顔面,3,3,0.0391,6592
2,強打 衝撃,3,3,0.0391,6593
2,ふざける 友達,3,3,0.0391,6594
2,人 接触,3,3,0.0391,6595
2,右足 ふく,3,3,0.0391,6596
2,正門 出る,3,3,0.0391,6597
2,ステンレス 製,3,3,0.0391,6598
2,足 踏む,3,3,0.0391,6599
2,箇所 切る,3,3,0.0391,6600
2,割れる 両手,3,3,0.0391,6601
2,走る まわる,3,3,0.0391,6602
2,強打 挫創,3,3,0.0391,6603
2,体 押す,3,3,0.0391,6604
2,崩す 右手,3,3,0.0391,6605
2,突っ込む 上腕,3,3,0.0391,6606
2,自動 カンナ,3,3,0.0391,6607
2,転がる 拾う,3,3,0.0391,6608
2,階段 走る,3,3,0.0391,6609
2,ガラス 拭く,3,3,0.0391,6610
2,気付く ボール,3,3,0.0391,6611
2,鬼ごっこ 逃げ,3,3,0.0391,6612
2,次 時間,3,3,0.0391,6613
2,一輪車 練習,3,3,0.0391,6614
2,転落 考える,3,3,0.0391,6615
2,時間 ベランダ,3,3,0.0391,6616
2,段 階段,3,3,0.0391,6617
2,投げ飛ばす れる,3,3,0.0391,6618
2,休み 教室,3,3,0.0391,6619
2,左足 大腿,3,3,0.0391,6620
2,始業 教室,3,3,0.0391,6621
2,ぶら下がる 手,3,3,0.0391,6622
2,助け 求める,3,3,0.0391,6623
2,当たる 顎,3,3,0.0391,6624
2,学年 競技,3,3,0.0391,6625
2,砲丸 投げる,3,3,0.0391,6626
2,目 投げる,3,3,0.0391,6627
2,手元 狂う,3,3,0.0391,6628
2,強打 左上,3,3,0.0391,6629
2,体育館 横,3,3,0.0391,6630
2,通る 眼,3,3,0.0391,6631
2,つける 跳ぶ,3,3,0.0391,6632
2,体育館 玄関,3,3,0.0391,6633
2,追いかける 行く,3,3,0.0391,6634
2,突っ込む 形,3,3,0.0391,6635
2,打者 待機,3,3,0.0391,6636
2,選手 ゴール,3,3,0.0391,6637
2,頭 額,3,3,0.0391,6638
2,崩す 回転,3,3,0.0391,6639
2,回転 不足,3,3,0.0391,6640
2,電柱 衝突,3,3,0.0391,6641
2,側臥 位,3,3,0.0391,6642
2,庭 遊具,3,3,0.0391,6643
2,プール 遊び,3,3,0.0391,6644
2,頬 上部,3,3,0.0391,6645
2,くる 両手,3,3,0.0391,6646
2,場 年生,3,3,0.0391,6647
2,ろ 側,3,3,0.0391,6648
2,cm 切る,3,3,0.0391,6649
2,形 床,3,3,0.0391,6650
2,追いかける つまずく,3,3,0.0391,6651
2,行く 友人,3,3,0.0391,6652
2,ドア 手,3,3,0.0391,6653
2,出る 扉,3,3,0.0391,6654
2,追いかける うし,3,3,0.0391,6655
2,出る おる,3,3,0.0391,6656
2,指 爪,3,3,0.0391,6657
2,トラック 荷台,3,3,0.0391,6658
2,自宅 向かう,3,3,0.0391,6659
2,グラウンド 走る,3,3,0.0391,6660
2,足 部分,3,3,0.0391,6661
2,切る 膝,3,3,0.0391,6662
2,隣 走る,3,3,0.0391,6663
2,強打 右手,3,3,0.0391,6664
2,壁 頭部,3,3,0.0391,6665
2,別 部員,3,3,0.0391,6666
2,崩す 頭部,3,3,0.0391,6667
2,本 読む,3,3,0.0391,6668
2,縄跳び 練習,3,3,0.0391,6669
2,出る 靴,3,3,0.0391,6670
2,移動 後方,3,3,0.0391,6671
2,痛み しびれ,3,3,0.0391,6672
2,会 移動,3,3,0.0391,6673
2,ソフトボール 守備,3,3,0.0391,6674
2,機 使用,3,3,0.0391,6675
2,スキー 実習,3,3,0.0391,6676
2,午前 練習,3,3,0.0391,6677
2,直撃 場,3,3,0.0391,6678
2,当たり 眼,3,3,0.0391,6679
2,倒れる 左腕,3,3,0.0391,6680
2,調 乳,3,3,0.0391,6682
2,入る スープ,3,3,0.0391,6683
2,転倒 自転車,3,3,0.0391,6684
2,保育 トイレ,3,3,0.0391,6685
2,練習 倒れる,3,3,0.0391,6686
2,人 行く,3,3,0.0391,6687
2,裂創 れる,3,3,0.0391,6688
2,れる く,3,3,0.0391,6689
2,くらむ 起こす,3,3,0.0391,6690
2,れる 両手,3,3,0.0391,6692
2,両手 離す,3,3,0.0391,6693
2,右足 かかる,3,3,0.0391,6694
2,柵 角,3,3,0.0391,6695
2,ほお 辺り,3,3,0.0391,6696
2,転落 防止,3,3,0.0391,6697
2,戦い ごっこ,3,3,0.0391,6698
2,割れる 下腿,3,3,0.0391,6699
2,誤る バランス,3,3,0.0391,6700
2,転落 左手,3,3,0.0391,6701
2,ぶら下がる 状態,3,3,0.0391,6702
2,すべり台 滑る,3,3,0.0391,6703
2,つかむ 損ねる,3,3,0.0391,6704
2,オトガイ 部,3,3,0.0391,6705
2,強打 骨折,3,3,0.0391,6706
2,金属 片,3,3,0.0391,6707
2,上がる つまずく,3,3,0.0391,6708
2,マット 転倒,3,3,0.0391,6709
2,友人 首,3,3,0.0391,6710
2,もみ合う 友人,3,3,0.0391,6711
2,転倒 うし,3,3,0.0391,6712
2,衝突 友人,3,3,0.0391,6713
2,肘 落ちる,3,3,0.0391,6714
2,入る 袋,3,3,0.0391,6715
2,部 片付け,3,3,0.0391,6716
2,眼鏡 割れる,3,3,0.0391,6717
2,相手 右手,3,3,0.0391,6718
2,激突 頭部,3,3,0.0391,6719
2,期末 考査,3,3,0.0391,6720
2,勢い 強い,3,3,0.0391,6721
2,路 登校,3,3,0.0391,6722
2,ミニゲーム ボール,3,3,0.0391,6723
2,進 塁,3,3,0.0391,6724
2,試合 接触,3,3,0.0391,6725
2,当たる 出血,3,3,0.0391,6726
2,大会 予選,3,3,0.0391,6727
2,直径 .,3,3,0.0391,6728
2,部 男子,3,3,0.0391,6729
2,顔面 頭,3,3,0.0391,6730
2,乗せる しまう,3,3,0.0391,6731
2,ゴム 製,3,3,0.0391,6732
2,異常 気付く,3,3,0.0391,6733
2,引っぱる 出す,3,3,0.0391,6734
2,ほお ひっかく,3,3,0.0391,6735
2,近く 本,3,3,0.0391,6736
2,角 眉,3,3,0.0391,6737
2,走る 右足,3,3,0.0391,6738
2,行く 人,3,3,0.0391,6739
2,時限 終了,3,3,0.0391,6740
2,人 鬼,3,3,0.0391,6741
2,場 座り込む,3,3,0.0391,6742
2,後頭部 打ちつける,3,3,0.0391,6743
2,給食 終了,3,3,0.0391,6744
2,つく 割れる,3,3,0.0391,6745
2,強打 痛める,3,3,0.0391,6746
2,体育 走り幅跳び,3,3,0.0391,6747
2,友人 顔面,3,3,0.0391,6748
2,部活 練習,3,3,0.0391,6749
2,落ち 負傷,3,3,0.0391,6750
2,つく 体重,3,3,0.0391,6751
2,柔道 相手,3,3,0.0391,6752
2,場 端,3,3,0.0391,6753
2,られる しまう,3,3,0.0391,6754
2,割れる 左手,3,3,0.0391,6755
2,場 転倒,3,3,0.0391,6756
2,手首 強い,3,3,0.0391,6757
2,要請 病院,3,3,0.0391,6758
2,登校 日,3,3,0.0391,6759
2,部分 ほお,3,3,0.0391,6760
2,遊ぶ 園,3,3,0.0391,6761
2,逃げる 鬼,3,3,0.0391,6762
2,付近 ぶつかる,3,3,0.0391,6763
2,図工 時間,3,3,0.0391,6764
2,椅子 落ちる,3,3,0.0391,6765
2,とっさ 右手,3,3,0.0391,6766
2,脇 置く,3,3,0.0391,6767
2,場所 走る,3,3,0.0391,6768
2,額 眼,3,3,0.0391,6769
2,左足 痛み,3,3,0.0391,6770
2,友人 顔,3,3,0.0391,6771
2,着地 左足,3,3,0.0391,6772
2,ドッジボール 外野,3,3,0.0391,6773
2,壁 高い,3,3,0.0391,6774
2,頭部 肘,3,3,0.0391,6775
2,唇 貫通,3,3,0.0391,6776
2,貫通 創,3,3,0.0391,6777
2,コース 外れる,3,3,0.0391,6778
2,地面 間,3,3,0.0391,6779
2,押さえつける られる,3,3,0.0391,6780
2,チームメイト 振る,3,3,0.0391,6781
2,張る ワイヤー,3,3,0.0391,6782
2,支柱 跳ね返る,3,3,0.0391,6783
2,ネット ワイヤー,3,3,0.0391,6784
2,強い 引っ張る,3,3,0.0391,6785
2,面 強い,3,3,0.0391,6786
2,ゴール ぶら下がる,3,3,0.0391,6787
2,友人 見つける,3,3,0.0391,6789
2,転倒 ブロック,3,3,0.0391,6790
2,部 室内,3,3,0.0391,6791
2,感覚 失う,3,3,0.0391,6792
2,崩す 着地,3,3,0.0391,6793
2,足首 強い,3,3,0.0391,6794
2,時間 クラスメイト,3,3,0.0391,6795
2,ベランダ 友人,3,3,0.0391,6796
2,打撲 顔面,3,3,0.0391,6797
2,ｍ 手前,3,3,0.0391,6798
2,せる 遊ぶ,3,3,0.0391,6799
2,形 相手,3,3,0.0391,6800
2,担当 教師,3,3,0.0391,6801
2,落ちる 右足,3,3,0.0391,6802
2,担任 注意,3,3,0.0391,6804
2,外 連れ出す,3,3,0.0391,6805
2,顔 出す,3,3,0.0391,6806
2,角 当たる,3,3,0.0391,6807
2,廊下 移動,3,3,0.0391,6808
2,ほお 眼,3,3,0.0391,6809
2,側 行く,3,3,0.0391,6810
2,下校 走る,3,3,0.0391,6812
2,左足 すね,3,3,0.0391,6813
2,肘 転倒,3,3,0.0391,6814
2,荷重 かかる,3,3,0.0391,6815
2,肘 痛める,3,3,0.0391,6816
2,座る 見学,3,3,0.0391,6817
2,バット 眼,3,3,0.0391,6818
2,ゴール シュート,3,3,0.0391,6819
2,眼鏡 ずれる,3,3,0.0391,6820
2,コンクリート 間,3,3,0.0391,6821
2,打つ いく,3,3,0.0391,6822
2,刃 巻き込む,3,3,0.0391,6823
2,失敗 左腕,3,3,0.0391,6824
2,つかまる 立ち,3,3,0.0391,6825
2,作る 遊ぶ,3,3,0.0391,6826
2,遊ぶ 始める,3,3,0.0391,6827
2,くる 幼児,3,3,0.0391,6828
2,スキー 学習,3,3,0.0391,6829
2,膝 接触,3,3,0.0391,6830
2,切れる 醜状,3,3,0.0391,6831
2,部分 衝突,3,3,0.0391,6832
2,られる 走る,3,3,0.0391,6833
2,同士 ぶつかる,3,3,0.0391,6834
2,遊ぶ 反対,3,3,0.0391,6835
2,挫創 醜状,3,3,0.0391,6836
2,頭蓋骨 陥没,3,3,0.0391,6837
2,スパイク 打つ,3,3,0.0391,6838
2,左足 膝,3,3,0.0391,6839
2,差 残存,3,3,0.0391,6840
2,体 ひねる,3,3,0.0391,6841
2,段 塔,3,3,0.0391,6842
2,祭 騎馬,3,3,0.0391,6843
2,打球 防ぐ,3,3,0.0391,6844
2,字 ネット,3,3,0.0391,6845
2,ネット 使用,3,3,0.0391,6846
2,立つ 投球,3,3,0.0391,6847
2,コート 後方,3,3,0.0391,6848
2,骨 神経,3,3,0.0391,6849
2,顔面 醜状,3,3,0.0391,6850
2,肘 脱臼,3,3,0.0391,6851
2,ハードル 走る,3,3,0.0391,6852
2,肘 体重,3,3,0.0391,6853
2,ハードル 足,3,3,0.0391,6854
2,負う 器質,3,3,0.0391,6855
2,障害 頚部,3,3,0.0391,6856
2,頚部 上肢,3,3,0.0391,6857
2,腹部 瘢痕,3,3,0.0391,6858
2,科 運動,3,3,0.0391,6859
2,場 たこ,3,3,0.0391,6860
2,ぶら下がる 足,3,3,0.0391,6861
2,避難 訓練,3,3,0.0391,6862
2,教室 机,3,3,0.0391,6864
2,窓 手すり,3,3,0.0391,6865
2,ぶつける 手術,3,3,0.0391,6866
2,痕 肘,3,3,0.0391,6867
2,縄跳び 縄,3,3,0.0391,6868
2,出入り口 付近,3,3,0.0391,6869
2,強打 眉,3,3,0.0391,6870
2,負う 眼,3,3,0.0391,6871
2,身体 持ち上げる,3,3,0.0391,6872
2,先端 当たる,3,3,0.0391,6873
2,場 ネット,3,3,0.0391,6874
2,強打 複,3,3,0.0391,6875
2,ネット 設置,3,3,0.0391,6876
2,隣 マシン,3,3,0.0391,6877
2,倒れる 膝,3,3,0.0391,6878
2,部 見学,3,3,0.0391,6879
2,行く 校舎,3,3,0.0391,6880
2,駆ける 降りる,3,3,0.0391,6881
2,首 腰,3,3,0.0391,6882
2,地面 腹部,3,3,0.0391,6883
2,戸外 遊び,3,3,0.0391,6884
2,遊び 保育,3,3,0.0391,6885
2,おもちゃ 取り合い,3,3,0.0391,6886
2,顔 線,3,3,0.0391,6887
2,熱傷 大腿,3,3,0.0391,6888
2,課外 指導,3,3,0.0391,6889
2,治療 下肢,3,3,0.0391,6890
2,下肢 瘢痕,3,3,0.0391,6891
2,頬 瘢痕,3,3,0.0391,6892
2,肢 線,3,3,0.0391,6893
2,転ぶ 負傷,3,3,0.0391,6894
2,失敗 肘,3,3,0.0391,6895
2,運動 ハンド,3,3,0.0391,6896
2,着地 転倒,3,3,0.0391,6897
2,疼痛 手術,3,3,0.0391,6898
2,唇 瘢痕,3,3,0.0391,6899
2,瘢痕 線,3,3,0.0391,6900
2,打つ 打者,3,3,0.0391,6901
2,首 元,3,3,0.0391,6902
2,膝 瘢痕,3,3,0.0391,6903
2,負傷 右手,3,3,0.0391,6904
2,肘 手術,3,3,0.0391,6905
2,負傷 右足,3,3,0.0391,6906
2,トス 打球,3,3,0.0391,6907
2,着地 右腕,3,3,0.0391,6908
2,回る くる,3,3,0.0391,6909
2,手術 左足,3,3,0.0391,6910
2,上がり 補助,3,3,0.0391,6912
2,顔面 擦過,3,3,0.0391,6913
2,創 ほお,3,3,0.0391,6914
2,崩す 体,3,3,0.0391,6915
2,強打 眼鏡,3,3,0.0391,6916
2,眼鏡 破損,3,3,0.0391,6917
2,治療 前腕,3,3,0.0391,6918
2,打撲 挫創,3,3,0.0391,6919
2,転落 救急,3,3,0.0391,6920
2,付近 倒れる,3,3,0.0391,6921
2,周辺 鬼ごっこ,3,3,0.0391,6922
2,治療 ほお,3,3,0.0391,6923
2,着地 右足,3,3,0.0391,6924
2,頭部 挫創,3,3,0.0391,6925
2,顔面 挫滅創,3,3,0.0391,6926
2,顔面 裂創,3,3,0.0391,6927
2,裂創 前額,3,3,0.0391,6928
2,位 骨,3,3,0.0391,6929
2,骨 端,3,3,0.0391,6930
2,線 損傷,3,3,0.0391,6931
2,損傷 手術,3,3,0.0391,6932
2,かかる 転倒,3,3,0.0391,6933
2,筋 膜,3,3,0.0391,6934
2,粉砕 骨折,3,3,0.0391,6935
2,シュート 防ぐ,3,3,0.0391,6936
2,受傷 部位,3,3,0.0391,6937
2,冷やす 応急,3,3,0.0391,6938
2,組織 陥没,3,3,0.0391,6939
2,陥没 残る,3,3,0.0391,6940
2,後日 手術,3,3,0.0391,6941
2,打ち付ける 骨折,3,3,0.0391,6942
2,室 掃除,3,3,0.0391,6943
2,体 足,3,3,0.0391,6944
2,創 瘢痕,3,3,0.0391,6945
2,眼窩 部,3,3,0.0391,6946
2,治療 眉,3,3,0.0391,6947
2,創 線,3,3,0.0391,6948
2,橈骨尺 骨,3,3,0.0391,6949
2,階 コンクリート,3,3,0.0391,6950
2,崩す 腕,3,3,0.0391,6952
2,挫創 ほお,3,3,0.0391,6953
2,眼鏡 当たる,3,3,0.0391,6954
2,治療 頬骨,3,3,0.0391,6955
2,押す 形,3,3,0.0391,6956
2,頭部 瘢痕,3,3,0.0391,6957
2,走る 接触,3,3,0.0391,6958
2,裂創 線,3,3,0.0391,6959
2,処置 受診,3,3,0.0391,6960
2,右足 相手,3,3,0.0391,6961
2,シュート ゴール,3,3,0.0391,6962
2,左足 痛める,3,3,0.0391,6963
2,場 ｍ,3,3,0.0391,6965
2,ボール 片付ける,3,3,0.0391,6966
2,崩す ボール,3,3,0.0391,6967
2,手術 頬骨,3,3,0.0391,6968
2,ピッチャー 務める,3,3,0.0391,6969
2,頭部 手術,3,3,0.0391,6970
2,突起 骨折,3,3,0.0391,6971
2,庭 走る,3,3,0.0391,6972
2,トイレ 戻る,3,3,0.0391,6973
2,投げる シャープペンシル,3,3,0.0391,6974
2,投げる 消しゴム,3,3,0.0391,6975
2,側 コート,3,3,0.0391,6976
2,当る 負傷,3,3,0.0391,6977
2,釘 頭,3,3,0.0391,6978
2,待つ 眼,3,3,0.0391,6979
2,距離 左目,3,3,0.0391,6980
2,当たる 場,3,3,0.0391,6981
2,ボール 気づく,3,3,0.0391,6983
2,組 キャッチボール,3,3,0.0391,6984
2,投げる 相手,3,3,0.0391,6985
2,柄 先端,3,3,0.0391,6986
2,プロレス ごっこ,3,3,0.0391,6987
2,直径 ㎝,3,3,0.0391,6988
2,球 投げる,3,3,0.0391,6989
2,返す ボール,3,3,0.0391,6990
2,校門 付近,3,3,0.0391,6991
2,れる 後頭部,3,3,0.0391,6992
2,ラリー 相手,3,3,0.0391,6993
2,相手 返球,3,3,0.0391,6994
2,ネット ボール,3,3,0.0391,6995
2,ベース ライン,3,3,0.0391,6996
2,練習 マネージャー,3,3,0.0391,6997
2,ネット すき間,3,3,0.0391,6999
2,部 グランド,3,3,0.0391,7000
2,使用 練習,3,3,0.0391,7001
2,目 直撃,3,3,0.0391,7002
2,かする ボール,3,3,0.0391,7003
2,口論 眼,3,3,0.0391,7004
2,目 負傷,3,3,0.0391,7005
2,拾う 別,3,3,0.0391,7006
2,見る ボール,3,3,0.0391,7007
2,気づく 眼,3,3,0.0391,7008
2,飛ばす 遊ぶ,3,3,0.0391,7009
2,左足 蹴る,3,3,0.0391,7010
2,飛び降りる 着地,3,3,0.0391,7011
2,メートル 先,3,3,0.0391,7013
2,入ろう ドア,3,3,0.0391,7014
2,打席 ボール,3,3,0.0391,7015
2,バー 持つ,3,3,0.0391,7016
2,眼 竹刀,3,3,0.0391,7017
2,回 蹴る,3,3,0.0391,7018
2,捕る ジャンプ,3,3,0.0391,7019
2,振り返る 瞬間,3,3,0.0391,7020
2,拾う 向く,3,3,0.0391,7021
2,部 シャトル,3,3,0.0391,7022
2,側 チーム,3,3,0.0391,7023
2,振り向く シャトル,3,3,0.0391,7024
2,目 強打,3,3,0.0391,7025
2,遮断 機,3,3,0.0391,7026
2,ボール ｍ,3,3,0.0391,7027
2,後ろ 座る,3,3,0.0391,7028
2,投げる 振り向く,3,3,0.0391,7029
2,ドリブル 攻める,3,3,0.0391,7030
2,針金 切る,3,3,0.0391,7031
2,バスケット ボール,3,3,0.0391,7032
2,言葉 かける,3,3,0.0391,7033
2,鉛筆 眼,3,3,0.0391,7034
2,眼 刺す,3,3,0.0391,7035
2,サイド 飛び込む,3,3,0.0391,7036
2,指導 れる,3,3,0.0391,7037
2,ボール 追いつく,3,3,0.0391,7038
2,ボール キーパー,3,3,0.0391,7039
2,屋根 上がる,3,3,0.0391,7040
2,ベース 後方,3,3,0.0391,7041
2,うまい 捕る,3,3,0.0391,7042
2,気付く 遅れる,3,3,0.0391,7043
2,打球 ワン,3,3,0.0391,7044
2,バッティング 投手,3,3,0.0391,7045
2,ランニング パス,3,3,0.0391,7046
2,先 眼球,3,3,0.0391,7047
2,相手 打ち返す,3,3,0.0391,7048
2,打ち返す 眼,3,3,0.0391,7049
2,シャトル 強い,3,3,0.0391,7050
2,破片 眼球,3,3,0.0391,7051
2,鼻 頭,3,3,0.0391,7052
2,トラック 走る,3,3,0.0391,7053
2,打球 地面,3,3,0.0391,7054
2,トス 打者,3,3,0.0391,7055
2,打つ ファウルチップ,3,3,0.0391,7056
2,移動 昇降,3,3,0.0391,7057
2,蹴る だす,3,3,0.0391,7058
2,頬 打撲,3,3,0.0391,7059
2,運動 壁,3,3,0.0391,7060
2,監督 もと,3,3,0.0391,7061
2,スプリング 練習,3,3,0.0391,7062
2,相手 顎,3,3,0.0391,7063
2,練習 トレーニング,3,3,0.0391,7064
2,向ける 投げる,3,3,0.0391,7065
2,ゴム 反動,3,3,0.0391,7067
2,ボール 使用,3,3,0.0391,7068
2,対 ボール,3,3,0.0391,7069
2,太い さ,3,3,0.0391,7070
2,返球 ボール,3,3,0.0391,7071
2,ボール ワン,3,3,0.0391,7072
2,カバー 入る,3,3,0.0391,7073
2,出し バッター,3,3,0.0391,7074
2,投げる 誤る,3,3,0.0391,7075
2,ネット 挟む,3,3,0.0391,7076
2,一部 見える,3,3,0.0391,7077
2,部 友人,3,3,0.0391,7078
2,トラブル 相手,3,3,0.0391,7079
2,近距離 蹴る,3,3,0.0391,7080
2,左目 ボール,3,3,0.0391,7081
2,枠 跳ね返る,3,3,0.0391,7082
2,直撃 打球,3,3,0.0391,7083
2,眼 打球,3,3,0.0391,7084
2,場 崩れ落ちる,3,3,0.0391,7085
2,攻撃 守備,3,3,0.0391,7086
2,ゲーム ゲーム,3,3,0.0391,7087
2,開始 分,3,3,0.0391,7088
2,座る 後ろ,3,3,0.0391,7089
2,友人 右足,3,3,0.0391,7090
2,風 吹く,3,3,0.0391,7091
2,メートル 離れる,3,3,0.0391,7092
2,ドッジボール コート,3,3,0.0391,7093
2,あたり 殴る,3,3,0.0391,7094
2,体育館 フットサル,3,3,0.0391,7095
2,後ろ向き 倒れる,3,3,0.0391,7096
2,強打 様子,3,3,0.0391,7097
2,手 縄,3,3,0.0391,7098
2,筒 状,3,3,0.0391,7099
2,患部 冷やす,3,3,0.0391,7100
2,振り切る ラケット,3,3,0.0391,7101
2,痛み 腫れ,3,3,0.0391,7102
2,練習 れる,3,3,0.0391,7103
2,バッター 打席,3,3,0.0391,7104
2,基本 練習,3,3,0.0391,7105
2,眼球 ぶつかる,3,3,0.0391,7106
2,教室 クラスメイト,3,3,0.0391,7107
2,室 応急,3,3,0.0391,7108
2,当たる 打撲,3,3,0.0391,7109
2,距離 直接,3,3,0.0391,7110
2,ボール 眼下,3,3,0.0391,7111
2,立つ られる,3,3,0.0391,7112
2,検査 結果,3,3,0.0391,7113
2,練習 スマッシュ,3,3,0.0391,7114
2,得る られる,3,3,0.0391,7116
2,参観 日,3,3,0.0391,7117
2,様子 観察,3,3,0.0391,7118
2,眼球 内,3,3,0.0391,7119
2,拳 殴る,3,3,0.0391,7120
2,弁当 食べる,3,3,0.0391,7121
2,球 入れる,3,3,0.0391,7122
2,目 ボール,3,3,0.0391,7123
2,当たる 思う,3,3,0.0391,7124
2,左側 地面,3,3,0.0391,7125
2,大会 団体,3,3,0.0391,7126
2,出場 試合,3,3,0.0391,7127
2,障害 起こす,3,3,0.0391,7128
2,見る 眼,3,3,0.0391,7129
2,～ 人,3,3,0.0391,7130
2,体 眼,3,3,0.0391,7131
2,ゲーム 対戦,3,3,0.0391,7132
2,塁 守備,3,3,0.0391,7134
2,守備 眼,3,3,0.0391,7135
2,強い あたり,3,3,0.0391,7136
2,バント 処理,3,3,0.0391,7137
2,体育館 ギャラリー,3,3,0.0391,7138
2,倒れる おる,3,3,0.0391,7139
2,キック ベース,3,3,0.0391,7140
2,隣 グループ,3,3,0.0391,7141
2,持つ おる,3,3,0.0391,7142
2,通常 通り,3,3,0.0391,7143
2,縄 眼,3,3,0.0391,7144
2,ボール ピッチャー,3,3,0.0391,7145
2,打つ ライナー,3,3,0.0391,7146
2,横 ぶつかる,3,3,0.0391,7147
2,両手 つかむ,3,3,0.0391,7148
2,痛み ない,3,3,0.0391,7149
2,後ろ 振り返る,3,3,0.0391,7150
2,状態 陥る,3,3,0.0391,7151
2,眼 出血,3,3,0.0391,7152
2,ひざ 蹴る,3,3,0.0391,7153
2,体育 座り,3,3,0.0391,7154
2,ざま 顔面,3,3,0.0391,7155
2,手 押さえる,3,3,0.0391,7156
2,けんか 頭,3,3,0.0391,7157
2,昼休み 友達,3,3,0.0391,7158
2,ゲーム 友達,3,3,0.0391,7159
2,左目 あたり,3,3,0.0391,7160
2,投げる 砲丸,3,3,0.0391,7161
2,石 当たる,3,3,0.0391,7162
2,大会 ゴールキーパー,3,3,0.0391,7163
2,出場 ボール,3,3,0.0391,7164
2,当たる 骨折,3,3,0.0391,7165
2,蹴る 合う,3,3,0.0391,7166
2,スマッシュ れる,3,3,0.0391,7167
2,ｍ 地面,3,3,0.0391,7168
2,大会 体育館,3,3,0.0391,7169
2,直後 意識,3,3,0.0391,7170
2,足 甲,3,3,0.0391,7171
2,痛み 出る,3,3,0.0391,7172
2,組 並ぶ,3,3,0.0391,7173
2,眼 顔面,3,3,0.0391,7174
2,相手 打者,3,3,0.0391,7175
2,上がる いく,3,3,0.0391,7176
2,顔面 等,3,3,0.0391,7177
2,出す 止める,3,3,0.0391,7178
2,眼 床,3,3,0.0391,7179
2,意識 なくす,3,3,0.0391,7180
2,格技 室,3,3,0.0391,7181
2,席 後ろ,3,3,0.0391,7182
2,バント 打球,3,3,0.0391,7183
2,練習 打席,3,3,0.0391,7184
2,試合 準備,3,3,0.0391,7185
2,打球 当たる,3,3,0.0391,7187
2,隣 打つ,3,3,0.0391,7188
2,投げる 人,3,3,0.0391,7189
2,練習 分間,3,3,0.0391,7190
2,分間 回,3,3,0.0391,7191
2,サッカー ゴールキーパー,3,3,0.0391,7192
2,支柱 外れる,3,3,0.0391,7193
2,防護 用,3,3,0.0391,7194
2,練習 打ち返す,3,3,0.0391,7195
2,投げる 木,3,3,0.0391,7196
2,合宿 練習,3,3,0.0391,7197
2,マネージャー 練習,3,3,0.0391,7198
2,ラグビー 試合,3,3,0.0391,7199
2,祭 片付け,3,3,0.0391,7200
2,眼 周り,3,3,0.0391,7201
2,分かる 入院,3,3,0.0391,7202
2,ゴールキーパー 足,3,3,0.0391,7203
2,体力 作り,3,3,0.0391,7204
2,ミニゲーム 相手,3,3,0.0391,7205
2,回転 せる,3,3,0.0391,7207
2,ボール グローブ,3,3,0.0391,7208
2,離れる 眼,3,3,0.0391,7211
2,跳び箱 段,3,3,0.0391,7212
2,状態 着地,3,3,0.0391,7213
2,地面 ほお,3,3,0.0391,7214
2,眼 ほお,3,3,0.0391,7215
2,練習 走者,3,3,0.0391,7216
2,ボール 太陽,3,3,0.0391,7217
2,見える 眼,3,3,0.0391,7218
2,嘔吐 意識,3,3,0.0391,7220
2,ヘディング 頭,3,3,0.0391,7221
2,痛み 場,3,3,0.0391,7222
2,つく 体,3,3,0.0391,7223
2,まぶた 当たる,3,3,0.0391,7224
2,おる 友人,3,3,0.0391,7226
2,滑る 誤る,3,3,0.0391,7227
2,教室 清掃,3,3,0.0391,7228
2,部 パス,3,3,0.0391,7229
2,攻める くる,3,3,0.0391,7230
2,腕 眼,3,3,0.0391,7231
2,部 対外,3,3,0.0391,7232
2,除草 作業,3,3,0.0391,7233
2,サッカー 場,3,3,0.0391,7234
2,分 意識,3,3,0.0391,7235
2,場 箇所,3,3,0.0391,7236
2,動ける しまう,3,3,0.0391,7238
2,シュート 蹴る,3,3,0.0391,7239
2,使う バッティング,3,3,0.0391,7240
2,整形 外科,3,3,0.0391,7241
2,試合 バント,3,3,0.0391,7242
2,転落 眼,3,3,0.0391,7243
2,つまずく 膝,3,3,0.0391,7244
2,話す 廊下,3,3,0.0391,7246
2,直撃 外傷,3,3,0.0391,7247
2,強打 外傷,3,3,0.0391,7248
2,破裂 視力,3,3,0.0391,7249
2,直撃 眼窩,3,3,0.0391,7250
2,外野 送球,3,3,0.0391,7251
2,ベンチ 戻る,3,3,0.0391,7252
2,側壁 骨折,3,3,0.0391,7253
2,ボクシング 相手,3,3,0.0391,7254
2,動く にくい,3,3,0.0391,7256
2,指導 終了,3,3,0.0391,7257
2,視野 広い,3,3,0.0391,7258
2,広い さ,3,3,0.0391,7259
2,さ 減じる,3,3,0.0391,7260
2,減じる 複,3,3,0.0391,7261
2,場 運動会,3,3,0.0391,7262
2,失明 調節,3,3,0.0391,7263
2,カット 手,3,3,0.0391,7264
2,視野 欠損,3,3,0.0391,7265
2,減退 眼,3,3,0.0391,7267
2,頬 付近,3,3,0.0391,7268
2,ミニ サッカー,3,3,0.0391,7269
2,ディフェンス 足,3,3,0.0391,7270
2,場 ウォーミングアップ,3,3,0.0391,7271
2,日 意識,3,3,0.0391,7272
2,穿孔 外傷,3,3,0.0391,7274
2,体育館 相手,3,3,0.0391,7275
2,宙返り 回転,3,3,0.0391,7276
2,れる 振り向く,3,3,0.0391,7277
2,網膜 裂孔,3,3,0.0391,7278
2,網膜 変性,3,3,0.0391,7279
2,網膜 震盪,3,3,0.0391,7280
2,膜 破裂,3,3,0.0391,7281
2,萎縮 眼,3,3,0.0391,7282
2,複数 回,3,3,0.0391,7283
2,患部 冷却,3,3,0.0391,7284
2,眼窩 吹き抜け,3,3,0.0391,7285
2,発作 残る,3,3,0.0391,7286
2,られる 負傷,3,3,0.0391,7287
2,手術 陳,3,3,0.0391,7288
2,陳 性,3,3,0.0391,7289
2,特別 運動,3,3,0.0391,7290
2,性 緑内障,3,3,0.0391,7291
2,裂 眼,3,3,0.0391,7292
2,網 脈絡,3,3,0.0391,7293
2,特発 性,3,3,0.0391,7294
2,孔 網膜,3,3,0.0391,7295
2,眼球 打撲傷,3,3,0.0391,7296
2,虹彩 炎,3,3,0.0391,7297
2,体育館 人,3,3,0.0391,7298
2,選手 激突,3,3,0.0391,7299
2,症状 悪化,3,3,0.0391,7300
2,演技 練習,3,3,0.0391,7301
2,泳ぐ プール,3,3,0.0391,7302
2,意識 もうろう,3,3,0.0391,7303
2,梗塞 診断,3,3,0.0391,7304
2,せる 意識,3,3,0.0391,7305
2,かかる 首,3,3,0.0391,7307
2,戻る 意識,3,3,0.0391,7308
2,かける 反応,3,3,0.0391,7309
2,水泳 大会,3,3,0.0391,7310
2,台 ｍ,3,3,0.0391,7311
2,底 強打,3,3,0.0391,7312
2,相手 外,3,3,0.0391,7314
2,刈り 掛ける,3,3,0.0391,7315
2,られる 技,3,3,0.0391,7316
2,腰 掛ける,3,3,0.0391,7317
2,首 強打,3,3,0.0391,7318
2,落下 肩,3,3,0.0391,7319
2,ヘッド スライディング,3,3,0.0391,7320
2,アメリカンフットボール 部,3,3,0.0391,7321
2,終了 直後,3,3,0.0391,7322
2,柔道 体育,3,3,0.0391,7323
2,相手 右足,3,3,0.0391,7324
2,休憩 取る,3,3,0.0391,7325
2,崩す 左側,3,3,0.0391,7326
2,器械 運動,3,3,0.0391,7327
2,運動 跳び箱,3,3,0.0391,7328
2,頭部 落ちる,3,3,0.0391,7329
2,部 飛び込み,3,3,0.0391,7330
2,部 柔道,3,3,0.0391,7331
2,柔道 乱取り,3,3,0.0391,7332
2,背中 倒れる,3,3,0.0391,7333
2,頚部 強い,3,3,0.0391,7334
2,強い 圧迫,3,3,0.0391,7335
2,ひねる 状態,3,3,0.0391,7336
2,練習 再開,3,3,0.0391,7337
2,打つ 気分,3,3,0.0391,7338
2,合同 合宿,3,3,0.0391,7339
2,合宿 参加,3,3,0.0391,7340
2,状態 床,3,3,0.0391,7341
2,着地 頭,3,3,0.0391,7342
2,うつぶせる 倒れる,3,3,0.0391,7343
2,駅伝 大会,3,3,0.0391,7344
2,途中 階,3,3,0.0391,7345
2,切断 作業,3,3,0.0391,7346
2,不全 切断,3,3,0.0391,7347
2,足 捻る,3,3,0.0391,7348
2,日 受診,3,3,0.0391,7349
2,角度 入水,3,3,0.0391,7350
2,背中 着地,3,3,0.0391,7351
2,踊り場 窓,3,3,0.0391,7352
2,回 実施,3,3,0.0391,7353
2,セット セット,3,3,0.0391,7354
2,ｍ ダッシュ,3,3,0.0391,7355
2,休む 様子,3,3,0.0391,7356
2,落ちる 肘,3,3,0.0391,7357
2,校舎 周辺,3,3,0.0391,7358
2,呼吸 停止,3,3,0.0391,7359
2,周 周,3,3,0.0391,7360
2,回 嘔吐,3,3,0.0391,7361
2,しまう 首,3,3,0.0391,7362
2,呼吸 困難,3,3,0.0391,7363
2,確認 意識,3,3,0.0391,7365
2,相手 大内,3,3,0.0391,7366
2,不明 状態,3,3,0.0391,7367
2,られる 状態,3,3,0.0391,7368
2,泳ぐ 始める,3,3,0.0391,7369
2,技 仕掛ける,3,3,0.0391,7370
2,床 背中,3,3,0.0391,7371
2,コース 飛び込み台,3,3,0.0391,7372
2,頚部 損傷,3,3,0.0391,7373
2,不調 訴える,3,3,0.0391,7374
2,運動 補強,3,3,0.0391,7375
2,呼吸 状態,3,3,0.0391,7376
2,水中 沈む,3,3,0.0391,7377
2,練習 背中,3,3,0.0391,7378
2,背中 痛い,3,3,0.0391,7379
2,心的 外傷,3,3,0.0391,7381
2,倒れ込む 意識,3,3,0.0391,7382
2,入る 状態,3,3,0.0391,7383
2,動ける 状態,3,3,0.0391,7384
2,両足 挟む,3,3,0.0391,7385
2,選手 激しい,3,3,0.0391,7387
2,かかる 痛める,3,3,0.0391,7388
2,話 近く,3,3,0.0391,7389
2,ボール 頭部,3,3,0.0391,7390
2,頭部 痛み,3,3,0.0391,7391
2,リレー 走者,3,3,0.0391,7392
2,校内 マラソン,3,3,0.0391,7393
2,立ち上がる 歩く,3,3,0.0391,7394
2,跳箱 段,3,3,0.0391,7396
2,れる 投げる,3,3,0.0391,7397
2,選手 倒れる,3,3,0.0391,7398
2,呼吸 脈,3,3,0.0391,7400
2,手足 けいれん,3,3,0.0391,7401
2,けいれん 見る,3,3,0.0391,7402
2,畳 つく,3,3,0.0391,7403
2,相手 技,3,3,0.0391,7404
2,持久走 ゴール,3,3,0.0391,7405
2,体重 乗る,3,3,0.0391,7406
2,左手 着く,3,3,0.0391,7407
2,着く しまう,3,3,0.0391,7408
2,体操 人,3,3,0.0391,7409
2,浮く くる,3,3,0.0391,7410
2,くる プール,3,3,0.0391,7411
2,転ぶ 右手,3,3,0.0391,7412
2,練習 始まる,3,3,0.0391,7413
2,座る 椅子,3,3,0.0391,7414
2,体重 掛かる,3,3,0.0391,7415
2,練習 m,3,3,0.0391,7416
2,倒れる 発見,3,3,0.0391,7417
2,湿布 貼る,3,3,0.0391,7418
2,日 病院,3,3,0.0391,7419
2,人差し指 中指,3,3,0.0391,7420
2,教室 黒板,3,3,0.0391,7421
2,体育館 体力,3,3,0.0391,7422
2,校庭 転落,3,3,0.0391,7423
2,部 登校,3,3,0.0391,7424
2,外 階段,3,3,0.0391,7426
2,センター 搬送,3,3,0.0391,7427
2,合同 体育,3,3,0.0391,7428
2,移送 れる,3,3,0.0391,7429
2,押さえる 左手,3,3,0.0391,7430
2,回 走る,3,3,0.0391,7431
2,腰 負傷,3,3,0.0391,7432
2,背中 首,3,3,0.0391,7433
2,縄跳び 回,3,3,0.0391,7434
2,痛む 出す,3,3,0.0391,7435
2,乗る くる,3,3,0.0391,7436
2,そう 両手,3,3,0.0391,7437
2,薬指 先端,3,3,0.0391,7438
2,練習 転,3,3,0.0391,7439
2,複数 教員,3,3,0.0391,7440
2,崩す 後ろ向き,3,3,0.0391,7441
2,㎝ 高い,3,3,0.0391,7442
2,はじく れる,3,3,0.0391,7443
2,小指 受傷,3,3,0.0391,7444
2,直撃 直後,3,3,0.0391,7446
2,かかえる られる,3,3,0.0391,7447
2,盤 使用,3,3,0.0391,7449
2,外傷 ストレス,3,3,0.0391,7450
2,障害 器質,3,3,0.0391,7451
2,障害 手術,3,3,0.0391,7452
2,嗅覚 減退,3,3,0.0391,7453
2,半身 麻痺,3,3,0.0391,7454
2,指 開放,3,3,0.0391,7455
2,左上 下肢,3,3,0.0391,7457
2,上肢 麻痺,3,3,0.0391,7458
2,サイド 上がる,3,3,0.0391,7459
2,障害 麻痺,3,3,0.0391,7460
2,間 手,3,3,0.0391,7461
2,臀部 疼痛,3,3,0.0391,7462
2,残る 頭痛,3,3,0.0391,7463
2,場 人,3,3,0.0391,7464
2,下肢 対,3,3,0.0391,7465
2,対 麻痺,3,3,0.0391,7466
2,肘 当たる,3,3,0.0391,7467
2,上肢 感覚,3,3,0.0391,7468
2,負傷 左足,3,3,0.0391,7469
2,指 疼痛,3,3,0.0391,7470
2,腰部 疼痛,3,3,0.0391,7471
2,訴える 病院,3,3,0.0391,7472
2,転ぶ 足首,3,3,0.0391,7473
2,場 自転車,3,3,0.0391,7474
2,アメリカンフットボール 練習,3,3,0.0391,7475
2,指 感覚,3,3,0.0391,7476
2,腰 疼痛,3,3,0.0391,7477
2,開始 AED,3,3,0.0391,7478
2,脈 呼吸,3,3,0.0391,7479
2,隊 到着,3,3,0.0391,7480
2,到着 救急,3,3,0.0391,7481
2,臀部 強打,3,3,0.0391,7482
2,障害 軽度,3,3,0.0391,7483
2,軽度 四肢,3,3,0.0391,7484
2,損傷 下肢,3,3,0.0391,7485
2,足 払う,3,3,0.0391,7486
2,払う れる,3,3,0.0391,7487
2,起こす 救急,3,3,0.0391,7488
2,レシーブ 膝,3,3,0.0391,7490
2,不安定 症,3,3,0.0391,7491
2,頭 筋,3,3,0.0391,7492
2,疼痛 等,3,3,0.0391,7493
2,等 感覚,3,3,0.0391,7494
2,装着 回,3,3,0.0391,7495
2,電気 ショック,3,3,0.0391,7496
2,作動 胸骨,3,3,0.0391,7497
2,治療 急性,3,3,0.0391,7498
2,残る 下肢,3,3,0.0391,7499
2,脳 せき髄,3,3,0.0391,7500
2,せき髄 液,3,3,0.0391,7501
2,液 漏出,3,3,0.0391,7502
2,漏出 症,3,3,0.0391,7503
2,車 ドクター,3,3,0.0391,7504
2,神経 障害,3,3,0.0391,7505
2,腰椎 破裂,3,3,0.0391,7506
2,場 組,3,3,0.0391,7507
2,～ 指,3,3,0.0391,7508
2,室 患部,3,3,0.0391,7509
2,AED 作動,3,3,0.0391,7510
2,背部 疼痛,3,3,0.0391,7511
2,反動 頭部,3,3,0.0391,7512
2,体育館 段,3,3,0.0391,7513
2,マット つく,3,3,0.0391,7514
2,下肢 まひ,3,3,0.0391,7515
2,手術 右手,3,3,0.0391,7516
2,倒れる 自力,3,3,0.0391,7517
2,要請 救急,3,3,0.0391,7518
2,片 まひ,3,3,0.0391,7519
2,まひ 外傷,3,3,0.0391,7520
2,肘 疼痛,3,3,0.0391,7521
2,神経 叢,3,3,0.0391,7522
2,骨 頚部,3,3,0.0391,7523
2,走る ｍ,3,3,0.0391,7524
2,崩す 右足,3,3,0.0391,7525
2,背中 乗る,3,3,0.0391,7526
2,練習 右手,3,3,0.0391,7527
2,歩 進む,3,3,0.0391,7528
2,さ ㎝,3,3,0.0391,7529
2,しまう 指先,3,3,0.0391,7530
2,右腕 床,3,3,0.0391,7532
2,示指 挟む,3,3,0.0391,7534
2,左手 示指,3,3,0.0391,7535
2,一部 切断,3,3,0.0391,7536
2,押しつぶす れる,3,3,0.0391,7537
2,部分 指,3,3,0.0391,7538
2,アタック 練習,3,3,0.0391,7539
2,床の間 右手,3,3,0.0391,7540
2,ボール 小指,3,3,0.0391,7541
2,小指 脱臼,3,3,0.0391,7542
2,溶接 実習,3,3,0.0391,7543
2,指 先端,3,3,0.0391,7544
2,右手 かける,3,3,0.0391,7545
2,人差し指 当たる,3,3,0.0391,7546
2,薬指 爪,3,3,0.0391,7547
2,小指 先端,3,3,0.0391,7549
2,ドア 蝶番,3,3,0.0391,7551
2,回転 遊具,3,3,0.0391,7552
2,れる 切断,3,3,0.0391,7553
2,小指 切断,3,3,0.0391,7554
2,取る 左手,3,3,0.0391,7555
2,電動 カンナ,3,3,0.0391,7556
2,蝶番 側,3,3,0.0391,7557
2,機械 加工,3,3,0.0391,7558
2,薬指 小指,3,3,0.0391,7559
2,溝 間,3,3,0.0391,7560
2,開放 性,3,3,0.0391,7561
2,支柱 立てる,3,3,0.0391,7562
2,右側 転倒,3,3,0.0391,7563
2,球 右手,3,3,0.0391,7564
2,つく 指,3,3,0.0391,7565
2,指 本,3,3,0.0391,7566
2,取る 右手,3,3,0.0391,7567
2,切る 作業,3,3,0.0391,7568
2,損ねる 左手,3,3,0.0391,7569
2,かける 右手,3,3,0.0391,7570
2,中指 爪,3,3,0.0391,7571
2,指 尖る,3,3,0.0391,7572
2,尖る 部,3,3,0.0391,7573
2,mm 切断,3,3,0.0391,7574
2,キャッチャー 守備,3,3,0.0391,7576
2,人差し指 関節,3,3,0.0391,7577
2,機械 回転,3,3,0.0391,7578
2,指 機械,3,3,0.0391,7579
2,入る 右手,3,3,0.0391,7580
2,崩す うし,3,3,0.0391,7581
2,当たる 小指,3,3,0.0391,7582
2,机 左手,3,3,0.0391,7583
2,場 登り,3,3,0.0391,7584
2,せる 左手,3,3,0.0391,7585
2,加工 実習,3,3,0.0391,7587
2,トレーニング ルーム,3,3,0.0391,7588
2,落下 左手,3,3,0.0391,7592
2,走る 選手,3,3,0.0391,7593
2,かかる 骨折,3,3,0.0391,7594
2,失う 指,3,3,0.0391,7595
2,指 指先,3,3,0.0391,7596
2,手術 指,3,3,0.0391,7597
2,化膿 性,3,3,0.0391,7598
2,翌日 痛み,3,3,0.0391,7599
2,脇腹 強打,3,3,0.0391,7601
2,膝 睾丸,3,3,0.0391,7603
2,当たる 精巣,3,3,0.0391,7604
2,精巣 損傷,3,3,0.0391,7605
2,股間 入る,3,3,0.0391,7606
2,ファウルチップ 股間,3,3,0.0391,7607
2,落下 腰部,3,3,0.0391,7608
2,走者 走る,3,3,0.0391,7609
2,残り ｍ,3,3,0.0391,7610
2,下腹部 直撃,3,3,0.0391,7611
2,下腹部 強打,3,3,0.0391,7612
2,左側 腹部,3,3,0.0391,7613
2,ｍ 本,3,3,0.0391,7614
2,運動 グラウンド,3,3,0.0391,7615
2,ＡＥＤ 使用,3,3,0.0391,7617
2,衝突 腹部,3,3,0.0391,7618
2,腰 あたり,3,3,0.0391,7619
2,精巣 外傷,3,3,0.0391,7620
2,停止 救急,3,3,0.0391,7621
2,ランニング 急,3,3,0.0391,7622
2,マッサージ AED,3,3,0.0391,7623
2,体操 終える,3,3,0.0391,7624
2,搬送 病院,3,3,0.0391,7625
2,ベース ランニング,3,3,0.0391,7626
2,開始 救急,3,3,0.0391,7627
2,精巣 当たる,3,3,0.0391,7628
2,ｋｍ 走る,3,3,0.0391,7629
2,呼吸 再開,3,3,0.0391,7630
2,立ち上がる 段,3,3,0.0391,7631
2,目 バランス,3,3,0.0391,7632
2,れる 病院,3,3,0.0391,7633
2,回復 ICD,3,3,0.0391,7634
2,ゴール 直後,3,3,0.0391,7635
2,メーカー 植込み,3,3,0.0391,7636
2,向ける 練習,3,3,0.0391,7637
2,使用 病院,3,3,0.0391,7638
2,AED ショック,3,3,0.0391,7639
2,入院 ICD,3,3,0.0391,7640
2,走る 前のめり,3,3,0.0391,7641
2,死 戦,3,3,0.0391,7642
2,戦 期,3,3,0.0391,7643
2,期 呼吸,3,3,0.0391,7644
2,地点 倒れる,3,3,0.0391,7645
2,倒れる 駆け付ける,3,3,0.0391,7646
2,回復 救急,3,3,0.0391,7647
2,背中 地面,3,3,0.0391,7648
2,心室 頻る,3,3,0.0391,7650
2,頻る 拍,3,3,0.0391,7651
2,治療 精巣,3,3,0.0391,7652
2,性 膵損傷,3,3,0.0391,7653
2,跳び箱 開,3,3,0.0391,7654
2,橈骨 骨折,3,3,0.0391,7655
2,地面 突く,3,3,0.0391,7656
2,跳ぶ 手,3,3,0.0391,7657
2,取る 左腕,3,3,0.0391,7658
2,関節 前腕,3,3,0.0391,7662
2,前腕 機能,3,3,0.0391,7663
2,低下 疼痛,3,3,0.0391,7664
2,骨折 鎖骨,3,3,0.0391,7665
2,鎖骨 変形,3,3,0.0391,7666
2,あぐら 座,3,3,0.0391,7667
2,関節 捻挫,3,3,0.0391,7668
2,失敗 背中,3,3,0.0391,7670
2,落ちる 背中,3,3,0.0391,7671
2,倒立 バランス,3,3,0.0391,7672
2,崩す 背中,3,3,0.0391,7673
2,背中 マット,3,3,0.0391,7674
2,マット 強い,3,3,0.0391,7675
2,負傷 せき柱,3,3,0.0391,7676
2,治療 せき柱,3,3,0.0391,7677
2,せき柱 運動,3,3,0.0391,7678
3,野球 部 練習,237,237,3.0851,1
3,歯科 補綴 加える,201,201,2.6165,2
3,救急 搬送 れる,193,193,2.5124,3
3,部 練習 試合,165,165,2.1479,4
3,線 状 痕,158,158,2.0568,5
3,搬送 れる 治療,152,152,1.9787,6
3,状 痕 残る,151,151,1.9656,7
3,昼食 休憩 時間,138,138,1.7964,8
3,バランス 崩す 転倒,136,136,1.7704,9
3,救急 車 病院,126,126,1.6402,10
3,病院 搬送 れる,122,122,1.5881,11
3,車 病院 搬送,121,121,1.5751,12
3,部 運動 場,119,119,1.5491,13
3,除 細 動,119,81,1.0544,14
3,ボール 眼 当たる,117,117,1.523,15
3,外傷 性 散る,112,111,1.4449,16
3,性 散る 瞳,112,111,1.4449,17
3,足 滑る せる,108,108,1.4059,18
3,歯 歯科 補綴,106,106,1.3798,19
3,前歯 破る 折,102,102,1.3278,20
3,体育 運動 場,101,101,1.3148,21
3,眼 視力 減退,89,89,1.1586,22
3,時間 運動 場,86,86,1.1195,23
3,散る 瞳 残る,86,86,1.1195,24
3,サッカー 部 練習,83,83,1.0804,25
3,醜状 瘢痕 残存,79,79,1.0284,26
3,野球 部 運動,78,78,1.0154,27
3,運動 場 サッカー,74,74,0.9633,28
3,蹴る ボール 眼,71,71,0.9242,29
3,部 線 状,69,69,0.8982,30
3,搬送 れる 手術,66,66,0.8592,31
3,外 運動 場,66,66,0.8592,32
3,眼 当たる 眼,65,65,0.8461,33
3,運動 場 野球,64,64,0.8331,34
3,場 野球 部,64,64,0.8331,35
3,終了 特定 時間,63,63,0.8201,36
3,高次 脳 機能,63,63,0.8201,37
3,休憩 時間 運動,62,62,0.8071,38
3,脳 機能 障害,62,62,0.8071,39
3,バスケットボール 部 練習,61,61,0.7941,40
3,眼 外傷 性,54,50,0.6509,41
3,細 動 器,54,54,0.7029,42
3,ICD 植込み 手術,54,54,0.7029,43
3,休憩 時間 教室,53,53,0.6899,44
3,練習 試合 相手,52,52,0.6769,45
3,試合 相手 選手,52,52,0.6769,46
3,部 瘢痕 残る,51,51,0.6639,47
3,ボール 眼 直撃,50,50,0.6509,48
3,防 球 ネット,49,42,0.5467,49
3,試合 形式 練習,49,49,0.6379,50
3,複 視 残る,48,48,0.6248,51
3,始業 特定 時間,47,47,0.6118,52
3,AED 除 細,47,47,0.6118,53
3,負傷 救急 搬送,46,46,0.5988,54
3,相手 チーム 選手,46,46,0.5988,55
3,前歯 本 折れる,45,45,0.5858,56
3,救急 車 要請,45,45,0.5858,57
3,搬送 れる 後日,45,45,0.5858,58
3,試合 相手 チーム,43,43,0.5598,59
3,関節 機能 低下,42,42,0.5467,60
3,負傷 受診 治療,42,42,0.5467,61
3,打球 眼 当たる,42,42,0.5467,62
3,滑る せる 転倒,41,41,0.5337,63
3,体育 的 部,40,40,0.5207,64
3,後日 除 細,40,40,0.5207,65
3,動 器 植え込む,40,40,0.5207,66
3,眼窩 底 骨折,39,39,0.5077,67
3,細 動 救急,39,39,0.5077,68
3,飛ぶ くる ボール,38,38,0.4947,69
3,感覚 障害 残る,38,38,0.4947,70
3,当たる 眼 視力,38,38,0.4947,71
3,動 救急 車,38,38,0.4947,72
3,場 サッカー 部,37,37,0.4816,73
3,負傷 歯 歯科,36,36,0.4686,74
3,口 当たる 前歯,36,36,0.4686,75
3,野球 部 試合,36,36,0.4686,76
3,破る 折 歯科,36,36,0.4686,77
3,折 歯科 補綴,36,36,0.4686,78
3,搬送 れる 入院,35,35,0.4556,79
3,他校 練習 試合,35,35,0.4556,80
3,眼 強い 当たる,35,35,0.4556,81
3,可動 域 制限,35,35,0.4556,82
3,飛ぶ くる 眼,35,35,0.4556,83
3,バッター 打つ ボール,34,34,0.4426,84
3,当たる 前歯 本,34,33,0.4296,85
3,変形 障害 残る,34,34,0.4426,86
3,調節 力 減じる,34,34,0.4426,87
3,視野 中心 暗い,34,34,0.4426,88
3,打つ ボール 眼,33,33,0.4296,89
3,等 管理 出来事,33,33,0.4296,90
3,管理 出来事 関わる,33,33,0.4296,91
3,出来事 関わる 障害,33,33,0.4296,92
3,指 機能 失う,33,33,0.4296,93
3,部 試合 相手,32,32,0.4166,94
3,運動 場 ソフトボール,32,32,0.4166,95
3,ボール 飛ぶ くる,31,31,0.4035,96
3,保育 保育 室,31,31,0.4035,97
3,ボール 顔面 当たる,31,31,0.4035,98
3,サッカー 部 試合,31,31,0.4035,99
3,欠損 歯科 補綴,31,31,0.4035,100
3,ボール 眼 負傷,31,31,0.4035,101
3,心肺 停止 状態,31,31,0.4035,102
3,陸上 競技 部,30,30,0.3905,103
3,れる バランス 崩す,30,30,0.3905,104
3,体育 体育館 バスケットボール,30,30,0.3905,105
3,中心 暗い 残る,30,30,0.3905,106
3,指 骨 一部,30,30,0.3905,107
3,バッティング 練習 打球,29,29,0.3775,108
3,部 朝 練習,29,29,0.3775,109
3,休憩 時間 友人,29,29,0.3775,110
3,救急 車 搬送,29,29,0.3775,111
3,前額 部 線,29,29,0.3775,112
3,眼 調節 力,29,29,0.3775,113
3,車 搬送 れる,28,28,0.3645,114
3,休憩 時間 廊下,28,28,0.3645,115
3,保育 園 庭,28,28,0.3645,116
3,野球 部 バッティング,27,27,0.3515,117
3,部 バッティング 練習,27,27,0.3515,118
3,ボール 取る 行く,27,27,0.3515,119
3,硬式 野球 部,27,27,0.3515,120
3,骨 一部 失う,27,27,0.3515,121
3,運動 場 鬼ごっこ,26,26,0.3385,122
3,相手 蹴る ボール,26,26,0.3385,123
3,前額 部 挫創,26,26,0.3385,124
3,治療 前額 部,26,26,0.3385,125
3,せき柱 変形 障害,26,26,0.3385,126
3,練習 試合 ボール,25,25,0.3254,127
3,意識 失う 倒れる,25,25,0.3254,128
3,野球 部 部,25,25,0.3254,129
3,打球 眼 直撃,25,25,0.3254,130
3,機能 障害 残る,24,24,0.3124,131
3,当たる 前歯 破る,24,24,0.3124,132
3,手術 瘢痕 残る,24,24,0.3124,133
3,打つ 打球 眼,24,24,0.3124,134
3,シャトル 眼 当たる,24,24,0.3124,135
3,域 制限 残存,23,23,0.2994,136
3,練習 打球 眼,23,23,0.2994,137
3,打つ シャトル 眼,23,23,0.2994,138
3,散る 瞳 残存,23,23,0.2994,139
3,心肺 蘇生 AED,23,23,0.2994,140
3,練習 運動 場,22,22,0.2864,141
3,れる 入院 治療,22,22,0.2864,142
3,転倒 顔面 強打,22,22,0.2864,143
3,ゲーム 形式 練習,22,22,0.2864,144
3,ラグビー 部 練習,22,22,0.2864,145
3,当たる 跳ね返る 眼,22,22,0.2864,146
3,胸骨 圧迫 AED,22,22,0.2864,147
3,指 指 骨,22,22,0.2864,148
3,組 体操 練習,21,21,0.2734,149
3,前歯 本 抜ける,21,21,0.2734,150
3,ピッチャー 投げる ボール,21,21,0.2734,151
3,投げる ボール 眼,21,21,0.2734,152
3,視力 減退 視野,21,21,0.2734,153
3,れる 後日 除,21,21,0.2734,154
3,バレーボール 部 練習,20,20,0.2603,155
3,体育 マット 運動,20,20,0.2603,156
3,ボール 口 当たる,20,20,0.2603,157
3,相手 選手 接触,20,20,0.2603,158
3,前歯 欠損 歯科,20,20,0.2603,159
3,部 外 運動,20,20,0.2603,160
3,れる 治療 前額,20,20,0.2603,161
3,くる 眼 当たる,20,20,0.2603,162
3,至近 距離 眼,20,20,0.2603,163
3,眼 ボール 当たる,20,20,0.2603,164
3,調節 機能 障害,20,20,0.2603,165
3,身体 性 機能,20,20,0.2603,166
3,性 機能 障害,20,20,0.2603,167
3,四肢 麻痺 残る,20,20,0.2603,168
3,ボール 捕る 球,19,19,0.2473,169
3,打者 打つ ボール,19,19,0.2473,170
3,体育 ソフトボール 試合,19,19,0.2473,171
3,転倒 顔面 地面,19,19,0.2473,172
3,友人 追う かけっこ,19,19,0.2473,173
3,顔面 強打 前歯,19,19,0.2473,174
3,顔面 当たる 前歯,19,19,0.2473,175
3,うし ろ 向き,19,19,0.2473,176
3,機能 障害 残存,19,19,0.2473,177
3,負傷 救急 車,19,19,0.2473,178
3,眼 部 当たる,19,19,0.2473,179
3,眼 直撃 負傷,19,19,0.2473,180
3,骨折 複 視,19,19,0.2473,181
3,眼 当たる 視力,19,19,0.2473,182
3,眼 視野 中心,19,19,0.2473,183
3,ティー バッティング 練習,18,17,0.2213,184
3,体 バランス 崩す,18,18,0.2343,185
3,冷却 受診 治療,18,18,0.2343,186
3,部 試合 形式,18,18,0.2343,187
3,運動 場 練習,18,18,0.2343,188
3,運動 場 バッティング,18,18,0.2343,189
3,バドミントン 部 練習,18,18,0.2343,190
3,肘 関節 機能,18,18,0.2343,191
3,眼 当たる 負傷,18,18,0.2343,192
3,圧迫 AED 除,18,18,0.2343,193
3,蘇生 AED 除,18,18,0.2343,194
3,運動 場 友人,17,17,0.2213,195
3,バランス 崩す 顔面,17,17,0.2213,196
3,手 滑る せる,17,17,0.2213,197
3,部 練習 相手,17,17,0.2213,198
3,自転車 下校 道路,17,17,0.2213,199
3,強打 前歯 本,17,17,0.2213,200
3,着地 バランス 崩す,17,17,0.2213,201
3,当たる 跳ね返る ボール,17,17,0.2213,202
3,部 練習 ボール,17,17,0.2213,203
3,体育館 バスケットボール 部,17,17,0.2213,204
3,特定 時間 教室,17,17,0.2213,205
3,サッカー 試合 相手,17,17,0.2213,206
3,友人 蹴る ボール,17,17,0.2213,207
3,短縮 障害 残る,17,17,0.2213,208
3,負傷 受診 手術,17,17,0.2213,209
3,足 当たる 跳ね返る,17,17,0.2213,210
3,当たる 視力 障害,17,17,0.2213,211
3,視野 狭窄 残る,17,17,0.2213,212
3,病院 搬送 入院,17,17,0.2213,213
3,骨折 可動 域,17,17,0.2213,214
3,手 離す しまう,16,16,0.2083,215
3,部 練習 運動,16,16,0.2083,216
3,治療 外傷 性,16,16,0.2083,217
3,バッター ボール 打つ,16,16,0.2083,218
3,野球 体育 的,16,16,0.2083,219
3,本 破る 折,16,16,0.2083,220
3,口 当たる 歯,16,16,0.2083,221
3,強い 打つ 負傷,16,16,0.2083,222
3,相手 チーム ボール,16,16,0.2083,223
3,ボール 至近 距離,16,16,0.2083,224
3,時間 教室 友人,16,16,0.2083,225
3,場 練習 試合,16,16,0.2083,226
3,体育 体育館 跳箱,16,16,0.2083,227
3,体育館 バスケットボール 試合,16,16,0.2083,228
3,休憩 時間 校庭,16,16,0.2083,229
3,挫創 瘢痕 残る,16,16,0.2083,230
3,跳ね返る 眼 当たる,16,16,0.2083,231
3,直接 眼 当たる,16,16,0.2083,232
3,相手 打つ シャトル,16,16,0.2083,233
3,眼 直撃 眼,16,16,0.2083,234
3,減退 外傷 性,16,16,0.2083,235
3,眼 当たる 受診,16,16,0.2083,236
3,教員 心肺 蘇生,16,16,0.2083,237
3,細 動 回,16,16,0.2083,238
3,サッカー 部 運動,15,15,0.1953,239
3,投げる られる ボール,15,15,0.1953,240
3,休憩 時間 体育館,15,15,0.1953,241
3,バスケットボール 部 体育館,15,15,0.1953,242
3,接触 バランス 崩す,15,15,0.1953,243
3,当たる 歯 折れる,15,15,0.1953,244
3,自転車 下校 下り坂,15,15,0.1953,245
3,練習 バランス 崩す,15,15,0.1953,246
3,バランス 崩す 前方,15,15,0.1953,247
3,バランス 崩す 倒れる,15,15,0.1953,248
3,部 練習 体育館,15,15,0.1953,249
3,脱臼 破る 折,15,15,0.1953,250
3,押す れる 転倒,15,15,0.1953,251
3,競技 部 練習,15,15,0.1953,252
3,柔道 部 練習,15,15,0.1953,253
3,体育館 マット 運動,15,15,0.1953,254
3,当たる 救急 搬送,15,15,0.1953,255
3,本 児 頬,15,15,0.1953,256
3,角 額 ぶつける,15,15,0.1953,257
3,急性 硬い 膜,15,15,0.1953,258
3,硬い 膜 血腫,15,15,0.1953,259
3,器質 性 精神,15,15,0.1953,260
3,性 精神 障害,15,15,0.1953,261
3,跳ね返る ボール 眼,15,15,0.1953,262
3,倒れる 救急 車,15,15,0.1953,263
3,マット 運動 倒立,15,15,0.1953,264
3,障害 外傷 性,15,15,0.1953,265
3,飛び込む プール 底,15,15,0.1953,266
3,病院 ICD 植込み,15,15,0.1953,267
3,機能 障害 身体,15,15,0.1953,268
3,障害 身体 性,15,15,0.1953,269
3,部 感覚 障害,14,14,0.1822,270
3,体育 体育館 バレーボール,14,14,0.1822,271
3,前歯 本 負傷,14,13,0.1692,272
3,床 顔面 強打,14,14,0.1822,273
3,強い 当たり 負傷,14,14,0.1822,274
3,遊ぶ 足 滑る,14,14,0.1822,275
3,練習 打つ ボール,14,14,0.1822,276
3,練習 試合 バッター,14,14,0.1822,277
3,テニス 部 練習,14,14,0.1822,278
3,サッカー 部 部,14,14,0.1822,279
3,足 もつれる 転倒,14,14,0.1822,280
3,場 バッティング 練習,14,14,0.1822,281
3,他校 運動 場,14,14,0.1822,282
3,体育 体育館 マット,14,14,0.1822,283
3,破る 折 欠損,14,14,0.1822,284
3,窓 ガラス 割れる,14,14,0.1822,285
3,ドア ガラス 部分,14,14,0.1822,286
3,試合 蹴る ボール,14,14,0.1822,287
3,膝 眼 当たる,14,14,0.1822,288
3,相手 チーム 蹴る,14,14,0.1822,289
3,チーム 蹴る ボール,14,14,0.1822,290
3,眼 当たる しまう,14,14,0.1822,291
3,眼 付近 当たる,14,14,0.1822,292
3,くる ボール 眼,14,14,0.1822,293
3,視力 障害 残存,14,14,0.1822,294
3,減退 視野 狭窄,14,14,0.1822,295
3,処置 病院 搬送,14,14,0.1822,296
3,AED 救命 処置,14,14,0.1822,297
3,れる 後日 ICD,14,14,0.1822,298
3,後日 ICD 植込み,14,14,0.1822,299
3,ＡＥＤ 除 細,14,14,0.1822,300
3,昼休み 運動 場,13,13,0.1692,301
3,体育 バスケットボール 試合,13,13,0.1692,302
3,相手 選手 肘,13,12,0.1562,303
3,打つ 前歯 本,13,13,0.1692,304
3,転倒 地面 顔面,13,13,0.1692,305
3,歯 破る 折,13,13,0.1692,306
3,前歯 本 破る,13,13,0.1692,307
3,後ろ 走る くる,13,13,0.1692,308
3,相手 投げる ボール,13,13,0.1692,309
3,運動 場 試合,13,13,0.1692,310
3,当たる 受診 治療,13,13,0.1692,311
3,ぶつかる ガラス 割れる,13,13,0.1692,312
3,負う 醜状 瘢痕,13,13,0.1692,313
3,ボール 打つ 打球,13,13,0.1692,314
3,底 骨折 複,13,13,0.1692,315
3,障害 視野 障害,13,13,0.1692,316
3,視野 障害 残存,13,13,0.1692,317
3,眼 視力 調節,13,13,0.1692,318
3,視力 調節 力,13,13,0.1692,319
3,減退 視野 中心,13,13,0.1692,320
3,黄 斑 円,13,13,0.1692,321
3,斑 円 孔,13,13,0.1692,322
3,心室 細 動,13,13,0.1692,323
3,頚 髄 損傷,13,13,0.1692,324
3,部 疼痛 残る,13,13,0.1692,325
3,救命 処置 病院,13,13,0.1692,326
3,動 器 植込み,13,13,0.1692,327
3,器 植込み 手術,13,13,0.1692,328
3,打球 飛ぶ くる,12,12,0.1562,329
3,口 強い 当たる,12,12,0.1562,330
3,部 練習 ノック,12,12,0.1562,331
3,部 試合 ボール,12,12,0.1562,332
3,歯 本 折れる,12,12,0.1562,333
3,背中 押す れる,12,12,0.1562,334
3,野球 部 ノック,12,12,0.1562,335
3,練習 ボール 拾う,12,12,0.1562,336
3,バランス 崩す 落下,12,12,0.1562,337
3,形式 練習 相手,12,12,0.1562,338
3,破る 折 脱臼,12,12,0.1562,339
3,ノック 練習 ボール,12,12,0.1562,340
3,バッティング 練習 バッティング,12,12,0.1562,341
3,前歯 脱臼 破る,12,12,0.1562,342
3,体育 サッカー 試合,12,12,0.1562,343
3,練習 試合 打球,12,12,0.1562,344
3,当たる 歯 歯科,12,12,0.1562,345
3,部 練習 バッティング,12,12,0.1562,346
3,打ち付ける 救急 搬送,12,12,0.1562,347
3,練習 バッティング 練習,12,12,0.1562,348
3,前額 部 ぶつける,12,12,0.1562,349
3,遊ぶ 本 児,12,12,0.1562,350
3,乗る バランス 崩す,12,12,0.1562,351
3,手術 醜状 瘢痕,12,12,0.1562,352
3,下腿 部 瘢痕,12,12,0.1562,353
3,複 視 眼,12,12,0.1562,354
3,前額 部 瘢痕,12,12,0.1562,355
3,挫創 線 状,12,12,0.1562,356
3,部 挫創 瘢痕,12,12,0.1562,357
3,選手 蹴る ボール,12,12,0.1562,358
3,試合 打球 眼,12,12,0.1562,359
3,運動 倒立 転,12,12,0.1562,360
3,調節 力 減退,12,12,0.1562,361
3,視力 減退 外傷,12,12,0.1562,362
3,外傷 性 白内障,12,12,0.1562,363
3,れる 入院 手術,12,12,0.1562,364
3,機能 障害 四肢,12,12,0.1562,365
3,心肺 蘇生 ＡＥＤ,12,12,0.1562,366
3,バッティング 練習 ピッチャー,11,11,0.1432,367
3,投手 投げる ボール,11,11,0.1432,368
3,高い さ ｍ,11,11,0.1432,369
3,相手 選手 頭,11,11,0.1432,370
3,自転車 登校 道路,11,11,0.1432,371
3,意識 失う 救急,11,11,0.1432,372
3,強打 救急 搬送,11,11,0.1432,373
3,原動機 付 自転車,11,11,0.1432,374
3,休憩 時間 鬼ごっこ,11,11,0.1432,375
3,崩す 転倒 顔面,11,11,0.1432,376
3,ぶつける 前歯 本,11,11,0.1432,377
3,部 フリー バッティング,11,11,0.1432,378
3,守備 練習 ノック,11,11,0.1432,379
3,試合 ボール 取る,11,11,0.1432,380
3,練習 試合 バッターボックス,11,11,0.1432,381
3,顔面 強打 歯,11,11,0.1432,382
3,打球 顔面 当たる,11,11,0.1432,383
3,総合 的 学習,11,11,0.1432,384
3,ソフトボール 部 練習,11,11,0.1432,385
3,相手 選手 膝,11,11,0.1432,386
3,練習 バッティング ピッチャー,11,11,0.1432,387
3,運動 場 ノック,11,11,0.1432,388
3,練習 人 組,11,11,0.1432,389
3,体育 祭 練習,11,11,0.1432,390
3,折 欠損 歯科,11,11,0.1432,391
3,治療 前歯 破る,11,11,0.1432,392
3,受診 治療 前歯,11,11,0.1432,393
3,骨 幹部 骨折,11,11,0.1432,394
3,額 ぶつける 負傷,11,11,0.1432,395
3,強い 痛み 感じる,11,11,0.1432,396
3,サッカー 練習 試合,11,11,0.1432,397
3,当たる 複 視,11,11,0.1432,398
3,顔面 当たる 眼,11,11,0.1432,399
3,屋内 運動 場,11,11,0.1432,400
3,試合 外 運動,11,11,0.1432,401
3,ボール 取る 損ねる,11,11,0.1432,402
3,蹴る ボール 至近,11,11,0.1432,403
3,ラケット 眼 当たる,11,11,0.1432,404
3,打球 眼 負傷,11,11,0.1432,405
3,倒立 転 練習,11,11,0.1432,406
3,受診 治療 眼球,11,11,0.1432,407
3,治療 眼球 打撲,11,11,0.1432,408
3,眼球 打撲 眼,11,11,0.1432,409
3,外傷 性 黄,11,10,0.1302,410
3,性 黄 斑,11,10,0.1302,411
3,相手 膝 股間,11,11,0.1432,412
3,パス れる ボール,10,10,0.1302,413
3,練習 ティー バッティング,10,10,0.1302,414
3,指 挟む れる,10,10,0.1302,415
3,指 機能 低下,10,10,0.1302,416
3,遊ぶ バランス 崩す,10,10,0.1302,417
3,ハンドル 操作 誤る,10,10,0.1302,418
3,運動 場 守備,10,10,0.1302,419
3,受診 治療 外傷,10,10,0.1302,420
3,転倒 手 つく,10,10,0.1302,421
3,つまずく 転倒 顔面,10,10,0.1302,422
3,強打 前歯 負傷,10,10,0.1302,423
3,下校 通学 路,10,10,0.1302,424
3,蹴る ボール 顔面,10,10,0.1302,425
3,強打 前歯 破る,10,10,0.1302,426
3,顔 当たる 前歯,10,10,0.1302,427
3,フリー バッティング 練習,10,10,0.1302,428
3,飛ぶ くる 口,10,10,0.1302,429
3,部 強い 当たる,10,10,0.1302,430
3,当たる 前歯 折れる,10,10,0.1302,431
3,バット 手 離れる,10,10,0.1302,432
3,ノック れる ボール,10,10,0.1302,433
3,ラグビー 部 試合,10,10,0.1302,434
3,バッティング 練習 打つ,10,10,0.1302,435
3,ボール 顔面 直撃,10,10,0.1302,436
3,顔面 殴る れる,10,10,0.1302,437
3,バント 練習 ボール,10,10,0.1302,438
3,ぶつかる 前歯 本,10,10,0.1302,439
3,顔面 強い 打つ,10,10,0.1302,440
3,走る くる ぶつかる,10,10,0.1302,441
3,ボール 打つ バット,10,10,0.1302,442
3,押す れる バランス,10,10,0.1302,443
3,歯 当たる 前歯,10,10,0.1302,444
3,練習 相手 チーム,10,10,0.1302,445
3,転倒 前額 部,10,10,0.1302,446
3,練習 ボール 取る,10,10,0.1302,447
3,バット 飛ぶ くる,10,10,0.1302,448
3,的 学習 時間,10,10,0.1302,449
3,部 練習 終了,10,10,0.1302,450
3,軟式 野球 部,10,10,0.1302,451
3,転倒 顔 地面,10,10,0.1302,452
3,トス バッティング 練習,10,10,0.1302,453
3,試合 ボール 持つ,10,10,0.1302,454
3,救急 車 呼ぶ,10,10,0.1302,455
3,強打 歯 歯科,10,10,0.1302,456
3,れる 治療 前歯,10,10,0.1302,457
3,大腿 部 負傷,10,10,0.1302,458
3,前額 部 負傷,10,10,0.1302,459
3,ふく ら はぐ,10,10,0.1302,460
3,頬 ひっかく れる,10,10,0.1302,461
3,昇降 口 向かう,10,10,0.1302,462
3,間 挟む れる,10,10,0.1302,463
3,運動 場 鉄棒,10,10,0.1302,464
3,頬 引っ掻く れる,10,10,0.1302,465
3,時間 昇降 口,10,10,0.1302,466
3,ハンドボール 部 練習,10,10,0.1302,467
3,頬 線 状,10,10,0.1302,468
3,部 挫創 線,10,10,0.1302,469
3,ほお 線 状,10,10,0.1302,470
3,挫創 前額 部,10,10,0.1302,471
3,止血 救急 搬送,10,10,0.1302,472
3,相手 選手 蹴る,10,10,0.1302,473
3,ボール 眼 強い,10,10,0.1302,474
3,打球 直接 眼,10,10,0.1302,475
3,当たる 眼 負傷,10,10,0.1302,476
3,視野 狭窄 外傷,10,10,0.1302,477
3,狭窄 外傷 性,10,10,0.1302,478
3,力 減じる 外傷,10,10,0.1302,479
3,減じる 外傷 性,10,10,0.1302,480
3,眼 負傷 受診,10,10,0.1302,481
3,網膜 剥離 眼,10,10,0.1302,482
3,外傷 性 てんかん,10,10,0.1302,483
3,機能 障害 片,10,10,0.1302,484
3,教員 番 通報,10,10,0.1302,485
3,障害 四肢 麻痺,10,10,0.1302,486
3,下肢 短縮 障害,10,10,0.1302,487
3,れる 後日 S,10,10,0.1302,488
3,後日 S -,10,10,0.1302,489
3,S - ICD,10,10,0.1302,490
3,- ICD 植込み,10,10,0.1302,491
3,腰椎 圧迫 骨折,10,10,0.1302,492
3,胸椎 圧迫 骨折,10,10,0.1302,493
3,骨折 せき柱 変形,10,10,0.1302,494
3,遊ぶ 手 滑る,9,9,0.1172,495
3,時間 教室 内,9,9,0.1172,496
3,ボール 当たり 負傷,9,9,0.1172,497
3,当たる 外傷 性,9,9,0.1172,498
3,耳 聴力 減退,9,9,0.1172,499
3,手術 外傷 性,9,9,0.1172,500
3,フライ 捕る 球,9,9,0.1172,501
3,自転車 登校 下り坂,9,9,0.1172,502
3,顔面 地面 強打,9,9,0.1172,503
3,ソフトボール 試合 バッター,9,9,0.1172,504
3,滑る 転倒 顔面,9,9,0.1172,505
3,飛ぶ くる 打球,9,9,0.1172,506
3,野球 部 フリー,9,9,0.1172,507
3,部 ノック 練習,9,9,0.1172,508
3,前方 転倒 顔面,9,9,0.1172,509
3,足 引っかかる 転倒,9,9,0.1172,510
3,バランス 崩す 転落,9,9,0.1172,511
3,前歯 本 折る,9,9,0.1172,512
3,バット 手 抜ける,9,9,0.1172,513
3,地面 顔面 強打,9,9,0.1172,514
3,前歯 本 抜け落ちる,9,9,0.1172,515
3,タイヤ 滑る 転倒,9,9,0.1172,516
3,顔面 ぶつける 前歯,9,9,0.1172,517
3,転倒 顔面 床,9,9,0.1172,518
3,バッティング 練習 守備,9,9,0.1172,519
3,技 かける られる,9,9,0.1172,520
3,ピッチャー バッター 打つ,9,9,0.1172,521
3,足 とる れる,9,9,0.1172,522
3,ガラス 割れる 前腕,9,9,0.1172,523
3,友人 ふざける あう,9,9,0.1172,524
3,ボール 取る 相手,9,9,0.1172,525
3,体育 体育館 バドミントン,9,9,0.1172,526
3,足 すべる せる,9,9,0.1172,527
3,自転車 競技 部,9,9,0.1172,528
3,野球 部 打撃,9,9,0.1172,529
3,捕る 球 ボール,9,9,0.1172,530
3,投げる ボール 打つ,9,9,0.1172,531
3,休み 時間 教室,9,9,0.1172,532
3,練習 試合 打席,9,9,0.1172,533
3,部 体育館 練習,9,9,0.1172,534
3,特定 時間 廊下,9,9,0.1172,535
3,負傷 歯科 補綴,9,9,0.1172,536
3,廊下 走る くる,9,9,0.1172,537
3,外 競技 場,9,9,0.1172,538
3,バレーボール 部 体育館,9,9,0.1172,539
3,ボール 蹴る 相手,9,9,0.1172,540
3,角 額 打つ,9,9,0.1172,541
3,角 前額 部,9,9,0.1172,542
3,手 滑る 落下,9,9,0.1172,543
3,切 創 負う,9,9,0.1172,544
3,ほお 引っかく れる,9,9,0.1172,545
3,転倒 肘 地面,9,9,0.1172,546
3,試合 相手 蹴る,9,9,0.1172,547
3,感覚 障害 残存,9,9,0.1172,548
3,手術 肘 部,9,9,0.1172,549
3,大腿 部 瘢痕,9,9,0.1172,550
3,病院 搬送 治療,9,9,0.1172,551
3,受診 治療 顔面,9,9,0.1172,552
3,ほお 瘢痕 残る,9,9,0.1172,553
3,ボール 強い 当たる,9,9,0.1172,554
3,シャトル 眼 直撃,9,9,0.1172,555
3,ボール 直接 眼,9,9,0.1172,556
3,距離 眼 当たる,9,9,0.1172,557
3,シャトル 眼 負傷,9,9,0.1172,558
3,視力 障害 調節,9,9,0.1172,559
3,障害 調節 機能,9,9,0.1172,560
3,視力 障害 視野,9,9,0.1172,561
3,当たる 眼 外傷,9,9,0.1172,562
3,当たる 眼 視野,9,9,0.1172,563
3,バドミントン 部 体育館,9,9,0.1172,564
3,受診 治療 眼,9,9,0.1172,565
3,ドクター ヘリ 病院,9,9,0.1172,566
3,ヘリ 病院 搬送,9,9,0.1172,567
3,挟む れる 負傷,9,9,0.1172,568
3,車 要請 AED,9,9,0.1172,569
3,心肺 蘇生 救急,9,9,0.1172,570
3,蘇生 救急 車,9,9,0.1172,571
3,巻き込む れる 負傷,9,9,0.1172,572
3,骨折 指 機能,9,9,0.1172,573
3,使用 心肺 蘇生,9,9,0.1172,574
3,"搬送 入院 ,",9,9,0.1172,575
3,駆け付ける 教員 心肺,9,9,0.1172,576
3,蘇生 ＡＥＤ 除,9,9,0.1172,577
3,降りる 足 滑る,8,8,0.1041,578
3,つま づく 転倒,8,8,0.1041,579
3,児 本 児,8,7,0.0911,580
3,走る 周 目,8,7,0.0911,581
3,相手 投げる られる,8,8,0.1041,582
3,バスケットボール 試合 ボール,8,8,0.1041,583
3,バッティング 練習 ボール,8,8,0.1041,584
3,勢い つく すぎる,8,8,0.1041,585
3,足 取る れる,8,8,0.1041,586
3,バット 口 当たる,8,8,0.1041,587
3,当たる 前歯 負傷,8,8,0.1041,588
3,バランス 崩す 顔,8,8,0.1041,589
3,地面 強い 打ちつける,8,8,0.1041,590
3,試合 シュート 打つ,8,8,0.1041,591
3,部 他校 練習,8,8,0.1041,592
3,練習 飛ぶ くる,8,8,0.1041,593
3,前歯 床 強打,8,8,0.1041,594
3,相手 選手 タックル,8,8,0.1041,595
3,取る 行く 相手,8,8,0.1041,596
3,肘 前歯 当たる,8,8,0.1041,597
3,走る バランス 崩す,8,8,0.1041,598
3,バランス 崩す 前のめり,8,8,0.1041,599
3,ボール 取り合い 相手,8,8,0.1041,600
3,れる ボール 捕る,8,8,0.1041,601
3,バランス 崩す 床,8,8,0.1041,602
3,チーム 選手 接触,8,8,0.1041,603
3,顔面 強打 負傷,8,8,0.1041,604
3,保育 室 内,8,8,0.1041,605
3,ボール 取る 走る,8,8,0.1041,606
3,側 走る くる,8,8,0.1041,607
3,転がる ボール 取る,8,8,0.1041,608
3,降りる バランス 崩す,8,8,0.1041,609
3,破る 折 歯,8,8,0.1041,610
3,歯槽 骨 骨折,8,8,0.1041,611
3,足 滑る 転倒,8,8,0.1041,612
3,教室 廊下 出る,8,8,0.1041,613
3,運動 場 出る,8,8,0.1041,614
3,後ろ 押す れる,8,8,0.1041,615
3,試合 バッター ボール,8,8,0.1041,616
3,バドミントン 相手 打つ,8,8,0.1041,617
3,とる れる 転倒,8,8,0.1041,618
3,振る バット 手,8,8,0.1041,619
3,練習 ノック ボール,8,8,0.1041,620
3,野球 部 マネージャー,8,8,0.1041,621
3,運動 場 ティー,8,8,0.1041,622
3,高い さ cm,8,8,0.1041,623
3,バスケットボール 試合 相手,8,8,0.1041,624
3,部 打撃 練習,8,8,0.1041,625
3,グラウンド 野球 部,8,8,0.1041,626
3,守備 練習 ボール,8,8,0.1041,627
3,サッカー 試合 ボール,8,8,0.1041,628
3,部 練習 人,8,8,0.1041,629
3,追う かけっこ 遊ぶ,8,8,0.1041,630
3,場 ソフトボール 試合,8,8,0.1041,631
3,うし ろ 走る,8,8,0.1041,632
3,グラウンド 練習 試合,8,8,0.1041,633
3,地面 強い 打つ,8,8,0.1041,634
3,終了 教室 戻る,8,8,0.1041,635
3,部 練習 グラウンド,8,8,0.1041,636
3,練習 蹴る ボール,8,8,0.1041,637
3,試合 運動 場,8,8,0.1041,638
3,走る くる 衝突,8,8,0.1041,639
3,場 サッカー 試合,8,8,0.1041,640
3,蹴る ボール 顔,8,8,0.1041,641
3,られる 救急 車,8,8,0.1041,642
3,転倒 救急 搬送,8,8,0.1041,643
3,柱 角 額,8,8,0.1041,644
3,本 児 顔,8,8,0.1041,645
3,保育 遊戯 室,8,8,0.1041,646
3,特定 時間 友人,8,8,0.1041,647
3,時間 友人 人,8,8,0.1041,648
3,ガラス 割れる 破片,8,8,0.1041,649
3,友人 押す れる,8,8,0.1041,650
3,眼 部 負傷,8,8,0.1041,651
3,眼 直接 当たる,8,8,0.1041,652
3,バッティング 練習 トス,8,8,0.1041,653
3,強い 当たる 負傷,8,8,0.1041,654
3,頭部 強い 打つ,8,8,0.1041,655
3,切る 醜状 瘢痕,8,8,0.1041,656
3,位 端 骨折,8,7,0.0911,657
3,関節 脱臼 骨折,8,8,0.1041,658
3,強い 当たる 眼,8,8,0.1041,659
3,打ち付ける 負傷 救急,8,8,0.1041,660
3,眼 付近 直撃,8,8,0.1041,661
3,相手 肘 眼,8,8,0.1041,662
3,当たる 眼窩 底,8,8,0.1041,663
3,スマッシュ シャトル 眼,8,8,0.1041,664
3,跳ね返る 眼 直撃,8,8,0.1041,665
3,相手 膝 眼,8,8,0.1041,666
3,至近 距離 蹴る,8,8,0.1041,667
3,振る ラケット 眼,8,8,0.1041,668
3,距離 蹴る ボール,8,8,0.1041,669
3,練習 試合 蹴る,8,8,0.1041,670
3,直撃 眼 視力,8,8,0.1041,671
3,精神 障害 残る,8,8,0.1041,672
3,性 視 神経症,8,8,0.1041,673
3,手術 眼窩 底,8,8,0.1041,674
3,当たる 受診 手術,8,8,0.1041,675
3,症 診断 れる,8,8,0.1041,676
3,プール 底 頭部,8,8,0.1041,677
3,倒れる 意識 失う,8,8,0.1041,678
3,障害 片 麻痺,8,8,0.1041,679
3,解析 結果 ショック,8,8,0.1041,680
3,結果 ショック 不要,8,8,0.1041,681
3,ショック 不要 救急,8,8,0.1041,682
3,れる 高次 脳,8,8,0.1041,683
3,関節 疼痛 残る,8,8,0.1041,684
3,車 要請 胸骨,8,8,0.1041,685
3,要請 胸骨 圧迫,8,8,0.1041,686
3,骨折 肘 関節,8,8,0.1041,687
3,地面 強い 打ち付ける,8,8,0.1041,688
3,AED 使用 心肺,8,8,0.1041,689
3,倒れる 心肺 停止,8,8,0.1041,690
3,"入院 , 除",8,8,0.1041,691
3,", 除 細",8,8,0.1041,692
3,骨折 変形 障害,8,8,0.1041,693
3,サッカー 蹴る ボール,7,7,0.0911,694
3,ｍ 高い さ,7,7,0.0911,695
3,練習 試合 他校,7,7,0.0911,696
3,部員 蹴る ボール,7,7,0.0911,697
3,部 練習 ティー,7,7,0.0911,698
3,場 サッカー ゴール,7,7,0.0911,699
3,体育 体育館 ドッジボール,7,7,0.0911,700
3,園 庭 出る,7,7,0.0911,701
3,相手 チーム 肘,7,7,0.0911,702
3,ぶつける 前歯 負傷,7,7,0.0911,703
3,転倒 前歯 床,7,7,0.0911,704
3,滑る バランス 崩す,7,7,0.0911,705
3,体育 サッカー ゲーム,7,7,0.0911,706
3,当たる 唇 切れる,7,7,0.0911,707
3,顔面 ボール 当たる,7,7,0.0911,708
3,ノック イレギュラー ボール,7,7,0.0911,709
3,顔面 直撃 前歯,7,7,0.0911,710
3,強い 当たる 歯,7,7,0.0911,711
3,頭 顔面 ぶつかる,7,7,0.0911,712
3,ホッケー 部 練習,7,7,0.0911,713
3,ボール 顔 当たる,7,7,0.0911,714
3,顔面 床 強打,7,7,0.0911,715
3,転倒 床 顔面,7,7,0.0911,716
3,歯牙 破る 折,7,7,0.0911,717
3,崩す 前方 転倒,7,7,0.0911,718
3,顔面 地面 強い,7,7,0.0911,719
3,れる 転倒 顔面,7,7,0.0911,720
3,口 部 当たる,7,7,0.0911,721
3,試合 ボール 蹴る,7,7,0.0911,722
3,試合 バッターボックス 入る,7,7,0.0911,723
3,練習 守備 練習,7,7,0.0911,724
3,野球 部 守備,7,7,0.0911,725
3,滑る 転倒 前歯,7,7,0.0911,726
3,選手 接触 転倒,7,7,0.0911,727
3,自由 遊び 時間,7,7,0.0911,728
3,手 離れる しまう,7,7,0.0911,729
3,バランス 崩す 左腕,7,7,0.0911,730
3,廊下 追う かけっこ,7,7,0.0911,731
3,特別 支援 学級,7,7,0.0911,732
3,教室 戻る 廊下,7,7,0.0911,733
3,顔面 強い ぶつける,7,7,0.0911,734
3,反対 側 走る,7,7,0.0911,735
3,前歯 当たる 歯,7,7,0.0911,736
3,鬼ごっこ 鬼 逃げる,7,7,0.0911,737
3,顔面 打つ 前歯,7,7,0.0911,738
3,バッター 振る バット,7,7,0.0911,739
3,出血 見る られる,7,7,0.0911,740
3,階段 段 目,7,6,0.0781,741
3,頭部 顔面 強打,7,7,0.0911,742
3,前歯 本 欠ける,7,7,0.0911,743
3,練習 相手 打つ,7,7,0.0911,744
3,前方 投げ出す れる,7,7,0.0911,745
3,足 つまずく 転倒,7,7,0.0911,746
3,休み 時間 友人,7,7,0.0911,747
3,部 紅白 戦,7,7,0.0911,748
3,場 鬼ごっこ 鬼,7,7,0.0911,749
3,顔 強打 前歯,7,7,0.0911,750
3,運動 場 外野,7,7,0.0911,751
3,野球 練習 試合,7,7,0.0911,752
3,相手 チーム 接触,7,7,0.0911,753
3,保健 室 来る,7,7,0.0911,754
3,野球 部 バント,7,7,0.0911,755
3,ボール 追いかける 走る,7,7,0.0911,756
3,運動 場 体育,7,7,0.0911,757
3,階段 つまずく 転倒,7,7,0.0911,758
3,顎 床 強打,7,7,0.0911,759
3,救急 車 到着,7,7,0.0911,760
3,練習 試合 シュート,7,7,0.0911,761
3,シュート れる ボール,7,7,0.0911,762
3,打ち返す れる 打球,7,7,0.0911,763
3,足 ひっかかる 転倒,7,7,0.0911,764
3,直撃 救急 搬送,7,7,0.0911,765
3,負傷 前歯 破る,7,7,0.0911,766
3,宿泊 的 行事,7,7,0.0911,767
3,サッカー 部 外,7,7,0.0911,768
3,野球 部 外,7,7,0.0911,769
3,前額 部 強打,7,7,0.0911,770
3,割れる ガラス 顔面,7,7,0.0911,771
3,児 頬 ひっかく,7,7,0.0911,772
3,前額 部 強い,7,7,0.0911,773
3,突っ込む 割れる ガラス,7,7,0.0911,774
3,体操 練習 人,7,7,0.0911,775
3,キャッチボール 相手 投げる,7,7,0.0911,776
3,室内 練習 場,7,7,0.0911,777
3,保健 室 行く,7,7,0.0911,778
3,本 児 児,7,6,0.0781,779
3,園 庭 遊ぶ,7,7,0.0911,780
3,保育 室 遊ぶ,7,7,0.0911,781
3,左手 地面 つく,7,7,0.0911,782
3,眼 周辺 当たる,7,7,0.0911,783
3,保健 室 運ぶ,7,7,0.0911,784
3,転 バランス 崩す,7,7,0.0911,785
3,家庭 科 調理,7,7,0.0911,786
3,科 調理 実習,7,7,0.0911,787
3,うし ろ 倒れる,7,7,0.0911,788
3,骨折 手術 醜状,7,7,0.0911,789
3,園 庭 鬼ごっこ,7,7,0.0911,790
3,実験 実習 室,7,7,0.0911,791
3,眼 ける 部,7,7,0.0911,792
3,眼 当たる 複,7,7,0.0911,793
3,負傷 前額 部,7,7,0.0911,794
3,マシン ボール 入れる,7,7,0.0911,795
3,練習 試合 外,7,7,0.0911,796
3,治療 顔面 挫創,7,7,0.0911,797
3,開 脚 跳ぶ,7,7,0.0911,798
3,負傷 冷却 受診,7,7,0.0911,799
3,眼 殴る れる,7,7,0.0911,800
3,眼 当たる 眼球,7,7,0.0911,801
3,距離 眼 直撃,7,7,0.0911,802
3,打球 防 球,7,7,0.0911,803
3,ワン バウンド 眼,7,7,0.0911,804
3,球 眼 直撃,7,7,0.0911,805
3,発 殴る れる,7,7,0.0911,806
3,部 テニス コート,7,7,0.0911,807
3,膝 蹴る れる,7,7,0.0911,808
3,体育館 バドミントン 部,7,7,0.0911,809
3,大会 サッカー 試合,7,7,0.0911,810
3,機能 障害 外傷,7,7,0.0911,811
3,視 眼 外傷,7,7,0.0911,812
3,眼 視野 狭窄,7,7,0.0911,813
3,力 減退 視野,7,7,0.0911,814
3,眼 負傷 眼,7,7,0.0911,815
3,治療 眼 外傷,7,7,0.0911,816
3,外傷 性 視,7,7,0.0911,817
3,視 神経症 眼,7,7,0.0911,818
3,打撲 眼 外傷,7,7,0.0911,819
3,運動 場 ラグビー,7,7,0.0911,820
3,場 ラグビー 部,7,7,0.0911,821
3,プール 底 頭,7,7,0.0911,822
3,倒れる 意識 不明,7,7,0.0911,823
3,マット 運動 転,7,7,0.0911,824
3,不要 救急 車,7,7,0.0911,825
3,搬送 れる 高次,7,7,0.0911,826
3,下肢 麻痺 残る,7,7,0.0911,827
3,教諭 心肺 蘇生,7,7,0.0911,828
3,挟む れる 指,7,7,0.0911,829
3,右手 小指 ボール,7,7,0.0911,830
3,負傷 指 機能,7,7,0.0911,831
3,倒れる AED 救命,7,7,0.0911,832
3,治療 後日 除,7,7,0.0911,833
3,動 回 救急,7,7,0.0911,834
3,細 動 後日,7,7,0.0911,835
3,動 後日 除,7,7,0.0911,836
3,受診 精巣 破裂,7,7,0.0911,837
3,圧迫 骨折 せき柱,7,7,0.0911,838
3,運動会 予行 練習,6,6,0.0781,839
3,階段 降りる 足,6,6,0.0781,840
3,陸上 部 部,6,6,0.0781,841
3,頭 強い 打つ,6,6,0.0781,842
3,自転車 ごと 転倒,6,6,0.0781,843
3,体育 準備 運動,6,6,0.0781,844
3,給食 準備 時間,6,6,0.0781,845
3,高い 上がる ボール,6,6,0.0781,846
3,ボール 取る ボール,6,6,0.0781,847
3,体育館 バレーボール 部,6,6,0.0781,848
3,失う 救急 搬送,6,6,0.0781,849
3,気 取る れる,6,6,0.0781,850
3,部 部 練習,6,6,0.0781,851
3,特定 時間 下校,6,6,0.0781,852
3,趾 機能 失う,6,6,0.0781,853
3,他校 合同 練習,6,6,0.0781,854
3,練習 試合 ゴールキーパー,6,6,0.0781,855
3,シュート 練習 シュート,6,6,0.0781,856
3,ソフトボール 試合 打者,6,6,0.0781,857
3,取る れる 転倒,6,6,0.0781,858
3,前歯 床 ぶつける,6,6,0.0781,859
3,前歯 本 脱落,6,6,0.0781,860
3,バランス 崩す 階,6,6,0.0781,861
3,階 教室 窓,6,6,0.0781,862
3,顔面 当たる 歯,6,6,0.0781,863
3,接触 相手 肘,6,6,0.0781,864
3,肘 口 当たる,6,6,0.0781,865
3,部 試合 シュート,6,6,0.0781,866
3,場 守備 練習,6,6,0.0781,867
3,フライ ボール 捕る,6,6,0.0781,868
3,相手 頭 顔面,6,6,0.0781,869
3,相手 選手 頭部,6,6,0.0781,870
3,ブレーキ かかる 状態,6,6,0.0781,871
3,転倒 前歯 強打,6,6,0.0781,872
3,下校 道路 段差,6,6,0.0781,873
3,走る 足 もつれる,6,6,0.0781,874
3,教室 戻る 途中,6,6,0.0781,875
3,球技 大会 バスケットボール,6,6,0.0781,876
3,顔面 床 倒れる,6,6,0.0781,877
3,野球 部 キャッチボール,6,6,0.0781,878
3,ボール 前歯 当たる,6,6,0.0781,879
3,部 守備 練習,6,6,0.0781,880
3,柔道 試合 相手,6,6,0.0781,881
3,崩す 転倒 床,6,6,0.0781,882
3,口元 当たる 前歯,6,6,0.0781,883
3,せる バランス 崩す,6,6,0.0781,884
3,階 階段 手すり,6,6,0.0781,885
3,部 鼻 部,6,6,0.0781,886
3,打つ ボール イレギュラー,6,6,0.0781,887
3,顔面 直撃 負傷,6,6,0.0781,888
3,ノック ボール 捕る,6,6,0.0781,889
3,選手 接触 相手,6,6,0.0781,890
3,当たる 跳ね返る くる,6,6,0.0781,891
3,転倒 顔面 強い,6,6,0.0781,892
3,歯 本 抜ける,6,6,0.0781,893
3,床 強打 前歯,6,6,0.0781,894
3,外野 守備 練習,6,6,0.0781,895
3,他校 グラウンド 練習,6,6,0.0781,896
3,試合 ボール 追いかける,6,6,0.0781,897
3,床 強打 負傷,6,6,0.0781,898
3,運動 場 向かう,6,6,0.0781,899
3,強打 意識 失う,6,6,0.0781,900
3,強打 歯 負傷,6,6,0.0781,901
3,転倒 頭部 顔面,6,6,0.0781,902
3,本 折れる しまう,6,6,0.0781,903
3,転倒 頭部 打撲,6,6,0.0781,904
3,運動 場 走る,6,6,0.0781,905
3,バランス 崩す 道路,6,6,0.0781,906
3,イレギュラー 口 当たる,6,6,0.0781,907
3,口 部 強い,6,6,0.0781,908
3,バランス 崩す 転ぶ,6,6,0.0781,909
3,昇降 口 出る,6,6,0.0781,910
3,ボール イレギュラー 口,6,6,0.0781,911
3,部 練習 参加,6,6,0.0781,912
3,相手 打つ ボール,6,6,0.0781,913
3,バランス 崩す 自転車,6,6,0.0781,914
3,部 バント 練習,6,6,0.0781,915
3,野球 部 グラウンド,6,6,0.0781,916
3,打つ ボール 打球,6,6,0.0781,917
3,場 打撃 練習,6,6,0.0781,918
3,ボール 捕る ボール,6,6,0.0781,919
3,試合 飛ぶ くる,6,6,0.0781,920
3,バスケットボール 部 試合,6,6,0.0781,921
3,チアリーディング 部 練習,6,6,0.0781,922
3,室 来る 室,6,6,0.0781,923
3,放課後 野球 部,6,6,0.0781,924
3,取る 損ねる ボール,6,6,0.0781,925
3,自転車 帰宅 途中,6,6,0.0781,926
3,れる ボール 取る,6,6,0.0781,927
3,うし ろ 押す,6,6,0.0781,928
3,地面 強打 負傷,6,6,0.0781,929
3,階段 下りる 足,6,6,0.0781,930
3,床 強い 打ち付ける,6,6,0.0781,931
3,体育 時間 体育館,6,6,0.0781,932
3,足 引っ掛かる 転倒,6,6,0.0781,933
3,部 対 練習,6,6,0.0781,934
3,呼びかける 反応 ない,6,6,0.0781,935
3,段差 つまずく 転倒,6,6,0.0781,936
3,部 ゲーム 形式,6,6,0.0781,937
3,崩す 転倒 顔,6,6,0.0781,938
3,教室 うし ろ,6,6,0.0781,939
3,練習 試合 三塁,6,6,0.0781,940
3,打ち付ける 前歯 破る,6,6,0.0781,941
3,転倒 前歯 脱臼,6,6,0.0781,942
3,練習 ボール 捕る,6,6,0.0781,943
3,バレーボール 部 試合,6,6,0.0781,944
3,つまずく 前方 転倒,6,6,0.0781,945
3,折れる 歯 歯科,6,6,0.0781,946
3,番 通報 救急,6,6,0.0781,947
3,通報 救急 車,6,6,0.0781,948
3,床 足 滑る,6,6,0.0781,949
3,練習 試合 運動,6,6,0.0781,950
3,運動 場 ハンドボール,6,6,0.0781,951
3,体育館 練習 試合,6,6,0.0781,952
3,集団 宿泊 的,6,6,0.0781,953
3,前額 部 当たる,6,6,0.0781,954
3,かかる 熱傷 負う,6,6,0.0781,955
3,ぶつかる 前額 部,6,6,0.0781,956
3,昇降 口 走る,6,6,0.0781,957
3,押す ガラス 割れる,6,6,0.0781,958
3,滑る せる 落下,6,6,0.0781,959
3,園 外 保育,6,6,0.0781,960
3,額 ぶつける 切る,6,6,0.0781,961
3,体重 かかる 負傷,6,6,0.0781,962
3,ガラス 割れる 左腕,6,6,0.0781,963
3,左上 腕 部,6,6,0.0781,964
3,深い 切る しまう,6,6,0.0781,965
3,鬼ごっこ 遊ぶ 鬼,6,6,0.0781,966
3,部 切 創,6,6,0.0781,967
3,立ち上がる バランス 崩す,6,6,0.0781,968
3,サッカー ボール 追いかける,6,6,0.0781,969
3,肘 地面 強打,6,6,0.0781,970
3,遊び 本 児,6,6,0.0781,971
3,跳ぶ バランス 崩す,6,6,0.0781,972
3,失う 救急 車,6,6,0.0781,973
3,ブランコ 乗る 遊ぶ,6,6,0.0781,974
3,転倒 肘 強打,6,6,0.0781,975
3,バランス 崩す 肘,6,6,0.0781,976
3,サッカー 試合 蹴る,6,6,0.0781,977
3,部 練習 ランニング,6,6,0.0781,978
3,ガラス 割れる 右手,6,6,0.0781,979
3,強風 あおる れる,6,6,0.0781,980
3,蹴る 上げる 足,6,6,0.0781,981
3,転倒 左手 地面,6,6,0.0781,982
3,相手 選手 ボール,6,5,0.0651,983
3,当たる 醜状 瘢痕,6,6,0.0781,984
3,特定 時間 昇降,6,6,0.0781,985
3,遠い 位 端,6,6,0.0781,986
3,骨折 醜状 瘢痕,6,6,0.0781,987
3,崩す 転倒 肘,6,6,0.0781,988
3,複 視 残存,6,6,0.0781,989
3,手術 大腿 部,6,6,0.0781,990
3,手術 下腿 部,6,6,0.0781,991
3,時間 廊下 歩く,6,6,0.0781,992
3,運動 場 持久走,6,6,0.0781,993
3,前腕 瘢痕 残る,6,6,0.0781,994
3,左下 肢 短縮,6,6,0.0781,995
3,肢 短縮 障害,6,6,0.0781,996
3,柔道 部 試合,6,6,0.0781,997
3,受診 治療 頬,6,6,0.0781,998
3,応急 処置 救急,6,6,0.0781,999
3,受診 治療 大腿,6,6,0.0781,1000
3,治療 大腿 骨,6,6,0.0781,1001
3,治療 頬 部,6,6,0.0781,1002
3,れる 治療 顔面,6,6,0.0781,1003
3,止血 受診 治療,6,6,0.0781,1004
3,橈骨遠 位 端,6,5,0.0651,1005
3,部 試合 外,6,6,0.0781,1006
3,負傷 止血 救急,6,6,0.0781,1007
3,蹴る ボール 相手,6,6,0.0781,1008
3,サッカー ボール 眼,6,6,0.0781,1009
3,直接 眼 負傷,6,6,0.0781,1010
3,殴る れる 眼,6,6,0.0781,1011
3,れる ボール 眼,6,6,0.0781,1012
3,ボール 足 当たる,6,6,0.0781,1013
3,バッティング マシン ボール,6,6,0.0781,1014
3,テニス 部 部,6,6,0.0781,1015
3,ソフトボール 部 部,6,6,0.0781,1016
3,球技 大会 サッカー,6,6,0.0781,1017
3,異常 見る られる,6,6,0.0781,1018
3,眼 当たる 外傷,6,6,0.0781,1019
3,視力 減退 調節,6,6,0.0781,1020
3,硝子 体 出血,6,6,0.0781,1021
3,外傷 性 網膜,6,6,0.0781,1022
3,円 孔 眼,6,6,0.0781,1023
3,性 網膜 剥離,6,5,0.0651,1024
3,眼 直撃 冷却,6,6,0.0781,1025
3,底 頭 打つ,6,6,0.0781,1026
3,バランス 崩す 頭,6,6,0.0781,1027
3,", ｍ 走る",6,6,0.0781,1028
3,台 上前 転,6,6,0.0781,1029
3,ボール 持つ 走る,6,6,0.0781,1030
3,骨折 感覚 障害,6,6,0.0781,1031
3,髄 損傷 四肢,6,6,0.0781,1032
3,損傷 四肢 麻痺,6,6,0.0781,1033
3,片 麻痺 残る,6,6,0.0781,1034
3,倒れる 番 通報,6,6,0.0781,1035
3,膝 股間 当たる,6,6,0.0781,1036
3,倒れる 意識 ない,6,6,0.0781,1037
3,股間 強い 当たる,6,6,0.0781,1038
3,ない 駆け付ける 教員,6,6,0.0781,1039
3,番 通報 心肺,6,6,0.0781,1040
3,通報 心肺 蘇生,6,6,0.0781,1041
3,手術 睾丸 欠損,6,6,0.0781,1042
3,回 救急 搬送,6,6,0.0781,1043
3,変形 障害 残存,6,6,0.0781,1044
3,休み 時間 運動,5,5,0.0651,1045
3,時間 教室 廊下,5,5,0.0651,1046
3,野球 部 ティー,5,5,0.0651,1047
3,部 ティー バッティング,5,5,0.0651,1048
3,ボール 耳 当たる,5,5,0.0651,1049
3,右側 頭部 打撲,5,5,0.0651,1050
3,運動 場 ボール,5,5,0.0651,1051
3,転倒 後頭部 強打,5,5,0.0651,1052
3,運動 場 ドッジボール,5,5,0.0651,1053
3,送球 れる ボール,5,5,0.0651,1054
3,正面 衝突 相手,5,5,0.0651,1055
3,走る 教室 戻る,5,5,0.0651,1056
3,方向 走る くる,5,5,0.0651,1057
3,上がる ボール ヘディング,5,5,0.0651,1058
3,くる ボール 取る,5,5,0.0651,1059
3,耳鳴り 障害 残る,5,5,0.0651,1060
3,右側 頭部 当たる,5,5,0.0651,1061
3,ボール 後頭部 当たる,5,5,0.0651,1062
3,運動 場 紅白,5,5,0.0651,1063
3,場 紅白 戦,5,5,0.0651,1064
3,通学 路 歩く,5,5,0.0651,1065
3,くる 本 児,5,5,0.0651,1066
3,床 強い 打ちつける,5,5,0.0651,1067
3,下校 昇降 口,5,5,0.0651,1068
3,訴える 救急 車,5,5,0.0651,1069
3,バッティングマシーン ボール 入れる,5,5,0.0651,1070
3,飛ぶ くる 顔面,5,5,0.0651,1071
3,友人 運動 場,5,5,0.0651,1072
3,付 自転車 下校,5,5,0.0651,1073
3,言語 機能 障害,5,5,0.0651,1074
3,負傷 保健 室,5,5,0.0651,1075
3,保健 室 冷却,5,5,0.0651,1076
3,友達 追う かけっこ,5,5,0.0651,1077
3,体 支える きれる,5,5,0.0651,1078
3,医療 機関 受診,5,5,0.0651,1079
3,くる ボール 捕る,5,5,0.0651,1080
3,バスケットボール 練習 試合,5,5,0.0651,1081
3,走る こむ くる,5,5,0.0651,1082
3,シュート 打つ 相手,5,5,0.0651,1083
3,相手 頭部 顔面,5,5,0.0651,1084
3,頭部 顔面 当たる,5,5,0.0651,1085
3,選手 肘 顔面,5,5,0.0651,1086
3,ノック ボール イレギュラー,5,5,0.0651,1087
3,強い 当たる 前歯,5,5,0.0651,1088
3,打球 捕る 球,5,5,0.0651,1089
3,唇 切れる 前歯,5,5,0.0651,1090
3,ぶつかる 前歯 破る,5,5,0.0651,1091
3,顔面 ぶつかる 前歯,5,5,0.0651,1092
3,ぶつかる 前歯 折れる,5,5,0.0651,1093
3,試合 シュート ボール,5,5,0.0651,1094
3,当たる 歯 本,5,5,0.0651,1095
3,転倒 顔面 歯,5,5,0.0651,1096
3,倒れる 顔面 床,5,5,0.0651,1097
3,階段 下りる 階段,5,5,0.0651,1098
3,自転車 登校 自転車,5,5,0.0651,1099
3,下り坂 スピード 出す,5,5,0.0651,1100
3,転倒 前歯 本,5,5,0.0651,1101
3,顔 打つ 前歯,5,5,0.0651,1102
3,足 滑る 顔面,5,5,0.0651,1103
3,歯 強い 打つ,5,5,0.0651,1104
3,行く 廊下 走る,5,5,0.0651,1105
3,前方 転倒 前歯,5,5,0.0651,1106
3,転倒 床 顔,5,5,0.0651,1107
3,日常 生活 指導,5,5,0.0651,1108
3,ボール 捕る 損ねる,5,5,0.0651,1109
3,ティー バッティング ボール,5,5,0.0651,1110
3,練習 試合 守備,5,5,0.0651,1111
3,部 練習 守備,5,5,0.0651,1112
3,練習 ノック れる,5,5,0.0651,1113
3,顔面 歯 負傷,5,5,0.0651,1114
3,部 練習 パス,5,5,0.0651,1115
3,バスケットボール 部 対,5,5,0.0651,1116
3,試合 相手 タックル,5,5,0.0651,1117
3,前歯 本 脱臼,5,5,0.0651,1118
3,崩す 転倒 地面,5,5,0.0651,1119
3,壁 顔面 ぶつける,5,5,0.0651,1120
3,ボール 取る いく,5,5,0.0651,1121
3,手 つく 顔面,5,5,0.0651,1122
3,滑る せる バランス,5,5,0.0651,1123
3,走る 足 滑る,5,5,0.0651,1124
3,ボール 乗る しまう,5,5,0.0651,1125
3,対 練習 相手,5,5,0.0651,1126
3,タイヤ とる れる,5,5,0.0651,1127
3,前のめり 転倒 顔面,5,5,0.0651,1128
3,練習 打者 打つ,5,5,0.0651,1129
3,くる ボール 顔面,5,5,0.0651,1130
3,跳ね返る くる ボール,5,5,0.0651,1131
3,練習 試合 参加,5,5,0.0651,1132
3,打ちつける 前歯 本,5,5,0.0651,1133
3,U 字 溝,5,3,0.0391,1134
3,ラケット 前歯 当たる,5,5,0.0651,1135
3,つまずく 転倒 地面,5,5,0.0651,1136
3,廊下 ふざける 合う,5,5,0.0651,1137
3,手 離れる バット,5,5,0.0651,1138
3,使う バント 練習,5,5,0.0651,1139
3,倒れる 床 顔面,5,5,0.0651,1140
3,ピッチングマシーン ボール 入れる,5,5,0.0651,1141
3,強打 前歯 折れる,5,5,0.0651,1142
3,友人 ふざける 友人,5,5,0.0651,1143
3,顔面 道路 ぶつける,5,5,0.0651,1144
3,しまう バランス 崩す,5,5,0.0651,1145
3,方向 飛ぶ くる,5,5,0.0651,1146
3,床 ぶつける 前歯,5,5,0.0651,1147
3,歯 冠 破る,5,5,0.0651,1148
3,ボール 取る 追いかける,5,5,0.0651,1149
3,部 口 部,5,5,0.0651,1150
3,膝 強い 打つ,5,5,0.0651,1151
3,練習 打撃 練習,5,5,0.0651,1152
3,練習 バント 練習,5,5,0.0651,1153
3,雨 地面 濡れる,5,5,0.0651,1154
3,濡れる 足 滑る,5,5,0.0651,1155
3,持つ 手 つく,5,5,0.0651,1156
3,全員 リレー 練習,5,5,0.0651,1157
3,打撃 練習 ボール,5,5,0.0651,1158
3,捕る 球 練習,5,5,0.0651,1159
3,練習 試合 試合,5,5,0.0651,1160
3,バッター 打つ 打球,5,5,0.0651,1161
3,顔面 口 部,5,5,0.0651,1162
3,顔面 床 強い,5,5,0.0651,1163
3,床 強い 打つ,5,5,0.0651,1164
3,口 強打 負傷,5,5,0.0651,1165
3,打つ バット 手,5,5,0.0651,1166
3,練習 部員 打つ,5,5,0.0651,1167
3,試合 ボール 取り合い,5,5,0.0651,1168
3,避ける バランス 崩す,5,5,0.0651,1169
3,練習 試合 サード,5,5,0.0651,1170
3,自転車 登校 前方,5,5,0.0651,1171
3,打つ ボール 捕る,5,5,0.0651,1172
3,転倒 顔 強打,5,5,0.0651,1173
3,ゲーム 相手 チーム,5,5,0.0651,1174
3,ムカデ 競争 練習,5,5,0.0651,1175
3,転倒 スキー 板,5,5,0.0651,1176
3,顔 地面 落ちる,5,5,0.0651,1177
3,陸上 部 練習,5,5,0.0651,1178
3,当たる ボール 跳ね返る,5,5,0.0651,1179
3,部 強い 打つ,5,5,0.0651,1180
3,自転車 登校 雨,5,5,0.0651,1181
3,部 練習 校舎,5,5,0.0651,1182
3,出場 相手 選手,5,5,0.0651,1183
3,試合 ショート 守備,5,5,0.0651,1184
3,練習 相手 選手,5,5,0.0651,1185
3,試合 ディフェンス 相手,5,5,0.0651,1186
3,床 倒れる こむ,5,5,0.0651,1187
3,マット つまずく 転倒,5,5,0.0651,1188
3,教室 友人 ふざける,5,5,0.0651,1189
3,振る バット 飛ぶ,5,5,0.0651,1190
3,素振り 部員 バット,5,5,0.0651,1191
3,強い 当たる しまう,5,5,0.0651,1192
3,顔 上げる 瞬間,5,5,0.0651,1193
3,取る 相手 選手,5,5,0.0651,1194
3,ラグビー 部 運動,5,5,0.0651,1195
3,チーム ボール 取る,5,5,0.0651,1196
3,組 ティー バッティング,5,5,0.0651,1197
3,高い さ 落下,5,5,0.0651,1198
3,時間 廊下 友人,5,5,0.0651,1199
3,首 絞める られる,5,5,0.0651,1200
3,練習 うし ろ,5,5,0.0651,1201
3,体育館 跳箱 跳ぶ,5,5,0.0651,1202
3,ボール 防 球,5,5,0.0651,1203
3,守備 練習 一塁,5,5,0.0651,1204
3,顔 強い 当たる,5,5,0.0651,1205
3,走る つまずく 転倒,5,5,0.0651,1206
3,友人 鬼ごっこ 遊ぶ,5,5,0.0651,1207
3,特定 時間 階段,5,5,0.0651,1208
3,ハンドボール 部 試合,5,5,0.0651,1209
3,しっぽ とり ゲーム,5,5,0.0651,1210
3,体育 体育館 走り高跳び,5,5,0.0651,1211
3,部 練習 蹴る,5,5,0.0651,1212
3,折 歯 歯科,5,5,0.0651,1213
3,れる 歯 歯科,5,5,0.0651,1214
3,角 顔面 ぶつける,5,5,0.0651,1215
3,運動 場 打球,5,5,0.0651,1216
3,つまずく 転倒 顔,5,5,0.0651,1217
3,運動 場 遊ぶ,5,5,0.0651,1218
3,強打 負傷 歯,5,5,0.0651,1219
3,前方 倒立 回転,5,5,0.0651,1220
3,口 負傷 歯,5,5,0.0651,1221
3,足 踏み外す 転倒,5,5,0.0651,1222
3,自転車 登校 バランス,5,5,0.0651,1223
3,登校 バランス 崩す,5,5,0.0651,1224
3,ソフトボール 部 運動,5,5,0.0651,1225
3,場 ノック 練習,5,5,0.0651,1226
3,搬送 れる 歯,5,5,0.0651,1227
3,転倒 顎 床,5,5,0.0651,1228
3,学級 ホームルーム 教室,5,5,0.0651,1229
3,試合 打席 立つ,5,5,0.0651,1230
3,場 ティー バッティング,5,5,0.0651,1231
3,部 外 体育館,5,5,0.0651,1232
3,滑る 転倒 顔,5,5,0.0651,1233
3,バスケットボール シュート 練習,5,5,0.0651,1234
3,治療 前歯 欠損,5,5,0.0651,1235
3,縄跳び 持つ 手,5,4,0.0521,1236
3,バドミントン ダブルス 試合,5,5,0.0651,1237
3,打ち付ける 受診 治療,5,5,0.0651,1238
3,部 合同 練習,5,5,0.0651,1239
3,脱臼 歯科 補綴,5,5,0.0651,1240
3,硬式 テニス 部,5,5,0.0651,1241
3,ぶつける 裂傷 負う,5,5,0.0651,1242
3,途中 バランス 崩す,5,5,0.0651,1243
3,ふざける 押す れる,5,5,0.0651,1244
3,業 間 休み,5,5,0.0651,1245
3,清掃 時間 教室,5,5,0.0651,1246
3,壁 角 額,5,5,0.0651,1247
3,特定 時間 運動,5,5,0.0651,1248
3,歯 頬 当たる,5,5,0.0651,1249
3,廊下 側 窓,5,5,0.0651,1250
3,側 窓 ガラス,5,5,0.0651,1251
3,骨 骨 幹部,5,5,0.0651,1252
3,転がる ボール 拾う,5,5,0.0651,1253
3,走る 本 児,5,5,0.0651,1254
3,ぶつける 前額 部,5,5,0.0651,1255
3,バランス 崩す 地面,5,5,0.0651,1256
3,ガラス 割れる 顔,5,5,0.0651,1257
3,顔 引っかく れる,5,5,0.0651,1258
3,転倒 左上 腕,5,5,0.0651,1259
3,脳 内 出血,5,5,0.0651,1260
3,廊下 走る 教室,5,5,0.0651,1261
3,当たる ガラス 割れる,5,5,0.0651,1262
3,病院 運ぶ れる,5,5,0.0651,1263
3,ボール 入れる バッター,5,5,0.0651,1264
3,教室 戻る 階段,5,5,0.0651,1265
3,ガラス 手 つく,5,5,0.0651,1267
3,ディフェンス 相手 選手,5,5,0.0651,1268
3,登校 昇降 口,5,5,0.0651,1269
3,しまう ガラス 割れる,5,5,0.0651,1270
3,時間 廊下 走る,5,5,0.0651,1271
3,走る 昇降 口,5,5,0.0651,1272
3,高い さ ｃｍ,5,5,0.0651,1273
3,カーブ 曲がる きれる,5,5,0.0651,1274
3,休憩 時間 トイレ,5,5,0.0651,1275
3,友人 ふざける 合う,5,5,0.0651,1276
3,卓球 部 練習,5,5,0.0651,1277
3,本 児 左手,5,5,0.0651,1278
3,タックル れる 転倒,5,5,0.0651,1279
3,体操 練習 段,5,5,0.0651,1280
3,始業 チャイム 鳴る,5,5,0.0651,1281
3,相手 肩 乗る,5,5,0.0651,1282
3,地面 手 つく,5,5,0.0651,1283
3,上がる ボール 取る,5,5,0.0651,1284
3,サッカー 部 朝,5,5,0.0651,1285
3,昼休み 教室 友人,5,5,0.0651,1286
3,転倒 大腿 部,5,5,0.0651,1287
3,休み 時間 廊下,5,5,0.0651,1288
3,体育館 バスケットボール ボール,5,5,0.0651,1289
3,膝 眼 部,5,5,0.0651,1290
3,練習 シュート 打つ,5,5,0.0651,1291
3,創 負う 醜状,5,5,0.0651,1292
3,ガラス 割れる 手首,5,5,0.0651,1293
3,体調 不良 訴える,5,5,0.0651,1294
3,打撃 練習 打球,5,5,0.0651,1295
3,肘 部 線,5,5,0.0651,1296
3,大腿 部 線,5,5,0.0651,1297
3,頚部 線 状,5,5,0.0651,1298
3,日常 清掃 時間,5,5,0.0651,1299
3,ける 部 線,5,5,0.0651,1300
3,蹴る ボール 近く,5,5,0.0651,1301
3,強い ぶつける 負傷,5,5,0.0651,1302
3,保育 室 園児,5,5,0.0651,1303
3,処置 救急 車,5,5,0.0651,1304
3,体育館 柔道 部,5,5,0.0651,1305
3,右手 関節 機能,5,5,0.0651,1306
3,大腿 部 手術,5,5,0.0651,1307
3,肘 瘢痕 残る,5,5,0.0651,1308
3,等 応急 処置,5,5,0.0651,1309
3,れる 治療 大腿,5,5,0.0651,1310
3,骨 遠い 位,5,5,0.0651,1311
3,バランス 崩す 手,5,5,0.0651,1312
3,受診 治療 前額,5,5,0.0651,1313
3,部 挫創 前額,5,5,0.0651,1314
3,治療 左上 腕骨,5,5,0.0651,1315
3,ドクター ヘリ 搬送,5,5,0.0651,1316
3,ヘリ 搬送 れる,5,5,0.0651,1317
3,投げる 眼 当たる,5,5,0.0651,1318
3,野球 部 朝,5,5,0.0651,1319
3,練習 ピッチャー 投げる,5,5,0.0651,1320
3,ボール 右目 当たる,5,5,0.0651,1321
3,ボール きれる 眼,5,5,0.0651,1322
3,相手 足 当たる,5,5,0.0651,1323
3,バッター 打球 眼,5,5,0.0651,1324
3,眼 当たる 眼窩,5,5,0.0651,1325
3,ボール 蹴る ボール,5,5,0.0651,1326
3,ぶつかる 眼 負傷,5,5,0.0651,1327
3,打球 眼 部,5,5,0.0651,1328
3,バッティング 打球 眼,5,5,0.0651,1329
3,れる 眼 負傷,5,5,0.0651,1330
3,眼 ぶつかる 負傷,5,5,0.0651,1331
3,練習 投手 投げる,5,5,0.0651,1332
3,練習 打つ 打球,5,5,0.0651,1333
3,バウンド 眼 当たる,5,5,0.0651,1334
3,肘 眼 負傷,5,5,0.0651,1335
3,蹴る ボール 足,5,5,0.0651,1336
3,本 児 眼,5,5,0.0651,1337
3,シャトル 至近 距離,5,5,0.0651,1338
3,様子 見る 痛み,5,5,0.0651,1339
3,れる シャトル 眼,5,5,0.0651,1340
3,眼球 運動 障害,5,5,0.0651,1341
3,膝 眼 負傷,5,5,0.0651,1342
3,当たる しまう 負傷,5,5,0.0651,1343
3,打撃 練習 打つ,5,5,0.0651,1344
3,使用 バッティング 練習,5,5,0.0651,1345
3,救急 病院 受診,5,5,0.0651,1346
3,練習 試合 キャッチャー,5,5,0.0651,1347
3,特定 時間 校庭,5,5,0.0651,1348
3,ソフトボール 試合 ピッチャー,5,5,0.0651,1349
3,バランス 崩す 相手,5,5,0.0651,1350
3,くる 眼 直撃,5,5,0.0651,1351
3,体育 組 体操,5,5,0.0651,1352
3,当たる 調節 機能,5,5,0.0651,1353
3,骨折 視力 障害,5,5,0.0651,1354
3,運動 場 縄跳び,5,5,0.0651,1355
3,減じる 視野 狭窄,5,5,0.0651,1356
3,暗い 外傷 性,5,5,0.0651,1357
3,眼 盲 症,5,5,0.0651,1358
3,出血 眼 視力,5,5,0.0651,1359
3,負傷 眼 調節,5,5,0.0651,1360
3,当たる 視力 減退,5,5,0.0651,1361
3,入院 治療 眼,5,5,0.0651,1362
3,性 白内障 眼,5,5,0.0651,1363
3,減退 調節 力,5,5,0.0651,1364
3,房 出血 眼,5,5,0.0651,1365
3,入院 手術 外傷,5,5,0.0651,1366
3,治療 眼窩 底,5,5,0.0651,1367
3,れる 治療 外傷,5,5,0.0651,1368
3,手術 眼球 破裂,5,5,0.0651,1369
3,裂孔原 性 網膜,5,4,0.0521,1370
3,剥離 眼 視力,5,5,0.0651,1371
3,サッカー 部 他校,5,5,0.0651,1372
3,眼 直撃 受診,5,5,0.0651,1373
3,手術 眼 外傷,5,5,0.0651,1374
3,れる 手術 眼窩,5,5,0.0651,1375
3,頚椎 脱臼 骨折,5,5,0.0651,1376
3,教官 刺す 事件,5,5,0.0651,1377
3,刺す 事件 凶行,5,5,0.0651,1378
3,事件 凶行 傍ら,5,5,0.0651,1379
3,凶行 傍ら 目撃,5,5,0.0651,1380
3,プール 底 頭頂,5,5,0.0651,1381
3,底 頭頂 部,5,5,0.0651,1382
3,プール サイド 引き上げる,5,5,0.0651,1383
3,状態 救急 車,5,5,0.0651,1384
3,倒れる 意識 呼吸,5,5,0.0651,1385
3,体育館 組 体操,5,5,0.0651,1386
3,精神 障害 残存,5,5,0.0651,1387
3,負う 高次 脳,5,5,0.0651,1388
3,運動 場 周,5,5,0.0651,1389
3,養護 教諭 心肺,5,5,0.0651,1390
3,要請 AED 装着,5,5,0.0651,1391
3,四肢 まひ 残る,5,5,0.0651,1392
3,指 巻き込む れる,5,5,0.0651,1393
3,右手 中指 挟む,5,5,0.0651,1394
3,左手 指 挟む,5,5,0.0651,1395
3,手押し カンナ 盤,5,4,0.0521,1396
3,右手 中指 先端,5,5,0.0651,1397
3,小指 ボール 強い,5,5,0.0651,1398
3,ボール 右手 小指,5,5,0.0651,1399
3,開放 骨折 指,5,5,0.0651,1400
3,域 制限 疼痛,5,5,0.0651,1401
3,切断 指 指,5,5,0.0651,1402
3,衝突 相手 膝,5,5,0.0651,1403
3,股間 蹴る れる,5,5,0.0651,1404
3,意識 失う 心肺,5,5,0.0651,1405
3,停止 状態 AED,5,5,0.0651,1406
3,心肺 蘇生 実施,5,5,0.0651,1407
3,治療 ICD 植込み,5,5,0.0651,1408
3,倒れる 教員 番,5,5,0.0651,1409
3,番 通報 教員,5,5,0.0651,1410
3,肘 地面 強い,5,5,0.0651,1411
3,残る 肘 関節,5,5,0.0651,1412
3,股関節 機能 低下,5,5,0.0651,1413
3,胸椎 椎 体,5,4,0.0521,1414
3,椎 体 骨折,5,4,0.0521,1415
3,強い 打つ 骨折,4,4,0.0521,1416
3,友人 サッカー ボール,4,4,0.0521,1417
3,後方 飛ぶ くる,4,4,0.0521,1418
3,投げる られる 受身,4,4,0.0521,1419
3,離す しまう 地面,4,4,0.0521,1420
3,場 サッカー ボール,4,4,0.0521,1421
3,さ ｍ 位,4,4,0.0521,1422
3,練習 投げる られる,4,4,0.0521,1423
3,段差 つま づく,4,4,0.0521,1424
3,打ち返す れる ボール,4,4,0.0521,1425
3,式 バスケット ゴール,4,4,0.0521,1426
3,相手 頭 ぶつかる,4,4,0.0521,1427
3,一瞬 気 失う,4,4,0.0521,1428
3,運動会 組 体操,4,4,0.0521,1429
3,練習 防 球,4,4,0.0521,1430
3,運動 場 ミニゲーム,4,4,0.0521,1431
3,ボール ヘディング 相手,4,4,0.0521,1432
3,足 絡まる 転倒,4,4,0.0521,1433
3,運動 場 ぶらんこ,4,4,0.0521,1434
3,転がる くる ボール,4,4,0.0521,1435
3,気 とる れる,4,4,0.0521,1436
3,重い さ 耐える,4,4,0.0521,1437
3,投手 打者 打つ,4,4,0.0521,1438
3,ボール 右側 頭部,4,4,0.0521,1439
3,競技 部 朝,4,4,0.0521,1440
3,転倒 頭部 強打,4,4,0.0521,1441
3,骨折 外傷 性,4,4,0.0521,1442
3,大腿 部 地面,4,4,0.0521,1443
3,部 地面 強打,4,4,0.0521,1444
3,部 練習 終わる,4,4,0.0521,1445
3,部 他校 合同,4,4,0.0521,1446
3,左足 関節 機能,4,4,0.0521,1447
3,バレーボール 体育 的,4,4,0.0521,1448
3,部 大会 参加,4,4,0.0521,1449
3,校舎 階 階段,4,4,0.0521,1450
3,顎 強打 負傷,4,4,0.0521,1451
3,ボール 相手 チーム,4,4,0.0521,1452
3,担任 声 かける,4,4,0.0521,1453
3,遊ぶ 勢い つく,4,4,0.0521,1454
3,殴る れる 負傷,4,4,0.0521,1455
3,飛ぶ くる バット,4,4,0.0521,1456
3,流動 食 摂取,4,4,0.0521,1457
3,ボール 顔面 負傷,4,4,0.0521,1458
3,頚部 疼痛 残る,4,4,0.0521,1459
3,休憩 時間 友達,4,4,0.0521,1460
3,前歯 本 本,4,4,0.0521,1461
3,うつ 伏せ 倒れる,4,4,0.0521,1462
3,転倒 口 打つ,4,4,0.0521,1463
3,ぶつかる 転倒 顔面,4,4,0.0521,1464
3,野球 部 素振り,4,4,0.0521,1465
3,バット 顔面 直撃,4,4,0.0521,1466
3,トス バッティング ボール,4,4,0.0521,1467
3,顔 ボール 当たる,4,4,0.0521,1468
3,相手 肘 前歯,4,4,0.0521,1469
3,顔 ぶつける 前歯,4,4,0.0521,1470
3,くる バランス 崩す,4,4,0.0521,1471
3,サッカー ゲーム 相手,4,4,0.0521,1472
3,バスケットボール 試合 パス,4,4,0.0521,1473
3,相手 接触 相手,4,4,0.0521,1474
3,文化 祭 準備,4,4,0.0521,1475
3,昇降 口 付近,4,4,0.0521,1476
3,当たる 前歯 破損,4,4,0.0521,1477
3,試合 ゴールキーパー 相手,4,4,0.0521,1478
3,肘 歯 当たる,4,4,0.0521,1479
3,イレギュラー ボール 口,4,4,0.0521,1480
3,的 部 外野,4,4,0.0521,1481
3,唇 切れる 歯,4,4,0.0521,1482
3,返球 れる ボール,4,3,0.0391,1483
3,ノック イレギュラーバウンド ボール,4,4,0.0521,1484
3,口 ボール 当たる,4,4,0.0521,1485
3,バウンド ボール 取る,4,4,0.0521,1486
3,硬式 野球 体育,4,4,0.0521,1487
3,直撃 前歯 本,4,4,0.0521,1488
3,バスケットボール 体育 的,4,4,0.0521,1489
3,的 部 試合,4,4,0.0521,1490
3,柔道 練習 試合,4,4,0.0521,1491
3,休憩 時間 次,4,4,0.0521,1492
3,階段 踏み外す 転倒,4,4,0.0521,1493
3,下校 校門 向かう,4,4,0.0521,1494
3,自転車 登校 坂道,4,4,0.0521,1495
3,終える 自転車 下校,4,4,0.0521,1496
3,ハンドル とる れる,4,4,0.0521,1497
3,とる れる バランス,4,4,0.0521,1498
3,本 折れる 本,4,4,0.0521,1499
3,本 抜ける しまう,4,4,0.0521,1500
3,顔面 床 打ちつける,4,4,0.0521,1501
3,給食 準備 教室,4,4,0.0521,1502
3,ぶつける 歯 本,4,4,0.0521,1503
3,清掃 時間 廊下,4,4,0.0521,1504
3,口 部 打つ,4,4,0.0521,1505
3,人 脚 練習,4,4,0.0521,1506
3,前方 倒れる 顔,4,4,0.0521,1507
3,テニス 部 運動,4,4,0.0521,1508
3,口唇 部 強打,4,4,0.0521,1509
3,友人 背中 押す,4,4,0.0521,1510
3,床 ぶつける 負傷,4,4,0.0521,1511
3,前歯 強打 前歯,4,4,0.0521,1512
3,本 抜ける 本,4,4,0.0521,1513
3,前歯 折れる しまう,4,4,0.0521,1514
3,崩す 前のめり 転倒,4,4,0.0521,1515
3,大会 バスケットボール 試合,4,4,0.0521,1516
3,崩す 顔面 床,4,4,0.0521,1517
3,サッカー 部 ゲーム,4,4,0.0521,1518
3,ボール 蹴る 足,4,4,0.0521,1519
3,打球 イレギュラーバウンド 口,4,4,0.0521,1520
3,口唇 部 直撃,4,4,0.0521,1521
3,試合 打つ ボール,4,4,0.0521,1522
3,イレギュラーバウンド 口 当たる,4,4,0.0521,1523
3,イレギュラーバウンド ボール 口,4,4,0.0521,1524
3,部 練習 シート,4,4,0.0521,1525
3,口元 当たる 歯,4,4,0.0521,1526
3,口 直撃 負傷,4,4,0.0521,1527
3,転倒 顔面 負傷,4,4,0.0521,1528
3,前方 飛ばす れる,4,4,0.0521,1529
3,口腔 内 負傷,4,4,0.0521,1530
3,接触 転倒 負傷,4,4,0.0521,1531
3,滑る せる 地面,4,4,0.0521,1532
3,ぶつける 歯 負傷,4,4,0.0521,1533
3,分かれる バッティング 練習,4,4,0.0521,1534
3,友人 うし ろ,4,4,0.0521,1535
3,教室 友人 遊ぶ,4,4,0.0521,1536
3,友人 遊ぶ 足,4,4,0.0521,1537
3,破る 折 しまう,4,4,0.0521,1538
3,声 かける られる,4,4,0.0521,1539
3,強い 打ち付ける 負傷,4,4,0.0521,1540
3,ぶつかる そう 避ける,4,4,0.0521,1541
3,手 つく 顔,4,4,0.0521,1542
3,顔 床 落ちる,4,4,0.0521,1543
3,友人 けんか 相手,4,4,0.0521,1544
3,ごと 転倒 顔面,4,4,0.0521,1545
3,ノック ボール イレギュラーバウンド,4,4,0.0521,1546
3,シート ノック 練習,4,4,0.0521,1547
3,守備 フライ 捕る,4,4,0.0521,1548
3,当たる 歯牙 破る,4,4,0.0521,1549
3,床 歯 打つ,4,4,0.0521,1550
3,相手 頭部 前歯,4,4,0.0521,1551
3,相手 選手 肩,4,4,0.0521,1552
3,前歯 折る しまう,4,4,0.0521,1553
3,膝 顔面 当たる,4,4,0.0521,1554
3,生活 単元 学習,4,4,0.0521,1555
3,床 前歯 ぶつける,4,4,0.0521,1556
3,転倒 地面 顔,4,4,0.0521,1557
3,地面 顔 打つ,4,4,0.0521,1558
3,走る くる 男子,4,4,0.0521,1559
3,当たる 歯 抜ける,4,4,0.0521,1560
3,前歯 当たる 前歯,4,4,0.0521,1561
3,球 ネット 支柱,4,4,0.0521,1562
3,打球 口 当たる,4,4,0.0521,1563
3,前方 倒れる 床,4,4,0.0521,1564
3,ネット 当たる 跳ね返る,4,4,0.0521,1565
3,避ける ハンドル 切る,4,4,0.0521,1566
3,自転車 衝突 転倒,4,4,0.0521,1567
3,衝突 顔面 強打,4,4,0.0521,1568
3,振る 抜く バット,4,4,0.0521,1569
3,落下 顔面 強打,4,4,0.0521,1570
3,前歯 本 損傷,4,4,0.0521,1571
3,ハンドル 取る れる,4,4,0.0521,1572
3,直撃 前歯 折れる,4,4,0.0521,1573
3,ソフトボール 試合 キャッチャー,4,4,0.0521,1574
3,ボール 拾う 行く,4,4,0.0521,1575
3,顔面 床 ぶつける,4,4,0.0521,1576
3,足 すくう れる,4,4,0.0521,1577
3,倒れる 顔面 強打,4,4,0.0521,1578
3,しまう 前歯 本,4,4,0.0521,1579
3,靴 ひも 結ぶ,4,4,0.0521,1580
3,唇 歯 負傷,4,4,0.0521,1581
3,自転車 下校 カーブ,4,4,0.0521,1582
3,顔面 倒れる 前歯,4,4,0.0521,1583
3,ソフトボール キャッチャー バッター,4,4,0.0521,1584
3,鼻 部 口,4,4,0.0521,1585
3,出血 前歯 本,4,4,0.0521,1586
3,バント 練習 打球,4,4,0.0521,1587
3,床 顔面 打ち付ける,4,4,0.0521,1588
3,かける られる 相手,4,4,0.0521,1589
3,転 練習 マット,4,4,0.0521,1590
3,練習 マット 着地,4,4,0.0521,1591
3,歩く 後ろ 走る,4,4,0.0521,1592
3,取る れる バランス,4,4,0.0521,1593
3,バランス くずす 転倒,4,4,0.0521,1594
3,自転車 登校 歩道,4,4,0.0521,1595
3,スキー 板 顔面,4,4,0.0521,1596
3,強い 打つ 前歯,4,4,0.0521,1597
3,顔面 転倒 歯,4,4,0.0521,1598
3,体育 大会 向ける,4,4,0.0521,1599
3,ぶつける 歯 折れる,4,4,0.0521,1600
3,陸上 競技 大会,4,4,0.0521,1601
3,転倒 道路 顔面,4,4,0.0521,1602
3,自転車 ごと 回転,4,4,0.0521,1603
3,体育館 バレー 部,4,4,0.0521,1604
3,バレー 部 練習,4,4,0.0521,1605
3,部 練習 校庭,4,4,0.0521,1606
3,滑る 転ぶ しまう,4,4,0.0521,1607
3,体育館 バスケットボール 相手,4,4,0.0521,1608
3,投げる ボール 取る,4,4,0.0521,1609
3,相手 打つ スマッシュ,4,4,0.0521,1610
3,陸上 競技 場,4,4,0.0521,1611
3,使う 打撃 練習,4,4,0.0521,1612
3,打つ ボール 直接,4,4,0.0521,1613
3,手 離れる 飛ぶ,4,4,0.0521,1614
3,ゴロ 捕る 球,4,4,0.0521,1615
3,ボール 歯 当たる,4,4,0.0521,1616
3,練習 ピッチャー バッター,4,4,0.0521,1617
3,出血 みる られる,4,4,0.0521,1618
3,くる 相手 チーム,4,4,0.0521,1619
3,バット 口 直撃,4,4,0.0521,1620
3,友達 足 つまずく,4,4,0.0521,1621
3,滑る せる 転落,4,4,0.0521,1622
3,下校 坂道 下る,4,4,0.0521,1623
3,飛び込み プール 底,4,4,0.0521,1624
3,体育 サッカー ボール,4,4,0.0521,1625
3,手 放す しまう,4,4,0.0521,1626
3,歯 強い 打ちつける,4,4,0.0521,1627
3,ボール 取り合う 相手,4,4,0.0521,1628
3,ボール 股間 当たる,4,4,0.0521,1629
3,部 準備 運動,4,4,0.0521,1630
3,打つ 打球 顔面,4,4,0.0521,1631
3,相手 肘 顔,4,4,0.0521,1632
3,相手 頭 顔,4,4,0.0521,1633
3,段差 バランス 崩す,4,4,0.0521,1634
3,転倒 床 前歯,4,4,0.0521,1635
3,れる 前方 倒れる,4,4,0.0521,1636
3,バランス 崩す 壁,4,4,0.0521,1637
3,床 顔 強打,4,4,0.0521,1638
3,近く ボール 拾う,4,4,0.0521,1639
3,顔面 床 落ちる,4,4,0.0521,1640
3,部 練習 トス,4,4,0.0521,1641
3,練習 トス バッティング,4,4,0.0521,1642
3,バッター ボール トス,4,4,0.0521,1643
3,練習 ノック 練習,4,4,0.0521,1644
3,野球 部 外野,4,4,0.0521,1645
3,練習 球 出し,4,4,0.0521,1646
3,部 レシーブ 練習,4,4,0.0521,1647
3,練習 シュート ボール,4,4,0.0521,1648
3,濡れる 滑る 転倒,4,4,0.0521,1649
3,くる 頭部 顔面,4,4,0.0521,1650
3,崩す 自転車 ごと,4,4,0.0521,1651
3,投げ出す れる 顔,4,4,0.0521,1652
3,場 ティー ボール,4,4,0.0521,1653
3,振る 金属 バット,4,4,0.0521,1654
3,金属 バット 手,4,4,0.0521,1655
3,バット 手 滑る,4,4,0.0521,1656
3,ぶつかる 転倒 顔,4,4,0.0521,1657
3,体育 祭 学年,4,4,0.0521,1658
3,ボール 止める ボール,4,4,0.0521,1659
3,深い さ ｍ,4,4,0.0521,1660
3,部 自主 練習,4,4,0.0521,1661
3,野球 部 ピッチングマシン,4,4,0.0521,1662
3,選手 打つ ボール,4,4,0.0521,1663
3,グラウンド バッティング 練習,4,4,0.0521,1664
3,部 体育館 試合,4,4,0.0521,1665
3,接触 相手 選手,4,4,0.0521,1666
3,練習 段 目,4,4,0.0521,1667
3,キャッチボール 投げる ボール,4,4,0.0521,1668
3,投げる ボール 捕る,4,4,0.0521,1669
3,両手 荷物 持つ,4,4,0.0521,1670
3,体育 校庭 ソフトボール,4,4,0.0521,1671
3,運動 場 キャッチャー,4,4,0.0521,1672
3,試合 出場 相手,4,4,0.0521,1673
3,遊ぶ 友人 足,4,4,0.0521,1674
3,体育 祭 予行,4,4,0.0521,1675
3,練習 試合 ショート,4,4,0.0521,1676
3,試合 サード 守備,4,4,0.0521,1677
3,野球 部 他校,4,4,0.0521,1678
3,バッティング ピッチャー 打者,4,4,0.0521,1679
3,ピッチャー 打者 打つ,4,4,0.0521,1680
3,当たる 前歯 脱臼,4,4,0.0521,1681
3,顔面 強い 当たる,4,4,0.0521,1682
3,すべる せる 転倒,4,4,0.0521,1683
3,滑る 転倒 顎,4,4,0.0521,1684
3,ブレーキ かける 間に合う,4,4,0.0521,1685
3,体育館 バレーボール レシーブ,4,4,0.0521,1686
3,つく バランス 崩す,4,4,0.0521,1687
3,部 練習 部員,4,4,0.0521,1688
3,直撃 前歯 破る,4,4,0.0521,1689
3,放課後 運動 場,4,4,0.0521,1690
3,時間 友人 ふざける,4,4,0.0521,1691
3,朝 練習 体育館,4,4,0.0521,1692
3,ボール 顔 負傷,4,4,0.0521,1693
3,練習 サード 守る,4,4,0.0521,1694
3,ろ 押す れる,4,4,0.0521,1695
3,全身 強い 打つ,4,4,0.0521,1696
3,床 顔 打つ,4,4,0.0521,1697
3,挟 殺る プレー,4,4,0.0521,1698
3,祭 前日 準備,4,4,0.0521,1699
3,形式 練習 ボール,4,4,0.0521,1700
3,人 組 ティー,4,4,0.0521,1701
3,ティー バッティング トス,4,4,0.0521,1702
3,フリー バッティング ピッチャー,4,4,0.0521,1703
3,打つ ボール 顔面,4,4,0.0521,1704
3,うし ろ 飛ぶ,4,4,0.0521,1705
3,ボール 持つ 相手,4,4,0.0521,1706
3,引っ掛かる バランス 崩す,4,4,0.0521,1707
3,体 投げ出す れる,4,4,0.0521,1708
3,立つ バランス 崩す,4,4,0.0521,1709
3,段 目 足,4,4,0.0521,1710
3,ろ 走る くる,4,4,0.0521,1711
3,接触 転倒 床,4,4,0.0521,1712
3,床 手 つく,4,4,0.0521,1713
3,野球 部 大会,4,4,0.0521,1714
3,シュート ボール ゴール,4,4,0.0521,1715
3,体育 時間 ソフトボール,4,4,0.0521,1716
3,練習 投げる ボール,4,4,0.0521,1717
3,試合 ピッチャー 投げる,4,4,0.0521,1718
3,ボール 打つ ボール,4,4,0.0521,1719
3,バスケットボール 部 ゲーム,4,4,0.0521,1720
3,自転車 接触 転倒,4,4,0.0521,1721
3,前方 宙返り 練習,4,4,0.0521,1722
3,試合 打席 入る,4,4,0.0521,1723
3,練習 試合 体育館,4,4,0.0521,1724
3,投げる ボール きれる,4,4,0.0521,1725
3,ブレーキ かける 転倒,4,4,0.0521,1726
3,校外 学習 公園,4,4,0.0521,1727
3,野球 部 終了,4,4,0.0521,1728
3,練習 柔道 場,4,4,0.0521,1729
3,部 練習 対,4,4,0.0521,1730
3,走る くる 頭部,4,4,0.0521,1731
3,ノック 練習 外野,4,4,0.0521,1732
3,部 試合 練習,4,4,0.0521,1733
3,打つ 歯 歯科,4,4,0.0521,1734
3,前歯 強打 歯,4,4,0.0521,1735
3,前歯 折れる 歯,4,4,0.0521,1736
3,ぶつかる 押す れる,4,4,0.0521,1737
3,パス 練習 ボール,4,4,0.0521,1738
3,ピッチングマシン ボール 入れる,4,4,0.0521,1739
3,部 練習 打球,4,4,0.0521,1740
3,ティー バッティング 打球,4,4,0.0521,1741
3,終了 休憩 時間,4,4,0.0521,1742
3,階段 上る 階段,4,4,0.0521,1743
3,前歯 負傷 歯,4,4,0.0521,1744
3,転倒 顎 地面,4,4,0.0521,1745
3,顔 負傷 歯,4,4,0.0521,1746
3,運動 場 テニス,4,4,0.0521,1747
3,前歯 負傷 歯科,4,4,0.0521,1748
3,友人 足 ひっかかる,4,4,0.0521,1749
3,走る くる 別,4,4,0.0521,1750
3,転倒 階段 角,4,4,0.0521,1751
3,顔 地面 打ち付ける,4,4,0.0521,1752
3,バランス 崩す ｍ,4,4,0.0521,1753
3,場 サッカー 蹴る,4,4,0.0521,1754
3,使用 バント 練習,4,4,0.0521,1755
3,マシン 出る ボール,4,4,0.0521,1756
3,見る られる 救急,4,4,0.0521,1757
3,負傷 前歯 欠損,4,4,0.0521,1758
3,顔 打ち付ける 前歯,4,4,0.0521,1759
3,口 負傷 前歯,4,4,0.0521,1760
3,顔 打ち付ける 負傷,4,4,0.0521,1761
3,体育館 バスケットボール ドリブル,4,4,0.0521,1762
3,転倒 負傷 救急,4,4,0.0521,1763
3,顔 負傷 救急,4,4,0.0521,1764
3,体育館 ハンドボール 部,4,4,0.0521,1765
3,落ちる くる ボール,4,4,0.0521,1766
3,外 体育館 試合,4,4,0.0521,1767
3,強打 受診 治療,4,4,0.0521,1768
3,運動 場 トス,4,4,0.0521,1769
3,場 トス バッティング,4,4,0.0521,1770
3,運動 場 打撃,4,4,0.0521,1771
3,打撃 練習 守備,4,4,0.0521,1772
3,練習 試合 ディフェンス,4,4,0.0521,1773
3,負傷 入院 治療,4,4,0.0521,1774
3,休憩 時間 追う,4,4,0.0521,1775
3,時間 追う かけっこ,4,4,0.0521,1776
3,バランス 崩す 落ちる,4,4,0.0521,1777
3,蹴る 相手 足,4,4,0.0521,1778
3,大腿 骨 骨折,4,4,0.0521,1779
3,足 踏み外す 階段,4,4,0.0521,1780
3,階段 角 額,4,4,0.0521,1781
3,左腕 地面 強い,4,4,0.0521,1782
3,顔面 ぶつける 眼,4,4,0.0521,1783
3,ドア ガラス 右手,4,4,0.0521,1784
3,追いかける くる 逃げる,4,4,0.0521,1785
3,相手 選手 足,4,4,0.0521,1786
3,総合 体育 大会,4,4,0.0521,1787
3,大腿 部 骨折,4,4,0.0521,1788
3,ガラス 割れる ガラス,4,4,0.0521,1789
3,靭帯 断 裂,4,4,0.0521,1790
3,顔 ひっかく れる,4,4,0.0521,1791
3,当たる 頬 部,4,4,0.0521,1792
3,トイレ 入り口 壁,4,4,0.0521,1793
3,逃げる 友人 追いかける,4,4,0.0521,1794
3,ガラス ぶつかる ガラス,4,4,0.0521,1795
3,鉄棒 手 離す,4,4,0.0521,1796
3,移動 足 滑る,4,4,0.0521,1797
3,コンクリート 角 額,4,4,0.0521,1798
3,額 打つ 負傷,4,4,0.0521,1799
3,友人 投げる 石,4,4,0.0521,1800
3,始業 休憩 時間,4,4,0.0521,1801
3,前腕 部 切る,4,4,0.0521,1802
3,れる 体勢 崩す,4,4,0.0521,1803
3,衝突 前額 部,4,4,0.0521,1804
3,一輪車 乗る 遊ぶ,4,4,0.0521,1805
3,窓 ガラス 右手,4,4,0.0521,1806
3,トイレ 逃げ込む トイレ,4,4,0.0521,1807
3,ガラス 割れる 足,4,4,0.0521,1808
3,保育 室 戻る,4,4,0.0521,1809
3,縁 額 ぶつける,4,4,0.0521,1810
3,割れる 割れる ガラス,4,4,0.0521,1811
3,吹奏楽 部 練習,4,4,0.0521,1812
3,割れる ガラス 右腕,4,4,0.0521,1813
3,ガラス 右腕 切る,4,4,0.0521,1814
3,転倒 膝 強い,4,4,0.0521,1815
3,教室 窓 ガラス,4,4,0.0521,1816
3,額 強い ぶつける,4,4,0.0521,1817
3,ガラス 部分 手,4,4,0.0521,1818
3,友人 人 鬼ごっこ,4,4,0.0521,1819
3,押す 押す れる,4,4,0.0521,1820
3,片付ける 本 児,4,4,0.0521,1821
3,窓 ガラス 手,4,4,0.0521,1822
3,手 つく 右手,4,4,0.0521,1823
3,接触 転倒 眼,4,4,0.0521,1824
3,手 滑る 地面,4,4,0.0521,1825
3,鬼ごっこ 遊ぶ 友人,4,4,0.0521,1826
3,開ける ガラス 割れる,4,4,0.0521,1827
3,ぶつける 割れる ガラス,4,4,0.0521,1828
3,木 枝 投げる,4,4,0.0521,1829
3,練習 着地 失敗,4,4,0.0521,1830
3,取る バランス 崩す,4,4,0.0521,1831
3,持つ 手 部分,4,4,0.0521,1832
3,顔面 当たり 負傷,4,4,0.0521,1833
3,当たる 前額 部,4,4,0.0521,1834
3,引っかく れる 頬,4,4,0.0521,1835
3,ドア 閉める ドア,4,4,0.0521,1836
3,倒れる 頭 打つ,4,4,0.0521,1837
3,顔面 負傷 救急,4,4,0.0521,1838
3,腱 断 裂,4,4,0.0521,1839
3,転落 前額 部,4,4,0.0521,1840
3,準備 ネット 張る,4,4,0.0521,1841
3,転倒 意識 失う,4,4,0.0521,1842
3,引っ掻く れる しまう,4,4,0.0521,1843
3,ガラス 割れる 右腕,4,4,0.0521,1844
3,窓 ガラス 両手,4,4,0.0521,1845
3,くる 衝突 転倒,4,4,0.0521,1846
3,転倒 床 後頭部,4,4,0.0521,1847
3,廊下 窓 ガラス,4,4,0.0521,1848
3,打者 打つ 球,4,4,0.0521,1849
3,転倒 右足 負傷,4,4,0.0521,1850
3,窓 ガラス ぶつかる,4,4,0.0521,1851
3,友人 ちょっかい かける,4,4,0.0521,1852
3,大腿 部 かかる,4,4,0.0521,1853
3,練習 組 体操,4,4,0.0521,1854
3,図画 工作 時間,4,4,0.0521,1855
3,生活 科 時間,4,4,0.0521,1856
3,割 創 負う,4,4,0.0521,1857
3,体育館 バスケットボール 練習,4,4,0.0521,1858
3,球技 大会 ソフトボール,4,4,0.0521,1859
3,試合 シュート 相手,4,4,0.0521,1860
3,シュート 相手 チーム,4,4,0.0521,1861
3,休憩 時間 終了,4,4,0.0521,1862
3,地面 ぶつける 負傷,4,4,0.0521,1863
3,夏季 休業 野球,4,4,0.0521,1864
3,休業 野球 部,4,4,0.0521,1865
3,落下 腹部 強打,4,4,0.0521,1866
3,つまずく 転倒 肘,4,4,0.0521,1867
3,転倒 肘 床,4,4,0.0521,1868
3,帰り 会 終了,4,4,0.0521,1869
3,運動 場 ピッチングマシン,4,4,0.0521,1870
3,本 児 かかる,4,4,0.0521,1871
3,走る くる 友人,4,4,0.0521,1872
3,空中 バランス 崩す,4,4,0.0521,1873
3,眼鏡 レンズ 割れる,4,4,0.0521,1874
3,昇降 口 友人,4,4,0.0521,1875
3,ラグビー 部 タックル,4,4,0.0521,1876
3,大腿 部 痛み,4,4,0.0521,1877
3,体育館 バスケットボール 遊ぶ,4,4,0.0521,1878
3,転倒 左手 つく,4,4,0.0521,1879
3,高い さ 調節,4,3,0.0391,1880
3,m 高い さ,4,4,0.0521,1881
3,バッティング 練習 バッター,4,4,0.0521,1882
3,練習 バッター ボール,4,4,0.0521,1883
3,厚い さ cm,4,4,0.0521,1884
3,段差 角 額,4,4,0.0521,1885
3,倒立 回転 跳ぶ,4,4,0.0521,1886
3,練習 試合 キーパー,4,4,0.0521,1887
3,激しい 痛み 感じる,4,4,0.0521,1888
3,押す れる 形,4,4,0.0521,1889
3,運動 場 準備,4,4,0.0521,1890
3,水泳 部 練習,4,4,0.0521,1891
3,車 呼ぶ 病院,4,4,0.0521,1892
3,登校 通学 路,4,4,0.0521,1893
3,ジャンプ 着地 バランス,4,4,0.0521,1894
3,校庭 サッカー 遊ぶ,4,4,0.0521,1895
3,蹴る ボール 友人,4,4,0.0521,1896
3,ターゲット バード ゴルフ,4,4,0.0521,1897
3,右手 指 挟む,4,4,0.0521,1898
3,相手 選手 体,4,4,0.0521,1899
3,保護 者 連絡,4,4,0.0521,1900
3,ぶつける 醜状 瘢痕,4,4,0.0521,1901
3,部 醜状 瘢痕,4,4,0.0521,1902
3,叩く ガラス 割れる,4,4,0.0521,1903
3,割れる 手首 切る,4,4,0.0521,1904
3,脳 挫傷 負う,4,4,0.0521,1905
3,骨折 右足 関節,4,3,0.0391,1906
3,形式 練習 シュート,4,4,0.0521,1907
3,強い 痛み 走る,4,4,0.0521,1908
3,半月 板 損傷,4,4,0.0521,1909
3,左上 腕 骨折,4,4,0.0521,1910
3,膜 血腫 脳,4,4,0.0521,1911
3,血腫 脳 挫傷,4,4,0.0521,1912
3,家庭 科 実習,4,4,0.0521,1913
3,実習 実験 室,4,4,0.0521,1914
3,関節 瘢痕 残る,4,4,0.0521,1915
3,頬 部 線,4,4,0.0521,1916
3,雲 てい ぶら下がる,4,4,0.0521,1917
3,顎 部 線,4,4,0.0521,1918
3,疼痛 瘢痕 残る,4,4,0.0521,1919
3,ネット 隙間 通る,4,4,0.0521,1920
3,手 つく ガラス,4,4,0.0521,1921
3,つく ガラス 割れる,4,4,0.0521,1922
3,負傷 線 状,4,4,0.0521,1923
3,友人 遊ぶ 友人,4,4,0.0521,1924
3,負傷 入院 手術,4,4,0.0521,1925
3,体育館 跳箱 着地,4,4,0.0521,1926
3,跳箱 着地 失敗,4,4,0.0521,1927
3,外 体育館 柔道,4,4,0.0521,1928
3,部 手術 瘢痕,4,4,0.0521,1929
3,右腕 地面 強打,4,4,0.0521,1930
3,右足 関節 機能,4,4,0.0521,1931
3,手術 線 状,4,4,0.0521,1932
3,骨折 手術 瘢痕,4,4,0.0521,1933
3,打つ 負傷 救急,4,4,0.0521,1934
3,打ち付ける 負傷 受診,4,4,0.0521,1935
3,腕骨 内 顆骨折,4,4,0.0521,1936
3,手術 肘 瘢痕,4,4,0.0521,1937
3,当たる 負傷 受診,4,4,0.0521,1938
3,休憩 時間 階段,4,4,0.0521,1939
3,地面 打ち付ける 負傷,4,4,0.0521,1940
3,左上 腕骨 顆上骨,4,4,0.0521,1941
3,腕骨 顆上骨 折,4,4,0.0521,1942
3,顎 線 状,4,4,0.0521,1943
3,眼 付近 負傷,4,4,0.0521,1944
3,倒れる 救急 搬送,4,4,0.0521,1945
3,体育 屋内 運動,4,4,0.0521,1946
3,ベース 向かう 走る,4,4,0.0521,1947
3,足 蹴る れる,4,4,0.0521,1948
3,相手 チーム 衝突,4,4,0.0521,1949
3,運動 場 横,4,4,0.0521,1950
3,転倒 受診 治療,4,4,0.0521,1951
3,腕骨 骨 幹部,4,4,0.0521,1952
3,れる 負傷 受診,4,4,0.0521,1953
3,走る くる 園児,4,3,0.0391,1954
3,サッカー 相手 チーム,4,4,0.0521,1955
3,部 終了 後片付け,4,4,0.0521,1956
3,担当 教諭 指導,4,4,0.0521,1957
3,部員 打つ シャトル,4,4,0.0521,1958
3,休憩 時間 人,4,4,0.0521,1959
3,誤る 眼 当たる,4,4,0.0521,1960
3,友人 打つ ボール,4,4,0.0521,1961
3,眼 部 強打,4,4,0.0521,1962
3,箇所 バッティング 練習,4,4,0.0521,1963
3,ボール 跳ね返る 眼,4,4,0.0521,1964
3,サッカー ボール 蹴る,4,4,0.0521,1965
3,眼 強い 当たり,4,4,0.0521,1966
3,捕る 損ねる 眼,4,4,0.0521,1967
3,送球 眼 当たる,4,4,0.0521,1968
3,部 トス バッティング,4,4,0.0521,1969
3,相手 パンチ 眼,4,4,0.0521,1970
3,打球 顔面 眼,4,4,0.0521,1971
3,顔面 眼 直撃,4,4,0.0521,1972
3,バッティング 練習 ピッチングマシーン,4,4,0.0521,1973
3,バスケットボール 相手 チーム,4,4,0.0521,1974
3,蹴る サッカー ボール,4,4,0.0521,1975
3,ボール 眼 受傷,4,4,0.0521,1976
3,練習 相手 蹴る,4,4,0.0521,1977
3,送球 捕る 球,4,4,0.0521,1978
3,眼 直撃 しまう,4,4,0.0521,1979
3,ｍ 至近 距離,4,4,0.0521,1980
3,練習 ボール バット,4,4,0.0521,1981
3,試合 バッター 打つ,4,4,0.0521,1982
3,組み 体操 練習,4,4,0.0521,1983
3,ノック ボール 眼,4,4,0.0521,1984
3,打つ 球 眼,4,4,0.0521,1985
3,トス バッティング トス,4,4,0.0521,1986
3,強い 蹴る ボール,4,4,0.0521,1987
3,練習 ボール 持つ,4,4,0.0521,1988
3,至近 距離 ボール,4,4,0.0521,1989
3,直撃 眼球 打撲,4,4,0.0521,1990
3,顔面 発 殴る,4,4,0.0521,1991
3,練習 ゲーム 形式,4,4,0.0521,1992
3,顔面 眼 付近,4,4,0.0521,1993
3,練習 試合 出場,4,4,0.0521,1994
3,ゴールキーパー 蹴る ボール,4,4,0.0521,1995
3,蹴る れる 負傷,4,4,0.0521,1996
3,右前 房 出血,4,4,0.0521,1997
3,バウンド 眼 直撃,4,4,0.0521,1998
3,ボール 近距離 眼,4,4,0.0521,1999
3,ファウルチップ 眼 当たる,4,4,0.0521,2000
3,当たる 眼球 破裂,4,4,0.0521,2001
3,打つ ボール ネット,4,4,0.0521,2002
3,バッター 打つ 球,4,4,0.0521,2003
3,眼 付近 強い,4,4,0.0521,2004
3,肘 眼 当たる,4,4,0.0521,2005
3,体育 バドミントン 試合,4,4,0.0521,2006
3,練習 試合 タックル,4,4,0.0521,2007
3,強い 当たる 痛める,4,4,0.0521,2008
3,体育 時間 運動,4,4,0.0521,2009
3,頭 眼 ぶつかる,4,4,0.0521,2010
3,当たる 眼 痛める,4,4,0.0521,2011
3,窓 身 乗り出す,4,4,0.0521,2012
3,サッカー 至近 距離,4,4,0.0521,2013
3,試合 三塁 守る,4,4,0.0521,2014
3,相手 頭 眼,4,4,0.0521,2015
3,眼 入る 負傷,4,4,0.0521,2016
3,試合 打つ 打球,4,4,0.0521,2017
3,パンチ 眼 当たる,4,4,0.0521,2018
3,部 練習 ゲーム,4,4,0.0521,2019
3,練習 グラウンド バッティング,4,4,0.0521,2020
3,眼 下部 当たる,4,4,0.0521,2021
3,キーパー 蹴る ボール,4,4,0.0521,2022
3,バドミントン 部 部,4,4,0.0521,2023
3,ネット 枠 当たる,4,4,0.0521,2024
3,うし ろ 眼,4,4,0.0521,2025
3,眼 当たる 痛める,4,4,0.0521,2026
3,腹部 蹴る れる,4,4,0.0521,2027
3,眼 網膜 剥離,4,4,0.0521,2028
3,テニス 部 テニス,4,4,0.0521,2029
3,バドミントン 部 朝,4,4,0.0521,2030
3,先 眼 当たる,4,4,0.0521,2031
3,練習 試合 形式,4,4,0.0521,2032
3,バッティング ピッチャー 隣,4,4,0.0521,2033
3,すり抜ける 眼 当たる,4,4,0.0521,2034
3,練習 倒立 転,4,4,0.0521,2035
3,眼 直撃 視力,4,4,0.0521,2036
3,直撃 視力 障害,4,4,0.0521,2037
3,視力 障害 外傷,4,4,0.0521,2038
3,機能 障害 視野,4,4,0.0521,2039
3,障害 複 視,4,4,0.0521,2040
3,眼窩 内 側壁,4,4,0.0521,2041
3,当たる 眼 調節,4,4,0.0521,2042
3,力 減退 外傷,4,4,0.0521,2043
3,負傷 複 視,4,4,0.0521,2044
3,中心 暗い 外傷,4,4,0.0521,2045
3,減退 複 視,4,4,0.0521,2046
3,部 練習 テニス,4,4,0.0521,2047
3,練習 テニス コート,4,4,0.0521,2048
3,ソフトテニス 部 練習,4,4,0.0521,2049
3,調節 力 失う,4,4,0.0521,2050
3,負傷 外傷 性,4,4,0.0521,2051
3,白内障 眼 視力,4,4,0.0521,2052
3,れる 手術 眼球,4,4,0.0521,2053
3,眼球 破裂 眼,4,4,0.0521,2054
3,神経症 眼 視力,4,4,0.0521,2055
3,受診 治療 眼窩,4,4,0.0521,2056
3,打撲 眼 視力,4,4,0.0521,2057
3,受診 手術 眼球,4,4,0.0521,2058
3,手術 眼球 打撲,4,4,0.0521,2059
3,眼球 打撲 症,4,4,0.0521,2060
3,黄 斑 部,4,4,0.0521,2061
3,眼 直撃 救急,4,4,0.0521,2062
3,受診 手術 治療,4,4,0.0521,2063
3,眼 当たる 救急,4,4,0.0521,2064
3,翌日 受診 治療,4,4,0.0521,2065
3,外傷 性 虹彩,4,4,0.0521,2066
3,受診 手術 眼,4,4,0.0521,2067
3,眼 負傷 冷却,4,4,0.0521,2068
3,直撃 冷却 受診,4,4,0.0521,2069
3,状態 心肺 蘇生,4,4,0.0521,2070
3,頭頂 部 プール,4,4,0.0521,2071
3,前のめり 倒れる 意識,4,4,0.0521,2072
3,体操 部 練習,4,4,0.0521,2073
3,男 教室 内,4,4,0.0521,2074
3,教室 内 侵入,4,4,0.0521,2075
3,内 侵入 教官,4,4,0.0521,2076
3,侵入 教官 刺す,4,4,0.0521,2077
3,頭 痛い 言う,4,4,0.0521,2078
3,段違い 平行棒 練習,4,4,0.0521,2079
3,負傷 思う れる,4,4,0.0521,2080
3,られる 投げる られる,4,4,0.0521,2081
3,左手 指 骨折,4,4,0.0521,2082
3,頭部 強打 意識,4,4,0.0521,2083
3,崩す 転倒 右手,4,4,0.0521,2084
3,病院 受診 治療,4,4,0.0521,2085
3,体育 体育館 組,4,4,0.0521,2086
3,倒れる けいれん 起こす,4,4,0.0521,2087
3,意識 なくなる 心肺,4,4,0.0521,2088
3,腰 痛み 感じる,4,4,0.0521,2090
3,右手 薬指 ボール,4,4,0.0521,2091
3,ジャンプ 相手 チーム,4,4,0.0521,2092
3,右手 中指 薬指,4,4,0.0521,2093
3,バランス 崩す 後方,4,4,0.0521,2094
3,倒れる 病院 ICD,4,4,0.0521,2095
3,丸 鋸 刃,4,3,0.0391,2096
3,損傷 左上 肢,4,4,0.0521,2097
3,肢 麻痺 残存,4,4,0.0521,2098
3,膜 血腫 負う,4,4,0.0521,2099
3,麻痺 高次 脳,4,4,0.0521,2100
3,外傷 性 くも膜,4,4,0.0521,2101
3,性 くも膜 出血,4,4,0.0521,2102
3,転 練習 バランス,4,4,0.0521,2103
3,ＡＥＤ 装着 ＡＥＤ,4,4,0.0521,2104
3,装着 ＡＥＤ 解析,4,4,0.0521,2105
3,ＡＥＤ 解析 結果,4,4,0.0521,2106
3,倒れる 教頭 番,4,4,0.0521,2107
3,教頭 番 通報,4,4,0.0521,2108
3,運動 場 柔道,4,4,0.0521,2109
3,手術 高次 脳,4,4,0.0521,2110
3,れる 治療 脳,4,4,0.0521,2111
3,治療 高次 脳,4,4,0.0521,2112
3,停止 状態 救急,4,4,0.0521,2113
3,膝 疼痛 残る,4,4,0.0521,2114
3,階 音楽 室,4,4,0.0521,2115
3,診断 れる 頭痛,4,4,0.0521,2116
3,支える きれる 倒れる,4,4,0.0521,2117
3,バランス 崩す 手首,4,4,0.0521,2118
3,性 てんかん 残る,4,4,0.0521,2119
3,指 挟む 負傷,4,4,0.0521,2120
3,左手 小指 挟む,4,4,0.0521,2121
3,しまう 右手 中指,4,4,0.0521,2122
3,ドア 閉める 右手,4,4,0.0521,2123
3,骨 開放 骨折,4,4,0.0521,2124
3,骨折 指 骨,4,4,0.0521,2125
3,域 制限 醜状,4,4,0.0521,2126
3,制限 醜状 瘢痕,4,4,0.0521,2127
3,指 骨折 可動,4,4,0.0521,2128
3,れる 指 指,4,4,0.0521,2129
3,指 挟む 指,4,4,0.0521,2130
3,骨折 指 指,4,4,0.0521,2131
3,切断 指 機能,4,4,0.0521,2132
3,指 一部 失う,4,4,0.0521,2133
3,指 節 間,4,3,0.0391,2134
3,節 間 関節,4,3,0.0391,2135
3,受診 治療 小指,4,4,0.0521,2136
3,足 股間 当たる,4,4,0.0521,2137
3,下腹 部 当たる,4,4,0.0521,2138
3,膝 股間 負傷,4,4,0.0521,2139
3,腹部 強打 負傷,4,4,0.0521,2140
3,ボール 股間 強い,4,4,0.0521,2141
3,失う 心肺 停止,4,4,0.0521,2142
3,相手 足 股間,4,4,0.0521,2143
3,急 意識 失う,4,4,0.0521,2144
3,", m 走る",4,3,0.0391,2145
3,病院 治療 ICD,4,4,0.0521,2146
3,搬送 入院 除,4,4,0.0521,2147
3,入院 除 細,4,4,0.0521,2148
3,教員 胸骨 圧迫,4,4,0.0521,2149
3,教員 養護 教諭,4,4,0.0521,2150
3,養護 教諭 胸骨,4,4,0.0521,2151
3,教諭 胸骨 圧迫,4,4,0.0521,2152
3,胸骨 圧迫 ＡＥＤ,4,4,0.0521,2153
3,圧迫 ＡＥＤ 除,4,4,0.0521,2154
3,番 通報 養護,4,4,0.0521,2155
3,通報 養護 教諭,4,4,0.0521,2156
3,教員 救急 車,4,4,0.0521,2157
3,睾丸 一部 欠損,4,4,0.0521,2158
3,入院 治療 後日,4,4,0.0521,2159
3,治療 心室 細,4,4,0.0521,2160
3,精巣 破裂 手術,4,4,0.0521,2161
3,破裂 手術 睾丸,4,4,0.0521,2162
3,関節 可動 域,4,4,0.0521,2163
3,鎖骨 骨折 変形,4,4,0.0521,2164
3,残る 機能 低下,4,4,0.0521,2165
3,受診 治療 腰椎,4,4,0.0521,2166
3,場 鬼ごっこ 遊ぶ,3,3,0.0391,2167
3,殴る 蹴る 暴行,3,3,0.0391,2168
3,部 頬 部,3,3,0.0391,2169
3,サッカー ボール 飛ぶ,3,3,0.0391,2170
3,飛ぶ くる 耳,3,3,0.0391,2171
3,耳 当たる 耳鳴り,3,3,0.0391,2172
3,廊下 呼び出す れる,3,3,0.0391,2173
3,倒れる 本 児,3,3,0.0391,2174
3,落下 右側 頭部,3,3,0.0391,2175
3,試合 投手 投げる,3,3,0.0391,2176
3,ぶつかる 左側 頭部,3,3,0.0391,2177
3,頭部 当たる 頭部,3,3,0.0391,2178
3,ぶつかる バランス 崩す,3,3,0.0391,2179
3,ｍ 走る タイム,3,3,0.0391,2180
3,首 うし ろ,3,3,0.0391,2181
3,打つ 思う れる,3,3,0.0391,2182
3,出血 救急 搬送,3,3,0.0391,2183
3,行く 教室 戻る,3,3,0.0391,2184
3,走る くる 頭,3,3,0.0391,2185
3,水泳 準備 運動,3,3,0.0391,2186
3,耳 痛み 訴える,3,3,0.0391,2187
3,左側 頭部 直撃,3,3,0.0391,2188
3,組立 体操 練習,3,3,0.0391,2189
3,強い 打つ しまう,3,3,0.0391,2190
3,ボール 塁 ベース,3,3,0.0391,2191
3,準備 時間 教室,3,3,0.0391,2192
3,走る 友人 足,3,3,0.0391,2193
3,右側 頭部 強打,3,3,0.0391,2194
3,サッカー 部 ミニゲーム,3,3,0.0391,2195
3,友人 ボール 遊び,3,3,0.0391,2196
3,ボール 気 とる,3,3,0.0391,2197
3,聴力 障害 残存,3,3,0.0391,2198
3,頭部 側 頭部,3,3,0.0391,2199
3,剣道 部 練習,3,3,0.0391,2200
3,運動 場 走り高跳び,3,3,0.0391,2201
3,当たる 耳 聴力,3,3,0.0391,2202
3,きれる 手 離す,3,3,0.0391,2203
3,部 練習 打撃,3,3,0.0391,2204
3,練習 打撃 投手,3,3,0.0391,2205
3,打撃 投手 打者,3,3,0.0391,2206
3,部 練習 スパイク,3,3,0.0391,2207
3,体育館 ドッジボール ボール,3,3,0.0391,2208
3,部 体育館 シュート,3,3,0.0391,2209
3,れる 手術 外傷,3,3,0.0391,2210
3,高い さ 変える,3,3,0.0391,2211
3,回 回 目,3,3,0.0391,2212
3,周 走る 周,3,3,0.0391,2213
3,性 てんかん 発作,3,3,0.0391,2214
3,下腿 傷 負う,3,3,0.0391,2215
3,首 捻る 負傷,3,3,0.0391,2216
3,崩す 転倒 膝,3,3,0.0391,2217
3,部 練習 更衣,3,3,0.0391,2218
3,部 夏季 合宿,3,3,0.0391,2219
3,ｍ 位 離れる,3,3,0.0391,2220
3,接触 体 バランス,3,3,0.0391,2221
3,強い 打ちつける しまう,3,3,0.0391,2222
3,練習 相手 投げる,3,3,0.0391,2223
3,れる 形 転倒,3,3,0.0391,2224
3,感覚 障害 瘢痕,3,3,0.0391,2225
3,部分 強い 打つ,3,3,0.0391,2226
3,時間 友人 運動,3,3,0.0391,2227
3,場 設置 れる,3,3,0.0391,2228
3,倒れる 顎 強打,3,3,0.0391,2229
3,衝突 転倒 顎,3,3,0.0391,2230
3,そしゃく 機能 障害,3,3,0.0391,2231
3,室 冷却 受診,3,3,0.0391,2232
3,口 ぶつける 前歯,3,3,0.0391,2233
3,床 雑巾 がけ,3,3,0.0391,2234
3,追う かけっこ 転倒,3,3,0.0391,2235
3,前歯 強い ぶつける,3,3,0.0391,2236
3,休憩 時間 クラス,3,3,0.0391,2237
3,時間 クラス 友達,3,3,0.0391,2238
3,転ぶ 手 持つ,3,3,0.0391,2239
3,崩す 転倒 口,3,3,0.0391,2240
3,上顎 前歯 本,3,3,0.0391,2241
3,荷物 持つ 手,3,3,0.0391,2242
3,顔面 地面 打ちつける,3,3,0.0391,2243
3,滑走 バランス 崩す,3,3,0.0391,2244
3,部 素振り 練習,3,3,0.0391,2245
3,バッティング ボール 投げる,3,3,0.0391,2246
3,転倒 歯 打つ,3,3,0.0391,2247
3,顔 殴る れる,3,3,0.0391,2248
3,急ぐ 階段 駆ける,3,3,0.0391,2249
3,階段 駆ける 上がる,3,3,0.0391,2250
3,入ろう バランス 崩す,3,3,0.0391,2251
3,次 順番 待つ,3,3,0.0391,2252
3,～ ｍ 離れる,3,3,0.0391,2253
3,ｍ 離れる 場所,3,3,0.0391,2254
3,後方 口元 直撃,3,3,0.0391,2255
3,相手 肘 口,3,3,0.0391,2256
3,打者 振る バット,3,3,0.0391,2257
3,肘 顔 当たる,3,3,0.0391,2258
3,サッカー 部 相手,3,3,0.0391,2259
3,相手 肘 歯,3,3,0.0391,2260
3,顔面 当たる 唇,3,3,0.0391,2261
3,それる 顔面 直撃,3,3,0.0391,2262
3,守備 練習 打球,3,3,0.0391,2263
3,部 練習 キャッチボール,3,3,0.0391,2264
3,ノック 練習 フライ,3,3,0.0391,2265
3,捕る 球 失敗,3,3,0.0391,2266
3,前歯 部 強い,3,3,0.0391,2267
3,当たる 歯 負傷,3,3,0.0391,2268
3,選手 頭 顔面,3,3,0.0391,2269
3,くる 相手 選手,3,3,0.0391,2270
3,遠征 練習 試合,3,3,0.0391,2271
3,選手 タックル 相手,3,3,0.0391,2272
3,的 部 練習,3,3,0.0391,2273
3,練習 相手 頭,3,3,0.0391,2274
3,練習 相手 ボール,3,3,0.0391,2275
3,チーム 選手 ボール,3,3,0.0391,2276
3,頭部 顔面 ぶつかる,3,3,0.0391,2277
3,接触 転倒 前歯,3,3,0.0391,2278
3,教室 移動 階段,3,3,0.0391,2279
3,かかる 状態 前方,3,3,0.0391,2280
3,状態 前方 転倒,3,3,0.0391,2281
3,地面 顎 打つ,3,3,0.0391,2282
3,顎 打つ 前歯,3,3,0.0391,2283
3,打つ 前歯 折れる,3,3,0.0391,2284
3,通常 経路 自転車,3,3,0.0391,2285
3,下校 下り坂 スピード,3,3,0.0391,2286
3,スピード 出す 過ぎる,3,3,0.0391,2287
3,衝突 前歯 負傷,3,3,0.0391,2288
3,上がる バランス 崩す,3,3,0.0391,2289
3,出る 走る くる,3,3,0.0391,2290
3,足 もつれる 転ぶ,3,3,0.0391,2291
3,前歯 ぶつける 負傷,3,3,0.0391,2292
3,ソフトボール ティー バッティング,3,3,0.0391,2293
3,練習 順番 待つ,3,3,0.0391,2294
3,手 抜ける 顔面,3,3,0.0391,2295
3,顔面 バット 直撃,3,3,0.0391,2296
3,バット 顔面 負傷,3,3,0.0391,2297
3,ボール とる 行く,3,3,0.0391,2298
3,滑る 顔面 床,3,3,0.0391,2299
3,練習 転がる ボール,3,3,0.0391,2300
3,前歯 強い 打ちつける,3,3,0.0391,2301
3,飛ばす れる 床,3,3,0.0391,2302
3,廊下 走る 足,3,3,0.0391,2303
3,足 ふらつく 転倒,3,3,0.0391,2304
3,友人 ふざける 足,3,3,0.0391,2305
3,れる 前のめり 転倒,3,3,0.0391,2306
3,失う 前方 転倒,3,3,0.0391,2307
3,切れる 歯 本,3,3,0.0391,2308
3,顔 打ちつける 前歯,3,3,0.0391,2309
3,転倒 床 歯,3,3,0.0391,2310
3,床 歯 打ちつける,3,3,0.0391,2311
3,転倒 顔面 打撲,3,3,0.0391,2312
3,部 練習 隣,3,3,0.0391,2313
3,相手 頭 口,3,3,0.0391,2314
3,口 歯 負傷,3,3,0.0391,2315
3,転倒 前歯 負傷,3,3,0.0391,2316
3,練習 試合 ヘディング,3,3,0.0391,2317
3,取り合い 相手 選手,3,3,0.0391,2318
3,部 キャッチボール ボール,3,3,0.0391,2319
3,野球 部 シート,3,3,0.0391,2320
3,部 シート ノック,3,3,0.0391,2321
3,口 部 直撃,3,3,0.0391,2322
3,野球 部 紅白,3,3,0.0391,2323
3,屋内 練習 場,3,3,0.0391,2324
3,部 練習 セカンド,3,3,0.0391,2325
3,練習 セカンド 守る,3,3,0.0391,2326
3,捕る 損なう ボール,3,3,0.0391,2327
3,ボール 口 負傷,3,3,0.0391,2328
3,練習 シート ノック,3,3,0.0391,2329
3,シート ノック イレギュラーバウンド,3,3,0.0391,2330
3,試合 デッドボール 顔面,3,3,0.0391,2331
3,試合 バッター 打球,3,3,0.0391,2332
3,頭 歯 当たる,3,3,0.0391,2333
3,練習 リバウンド 取る,3,3,0.0391,2334
3,後頭部 顔面 当たる,3,3,0.0391,2335
3,頭 前歯 当たる,3,3,0.0391,2336
3,くる 口 直撃,3,3,0.0391,2337
3,操作 誤る ガードレール,3,3,0.0391,2338
3,転倒 前歯 折る,3,3,0.0391,2339
3,ハンドル 操作 誤り,3,3,0.0391,2340
3,ｍ 飛ばす れる,3,3,0.0391,2341
3,当たる バランス 崩す,3,3,0.0391,2342
3,転倒 歯 負傷,3,3,0.0391,2343
3,飛び出す くる 衝突,3,3,0.0391,2344
3,鉄棒 手 離れる,3,3,0.0391,2345
3,床 顔面 ぶつける,3,3,0.0391,2346
3,顔面 ぶつける しまう,3,3,0.0391,2347
3,コンクリート 壁 顔面,3,3,0.0391,2348
3,押す れる 体,3,3,0.0391,2349
3,外れる ボール 取る,3,3,0.0391,2350
3,バット 口元 当たる,3,3,0.0391,2351
3,清掃 終了 教室,3,3,0.0391,2352
3,滑る せる 転ぶ,3,3,0.0391,2353
3,手 持つ 傘,3,3,0.0391,2354
3,ろ 向き 走る,3,3,0.0391,2355
3,デッキ ブラシ 柄,3,3,0.0391,2356
3,離す タイミング ずれる,3,3,0.0391,2358
3,顎 強い 打つ,3,3,0.0391,2359
3,倒れる 顔面 路面,3,3,0.0391,2360
3,かける られる 振り向く,3,3,0.0391,2361
3,うし ろ 振り返る,3,3,0.0391,2362
3,スピード 出す 走行,3,3,0.0391,2363
3,眼 刺さる 負傷,3,3,0.0391,2364
3,バウンド 口 当たる,3,3,0.0391,2365
3,部 直撃 負傷,3,3,0.0391,2366
3,練習 ノック 打球,3,3,0.0391,2367
3,練習 セカンド 守備,3,3,0.0391,2368
3,捕る 球体 勢,3,3,0.0391,2369
3,フェンス 顔面 強打,3,3,0.0391,2370
3,打つ ボール 目,3,3,0.0391,2371
3,顔面 直撃 歯,3,3,0.0391,2372
3,守備 飛ぶ くる,3,3,0.0391,2373
3,ライナー 性 打球,3,3,0.0391,2374
3,れる くる ボール,3,3,0.0391,2375
3,試合 ノック 練習,3,3,0.0391,2376
3,スパイク 顔面 当たる,3,3,0.0391,2377
3,チーム 選手 ドリブル,3,3,0.0391,2378
3,こむ くる 相手,3,3,0.0391,2379
3,頭部 前歯 当たる,3,3,0.0391,2380
3,練習 試合 ルーズボール,3,3,0.0391,2381
3,ルーズボール 取る 行く,3,3,0.0391,2382
3,形式 練習 ディフェンス,3,3,0.0391,2383
3,練習 ディフェンス 相手,3,3,0.0391,2384
3,顔面 強い ぶつかる,3,3,0.0391,2385
3,練習 相手 突き,3,3,0.0391,2386
3,顔 地面 強打,3,3,0.0391,2387
3,衝突 転倒 前歯,3,3,0.0391,2388
3,転倒 前歯 破る,3,3,0.0391,2389
3,転倒 顔面 頭部,3,3,0.0391,2390
3,通行人 発見 れる,3,3,0.0391,2391
3,振る 下ろす ラケット,3,3,0.0391,2392
3,自転車 ごと 転落,3,3,0.0391,2393
3,友達 遊ぶ 友達,3,3,0.0391,2394
3,床 口 強打,3,3,0.0391,2395
3,鬼ごっこ 追いかける られる,3,3,0.0391,2396
3,支援 学級 教室,3,3,0.0391,2397
3,終わる 教室 戻る,3,3,0.0391,2398
3,前歯 当たる 破る,3,3,0.0391,2400
3,当たる 破る 折,3,3,0.0391,2401
3,前歯 強い 当たる,3,3,0.0391,2402
3,当たる 前歯 抜ける,3,3,0.0391,2403
3,くる 男子 ぶつかる,3,3,0.0391,2404
3,くる ボール 口,3,3,0.0391,2405
3,投げる ボール バッター,3,3,0.0391,2406
3,部 裂傷 負う,3,3,0.0391,2407
3,宙返り 回る きれる,3,3,0.0391,2408
3,落下 しまう 顔面,3,3,0.0391,2409
3,形式 練習 ゴールキーパー,3,3,0.0391,2410
3,ゴール ポスト 顔面,3,3,0.0391,2411
3,シート ノック ボール,3,3,0.0391,2412
3,直接 歯 当たる,3,3,0.0391,2413
3,バット 当たる ボール,3,3,0.0391,2414
3,ボール 捕る 捕る,3,3,0.0391,2415
3,ボール きれる 顔面,3,3,0.0391,2416
3,ノック バウンド ボール,3,3,0.0391,2417
3,直接 口 当たる,3,3,0.0391,2418
3,打球 イレギュラー 顔面,3,3,0.0391,2419
3,部 直撃 前歯,3,3,0.0391,2420
3,接触 転倒 顔面,3,3,0.0391,2421
3,部 終了 部室,3,3,0.0391,2422
3,前のめり 倒れる 床,3,3,0.0391,2423
3,信号 ない 交差点,3,3,0.0391,2424
3,前輪 絡まる 前方,3,3,0.0391,2425
3,転倒 顔面 道路,3,3,0.0391,2426
3,自転車 転倒 顔面,3,3,0.0391,2427
3,衝突 転倒 頭部,3,3,0.0391,2428
3,滑る 顔面 落ちる,3,3,0.0391,2429
3,口 強打 前歯,3,3,0.0391,2430
3,体育館 移動 階段,3,3,0.0391,2431
3,ボール 打つ 振る,3,3,0.0391,2432
3,口 部 負傷,3,3,0.0391,2433
3,部 ボール 追いかける,3,3,0.0391,2434
3,上下 前歯 本,3,3,0.0391,2435
3,飛ぶ くる 前歯,3,3,0.0391,2436
3,歯 抜ける しまう,3,3,0.0391,2437
3,バランス 崩す 乗る,3,3,0.0391,2438
3,乗る しまう 転倒,3,3,0.0391,2439
3,部 当たる 歯,3,3,0.0391,2440
3,歯 折れる しまう,3,3,0.0391,2441
3,部 早朝 練習,3,3,0.0391,2442
3,くる 口 当たる,3,3,0.0391,2443
3,素振り バット 口,3,3,0.0391,2444
3,チーム 肘 口,3,3,0.0391,2445
3,教室 窓 外,3,3,0.0391,2446
3,窓 外 ひさし,3,3,0.0391,2447
3,形 倒れる こむ,3,3,0.0391,2448
3,強い ぶつかる 前歯,3,3,0.0391,2449
3,前のめり 転倒 地面,3,3,0.0391,2450
3,唇 前歯 負傷,3,3,0.0391,2451
3,滑る せる 前方,3,3,0.0391,2452
3,転倒 左側 頭部,3,3,0.0391,2453
3,ぶつかる くる 相手,3,3,0.0391,2454
3,側 飛ぶ くる,3,3,0.0391,2455
3,骨 骨折 歯牙,3,3,0.0391,2456
3,骨折 歯牙 脱臼,3,3,0.0391,2457
3,強い 打つ 歯,3,3,0.0391,2458
3,打つ 歯 折れる,3,3,0.0391,2459
3,ボール 当たる 打球,3,3,0.0391,2460
3,練習 フライ 捕る,3,3,0.0391,2461
3,打撃 練習 投げる,3,3,0.0391,2462
3,練習 ファースト 守る,3,3,0.0391,2463
3,練習 振る バット,3,3,0.0391,2464
3,折れる 口唇 切れる,3,3,0.0391,2465
3,ボール 持つ 手,3,3,0.0391,2466
3,ボール 奪う ボール,3,3,0.0391,2467
3,バック 転 練習,3,3,0.0391,2468
3,前歯 本 前歯,3,3,0.0391,2469
3,本 前歯 本,3,3,0.0391,2470
3,床 倒れる 顔面,3,3,0.0391,2471
3,走る くる 自転車,3,3,0.0391,2472
3,前歯 本 強打,3,3,0.0391,2473
3,地面 強打 歯,3,3,0.0391,2474
3,車道 歩道 段差,3,3,0.0391,2475
3,滑る しまう 転倒,3,3,0.0391,2476
3,床 顔面 打つ,3,3,0.0391,2477
3,転倒 顔面 倒れる,3,3,0.0391,2478
3,段 目 付近,3,3,0.0391,2479
3,強い 打ちつける 前歯,3,3,0.0391,2480
3,せる 転倒 顔面,3,3,0.0391,2482
3,口 当たる 上下,3,3,0.0391,2483
3,体育 祭 リレー,3,3,0.0391,2484
3,壁 顔面 強打,3,3,0.0391,2485
3,リレー 練習 走る,3,3,0.0391,2486
3,顔 床 ぶつける,3,3,0.0391,2487
3,床 ぶつける 歯,3,3,0.0391,2488
3,顧問 ボール 打つ,3,3,0.0391,2489
3,状態 自転車 ごと,3,3,0.0391,2490
3,しまう 顔面 強打,3,3,0.0391,2491
3,形式 練習 チームメイト,3,3,0.0391,2492
3,強い ぶつける 前歯,3,3,0.0391,2493
3,取る 行く ボール,3,3,0.0391,2494
3,場 体育 祭,3,3,0.0391,2495
3,試合 ドリブル 相手,3,3,0.0391,2496
3,ドリブル 相手 選手,3,3,0.0391,2497
3,ボール 奪う 行く,3,3,0.0391,2498
3,直接 ボール 当たる,3,3,0.0391,2499
3,口元 直撃 前歯,3,3,0.0391,2500
3,部 練習 ピッチャー,3,3,0.0391,2501
3,練習 試合 デッドボール,3,3,0.0391,2502
3,顔面 前歯 負傷,3,3,0.0391,2503
3,ゴロ 捕る ボール,3,3,0.0391,2504
3,ノック 打球 イレギュラー,3,3,0.0391,2505
3,ボール 口 部,3,3,0.0391,2506
3,行く 相手 チーム,3,3,0.0391,2507
3,キャッチャー バッター 振る,3,3,0.0391,2508
3,バッター 振る 抜く,3,3,0.0391,2509
3,床 倒れる 前歯,3,3,0.0391,2510
3,手 つく 手,3,3,0.0391,2511
3,つく 手 滑る,3,3,0.0391,2512
3,れる 振り回す れる,3,3,0.0391,2513
3,割れる 前腕 部,3,3,0.0391,2514
3,強い ぶつける しまう,3,3,0.0391,2515
3,前額 部 鼻,3,3,0.0391,2516
3,操作 誤り 転倒,3,3,0.0391,2517
3,体育 プール 飛び込み,3,3,0.0391,2518
3,床 歯 強い,3,3,0.0391,2519
3,手 つける 顔面,3,3,0.0391,2520
3,ゲーム 相手 選手,3,3,0.0391,2521
3,口 出血 歯,3,3,0.0391,2522
3,大会 試合 ゴールキーパー,3,3,0.0391,2523
3,取る 相手 チーム,3,3,0.0391,2524
3,顔面 当たる しまう,3,3,0.0391,2525
3,練習 試合 打つ,3,3,0.0391,2526
3,振る バット 口,3,3,0.0391,2527
3,正面 衝突 顔面,3,3,0.0391,2528
3,当たる 上下 前歯,3,3,0.0391,2529
3,口 ぶつかる 前歯,3,3,0.0391,2530
3,ジャンプ 着地 相手,3,3,0.0391,2531
3,顎 歯 負傷,3,3,0.0391,2532
3,相手 選手 スティック,3,3,0.0391,2533
3,崩す 顔 転倒,3,3,0.0391,2534
3,顔 転倒 前歯,3,3,0.0391,2535
3,部 強い 打ちつける,3,3,0.0391,2536
3,自転車 前輪 絡まる,3,3,0.0391,2537
3,前方 倒れる 階段,3,3,0.0391,2538
3,休憩 時間 図書,3,3,0.0391,2539
3,時間 図書 室,3,3,0.0391,2540
3,降りる 途中 足,3,3,0.0391,2541
3,リレー 練習 バトン,3,3,0.0391,2542
3,練習 バトン 渡す,3,3,0.0391,2543
3,打つ バット 振る,3,3,0.0391,2544
3,卒業 式 練習,3,3,0.0391,2545
3,守る バッター 打つ,3,3,0.0391,2546
3,前方 倒れる 顔面,3,3,0.0391,2547
3,ふざける 合う 相手,3,3,0.0391,2548
3,部 当たり 負傷,3,3,0.0391,2549
3,体育館 準備 運動,3,3,0.0391,2550
3,教室 文化 祭,3,3,0.0391,2551
3,強打 歯 折れる,3,3,0.0391,2552
3,相手 チーム 打つ,3,3,0.0391,2553
3,サード 守備 練習,3,3,0.0391,2554
3,ボール 投げる 打球,3,3,0.0391,2555
3,ボール トス バッター,3,3,0.0391,2556
3,トス バッター 打つ,3,3,0.0391,2557
3,部 外野 手,3,3,0.0391,2558
3,試合 相手 打つ,3,3,0.0391,2559
3,レシーブ 練習 ボール,3,3,0.0391,2560
3,床 ぶつける しまう,3,3,0.0391,2561
3,歯 欠ける しまう,3,3,0.0391,2562
3,接触 転倒 地面,3,3,0.0391,2563
3,部 終わる 自転車,3,3,0.0391,2564
3,終わる 自転車 下校,3,3,0.0391,2565
3,顔面 地面 打ち付ける,3,3,0.0391,2566
3,触れる バランス 崩す,3,3,0.0391,2567
3,手 滑る 飛ぶ,3,3,0.0391,2568
3,追う かけっこ 走る,3,3,0.0391,2569
3,引っ掛かる 前のめり 転倒,3,3,0.0391,2570
3,ラケット 振る ラケット,3,3,0.0391,2571
3,部 野球 練習,3,3,0.0391,2572
3,バスケットボール 部 部,3,3,0.0391,2573
3,体育 グラウンド サッカー,3,3,0.0391,2574
3,てんかん 発作 起こす,3,3,0.0391,2575
3,床 強い ぶつける,3,3,0.0391,2576
3,縁石 顔面 強打,3,3,0.0391,2577
3,部 部 ヘディング,3,3,0.0391,2578
3,合宿 日 目,3,3,0.0391,2579
3,投手 牽制 球,3,3,0.0391,2580
3,ネット 支柱 当たる,3,3,0.0391,2581
3,場 外野 守備,3,3,0.0391,2582
3,練習 高い 上がる,3,3,0.0391,2583
3,部 部 グラウンド,3,3,0.0391,2584
3,グラウンド 試合 形式,3,3,0.0391,2585
3,練習 場 打撃,3,3,0.0391,2586
3,部 部 体育館,3,3,0.0391,2587
3,相手 選手 衝突,3,3,0.0391,2588
3,顔面 打ち付ける 前歯,3,3,0.0391,2590
3,自転車 登校 スピード,3,3,0.0391,2591
3,登校 スピード 出す,3,3,0.0391,2592
3,登校 雨 降る,3,3,0.0391,2593
3,自転車 下校 坂道,3,3,0.0391,2594
3,押す バランス 崩す,3,3,0.0391,2595
3,転倒 床 口,3,3,0.0391,2596
3,友人 一緒 下校,3,3,0.0391,2597
3,倒れる こむ くる,3,3,0.0391,2598
3,通学 路 坂道,3,3,0.0391,2599
3,背中 手 つく,3,3,0.0391,2600
3,地面 強い ぶつける,3,3,0.0391,2601
3,ソフトボール 練習 ボール,3,3,0.0391,2602
3,部 部 運動,3,3,0.0391,2603
3,廊下 雑巾 がけ,3,3,0.0391,2604
3,練習 校舎 内,3,3,0.0391,2605
3,校舎 内 階段,3,3,0.0391,2606
3,チーム 選手 シュート,3,3,0.0391,2607
3,遊ぶ 足 すべる,3,3,0.0391,2608
3,向かう 途中 廊下,3,3,0.0391,2609
3,サッカー 相手 ボール,3,3,0.0391,2610
3,顔面 膝 蹴る,3,3,0.0391,2611
3,打撃 練習 打者,3,3,0.0391,2612
3,切れる 前歯 本,3,3,0.0391,2613
3,ボール イレギュラー 顔面,3,3,0.0391,2614
3,くる 顔面 当たる,3,3,0.0391,2615
3,練習 試合 セカンド,3,3,0.0391,2616
3,試合 セカンド 守備,3,3,0.0391,2617
3,立つ 投手 投げる,3,3,0.0391,2618
3,バレーボール 部 レシーブ,3,3,0.0391,2619
3,頭部 顔面 強い,3,3,0.0391,2620
3,転倒 顎 強打,3,3,0.0391,2621
3,体育 祭 応援,3,3,0.0391,2622
3,雨 降る 路面,3,3,0.0391,2623
3,転倒 顎 部,3,3,0.0391,2624
3,ひっかかる 転倒 顔面,3,3,0.0391,2625
3,朝 会 始まる,3,3,0.0391,2626
3,ラケット 顔 当たる,3,3,0.0391,2627
3,練習 ボール 追いかける,3,3,0.0391,2628
3,振る バット 顔面,3,3,0.0391,2629
3,バランス 崩す 手すり,3,3,0.0391,2630
3,校舎 階 廊下,3,3,0.0391,2631
3,振る 終える バット,3,3,0.0391,2632
3,バット 当たる しまう,3,3,0.0391,2633
3,裂傷 れっする 負う,3,3,0.0391,2634
3,スリップ 転倒 顔面,3,3,0.0391,2635
3,顔 当たる 鼻,3,3,0.0391,2636
3,ソフトボール 試合 塁,3,3,0.0391,2637
3,試合 塁 塁,3,3,0.0391,2638
3,ボール 回し 練習,3,3,0.0391,2639
3,部 練習 ネット,3,3,0.0391,2640
3,外野 ノック ボール,3,3,0.0391,2641
3,野球 部 参加,3,3,0.0391,2642
3,守備 打球 イレギュラーバウンド,3,3,0.0391,2643
3,太陽 重なる ボール,3,3,0.0391,2644
3,練習 試合 レシーブ,3,3,0.0391,2645
3,走る 止まる きれる,3,3,0.0391,2646
3,試合 相手 接触,3,3,0.0391,2647
3,部 部 試合,3,3,0.0391,2648
3,歯 強打 負傷,3,3,0.0391,2649
3,柔道 場 乱取り,3,3,0.0391,2650
3,乱取り 練習 相手,3,3,0.0391,2651
3,自転車 下校 雨,3,3,0.0391,2652
3,友人 自転車 接触,3,3,0.0391,2653
3,自転車 ごと 前方,3,3,0.0391,2654
3,ごと 前方 倒れる,3,3,0.0391,2655
3,下りる 足 滑る,3,3,0.0391,2656
3,体育 運動会 練習,3,3,0.0391,2657
3,床 強打 歯,3,3,0.0391,2658
3,腕 つかむ れる,3,3,0.0391,2659
3,倒れる 床 顔,3,3,0.0391,2660
3,体育 バスケットボール ゲーム,3,3,0.0391,2661
3,バスケットボール ゲーム ボール,3,3,0.0391,2662
3,バスケットボール ボール 取る,3,3,0.0391,2663
3,ブレーキ かける スリップ,3,3,0.0391,2664
3,部 終了 自転車,3,3,0.0391,2665
3,床 濡れる 足,3,3,0.0391,2666
3,守備 つく 打球,3,3,0.0391,2667
3,バッティング ピッチャー バッター,3,3,0.0391,2668
3,顔面 ボール 直撃,3,3,0.0391,2669
3,野球 場 練習,3,3,0.0391,2670
3,ノック 練習 ノック,3,3,0.0391,2671
3,捕る ボール イレギュラー,3,3,0.0391,2672
3,体 バランス 崩れる,3,3,0.0391,2673
3,衝突 相手 頭,3,3,0.0391,2674
3,部 練習 選手,3,3,0.0391,2675
3,試合 他校 体育館,3,3,0.0391,2676
3,道路 つまずく 転倒,3,3,0.0391,2677
3,崩す 転倒 転倒,3,3,0.0391,2678
3,教室 帰る くる,3,3,0.0391,2679
3,友人 人 下校,3,3,0.0391,2680
3,顔 打つ 歯,3,3,0.0391,2681
3,顔 相手 頭,3,3,0.0391,2682
3,フライ 捕る ボール,3,3,0.0391,2683
3,ボール 取る 転倒,3,3,0.0391,2684
3,ぶつかる 歯 欠ける,3,3,0.0391,2685
3,サッカー 試合 シュート,3,3,0.0391,2686
3,バット 手 放す,3,3,0.0391,2687
3,部 練習 バント,3,3,0.0391,2688
3,バント 練習 バント,3,3,0.0391,2689
3,野球 バッティング 練習,3,3,0.0391,2690
3,頭 顔 当たる,3,3,0.0391,2691
3,部 終了 下校,3,3,0.0391,2692
3,滑る 前のめり 転倒,3,3,0.0391,2693
3,体育 体育 祭,3,3,0.0391,2694
3,体育 祭 棒引き,3,3,0.0391,2695
3,ぶつける 前歯 破る,3,3,0.0391,2696
3,転倒 顔面 右手,3,3,0.0391,2697
3,体操 部 鉄棒,3,3,0.0391,2698
3,捕る 球 イレギュラーバウンド,3,3,0.0391,2699
3,打球 捕る ボール,3,3,0.0391,2700
3,練習 ボール イレギュラー,3,3,0.0391,2701
3,他校 グラウンド 野球,3,3,0.0391,2702
3,試合 三塁 守備,3,3,0.0391,2703
3,部 練習 他校,3,3,0.0391,2704
3,部 練習 内野,3,3,0.0391,2705
3,相手 額 ぶつかる,3,3,0.0391,2706
3,床 後頭部 打つ,3,3,0.0391,2707
3,相手 背負い投げ 技,3,3,0.0391,2708
3,前輪 接触 転倒,3,3,0.0391,2709
3,体育館 ドッジボール 試合,3,3,0.0391,2710
3,友人 投げる ボール,3,3,0.0391,2711
3,追いかける られる 逃げる,3,3,0.0391,2712
3,時間 廊下 鬼ごっこ,3,3,0.0391,2713
3,時間 友人 鉄棒,3,3,0.0391,2714
3,地面 強打 前歯,3,3,0.0391,2715
3,顔面 地面 落下,3,3,0.0391,2716
3,休憩 時間 グラウンド,3,3,0.0391,2717
3,顔面 激突 前歯,3,3,0.0391,2718
3,キーパー シュート れる,3,3,0.0391,2719
3,滑る 顔面 転倒,3,3,0.0391,2720
3,顔面 転倒 前歯,3,3,0.0391,2721
3,身体 支える きれる,3,3,0.0391,2722
3,転落 前歯 破る,3,3,0.0391,2723
3,骨 骨折 前歯,3,3,0.0391,2724
3,走る ボール 取る,3,3,0.0391,2725
3,試合 ボール ヘディング,3,3,0.0391,2726
3,守備 ゴロ 捕る,3,3,0.0391,2727
3,ボール 地面 バウンド,3,3,0.0391,2728
3,投げる ボール 口,3,3,0.0391,2729
3,自転車 下校 前輪,3,3,0.0391,2730
3,くる ぶつかる 転倒,3,3,0.0391,2731
3,抜ける 歯 歯科,3,3,0.0391,2732
3,ドッジボール 試合 ボール,3,3,0.0391,2733
3,体育館 体育 祭,3,3,0.0391,2734
3,ぶつける 歯 歯科,3,3,0.0391,2735
3,部 練習 部室,3,3,0.0391,2736
3,転落 思う れる,3,3,0.0391,2737
3,紅白 戦 ボール,3,3,0.0391,2738
3,転倒 歯 歯科,3,3,0.0391,2739
3,競り合う バランス 崩す,3,3,0.0391,2740
3,サッカー 部 遠征,3,3,0.0391,2741
3,部 大会 試合,3,3,0.0391,2742
3,ボール 入れる 打ち返す,3,3,0.0391,2743
3,入れる 打ち返す れる,3,3,0.0391,2744
3,運動 場 キャッチボール,3,3,0.0391,2745
3,キャッチャー 投げる ボール,3,3,0.0391,2746
3,ボール 捕る 走る,3,3,0.0391,2747
3,打ちつける 歯 歯科,3,3,0.0391,2748
3,特定 時間 校門,3,3,0.0391,2749
3,顎 地面 強打,3,3,0.0391,2750
3,自転車 ごと 落ち,3,3,0.0391,2751
3,前輪 絡まる 転倒,3,3,0.0391,2752
3,園 庭 鉄棒,3,3,0.0391,2753
3,特定 時間 校舎,3,3,0.0391,2754
3,マット 運動 前方,3,3,0.0391,2755
3,追いかける られる 廊下,3,3,0.0391,2756
3,飛ぶ いく ボール,3,3,0.0391,2757
3,相手 チーム キック,3,3,0.0391,2758
3,強打 救急 車,3,3,0.0391,2759
3,練習 マシン 出る,3,3,0.0391,2760
3,顔 瘢痕 残る,3,3,0.0391,2761
3,地面 打つ 負傷,3,3,0.0391,2762
3,顔 強打 負傷,3,3,0.0391,2763
3,振る ゴルフ クラブ,3,3,0.0391,2764
3,タイヤ はまる 転倒,3,3,0.0391,2765
3,場 ハンドボール 試合,3,3,0.0391,2766
3,体育館 バレーボール 試合,3,3,0.0391,2767
3,部 試合 打席,3,3,0.0391,2768
3,運動 場 ファースト,3,3,0.0391,2769
3,運動 場 送球,3,3,0.0391,2770
3,直撃 前歯 欠損,3,3,0.0391,2771
3,ノック 捕る 球,3,3,0.0391,2772
3,搬送 れる 前歯,3,3,0.0391,2773
3,当たる 前歯 欠損,3,3,0.0391,2774
3,打球 顔 当たる,3,3,0.0391,2775
3,持つ 相手 チーム,3,3,0.0391,2776
3,時間 トイレ 行く,3,3,0.0391,2777
3,顔 直撃 前歯,3,3,0.0391,2778
3,体育館 バドミントン ダブルス,3,3,0.0391,2779
3,ちょっかい かける られる,3,3,0.0391,2780
3,ゴールキーパー 相手 チーム,3,3,0.0391,2781
3,治療 歯科 補綴,3,3,0.0391,2782
3,直撃 受診 治療,3,3,0.0391,2783
3,治療 前歯 脱臼,3,3,0.0391,2784
3,口元 負傷 救急,3,3,0.0391,2785
3,練習 守備 フライ,3,3,0.0391,2786
3,部 シュート ボール,3,3,0.0391,2787
3,チアリーディング 部 体育館,3,3,0.0391,2788
3,顔面 打ち付ける 負傷,3,3,0.0391,2789
3,顔 打つ 負傷,3,3,0.0391,2790
3,ポート ボール ボール,3,3,0.0391,2792
3,当たる 頬 切る,3,3,0.0391,2793
3,飛ぶ くる 前額,3,3,0.0391,2794
3,くる 前額 部,3,3,0.0391,2795
3,メートル 高い さ,3,3,0.0391,2796
3,清掃 時間 友人,3,3,0.0391,2797
3,時間 友人 追う,3,3,0.0391,2798
3,部 下腿 部,3,3,0.0391,2799
3,トイレ 行く 廊下,3,3,0.0391,2800
3,窓 閉める 窓,3,3,0.0391,2801
3,ガラス 割れる 顔面,3,3,0.0391,2802
3,割れる 顔面 負傷,3,3,0.0391,2803
3,のべる く 飴,3,3,0.0391,2804
3,く 飴 作り,3,3,0.0391,2805
3,修学旅行 日 目,3,3,0.0391,2806
3,遊戯 施設 遊ぶ,3,3,0.0391,2807
3,ガラス 戸 ぶつかる,3,3,0.0391,2808
3,教室 戻る 昇降,3,3,0.0391,2809
3,時間 教室 戻る,3,3,0.0391,2810
3,戻る 廊下 走る,3,3,0.0391,2811
3,角 額 強打,3,3,0.0391,2812
3,友人 投げる 筆箱,3,3,0.0391,2813
3,額 打ち付ける 負傷,3,3,0.0391,2814
3,追う かけっこ 廊下,3,3,0.0391,2815
3,ガラス 戸 激突,3,3,0.0391,2816
3,転倒 左腕 地面,3,3,0.0391,2817
3,追う かけっこ 教室,3,3,0.0391,2818
3,ガラス 手首 切る,3,3,0.0391,2819
3,部 膝 部,3,3,0.0391,2820
3,転倒 手 つける,3,3,0.0391,2821
3,割れる ガラス 負傷,3,3,0.0391,2822
3,飛び込み 転 練習,3,3,0.0391,2823
3,角 額 強い,3,3,0.0391,2824
3,体勢 崩す 転倒,3,3,0.0391,2825
3,滑る せる 落ちる,3,3,0.0391,2826
3,崩す 転倒 顎,3,3,0.0391,2827
3,保育 室 ブロック,3,3,0.0391,2828
3,遊ぶ 木 枝,3,3,0.0391,2829
3,怒る 本 児,3,3,0.0391,2830
3,友人 ぶつかる 友人,3,3,0.0391,2831
3,学級 楽しみ 会,3,3,0.0391,2832
3,鉄棒 上がり 練習,3,3,0.0391,2833
3,ガラス 顔面 切る,3,3,0.0391,2834
3,陸上 記録 会,3,3,0.0391,2835
3,ひっかく れる 頬,3,3,0.0391,2836
3,追う かけっこ トイレ,3,3,0.0391,2837
3,走る くる 上級生,3,3,0.0391,2838
3,友人 ドア 閉める,3,3,0.0391,2839
3,追う かけっこ 友人,3,3,0.0391,2840
3,着地 失敗 転倒,3,3,0.0391,2841
3,左腕 体重 かかる,3,3,0.0391,2842
3,鬼ごっこ 鬼 タッチ,3,3,0.0391,2843
3,用 机 角,3,3,0.0391,2844
3,角 顎 打つ,3,3,0.0391,2845
3,頬 引っかく れる,3,3,0.0391,2846
3,引っかく れる 傷,3,3,0.0391,2847
3,石 投げる 合う,3,3,0.0391,2848
3,投げる 石 眼,3,3,0.0391,2849
3,投げる 額 当たる,3,3,0.0391,2850
3,頭 顔面 負傷,3,3,0.0391,2851
3,友人 人 校庭,3,3,0.0391,2852
3,教室 出る 廊下,3,3,0.0391,2853
3,ぶつける ㎝ 切る,3,3,0.0391,2854
3,柱 頭部 ぶつける,3,3,0.0391,2855
3,眼 付近 強打,3,3,0.0391,2856
3,けんか 頬 ひっかく,3,3,0.0391,2857
3,割れる 左腕 切る,3,3,0.0391,2858
3,ふざける 背中 押す,3,3,0.0391,2859
3,戸 ガラス 部分,3,3,0.0391,2860
3,鬼ごっこ 走る くる,3,3,0.0391,2861
3,つく 方 悪い,3,3,0.0391,2862
3,割れる 破片 顔,3,3,0.0391,2863
3,割れる ガラス 前腕,3,3,0.0391,2864
3,ガラス 部分 押す,3,3,0.0391,2865
3,蹴る ガラス 割れる,3,3,0.0391,2866
3,球技 大会 ドッジボール,3,3,0.0391,2867
3,練習 試合 一塁,3,3,0.0391,2868
3,降りる 足 踏み外す,3,3,0.0391,2869
3,ぶつける 切 創,3,3,0.0391,2870
3,付 自転車 登校,3,3,0.0391,2871
3,衝突 相手 歯,3,3,0.0391,2872
3,遊具 遊ぶ 遊具,3,3,0.0391,2873
3,爪 本 児,3,3,0.0391,2874
3,打者 打つ バット,3,3,0.0391,2875
3,ぶつかる 頬 切れる,3,3,0.0391,2876
3,強い 接触 負傷,3,3,0.0391,2877
3,行く ドア 開ける,3,3,0.0391,2878
3,ガラス 部分 右手,3,3,0.0391,2879
3,くる 衝突 勢い,3,3,0.0391,2880
3,角 額 切る,3,3,0.0391,2881
3,たたく ガラス 割れる,3,3,0.0391,2882
3,ガラス 割れる 負傷,3,3,0.0391,2883
3,運動 場 一輪車,3,3,0.0391,2884
3,窓 ガラス 右腕,3,3,0.0391,2885
3,前腕 部 負傷,3,3,0.0391,2886
3,運動 場 脇,3,3,0.0391,2887
3,運動 場 固定,3,3,0.0391,2888
3,体 支える 右手,3,3,0.0391,2889
3,ネット かける フック,3,3,0.0391,2890
3,前額 部 打つ,3,3,0.0391,2891
3,ガラス 両手 突っ込む,3,3,0.0391,2892
3,バスケットボール 試合 味方,3,3,0.0391,2893
3,ガラス 腕 突っ込む,3,3,0.0391,2894
3,バット 額 当たる,3,3,0.0391,2895
3,チーム 選手 タックル,3,3,0.0391,2896
3,遊ぶ つまずく 転倒,3,3,0.0391,2897
3,額 ぶつける 裂傷,3,3,0.0391,2898
3,おる 本 児,3,3,0.0391,2899
3,蹴る れる 倒れる,3,3,0.0391,2900
3,ガラス 手 当たる,3,3,0.0391,2901
3,当たる 割れる 破片,3,3,0.0391,2902
3,桜 木 登る,3,3,0.0391,2903
3,顔面 膝 負傷,3,3,0.0391,2904
3,窓 ガラス たたく,3,3,0.0391,2906
3,バランス 崩す 台,3,3,0.0391,2907
3,けんか 相手 爪,3,3,0.0391,2908
3,鬼ごっこ 走る 逃げる,3,3,0.0391,2909
3,ガラス 割れる 割れる,3,3,0.0391,2910
3,顔面 ぶつける 割れる,3,3,0.0391,2911
3,くる 押す れる,3,3,0.0391,2912
3,持つ 木 枝,3,3,0.0391,2913
3,走る 教室 入る,3,3,0.0391,2914
3,引っかく れる 負傷,3,3,0.0391,2915
3,教室 廊下 友人,3,3,0.0391,2916
3,部分 巻き込む れる,3,3,0.0391,2917
3,ボール 競り合う 相手,3,3,0.0391,2918
3,飛ぶ くる 当たる,3,3,0.0391,2919
3,逃げる バランス 崩す,3,3,0.0391,2920
3,つまずく 転倒 額,3,3,0.0391,2921
3,割れる ガラス 額,3,3,0.0391,2922
3,本 児 額,3,3,0.0391,2923
3,バランス 崩す 左手,3,3,0.0391,2924
3,走る 朝礼 台,3,3,0.0391,2925
3,転倒 朝礼 台,3,3,0.0391,2926
3,病院 受診 勧める,3,3,0.0391,2927
3,受診 勧める られる,3,3,0.0391,2928
3,割れる ガラス 破片,3,3,0.0391,2929
3,飛び降りる バランス 崩す,3,3,0.0391,2930
3,遊ぶ 蹴る ボール,3,3,0.0391,2931
3,つま づく 転ぶ,3,3,0.0391,2932
3,車 病院 運ぶ,3,3,0.0391,2933
3,上腕 骨 骨折,3,3,0.0391,2934
3,前腕 切 創,3,3,0.0391,2935
3,床 後頭部 強打,3,3,0.0391,2936
3,練習 トス 上げる,3,3,0.0391,2937
3,練習 バッティングマシーン ボール,3,3,0.0391,2938
3,ボール 防御 ネット,3,3,0.0391,2939
3,ネット 張る 作業,3,3,0.0391,2940
3,いく 救急 車,3,3,0.0391,2941
3,救急 車 運ぶ,3,3,0.0391,2942
3,車 運ぶ れる,3,3,0.0391,2943
3,転倒 顔面 眼,3,3,0.0391,2944
3,顔面 眼 部,3,3,0.0391,2945
3,顔 引っ掻く れる,3,3,0.0391,2946
3,ｃｍ ひっかく 傷,3,3,0.0391,2947
3,ひっかく 傷 負う,3,3,0.0391,2948
3,児 頬 引っ掻く,3,3,0.0391,2949
3,本 児 ままごと,3,3,0.0391,2950
3,バランス 崩す しまう,3,3,0.0391,2951
3,角 顔面 強打,3,3,0.0391,2952
3,持つ 手 滑る,3,3,0.0391,2953
3,クラブ 理科 室,3,3,0.0391,2954
3,机 移動 せる,3,3,0.0391,2955
3,余る 窓 ガラス,3,3,0.0391,2956
3,場 教室 戻る,3,3,0.0391,2958
3,ガラス 割れる しまう,3,3,0.0391,2959
3,扉 ガラス 部分,3,3,0.0391,2960
3,職場 体験 学習,3,3,0.0391,2961
3,顔 当たる 頬,3,3,0.0391,2962
3,足 ひっかける 転倒,3,3,0.0391,2963
3,本 児 相手,3,3,0.0391,2964
3,運動 場 遊具,3,3,0.0391,2965
3,時間 教室 自席,3,3,0.0391,2966
3,頬 当たる 頬,3,3,0.0391,2967
3,接触 転倒 肘,3,3,0.0391,2968
3,角 顔 ぶつける,3,3,0.0391,2969
3,投球 れる ボール,3,3,0.0391,2970
3,練習 試合 ピッチャー,3,3,0.0391,2971
3,眼 当たる まぶた,3,3,0.0391,2972
3,靴 履く 替える,3,3,0.0391,2973
3,走る 転倒 額,3,3,0.0391,2974
3,遊ぶ 手 離す,3,3,0.0391,2975
3,休憩 時間 ブランコ,3,3,0.0391,2976
3,押す れる 壁,3,3,0.0391,2977
3,昼休み 廊下 友人,3,3,0.0391,2979
3,右足 ふく ら,3,3,0.0391,2980
3,部 部 校庭,3,3,0.0391,2981
3,練習 体育館 床,3,3,0.0391,2982
3,バランス 崩す 右手,3,3,0.0391,2983
3,バレーボール 部 準備,3,3,0.0391,2984
3,滑る 転倒 左手,3,3,0.0391,2985
3,額 切る しまう,3,3,0.0391,2986
3,時間 サッカー ボール,3,3,0.0391,2987
3,大腿 部 強打,3,3,0.0391,2988
3,部 強打 負傷,3,3,0.0391,2989
3,転落 考える られる,3,3,0.0391,2990
3,ぶら下がる 手 滑る,3,3,0.0391,2991
3,バランス 崩す 回転,3,3,0.0391,2992
3,室 自由 遊び,3,3,0.0391,2993
3,園 庭 遊具,3,3,0.0391,2994
3,くる 友人 ぶつかる,3,3,0.0391,2995
3,運動 場 年生,3,3,0.0391,2996
3,うし ろ 側,3,3,0.0391,2997
3,体重 かかる 肘,3,3,0.0391,2998
3,地面 落下 左腕,3,3,0.0391,2999
3,休憩 時間 昇降,3,3,0.0391,3000
3,ふざける 合う 友人,3,3,0.0391,3001
3,追いかける うし ろ,3,3,0.0391,3002
3,部 練習 外,3,3,0.0391,3003
3,バランス 崩す 頭部,3,3,0.0391,3004
3,倒れる 大腿 部,3,3,0.0391,3005
3,自転車 前輪 接触,3,3,0.0391,3006
3,体育 ソフトボール 守備,3,3,0.0391,3007
3,転倒 床 肘,3,3,0.0391,3008
3,裂創 れる く,3,3,0.0391,3009
3,場 鬼ごっこ 逃げる,3,3,0.0391,3010
3,相手 歯 ほお,3,3,0.0391,3011
3,遊ぶ 鬼 逃げる,3,3,0.0391,3012
3,ガラス 割れる 下腿,3,3,0.0391,3013
3,崩す 前方 倒れる,3,3,0.0391,3014
3,前額 部 打ち付ける,3,3,0.0391,3015
3,強い 力 加わる,3,3,0.0391,3016
3,友人 じゃれる 合う,3,3,0.0391,3017
3,教室 後方 友人,3,3,0.0391,3018
3,ふざける あう 友人,3,3,0.0391,3019
3,滑る 転倒 膝,3,3,0.0391,3020
3,マット 運動 跳ぶ,3,3,0.0391,3021
3,転倒 うし ろ,3,3,0.0391,3022
3,場 柔道 部,3,3,0.0391,3023
3,通学 路 登校,3,3,0.0391,3024
3,体育 サッカー ミニゲーム,3,3,0.0391,3025
3,転倒 膝 捻る,3,3,0.0391,3026
3,転倒 相手 選手,3,3,0.0391,3027
3,あおる れる バランス,3,3,0.0391,3028
3,近く 本 児,3,3,0.0391,3029
3,時限 体育 体育館,3,3,0.0391,3030
3,練習 段 タワー,3,3,0.0391,3031
3,友人 ぶつかる 転ぶ,3,3,0.0391,3032
3,時間 終了 間際,3,3,0.0391,3033
3,友人 爪 顔,3,3,0.0391,3034
3,つく 割れる ガラス,3,3,0.0391,3035
3,転倒 右腕 強打,3,3,0.0391,3036
3,突っ込む ガラス 割れる,3,3,0.0391,3037
3,ランドセル 押す れる,3,3,0.0391,3038
3,ドア ガラス 割れる,3,3,0.0391,3039
3,車 要請 病院,3,3,0.0391,3040
3,遊ぶ 園 庭,3,3,0.0391,3041
3,負荷 かかる 負傷,3,3,0.0391,3042
3,場 準備 運動,3,3,0.0391,3043
3,唇 貫通 創,3,3,0.0391,3044
3,部 練習 コート,3,3,0.0391,3045
3,休憩 時間 クラスメイト,3,3,0.0391,3046
3,階 教室 ベランダ,3,3,0.0391,3047
3,れる 転倒 顔,3,3,0.0391,3048
3,テニス ボール 拾う,3,3,0.0391,3049
3,体育館 シュート 練習,3,3,0.0391,3050
3,手 つく 肘,3,3,0.0391,3051
3,サッカー 遊ぶ 友人,3,3,0.0391,3052
3,眼 周辺 直撃,3,3,0.0391,3053
3,崩す 転倒 左手,3,3,0.0391,3054
3,団体 戦 試合,3,3,0.0391,3055
3,回転 刃 巻き込む,3,3,0.0391,3056
3,切れる 醜状 瘢痕,3,3,0.0391,3057
3,友人 爪 ほお,3,3,0.0391,3058
3,ほお 当たる 醜状,3,3,0.0391,3059
3,バランス 崩す 窓,3,3,0.0391,3060
3,崩す 窓 ガラス,3,3,0.0391,3061
3,追いかける られる 走る,3,3,0.0391,3062
3,時間 友人 鬼ごっこ,3,3,0.0391,3063
3,前額 部 醜状,3,3,0.0391,3064
3,遊ぶ 反対 側,3,3,0.0391,3065
3,挫創 醜状 瘢痕,3,3,0.0391,3066
3,特定 時間 玄関,3,3,0.0391,3067
3,頭蓋骨 陥没 骨折,3,3,0.0391,3068
3,友人 手 持つ,3,3,0.0391,3069
3,バスケットボール 試合 形式,3,3,0.0391,3070
3,ドア ガラス 手,3,3,0.0391,3071
3,試合 スパイク 打つ,3,3,0.0391,3072
3,スパイク 打つ 着地,3,3,0.0391,3073
3,脚長 差 残存,3,3,0.0391,3074
3,机 天 板,3,3,0.0391,3075
3,体育 祭 騎馬,3,3,0.0391,3076
3,祭 騎馬 戦,3,3,0.0391,3077
3,尺 骨 神経,3,3,0.0391,3078
3,部 練習 自転車,3,3,0.0391,3079
3,顔面 醜状 瘢痕,3,3,0.0391,3080
3,肘 体重 かかる,3,3,0.0391,3081
3,肘 関節 脱臼,3,3,0.0391,3082
3,骨折 手術 肘,3,3,0.0391,3083
3,負傷 鼻 部,3,3,0.0391,3084
3,鼻 部 線,3,3,0.0391,3085
3,負う 器質 性,3,3,0.0391,3086
3,生活 科 運動,3,3,0.0391,3087
3,科 運動 場,3,3,0.0391,3088
3,運動 場 たこ,3,3,0.0391,3089
3,場 たこ 揚げ,3,3,0.0391,3090
3,頭 眼 当たる,3,3,0.0391,3091
3,頬 部 感覚,3,3,0.0391,3092
3,正面 衝突 眼,3,3,0.0391,3093
3,左上 眼 ける,3,3,0.0391,3094
3,時間 教室 遊ぶ,3,3,0.0391,3095
3,教室 ドア ガラス,3,3,0.0391,3096
3,状 痕 肘,3,3,0.0391,3097
3,部 負傷 手術,3,3,0.0391,3098
3,体育 祭 向ける,3,3,0.0391,3099
3,右足 関節 疼痛,3,3,0.0391,3100
3,運動 場 ネット,3,3,0.0391,3101
3,強打 複 視,3,3,0.0391,3102
3,バッター 打ち返す ボール,3,3,0.0391,3104
3,球 ネット 設置,3,3,0.0391,3105
3,打球 ネット 隙間,3,3,0.0391,3106
3,肘 部 瘢痕,3,3,0.0391,3107
3,膝 地面 ぶつける,3,3,0.0391,3108
3,口 部 線,3,3,0.0391,3109
3,転倒 膝 地面,3,3,0.0391,3110
3,顔 線 状,3,3,0.0391,3111
3,下肢 瘢痕 残る,3,3,0.0391,3112
3,遊ぶ 友人 爪,3,3,0.0391,3113
3,頬 瘢痕 残る,3,3,0.0391,3114
3,時間 体育館 バスケットボール,3,3,0.0391,3115
3,れる 手術 左上,3,3,0.0391,3116
3,肢 線 状,3,3,0.0391,3117
3,着地 失敗 肘,3,3,0.0391,3118
3,マット 運動 ハンド,3,3,0.0391,3119
3,運動 ハンド スプリング,3,3,0.0391,3120
3,瘢痕 線 状,3,3,0.0391,3121
3,部 負傷 救急,3,3,0.0391,3122
3,膝 瘢痕 残る,3,3,0.0391,3123
3,れる 手術 下腿,3,3,0.0391,3124
3,肘 手術 瘢痕,3,3,0.0391,3125
3,移動 階段 下りる,3,3,0.0391,3126
3,休憩 時間 渡り廊下,3,3,0.0391,3127
3,手術 前腕 瘢痕,3,3,0.0391,3128
3,しまう 足首 捻る,3,3,0.0391,3129
3,負傷 右足 関節,3,3,0.0391,3130
3,前腕 骨折 手術,3,3,0.0391,3131
3,外 体育館 バスケットボール,3,3,0.0391,3132
3,引っ掻く れる 負傷,3,3,0.0391,3133
3,れる 負傷 線,3,3,0.0391,3134
3,直撃 負傷 受診,3,3,0.0391,3135
3,顔面 擦過 創,3,3,0.0391,3136
3,創 ほお 線,3,3,0.0391,3137
3,バランス 崩す 体,3,3,0.0391,3138
3,爪 ほお 負傷,3,3,0.0391,3139
3,裂創 前額 部,3,3,0.0391,3140
3,遠い 位 骨,3,3,0.0391,3141
3,位 骨 端,3,3,0.0391,3142
3,骨 端 線,3,3,0.0391,3143
3,端 線 損傷,3,3,0.0391,3144
3,顔面 挫創 前額,3,3,0.0391,3145
3,セーフティ マット 着地,3,3,0.0391,3146
3,組織 陥没 残る,3,3,0.0391,3147
3,れる 治療 後日,3,3,0.0391,3148
3,頬 部 挫創,3,3,0.0391,3149
3,強い 打ち付ける 骨折,3,3,0.0391,3150
3,転倒 右腕 地面,3,3,0.0391,3151
3,首 腕 回す,3,3,0.0391,3152
3,顔 強い 打ち付ける,3,3,0.0391,3153
3,場 テニス コート,3,3,0.0391,3154
3,切 創 瘢痕,3,3,0.0391,3155
3,創 瘢痕 残る,3,3,0.0391,3156
3,部 飛ぶ くる,3,3,0.0391,3157
3,ぶつかる 眼 周辺,3,3,0.0391,3158
3,治療 眉 部,3,3,0.0391,3159
3,創 線 状,3,3,0.0391,3160
3,バランス 崩す 腕,3,3,0.0391,3161
3,受診 治療 頬骨,3,3,0.0391,3162
3,治療 頬骨 骨折,3,3,0.0391,3163
3,頭部 瘢痕 残る,3,3,0.0391,3164
3,負傷 止血 受診,3,3,0.0391,3165
3,部 負傷 受診,3,3,0.0391,3166
3,部 裂創 線,3,3,0.0391,3167
3,裂創 線 状,3,3,0.0391,3168
3,応急 処置 受診,3,3,0.0391,3169
3,地面 打ち付ける 救急,3,3,0.0391,3170
3,処置 救急 搬送,3,3,0.0391,3171
3,前額 部 裂創,3,3,0.0391,3172
3,運動 場 ｍ,3,3,0.0391,3173
3,手術 左上 腕骨,3,3,0.0391,3174
3,バッティング ピッチャー 務める,3,3,0.0391,3175
3,頭部 手術 瘢痕,3,3,0.0391,3176
3,大腿 骨 骨,3,3,0.0391,3177
3,ぶつける 受診 治療,3,3,0.0391,3178
3,園 庭 走る,3,3,0.0391,3179
3,受診 治療 頭部,3,3,0.0391,3180
3,かかる 負傷 受診,3,3,0.0391,3181
3,運動 倒立 練習,3,3,0.0391,3182
3,地面 倒れる こむ,3,3,0.0391,3184
3,教室 戻る 階,3,3,0.0391,3185
3,振り返る 眼 当たる,3,3,0.0391,3186
3,人 組 キャッチボール,3,3,0.0391,3187
3,眼 ボール 直撃,3,3,0.0391,3188
3,眼 ボール ぶつかる,3,3,0.0391,3189
3,部 シュート 練習,3,3,0.0391,3190
3,付近 殴る れる,3,3,0.0391,3191
3,チーム 選手 蹴る,3,3,0.0391,3192
3,ダブルス 試合 味方,3,3,0.0391,3193
3,ボール 左目 当たる,3,3,0.0391,3194
3,打つ れる ボール,3,3,0.0391,3195
3,くる 眼 強い,3,3,0.0391,3196
3,打球 眼 直接,3,3,0.0391,3197
3,ボール 眼 付近,3,3,0.0391,3198
3,バット かする ボール,3,3,0.0391,3199
3,飛ぶ くる 気づく,3,3,0.0391,3200
3,内 出血 起こす,3,3,0.0391,3201
3,投げる 合う 遊ぶ,3,3,0.0391,3202
3,膝 眼 付近,3,3,0.0391,3203
3,相手 シュート ボール,3,3,0.0391,3204
3,シュート ボール 眼,3,3,0.0391,3205
3,サッカー 部 シュート,3,3,0.0391,3206
3,横 飛ぶ くる,3,3,0.0391,3207
3,キャッチャー ピッチャー 投げる,3,3,0.0391,3208
3,振り向く 眼 負傷,3,3,0.0391,3209
3,野球 部 トス,3,3,0.0391,3210
3,練習 試合 投手,3,3,0.0391,3211
3,タックル 入る 相手,3,3,0.0391,3213
3,蹴る れる 眼,3,3,0.0391,3214
3,右側 頭部 眼,3,3,0.0391,3215
3,試合 ヘディング 相手,3,3,0.0391,3216
3,れる 打球 眼,3,3,0.0391,3217
3,球 ネット 隙間,3,3,0.0391,3218
3,バッティング マシン 球,3,3,0.0391,3219
3,練習 バッター 打つ,3,3,0.0391,3220
3,練習 ピッチングマシーン ボール,3,3,0.0391,3221
3,部 練習 捕手,3,3,0.0391,3222
3,瞬間 ボール 眼,3,3,0.0391,3223
3,打つ 練習 相手,3,3,0.0391,3224
3,飛ぶ くる 避ける,3,3,0.0391,3225
3,くる 避ける きれる,3,3,0.0391,3226
3,避ける きれる 眼,3,3,0.0391,3227
3,バッティング 練習 投手,3,3,0.0391,3228
3,破片 眼 当たる,3,3,0.0391,3229
3,相手 手 眼,3,3,0.0391,3230
3,手 眼 当たる,3,3,0.0391,3231
3,名前 呼ぶ れる,3,3,0.0391,3232
3,プール サイド 飛び込む,3,3,0.0391,3233
3,ピッチャー 打球 眼,3,3,0.0391,3234
3,打球 眼 付近,3,3,0.0391,3235
3,ボール 眼 強打,3,3,0.0391,3236
3,スマッシュ 眼 直撃,3,3,0.0391,3237
3,眼 シャトル 当たる,3,3,0.0391,3238
3,時間 校庭 サッカー,3,3,0.0391,3239
3,先 ボール 追いつく,3,3,0.0391,3240
3,振る ラケット 顔面,3,3,0.0391,3241
3,ハーフ バッティング 練習,3,3,0.0391,3242
3,バッティング 練習 打者,3,3,0.0391,3243
3,打球 ワン バウンド,3,3,0.0391,3244
3,眼 シャトル 強い,3,3,0.0391,3245
3,シャトル 強い 当たり,3,3,0.0391,3246
3,選手 振る ラケット,3,3,0.0391,3247
3,当たる 眼 直撃,3,3,0.0391,3248
3,眼 鼻 当たる,3,3,0.0391,3249
3,打撃 練習 防,3,3,0.0391,3250
3,体操 練習 人組,3,3,0.0391,3251
3,マット 運動 壁,3,3,0.0391,3252
3,運動 壁 倒立,3,3,0.0391,3253
3,ハンド スプリング 練習,3,3,0.0391,3254
3,落下 顔面 地面,3,3,0.0391,3255
3,階 教室 階,3,3,0.0391,3256
3,振る 傘 柄,3,3,0.0391,3257
3,打つ ボール ワン,3,3,0.0391,3258
3,ボール ワン バウンド,3,3,0.0391,3259
3,ベース カバー 入る,3,3,0.0391,3260
3,球 出し バッター,3,3,0.0391,3261
3,出し バッター 打つ,3,3,0.0391,3262
3,球 眼 当たる,3,3,0.0391,3263
3,部 蹴る れる,3,3,0.0391,3264
3,強打 れる 負傷,3,3,0.0391,3265
3,近距離 蹴る ボール,3,3,0.0391,3266
3,距離 相手 蹴る,3,3,0.0391,3267
3,顔面 直撃 眼,3,3,0.0391,3268
3,マシン 出る くる,3,3,0.0391,3269
3,出る くる ボール,3,3,0.0391,3270
3,方向 変わる 眼,3,3,0.0391,3271
3,足 眼 当たる,3,3,0.0391,3272
3,座る 後ろ 席,3,3,0.0391,3273
3,あたり 殴る れる,3,3,0.0391,3274
3,眼 直撃 眼球,3,3,0.0391,3275
3,ノック ボール 飛ぶ,3,3,0.0391,3276
3,打つ ボール 右目,3,3,0.0391,3277
3,試合 バッター 打席,3,3,0.0391,3278
3,練習 打つ シャトル,3,3,0.0391,3279
3,保健 室 応急,3,3,0.0391,3280
3,嘔吐 救急 車,3,3,0.0391,3281
3,眼 ボール 当たり,3,3,0.0391,3282
3,ボール 眼 部,3,3,0.0391,3283
3,入る 眼 ボール,3,3,0.0391,3284
3,クラス 男子 名,3,3,0.0391,3285
3,ボール 遊び 友人,3,3,0.0391,3286
3,場 ソフトボール キャッチボール,3,3,0.0391,3287
3,紅白 戦 相手,3,3,0.0391,3288
3,打者 打球 眼,3,3,0.0391,3290
3,打球 眼 強打,3,3,0.0391,3291
3,近距離 眼 当たる,3,3,0.0391,3292
3,打つ 打球 ファウルチップ,3,3,0.0391,3293
3,当たる 思う れる,3,3,0.0391,3294
3,大会 団体 戦,3,3,0.0391,3295
3,廊下 友人 ふざける,3,3,0.0391,3296
3,水晶 体 眼,3,3,0.0391,3297
3,直撃 眼 負傷,3,3,0.0391,3298
3,跳ね返る 眼 強打,3,3,0.0391,3299
3,強い あたり 負傷,3,3,0.0391,3300
3,打つ シャトル 至近,3,3,0.0391,3301
3,当たる 眼 見える,3,3,0.0391,3302
3,レスリング 部 練習,3,3,0.0391,3303
3,縄 眼 当たる,3,3,0.0391,3304
3,ボール 強い 蹴る,3,3,0.0391,3305
3,立つ ピッチャー 投げる,3,3,0.0391,3306
3,入る ボール 打つ,3,3,0.0391,3307
3,眼 眼 負傷,3,3,0.0391,3308
3,眼 視力 低下,3,3,0.0391,3309
3,送球 ボール 眼,3,3,0.0391,3310
3,振り向く ざま 顔面,3,3,0.0391,3311
3,体育 バドミントン シャトル,3,3,0.0391,3312
3,サッカー 大会 ゴールキーパー,3,3,0.0391,3313
3,部員 投げる ボール,3,3,0.0391,3314
3,打球 眼 強い,3,3,0.0391,3315
3,着地 膝 眼,3,3,0.0391,3316
3,スマッシュ れる シャトル,3,3,0.0391,3317
3,球技 大会 体育館,3,3,0.0391,3318
3,試合 パス ボール,3,3,0.0391,3319
3,場 試合 相手,3,3,0.0391,3320
3,倒れ込む 相手 膝,3,3,0.0391,3321
3,近く 眼 当たる,3,3,0.0391,3322
3,指 眼 入る,3,3,0.0391,3323
3,膝 眼 強い,3,3,0.0391,3324
3,石 眼 当たる,3,3,0.0391,3325
3,体育 校庭 サッカー,3,3,0.0391,3326
3,バント 打球 眼,3,3,0.0391,3327
3,練習 打席 立つ,3,3,0.0391,3328
3,バッティング 練習 投げる,3,3,0.0391,3329
3,放課後 部 練習,3,3,0.0391,3330
3,隣 打つ ボール,3,3,0.0391,3331
3,マシン 使用 バント,3,3,0.0391,3332
3,バドミントン 部 ダブルス,3,3,0.0391,3333
3,児 眼 当たる,3,3,0.0391,3334
3,試合 相手 スマッシュ,3,3,0.0391,3335
3,眼 痛み 訴える,3,3,0.0391,3336
3,サッカー ゴールキーパー ボール,3,3,0.0391,3337
3,部 蹴る ボール,3,3,0.0391,3338
3,跳ね返る くる 眼,3,3,0.0391,3339
3,眼 開ける られる,3,3,0.0391,3340
3,防護 用 ネット,3,3,0.0391,3341
3,練習 打ち返す れる,3,3,0.0391,3342
3,練習 ボール 眼,3,3,0.0391,3343
3,部 マネージャー 練習,3,3,0.0391,3344
3,文化 祭 片付け,3,3,0.0391,3345
3,バランス 崩れる 倒れる,3,3,0.0391,3346
3,ゴールキーパー 足 当たる,3,3,0.0391,3347
3,祭 練習 組,3,3,0.0391,3348
3,挟む れる 形,3,3,0.0391,3349
3,部 バッティング マシン,3,3,0.0391,3350
3,枠 当たる 跳ね返る,3,3,0.0391,3351
3,長い さ cm,3,3,0.0391,3352
3,手 離れる 眼,3,3,0.0391,3353
3,蹴る れる バランス,3,3,0.0391,3354
3,祭 予行 練習,3,3,0.0391,3355
3,打席 立つ ピッチャー,3,3,0.0391,3356
3,試合 相手 ボール,3,3,0.0391,3357
3,バッティング ピッチャー 投げる,3,3,0.0391,3358
3,ボール 太陽 重なる,3,3,0.0391,3359
3,練習 続ける 帰宅,3,3,0.0391,3360
3,眼 ぶつかる 眼,3,3,0.0391,3361
3,しまう 眼 当たる,3,3,0.0391,3362
3,手 滑る 誤る,3,3,0.0391,3363
3,走る 相手 選手,3,3,0.0391,3364
3,練習 部員 投げる,3,3,0.0391,3365
3,バッティング マシン 使用,3,3,0.0391,3366
3,倒れる くる 後頭部,3,3,0.0391,3367
3,選手 膝 眼,3,3,0.0391,3368
3,運動 場 箇所,3,3,0.0391,3369
3,バドミントン 試合 相手,3,3,0.0391,3370
3,シュート 蹴る ボール,3,3,0.0391,3371
3,使う バッティング 練習,3,3,0.0391,3372
3,眼 付近 ボール,3,3,0.0391,3373
3,付近 ボール 当たる,3,3,0.0391,3374
3,練習 試合 ウォーミングアップ,3,3,0.0391,3375
3,転 練習 倒立,3,3,0.0391,3376
3,眼 当たる 調節,3,3,0.0391,3377
3,眼 直撃 外傷,3,3,0.0391,3378
3,直撃 外傷 性,3,3,0.0391,3379
3,眼球 破裂 視力,3,3,0.0391,3380
3,破裂 視力 障害,3,3,0.0391,3381
3,直撃 眼窩 底,3,3,0.0391,3382
3,内 側壁 骨折,3,3,0.0391,3383
3,マス ボクシング 相手,3,3,0.0391,3384
3,体育 水泳 指導,3,3,0.0391,3385
3,視野 広い さ,3,3,0.0391,3386
3,広い さ 減じる,3,3,0.0391,3387
3,力 減じる 複,3,3,0.0391,3388
3,減じる 複 視,3,3,0.0391,3389
3,運動 場 運動会,3,3,0.0391,3390
3,力 減じる 視野,3,3,0.0391,3391
3,眼 失明 調節,3,3,0.0391,3392
3,失明 調節 力,3,3,0.0391,3393
3,直撃 眼 外傷,3,3,0.0391,3394
3,視 眼 視野,3,3,0.0391,3395
3,当たる 眼 失明,3,3,0.0391,3396
3,視力 減退 眼,3,3,0.0391,3397
3,負傷 眼 視力,3,3,0.0391,3398
3,手術 眼 調節,3,3,0.0391,3399
3,運動 場 ウォーミングアップ,3,3,0.0391,3400
3,眼 負傷 救急,3,3,0.0391,3401
3,れる 治療 眼,3,3,0.0391,3402
3,眼 負傷 入院,3,3,0.0391,3403
3,眼 負傷 眼球,3,3,0.0391,3404
3,れる 治療 眼球,3,3,0.0391,3405
3,角膜 穿孔 外傷,3,3,0.0391,3406
3,穿孔 外傷 性,3,3,0.0391,3407
3,負傷 眼球 打撲,3,3,0.0391,3408
3,出血 網膜 振盪,3,3,0.0391,3409
3,部 他校 運動,3,3,0.0391,3410
3,孔 眼 視力,3,3,0.0391,3411
3,れる 治療 眼窩,3,3,0.0391,3412
3,受診 手術 眼窩,3,3,0.0391,3413
3,呼ぶ れる 振り向く,3,3,0.0391,3414
3,体 出血 眼,3,3,0.0391,3415
3,脈絡 膜 破裂,3,3,0.0391,3416
3,冷却 救急 搬送,3,3,0.0391,3417
3,眼窩 吹き抜け 骨折,3,3,0.0391,3418
3,直撃 冷却 救急,3,3,0.0391,3419
3,搬送 れる 眼,3,3,0.0391,3420
3,吹き抜け 骨折 複,3,3,0.0391,3421
3,緑内障 眼 視力,3,3,0.0391,3422
3,てんかん 発作 残る,3,3,0.0391,3423
3,直撃 受診 手術,3,3,0.0391,3424
3,受診 手術 陳,3,3,0.0391,3425
3,手術 陳 性,3,3,0.0391,3426
3,入院 手術 眼,3,3,0.0391,3427
3,特別 運動 場,3,3,0.0391,3428
3,受診 治療 網膜,3,3,0.0391,3429
3,裂 眼 視力,3,3,0.0391,3430
3,網 脈絡 膜,3,3,0.0391,3431
3,底 骨折 眼,3,3,0.0391,3432
3,円 孔 網膜,3,3,0.0391,3433
3,性 虹彩 炎,3,3,0.0391,3434
3,ハンドボール 部 外,3,3,0.0391,3435
3,梗塞 診断 れる,3,3,0.0391,3436
3,休憩 時間 校舎,3,3,0.0391,3437
3,時間 校舎 階,3,3,0.0391,3438
3,声 かける 反応,3,3,0.0391,3439
3,かける 反応 ない,3,3,0.0391,3440
3,スタート 台 ｍ,3,3,0.0391,3441
3,部 プール 底,3,3,0.0391,3442
3,プール 底 強打,3,3,0.0391,3443
3,左側 頭部 当たる,3,3,0.0391,3444
3,挟む しまう 負傷,3,3,0.0391,3445
3,柔道 部 大会,3,3,0.0391,3446
3,相手 外 刈り,3,3,0.0391,3447
3,刈り 掛ける られる,3,3,0.0391,3448
3,投げる られる 頭,3,3,0.0391,3449
3,落ちる 首 捻る,3,3,0.0391,3450
3,飛び込み台 飛び込む プール,3,3,0.0391,3451
3,脊髄 損傷 四肢,3,3,0.0391,3452
3,部 飛び込み 練習,3,3,0.0391,3453
3,飛び込み 練習 プール,3,3,0.0391,3454
3,練習 プール 飛び込む,3,3,0.0391,3455
3,プール 飛び込む プール,3,3,0.0391,3456
3,床 頭 打つ,3,3,0.0391,3457
3,練習 鉄棒 手,3,3,0.0391,3458
3,打つ 気分 悪い,3,3,0.0391,3459
3,れる 救急 車,3,3,0.0391,3460
3,倒立 転 バランス,3,3,0.0391,3461
3,駅伝 大会 参加,3,3,0.0391,3462
3,ボール 頭 当たる,3,3,0.0391,3463
3,蹴る ボール キャッチ,3,3,0.0391,3464
3,合同 練習 会,3,3,0.0391,3465
3,頭 床 転落,3,3,0.0391,3467
3,ボール 左側 頭部,3,3,0.0391,3468
3,運動 補強 運動,3,3,0.0391,3469
3,しまう 背中 強打,3,3,0.0391,3470
3,高い さ .,3,3,0.0391,3471
3,部 練習 友人,3,3,0.0391,3472
3,力 入る 状態,3,3,0.0391,3473
3,時間 目 体育,3,3,0.0391,3474
3,体育 跳箱 台,3,3,0.0391,3475
3,跳箱 台 上前,3,3,0.0391,3476
3,担当 教員 指導,3,3,0.0391,3477
3,背面 跳ぶ 着地,3,3,0.0391,3478
3,跳ぶ 着地 マット,3,3,0.0391,3479
3,ない 心肺 停止,3,3,0.0391,3480
3,けいれん 見る られる,3,3,0.0391,3482
3,組 体操 人,3,3,0.0391,3483
3,倒れる 意識 消失,3,3,0.0391,3484
3,膝 床 ぶつける,3,3,0.0391,3485
3,なくなる 心肺 停止,3,3,0.0391,3486
3,停止 状態 心肺,3,3,0.0391,3487
3,プール 飛び込み 練習,3,3,0.0391,3488
3,発見 救急 車,3,3,0.0391,3489
3,体育館 体力 テスト,3,3,0.0391,3490
3,試合 試合 終了,3,3,0.0391,3491
3,薬指 ボール 当たる,3,3,0.0391,3492
3,練習 パス カット,3,3,0.0391,3493
3,柔道 場 柔道,3,3,0.0391,3494
3,柔道 部 乱取り,3,3,0.0391,3495
3,しまう 地面 落下,3,3,0.0391,3496
3,トイレ 窓 転落,3,3,0.0391,3497
3,呼び掛ける 反応 ない,3,3,0.0391,3498
3,バランス 崩す 後ろ向き,3,3,0.0391,3499
3,㎝ 高い さ,3,3,0.0391,3500
3,抱く かかえる られる,3,3,0.0391,3502
3,落下 落下 直後,3,3,0.0391,3503
3,外傷 ストレス 障害,3,3,0.0391,3504
3,障害 器質 性,3,3,0.0391,3505
3,骨折 嗅覚 減退,3,3,0.0391,3506
3,体 乗る しまう,3,3,0.0391,3507
3,指 開放 骨折,3,3,0.0391,3508
3,周 ｍ 走る,3,3,0.0391,3509
3,休憩 時間 階,3,3,0.0391,3510
3,機能 障害 複,3,3,0.0391,3511
3,下肢 麻痺 残存,3,3,0.0391,3512
3,上下 肢 麻痺,3,3,0.0391,3513
3,体操 競技 部,3,3,0.0391,3514
3,打つ 相手 選手,3,3,0.0391,3515
3,プール サイド 上がる,3,3,0.0391,3516
3,機能 障害 麻痺,3,3,0.0391,3517
3,臀部 疼痛 残る,3,3,0.0391,3518
3,残る 頭痛 発現,3,3,0.0391,3519
3,頬 部 鼻,3,3,0.0391,3520
3,運動 場 人,3,3,0.0391,3521
3,下肢 対 麻痺,3,3,0.0391,3522
3,対 麻痺 残る,3,3,0.0391,3523
3,体育 倒立 転,3,3,0.0391,3524
3,上肢 感覚 障害,3,3,0.0391,3525
3,負傷 左足 関節,3,3,0.0391,3526
3,左足 関節 疼痛,3,3,0.0391,3527
3,頭痛 めまい 発現,3,3,0.0391,3528
3,口 部 感覚,3,3,0.0391,3529
3,頭痛 発現 頚部,3,3,0.0391,3530
3,発現 頚部 疼痛,3,3,0.0391,3531
3,バランス 崩す マット,3,3,0.0391,3532
3,競技 場 自転車,3,3,0.0391,3533
3,競技 部 試合,3,3,0.0391,3534
3,アメリカンフットボール 練習 試合,3,3,0.0391,3535
3,腰 強い 痛み,3,3,0.0391,3536
3,力 入る 転倒,3,3,0.0391,3537
3,指 感覚 障害,3,3,0.0391,3538
3,強い つく 負傷,3,3,0.0391,3539
3,腰 疼痛 残る,3,3,0.0391,3540
3,救急 隊 到着,3,3,0.0391,3541
3,れる 治療 高次,3,3,0.0391,3542
3,骨折 疼痛 残る,3,3,0.0391,3543
3,要請 AED 除,3,3,0.0391,3544
3,機能 障害 軽度,3,3,0.0391,3545
3,障害 軽度 四肢,3,3,0.0391,3546
3,予行 練習 運動,3,3,0.0391,3547
3,水泳 部 プール,3,3,0.0391,3548
3,足 払う れる,3,3,0.0391,3549
3,けいれん 起こす 救急,3,3,0.0391,3550
3,起こす 救急 車,3,3,0.0391,3551
3,バレーボール レシーブ 膝,3,3,0.0391,3552
3,変形 性 関節,3,3,0.0391,3553
3,性 関節 症,3,3,0.0391,3554
3,疼痛 等 感覚,3,3,0.0391,3555
3,等 感覚 障害,3,3,0.0391,3556
3,AED 装着 回,3,3,0.0391,3557
3,作動 胸骨 圧迫,3,3,0.0391,3558
3,れる 治療 急性,3,3,0.0391,3559
3,治療 急性 硬い,3,3,0.0391,3560
3,趾 機能 低下,3,3,0.0391,3561
3,脳 せき髄 液,3,3,0.0391,3562
3,液 漏出 症,3,3,0.0391,3563
3,漏出 症 診断,3,3,0.0391,3564
3,救急 車 ドクター,3,3,0.0391,3565
3,車 ドクター ヘリ,3,3,0.0391,3566
3,腰椎 破裂 骨折,3,3,0.0391,3567
3,運動 場 組,3,3,0.0391,3568
3,場 組 体操,3,3,0.0391,3569
3,保健 室 患部,3,3,0.0391,3570
3,れる 頭痛 めまい,3,3,0.0391,3571
3,強い 打ち付ける 救急,3,3,0.0391,3572
3,体育館 段 跳箱,3,3,0.0391,3573
3,下肢 まひ 残る,3,3,0.0391,3574
3,受診 治療 左上,3,3,0.0391,3575
3,車 要請 救急,3,3,0.0391,3576
3,まひ 外傷 性,3,3,0.0391,3577
3,大腿 骨 頚部,3,3,0.0391,3578
3,競技 部 運動,3,3,0.0391,3579
3,バランス 崩す 右足,3,3,0.0391,3580
3,訴える 救急 搬送,3,3,0.0391,3581
3,失う 倒れる 救急,3,3,0.0391,3582
3,間 指 挟む,3,3,0.0391,3583
3,高い さ ㎝,3,3,0.0391,3584
3,左手 薬指 挟む,3,3,0.0391,3585
3,体育 ソフトボール ピッチャー,3,3,0.0391,3586
3,ボール 左手 小指,3,3,0.0391,3587
3,卓球 台 倒れる,3,3,0.0391,3588
3,台 倒れる くる,3,3,0.0391,3589
3,間 左手 指,3,3,0.0391,3590
3,指 先端 切断,3,3,0.0391,3591
3,先端 切断 しまう,3,3,0.0391,3592
3,左手 薬指 負傷,3,3,0.0391,3593
3,右手 小指 強い,3,3,0.0391,3594
3,つまずく 転倒 右手,3,3,0.0391,3596
3,挟む れる 切断,3,3,0.0391,3597
3,取る 損ねる 右手,3,3,0.0391,3598
3,ボール 指 当たる,3,3,0.0391,3599
3,練習 ボール 右手,3,3,0.0391,3600
3,捕る ボール 右手,3,3,0.0391,3601
3,中指 先端 部,3,3,0.0391,3602
3,指 切断 れる,3,3,0.0391,3603
3,中指 挟む れる,3,3,0.0391,3604
3,右手 小指 負傷,3,3,0.0391,3605
3,指 尖る 部,3,3,0.0391,3606
3,尖る 部 切断,3,3,0.0391,3607
3,ぶつかる 転倒 右手,3,3,0.0391,3608
3,指 ボール 強い,3,3,0.0391,3609
3,左手 小指 ボール,3,3,0.0391,3610
3,バランス 崩す うし,3,3,0.0391,3611
3,崩す うし ろ,3,3,0.0391,3612
3,蹴る ボール 右手,3,3,0.0391,3613
3,末節 骨 開放,3,3,0.0391,3614
3,運動 場 登り,3,3,0.0391,3615
3,場 登り 棒,3,3,0.0391,3616
3,加工 実習 室,3,3,0.0391,3617
3,骨 一部 欠損,3,3,0.0391,3618
3,骨 骨折 指,3,3,0.0391,3619
3,柔道 技 かける,3,3,0.0391,3620
3,制限 疼痛 残存,3,3,0.0391,3621
3,当たる 指 指,3,3,0.0391,3622
3,指 切断 指,3,3,0.0391,3623
3,れる 負傷 救急,3,3,0.0391,3624
3,負傷 指 指,3,3,0.0391,3625
3,瘢痕 残る 指,3,3,0.0391,3626
3,指 負傷 冷却,3,3,0.0391,3627
3,受診 手術 小指,3,3,0.0391,3629
3,脱臼 骨折 指,3,3,0.0391,3630
3,関節 機能 失う,3,3,0.0391,3633
3,接触 相手 膝,3,3,0.0391,3634
3,友達 人 鬼ごっこ,3,3,0.0391,3635
3,下腹 部 直撃,3,3,0.0391,3636
3,膝 腹部 当たる,3,3,0.0391,3637
3,膝 股間 強い,3,3,0.0391,3638
3,型 心筋 症,3,3,0.0391,3639
3,選手 ボール 蹴る,3,3,0.0391,3640
3,選手 膝 腹部,3,3,0.0391,3641
3,準備 運動 グラウンド,3,3,0.0391,3642
3,意識 ない 状態,3,3,0.0391,3643
3,心臓 マッサージ AED,3,3,0.0391,3644
3,膝 股間 強打,3,3,0.0391,3645
3,開始 救急 車,3,3,0.0391,3646
3,m 走る 終える,3,3,0.0391,3647
3,失う 倒れる AED,3,3,0.0391,3648
3,蘇生 実施 病院,3,3,0.0391,3649
3,立ち上がる 段 目,3,3,0.0391,3650
3,段 目 バランス,3,3,0.0391,3651
3,目 バランス 崩す,3,3,0.0391,3652
3,走る 意識 失う,3,3,0.0391,3653
3,失う 倒れる 心肺,3,3,0.0391,3654
3,倒れる 心肺 蘇生,3,3,0.0391,3655
3,実施 病院 ICD,3,3,0.0391,3656
3,回復 ICD 植込み,3,3,0.0391,3657
3,ペース メーカー 植込み,3,3,0.0391,3658
3,メーカー 植込み 手術,3,3,0.0391,3659
3,圧迫 AED 使用,3,3,0.0391,3660
3,AED 使用 病院,3,3,0.0391,3661
3,使用 病院 ICD,3,3,0.0391,3662
3,蘇生 AED ショック,3,3,0.0391,3663
3,搬送 入院 ICD,3,3,0.0391,3664
3,入院 ICD 植込み,3,3,0.0391,3665
3,練習 ｍ 走る,3,3,0.0391,3666
3,手術 精巣 摘出,3,3,0.0391,3667
3,死 戦 期,3,3,0.0391,3668
3,戦 期 呼吸,3,3,0.0391,3669
3,かける られる 投げる,3,3,0.0391,3670
3,投げる られる 相手,3,3,0.0391,3671
3,倒れる 駆け付ける 教員,3,3,0.0391,3672
3,精巣 破裂 摘出,3,3,0.0391,3673
3,破裂 摘出 手術,3,3,0.0391,3674
3,当たる 睾丸 欠損,3,3,0.0391,3675
3,回復 救急 車,3,3,0.0391,3676
3,入院 手術 睾丸,3,3,0.0391,3677
3,手術 睾丸 一部,3,3,0.0391,3678
3,心室 頻る 拍,3,3,0.0391,3679
3,外傷 性 膵損傷,3,3,0.0391,3680
3,跳び箱 開 脚,3,3,0.0391,3681
3,転倒 右手 地面,3,3,0.0391,3682
3,肘 関節 可動,3,3,0.0391,3684
3,瘢痕 残る 肘,3,3,0.0391,3685
3,疼痛 残る 機能,3,3,0.0391,3686
3,負傷 肘 関節,3,3,0.0391,3687
3,関節 前腕 機能,3,3,0.0391,3688
3,前腕 機能 低下,3,3,0.0391,3689
3,左上 肢 機能,3,3,0.0391,3690
3,機能 低下 疼痛,3,3,0.0391,3691
3,低下 疼痛 残る,3,3,0.0391,3692
3,治療 鎖骨 骨折,3,3,0.0391,3693
3,骨折 鎖骨 変形,3,3,0.0391,3694
3,肢 機能 失う,3,3,0.0391,3695
3,大腿 骨 頭,3,3,0.0391,3696
3,膝 関節 機能,3,3,0.0391,3697
3,背中 強い 打つ,3,3,0.0391,3698
3,倒立 バランス 崩す,3,3,0.0391,3699
3,バランス 崩す 背中,3,3,0.0391,3700
3,腰 強い 打つ,3,3,0.0391,3701
3,治療 せき柱 変形,3,3,0.0391,3702
3,せき柱 運動 障害,3,3,0.0391,3703
3,受診 治療 胸椎,3,3,0.0391,3704
3,治療 胸椎 圧迫,3,3,0.0391,3705
3,治療 腰椎 圧迫,3,3,0.0391,3706
