単語,歯牙障害_平均TFIDF,歯牙障害以外_平均TFIDF,TFIDF差_歯牙-以外,絶対差
前歯,0.08620589529819171,0.0007737465469262652,0.08543214875126545,0.08543214875126545
歯,0.0610367770236016,0.0016870122797586857,0.05934976474384292,0.05934976474384292
口,0.047694094184928634,0.0034858088945600336,0.044208285290368604,0.044208285290368604
眼,0.0003449624278371968,0.0417003659585896,-0.041355403530752406,0.041355403530752406
顔面,0.05154681262691967,0.014312289597902015,0.037234523029017655,0.037234523029017655
自転車,0.03626511001840609,0.0070528965306048755,0.029212213487801217,0.029212213487801217
補綴,0.028816731403475626,0.00016611771524096592,0.02865061368823466,0.02865061368823466
歯科,0.028802733300336857,0.0001838795591353638,0.028618853741201492,0.028618853741201492
加える,0.02864807869977314,0.0004370292553261652,0.028211049444446974,0.028211049444446974
破る,0.027318371402686305,0.0001174496111811369,0.02720092179150517,0.02720092179150517
折,0.027303282282461934,0.0005248093427278743,0.02677847293973406,0.02677847293973406
本,0.030791428344182466,0.00591249457191012,0.024878933772272346,0.024878933772272346
折れる,0.025557044961403826,0.0008874535059054291,0.024669591455498397,0.024669591455498397
転倒,0.039589751191111716,0.019875510641711374,0.019714240549400342,0.019714240549400342
強打,0.03209532347715708,0.013151093270295669,0.01894423020686141,0.01894423020686141
残る,0.00025398292534576516,0.017892811666117947,-0.017638828740772182,0.017638828740772182
床,0.025160128015330692,0.007940261423330573,0.01721986659200012,0.01721986659200012
ノック,0.02099273304199178,0.004092333178506754,0.016900399863485027,0.016900399863485027
顔,0.024688796139352997,0.008084355992329251,0.016604440147023745,0.016604440147023745
バット,0.020642214896866663,0.0043642333178587605,0.0162779815790079,0.0162779815790079
口元,0.015716420859486567,0.0002531036828584956,0.01546331717662807,0.01546331717662807
脱臼,0.014122885112760244,0.0014925639698131106,0.012630321142947133,0.012630321142947133
ガラス,0.00021647429731712906,0.012299799897759723,-0.012083325600442594,0.012083325600442594
障害,0.0001278343415291166,0.011716012211649366,-0.01158817787012025,0.01158817787012025
指,5.560771611751123e-05,0.0111588507983368,-0.01110324308221929,0.01110324308221929
イレギュラー,0.011663252885027826,0.0006306471208097998,0.011032605764218027,0.011032605764218027
野球,0.02630876538267188,0.0154598305832681,0.010848934799403782,0.010848934799403782
抜ける,0.012043619575308615,0.0012719281854366579,0.010771691389871958,0.010771691389871958
右手,0.0009767320842678678,0.011588301335623736,-0.010611569251355868,0.010611569251355868
蹴る,0.004051127875701662,0.014643037456965113,-0.01059190958126345,0.01059190958126345
守備,0.014292356540705865,0.003996177059637871,0.010296179481067994,0.010296179481067994
下校,0.01507236582742107,0.0055746856234601076,0.009497680203960962,0.009497680203960962
道路,0.013074523943621907,0.003677881564550772,0.009396642379071136,0.009396642379071136
ボール,0.04733854952455653,0.03817952934575162,0.009159020178804912,0.009159020178804912
当たる,0.03990074980831217,0.030763910938565977,0.009136838869746196,0.009136838869746196
イレギュラーバウンド,0.009333166668797827,0.00037631658084001245,0.008956850087957813,0.008956850087957813
骨折,0.0021617940957180783,0.011074671092605572,-0.008912876996887493,0.008912876996887493
手術,0.0,0.008844945844311352,-0.008844945844311352,0.008844945844311352
唇,0.009891907327621813,0.0011276803803214957,0.008764226947300318,0.008764226947300318
れる,0.015849361727332985,0.024531544267897765,-0.00868218254056478,0.00868218254056478
登校,0.013616759120646714,0.004937025706683467,0.008679733413963248,0.008679733413963248
頬,0.0008936823824537044,0.009464581944952465,-0.008570899562498761,0.008570899562498761
口唇,0.009213919514999294,0.0007254183502474783,0.008488501164751815,0.008488501164751815
折る,0.008636852334367544,0.0001561315387240399,0.008480720795643505,0.008480720795643505
左手,0.0007833766818380452,0.008988096138613674,-0.008204719456775629,0.008204719456775629
相手,0.031149983472145124,0.022967340220980084,0.00818264325116504,0.00818264325116504
瘢痕,0.00010445958248354628,0.008166894692841958,-0.008062435110358411,0.008062435110358411
保育,0.0001097404382616729,0.00791332668313798,-0.007803586244876307,0.007803586244876307
残存,0.00013858700115122104,0.007879212820109857,-0.007740625818958635,0.007740625818958635
前方,0.011910837646934704,0.004180233088228507,0.007730604558706197,0.007730604558706197
欠損,0.009371790963852976,0.0017608363790909986,0.007610954584761978,0.007610954584761978
ぶつける,0.016614615169749714,0.009040289282278648,0.007574325887471065,0.007574325887471065
負傷,0.03400796753056911,0.026574586154181325,0.007433381376387785,0.007433381376387785
捕る,0.012098627862182201,0.004923707310916482,0.007174920551265719,0.007174920551265719
性,0.0007808921832080525,0.007892730063727024,-0.007111837880518971,0.007111837880518971
滑る,0.015164804947348492,0.008214216737659336,0.0069505882096891555,0.0069505882096891555
機能,0.00014112897884767609,0.006989905361097714,-0.006848776382250037,0.006848776382250037
児,0.0004156579949154428,0.0071085286239447746,-0.006692870629029332,0.006692870629029332
前輪,0.007626699809915433,0.0010017598544751673,0.006624939955440266,0.006624939955440266
救急,0.00287887480759978,0.00942300348868267,-0.0065441286810828895,0.0065441286810828895
ドア,0.0004985105247821163,0.007040834036572866,-0.0065423235117907505,0.0065423235117907505
顎,0.012070084216010121,0.005800651196343569,0.006269433019666552,0.006269433019666552
振る,0.009940311668977917,0.0037746459408361144,0.006165665728141803,0.006165665728141803
ソフトボール,0.010787638923595345,0.004629220775890484,0.006158418147704861,0.006158418147704861
状,0.0,0.006092741749911806,-0.006092741749911806,0.006092741749911806
病院,0.000425791764109362,0.0065170447420970345,-0.006091252977987673,0.006091252977987673
搬送,0.002589211655868727,0.00864737421234125,-0.006058162556472523,0.006058162556472523
外傷,0.0005424741516111978,0.006594573512022503,-0.006052099360411305,0.006052099360411305
前額,0.00016802610155407208,0.006161158372703692,-0.005993132271149619,0.005993132271149619
バッター,0.010232516379795487,0.00424317489536709,0.005989341484428397,0.005989341484428397
サッカー,0.009046518618954735,0.015031067819637383,-0.005984549200682648,0.005984549200682648
視力,0.00013910026982335059,0.005975142985583869,-0.005836042715760518,0.005836042715760518
練習,0.04189073823545035,0.03606032282375489,0.005830415411695461,0.005830415411695461
額,0.0029981371249903645,0.00878465075840505,-0.005786513633414685,0.005786513633414685
欠ける,0.005859856543761844,0.00010589231322886206,0.005753964230532982,0.005753964230532982
歯牙,0.005739121054818258,8.496948673512046e-05,0.0056541515680831374,0.0056541515680831374
窓,0.001204284291217088,0.006791491835190523,-0.005587207543973435,0.005587207543973435
割れる,0.0004902108506862771,0.006016351413215758,-0.005526140562529481,0.005526140562529481
遊ぶ,0.007995137790421413,0.013508801581411396,-0.005513663790989982,0.005513663790989982
試合,0.027765115435948607,0.02234465627088398,0.005420459165064628,0.005420459165064628
痕,0.0,0.005384787030152843,-0.005384787030152843,0.005384787030152843
上顎,0.005483521617652928,0.00012267891050254354,0.0053608427071503845,0.0053608427071503845
線,0.0001833687812338473,0.005535826584884109,-0.0053524578036502615,0.0053524578036502615
小指,0.0,0.005303712243544204,-0.005303712243544204,0.005303712243544204
打ちつける,0.009097856273606982,0.003880786360579233,0.005217069913027749,0.005217069913027749
受診,0.002069406411960365,0.007259706255024383,-0.0051902998430640186,0.0051902998430640186
痛み,0.0006621222605442892,0.005822517847893009,-0.00516039558734872,0.00516039558734872
接触,0.011420061069345405,0.006310946026043631,0.005109115043301774,0.005109115043301774
切る,0.0034557752197695076,0.008558120532122241,-0.005102345312352733,0.005102345312352733
耳,0.0,0.005037120731990538,-0.005037120731990538,0.005037120731990538
下り坂,0.0063537306290743405,0.0013377635701441683,0.005015967058930172,0.005015967058930172
関節,0.0,0.0049476371464515535,-0.0049476371464515535,0.0049476371464515535
室,0.003358097845111924,0.008286416572476809,-0.004928318727364885,0.004928318727364885
素振り,0.0057101525166320015,0.001006880140240598,0.004703272376391404,0.004703272376391404
部,0.04206941358406415,0.037385932591330766,0.004683480992733385,0.004683480992733385
落下,0.0032517732252174652,0.007923289519934783,-0.004671516294717317,0.004671516294717317
シャトル,0.0016022219991727225,0.006180151706345593,-0.00457792970717287,0.00457792970717287
ほお,0.0005528490418730014,0.0050688915755399255,-0.0045160425336669245,0.0045160425336669245
減退,0.0,0.004505860454598593,-0.004505860454598593,0.004505860454598593
前のめり,0.006625760405395198,0.00212815029866003,0.004497610106735168,0.004497610106735168
治療,0.003863114790806298,0.008356795851759543,-0.004493681060953245,0.004493681060953245
大腿,0.00011184700747864615,0.004518341247262357,-0.004406494239783711,0.004406494239783711
投げる,0.007654344059362387,0.011998589970307913,-0.004344245910945526,0.004344245910945526
股間,0.00038821345214649797,0.004731696775849512,-0.004343483323703014,0.004343483323703014
膝,0.006860977368288178,0.011169061181672477,-0.004308083813384299,0.004308083813384299
バスケットボール,0.011812993344676634,0.007538121555307004,0.004274871789369629,0.004274871789369629
ぶつかる,0.017042220775011233,0.012777946809249386,0.004264273965761846,0.004264273965761846
ハンドル,0.005784377101387291,0.0015549913525113555,0.004229385748875936,0.004229385748875936
瞳,0.0,0.004157133744820081,-0.004157133744820081,0.004157133744820081
選手,0.012718003787361465,0.008612706955160187,0.004105296832201278,0.004105296832201278
眼球,0.0,0.0040919715136682475,-0.0040919715136682475,0.0040919715136682475
路面,0.004646713201299307,0.0005649246724646168,0.004081788528834691,0.004081788528834691
首,0.0009458209660785068,0.005023121466012221,-0.004077300499933714,0.004077300499933714
左足,0.0005424231763154647,0.004618411707159178,-0.004075988530843713,0.004075988530843713
散る,0.00010081442362284046,0.004119163154475708,-0.0040183487308528675,0.0040183487308528675
挟む,0.00030620652776512983,0.0043240630325754575,-0.004017856504810327,0.004017856504810327
バランス,0.01508904964371016,0.011084896478449006,0.004004153165261154,0.004004153165261154
痛める,0.0018384516998223369,0.005838767912215863,-0.004000316212393526,0.004000316212393526
入る,0.004263222093816796,0.008256549802483568,-0.003993327708666772,0.003993327708666772
歩道,0.004908500334638531,0.0009378549281250133,0.003970645406513517,0.003970645406513517
スティック,0.004568212988107348,0.0006160830186969533,0.003952129969410394,0.003952129969410394
飛ぶ,0.010880474164672539,0.006985331817114597,0.0038951423475579415,0.0038951423475579415
角,0.002014177899096843,0.005879044609983357,-0.0038648667108865144,0.0038648667108865144
強い,0.016553451069981132,0.012714383239001967,0.0038390678309791655,0.0038390678309791655
頭部,0.006665748547217658,0.01048862376637324,-0.0038228752191555816,0.0038228752191555816
疼痛,0.0,0.003814889156035469,-0.003814889156035469,0.003814889156035469
腰,0.0006657455075176928,0.004470675628305601,-0.0038049301207879077,0.0038049301207879077
衝突,0.010216066882704801,0.006424968239130213,0.0037910986435745883,0.0037910986435745883
キャッチャー,0.005708792390861539,0.0019536647036754607,0.0037551276871860785,0.0037551276871860785
園,0.0003358200788798842,0.004089290480567298,-0.0037534704016874143,0.0037534704016874143
挫創,0.00011894001747774473,0.003851202915395409,-0.0037322628979176643,0.0037322628979176643
ブレーキ,0.004642973975295109,0.000912363934305724,0.003730610040989385,0.003730610040989385
視野,0.0,0.003722715960088334,-0.003722715960088334,0.003722715960088334
右足,0.0015795861230060008,0.005285202932983587,-0.0037056168099775864,0.0037056168099775864
時間,0.012498727435930303,0.01619360048811237,-0.0036948730521820655,0.0036948730521820655
フライ,0.005134959362629619,0.0014418708367986792,0.0036930885258309393,0.0036930885258309393
右腕,0.00015712719958196344,0.003842374370196934,-0.0036852471706149705,0.0036852471706149705
崩す,0.014474215178369939,0.010825785476305798,0.003648429702064141,0.003648429702064141
外,0.0030843229932501497,0.006721551155650419,-0.003637228162400269,0.003637228162400269
倒れる,0.008976437187954624,0.012590417901442736,-0.0036139807134881116,0.0036139807134881116
上唇,0.003747374326535411,0.000155062530332154,0.003592311796203257,0.003592311796203257
負う,0.002902187537706888,0.006479389172045178,-0.0035772016343382897,0.0035772016343382897
レシーブ,0.004745503543669,0.0012676473394797514,0.003477856204189249,0.003477856204189249
醜状,0.0,0.0034758430493520825,-0.0034758430493520825,0.0034758430493520825
左目,0.0,0.0034667746822723907,-0.0034667746822723907,0.0034667746822723907
打つ,0.02174462198150889,0.018279819009089298,0.0034648029724195922,0.0034648029724195922
しまう,0.019037131866680195,0.015572676016055739,0.0034644558506244563,0.0034644558506244563
細,0.0,0.0034520824401730915,-0.0034520824401730915,0.0034520824401730915
動,0.0,0.003448154009126412,-0.003448154009126412,0.003448154009126412
段差,0.005756490334949546,0.0023532148745710668,0.003403275460378479,0.003403275460378479
バウンド,0.005558130676286039,0.0021635619608170687,0.0033945687154689702,0.0033945687154689702
マット,0.0028617655702833198,0.006245068739616344,-0.0033833031693330244,0.0033833031693330244
口腔,0.0035766197019478003,0.0001935829195459685,0.003383036782401832,0.003383036782401832
打球,0.015567297228235206,0.012184587995269043,0.003382709232966163,0.003382709232966163
地面,0.013038280084973987,0.00967205244012067,0.0033662276448533177,0.0033662276448533177
脱落,0.0033553900291233216,0.0,0.0033553900291233216,0.0033553900291233216
走行,0.004737159153092183,0.0014054858241485245,0.003331673328943659,0.003331673328943659
視,0.0,0.003317785452424051,-0.003317785452424051,0.003317785452424051
切断,0.0,0.0032356853025262444,-0.0032356853025262444,0.0032356853025262444
意識,0.0025937479555921956,0.005813352584617693,-0.003219604629025497,0.003219604629025497
ディフェンス,0.005370848482254059,0.0021554071373990668,0.003215441344854992,0.003215441344854992
低下,0.0,0.003186853028999576,-0.003186853028999576,0.003186853028999576
距離,0.0006341638154297605,0.0038177734754013975,-0.003183609659971637,0.003183609659971637
ホッケー,0.0035056984868048627,0.00035425534253818666,0.003151443144266676,0.003151443144266676
遊び,0.0016725676270399235,0.004792006776364619,-0.0031194391493246957,0.0031194391493246957
取る,0.011131280024976431,0.008018634808590351,0.00311264521638608,0.00311264521638608
複,0.0,0.0031121884625737437,-0.0031121884625737437,0.0031121884625737437
除,0.0,0.0031087458005849768,-0.0031087458005849768,0.0031087458005849768
抜け落ちる,0.0031365568413057607,3.2395392573775216e-05,0.0031041614487319854,0.0031041614487319854
前腕,0.00013765705538303774,0.0032368271231457903,-0.0030991700677627525,0.0030991700677627525
庭,0.00017852587434423201,0.0032718425039004735,-0.0030933166295562414,0.0030933166295562414
扉,0.0005796530570985319,0.0036483757556554715,-0.0030687226985569396,0.0030687226985569396
走る,0.01364980335622809,0.016658054207631875,-0.003008250851403785,0.003008250851403785
避ける,0.00521696290505187,0.0022143726429354514,0.0030025902621164183,0.0030025902621164183
ｍ,0.002783061187576583,0.005783360912794366,-0.0030002997252177826,0.0030002997252177826
校庭,0.0029976397425335063,0.005955594015271809,-0.0029579542727383025,0.0029579542727383025
教室,0.011138313588570902,0.014091018268943689,-0.0029527046803727863,0.0029527046803727863
失う,0.0028585382168610407,0.0057936985441164315,-0.0029351603272553908,0.0029351603272553908
木,0.00013177285092221078,0.0030612075720851443,-0.0029294347211629335,0.0029294347211629335
心肺,0.0,0.0029207686876508107,-0.0029207686876508107,0.0029207686876508107
転,0.0009474037195777728,0.0038639467267034596,-0.002916543007125687,0.002916543007125687
絡まる,0.003395714362014126,0.0004836587519217678,0.002912055610092358,0.002912055610092358
等,0.0013205413575522826,0.0042120993158642935,-0.002891557958312011,0.002891557958312011
腹部,0.0008339354486807937,0.0037229354661819924,-0.0028890000175011985,0.0028890000175011985
左腕,0.001106907660969489,0.003993021187741127,-0.0028861135267716376,0.0028861135267716376
麻痺,0.0,0.002854206433518747,-0.002854206433518747,0.002854206433518747
AED,0.0,0.002845769328359984,-0.002845769328359984,0.002845769328359984
訴える,0.000350420337138065,0.003195265847651862,-0.002844845510513797,0.002844845510513797
休憩,0.0075268658215986925,0.010371148791685441,-0.002844282970086749,0.002844282970086749
調節,0.0,0.002830639734867221,-0.002830639734867221,0.002830639734867221
バドミントン,0.0020330449873564313,0.004862011405699386,-0.0028289664183429545,0.0028289664183429545
中指,0.0,0.002825742272548373,-0.002825742272548373,0.002825742272548373
関わる,0.0,0.002805567046384366,-0.002805567046384366,0.002805567046384366
上下,0.003165139020809686,0.000405705076098533,0.002759433944711153,0.002759433944711153
管理,0.0,0.0027480502008146415,-0.0027480502008146415,0.0027480502008146415
力,0.00041614843607568107,0.0031572956594866242,-0.002741147223410943,0.002741147223410943
タイヤ,0.004469697545385764,0.0017316235649458354,0.0027380739804399286,0.0027380739804399286
右側,0.0005800017965238132,0.003304775411333105,-0.002724773614809292,0.002724773614809292
かかる,0.0022615133946219034,0.00498084998703446,-0.0027193365924125567,0.0027193365924125567
着地,0.002995443561151579,0.005705968924721524,-0.0027105253635699446,0.0027105253635699446
出来事,0.0,0.002699714204194147,-0.002699714204194147,0.002699714204194147
座る,0.002161319963228506,0.004848743028386116,-0.00268742306515761,0.00268742306515761
使用,0.0007909196803355938,0.003470249488411285,-0.002679329808075691,0.002679329808075691
体重,0.00011304211136079762,0.002782992995290731,-0.0026699508839299335,0.0026699508839299335
捻る,0.00015409686065577866,0.0028073367243573585,-0.00265323986370158,0.00265323986370158
眼窩,0.0,0.002643610260534215,-0.002643610260534215,0.002643610260534215
感覚,0.0,0.0026435850178395002,-0.0026435850178395002,0.0026435850178395002
さ,0.0009191428132402123,0.0035451405401508477,-0.0026259977269106356,0.0026259977269106356
ペダル,0.002860715592229605,0.0002502304627106621,0.002610485129518943,0.002610485129518943
薬指,0.0,0.0025987177326929995,-0.0025987177326929995,0.0025987177326929995
シート,0.003156220523676226,0.00056698595946174,0.002589234564214486,0.002589234564214486
鬼ごっこ,0.003639381407530333,0.006215346816259804,-0.0025759654087294708,0.0025759654087294708
傷,0.00014299548066779843,0.0027188876261623187,-0.0025758921454945203,0.0025758921454945203
倒立,0.0005727122731631532,0.003129368297495903,-0.00255665602433275,0.00255665602433275
ラケット,0.005198821520122882,0.0026436480876085213,0.0025551734325143603,0.0025551734325143603
眉,0.0,0.0025521382519214787,-0.0025521382519214787,0.0025521382519214787
背中,0.0021993081311530967,0.004745397269042861,-0.0025460891378897644,0.0025460891378897644
脳,0.0003497329639981278,0.0028811595185854527,-0.0025314265545873247,0.0025314265545873247
守る,0.003907931394298378,0.0014131305618812985,0.002494800832417079,0.002494800832417079
入院,0.0001404665813406064,0.0026271594933273573,-0.002486692911986751,0.002486692911986751
至近,0.0005206674979645978,0.0030025258338691684,-0.0024818583359045706,0.0024818583359045706
セカンド,0.0030779515372086597,0.000608977296253666,0.0024689742409549935,0.0024689742409549935
台,0.00156466978982095,0.00402072458039563,-0.0024560547905746796,0.0024560547905746796
作業,0.0007552004204793751,0.003199349738090806,-0.002444149317611431,0.002444149317611431
底,0.00070203388344339,0.0031435167727746362,-0.0024414828893312463,0.0024414828893312463
一部,0.0,0.002416496747901753,-0.002416496747901753,0.002416496747901753
変形,0.0,0.002397663492365431,-0.002397663492365431,0.002397663492365431
睾丸,0.0,0.0023962574911794276,-0.0023962574911794276,0.0023962574911794276
感じる,0.00032562326655486714,0.0027180344895938223,-0.002392411223038955,0.002392411223038955
車輪,0.002688482977518318,0.0002995155465458983,0.0023889674309724197,0.0023889674309724197
トイレ,0.0021872443375712163,0.004576035994315583,-0.0023887916567443667,0.0023887916567443667
足首,0.0,0.002378776506312706,-0.002378776506312706,0.002378776506312706
つまずく,0.007073260266308488,0.004695909864352724,0.002377350401955764,0.002377350401955764
頭,0.011598035631265227,0.009220858506945068,0.0023771771243201595,0.0023771771243201595
縁石,0.002830156145154962,0.0004563953330802918,0.0023737608120746705,0.0023737608120746705
部分,0.004304970980366355,0.006661301045356715,-0.0023563300649903597,0.0023563300649903597
ひっかく,0.0,0.002353348817719674,-0.002353348817719674,0.002353348817719674
下腿,0.00015734724194560457,0.0024986193806842004,-0.002341272138738596,0.002341272138738596
間,0.0022958526726658225,0.004620726178635177,-0.002324873505969355,0.002324873505969355
サード,0.0029967672810280507,0.0006778519735993535,0.002318915307428697,0.002318915307428697
足,0.01666544540566146,0.014356972912812615,0.0023084724928488457,0.0023084724928488457
雑巾,0.003051928426232977,0.0007531287272822294,0.0022987996989507478,0.0022987996989507478
状態,0.004637916802556704,0.006935091074933769,-0.0022971742723770653,0.0022971742723770653
坂道,0.003404432123145604,0.0011080056930658114,0.002296426430079793,0.002296426430079793
閉める,0.0002892697333073424,0.0025776137179181332,-0.002288343984610791,0.002288343984610791
植込み,0.0,0.002265099434426821,-0.002265099434426821,0.002265099434426821
爪,0.0,0.002260820698071745,-0.002260820698071745,0.002260820698071745
スリップ,0.002474173789018595,0.000245513232452557,0.002228660556566038,0.002228660556566038
られる,0.005471325580504912,0.007681434290590074,-0.0022101087100851614,0.0022101087100851614
雨,0.003360678208054213,0.0011535461128206776,0.002207132095233535,0.002207132095233535
人差し指,0.0,0.0022045878927633377,-0.0022045878927633377,0.0022045878927633377
スピード,0.0037396945053587488,0.0015364103284695838,0.002203284176889165,0.002203284176889165
創,0.0,0.0021979853569033835,-0.0021979853569033835,0.0021979853569033835
右目,0.0,0.002174332637530553,-0.002174332637530553,0.002174332637530553
骨,0.0015063126839098655,0.0036796559264176483,-0.002173343242507783,0.002173343242507783
昇降,0.0010444731829072232,0.0031861801665074036,-0.0021417069836001806,0.0021417069836001806
圧迫,0.0001923010215483173,0.0023294452618806342,-0.002137144240332317,0.002137144240332317
ごと,0.00356283163212077,0.0014401588980811164,0.0021226727340396536,0.0021226727340396536
破損,0.0029680667901495843,0.0008498258479271862,0.002118240942222398,0.002118240942222398
様子,0.00014243528197258488,0.0022572493756320847,-0.0021148140936595,0.0021148140936595
器,0.0,0.0020974636889624716,-0.0020974636889624716,0.0020974636889624716
けんか,0.0010543662151493462,0.003143002319061348,-0.002088636103912002,0.002088636103912002
乗り上げる,0.0024288169754903832,0.00034683106044945276,0.0020819859150409304,0.0020819859150409304
破片,0.0,0.0020810761160707926,-0.0020810761160707926,0.0020810761160707926
ショート,0.0028948680837641958,0.0008169293477239203,0.0020779387360402753,0.0020779387360402753
打ち付ける,0.00549215963946993,0.003432825981846229,0.002059333657623701,0.002059333657623701
バッティング,0.008523739112643288,0.010571441829902497,-0.002047702717259209,0.002047702717259209
回,0.0013046726342302482,0.0033376078964975357,-0.0020329352622672874,0.0020329352622672874
後日,0.0002163465840966551,0.002238964431480777,-0.0020226178473841216,0.0020226178473841216
昼食,0.0030168650702606663,0.005035620101978503,-0.002018755031717837,0.002018755031717837
左側,0.0017667775649113523,0.0037696412832106787,-0.0020028637182993264,0.0020028637182993264
車,0.004370244394545074,0.006369241936626619,-0.0019989975420815443,0.0019989975420815443
蘇生,0.0,0.0019964613927296844,-0.0019964613927296844,0.0019964613927296844
逃げる,0.001962863101585246,0.00395634657065289,-0.001993483469067644,0.001993483469067644
痛い,0.0001926614640399256,0.0021850458842793425,-0.001992384420239417,0.001992384420239417
来る,0.00509244430833352,0.0031039213337053684,0.0019885229746281516,0.0019885229746281516
戸,0.00014978555218787856,0.002130408496686007,-0.001980622944498128,0.001980622944498128
ない,0.0010597428194697176,0.0030179492780944336,-0.001958206458624716,0.001958206458624716
曲がる,0.0033469866378818525,0.001390078890706863,0.0019569077471749893,0.0019569077471749893
体操,0.0015717745046054414,0.003523065089674646,-0.0019512905850692045,0.0019512905850692045
ゲーム,0.006584953328109459,0.004635892813629162,0.0019490605144802968,0.0019490605144802968
目,0.004181961528686377,0.0061248053685978915,-0.0019428438399115141,0.0019428438399115141
下る,0.002880876194511257,0.0009478838481896814,0.0019329923463215757,0.0019329923463215757
下肢,0.0001078266886532212,0.002038873195361782,-0.0019310465067085608,0.0019310465067085608
開ける,0.0003092042339680202,0.002238217901211421,-0.0019290136672434005,0.0019290136672434005
道,0.002559211605333548,0.0006356636143736662,0.001923547990959882,0.001923547990959882
戻る,0.0028623574001591713,0.00478542045213999,-0.0019230630519808186,0.0019230630519808186
高次,0.0,0.0019070513212292666,-0.0019070513212292666,0.0019070513212292666
～,0.0003438803625536453,0.0022499536460623658,-0.0019060732835087205,0.0019060732835087205
マシン,0.0006838731399351745,0.0025740329035908497,-0.0018901597636556751,0.0018901597636556751
バッターボックス,0.003527140470694642,0.0016428006828315036,0.0018843397878631383,0.0018843397878631383
出血,0.0065458264598096455,0.004675658071930648,0.0018701683878789973,0.0018701683878789973
引っかく,0.0,0.0018661846977174575,-0.0018661846977174575,0.0018661846977174575
身体,0.0012243064077774903,0.003086128575485765,-0.0018618221677082747,0.0018618221677082747
馬,0.0021832981877889955,0.0003306357441218213,0.0018526624436671741,0.0018526624436671741
バレーボール,0.005490347560595739,0.0036411913277399565,0.0018491562328557822,0.0018491562328557822
タックル,0.0011790328476462717,0.0030229147503220513,-0.0018438819026757795,0.0018438819026757795
激突,0.0040322100217632965,0.0021894441711749345,0.001842765850588362,0.001842765850588362
ベランダ,0.0,0.001842043236545985,-0.001842043236545985,0.001842043236545985
ガードレール,0.002334154211476381,0.0005058151488428658,0.0018283390626335151,0.0018283390626335151
昼休み,0.002650971175482477,0.004472967905957852,-0.0018219967304753748,0.0018219967304753748
網膜,0.0,0.001819500770760913,-0.001819500770760913,0.001819500770760913
止まる,0.0029639339785220865,0.0011509937222619598,0.0018129402562601267,0.0018129402562601267
組,0.0011434488857148565,0.0029539307180846833,-0.0018104818323698268,0.0018104818323698268
車道,0.0019199032802729734,0.00011796112544861556,0.0018019421548243577,0.0018019421548243577
チーム,0.00822031570887532,0.006418742821806369,0.0018015728870689508,0.0018015728870689508
教員,0.0013912657167547107,0.003190933084233971,-0.0017996673674792601,0.0017996673674792601
歩行,0.0022918640018722873,0.0004934758377774014,0.0017983881640948858,0.0017983881640948858
ICD,0.0,0.001787253999251558,-0.001787253999251558,0.001787253999251558
破裂,0.0,0.0017812445301777491,-0.0017812445301777491,0.0017812445301777491
上部,0.0003955953471728873,0.0021683749255903663,-0.001772779578417479,0.001772779578417479
名,0.0017879623073642774,0.003557535074371208,-0.0017695727670069307,0.0017695727670069307
ｃｍ,0.00011817408031843106,0.001886989778100746,-0.001768815697782315,0.001768815697782315
歯肉,0.001818755313194001,5.06802017601572e-05,0.0017680751114338437,0.0017680751114338437
頚部,0.00031043929492661116,0.002069432879650336,-0.0017589935847237249,0.0017589935847237249
上腕,0.0,0.0017579398335565229,-0.0017579398335565229,0.0017579398335565229
アスファルト,0.0025542771647582728,0.0007989656331685275,0.0017553115315897452,0.0017553115315897452
ブランコ,0.0003536917829845623,0.002107846248784429,-0.0017541544657998665,0.0017541544657998665
がけ,0.002029584159157721,0.0002772004592953993,0.0017523836998623217,0.0017523836998623217
濡れる,0.002776591719237328,0.0010285562621465357,0.001748035457090792,0.001748035457090792
可動,0.0,0.0017370549580516552,-0.0017370549580516552,0.0017370549580516552
デッドボール,0.001995445711774372,0.0002685371618882807,0.0017269085498860912,0.0017269085498860912
症,0.0,0.001722955860362152,-0.001722955860362152,0.001722955860362152
枝,0.0,0.0017171852351804417,-0.0017171852351804417,0.0017171852351804417
バント,0.0042543895250224525,0.0025390932408660854,0.001715296284156367,0.001715296284156367
玄関,0.0005531202707456811,0.0022680276773371522,-0.001714907406591471,0.001714907406591471
跳ぶ,0.002010858754220986,0.0037209391542632818,-0.0017100804000422958,0.0017100804000422958
滑走,0.002221178868764381,0.0005129423554566707,0.0017082365133077103,0.0017082365133077103
スマッシュ,0.0006339351326338373,0.0023393351220195474,-0.00170539998938571,0.00170539998938571
中心,8.588592171494935e-05,0.0017852356223611544,-0.001699349700646205,0.001699349700646205
キャッチ,0.003693990203648652,0.0019955609736062416,0.0016984292300424105,0.0016984292300424105
構える,0.002049912960064148,0.0003548190923706565,0.0016950938676934917,0.0016950938676934917
押す,0.0036047407420575503,0.0052954249771844574,-0.0016906842351269071,0.0016906842351269071
形,0.0013969940610504866,0.003083674867559192,-0.0016866808065087052,0.0016866808065087052
眼鏡,0.0001571181963216892,0.0018437203657924001,-0.001686602169470711,0.001686602169470711
勢い,0.005305054568278029,0.0036199924298626622,0.0016850621384153666,0.0016850621384153666
くる,0.016122712839496532,0.01444279443894604,0.0016799184005504928,0.0016799184005504928
深い,0.00039129299126153966,0.0020666850277185115,-0.001675392036456972,0.001675392036456972
休み,0.0006265742297389387,0.0022985729673825443,-0.0016719987376436055,0.0016719987376436055
補助,0.00035429855910017904,0.0020251005542351597,-0.0016708019951349807,0.0016708019951349807
大会,0.0036750010885924595,0.005343422913052425,-0.0016684218244599654,0.0016684218244599654
m,0.0006871963838311469,0.0023550189400100823,-0.0016678225561789354,0.0016678225561789354
精巣,0.0,0.0016664493432798524,-0.0016664493432798524,0.0016664493432798524
用,0.0010381665684098236,0.002694025774774959,-0.0016558592063651355,0.0016558592063651355
階段,0.008588896145549479,0.006940479083408581,0.0016484170621408984,0.0016484170621408984
制限,0.0,0.0016474801664241603,-0.0016474801664241603,0.0016474801664241603
ひっかかる,0.002912290951801052,0.001272006839016168,0.0016402841127848842,0.0016402841127848842
科,0.000447894877470355,0.0020802010028691193,-0.0016323061253987643,0.0016323061253987643
ゴールキーパー,0.004203955618728753,0.0025727507304873828,0.00163120488824137,0.00163120488824137
呼吸,0.00017737435318574153,0.0018075175092733327,-0.0016301431560875911,0.0016301431560875911
転ぶ,0.006502754557005969,0.004895569254758934,0.0016071853022470344,0.0016071853022470344
転落,0.003343831707629586,0.004950739776568438,-0.0016069080689388522,0.0016069080689388522
カーブ,0.002796099991186935,0.0011916351990352426,0.0016044647921516922,0.0016044647921516922
投げ出す,0.002168070642506502,0.0005666118061415146,0.0016014588363649873,0.0016014588363649873
閉まる,0.0,0.001600814274945298,-0.001600814274945298,0.001600814274945298
損傷,0.004406754972253582,0.002810820304409407,0.0015959346678441752,0.0015959346678441752
域,0.0,0.0015938333838957793,-0.0015938333838957793,0.0015938333838957793
友人,0.018364215969534914,0.019939731925073728,-0.0015755159555388143,0.0015755159555388143
分,0.0006904704618230315,0.0022620087922195914,-0.0015715383303965599,0.0015715383303965599
後頭部,0.00190825019416166,0.0034789918285944264,-0.0015707416344327664,0.0015707416344327664
つく,0.006221450913995959,0.00777901034406316,-0.0015575594300672015,0.0015575594300672015
棒,0.004327546199286251,0.0027700188185863306,0.0015575273806999208,0.0015575273806999208
歯槽,0.0016083099101004486,5.204022501018495e-05,0.0015562696850902637,0.0015562696850902637
柱,0.0005410440121873291,0.0020878872712525565,-0.0015468432590652274,0.0015468432590652274
ゴロ,0.0020342086770639084,0.0004891276163346462,0.0015450810607292621,0.0015450810607292621
飛び込み,0.00025152891701044934,0.0017961732448204299,-0.0015446443278099805,0.0015446443278099805
廊下,0.011904017200396744,0.010370576860669601,0.0015334403397271427,0.0015334403397271427
鍋,0.0,0.0015250084566508088,-0.0015250084566508088,0.0015250084566508088
ひねる,0.0,0.0015077886805934292,-0.0015077886805934292,0.0015077886805934292
暗い,0.0003423811191959371,0.001845387596406486,-0.001503006477210549,0.001503006477210549
頭痛,0.0002979114701437685,0.0017996511041499992,-0.0015017396340062305,0.0015017396340062305
教諭,0.0005380553628100456,0.002038179443687091,-0.0015001240808770455,0.0015001240808770455
挫傷,0.0,0.0014992757774188797,-0.0014992757774188797,0.0014992757774188797
遊戯,0.0,0.0014991950690977822,-0.0014991950690977822,0.0014991950690977822
正面,0.0030792822522264,0.0015805132222196827,0.0014987690300067172,0.0014987690300067172
右肩,0.00036430119803345534,0.0018578449640415018,-0.0014935437660080464,0.0014935437660080464
開く,0.0001175890014273279,0.0015993600668638246,-0.0014817710654364967,0.0014817710654364967
フェンス,0.002875761955098136,0.0014005735139334904,0.0014751884411646457,0.0014751884411646457
引っ掛かる,0.003069490920201486,0.0015963343864496932,0.0014731565337517928,0.0014731565337517928
置く,0.001667878934824286,0.0031386442573965137,-0.0014707653225722278,0.0014707653225722278
製,0.0005095745128329468,0.001973968598753648,-0.0014643940859207015,0.0014643940859207015
ドリブル,0.003061194685344408,0.00159984818900676,0.0014613464963376482,0.0014613464963376482
損ねる,0.0037393056035266393,0.0022874553714927227,0.0014518502320339166,0.0014518502320339166
使う,0.0022613868483315753,0.0037033408979505913,-0.001441954049619016,0.001441954049619016
卓球,0.00045249616931094193,0.0018922059111946773,-0.0014397097418837354,0.0014397097418837354
離れる,0.004495881147325528,0.0030580178002135258,0.001437863347112002,0.001437863347112002
周,0.0005457513758416427,0.001979385458785543,-0.0014336340829439005,0.0014336340829439005
応援,0.002313010040947173,0.0008812855683798756,0.0014317244725672975,0.0014317244725672975
飛び込む,0.001010871736546808,0.002435775231380193,-0.0014249034948333851,0.0014249034948333851
祭,0.004311393329690042,0.0028891149896144996,0.0014222783400755423,0.0014222783400755423
始業,0.0014040090236391055,0.0028259623413278536,-0.001421953317688748,0.001421953317688748
減じる,0.0,0.001420775416704124,-0.001420775416704124,0.001420775416704124
追いかける,0.006388867597476715,0.004971162267559318,0.0014177053299173972,0.0014177053299173972
園児,0.00042773635703621717,0.0018448686212226338,-0.0014171322641864167,0.0014171322641864167
運動,0.0149350833351743,0.016343385884276234,-0.0014083025491019342,0.0014083025491019342
ノッカー,0.0016378638074514976,0.0002324511666601301,0.0014054126407913674,0.0014054126407913674
左上,0.0009183244269737094,0.00232186461777082,-0.0014035401907971107,0.0014035401907971107
傘,0.003362843926507217,0.0019660225417784624,0.0013968213847287548,0.0013968213847287548
外れる,0.0035097209771039473,0.002114139934691806,0.0013955810424121414,0.0013955810424121414
まぶた,0.0,0.0013949500444818681,-0.0013949500444818681,0.0013949500444818681
要請,0.0,0.0013854126202265346,-0.0013854126202265346,0.0013854126202265346
着替え,0.00030062258179153965,0.00168174224582668,-0.0013811196640351403,0.0013811196640351403
畳,0.000264733904184549,0.0016415537214958082,-0.001376819817311259,0.001376819817311259
学習,0.0014706919248874812,0.002844395699356894,-0.0013737037744694129,0.0013737037744694129
オフェンス,0.0017486803522926517,0.0003789635209609342,0.0013697168313317174,0.0013697168313317174
左肩,0.0,0.0013670686653918735,-0.0013670686653918735,0.0013670686653918735
歯茎,0.001412374937799967,5.170724825758958e-05,0.0013606676895423773,0.0013606676895423773
手首,0.0007798348636218198,0.002139360680805457,-0.0013595258171836373,0.0013595258171836373
冷却,0.0,0.0013557005026782053,-0.0013557005026782053,0.0013557005026782053
跳箱,0.0007860152549805917,0.002136909696095945,-0.0013508944411153533,0.0013508944411153533
実験,0.0004591213727968336,0.001805524104949828,-0.0013464027321529945,0.0013464027321529945
cm,0.00020119802181669318,0.0015329148799950927,-0.0013317168581783996,0.0013317168581783996
刺さる,0.0007149535736502447,0.002046360523116029,-0.0013314069494657842,0.0013314069494657842
㎝,0.0,0.0013278301871458005,-0.0013278301871458005,0.0013278301871458005
スイング,0.0017689463950303463,0.00044535249622859943,0.0013235938988017469,0.0013235938988017469
側,0.0034403814873233034,0.004763416360594291,-0.0013230348732709875,0.0013230348732709875
途中,0.005763501326722261,0.004444400549767879,0.001319100776954382,0.001319100776954382
熱傷,0.0,0.0013184963787553222,-0.0013184963787553222,0.0013184963787553222
交差点,0.0016947085182997912,0.0003764883164837355,0.0013182202018160558,0.0013182202018160558
嘔吐,0.0,0.0013162198670657245,-0.0013162198670657245,0.0013162198670657245
球,0.008931257615357254,0.007615077537668418,0.0013161800776888364,0.0013161800776888364
作る,0.00033071301964628124,0.001645199596505067,-0.001314486576858786,0.001314486576858786
ポスト,0.002048031680443292,0.0007372554895149954,0.0013107761909282967,0.0013107761909282967
チームメイト,0.002702182990643702,0.0013921852473394833,0.0013099977433042188,0.0013099977433042188
会,0.001744997410104863,0.003053742719129865,-0.001308745309025002,0.001308745309025002
ファウルチップ,0.0,0.0013051835084376177,-0.0013051835084376177,0.0013051835084376177
音,0.00023501489487048064,0.001537618032111541,-0.0013026031372410604,0.0013026031372410604
歯根,0.00130122015736673,0.0,0.00130122015736673,0.00130122015736673
柔道,0.0029332140778320906,0.004231478830298265,-0.0012982647524661748,0.0012982647524661748
頚椎,0.0,0.0012974934120332626,-0.0012974934120332626,0.0012974934120332626
交流,0.0015102757001989712,0.00021667089764086412,0.001293604802558107,0.001293604802558107
時限,0.0003523904549439016,0.0016450540571449107,-0.001292663602201009,0.001292663602201009
鬼,0.0008607744606156467,0.0021473702334376342,-0.0012865957728219876,0.0012865957728219876
せき柱,0.0,0.0012800006106647274,-0.0012800006106647274,0.0012800006106647274
持つ,0.006084699799512044,0.007363390852370655,-0.001278691052858611,0.001278691052858611
立つ,0.005033659084267059,0.0037577197866872874,0.0012759392975797714,0.0012759392975797714
指先,0.0,0.0012755928187420653,-0.0012755928187420653,0.0012755928187420653
片付ける,0.0002752024984791954,0.0015434838882369911,-0.0012682813897577957,0.0012682813897577957
狭窄,0.0,0.0012659386599161216,-0.0012659386599161216,0.0012659386599161216
入れる,0.002011387807123139,0.0032690605356374886,-0.0012576727285143496,0.0012576727285143496
端,0.0008695266376335528,0.002120819439105503,-0.0012512928014719504,0.0012512928014719504
ロッカー,0.00047160283472938517,0.0017220083640118419,-0.0012504055292824566,0.0012504055292824566
男子,0.0023316270975317663,0.0035814767595025443,-0.001249849661970778,0.001249849661970778
巻き込む,0.00040411139435681394,0.0016520179553663648,-0.001247906561009551,0.001247906561009551
坂,0.0018540034328229373,0.0006074391450142775,0.0012465642878086599,0.0012465642878086599
機,0.00041191062521417235,0.0016485012874665847,-0.0012365906622524123,0.0012365906622524123
段,0.0018226466984634338,0.0030584938646937066,-0.0012358471662302728,0.0012358471662302728
実施,0.0003362667931019079,0.00157200254427741,-0.001235735751175502,0.001235735751175502
ランナー,0.0022539434729988185,0.0010259578237990577,0.0012279856491997608,0.0012279856491997608
眉間,0.0,0.0012260433250130922,-0.0012260433250130922,0.0012260433250130922
四肢,0.00017478133300093566,0.0013951322160529436,-0.001220350883052008,0.001220350883052008
準備,0.004328531993851912,0.005532647885209089,-0.0012041158913571768,0.0012041158913571768
者,0.00119270667848071,0.0023945960603298025,-0.0012018893818490925,0.0012018893818490925
技,0.0018532538230713045,0.0030541973532905676,-0.0012009435302192631,0.0012009435302192631
引っかかる,0.0023050813655619636,0.0011096558348624868,0.0011954255306994767,0.0011954255306994767
操作,0.0021363683090077717,0.0009435329269512616,0.00119283538205651,0.00119283538205651
火傷,0.0,0.0011846520957998691,-0.0011846520957998691,0.0011846520957998691
遊具,0.0016973192913003463,0.0028745739700116665,-0.0011772546787113202,0.0011772546787113202
抜く,0.002114086005540041,0.0009403122370549389,0.0011737737684851019,0.0011737737684851019
付近,0.005456089627811896,0.006628252285409317,-0.001172162657597421,0.001172162657597421
翌日,0.00018066363086575074,0.0013524799972607622,-0.0011718163663950116,0.0011718163663950116
先,0.002508881387035198,0.0036796870552048993,-0.0011708056681697014,0.0011708056681697014
ハンドボール,0.0011742117009432877,0.0023444568076160487,-0.001170245106672761,0.001170245106672761
ハードル,0.0,0.0011691750547415144,-0.0011691750547415144,0.0011691750547415144
低い,0.0018292440222827538,0.0006626584217636983,0.0011665856005190554,0.0011665856005190554
靴,0.002545804959742085,0.0013803975527796153,0.0011654074069624696,0.0011654074069624696
胸骨,0.0,0.0011648527562490689,-0.0011648527562490689,0.0011648527562490689
引っ掻く,0.0,0.001163541681523807,-0.001163541681523807,0.001163541681523807
砂利,0.0013741273424092368,0.00021288607167550025,0.0011612412707337366,0.0011612412707337366
スキー,0.0032087239361063497,0.0020487897953303407,0.001159934140776009,0.001159934140776009
側溝,0.00327782554777536,0.002118809286850825,0.0011590162609245351,0.0011590162609245351
植え込む,0.0,0.0011583385392624857,-0.0011583385392624857,0.0011583385392624857
刃,0.0,0.0011576187483950304,-0.0011576187483950304,0.0011576187483950304
ロック,0.0013451132745267841,0.00018769913597081267,0.0011574141385559714,0.0011574141385559714
肢,0.0,0.001156484531479628,-0.001156484531479628,0.001156484531479628
損なう,0.002224770642385521,0.0010712947799662556,0.0011534758624192655,0.0011534758624192655
根本,0.0011497274144884064,0.0,0.0011497274144884064,0.0011497274144884064
あたる,0.0010143009091058402,0.0021614556759596637,-0.0011471547668538236,0.0011471547668538236
親指,0.00011787987437598056,0.0012637230563660267,-0.0011458431819900462,0.0011458431819900462
保護,0.0,0.001145377801550669,-0.001145377801550669,0.001145377801550669
滑り,0.001627530538203807,0.0004842308619818366,0.0011432996762219703,0.0011432996762219703
水,0.0013457478822247021,0.002486483085935951,-0.0011407352037112488,0.0011407352037112488
とる,0.00367853367976106,0.002539053585215474,0.0011394800945455858,0.0011394800945455858
位,0.00074257736384239,0.0018804012596212586,-0.0011378238957788687,0.0011378238957788687
自動車,0.0013388534914333917,0.0002035350496531879,0.0011353184417802037,0.0011353184417802037
ぶら下がる,0.000327322638648717,0.0014612621592566646,-0.0011339395206079476,0.0011339395206079476
停止,0.0008457891135637924,0.0019787423002067617,-0.0011329531866429692,0.0011329531866429692
担当,0.0002563852825814098,0.00138911128698582,-0.0011327260044044101,0.0011327260044044101
日,0.0006352866815846659,0.001764914220412449,-0.001129627538827783,0.001129627538827783
投手,0.0014620947461801254,0.0025913322272896077,-0.0011292374811094823,0.0011292374811094823
けいれん,0.0,0.0011292128317432735,-0.0011292128317432735,0.0011292128317432735
永久歯,0.001127258009288281,0.0,0.001127258009288281,0.001127258009288281
投球,0.0010585258754768326,0.002184669199453761,-0.0011261433239769284,0.0011261433239769284
跳び箱,0.0004063467700975354,0.0015305075353447375,-0.0011241607652472021,0.0011241607652472021
形式,0.004433504406994584,0.0033096186975905134,0.0011238857094040709,0.0011238857094040709
フック,0.0,0.001122104527960737,-0.001122104527960737,0.001122104527960737
完全,0.0013663460479680439,0.000248482857480239,0.001117863190487805,0.001117863190487805
突く,0.0003115789920148357,0.0014244672806704543,-0.0011128882886556188,0.0011128882886556188
バック,0.0022148823729307367,0.0011029151796113934,0.0011119671933193433,0.0011119671933193433
出す,0.002809770796132224,0.003919531173766254,-0.0011097603776340304,0.0011097603776340304
いす,0.00037660048269269055,0.001486325536960321,-0.0011097250542676305,0.0011097250542676305
下敷き,0.00026469656116751136,0.0013694332409351637,-0.0011047366797676524,0.0011047366797676524
つける,0.0009567906567338549,0.002058224625184294,-0.0011014339684504392,0.0011014339684504392
言う,0.0007124679036692106,0.0018135015794165572,-0.0011010336757473465,0.0011010336757473465
ルーズボール,0.0012849026562051368,0.0001902122076643777,0.001094690448540759,0.001094690448540759
処置,0.00021206591795269457,0.0013042721069977028,-0.0010922061890450082,0.0010922061890450082
見える,0.0009953066798181018,0.0020872759690375832,-0.0010919692892194814,0.0010919692892194814
追う,0.003956582199402929,0.002865385632397541,0.0010911965670053884,0.0010911965670053884
眼下,0.0,0.0010907155923810812,-0.0010907155923810812,0.0010907155923810812
担任,0.001555345588793153,0.0026443983806124925,-0.0010890527918193396,0.0010890527918193396
朝,0.0027663662567011375,0.0038498137478051257,-0.0010834474911039882,0.0010834474911039882
片,0.0,0.0010820180927952935,-0.0010820180927952935,0.0010820180927952935
強風,0.0,0.0010814731102374074,-0.0010814731102374074,0.0010814731102374074
向く,0.0024246860167541624,0.0013442141454176888,0.0010804718713364736,0.0010804718713364736
冠,0.0011327665667371783,5.304492334639079e-05,0.0010797216433907875,0.0010797216433907875
部活,0.0021521263878627457,0.0010739103127694266,0.001078216075093319,0.001078216075093319
外野,0.0031494498721092944,0.002072664615611963,0.0010767852564973314,0.0010767852564973314
跳ねる,0.001519686198826662,0.0004443680863263293,0.0010753181125003329,0.0010753181125003329
遠征,0.0016104965199802155,0.0005368675691401396,0.0010736289508400758,0.0010736289508400758
キーパー,0.0011818975372906468,0.002248685737769154,-0.0010667882004785074,0.0010667882004785074
級友,0.0,0.001066533808782467,-0.001066533808782467,0.001066533808782467
輪,0.001720583074487931,0.0006541218498473883,0.0010664612246405426,0.0010664612246405426
ぐらつく,0.001379784959663425,0.00031767707190643674,0.0010621078877569882,0.0010621078877569882
トラブル,0.001050618959299577,0.0021110546963485745,-0.0010604357370489976,0.0010604357370489976
打ち返す,0.0007663504259745574,0.0018265915336214634,-0.001060241107646906,0.001060241107646906
火,0.0,0.001058490450709598,-0.001058490450709598,0.001058490450709598
.,0.0,0.00105793777280263,-0.00105793777280263,0.00105793777280263
切れる,0.005127583417913434,0.004075222079126735,0.0010523613387866983,0.0010523613387866983
ブラシ,0.0013024492184544553,0.00025156827731365856,0.0010508809411407967,0.0010508809411407967
部員,0.005245350160553637,0.0041972585053909875,0.00104809165516265,0.00104809165516265
穴,0.0002461614935555601,0.0012939474376696108,-0.0010477859441140507,0.0010477859441140507
鉛筆,0.0,0.0010456405481013846,-0.0010456405481013846,0.0010456405481013846
バッティングマシーン,0.0,0.0010399098587238619,-0.0010399098587238619,0.0010399098587238619
テスト,0.00043297622708168284,0.0014679359075160014,-0.0010349596804343185,0.0010349596804343185
午後,0.00010601442121095279,0.0011368358731876408,-0.001030821451976688,0.001030821451976688
泳ぐ,0.0,0.001030459818037904,-0.001030459818037904,0.001030459818037904
仰向け,0.00012662299112316095,0.0011566172051894082,-0.0010299942140662472,0.0010299942140662472
眼瞼,0.0,0.0010276684958581985,-0.0010276684958581985,0.0010276684958581985
うずくまる,0.0,0.0010273717210865366,-0.0010273717210865366,0.0010273717210865366
士,0.0,0.0010261840526734037,-0.0010261840526734037,0.0010261840526734037
定規,0.0,0.001025883427071342,-0.001025883427071342,0.001025883427071342
近く,0.005653090677117953,0.006677075085534289,-0.0010239844084163358,0.0010239844084163358
腰部,0.0001890412758517716,0.001211516038158117,-0.0010224747623063454,0.0010224747623063454
膜,0.0,0.0010208776093704483,-0.0010208776093704483,0.0010208776093704483
腕骨,0.0,0.0010204831602065496,-0.0010204831602065496,0.0010204831602065496
振り返る,0.0026271048614279445,0.0016068576101821548,0.0010202472512457897,0.0010202472512457897
はさむ,0.00011528994965215845,0.001134824749985587,-0.0010195348003334285,0.0010195348003334285
腕,0.003086436098109461,0.004105042886102956,-0.0010186067879934956,0.0010186067879934956
見失う,0.0015011099815352127,0.0004842706081916248,0.0010168393733435879,0.0010168393733435879
動ける,0.00018678439421233973,0.0012020778345306496,-0.0010152934403183098,0.0010152934403183098
駐車,0.00157919283964168,0.0005660539067918205,0.0010131389328498597,0.0010131389328498597
胸椎,0.0,0.0010116370797366638,-0.0010116370797366638,0.0010116370797366638
水泳,0.0014275036251732833,0.0024317205462697075,-0.0010042169210964242,0.0010042169210964242
叩く,0.0007943663284368572,0.0017973144336913716,-0.0010029481052545143,0.0010029481052545143
調理,0.0,0.0010014685860108,-0.0010014685860108,0.0010014685860108
スタート,0.00025169931192804067,0.001253039363422904,-0.0010013400514948634,0.0010013400514948634
跳ね返る,0.0031207269681717054,0.004118715934451451,-0.0009979889662797459,0.0009979889662797459
話,0.0009355330387904097,0.0019331002689967015,-0.000997567230206292,0.000997567230206292
殴る,0.0025049423268148556,0.003502082644619585,-0.0009971403178047292,0.0009971403178047292
立てる,0.0006559845622259241,0.001652847376473759,-0.000996862814247835,0.000996862814247835
交錯,0.0015613354442754373,0.0005648607353412004,0.0009964747089342369,0.0009964747089342369
ひも,0.0016978300724822422,0.0007024380344013859,0.0009953920380808563,0.0009953920380808563
続ける,0.00036830923332095895,0.0013634894248816427,-0.0009951801915606838,0.0009951801915606838
剥離,0.0,0.0009935594350384154,-0.0009935594350384154,0.0009935594350384154
家庭,0.0,0.000991974322495456,-0.000991974322495456,0.000991974322495456
遠足,0.001879985772772072,0.0008938145699351792,0.0009861712028368928,0.0009861712028368928
つかまる,0.0,0.0009834816892741129,-0.0009834816892741129,0.0009834816892741129
診断,0.0001374570765271638,0.0011207121057675243,-0.0009832550292403605,0.0009832550292403605
川,0.0015398341204044949,0.0005586851185309325,0.0009811490018735622,0.0009811490018735622
荷物,0.0018281574527403398,0.0008495773480763188,0.000978580104664021,0.000978580104664021
全身,0.0006605864531471945,0.0016384283585982895,-0.0009778419054510949,0.0009778419054510949
臀部,0.00020498082899315877,0.0011824877714256095,-0.0009775069424324506,0.0009775069424324506
開放,0.0,0.0009766534370040207,-0.0009766534370040207,0.0009766534370040207
一緒,0.002197198417635616,0.003172437344703032,-0.0009752389270674161,0.0009752389270674161
止血,0.0,0.0009749998736377354,-0.0009749998736377354,0.0009749998736377354
踏む,0.0004318172252325242,0.001406357280698512,-0.0009745400554659878,0.0009745400554659878
水筒,0.0017778624774467259,0.0008080144511195984,0.0009698480263271275,0.0009698480263271275
隙間,0.00014832485994875768,0.0011119415168928718,-0.0009636166569441142,0.0009636166569441142
断,0.0,0.0009613675694260713,-0.0009613675694260713,0.0009613675694260713
失明,0.0,0.0009611661330176872,-0.0009611661330176872,0.0009611661330176872
程度,0.00036369144057272747,0.0013202431060101174,-0.0009565516654373899,0.0009565516654373899
ライト,0.0014769958622175314,0.0005225546468777656,0.0009544412153397658,0.0009544412153397658
症状,0.00037208360691265283,0.001325482214610107,-0.0009533986076974543,0.0009533986076974543
駅,0.001576263584762437,0.0006241431200459843,0.0009521204647164528,0.0009521204647164528
車椅子,0.0013459896333501034,0.0003977393460320259,0.0009482502873180775,0.0009482502873180775
箇所,0.00021537891999492297,0.001162732896749975,-0.000947353976755052,0.000947353976755052
騎馬,0.0,0.0009454388844362821,-0.0009454388844362821,0.0009454388844362821
裂,0.0,0.0009386452391446259,-0.0009386452391446259,0.0009386452391446259
クラスメート,0.0010717848575092135,0.00013561752529650384,0.0009361673322127096,0.0009361673322127096
機械,0.0003473020550448173,0.0012811831996891038,-0.0009338811446442865,0.0009338811446442865
パス,0.0025158639171109277,0.0034495623362821703,-0.0009336984191712426,0.0009336984191712426
年生,0.0006010133827911849,0.0015344101302148814,-0.0009333967474236965,0.0009333967474236965
耳鳴り,0.0,0.0009324289167041733,-0.0009324289167041733,0.0009324289167041733
ろ,0.0025932291158339603,0.0035254118623697242,-0.0009321827465357639,0.0009321827465357639
上げる,0.002091629299137332,0.003017612756197674,-0.0009259834570603423,0.0009259834570603423
瞼,0.0,0.0009257967317124942,-0.0009257967317124942,0.0009257967317124942
女子,0.0005073191758352254,0.0014322282757196474,-0.000924909099884422,0.000924909099884422
ストーブ,0.0,0.0009196402265114818,-0.0009196402265114818,0.0009196402265114818
砂場,0.0,0.0009194014356788631,-0.0009194014356788631,0.0009194014356788631
不明,0.0,0.0009191989324874303,-0.0009191989324874303,0.0009191989324874303
職員,0.0002827448892463257,0.001199861296488004,-0.0009171164072416784,0.0009171164072416784
余る,0.0021565245859882093,0.0012407514985029457,0.0009157730874852635,0.0009157730874852635
うむ,0.0010337792821473978,0.00011829225079165804,0.0009154870313557397,0.0009154870313557397
出場,0.0016548324385890574,0.0025685991837956315,-0.0009137667452065741,0.0009137667452065741
言い争う,0.001449025861610649,0.0005375652355486644,0.0009114606260619846,0.0009114606260619846
席,0.0013768615912379838,0.0022863026994526764,-0.0009094411082146926,0.0009094411082146926
他校,0.0047042413094431175,0.003794852424836925,0.0009093888846061927,0.0009093888846061927
場,0.016157515480771895,0.017066390342093403,-0.0009088748613215077,0.0009088748613215077
背部,0.0,0.0009020750485105932,-0.0009020750485105932,0.0009020750485105932
ＡＥＤ,0.0,0.0009008800491987583,-0.0009008800491987583,0.0009008800491987583
自由,0.0007603267630526711,0.0016593291999474702,-0.0008990024368947991,0.0008990024368947991
かける,0.005014731031815266,0.005913400311242562,-0.0008986692794272959,0.0008986692794272959
貧血,0.0009760104233195819,7.765747098601782e-05,0.000898352952333564,0.000898352952333564
早朝,0.0010798086670290212,0.0001864894952569152,0.000893319171772106,0.000893319171772106
開始,0.0007508784278889364,0.0016441527094553262,-0.0008932742815663898,0.0008932742815663898
ファースト,0.0018527742699854244,0.0009632036574962775,0.0008895706124891469,0.0008895706124891469
降る,0.001917704229821203,0.0010291735016834127,0.0008885307281377903,0.0008885307281377903
放課後,0.001830017201144765,0.0027169427993462216,-0.0008869255982014565,0.0008869255982014565
出入り口,0.00016412091310428906,0.0010474744392492314,-0.0008833535261449424,0.0008833535261449424
特定,0.0025681434393339054,0.003451487307610906,-0.0008833438682770006,0.0008833438682770006
話す,0.0003682141471682978,0.0012507750561497409,-0.0008825609089814431,0.0008825609089814431
股関節,0.0,0.0008820820692867291,-0.0008820820692867291,0.0008820820692867291
湯,0.0,0.0008812810741779818,-0.0008812810741779818,0.0008812810741779818
ベース,0.0012925334678381526,0.0021724769314093446,-0.0008799434635711921,0.0008799434635711921
幼児,0.0,0.0008753103188621657,-0.0008753103188621657,0.0008753103188621657
棚,0.0002799844572177734,0.0011542542333766665,-0.000874269776158893,0.000874269776158893
泣く,0.0,0.0008724966642993855,-0.0008724966642993855,0.0008724966642993855
いく,0.0035232319554834206,0.002651172422436563,0.0008720595330468576,0.0008720595330468576
登る,0.001203900372051331,0.002075555422440318,-0.0008716550503889871,0.0008716550503889871
つんのめる,0.0010041399053123301,0.00013303193481404552,0.0008711079704982846,0.0008711079704982846
最寄り駅,0.0009672582543278011,0.000105602259445799,0.0008616559948820021,0.0008616559948820021
スパイク,0.001180109952091778,0.0020387343258228517,-0.0008586243737310738,0.0008586243737310738
バス,0.00030318091872885277,0.001160980052785511,-0.0008577991340566583,0.0008577991340566583
腰椎,0.0,0.0008568235906836726,-0.0008568235906836726,0.0008568235906836726
短縮,0.0,0.0008557516959460664,-0.0008557516959460664,0.0008557516959460664
鎖骨,0.0,0.0008545279803723909,-0.0008545279803723909,0.0008545279803723909
動く,0.0008423797393527347,0.001696641391475306,-0.0008542616521225713,0.0008542616521225713
プール,0.003907091683377637,0.00475989380079526,-0.0008528021174176231,0.0008528021174176231
大きい,0.0010738039919056654,0.0019261116189898163,-0.000852307627084151,0.000852307627084151
ら,0.00011354055391880224,0.0009658172378440104,-0.0008522766839252083,0.0008522766839252083
競り合い,0.0011295908218953252,0.0002782395692133571,0.0008513512526819681,0.0008513512526819681
食べる,0.0,0.0008496044205117694,-0.0008496044205117694,0.0008496044205117694
筆箱,0.0,0.0008485986644229847,-0.0008485986644229847,0.0008485986644229847
修学旅行,0.00025737190748852866,0.0011047385601057607,-0.000847366652617232,0.000847366652617232
お湯,0.0,0.0008473662555250678,-0.0008473662555250678,0.0008473662555250678
トレーニング,0.001302038534329725,0.002144210047090012,-0.0008421715127602872,0.0008421715127602872
かわす,0.0011508136279110993,0.00030871379257103014,0.0008420998353400692,0.0008420998353400692
両足,0.0008214217240548809,0.0016629898875449348,-0.000841568163490054,0.000841568163490054
溝,0.002415880516236216,0.0015751137621254352,0.0008407667541107809,0.0008407667541107809
失敗,0.002154152925089401,0.0029922626128468604,-0.0008381096877574596,0.0008381096877574596
スケート,0.0009702258706104053,0.00013263017372842605,0.0008375956968819792,0.0008375956968819792
反応,0.00025573251545907364,0.0010920838590565004,-0.0008363513435974267,0.0008363513435974267
図工,0.0,0.0008363028671944827,-0.0008363028671944827,0.0008363028671944827
応急,0.0,0.0008333310778657504,-0.0008333310778657504,0.0008333310778657504
あと,0.00022337335758934108,0.0010551010061677242,-0.0008317276485783832,0.0008317276485783832
走り出す,0.0015851140089172047,0.0007551563730083614,0.0008299576359088434,0.0008299576359088434
レスリング,0.0,0.000828364248261468,-0.000828364248261468,0.000828364248261468
はまる,0.0012525172637327133,0.0004244320929128373,0.0008280851708198759,0.0008280851708198759
異常,0.00017285281580004406,0.0010008652832768775,-0.0008280124674768334,0.0008280124674768334
押さえる,0.0006033574561756926,0.0014309283380361537,-0.0008275708818604611,0.0008275708818604611
板,0.0016491703469809402,0.002475973467533047,-0.0008268031205521066,0.0008268031205521066
高い,0.002202192650447747,0.0030253014745737802,-0.0008231088241260334,0.0008231088241260334
回転,0.0021154548102289205,0.0029383087401586567,-0.0008228539299297362,0.0008228539299297362
倒れ込む,0.0009943014633307407,0.0018156230591453884,-0.0008213215958146477,0.0008213215958146477
当てる,0.00015566086286646137,0.0009755321664499318,-0.0008198713035834704,0.0008198713035834704
硬式,0.0024176216532436306,0.001598341201064076,0.0008192804521795546,0.0008192804521795546
午前,0.0,0.0008178698248902847,-0.0008178698248902847,0.0008178698248902847
立ち止まる,0.0010790335647481216,0.000262806497725735,0.0008162270670223867,0.0008162270670223867
調整,0.0,0.0008155782494681145,-0.0008155782494681145,0.0008155782494681145
向かう,0.005618450854104532,0.004803602962083825,0.0008148478920207078,0.0008148478920207078
思う,0.0017615846020033043,0.002573327682432757,-0.0008117430804294526,0.0008117430804294526
斑,0.0,0.0008106419436890767,-0.0008106419436890767,0.0008106419436890767
測定,0.0,0.0008087988501156694,-0.0008087988501156694,0.0008087988501156694
突き破る,0.0,0.0008073279298838242,-0.0008073279298838242,0.0008073279298838242
発作,0.0013481126859123016,0.0005410103444333739,0.0008071023414789277,0.0008071023414789277
保健,0.0011823518373646153,0.001989139953276732,-0.0008067881159121166,0.0008067881159121166
直後,0.0011699751692704017,0.001975936340356452,-0.0008059611710860503,0.0008059611710860503
切,0.0005490690062002909,0.0013544802300945104,-0.0008054112238942195,0.0008054112238942195
聴力,0.0,0.0008050967203291695,-0.0008050967203291695,0.0008050967203291695
聞く,0.0002091162049265316,0.0010140716720126155,-0.000804955467086084,0.000804955467086084
管,0.0009849364659392644,0.0001805766263616673,0.0008043598395775972,0.0008043598395775972
注意,0.0007914767508861978,0.0015953688919272942,-0.0008038921410410964,0.0008038921410410964
休む,0.0003481063789590504,0.0011510064551209901,-0.0008029000761619398,0.0008029000761619398
アルコール,0.0,0.0008023430324936942,-0.0008023430324936942,0.0008023430324936942
分間,0.00012431927777307403,0.0009256344040332957,-0.0008013151262602216,0.0008013151262602216
摘出,0.0,0.0007994612425709657,-0.0007994612425709657,0.0007994612425709657
コート,0.002599174032761378,0.0033957934074171853,-0.0007966193746558074,0.0007966193746558074
腹,0.0008102841374254,0.001604800121107732,-0.0007945159836823319,0.0007945159836823319
渡り廊下,0.0017756725386193636,0.0009815358447837481,0.0007941366938356155,0.0007941366938356155
生活,0.0006267666538275064,0.0014203457315381937,-0.0007935790777106873,0.0007935790777106873
走者,0.0014710878870619415,0.0006779011866801852,0.0007931867003817564,0.0007931867003817564
急性,0.0,0.0007927738055119947,-0.0007927738055119947,0.0007927738055119947
ダッシュ,0.0004357578545967078,0.0012276954729115433,-0.0007919376183148355,0.0007919376183148355
対,0.0027549664680653727,0.0019638428632633813,0.0007911236048019914,0.0007911236048019914
ウォーミングアップ,0.0006853463906232294,0.0014763283847190173,-0.000790981994095788,0.000790981994095788
上口,0.0010417249823132064,0.00025095061922474993,0.0007907743630884565,0.0007907743630884565
ラグビー,0.0020515394816165338,0.0028413603648772988,-0.000789820883260765,0.000789820883260765
痛む,0.0,0.0007895536216789994,-0.0007895536216789994,0.0007895536216789994
寝技,0.0,0.0007885496361515349,-0.0007885496361515349,0.0007885496361515349
浴室,0.000909541828785963,0.00012115480899361698,0.000788387019792346,0.000788387019792346
雪,0.0001471771999184556,0.0009338983196594996,-0.000786721119741044,0.000786721119741044
崩れる,0.001134847379469056,0.0019191510089851304,-0.0007843036295160743,0.0007843036295160743
よそ見,0.001380931670932531,0.0005967037241433587,0.0007842279467891723,0.0007842279467891723
付く,0.0,0.0007841880105641017,-0.0007841880105641017,0.0007841880105641017
たたく,0.0006246204551048618,0.0014084298541953333,-0.0007838093990904715,0.0007838093990904715
下腹,0.0,0.0007798563638665612,-0.0007798563638665612,0.0007798563638665612
柄,0.0006161827822845022,0.0013945322816427987,-0.0007783494993582965,0.0007783494993582965
頸部,0.0,0.0007765173070666903,-0.0007765173070666903,0.0007765173070666903
周囲,0.0003586593649523098,0.0011345865613758188,-0.000775927196423509,0.000775927196423509
ハンマー,0.0,0.0007757135580920291,-0.0007757135580920291,0.0007757135580920291
傷める,0.0010150453186040498,0.00023953335963054434,0.0007755119589735055,0.0007755119589735055
入ろう,0.0012141334543991063,0.0019889779736712286,-0.0007748445192721223,0.0007748445192721223
字,0.00040688293656099267,0.0011799091389058003,-0.0007730262023448076,0.0007730262023448076
集団,0.00015732733853017993,0.0009300121555344944,-0.0007726848170043145,0.0007726848170043145
からかう,0.0003142663471098467,0.0010853068301747613,-0.0007710404830649146,0.0007710404830649146
あご,0.0010899092045494223,0.00031987616614728953,0.0007700330384021329,0.0007700330384021329
),0.0,0.000770032790594273,-0.000770032790594273,0.000770032790594273
タッチ,0.0004242975889651223,0.001192884905264713,-0.0007685873162995907,0.0007685873162995907
ミーティング,0.0009770443192255239,0.00020949054254276793,0.0007675537766827559,0.0007675537766827559
激痛,0.0,0.0007664623486824373,-0.0007664623486824373,0.0007664623486824373
路,0.002156314907866958,0.0013901978121389903,0.0007661170957279678,0.0007661170957279678
砲丸,0.0,0.0007647413012344232,-0.0007647413012344232,0.0007647413012344232
縄,0.0002219308153790295,0.000986596221638953,-0.0007646654062599236,0.0007646654062599236
次,0.0024612134117617456,0.001696866826379373,0.0007643465853823727,0.0007643465853823727
給食,0.002078597702555936,0.0028414273699244796,-0.0007628296673685437,0.0007628296673685437
肩,0.0037791586345633805,0.0030163643658523125,0.000762794268711068,0.000762794268711068
終わる,0.003690940606693059,0.0029289157764822013,0.0007620248302108576,0.0007620248302108576
黄,0.0,0.000761943237697712,-0.000761943237697712,0.000761943237697712
当る,0.0,0.0007610738172570737,-0.0007610738172570737,0.0007610738172570737
キャッチボール,0.002520774696695898,0.0032810504096401293,-0.0007602757129442314,0.0007602757129442314
的,0.0036973067197513263,0.0029371284724990666,0.0007601782472522597,0.0007601782472522597
合う,0.0020597416262234957,0.0028194470656176976,-0.0007597054393942019,0.0007597054393942019
ショック,0.0,0.0007586313164007638,-0.0007586313164007638,0.0007586313164007638
鉄柱,0.000993144685224543,0.00023528190780467065,0.0007578627774198723,0.0007578627774198723
カッターナイフ,0.0,0.0007577855645688451,-0.0007577855645688451,0.0007577855645688451
あう,0.0017849295037678861,0.0010272999815084441,0.000757629522259442,0.000757629522259442
コース,0.0009368061551324956,0.0016942058384974818,-0.0007573996833649862,0.0007573996833649862
通報,0.0001424562550473843,0.0008984243673498864,-0.0007559681123025021,0.0007559681123025021
清掃,0.004292109349424973,0.0035368603800159846,0.0007552489694089884,0.0007552489694089884
肩車,0.0,0.0007539250976062434,-0.0007539250976062434,0.0007539250976062434
サッシ,0.0,0.0007512744972360264,-0.0007512744972360264,0.0007512744972360264
先頭,0.001097934703958425,0.00034741811900698347,0.0007505165849514416,0.0007505165849514416
縄跳び,0.0005342392993892039,0.001281089172160386,-0.0007468498727711821,0.0007468498727711821
盤,0.0,0.0007463585171309732,-0.0007463585171309732,0.0007463585171309732
所,0.0,0.0007456109325342261,-0.0007456109325342261,0.0007456109325342261
つかむ,0.002653453520212646,0.0019084852313845896,0.0007449682888280565,0.0007449682888280565
発現,0.0,0.0007446072285634007,-0.0007446072285634007,0.0007446072285634007
プラスチック,0.0,0.0007427691257471424,-0.0007427691257471424,0.0007427691257471424
部室,0.0021639990343035177,0.0014217743098626258,0.0007422247244408919,0.0007422247244408919
竹,0.0017684044215164848,0.0010272111419686266,0.0007411932795478582,0.0007411932795478582
箱,0.0002364132387569738,0.0009767573485989106,-0.0007403441098419367,0.0007403441098419367
経路,0.0008594298222411335,0.0001190899295707319,0.0007403398926704016,0.0007403398926704016
走り幅跳び,0.0,0.0007391139263776228,-0.0007391139263776228,0.0007391139263776228
運動会,0.0008259629064387701,0.0015650355212108347,-0.0007390726147720645,0.0007390726147720645
てる,0.0,0.0007371374546370231,-0.0007371374546370231,0.0007371374546370231
体調,0.0,0.0007365565359048715,-0.0007365565359048715,0.0007365565359048715
てい,0.00017951946686773843,0.000916068768856014,-0.0007365493019882756,0.0007365493019882756
寄宿舎,0.0010016241335908888,0.0002663301656712175,0.0007352939679196713,0.0007352939679196713
受け止める,0.0008627848877194907,0.00012924389376578525,0.0007335409939537054,0.0007335409939537054
入り口,0.0009390794370414115,0.0016725231350888704,-0.0007334436980474589,0.0007334436980474589
渡る,0.001424534476921216,0.0006918409258021165,0.0007326935511190994,0.0007326935511190994
ストレッチ,0.0,0.0007326000170641723,-0.0007326000170641723,0.0007326000170641723
下部,0.0002105456144586349,0.0009416823564375785,-0.0007311367419789435,0.0007311367419789435
下腹部,0.0,0.000730995313000742,-0.000730995313000742,0.000730995313000742
通常,0.0013689860294175279,0.0006406359688779337,0.0007283500605395942,0.0007283500605395942
ペース,0.0,0.0007277256855072287,-0.0007277256855072287,0.0007277256855072287
切り傷,0.0,0.0007273602482643228,-0.0007273602482643228,0.0007273602482643228
コーナー,0.0,0.0007266976502035326,-0.0007266976502035326,0.0007266976502035326
当たり,0.0039690450580695,0.0032455018363264105,0.0007235432217430893,0.0007235432217430893
上がり,0.0,0.0007222601182421223,-0.0007222601182421223,0.0007222601182421223
救命,0.0,0.0007220967789584696,-0.0007220967789584696,0.0007220967789584696
凍結,0.0008680464271679032,0.00014661631212090572,0.0007214301150469974,0.0007214301150469974
そば,0.0006530020611279842,0.0013740094570066897,-0.0007210073958787055,0.0007210073958787055
ポジション,0.0012077664990054818,0.0004870605271287274,0.0007207059718767544,0.0007207059718767544
送球,0.0034197230235387655,0.0026992017271986616,0.0007205212963401039,0.0007205212963401039
体育館,0.01248477881596618,0.013205061699721712,-0.0007202828837555315,0.0007202828837555315
フットサル,0.0,0.000719387885957207,-0.000719387885957207,0.000719387885957207
熱湯,0.0,0.0007181548514872322,-0.0007181548514872322,0.0007181548514872322
内野,0.0012109390461802149,0.0004931937241697937,0.0007177453220104211,0.0007177453220104211
ベンチ,0.0008239732896087415,0.0015415731420423198,-0.0007175998524335783,0.0007175998524335783
金具,0.0003419606815266436,0.0010589347761750696,-0.000716974094648426,0.000716974094648426
屋根,0.00018735417325215607,0.000903878993931496,-0.00071652482067934,0.00071652482067934
入れ,0.0,0.0007160437397876124,-0.0007160437397876124,0.0007160437397876124
刺す,0.00020598239226082062,0.0009207194699142885,-0.0007147370776534679,0.0007147370776534679
乗せる,0.00031959633023340465,0.0010328643649143876,-0.000713268034680983,0.000713268034680983
全力,0.0011406461661583414,0.00042879561049659007,0.0007118505556617513,0.0007118505556617513
頚,0.0,0.0007100046682786097,-0.0007100046682786097,0.0007100046682786097
めまい,0.00012754101424868695,0.0008373507194597747,-0.0007098097052110877,0.0007098097052110877
施設,0.00037650355310502476,0.001086277241600204,-0.0007097736884951792,0.0007097736884951792
もつれる,0.0006911875646386608,0.0013992515630084097,-0.0007080639983697488,0.0007080639983697488
机,0.003926434246918523,0.004634000288392253,-0.0007075660414737296,0.0007075660414737296
ダンス,0.0010984479105520875,0.00039195429583685157,0.000706493614715236,0.000706493614715236
取り合い,0.0021833206819906236,0.0014780188899334804,0.0007053017920571432,0.0007053017920571432
寄る,0.0012902781640782872,0.0005853873558598628,0.0007048908082184244,0.0007048908082184244
放す,0.001175142569348881,0.00047032526466161484,0.0007048173046872662,0.0007048173046872662
カゴ,0.000850773537032032,0.00014741863952848168,0.0007033548975035503,0.0007033548975035503
車いす,0.0012414135404364747,0.0005393599845640466,0.0007020535558724281,0.0007020535558724281
うし,0.0026193743058105924,0.0033212225075301338,-0.0007018482017195414,0.0007018482017195414
まひ,0.0,0.0007011566545283507,-0.0007011566545283507,0.0007011566545283507
開,0.0,0.0007001855586797051,-0.0007001855586797051,0.0007001855586797051
カバー,0.0,0.0006999200787406851,-0.0006999200787406851,0.0006999200787406851
く,0.0,0.0006986157331339031,-0.0006986157331339031,0.0006986157331339031
神経,0.000177020005166371,0.0008751939916383243,-0.0006981739864719533,0.0006981739864719533
精神,0.0,0.0006976155128980697,-0.0006976155128980697,0.0006976155128980697
鉄棒,0.004046866626601276,0.004743586893177521,-0.0006967202665762451,0.0006967202665762451
フライング,0.0009038634588096751,0.0002080052937133946,0.0006958581650962806,0.0006958581650962806
悪い,0.0016498314163100383,0.0023450977104637768,-0.0006952662941537384,0.0006952662941537384
振り回す,0.0019490885666783309,0.0012566623390722778,0.000692426227606053,0.000692426227606053
当日,0.0015671117170058555,0.0008753117122675397,0.0006918000047383158,0.0006918000047383158
炎,0.0,0.0006917547928870723,-0.0006917547928870723,0.0006917547928870723
隠れる,0.0,0.0006917107614776231,-0.0006917107614776231,0.0006917107614776231
並ぶ,0.0011581806180355628,0.001849498776541803,-0.0006913181585062403,0.0006913181585062403
柵,0.0005446453093556471,0.0012356409445677741,-0.0006909956352121271,0.0006909956352121271
体,0.005081120088084275,0.005771871305196087,-0.0006907512171118119,0.0006907512171118119
作り,0.0,0.0006904460621149984,-0.0006904460621149984,0.0006904460621149984
釘,0.0,0.0006903048281393301,-0.0006903048281393301,0.0006903048281393301
メートル,0.00044681469756801867,0.0011354497385839158,-0.0006886350410158971,0.0006886350410158971
動かす,0.00034428089828145104,0.0010313943796091743,-0.0006871134813277233,0.0006871134813277233
手前,0.0006683372976643852,0.0013554273780575304,-0.0006870900803931452,0.0006870900803931452
最後,0.0003178419846022933,0.001004880116252343,-0.0006870381316500496,0.0006870381316500496
電車,0.00012287762341621662,0.0008087518075167761,-0.0006858741841005595,0.0006858741841005595
向ける,0.0012269997587836226,0.0019122743081773598,-0.0006852745493937371,0.0006852745493937371
糸,0.0,0.0006842194022278488,-0.0006842194022278488,0.0006842194022278488
枠,0.001015589247731003,0.00169942503617635,-0.000683835788445347,0.000683835788445347
ヘディング,0.002131574113510419,0.0014478801434286816,0.0006836939700817376,0.0006836939700817376
受け身,0.0,0.0006825699632226455,-0.0006825699632226455,0.0006825699632226455
係,0.0,0.0006816537989147046,-0.0006816537989147046,0.0006816537989147046
竹刀,0.00024513472865827926,0.0009260704412170596,-0.0006809357125587803,0.0006809357125587803
水飲み,0.0,0.0006778951016900147,-0.0006778951016900147,0.0006778951016900147
もと,0.0,0.0006769066599311176,-0.0006769066599311176,0.0006769066599311176
吹奏楽,0.0011391178214139662,0.0004630431688671333,0.0006760746525468329,0.0006760746525468329
引く,0.0009071533959663753,0.0015813222786057388,-0.0006741688826393635,0.0006741688826393635
グリップ,0.0011212834162244193,0.0004484453284706868,0.0006728380877537325,0.0006728380877537325
左下,0.0003470051262581921,0.0010195652446136343,-0.0006725601183554422,0.0006725601183554422
ミニゲーム,0.0005034365479196508,0.0011754538480413565,-0.0006720173001217056,0.0006720173001217056
キック,0.0012950860866970332,0.0006253327259945213,0.000669753360702512,0.000669753360702512
腹痛,0.0,0.0006696218975857565,-0.0006696218975857565,0.0006696218975857565
ブロック,0.0016741670297117854,0.002343351609276598,-0.0006691845795648126,0.0006691845795648126
かすめる,0.0008779330722765859,0.00021031682884789708,0.0006676162434286888,0.0006676162434286888
公式,0.0011182518694050636,0.00045136948774204886,0.0006668823816630147,0.0006668823816630147
確認,0.001195642883141581,0.001862432513592897,-0.000666789630451316,0.000666789630451316
油,0.0,0.0006665364012662872,-0.0006665364012662872,0.0006665364012662872
硬い,0.0,0.0006660228758021209,-0.0006660228758021209,0.0006660228758021209
髄,0.0,0.0006653997909042615,-0.0006653997909042615,0.0006653997909042615
テント,0.0,0.0006653674186636897,-0.0006653674186636897,0.0006653674186636897
血腫,0.0,0.0006647697343492315,-0.0006647697343492315,0.0006647697343492315
遅刻,0.0008428530170357898,0.0001783434067567667,0.0006645096102790231,0.0006645096102790231
音楽,0.0007759368856422298,0.001440334620608096,-0.0006643977349658663,0.0006643977349658663
装着,0.00016871041712592736,0.0008330502696893289,-0.0006643398525634015,0.0006643398525634015
非常,0.0,0.000664264315378636,-0.000664264315378636,0.000664264315378636
メニュー,0.0,0.0006638131400378135,-0.0006638131400378135,0.0006638131400378135
だす,0.00017402171343658821,0.0008374333823692878,-0.0006634116689326995,0.0006634116689326995
鍵,0.0002969222067953865,0.0009599687845444743,-0.0006630465777490878,0.0006630465777490878
(,0.0003809444551394404,0.001043269665606047,-0.0006623252104666066,0.0006623252104666066
集合,0.0004317547248915625,0.0010940783827409549,-0.0006623236578493924,0.0006623236578493924
か所,0.0,0.0006619656166945462,-0.0006619656166945462,0.0006619656166945462
グラブ,0.0009748458733110026,0.00031339370743151053,0.0006614521658794921,0.0006614521658794921
処理,0.0009738587009996424,0.00031355853392704897,0.0006603001670725934,0.0006603001670725934
背負う,0.00012464850697854716,0.0007849262908489272,-0.0006602777838703801,0.0006602777838703801
打順,0.0009149691910766934,0.00025637144731756545,0.000658597743759128,0.000658597743759128
切傷,0.0002412533159008684,0.0008993618355558536,-0.0006581085196549852,0.0006581085196549852
シャープペンシル,0.0,0.000657552532761216,-0.000657552532761216,0.000657552532761216
室内,0.0005282588552292592,0.0011841418405707316,-0.0006558829853414724,0.0006558829853414724
やけど,0.0,0.0006552483097433659,-0.0006552483097433659,0.0006552483097433659
連絡,0.0,0.0006531046198260806,-0.0006531046198260806,0.0006531046198260806
甲,0.0,0.0006514762707685452,-0.0006514762707685452,0.0006514762707685452
通る,0.002301092695268359,0.0016509554409012484,0.0006501372543671108,0.0006501372543671108
趾,0.0,0.0006494167182009205,-0.0006494167182009205,0.0006494167182009205
触れる,0.0005849888483068742,0.00123439855437451,-0.0006494097060676359,0.0006494097060676359
ランニング,0.0029344243353190418,0.002285435790285821,0.0006489885450332209,0.0006489885450332209
照明,0.0009271599018142157,0.000278723562823909,0.0006484363389903068,0.0006484363389903068
引き抜く,0.0,0.0006481208327782386,-0.0006481208327782386,0.0006481208327782386
前かがみ,0.0009480574675841565,0.0003005702490600232,0.0006474872185241332,0.0006474872185241332
カバン,0.0008925092781288548,0.00024509679639787645,0.0006474124817309783,0.0006474124817309783
内,0.003919633153881419,0.004565602434151338,-0.000645969280269919,0.000645969280269919
上肢,0.00012733024724853145,0.0007732877101087828,-0.0006459574628602513,0.0006459574628602513
肘,0.00907967652139597,0.008434479099985109,0.0006451974214108612,0.0006451974214108612
監督,0.000952127278888553,0.00030833152630437574,0.0006437957525841772,0.0006437957525841772
テラス,0.0,0.0006433878370845668,-0.0006433878370845668,0.0006433878370845668
心臓,0.0,0.0006423095999198351,-0.0006423095999198351,0.0006423095999198351
そう,0.0030496380696706485,0.0024079693959366743,0.0006416686737339742,0.0006416686737339742
半分,0.0012277273449649952,0.0005867603311762519,0.0006409670137887434,0.0006409670137887434
デッキ,0.0008795344479290466,0.00024003072563386844,0.0006395037222951781,0.0006395037222951781
引火,0.0,0.0006384760840643468,-0.0006384760840643468,0.0006384760840643468
理科,0.0008263381954502576,0.0014647810216521556,-0.000638442826201898,0.000638442826201898
後方,0.005240854748412702,0.004602996246986042,0.0006378585014266604,0.0006378585014266604
カンナ,0.0,0.0006377469710751328,-0.0006377469710751328,0.0006377469710751328
馬跳び,0.001156163441082996,0.0005193748000929539,0.0006367886409900422,0.0006367886409900422
椅子,0.001970160117403372,0.0026050458860748193,-0.0006348857686714472,0.0006348857686714472
男児,0.00018617980653416608,0.0008196468565368149,-0.0006334670500026489,0.0006334670500026489
セット,0.0,0.0006329655755490531,-0.0006329655755490531,0.0006329655755490531
跳ね上がる,0.0009338341230609843,0.00030134202892371175,0.0006324920941372725,0.0006324920941372725
防火,0.0,0.0006313853112474882,-0.0006313853112474882,0.0006313853112474882
固定,0.0006390723878622246,0.0012701758634665503,-0.0006311034756043257,0.0006311034756043257
落ちる,0.00688415379225088,0.0075152391156985045,-0.0006310853234476246,0.0006310853234476246
始める,0.0011655396960179975,0.0017965790744606527,-0.0006310393784426552,0.0006310393784426552
座り込む,0.00024716991564585866,0.000876916020628718,-0.0006297461049828592,0.0006297461049828592
打撃,0.0032817949390024654,0.002653199924105189,0.0006285950148972766,0.0006285950148972766
レンズ,0.0,0.0006283789186057071,-0.0006283789186057071,0.0006283789186057071
方,0.0004448392085603243,0.0010730343859931255,-0.0006281951774328012,0.0006281951774328012
打撲,0.004480353955202039,0.005107983566036125,-0.0006276296108340858,0.0006276296108340858
見学,0.0007565465971549211,0.0013836031475142289,-0.0006270565503593078,0.0006270565503593078
演技,0.0,0.0006263724438196468,-0.0006263724438196468,0.0006263724438196468
ドッジボール,0.002883547121981552,0.00225890840598078,0.000624638716000772,0.000624638716000772
体験,0.000318385375668013,0.0009430223345902997,-0.0006246369589222867,0.0006246369589222867
指導,0.002631833492242361,0.003256335683146583,-0.000624502190904222,0.000624502190904222
原動機,0.0,0.0006235081505600504,-0.0006235081505600504,0.0006235081505600504
加工,0.0,0.0006230337990405865,-0.0006230337990405865,0.0006230337990405865
草,0.0,0.0006215992251240291,-0.0006215992251240291,0.0006215992251240291
器質,0.0,0.0006205585854165063,-0.0006205585854165063,0.0006205585854165063
手,0.013983726906021223,0.01336439500035363,0.0006193319056675937,0.0006193319056675937
ベースボール,0.000982001323695562,0.00036282054256024356,0.0006191807811353185,0.0006191807811353185
腫れ,0.00016812674732185446,0.0007865566407170585,-0.000618429893395204,0.000618429893395204
先端,0.0010145265403037303,0.0016321846490781112,-0.0006176581087743809,0.0006176581087743809
脳貧血,0.000705181877583379,8.845523935657797e-05,0.0006167266382268011,0.0006167266382268011
マシーン,0.0001950672140027913,0.0008110545030659414,-0.0006159872890631501,0.0006159872890631501
ハンド,0.0,0.0006159508103755055,-0.0006159508103755055,0.0006159508103755055
地点,0.00014430986080651197,0.0007602481632026089,-0.000615938302396097,0.000615938302396097
出来る,0.001219484972839467,0.000603792564725233,0.0006156924081142341,0.0006156924081142341
運ぶ,0.0012569543140693211,0.0018725798031283707,-0.0006156254890590496,0.0006156254890590496
前進,0.001135410272372374,0.0005202504760433061,0.0006151597963290678,0.0006151597963290678
種目,0.0013622265167908942,0.0007473713602628687,0.0006148551565280254,0.0006148551565280254
ケース,0.0001973313229393421,0.00081210286300598,-0.000614771540066638,0.000614771540066638
チャイム,0.0,0.000612644251203787,-0.000612644251203787,0.000612644251203787
振り上げる,0.0005189367904595446,0.001129484018095219,-0.0006105472276356743,0.0006105472276356743
缶,0.0,0.0006104394477937392,-0.0006104394477937392,0.0006104394477937392
刈り,0.0,0.0006097126124340891,-0.0006097126124340891,0.0006097126124340891
ピッチングマシン,0.0007109939855636386,0.0013192839154517993,-0.0006082899298881608,0.0006082899298881608
バー,0.0021448858728833945,0.0015373544867163722,0.0006075313861670223,0.0006075313861670223
ひさし,0.0002041399286684419,0.0008107268656916665,-0.0006065869370232245,0.0006065869370232245
広場,0.0,0.0006056339210336142,-0.0006056339210336142,0.0006056339210336142
裂創,0.0007153806771592759,0.0013201066341775114,-0.0006047259570182356,0.0006047259570182356
丸,0.0,0.0006035642654272671,-0.0006035642654272671,0.0006035642654272671
鏡,0.0007634222845128787,0.00016109922137906932,0.0006023230631338094,0.0006023230631338094
制作,0.0,0.0006021735740149414,-0.0006021735740149414,0.0006021735740149414
競技,0.003010612477633826,0.0036097869430373047,-0.0005991744654034788,0.0005991744654034788
払う,0.00016268748889663602,0.0007611146079116947,-0.0005984271190150588,0.0005984271190150588
吹く,0.00016769494407941024,0.0007652353516924512,-0.0005975404076130409,0.0005975404076130409
こめかみ,0.00018329605611300503,0.0007806823667408896,-0.0005973863106278846,0.0005973863106278846
防ぐ,0.00021305046061479232,0.0008103913498476609,-0.0005973408892328686,0.0005973408892328686
県,0.000706389051450658,0.00011056059731660305,0.000595828454134055,0.000595828454134055
引っ掛ける,0.0012381383920522869,0.0006426780334740663,0.0005954603585782205,0.0005954603585782205
",",0.0002420658940933718,0.000836738814403613,-0.0005946729203102412,0.0005946729203102412
アタック,0.0,0.0005934601628104035,-0.0005934601628104035,0.0005934601628104035
入水,0.0,0.0005919360868896533,-0.0005919360868896533,0.0005919360868896533
起きる,0.0010904560735490627,0.0005001235450279117,0.000590332528521151,0.000590332528521151
飛び越える,0.00010459265704015188,0.0006940443874411341,-0.0005894517304009822,0.0005894517304009822
ヘリ,0.0,0.0005880067419344044,-0.0005880067419344044,0.0005880067419344044
ｋｍ,0.0,0.0005860360222619871,-0.0005860360222619871,0.0005860360222619871
付け根,0.00012536793795795738,0.0007100916488593653,-0.0005847237109014079,0.0005847237109014079
歩く,0.006449038321986992,0.005864875523917054,0.0005841627980699374,0.0005841627980699374
レクリエーション,0.0,0.0005841037965096814,-0.0005841037965096814,0.0005841037965096814
アメリカンフットボール,0.0,0.0005839960100368532,-0.0005839960100368532,0.0005839960100368532
振り向く,0.0028973614870167323,0.002316665873741738,0.0005806956132749942,0.0005806956132749942
飴,0.0,0.0005803452532238749,-0.0005803452532238749,0.0005803452532238749
振り切る,0.0010055483515700485,0.0004254606355642489,0.0005800877160057995,0.0005800877160057995
激しい,0.002751348342974314,0.0021713616335808806,0.0005799867093934335,0.0005799867093934335
尻もち,0.0,0.0005785603684624683,-0.0005785603684624683,0.0005785603684624683
袋,0.0012347817326972647,0.0006563285290729583,0.0005784532036243065,0.0005784532036243065
電柱,0.0011862599984961432,0.0006086935513558191,0.0005775664471403242,0.0005775664471403242
ワゴン,0.0,0.0005771089011489081,-0.0005771089011489081,0.0005771089011489081
丸める,0.0,0.0005761847793333301,-0.0005761847793333301,0.0005761847793333301
ふる,0.000797114093846228,0.00022103924798528053,0.0005760748458609475,0.0005760748458609475
取り返す,0.0006775681579890732,0.00010294096640294507,0.0005746271915861281,0.0005746271915861281
おもちゃ,0.0,0.0005741164955036484,-0.0005741164955036484,0.0005741164955036484
ジョギング,0.0,0.0005708942832054686,-0.0005708942832054686,0.0005708942832054686
こぼれる,0.0,0.0005706652798327232,-0.0005706652798327232,0.0005706652798327232
すべる,0.0019343873892049238,0.0013647689898988135,0.0005696183993061103,0.0005696183993061103
安静,0.0,0.0005690902764327435,-0.0005690902764327435,0.0005690902764327435
眉毛,0.0,0.0005689735868283403,-0.0005689735868283403,0.0005689735868283403
瞬間,0.0026176266492815,0.002049281674391511,0.0005683449748899892,0.0005683449748899892
添える,0.0,0.0005678911661162546,-0.0005678911661162546,0.0005678911661162546
自宅,0.0014715493805391988,0.0009036609385411439,0.0005678884419980549,0.0005678884419980549
ハーフ,0.0001954305417012643,0.0007627001948647202,-0.000567269653163456,0.000567269653163456
白内障,0.0,0.0005672550297593239,-0.0005672550297593239,0.0005672550297593239
あげる,0.00020537198051209484,0.0007723263740966952,-0.0005669543935846004,0.0005669543935846004
打者,0.0037320861791321574,0.003165991562413347,0.0005660946167188102,0.0005660946167188102
すべり台,0.0012501725588447354,0.0018156905309892534,-0.0005655179721445181,0.0005655179721445181
後ろ,0.0059099867986160595,0.005344629424204754,0.0005653573744113056,0.0005653573744113056
ちょっかい,0.00032425725471132137,0.0008890585276512898,-0.0005648012729399685,0.0005648012729399685
頭頂,0.0002741846849969018,0.0008383275653182214,-0.0005641428803213196,0.0005641428803213196
見る,0.0036799830412690797,0.0042440418781690935,-0.0005640588369000138,0.0005640588369000138
駐輪場,0.0007942460529027581,0.00023038577419696177,0.0005638602787057963,0.0005638602787057963
脈,0.0,0.0005634759145492457,-0.0005634759145492457,0.0005634759145492457
午睡,0.0,0.0005633337486119735,-0.0005633337486119735,0.0005633337486119735
多量,0.0008474134734067357,0.00028423031856476464,0.000563183154841971,0.000563183154841971
食,0.0,0.000562255506815332,-0.000562255506815332,0.000562255506815332
助走,0.00021403584154566988,0.000776264875919266,-0.0005622290343735961,0.0005622290343735961
階,0.00417430972195685,0.004735147544737756,-0.0005608378227809057,0.0005608378227809057
やる,0.001494267164329666,0.0009337870028702681,0.000560480161459398,0.000560480161459398
ヘルメット,0.001156742203596866,0.0005995895513974241,0.0005571526521994419,0.0005571526521994419
かする,0.0001978108629058688,0.0007545209451990985,-0.0005567100822932297,0.0005567100822932297
突き,0.001078362043627958,0.0005217375289538469,0.0005566245146741112,0.0005566245146741112
マネージャー,0.000540282926481605,0.0010967855484826153,-0.0005565026220010103,0.0005565026220010103
検査,0.0,0.0005562367459180571,-0.0005562367459180571,0.0005562367459180571
ホーム,0.0005577178918460933,0.0011138783433936683,-0.000556160451547575,0.000556160451547575
逃げ込む,0.0,0.0005558106415698435,-0.0005558106415698435,0.0005558106415698435
型,0.0002975994876191728,0.0008519906886388973,-0.0005543912010197245,0.0005543912010197245
房,0.0,0.0005542835934149517,-0.0005542835934149517,0.0005542835934149517
脚,0.0011011016990395471,0.0016546949736127926,-0.0005535932745732454,0.0005535932745732454
消しゴム,0.00030352738275845454,0.0008570808638615663,-0.0005535534811031118,0.0005535534811031118
自立,0.0010155773173410748,0.0004646954123033199,0.0005508819050377548,0.0005508819050377548
子,0.00036567440040137934,0.0009163378584652327,-0.0005506634580638534,0.0005506634580638534
夏休み,0.00029254771106765467,0.0008431369328703803,-0.0005505892218027257,0.0005505892218027257
ダイビング,0.0007418451949865663,0.0001912559987560119,0.0005505891962305544,0.0005505891962305544
咬む,0.0,0.0005482541393325926,-0.0005482541393325926,0.0005482541393325926
口論,0.0011994026188689004,0.0017434663825256276,-0.0005440637636567273,0.0005440637636567273
既往症,0.0,0.0005428321057795799,-0.0005428321057795799,0.0005428321057795799
乱取り,0.0008368582399082189,0.001379668486708364,-0.0005428102468001451,0.0005428102468001451
出る,0.00652279505966695,0.007065159595099692,-0.0005423645354327425,0.0005423645354327425
タワー,0.0,0.0005415424336762224,-0.0005415424336762224,0.0005415424336762224
作成,0.0,0.0005402672085357961,-0.0005402672085357961,0.0005402672085357961
待ち,0.00019763400151191635,0.0007373798169873952,-0.0005397458154754788,0.0005397458154754788
飛び降りる,0.0007969528245871768,0.0013362630592711952,-0.0005393102346840184,0.0005393102346840184
入口,0.0005940851351831916,0.0011327748702592262,-0.0005386897350760346,0.0005386897350760346
バトミントン,0.0,0.0005379837321003403,-0.0005379837321003403,0.0005379837321003403
教卓,0.0,0.00053764305430797,-0.00053764305430797,0.00053764305430797
崩れ落ちる,0.0,0.000537486022829628,-0.000537486022829628,0.000537486022829628
付,0.0,0.0005373313431051487,-0.0005373313431051487,0.0005373313431051487
早い,0.0,0.0005366109163810909,-0.0005366109163810909,0.0005366109163810909
周辺,0.0016213266072539502,0.002157766768310579,-0.0005364401610566288,0.0005364401610566288
S,0.0,0.0005354677044220709,-0.0005354677044220709,0.0005354677044220709
攻める,0.0,0.000535271574737942,-0.000535271574737942,0.000535271574737942
よろける,0.0,0.0005337838061589313,-0.0005337838061589313,0.0005337838061589313
負担,0.0,0.0005328544550918859,-0.0005328544550918859,0.0005328544550918859
ぬれる,0.0009680121090034934,0.00043572238300993734,0.0005322897259935561,0.0005322897259935561
タイム,0.0,0.0005321613670447443,-0.0005321613670447443,0.0005321613670447443
壁,0.004231580407801942,0.003699821816237382,0.0005317585915645597,0.0005317585915645597
はさみ,0.0,0.000531083637541174,-0.000531083637541174,0.000531083637541174
我慢,0.0,0.0005279453346184665,-0.0005279453346184665,0.0005279453346184665
信号,0.0008227862722896584,0.00029559162428121347,0.000527194648008445,0.000527194648008445
づく,0.001250405240316759,0.0007240902171236766,0.0005263150231930823,0.0005263150231930823
つま,0.001250405240316759,0.0007240902171236766,0.0005263150231930823,0.0005263150231930823
手すり,0.0013397586285382132,0.0018656417414204447,-0.0005258831128822315,0.0005258831128822315
先輩,0.0009286439785618958,0.0004027691279729537,0.0005258748505889421,0.0005258748505889421
審判,0.0,0.0005253253119278376,-0.0005253253119278376,0.0005253253119278376
回り,0.00037355310494174626,0.0008985715317890574,-0.0005250184268473111,0.0005250184268473111
置き場,0.0009392081249706571,0.0004145898031716345,0.0005246183217990226,0.0005246183217990226
更衣,0.000216130453623952,0.0007407205756828813,-0.0005245901220589293,0.0005245901220589293
ふく,0.0,0.0005242062702148179,-0.0005242062702148179,0.0005242062702148179
雨天,0.0009965875762946253,0.0004735714142820824,0.0005230161620125429,0.0005230161620125429
側面,0.0001412696334792508,0.0006633819797040407,-0.0005221123462247899,0.0005221123462247899
行なう,0.00024286096932633035,0.000764245497568705,-0.0005213845282423746,0.0005213845282423746
経過,0.0002145547809580718,0.0007353302050494933,-0.0005207754240914215,0.0005207754240914215
貫通,0.0,0.0005206277657650478,-0.0005206277657650478,0.0005206277657650478
陥没,0.0,0.0005202105646936792,-0.0005202105646936792,0.0005202105646936792
ざま,0.0,0.0005197808180633853,-0.0005197808180633853,0.0005197808180633853
小屋,0.0,0.0005192113019405714,-0.0005192113019405714,0.0005192113019405714
駆け寄る,0.0007156173861443682,0.00019781501478914143,0.0005178023713552268,0.0005178023713552268
太もも,0.0,0.0005175422386738547,-0.0005175422386738547,0.0005175422386738547
芯,0.0,0.0005168322266517953,-0.0005168322266517953,0.0005168322266517953
硬直,0.0,0.0005167877354184464,-0.0005167877354184464,0.0005167877354184464
皮膚,0.0,0.0005166303393585059,-0.0005166303393585059,0.0005166303393585059
近距離,0.0006539135842095087,0.0011704969530430878,-0.0005165833688335792,0.0005165833688335792
同士,0.001434246673491362,0.0009179037437056268,0.0005163429297857352,0.0005163429297857352
安全,0.00011370964896687806,0.0006297047412831321,-0.000515995092316254,0.000515995092316254
走り回る,0.00013375841498580864,0.0006487968011926119,-0.0005150383862068033,0.0005150383862068033
別,0.003344419416332193,0.0028297455669959444,0.0005146738493362487,0.0005146738493362487
頬骨,0.0,0.0005138966497762854,-0.0005138966497762854,0.0005138966497762854
ドクター,0.0,0.0005129882416028369,-0.0005129882416028369,0.0005129882416028369
こぐ,0.000742395171551589,0.00022989539383048307,0.0005124997777211059,0.0005124997777211059
誤り,0.0007559393498707274,0.00024350886314683797,0.0005124304867238894,0.0005124304867238894
かばん,0.0009587674036569024,0.00044687476832684127,0.0005118926353300611,0.0005118926353300611
レール,0.0,0.0005116773393371237,-0.0005116773393371237,0.0005116773393371237
シーソー,0.001281606465059603,0.0007704237564336164,0.0005111827086259867,0.0005111827086259867
防,0.001251509450801337,0.001762536967035943,-0.0005110275162346059,0.0005110275162346059
屋上,0.0,0.0005103363072025774,-0.0005103363072025774,0.0005103363072025774
剤,0.0,0.0005094756803439315,-0.0005094756803439315,0.0005094756803439315
孔,0.0,0.0005093981057944945,-0.0005093981057944945,0.0005093981057944945
走り込む,0.0,0.0005088420518121088,-0.0005088420518121088,0.0005088420518121088
状況,0.0,0.0005087131437570405,-0.0005087131437570405,0.0005087131437570405
節,0.0,0.0005084712573093828,-0.0005084712573093828,0.0005084712573093828
高校,0.0006590000376009838,0.00015069269016345038,0.0005083073474375334,0.0005083073474375334
回復,0.0,0.0005079910900787472,-0.0005079910900787472,0.0005079910900787472
会場,0.00017148739246270327,0.00067944861531458,-0.0005079612228518767,0.0005079612228518767
グラウンド,0.005449513323625306,0.00494164301048216,0.0005078703131431456,0.0005078703131431456
具,0.0,0.0005076836538727719,-0.0005076836538727719,0.0005076836538727719
しびれ,0.0,0.0005058363823778543,-0.0005058363823778543,0.0005058363823778543
躓く,0.0010291671752228728,0.0005236090155241637,0.000505558159698709,0.000505558159698709
終了,0.005891552500602177,0.006396257827701225,-0.0005047053270990478,0.0005047053270990478
縦,0.00020919827326127538,0.00071361806401519,-0.0005044197907539147,0.0005044197907539147
乗りかかる,0.0006439542538812388,0.00013977786619386097,0.0005041763876873778,0.0005041763876873778
背負い投げ,0.00025386095917724367,0.0007580095481973714,-0.0005041485890201278,0.0005041485890201278
捕まえる,0.00012140984205808682,0.0006251260407406212,-0.0005037161986825344,0.0005037161986825344
こぶし,0.0,0.0005032631252812776,-0.0005032631252812776,0.0005032631252812776
用水路,0.000850953793802289,0.0003483373417929878,0.0005026164520093012,0.0005026164520093012
輪ゴム,0.0,0.0005026051300173753,-0.0005026051300173753,0.0005026051300173753
木材,0.0,0.0005021861831772747,-0.0005021861831772747,0.0005021861831772747
引っかける,0.0008820859891820545,0.00038010140288765947,0.000501984586294395,0.000501984586294395
打ち合い,0.0004750259900785665,0.0009763913099170951,-0.0005013653198385286,0.0005013653198385286
荷台,0.0,0.0005013554550463563,-0.0005013554550463563,0.0005013554550463563
舞台,0.0,0.0005001016401071345,-0.0005001016401071345,0.0005001016401071345
近い,0.0002084826371546737,0.0007080109922213116,-0.0004995283550666379,0.0004995283550666379
覆う,0.0007177133285660821,0.00021851587250324177,0.0004991974560628403,0.0004991974560628403
すれ違う,0.0,0.0004990219523600451,-0.0004990219523600451,0.0004990219523600451
幹部,0.0,0.0004970529283781506,-0.0004970529283781506,0.0004970529283781506
熱い,8.750384606127001e-05,0.0005842832195340333,-0.0004967793734727633,0.0004967793734727633
脊髄,0.0,0.0004960447787714148,-0.0004960447787714148,0.0004960447787714148
着く,0.001533253489849832,0.001037927629432474,0.000495325860417358,0.000495325860417358
聞こえる,0.00013480388730420775,0.0006297800793831958,-0.0004949761920789881,0.0004949761920789881
違和感,0.0002632823917664756,0.00075807640680251,-0.0004947940150360344,0.0004947940150360344
目撃,0.00011404220470180094,0.0006082459156296895,-0.0004942037109278885,0.0004942037109278885
新体操,0.0,0.0004931739417942023,-0.0004931739417942023,0.0004931739417942023
過ぎる,0.0009581301986675645,0.0004661160740526708,0.0004920141246148936,0.0004920141246148936
冷やす,0.00017409746444842125,0.000665648931938946,-0.0004915514674905247,0.0004915514674905247
舗装,0.000635914744504086,0.00014457543054006923,0.0004913393139640168,0.0004913393139640168
掛ける,0.0011019554410769848,0.0015927827617363863,-0.0004908273206594015,0.0004908273206594015
脾臓,0.0,0.0004904518431932839,-0.0004904518431932839,0.0004904518431932839
気が付く,0.0009790408978863439,0.0004895190760865568,0.0004895218217997871,0.0004895218217997871
下方,0.0,0.00048825149214481864,-0.00048825149214481864,0.00048825149214481864
通行人,0.000626102743652753,0.00013805192676346576,0.00048805081688928724,0.00048805081688928724
声,0.001624690371589382,0.002111998154206622,-0.0004873077826172403,0.0004873077826172403
ヶ所,0.0006726385782503108,0.00018612953428340023,0.0004865090439669106,0.0004865090439669106
気分,0.001727999648152265,0.001241521674177985,0.00048647797397428005,0.00048647797397428005
跳躍,0.0,0.00048644490241933164,-0.00048644490241933164,0.00048644490241933164
男,0.0,0.0004861823344110374,-0.0004861823344110374,0.0004861823344110374
異変,0.0,0.0004857038122153143,-0.0004857038122153143,0.0004857038122153143
技術,0.0,0.0004856337624210719,-0.0004856337624210719,0.0004856337624210719
転がる,0.0025067463785368657,0.002021363606521086,0.0004853827720157798,0.0004853827720157798
山,0.0002493109335599581,0.0007345860152213809,-0.00048527508166142276,0.00048527508166142276
天,0.0,0.0004844975895986494,-0.0004844975895986494,0.0004844975895986494
棒引き,0.0006147947448017557,0.0001316904206278765,0.00048310432417387924,0.00048310432417387924
水道,0.00027026969310833663,0.0007533320834858515,-0.00048306239037751485,0.00048306239037751485
なくなる,0.000434193099626093,0.0009164185027024183,-0.0004822254030763253,0.0004822254030763253
流す,0.00020964513820281337,0.0006910213984161303,-0.00048137626021331687,0.00048137626021331687
団体,0.0,0.0004810975121874147,-0.0004810975121874147,0.0004810975121874147
飛び込み台,0.0,0.00047973049309051497,-0.00047973049309051497,0.00047973049309051497
小石,0.00013352684763807978,0.0006118373831068115,-0.00047831053546873177,0.00047831053546873177
最終,0.0,0.00047770083112449525,-0.00047770083112449525,0.00047770083112449525
班,0.0006848160764957129,0.0011610341705031275,-0.00047621809400741463,0.00047621809400741463
こする,0.0,0.000476215018175484,-0.000476215018175484,0.000476215018175484
マッサージ,0.0,0.0004755294603050116,-0.0004755294603050116,0.0004755294603050116
背面,0.0,0.00047470601025515554,-0.00047470601025515554,0.00047470601025515554
あおる,0.0,0.0004739953616683774,-0.0004739953616683774,0.0004739953616683774
部屋,0.0005601751815573498,0.0010338578372333922,-0.00047368265567604244,0.00047368265567604244
スリッパ,0.0,0.0004735823662480137,-0.0004735823662480137,0.0004735823662480137
はねる,0.0,0.0004733592238894342,-0.0004733592238894342,0.0004733592238894342
握る,0.0004716661548518831,0.0009446028798038227,-0.0004729367249519396,0.0004729367249519396
尺,0.0,0.0004727321537362332,-0.0004727321537362332,0.0004727321537362332
考える,0.0,0.00047133976992613796,-0.00047133976992613796,0.00047133976992613796
横,0.005079601064784459,0.004608302345277439,0.00047129871950701927,0.00047129871950701927
鳴る,0.0001946945637154673,0.000665860543843374,-0.0004711659801279067,0.0004711659801279067
鼻骨,0.0,0.0004702187728256695,-0.0004702187728256695,0.0004702187728256695
取り出す,0.0,0.00046953138900302286,-0.00046953138900302286,0.00046953138900302286
番,0.000629557276389196,0.0010980566203335571,-0.0004684993439443611,0.0004684993439443611
起こす,0.0014509658752400304,0.00191803841981332,-0.0004670725445732895,0.0004670725445732895
手押し,0.0,0.0004666274565434253,-0.0004666274565434253,0.0004666274565434253
人さし指,0.0,0.00046645493273171607,-0.00046645493273171607,0.00046645493273171607
皿,0.0,0.0004664273779757896,-0.0004664273779757896,0.0004664273779757896
ペンチ,0.0,0.0004660167660173834,-0.0004660167660173834,0.0004660167660173834
実習,0.0018949237379483589,0.002360919340367591,-0.000465995602419232,0.000465995602419232
基礎,0.0,0.00046597732864640183,-0.00046597732864640183,0.00046597732864640183
センチ,0.0,0.00046583001306199867,-0.00046583001306199867,0.00046583001306199867
心室,0.0,0.00046575064269638083,-0.00046575064269638083,0.00046575064269638083
ゴール,0.005080489576252073,0.005546012916890354,-0.0004655233406382813,0.0004655233406382813
カット,0.0008436043675628163,0.001308826231601509,-0.00046522186403869263,0.00046522186403869263
窓際,0.0,0.000464416069510887,-0.000464416069510887,0.000464416069510887
ジャンプ,0.003120663683633351,0.002657264808426769,0.00046339887520658197,0.00046339887520658197
往復,0.0007089824588549038,0.0002460132735598796,0.00046296918529502415,0.00046296918529502415
右前,0.0,0.00046282475767584917,-0.00046282475767584917,0.00046282475767584917
飛行機,0.0,0.0004625314425800115,-0.0004625314425800115,0.0004625314425800115
マスク,0.0007514892826260419,0.000289330088352145,0.00046215919427389685,0.00046215919427389685
複数,0.0001597017407085806,0.0006198868622658668,-0.00046018512155728626,0.00046018512155728626
呼ぶ,0.0004487701234426437,0.0009085077611507611,-0.0004597376377081174,0.0004597376377081174
路上,0.0008293069150942272,0.00036960567042023426,0.00045970124467399295,0.00045970124467399295
秒,0.0,0.00045920181011825607,-0.00045920181011825607,0.00045920181011825607
角膜,0.0,0.0004583413154854794,-0.0004583413154854794,0.0004583413154854794
ラリー,0.0001846968749985483,0.0006428886698843686,-0.0004581917948858203,0.0004581917948858203
からまる,0.0007393176671405106,0.000281981676195535,0.00045733599094497556,0.00045733599094497556
割る,0.0,0.0004569354672910475,-0.0004569354672910475,0.0004569354672910475
飲む,0.0,0.00045693064064886965,-0.00045693064064886965,0.00045693064064886965
金属,0.0019062460327802986,0.0014507062048752604,0.0004555398279050382,0.0004555398279050382
患部,0.0,0.0004551401908455952,-0.0004551401908455952,0.0004551401908455952
赤い,0.0,0.00045473775146928386,-0.00045473775146928386,0.00045473775146928386
電気,0.0,0.00045345315990424597,-0.00045345315990424597,0.00045345315990424597
下がる,0.00120719445429077,0.000754731923284772,0.0004524625310059979,0.0004524625310059979
蓋,0.0011707929778843691,0.0007186927248915363,0.00045210025299283283,0.00045210025299283283
三角,0.0,0.00045134908266343955,-0.00045134908266343955,0.00045134908266343955
止め,0.00038605882666053126,0.0008368736506043144,-0.0004508148239437831,0.0004508148239437831
道具,0.00022396060237599743,0.0006744511169447038,-0.00045049051456870633,0.00045049051456870633
前向き,0.0,0.0004501967521096357,-0.0004501967521096357,0.0004501967521096357
ファウルボール,0.0006304230199060554,0.00018062894354998495,0.00044979407635607044,0.00044979407635607044
組み,0.00019906804794878272,0.00064789038028427,-0.00044882233233548734,0.00044882233233548734
用具,0.00034079784029753175,0.0007893330499813379,-0.00044853520968380614,0.00044853520968380614
コンテナ,0.0,0.00044834801337766887,-0.00044834801337766887,0.00044834801337766887
台車,0.0,0.0004479269195211729,-0.0004479269195211729,0.0004479269195211729
通り過ぎる,0.0005824389344839748,0.00013472102616077082,0.000447717908323204,0.000447717908323204
ゲージ,0.00043500893525583796,0.000882583532999747,-0.00044757459774390907,0.00044757459774390907
半身,0.00025907877040879285,0.0007066473222221347,-0.0004475685518133419,0.0004475685518133419
雲,0.0,0.00044751167545483144,-0.00044751167545483144,0.00044751167545483144
つけ根,0.0,0.0004475107224717784,-0.0004475107224717784,0.0004475107224717784
製作,0.0001462767487034047,0.000593566557390881,-0.00044728980868747627,0.00044728980868747627
木工,0.0,0.0004468783964800098,-0.0004468783964800098,0.0004468783964800098
梗塞,0.0,0.00044584957805697133,-0.00044584957805697133,0.00044584957805697133
揚げ,0.0,0.00044584054363676573,-0.00044584054363676573,0.00044584054363676573
結果,0.00029613604373139027,0.0007413536471061937,-0.0004452176033748034,0.0004452176033748034
つなぐ,0.0008883216204762419,0.0004441226189765736,0.0004441990014996683,0.0004441990014996683
紙,0.0001724736983118391,0.000615835139866221,-0.00044336144155438195,0.00044336144155438195
ぼやける,0.0,0.0004431033653090658,-0.0004431033653090658,0.0004431033653090658
頃,0.0,0.0004427501189700463,-0.0004427501189700463,0.0004427501189700463
ソフトテニス,0.0002787023477920315,0.000721244199752951,-0.00044254185196091947,0.00044254185196091947
補給,0.0,0.00044204693591491873,-0.00044204693591491873,0.00044204693591491873
日常,0.00032112739882757534,0.0007628397190783767,-0.00044171232025080133,0.00044171232025080133
左折,0.0007174304509513561,0.0002764649656473605,0.00044096548530399564,0.00044096548530399564
待機,0.0013918486658898676,0.0009520454227113164,0.0004398032431785512,0.0004398032431785512
作動,0.0,0.0004387569786348286,-0.0004387569786348286,0.0004387569786348286
スライディング,0.0011524080796400907,0.0015911284018404457,-0.000438720322200355,0.000438720322200355
外側,0.0004903891308816274,0.0009285755010902614,-0.00043818637020863395,0.00043818637020863395
食器,0.0,0.00043802950874726463,-0.00043802950874726463,0.00043802950874726463
筒,0.0,0.00043789385175653126,-0.00043789385175653126,0.00043789385175653126
間際,0.0,0.00043778856597099955,-0.00043778856597099955,0.00043778856597099955
鋸,0.0,0.0004375914264609681,-0.0004375914264609681,0.0004375914264609681
呼びかける,0.00013203333288208349,0.0005696181329031411,-0.0004375848000210576,0.0004375848000210576
食事,0.0,0.00043736257186337225,-0.00043736257186337225,0.00043736257186337225
靭帯,0.0,0.00043624804311729215,-0.00043624804311729215,0.00043624804311729215
チップ,0.0003277182831782146,0.0007632421016996223,-0.00043552381852140766,0.00043552381852140766
それる,0.0012392615157323878,0.0008037768863576662,0.0004354846293747216,0.0004354846293747216
代わり,0.00016409950345032246,0.0005995286585351782,-0.00043542915508485575,0.00043542915508485575
総合,0.0009329553186812014,0.0013682968379192166,-0.0004353415192380152,0.0004353415192380152
スコップ,0.0,0.0004345528128261862,-0.0004345528128261862,0.0004345528128261862
ロング,0.0,0.0004345238791569279,-0.0004345238791569279,0.0004345238791569279
スポーツ,0.00015433912295975422,0.0005888075925723848,-0.0004344684696126306,0.0004344684696126306
滑り落ちる,0.00019096410535233174,0.0006248433087076001,-0.00043387920335526836,0.00043387920335526836
委員,0.0,0.00043309992636315285,-0.00043309992636315285,0.00043309992636315285
-,0.0,0.0004327994551837973,-0.0004327994551837973,0.0004327994551837973
痙攣,0.00019860851345297991,0.0006306843180537155,-0.00043207580460073556,0.00043207580460073556
組み合う,0.0005816609038327148,0.00015121437577478753,0.0004304465280579273,0.0004304465280579273
工作,0.0,0.00043019014917052484,-0.00043019014917052484,0.00043019014917052484
回す,0.0013662419090991775,0.0009366816766090899,0.00042956023249008757,0.00042956023249008757
良い,0.0,0.0004293741317462344,-0.0004293741317462344,0.0004293741317462344
完走,0.0,0.00042878956709797595,-0.00042878956709797595,0.00042878956709797595
直径,0.00013086119599227923,0.0005593576569906936,-0.0004284964609984144,0.0004284964609984144
滑り込む,0.0008371511455295954,0.0004093621972627231,0.00042778894826687227,0.00042778894826687227
水分,0.0,0.0004277072019034802,-0.0004277072019034802,0.0004277072019034802
あまる,0.0,0.0004272044807834973,-0.0004272044807834973,0.0004272044807834973
ステージ,0.0017894721570580064,0.001362422218092943,0.00042704993896506335,0.00042704993896506335
ゴム,0.0008356824813045588,0.0012625831605152006,-0.00042690067921064175,0.00042690067921064175
タオル,0.00022671302664884654,0.0006535722816282236,-0.00042685925497937705,0.00042685925497937705
陰部,0.0,0.0004266602167223815,-0.0004266602167223815,0.0004266602167223815
ランドセル,0.0006019570330448121,0.0010281386554756582,-0.0004261816224308461,0.0004261816224308461
言い合う,0.00017678313667345854,0.000602777238635404,-0.0004259941019619454,0.0004259941019619454
無理,0.0001876472341444201,0.000613138484279766,-0.0004254912501353459,0.0004254912501353459
再開,0.0,0.00042540638446380067,-0.00042540638446380067,0.00042540638446380067
片手,0.0,0.00042484717119546753,-0.00042484717119546753,0.00042484717119546753
ライン,0.0001960777379140962,0.000620419171353939,-0.0004243414334398429,0.0004243414334398429
女児,0.0,0.00042424921328299003,-0.00042424921328299003,0.00042424921328299003
段ボール,0.0006658565055186853,0.0002416089373652649,0.00042424756815342046,0.00042424756815342046
後衛,0.000831922496811881,0.0004079681671987093,0.00042395432961317176,0.00042395432961317176
マンホール,0.0007450032160995772,0.00032171714888058306,0.00042328606721899414,0.00042328606721899414
楽しみ,0.0,0.00042285847952209306,-0.00042285847952209306,0.00042285847952209306
空振り,0.0007760861827476072,0.0003535514253582013,0.00042253475738940593,0.00042253475738940593
残り,0.0,0.0004188867759245638,-0.0004188867759245638,0.0004188867759245638
砂,0.0006662463713730026,0.0002479580142582143,0.00041828835711478827,0.00041828835711478827
元,9.885154268356411e-05,0.0005164997917365835,-0.00041764824905301943,0.00041764824905301943
倒す,0.0014813130880926373,0.0010637817961909408,0.00041753129190169646,0.00041753129190169646
傍ら,0.0,0.000417494042315106,-0.000417494042315106,0.000417494042315106
メガネ,0.0002097225817973642,0.000626678728767317,-0.0004169561469699528,0.0004169561469699528
防御,0.00029121103621470527,0.0007080492697720704,-0.0004168382335573652,0.0004168382335573652
移送,0.0,0.00041632709015746843,-0.00041632709015746843,0.00041632709015746843
図書,0.00043903659075731564,0.0008551082946343836,-0.0004160717038770679,0.0004160717038770679
嫌がる,0.0,0.00041546672642248756,-0.00041546672642248756,0.00041546672642248756
熱す,0.0,0.00041514494414139597,-0.00041514494414139597,0.00041514494414139597
夜,0.0,0.0004142629933457653,-0.0004142629933457653,0.0004142629933457653
繰り返す,0.0,0.0004137582217742325,-0.0004137582217742325,0.0004137582217742325
合唱,0.0008619211605139745,0.00044823491632151605,0.00041368624419245843,0.00041368624419245843
ごっこ,0.0005911963367263454,0.0010045273750873844,-0.000413331038361039,0.000413331038361039
列,0.0006204308541927067,0.0010332680329391507,-0.00041283717874644396,0.00041283717874644396
敷地,0.0001698805455022476,0.0005820456196571105,-0.00041216507415486284,0.00041216507415486284
積み木,0.0,0.00041048189507128844,-0.00041048189507128844,0.00041048189507128844
近寄る,0.0007440693641217021,0.0003350523279038278,0.00040901703621787426,0.00040901703621787426
グローブ,0.0011848107667969847,0.0007758908146674688,0.00040891995212951596,0.00040891995212951596
隊,0.0,0.00040870294140911455,-0.00040870294140911455,0.00040870294140911455
縁,0.0008878017745266967,0.0012962952536583797,-0.000408493479131683,0.000408493479131683
球技,0.0011276477724355737,0.0015359526215630147,-0.00040830484912744106,0.00040830484912744106
天井,0.00015977078214953313,0.0005680209477845422,-0.00040825016563500905,0.00040825016563500905
グレーチング,0.0002105516367063003,0.0006181843156291378,-0.00040763267892283744,0.00040763267892283744
はぐ,0.0,0.0004074228406945494,-0.0004074228406945494,0.0004074228406945494
パンチ,0.0005914073230881992,0.0009986955198766651,-0.00040728819678846596,0.00040728819678846596
腫れる,0.0005639210447854784,0.0009708855752141065,-0.0004069645304286281,0.0004069645304286281
けが,0.000990323924192544,0.0005839816938041715,0.0004063422303883726,0.0004063422303883726
サイド,0.0012435678168149636,0.00164963711954477,-0.0004060693027298063,0.0004060693027298063
自席,0.0001608712579932196,0.0005668265982959986,-0.00040595534030277896,0.00040595534030277896
上がる,0.003187612338655242,0.002781843418073678,0.00040576892058156403,0.00040576892058156403
ライナー,0.0014511882623309635,0.0010454278431140493,0.00040576041921691424,0.00040576041921691424
裂傷,0.0023205123892666452,0.002726143986307882,-0.0004056315970412368,0.0004056315970412368
転び,0.0,0.000403897064656498,-0.000403897064656498,0.000403897064656498
ワイヤー,0.000379291646996977,0.000782075135569718,-0.000402783488572741,0.000402783488572741
鉄製,0.0006752518526669229,0.00107794817827489,-0.00040269632560796715,0.00040269632560796715
脇腹,0.00018832590951600495,0.0005903615171035763,-0.0004020356075875713,0.0004020356075875713
楽器,0.0,0.0004016277568268528,-0.0004016277568268528,0.0004016277568268528
弓,0.0,0.0004014550134906353,-0.0004014550134906353,0.0004014550134906353
走り高跳び,0.0008696465914723689,0.0012703251846392712,-0.00040067859316690233,0.00040067859316690233
掃除,0.0013556398697669948,0.0017562996715800078,-0.00040065980181301294,0.00040065980181301294
あてる,0.0,0.0004003356553836407,-0.0004003356553836407,0.0004003356553836407
大量,0.0006810069201894402,0.0002811530008434605,0.0003998539193459797,0.0003998539193459797
重い,0.00025268557858119326,0.0006516634931891035,-0.00039897791460791025,0.00039897791460791025
レーン,0.0,0.0003988917683288246,-0.0003988917683288246,0.0003988917683288246
器械体操,0.0,0.00039792110305237574,-0.00039792110305237574,0.00039792110305237574
取り上げる,0.0,0.0003977923494046036,-0.0003977923494046036,0.0003977923494046036
ふらつく,0.0012419793025154502,0.0008449710996344876,0.0003970082028809626,0.0003970082028809626
アスレチック,0.0,0.00039645577699938653,-0.00039645577699938653,0.00039645577699938653
合宿,0.0014647909657596616,0.0010686035625588888,0.0003961874032007728,0.0003961874032007728
リコーダー,0.000824975938298986,0.0004288065291091286,0.0003961694091898574,0.0003961694091898574
クラス,0.003066193427736353,0.0034616828751968935,-0.0003954894474605406,0.0003954894474605406
ラック,0.0,0.0003952765651764679,-0.0003952765651764679,0.0003952765651764679
排水,0.0002025161384432327,0.0005973584741188826,-0.0003948423356756499,0.0003948423356756499
犬,0.0,0.00039441614958628875,-0.00039441614958628875,0.00039441614958628875
おかしい,0.0,0.000393376054093722,-0.000393376054093722,0.000393376054093722
出口,0.0,0.00039328450146061894,-0.00039328450146061894,0.00039328450146061894
km,0.0,0.00039318983178853183,-0.00039318983178853183,0.00039318983178853183
駅伝,0.0,0.0003931636114724637,-0.0003931636114724637,0.0003931636114724637
ペットボトル,0.0003373831167531639,0.0007291311843021489,-0.000391748067548985,0.000391748067548985
心,0.0,0.0003915264094967508,-0.0003915264094967508,0.0003915264094967508
ターン,0.000606410048069697,0.0002149826604858173,0.0003914273875838797,0.0003914273875838797
ポット,0.0,0.0003902259119532349,-0.0003902259119532349,0.0003902259119532349
渡す,0.0010959112272367797,0.000706887748050588,0.00038902347918619176,0.00038902347918619176
路肩,0.0005560736467887975,0.00016824428674742825,0.00038782936004136924,0.00038782936004136924
乗り,0.00026104686579047357,0.0006482732918710964,-0.00038722642608062283,0.00038722642608062283
逸れる,0.0009885093879610765,0.0006013538679810645,0.000387155519980012,0.000387155519980012
返事,0.0,0.0003869582073953078,-0.0003869582073953078,0.0003869582073953078
じゃれる,0.000886090644007455,0.0004993790409316401,0.00038671160307581485,0.00038671160307581485
美術,0.0,0.0003865277081072323,-0.0003865277081072323,0.0003865277081072323
かぶる,0.0,0.0003861483116637909,-0.0003861483116637909,0.0003861483116637909
自力,0.00016324408400348968,0.0005489972125952901,-0.00038575312859180037,0.00038575312859180037
達,0.0,0.00038539461639325876,-0.00038539461639325876,0.00038539461639325876
式,0.0010843903498378865,0.0014695638569113564,-0.00038517350707346996,0.00038517350707346996
陸上,0.001966339306519086,0.002350846036439548,-0.00038450672992046235,0.00038450672992046235
玩具,0.0001570300533126773,0.0005411668281743421,-0.0003841367748616648,0.0003841367748616648
急,0.0028840213717805517,0.0032669797599958897,-0.000382958388215338,0.000382958388215338
最中,0.0006763129125634436,0.001058562232812936,-0.00038224932024949227,0.00038224932024949227
粘土,0.0,0.00038192152297429594,-0.00038192152297429594,0.00038192152297429594
持ち上げる,0.0007210551564288259,0.0011025513382397832,-0.0003814961818109573,0.0003814961818109573
人工,0.0,0.00038121721672956007,-0.00038121721672956007,0.00038121721672956007
すね,0.0,0.00038073183651846256,-0.00038073183651846256,0.00038073183651846256
駆け付ける,0.00016167124306986708,0.0005423637026909273,-0.0003806924596210602,0.0003806924596210602
後片付け,0.0005134346865975508,0.0008936334425833974,-0.0003801987559858465,0.0003801987559858465
各自,0.0,0.00037982933868847536,-0.00037982933868847536,0.00037982933868847536
結ぶ,0.0006718779986706906,0.00029216988166102706,0.00037970811700966355,0.00037970811700966355
掌,0.0,0.00037901720974601466,-0.00037901720974601466,0.00037901720974601466
整備,0.00011326861241034959,0.0004922317996220814,-0.00037896318721173186,0.00037896318721173186
グループ,0.0011336774119448372,0.0015122215206514592,-0.000378544108706622,0.000378544108706622
進行,0.0,0.0003779071671189183,-0.0003779071671189183,0.0003779071671189183
通りかかる,0.0006133966133331698,0.000236183461969882,0.00037721315136328784,0.00037721315136328784
真ん中,0.0,0.0003769220279140355,-0.0003769220279140355,0.0003769220279140355
捨てる,0.0,0.0003766134207561737,-0.0003766134207561737,0.0003766134207561737
尻,0.0002959850232848755,0.000672569747356637,-0.0003765847240717615,0.0003765847240717615
塔,0.0,0.00037657113726838977,-0.00037657113726838977,0.00037657113726838977
ネット,0.005719652448743551,0.00609613844034427,-0.0003764859916007184,0.0003764859916007184
生じる,0.0004371747760310897,0.0008136072926150953,-0.0003764325165840056,0.0003764325165840056
挟,0.0005277732483602133,0.00015185553270775877,0.00037591771565245453,0.00037591771565245453
脱ぐ,0.0006707039551233094,0.00029505162930655885,0.0003756523258167505,0.0003756523258167505
興奮,0.0,0.0003756478680490328,-0.0003756478680490328,0.0003756478680490328
擦過,0.0,0.00037544775525432403,-0.00037544775525432403,0.00037544775525432403
外周,0.00020872203614609106,0.0005839023055574709,-0.00037518026941137984,0.00037518026941137984
ぶらんこ,0.0009303830968589854,0.0013055154307002824,-0.0003751323338412971,0.0003751323338412971
ダンクシュート,0.0,0.00037497196621822786,-0.00037497196621822786,0.00037497196621822786
うまい,0.0015756235176169777,0.0012014467524630004,0.0003741767651539772,0.0003741767651539772
本人,0.0013698049066141504,0.0009966295559947255,0.0003731753506194249,0.0003731753506194249
負荷,0.0,0.0003731584979564993,-0.0003731584979564993,0.0003731584979564993
硝子,0.0,0.0003726361933943453,-0.0003726361933943453,0.0003726361933943453
変える,0.00030455229189777595,0.0006766645571500161,-0.00037211226525224017,0.00037211226525224017
クラスメイト,0.0005508652117253118,0.000922307507042859,-0.00037144229531754726,0.00037144229531754726
方向,0.002888650163112209,0.00251739991002357,0.0003712502530886391,0.0003712502530886391
傷口,0.0,0.00037101495192902017,-0.00037101495192902017,0.00037101495192902017
爆発,0.0,0.00037090035896980057,-0.00037090035896980057,0.00037090035896980057
落とす,0.00113400766095049,0.0015048237728336375,-0.00037081611188314765,0.00037081611188314765
取り合う,0.0002535671215334671,0.0006240578195981926,-0.0003704906980647255,0.0003704906980647255
削る,0.0,0.00036992756348224425,-0.00036992756348224425,0.00036992756348224425
突風,0.0,0.0003697635500466129,-0.0003697635500466129,0.0003697635500466129
ささい,0.0,0.0003695738989133613,-0.0003695738989133613,0.0003695738989133613
戻す,0.0010725838422142775,0.0007038199493811295,0.00036876389283314794,0.00036876389283314794
長縄,0.0,0.00036874377286309404,-0.00036874377286309404,0.00036874377286309404
公園,0.0010468726138760736,0.0014152706356982572,-0.00036839802182218363,0.00036839802182218363
喉,0.0,0.0003681386138051539,-0.0003681386138051539,0.0003681386138051539
擦りむく,0.000820987221218279,0.0004532074290757925,0.00036777979214248647,0.00036777979214248647
眼科,0.0,0.0003670579023120869,-0.0003670579023120869,0.0003670579023120869
神経症,0.0,0.0003667739633060658,-0.0003667739633060658,0.0003667739633060658
全体,0.0003880355549017848,0.0007546409330761564,-0.0003666053781743716,0.0003666053781743716
観察,0.00034611728408020256,0.0007119756155712575,-0.0003658583314910549,0.0003658583314910549
めがける,0.00024265617899188008,0.0006080005636114827,-0.00036534438461960264,0.00036534438461960264
もみ合う,0.00026909958215424253,0.0006343240933481955,-0.000365224511193953,0.000365224511193953
連続,0.0,0.00036516921705782016,-0.00036516921705782016,0.00036516921705782016
片付け,0.0012813096316653964,0.0016464608150743517,-0.0003651511834089553,0.0003651511834089553
難聴,0.0,0.0003650475171643247,-0.0003650475171643247,0.0003650475171643247
地区,0.0,0.00036487492926731756,-0.00036487492926731756,0.00036487492926731756
ふた,0.0002776937616933698,0.000642317791093664,-0.0003646240294002942,0.0003646240294002942
はさまる,0.0006300250269673692,0.00026567622651493404,0.00036434880045243514,0.00036434880045243514
立ち上がる,0.0016291408517566481,0.001993017055568367,-0.00036387620381171876,0.00036387620381171876
矢,0.0,0.00036334475504358347,-0.00036334475504358347,0.00036334475504358347
分かる,0.00012572388963096422,0.0004888062513277844,-0.00036308236169682015,0.00036308236169682015
体力,0.00022130672292494075,0.0005840159880666602,-0.00036270926514171947,0.00036270926514171947
ボード,0.0008714176841372817,0.0005093662233079919,0.00036205146082928983,0.00036205146082928983
大学,0.0,0.00036193459413770616,-0.00036193459413770616,0.00036193459413770616
布団,0.0,0.00036167232435164185,-0.00036167232435164185,0.00036167232435164185
可能,0.0004526507854535793,9.136763391053949e-05,0.00036128315154303984,0.00036128315154303984
スクラム,0.0,0.0003611712892428917,-0.0003611712892428917,0.0003611712892428917
武道,0.00022765509633194186,0.0005875783344806682,-0.0003599232381487263,0.0003599232381487263
争い,0.0,0.000359099529407952,-0.000359099529407952,0.000359099529407952
mm,0.0,0.0003589206998750399,-0.0003589206998750399,0.0003589206998750399
家,0.00019011697044073083,0.0005480933634590812,-0.00035797639301835037,0.00035797639301835037
湿布,0.0,0.00035786014950967904,-0.00035786014950967904,0.00035786014950967904
運搬,0.0,0.00035757361587999487,-0.00035757361587999487,0.00035757361587999487
参加,0.003594642542395649,0.003237190161809322,0.00035745238058632707,0.00035745238058632707
脱げる,0.0005485932353643945,0.00019125290378796785,0.0003573403315764267,0.0003573403315764267
入学,0.0005328660750874302,0.00017556172891911614,0.0003573043461683141,0.0003573043461683141
年,0.0003627034680486034,0.0007197815620333515,-0.0003570780939847481,0.0003570780939847481
かぶさる,0.0,0.000357010747943051,-0.000357010747943051,0.000357010747943051
人工芝,0.0,0.0003567845568841388,-0.0003567845568841388,0.0003567845568841388
上履き,0.000560123453290525,0.00020361552984947233,0.0003565079234410526,0.0003565079234410526
おでこ,0.000539420882772707,0.0008958296603736749,-0.0003564087776009679,0.0003564087776009679
まわす,0.0,0.00035619512637726484,-0.00035619512637726484,0.00035619512637726484
はずれる,0.00012805064099206758,0.0004833678483140995,-0.0003553172073220319,0.0003553172073220319
ダブルス,0.0011301324900536529,0.0014846686361046097,-0.00035453614605095683,0.00035453614605095683
気,0.0017021215285755345,0.001347728223323485,0.0003543933052520495,0.0003543933052520495
かかえる,0.0,0.0003541093894979532,-0.0003541093894979532,0.0003541093894979532
加わる,0.0003275979456374839,0.0006815878382983999,-0.00035398989266091597,0.00035398989266091597
傷つける,0.0,0.00035392470233473663,-0.00035392470233473663,0.00035392470233473663
中央,0.001390534365427247,0.0010373521264154524,0.0003531822390117946,0.0003531822390117946
不全,0.0,0.0003530220373444722,-0.0003530220373444722,0.0003530220373444722
顆骨折,0.0,0.0003529150345876145,-0.0003529150345876145,0.0003529150345876145
本校,0.00027879462862954166,0.000631285499365994,-0.0003524908707364523,0.0003524908707364523
農業,0.000559100501209987,0.00020688685206937137,0.00035221364914061565,0.00035221364914061565
着席,0.0,0.0003520933685743239,-0.0003520933685743239,0.0003520933685743239
母,0.0,0.00035207534006127285,-0.00035207534006127285,0.00035207534006127285
説明,0.0,0.0003514798321484292,-0.0003514798321484292,0.0003514798321484292
回旋,0.0,0.00035064851275867423,-0.00035064851275867423,0.00035064851275867423
レフト,0.0005729741343886732,0.0002232298627265615,0.00034974427166211173,0.00034974427166211173
ストッパー,0.0,0.00034964370820245335,-0.00034964370820245335,0.00034964370820245335
週間,0.0,0.0003490685970109026,-0.0003490685970109026,0.0003490685970109026
かけっこ,0.002477992284526358,0.002129222172730991,0.0003487701117953668,0.0003487701117953668
切り,0.0,0.00034841663603912685,-0.00034841663603912685,0.00034841663603912685
へる,0.0,0.00034829447351272786,-0.00034829447351272786,0.00034829447351272786
一輪車,0.0002913479406091898,0.0006394866772026171,-0.0003481387365934273,0.0003481387365934273
ままごと,0.0,0.00034808100642698457,-0.00034808100642698457,0.00034808100642698457
殴打,0.0,0.00034791042385471635,-0.00034791042385471635,0.00034791042385471635
提出,0.0,0.00034789377553424956,-0.00034789377553424956,0.00034789377553424956
起き上がる,0.0008817133548814803,0.0005338630095060633,0.000347850345375417,0.000347850345375417
膝蓋骨,0.0,0.00034776872953090783,-0.00034776872953090783,0.00034776872953090783
コンビネーション,0.0,0.00034744546979716725,-0.00034744546979716725,0.00034744546979716725
背もたれ,0.0,0.00034740667350392025,-0.00034740667350392025,0.00034740667350392025
飛びつく,0.0006401175836687751,0.0002930987916339495,0.00034701879203482563,0.00034701879203482563
付け,0.0,0.0003468945177017154,-0.0003468945177017154,0.0003468945177017154
怒る,0.0010307067235613648,0.001377322381080102,-0.00034661565751873714,0.00034661565751873714
コード,0.0,0.0003465002165424357,-0.0003465002165424357,0.0003465002165424357
脛骨,0.0,0.0003463148532357037,-0.0003463148532357037,0.0003463148532357037
耐える,0.0,0.00034603092237044927,-0.00034603092237044927,0.00034603092237044927
割り,0.0,0.00034560192326931307,-0.00034560192326931307,0.00034560192326931307
倉庫,0.0006805268961587388,0.0010259332222745004,-0.0003454063261157616,0.0003454063261157616
カレー,0.0,0.0003453023803578109,-0.0003453023803578109,0.0003453023803578109
トラック,0.00043428209393362794,0.0007795744130877634,-0.0003452923191541355,0.0003452923191541355
悪化,0.0,0.00034499505813065563,-0.00034499505813065563,0.00034499505813065563
夕方,0.0,0.00034490168011479976,-0.00034490168011479976,0.00034490168011479976
ポール,0.0008650463728317688,0.0012099181034414656,-0.00034487173060969683,0.00034487173060969683
かがむ,0.00082037193711528,0.0004757005762240571,0.0003446713608912229,0.0003446713608912229
さしかかる,0.0005620014680926581,0.00021750946121204282,0.0003444920068806153,0.0003444920068806153
凍る,0.0005926306486097056,0.00024828928800869996,0.0003443413606010056,0.0003443413606010056
鉄板,0.0006658822684083244,0.0003216224932151261,0.00034425977519319834,0.00034425977519319834
自身,0.0,0.0003440955587385358,-0.0003440955587385358,0.0003440955587385358
並べる,0.0,0.00034390323748359773,-0.00034390323748359773,0.00034390323748359773
治まる,0.0,0.0003437755868392596,-0.0003437755868392596,0.0003437755868392596
答える,0.0,0.0003437194165410245,-0.0003437194165410245,0.0003437194165410245
度,0.0007904093295466884,0.0011338047856307527,-0.0003433954560840643,0.0003433954560840643
テープ,0.00022530068439227473,0.0005684028316373596,-0.0003431021472450849,0.0003431021472450849
ランプ,0.0,0.00034266896584189287,-0.00034266896584189287,0.00034266896584189287
長い,0.0008556870037503793,0.0005130644405376773,0.00034262256321270195,0.00034262256321270195
橋,0.0005872792638872625,0.0002448423011329209,0.00034243696275434163,0.00034243696275434163
杭,0.0,0.0003422811739479019,-0.0003422811739479019,0.0003422811739479019
間隔,0.0,0.00034112261669970244,-0.00034112261669970244,0.00034112261669970244
無い,0.0,0.00034022815692473377,-0.00034022815692473377,0.00034022815692473377
もらう,0.001047290913574013,0.000707219752026411,0.00034007116154760207,0.00034007116154760207
ピアノ,0.0,0.0003393482886574139,-0.0003393482886574139,0.0003393482886574139
ひざ,0.0,0.0003391973541136046,-0.0003391973541136046,0.0003391973541136046
裂ける,0.0007645945486109147,0.0004258332443611174,0.00033876130424979726,0.00033876130424979726
絵本,0.0,0.00033857600391280594,-0.00033857600391280594,0.00033857600391280594
人指し指,0.0,0.000338329579474473,-0.000338329579474473,0.000338329579474473
務める,0.0,0.00033817502589850607,-0.00033817502589850607,0.00033817502589850607
ステンレス,0.0,0.0003380214283742509,-0.0003380214283742509,0.0003380214283742509
利用,0.0007163018309339143,0.0003784510105270656,0.0003378508204068487,0.0003378508204068487
クロール,0.0,0.0003377966809058194,-0.0003377966809058194,0.0003377966809058194
囲む,0.0,0.00033743029903094036,-0.00033743029903094036,0.00033743029903094036
予行,0.0002464591224307017,0.0005836511480092469,-0.00033719202557854524,0.00033719202557854524
通過,0.0001456496077690776,0.0004827437487162526,-0.000337094140947175,0.000337094140947175
バラ,0.0,0.0003369274496770088,-0.0003369274496770088,0.0003369274496770088
シューズ,0.0,0.00033676233423928046,-0.00033676233423928046,0.00033676233423928046
事件,0.0,0.000336484148990841,-0.000336484148990841,0.000336484148990841
草むら,0.0,0.00033639336732499046,-0.00033639336732499046,0.00033639336732499046
円,0.0002565663308858564,0.0005926110237886493,-0.0003360446929027929,0.0003360446929027929
アップ,0.00029866401234386895,0.0006346597790392328,-0.0003359957666953639,0.0003359957666953639
以前,0.0009099641771324757,0.0005742151937710615,0.0003357489833614142,0.0003357489833614142
門,0.0005654793522958522,0.0009010653188179583,-0.00033558596652210606,0.00033558596652210606
呼び止める,0.0,0.00033487871615370956,-0.00033487871615370956,0.00033487871615370956
バスケット,0.0013217243604245034,0.0009872754856286422,0.0003344488747958612,0.0003344488747958612
部位,0.0006355110179628717,0.0003011461243910006,0.0003343648935718711,0.0003343648935718711
ピッチャー,0.005120243092648602,0.00478693562439874,0.0003333074682498622,0.0003333074682498622
返却,0.000609316018100686,0.0002764945460925715,0.0003328214720081145,0.0003328214720081145
全校,0.0003596729493990452,0.0006922675437063695,-0.00033259459430732435,0.00033259459430732435
あたり,0.002014538215464821,0.0023462684521799817,-0.0003317302367151606,0.0003317302367151606
挟まる,0.0012925705607425148,0.0016240575832139113,-0.0003314870224713966,0.0003314870224713966
ほお骨,0.0,0.0003312045683874445,-0.0003312045683874445,0.0003312045683874445
南側,0.0,0.0003308647594202358,-0.0003308647594202358,0.0003308647594202358
学年,0.0018107238758824176,0.0014804068864939617,0.0003303169893884559,0.0003303169893884559
擦る,0.00015294829317999406,0.0004832426946630978,-0.0003302944014831038,0.0003302944014831038
向き,0.0006499321584411792,0.0009801122548943276,-0.00033018009645314843,0.00033018009645314843
急ぎ足,0.0005180672674222413,0.0001889163397617276,0.0003291509276605138,0.0003291509276605138
感染,0.0,0.0003285991410756641,-0.0003285991410756641,0.0003285991410756641
つけ,0.0,0.00032835164492518785,-0.00032835164492518785,0.00032835164492518785
立てかける,0.00021190269853325688,0.000539600965321274,-0.0003276982667880171,0.0003276982667880171
正門,0.0006805007600989685,0.00035296066043209175,0.0003275400996668767,0.0003275400996668767
たち,0.0008389594359551776,0.0011663000883942408,-0.00032734065243906325,0.00032734065243906325
学園,0.0,0.00032690665504341845,-0.00032690665504341845,0.00032690665504341845
変わる,0.0009307319979938516,0.0006039175586503435,0.0003268144393435081,0.0003268144393435081
前後,0.0002099021019635648,0.0005363292243292219,-0.00032642712236565706,0.00032642712236565706
頸椎,0.0005153711001007534,0.0001891947588224026,0.00032617634127835076,0.00032617634127835076
またがる,0.0,0.00032582611006850166,-0.00032582611006850166,0.00032582611006850166
右折,0.0004894271300193583,0.00016362639365760285,0.00032580073636175543,0.00032580073636175543
触る,9.418607408014425e-05,0.0004199464290151789,-0.0003257603549350346,0.0003257603549350346
顆上骨,0.0,0.00032521934385641504,-0.00032521934385641504,0.00032521934385641504
ひとり,0.00021206677550272593,0.0005372307517305252,-0.0003251639762277993,0.0003251639762277993
セーフティ,0.0,0.00032467835340712064,-0.00032467835340712064,0.00032467835340712064
紐,0.0007411267362470119,0.0004165139826136936,0.00032461275363331824,0.00032461275363331824
防具,0.0,0.0003246055374138589,-0.0003246055374138589,0.0003246055374138589
その間,0.0,0.0003245233986045052,-0.0003245233986045052,0.0003245233986045052
雑談,0.0,0.0003239589653525157,-0.0003239589653525157,0.0003239589653525157
本棚,0.0006798637797396372,0.0003571120402711996,0.0003227517394684376,0.0003227517394684376
刀,0.0,0.00032219502168748856,-0.00032219502168748856,0.00032219502168748856
算数,0.0,0.0003221777042502261,-0.0003221777042502261,0.0003221777042502261
おく,0.0,0.0003215371148358052,-0.0003215371148358052,0.0003215371148358052
履く,0.0005208460290001468,0.0008423798700035644,-0.00032153384100341755,0.00032153384100341755
異物,0.0,0.00032151838764171616,-0.00032151838764171616,0.00032151838764171616
マッチ,0.0002454371025584425,0.0005668697883746293,-0.00032143268581618674,0.00032143268581618674
段違い,0.0,0.000321011010685902,-0.000321011010685902,0.000321011010685902
熱中,0.0,0.00032092079007148386,-0.00032092079007148386,0.00032092079007148386
取っ手,0.00019607953998662867,0.0005168136839957039,-0.0003207341440090752,0.0003207341440090752
根元,0.0006113405179045575,0.00029074762363819637,0.0003205928942663611,0.0003205928942663611
橈骨,0.0,0.0003205168027354355,-0.0003205168027354355,0.0003205168027354355
疲れる,0.0,0.0003204246891429611,-0.0003204246891429611,0.0003204246891429611
探す,0.0003014161035380125,0.0006213865754023687,-0.00031997047186435617,0.00031997047186435617
間に合う,0.0008652487053510124,0.0005453058952059469,0.00031994281014506554,0.00031994281014506554
離す,0.0018568090434379963,0.002176692282959655,-0.00031988323952165856,0.00031988323952165856
ノート,0.0,0.00031988106009989316,-0.00031988106009989316,0.00031988106009989316
巻き,0.0,0.0003198662754708778,-0.0003198662754708778,0.0003198662754708778
多数,0.0,0.0003197368769601629,-0.0003197368769601629,0.0003197368769601629
kg,0.0,0.00031881548130725963,-0.00031881548130725963,0.00031881548130725963
落ち着く,0.0,0.0003186847021521451,-0.0003186847021521451,0.0003186847021521451
岩,0.0006326552026639947,0.0003140555908077402,0.00031859961185625455,0.00031859961185625455
校内,0.0010049421112140256,0.0006864582835488853,0.00031848382766514036,0.00031848382766514036
自陣,0.0004714565618726712,0.0001539598687282168,0.0003174966931444544,0.0003174966931444544
ピン,0.0,0.00031727553557620123,-0.00031727553557620123,0.00031727553557620123
引き上げる,0.00014243385602840606,0.00045964501775925225,-0.0003172111617308462,0.0003172111617308462
筋,0.0003626139576627028,0.0006791161459078858,-0.00031650218824518303,0.00031650218824518303
部品,0.0,0.00031632397636013085,-0.00031632397636013085,0.00031632397636013085
嗅覚,0.0,0.00031569772905448614,-0.00031569772905448614,0.00031569772905448614
感,0.0,0.000315418090533546,-0.000315418090533546,0.000315418090533546
業,0.0,0.00031526393703332683,-0.00031526393703332683,0.00031526393703332683
ぶらさがる,0.0,0.0003151712882030714,-0.0003151712882030714,0.0003151712882030714
かかと,0.00025991528166546677,0.000574948297321867,-0.00031503301565640027,0.00031503301565640027
バンド,0.0,0.0003144208263068311,-0.0003144208263068311,0.0003144208263068311
十分,0.0,0.0003143352688414114,-0.0003143352688414114,0.0003143352688414114
手元,0.0004888721765769738,0.00017472584294233882,0.00031414633363463496,0.00031414633363463496
停車,0.000793845199758227,0.0004801243163382203,0.00031372088342000677,0.00031372088342000677
サーキット,0.0004791394492137211,0.00016597811990079633,0.00031316132931292475,0.00031316132931292475
抱きつく,0.0,0.0003128268721766734,-0.0003128268721766734,0.0003128268721766734
移動,0.004103755648029943,0.004416309631711934,-0.00031255398368199103,0.00031255398368199103
引きずる,0.0,0.00031249833043839076,-0.00031249833043839076,0.00031249833043839076
割,0.0,0.00031241921816556724,-0.00031241921816556724,0.00031241921816556724
読書,0.0,0.0003122964945298074,-0.0003122964945298074,0.0003122964945298074
歳児,0.0,0.0003112605704519845,-0.0003112605704519845,0.0003112605704519845
集会,0.0007369835819168698,0.00042587097085561705,0.00031111261106125276,0.00031111261106125276
シュート,0.005954692837254349,0.005643596846261173,0.00031109599099317636,0.00031109599099317636
クリア,0.0004674698133951899,0.000778464420685719,-0.0003109946072905291,0.0003109946072905291
自主,0.0004949670864198624,0.0008049614966619377,-0.0003099944102420753,0.0003099944102420753
飾り,0.0,0.00030985147962860917,-0.00030985147962860917,0.00030985147962860917
横切る,0.0002868279235541255,0.0005962979835717442,-0.0003094700600176187,0.0003094700600176187
池,0.0,0.0003093965488736218,-0.0003093965488736218,0.0003093965488736218
追突,0.0006376763265527645,0.0003283354801146983,0.00030934084643806625,0.00030934084643806625
木製,0.00043710809864637976,0.0007464449670765528,-0.00030933686843017305,0.00030933686843017305
解析,0.0,0.00030917692276830657,-0.00030917692276830657,0.00030917692276830657
中断,0.0,0.00030917028688623774,-0.00030917028688623774,0.00030917028688623774
遠く,0.0,0.00030899779160551853,-0.00030899779160551853,0.00030899779160551853
腹ばい,0.0004355737526933204,0.00012692534129206135,0.00030864841140125905,0.00030864841140125905
不要,0.0,0.00030850816343959967,-0.00030850816343959967,0.00030850816343959967
凶行,0.0,0.00030831718278474395,-0.00030831718278474395,0.00030831718278474395
ふち,0.0,0.00030816222478623775,-0.00030816222478623775,0.00030816222478623775
わき,0.0,0.0003080727911477628,-0.0003080727911477628,0.0003080727911477628
突っ込む,0.0018177690176843968,0.0021255372684208036,-0.00030776825073640683,0.00030776825073640683
居る,0.0,0.00030647562662660446,-0.00030647562662660446,0.00030647562662660446
葉,0.0,0.00030584950771638864,-0.00030584950771638864,0.00030584950771638864
団,0.0004893993226359793,0.00018376786121971364,0.00030563146141626566,0.00030563146141626566
口前,0.0005565278919468438,0.0002510608162947628,0.000305467075652081,0.000305467075652081
態度,0.0001883552020297963,0.0004937208153198488,-0.00030536561329005246,0.00030536561329005246
れっする,0.0005336954897518124,0.00022843572429273693,0.00030525976545907546,0.00030525976545907546
通行,0.0004733791796758462,0.00016831963456690821,0.000305059545108938,0.000305059545108938
言語,0.0,0.0003040123568006076,-0.0003040123568006076,0.0003040123568006076
気づく,0.001039034214761373,0.0013429262786287003,-0.0003038920638673273,0.0003038920638673273
不安定,0.00015880197353472557,0.00046204361121852727,-0.0003032416376838017,0.0003032416376838017
顎骨,0.0,0.00030311347185511903,-0.00030311347185511903,0.00030311347185511903
洗う,0.0004065743765333965,0.0007096682801625856,-0.0003030939036291891,0.0003030939036291891
向こう,0.0,0.00030295994715486864,-0.00030295994715486864,0.00030295994715486864
避難,0.0,0.0003028739429257042,-0.0003028739429257042,0.0003028739429257042
補強,0.0,0.0003027345123625652,-0.0003027345123625652,0.0003027345123625652
後部,0.00015740245081895658,0.0004601191922869495,-0.00030271674146799287,0.00030271674146799287
支柱,0.003781892843534232,0.0034791787809392554,0.00030271406259497645,0.00030271406259497645
腰掛ける,0.0004867780504140086,0.0001843031491147449,0.0003024749012992637,0.0003024749012992637
大内,0.0,0.0003020325569329498,-0.0003020325569329498,0.0003020325569329498
ひっくり返る,0.0,0.0003019974562753171,-0.0003019974562753171,0.0003019974562753171
通用,0.0,0.0003018906894392024,-0.0003018906894392024,0.0003018906894392024
集中,0.0,0.00030180198237388594,-0.00030180198237388594,0.00030180198237388594
吐き気,0.00017320933128021416,0.0004746361127933332,-0.00030142678151311907,0.00030142678151311907
下足,0.0,0.00030118171992415255,-0.00030118171992415255,0.00030118171992415255
ホテル,0.0,0.0003007038220301852,-0.0003007038220301852,0.0003007038220301852
手足,0.00046390564224775533,0.0007645003272415715,-0.0003005946849938162,0.0003005946849938162
ボルト,0.0,0.0003004860524382995,-0.0003004860524382995,0.0003004860524382995
振り,0.0,0.00030044592327261514,-0.00030044592327261514,0.00030044592327261514
波,0.0,0.00030042915965428833,-0.00030042915965428833,0.00030042915965428833
垂直,0.0,0.00029995033350245644,-0.00029995033350245644,0.00029995033350245644
支え,0.0,0.00029916867923321025,-0.00029916867923321025,0.00029916867923321025
報告,0.0,0.00029892940119109014,-0.00029892940119109014,0.00029892940119109014
重なる,0.0008687482209045453,0.000570349907461666,0.00029839831344287936,0.00029839831344287936
ガス,0.0,0.0002982613373346665,-0.0002982613373346665,0.0002982613373346665
講習,0.0006640078377078823,0.0003658745149903405,0.00029813332271754183,0.00029813332271754183
試験,0.00012541649462921188,0.0004229791060834669,-0.00029756261145425503,0.00029756261145425503
悪口,0.0,0.0002970200308151151,-0.0002970200308151151,0.0002970200308151151
複合,0.0,0.0002966904507930706,-0.0002966904507930706,0.0002966904507930706
脚長,0.0,0.0002966523375185243,-0.0002966523375185243,0.0002966523375185243
返球,0.001509863862360344,0.0012135953760011931,0.0002962684863591508,0.0002962684863591508
通り抜ける,0.0,0.00029614871921250616,-0.00029614871921250616,0.00029614871921250616
まとめる,0.0,0.0002961122603551609,-0.0002961122603551609,0.0002961122603551609
継続,0.0,0.00029603581576857156,-0.00029603581576857156,0.00029603581576857156
軌道,0.0005765682361420991,0.0002806265964428159,0.0002959416396992832,0.0002959416396992832
石,0.002682367657328237,0.0029782213028494956,-0.0002958536455212584,0.0002958536455212584
着,0.0005040619880328065,0.0002082742325820477,0.0002957877554507588,0.0002957877554507588
寝転がる,0.0,0.00029546897089705173,-0.00029546897089705173,0.00029546897089705173
認める,0.0,0.0002952677635047715,-0.0002952677635047715,0.0002952677635047715
養護,0.0002746558852602388,0.0005690221747669667,-0.0002943662895067279,0.0002943662895067279
返る,0.0,0.00029306573314216255,-0.00029306573314216255,0.00029306573314216255
受身,0.00031940841466945885,0.0006122685234317118,-0.000292860108762253,0.000292860108762253
巻く,0.0006977297097659316,0.000404880549174691,0.0002928491605912406,0.0002928491605912406
驚く,0.0009198127550885826,0.0006270204284003127,0.0002927923266882699,0.0002927923266882699
課題,0.0004935149660098839,0.0007857616903470235,-0.00029224672433713966,0.00029224672433713966
気付く,0.0034499106162249587,0.0031578946646816626,0.00029201595154329605,0.00029201595154329605
末節,0.0,0.00029197927077080453,-0.00029197927077080453,0.00029197927077080453
北側,0.0,0.00029183686878622337,-0.00029183686878622337,0.00029183686878622337
塀,0.0002629921005714372,0.0005540696954773449,-0.0002910775949059077,0.0002910775949059077
壊れる,0.0,0.0002906774879844236,-0.0002906774879844236,0.0002906774879844236
校舎,0.002889213240666413,0.0031796110119349133,-0.0002903977712685004,0.0002903977712685004
待つ,0.0019517668039875074,0.002241552852079548,-0.00028978604809204054,0.00028978604809204054
ねじ,0.0,0.0002897759082266843,-0.0002897759082266843,0.0002897759082266843
挫滅創,0.0,0.00028899727002578476,-0.00028899727002578476,0.00028899727002578476
閉じ込める,0.0,0.0002889284286253017,-0.0002889284286253017,0.0002889284286253017
摂取,0.0,0.0002888255457859578,-0.0002888255457859578,0.0002888255457859578
寮,0.00020487186915265696,0.0004936705593485331,-0.0002887986901958761,0.0002887986901958761
留め,0.0,0.0002886090383857593,-0.0002886090383857593,0.0002886090383857593
小走り,0.0008023766407328856,0.0005138015715857345,0.0002885750691471511,0.0002885750691471511
中学校,0.00020452760924998925,0.0004930435389447266,-0.00028851592969473736,0.00028851592969473736
ステップ,0.0,0.0002882038477781895,-0.0002882038477781895,0.0002882038477781895
押さえつける,0.0,0.00028709473468071725,-0.00028709473468071725,0.00028709473468071725
突き刺さる,0.0,0.0002868551216305091,-0.0002868551216305091,0.0002868551216305091
レンガ,0.00023750281924123426,0.0005241552303337109,-0.0002866524110924766,0.0002866524110924766
配膳,0.0001724736983118391,0.0004589405849839704,-0.0002864668866721313,0.0002864668866721313
ズボン,0.00034127768649270336,0.0006274353438053126,-0.0002861576573126093,0.0002861576573126093
盲,0.0,0.00028570706775255965,-0.00028570706775255965,0.00028570706775255965
箒,0.0006928205171805898,0.00040726189649292326,0.00028555862068766657,0.00028555862068766657
蒼白,0.0,0.0002854685327216075,-0.0002854685327216075,0.0002854685327216075
芝生,0.0004649641834499639,0.0001794983285794042,0.0002854658548705597,0.0002854658548705597
曲げる,0.00015906318737505973,0.00044439894775882616,-0.00028533576038376643,0.00028533576038376643
たてる,0.0,0.0002852081789485107,-0.0002852081789485107,0.0002852081789485107
強化,0.000221798749540343,0.0005068333654741571,-0.000285034615933814,0.000285034615933814
もめる,0.0,0.000285007366200114,-0.000285007366200114,0.000285007366200114
反対,0.001224258475564712,0.0015080613716883058,-0.00028380289612359383,0.00028380289612359383
不安,0.0,0.00028333734291261057,-0.00028333734291261057,0.00028333734291261057
水面,0.0,0.0002831119325093451,-0.0002831119325093451,0.0002831119325093451
延長,0.0,0.0002829996843869018,-0.0002829996843869018,0.0002829996843869018
抱く,0.0002338503914144348,0.0005168293913641468,-0.00028297899994971204,0.00028297899994971204
下げる,0.00017014018577988477,0.0004526089905948252,-0.0002824688048149404,0.0002824688048149404
ひねり,0.0,0.0002824668588903898,-0.0002824668588903898,0.0002824668588903898
分の,0.0,0.0002821190951272565,-0.0002821190951272565,0.0002821190951272565
椎,0.0,0.00028209741403347014,-0.00028209741403347014,0.00028209741403347014
膝下,0.0,0.000281896357009683,-0.000281896357009683,0.000281896357009683
乗る,0.005556830944993537,0.005274962216142827,0.00028186872885071004,0.00028186872885071004
吐く,0.0,0.0002814754082886,-0.0002814754082886,0.0002814754082886
びっくり,0.00044552890345626146,0.00016444461898197164,0.00028108428447428985,0.00028108428447428985
積む,0.0,0.0002810752176651934,-0.0002810752176651934,0.0002810752176651934
台風,0.00010677936995663434,0.0003877041602415335,-0.00028092479028489915,0.00028092479028489915
示指,0.0,0.00028041712801818414,-0.00028041712801818414,0.00028041712801818414
後続,0.0,0.00028002052058065304,-0.00028002052058065304,0.00028002052058065304
いたずら,0.0,0.0002799101431837604,-0.0002799101431837604,0.0002799101431837604
すき間,0.0,0.00027984525021496976,-0.00027984525021496976,0.00027984525021496976
絡む,0.0,0.0002797527878209199,-0.0002797527878209199,0.0002797527878209199
熱,9.595820216683146e-05,0.00037527213316746627,-0.0002793139310006348,0.0002793139310006348
症候群,0.0,0.00027920200496940123,-0.00027920200496940123,0.00027920200496940123
背後,0.0014134409962116398,0.0011347226541817978,0.000278718342029842,0.000278718342029842
脈拍,0.0,0.000278640178687212,-0.000278640178687212,0.000278640178687212
後ろ向き,0.0007001332225413816,0.0009785684054052263,-0.00027843518286384467,0.00027843518286384467
かえる,0.0,0.0002783276847458634,-0.0002783276847458634,0.0002783276847458634
込む,0.0004117222510165732,0.000689933148786732,-0.00027821089777015876,0.00027821089777015876
A,0.000597307615949095,0.00031915767693415357,0.0002781499390149415,0.0002781499390149415
牛乳,0.0005357991134920436,0.00025767474647208103,0.0002781243670199625,0.0002781243670199625
顔色,0.0,0.0002780497027629425,-0.0002780497027629425,0.0002780497027629425
内股,0.0,0.000278031901548988,-0.000278031901548988,0.000278031901548988
緊急,0.0,0.0002774895433400537,-0.0002774895433400537,0.0002774895433400537
通路,0.000789506692616324,0.0010669767644795357,-0.0002774700718632117,0.0002774700718632117
変性,0.0,0.0002772647967221562,-0.0002772647967221562,0.0002772647967221562
走り,0.0,0.000277192730778494,-0.000277192730778494,0.000277192730778494
手洗い,0.0002114271802493255,0.0004883275419071743,-0.0002769003616578488,0.0002769003616578488
踏みつける,0.0,0.0002767752994582787,-0.0002767752994582787,0.0002767752994582787
網,0.0009307477812610981,0.0006542082865479616,0.0002765394947131366,0.0002765394947131366
後ずさる,0.0,0.0002762479070648919,-0.0002762479070648919,0.0002762479070648919
詰まる,0.0,0.00027622941616144777,-0.00027622941616144777,0.00027622941616144777
飛び散る,0.0001394895192790556,0.0004153057274791713,-0.0002758162082001157,0.0002758162082001157
伸びる,0.0,0.0002756242655352202,-0.0002756242655352202,0.0002756242655352202
不自然,0.0,0.00027397784745167747,-0.00027397784745167747,0.00027397784745167747
バレー,0.0007586295554390453,0.0004848229027827787,0.00027380665265626657,0.00027380665265626657
つっこむ,0.0,0.0002737416993670564,-0.0002737416993670564,0.0002737416993670564
蛇口,0.0,0.0002733967785223156,-0.0002733967785223156,0.0002733967785223156
折りたたみ,0.0,0.0002722231164284394,-0.0002722231164284394,0.0002722231164284394
予選,0.0006314839316572587,0.0003594700562289254,0.00027201387542833327,0.00027201387542833327
取れる,0.0007884911169540475,0.0005165708181791764,0.0002719202987748711,0.0002719202987748711
それぞれ,0.00011826936767140338,0.00039009071289664704,-0.0002718213452252437,0.0002718213452252437
彫刻,0.0,0.0002717200357622865,-0.0002717200357622865,0.0002717200357622865
突起,0.0,0.00027171597894088615,-0.00027171597894088615,0.00027171597894088615
補習,0.0004336209784729547,0.00016226371771462441,0.00027135726075833025,0.00027135726075833025
皮,0.0,0.0002713234300020061,-0.0002713234300020061,0.0002713234300020061
平行棒,0.0007479992044643251,0.0004767797243475418,0.0002712194801167833,0.0002712194801167833
支援,0.0006260699275587318,0.0003549564526744828,0.00027111347488424897,0.00027111347488424897
地上,0.00019640906243950575,0.00046737340053773355,-0.0002709643380982278,0.0002709643380982278
ピロティ,0.0005849833655828388,0.00031416824313845835,0.00027081512244438047,0.00027081512244438047
付ける,0.000152493371924748,0.00042282273606319824,-0.0002703293641384502,0.0002703293641384502
期間,0.0,0.00027019412225058045,-0.00027019412225058045,0.00027019412225058045
遠い,0.0002733002760461837,0.0005434583781629801,-0.0002701581021167964,0.0002701581021167964
行い,0.0,0.00026990972691921604,-0.00026990972691921604,0.00026990972691921604
現れる,0.0,0.000269859308188619,-0.000269859308188619,0.000269859308188619
登り,0.0001733039347413149,0.00044289359103658526,-0.0002695896562952704,0.0002695896562952704
バーベル,0.0003703993915975518,0.0006395396925732567,-0.00026914030097570493,0.00026914030097570493
自習,0.00021952447206422839,0.0004886065731131912,-0.0002690821010489628,0.0002690821010489628
敷く,0.00035786106387671225,0.0006267627587747685,-0.00026890169489805624,0.00026890169489805624
教材,0.0,0.00026882902644149764,-0.00026882902644149764,0.00026882902644149764
炊飯,0.0,0.0002688240586315797,-0.0002688240586315797,0.0002688240586315797
机上,0.0,0.00026839135763717664,-0.00026839135763717664,0.00026839135763717664
術後,0.0,0.000268080917229565,-0.000268080917229565,0.000268080917229565
塁,0.0025570915645751497,0.002289587187014267,0.00026750437756088274,0.00026750437756088274
マス,0.0,0.000267150738598609,-0.000267150738598609,0.000267150738598609
ピラミッド,0.0,0.0002669747173415199,-0.0002669747173415199,0.0002669747173415199
味方,0.001596764893445115,0.0018636081917447777,-0.00026684329829966265,0.00026684329829966265
付き,0.0001981606562224205,0.0004647856134421692,-0.0002666249572197487,0.0002666249572197487
保持,0.0,0.00026660525621285735,-0.00026660525621285735,0.00026660525621285735
カップ,0.0,0.00026617094723612204,-0.00026617094723612204,0.00026617094723612204
軍手,0.0,0.0002660413149020844,-0.0002660413149020844,0.0002660413149020844
腱,0.0,0.0002658591452853471,-0.0002658591452853471,0.0002658591452853471
突っ込み,0.00022755851319397716,0.0004933333170628033,-0.00026577480386882614,0.00026577480386882614
飯ごう,0.0,0.00026549199681286394,-0.00026549199681286394,0.00026549199681286394
フリー,0.0011503358526480146,0.001415250278107109,-0.0002649144254590944,0.0002649144254590944
感じ,0.0,0.00026491306569046,-0.00026491306569046,0.00026491306569046
手伝う,0.0,0.0002648254641400693,-0.0002648254641400693,0.0002648254641400693
重ねる,0.0,0.0002647920433418657,-0.0002647920433418657,0.0002647920433418657
環,0.0,0.0002640439757623312,-0.0002640439757623312,0.0002640439757623312
広い,0.000538771419820995,0.00027498416642071535,0.00026378725340027963,0.00026378725340027963
浴びる,0.00018677714319984616,0.00044986899041091487,-0.0002630918472110687,0.0002630918472110687
暴行,0.00026060906765043557,0.0005231682313064888,-0.0002625591636560532,0.0002625591636560532
合同,0.001208911505765544,0.0014713051245915795,-0.0002623936188260354,0.0002623936188260354
下車,0.0,0.0002623921027421591,-0.0002623921027421591,0.0002623921027421591
対応,0.0004526802152671756,0.00019036223190651866,0.000262317983360657,0.000262317983360657
一斉,0.0,0.0002619621222833943,-0.0002619621222833943,0.0002619621222833943
乗り出す,0.0006014980465657526,0.00033989659720677737,0.0002616014493589752,0.0002616014493589752
頭蓋骨,0.0,0.00026144008453542883,-0.00026144008453542883,0.00026144008453542883
踏み出す,0.0001936912124964648,0.0004549499325543752,-0.00026125872005791043,0.00026125872005791043
揚げる,0.0,0.00026107171512751567,-0.00026107171512751567,0.00026107171512751567
うつ伏せる,0.000770178472036259,0.000509140311320817,0.00026103816071544193,0.00026103816071544193
手袋,0.00024792863388580313,0.0005087496318954253,-0.00026082099800962214,0.00026082099800962214
ストレス,0.0,0.00026074775877591203,-0.00026074775877591203,0.00026074775877591203
半月,0.0,0.00026074620716485413,-0.00026074620716485413,0.00026074620716485413
取り組む,0.0,0.0002604122500823835,-0.0002604122500823835,0.0002604122500823835
投てき,0.0,0.00026039704914029025,-0.00026039704914029025,0.00026039704914029025
色,0.0,0.00026026013417704546,-0.00026026013417704546,0.00026026013417704546
あわてる,0.0,0.0002602026119281522,-0.0002602026119281522,0.0002602026119281522
開閉,0.0,0.000259652036000327,-0.000259652036000327,0.000259652036000327
組む,0.0006726915472736646,0.0009320856146420782,-0.0002593940673684135,0.0002593940673684135
脈絡,0.0,0.0002593827695307977,-0.0002593827695307977,0.0002593827695307977
動き,0.0010395950094310733,0.0007803311453065953,0.00025926386412447795,0.00025926386412447795
絞める,0.0002091284539299582,0.0004682817915562174,-0.00025915333762625923,0.00025915333762625923
衝撃,0.001784588570012189,0.0015256582098334573,0.00025893036017873177,0.00025893036017873177
はずす,0.0,0.0002588729304501172,-0.0002588729304501172,0.0002588729304501172
電動,0.00018154348022498512,0.00044038613866922304,-0.00025884265844423795,0.00025884265844423795
剣道,0.0008071246524993359,0.001065550573054423,-0.0002584259205550872,0.0002584259205550872
砂糖,0.0,0.00025837289648174023,-0.00025837289648174023,0.00025837289648174023
上前,0.0005943017753550044,0.0003363077277651718,0.00025799404758983257,0.00025799404758983257
打ち上げる,0.0,0.0002576708807366157,-0.0002576708807366157,0.0002576708807366157
虹彩,0.0,0.00025743140480947747,-0.00025743140480947747,0.00025743140480947747
撮る,0.0,0.0002573479859902279,-0.0002573479859902279,0.0002573479859902279
改善,0.0,0.0002571666748044127,-0.0002571666748044127,0.0002571666748044127
接近,0.0005467616304765357,0.00028964733208910684,0.0002571142983874288,0.0002571142983874288
橈骨遠,0.0,0.0002559199460800602,-0.0002559199460800602,0.0002559199460800602
振り払う,0.0009299680418110639,0.0006746509373911746,0.0002553171044198893,0.0002553171044198893
追い越す,0.0005448120980378461,0.00029044913882127004,0.000254362959216576,0.000254362959216576
分かれる,0.0010425994172761275,0.0007883227516677869,0.0002542766656083406,0.0002542766656083406
位置,0.0010636524392105293,0.0013172686284864176,-0.0002536161892758883,0.0002536161892758883
股,0.0,0.00025347001531458787,-0.00025347001531458787,0.00025347001531458787
水中,0.0002659056744339018,0.0005191853969499861,-0.00025327972251608437,0.00025327972251608437
張る,0.0006582297640972865,0.0009114392141215548,-0.0002532094500242683,0.0002532094500242683
図画,0.0,0.0002530102318271915,-0.0002530102318271915,0.0002530102318271915
寄りかかる,0.0,0.00025290414218574335,-0.00025290414218574335,0.00025290414218574335
保存,0.0003547323049310335,0.0001024725484918107,0.0002522597564392228,0.0002522597564392228
投げつける,0.000133039903905918,0.0003851705373177324,-0.0002521306334118144,0.0002521306334118144
失神,0.0,0.0002520225588856257,-0.0002520225588856257,0.0002520225588856257
経つ,0.0,0.00025169773158220465,-0.00025169773158220465,0.00025169773158220465
隣,0.0037078412542379197,0.0039589668499435005,-0.00025112559570558083,0.00025112559570558083
攻撃,0.0009681937156034158,0.0007170891971885629,0.00025110451841485297,0.00025110451841485297
オーバー,0.00042420518670445754,0.0001731524973239821,0.00025105268938047543,0.00025105268938047543
引き寄せる,0.0,0.0002509724152300215,-0.0002509724152300215,0.0002509724152300215
勉強,0.0,0.00025082148766855075,-0.00025082148766855075,0.00025082148766855075
せる,0.005897397111207628,0.0061481334505645675,-0.0002507363393569398,0.0002507363393569398
誤る,0.004503665903654483,0.004754147216975428,-0.000250481313320945,0.000250481313320945
とっさ,0.0007743022470903762,0.0005242671782999245,0.00025003506879045165,0.00025003506879045165
ひどい,0.000318504206492302,0.0005683176263704489,-0.00024981341987814694,0.00024981341987814694
カーテン,0.00014404108517621024,0.00039358463305394113,-0.0002495435478777309,0.0002495435478777309
届く,0.0,0.0002494517328823517,-0.0002494517328823517,0.0002494517328823517
校外,0.0005400594928669481,0.0007892224081720118,-0.00024916291530506377,0.00024916291530506377
化学,0.0,0.000249148072933644,-0.000249148072933644,0.000249148072933644
緑内障,0.0,0.0002489868920388795,-0.0002489868920388795,0.0002489868920388795
与える,0.0,0.0002488197712836307,-0.0002488197712836307,0.0002488197712836307
プレー,0.0011892203868059867,0.0009405556634012715,0.00024866472340471526,0.00024866472340471526
てんかん,0.0008873882951215147,0.0006387739434805314,0.00024861435164098334,0.00024861435164098334
指示,0.00053375142956873,0.0007816197437573497,-0.0002478683141886196,0.0002478683141886196
リング,0.0004781454355196232,0.0007256603738449976,-0.00024751493832537443,0.00024751493832537443
帽子,0.0004939563912507667,0.0002469281927219209,0.00024702819852884586,0.00024702819852884586
友だち,0.0015767214375337958,0.0018234322104284464,-0.00024671077289465065,0.00024671077289465065
はめる,0.0,0.00024641493541130904,-0.00024641493541130904,0.00024641493541130904
ずれる,0.0005900767938241797,0.000836437823282486,-0.0002463610294583063,0.0002463610294583063
遅い,0.0,0.00024594107498529814,-0.00024594107498529814,0.00024594107498529814
散歩,0.00017592385799938988,0.00042155706150091675,-0.00024563320350152687,0.00024563320350152687
横たわる,0.0,0.0002456299607017897,-0.0002456299607017897,0.0002456299607017897
多目的,0.0004135219233439828,0.0001680406045068755,0.0002454813188371073,0.0002454813188371073
やすい,0.00048030307896077196,0.00023484106228002983,0.00024546201668074213,0.00024546201668074213
はじく,0.0002890093945824081,0.0005342540456068707,-0.00024524465102446257,0.00024524465102446257
止まれる,0.0,0.0002447869974239124,-0.0002447869974239124,0.0002447869974239124
心筋,0.0,0.0002444020461031217,-0.0002444020461031217,0.0002444020461031217
㎝）,0.0,0.0002443685960852116,-0.0002443685960852116,0.0002443685960852116
個,0.0,0.000244233052845386,-0.000244233052845386,0.000244233052845386
飛び乗る,0.0,0.00024350254597860384,-0.00024350254597860384,0.00024350254597860384
境,0.0,0.00024296798993645477,-0.00024296798993645477,0.00024296798993645477
囲う,0.0,0.0002428643711180563,-0.0002428643711180563,0.0002428643711180563
確保,0.0,0.0002428229277695403,-0.0002428229277695403,0.0002428229277695403
登,0.0001923338898433383,0.00043502546527658626,-0.00024269157543324796,0.00024269157543324796
翌朝,0.0,0.00024248412312403398,-0.00024248412312403398,0.00024248412312403398
写真,0.0,0.0002422763103890263,-0.0002422763103890263,0.0002422763103890263
時点,0.0,0.00024219420371182393,-0.00024219420371182393,0.00024219420371182393
夜間,0.0,0.0002417526758665884,-0.0002417526758665884,0.0002417526758665884
歌う,0.00046558149730340035,0.00022456949066231065,0.0002410120066410897,0.0002410120066410897
手甲,0.0,0.00024100901862131647,-0.00024100901862131647,0.00024100901862131647
覚える,0.00011662303522839583,0.00035759515349980325,-0.00024097211827140742,0.00024097211827140742
ごみ,0.0,0.00024058874095819882,-0.00024058874095819882,0.00024058874095819882
見せる,0.0,0.0002405520519840283,-0.0002405520519840283,0.0002405520519840283
ファール,0.0009424485995925588,0.000702444980260553,0.00024000361933200574,0.00024000361933200574
降ろす,0.0001271247810497493,0.0003668757828994344,-0.00023975100184968513,0.00023975100184968513
ぶる,0.0,0.00023970047940112868,-0.00023970047940112868,0.00023970047940112868
ねじれる,0.0,0.0002392345616728691,-0.0002392345616728691,0.0002392345616728691
花壇,0.000783945366791272,0.0010226421441065711,-0.0002386967773152991,0.0002386967773152991
原因,0.00019912385675678953,0.00043774029914666593,-0.0002386164423898764,0.0002386164423898764
喧嘩,0.00050630369237417,0.00026770273362016384,0.00023860095875400614,0.00023860095875400614
逃げ,0.0004007654610044415,0.00016246763946767777,0.00023829782153676375,0.00023829782153676375
つくる,0.0,0.000237930854220341,-0.000237930854220341,0.000237930854220341
上靴,0.00039226368497885414,0.00015445242385410897,0.00023781126112474516,0.00023781126112474516
かご,0.0006332186520556284,0.0003958000724061762,0.00023741857964945223,0.00023741857964945223
見つける,0.0006615274404710611,0.0008989178368428239,-0.00023739039637176286,0.00023739039637176286
擦り傷,0.0009333194722306507,0.0006960351804346886,0.0002372842917959621,0.0002372842917959621
マンション,0.00023200745585232337,0.0004688167102041007,-0.00023680925435177734,0.00023680925435177734
二塁,0.0006561425267712371,0.00042006691350176466,0.0002360756132694724,0.0002360756132694724
知らせる,0.0,0.00023583227086985164,-0.00023583227086985164,0.00023583227086985164
発,0.00026685455451965227,0.000502684899331497,-0.00023583034481184468,0.00023583034481184468
きる,0.0007513173162155112,0.000516302329736264,0.00023501498647924722,0.00023501498647924722
花,0.0,0.00023404189027774697,-0.00023404189027774697,0.00023404189027774697
エッジ,0.0,0.00023394696318570032,-0.00023394696318570032,0.00023394696318570032
厚い,0.0,0.00023391090424217017,-0.00023391090424217017,0.00023391090424217017
蝶番,0.0,0.0002337572043456642,-0.0002337572043456642,0.0002337572043456642
体勢,0.0017690945177772468,0.0020025303633537553,-0.0002334358455765085,0.0002334358455765085
エプロン,0.00015508440561702193,0.00038847507504580366,-0.00023339066942878174,0.00023339066942878174
ガスコンロ,0.0,0.00023337254985743435,-0.00023337254985743435,0.00023337254985743435
庇,0.00014235866500316086,0.00037497292468903845,-0.00023261425968587758,0.00023261425968587758
棟,0.00014500292292975823,0.0003774477851882439,-0.00023244486225848567,0.00023244486225848567
自発,0.0,0.0002322002408103352,-0.0002322002408103352,0.0002322002408103352
緩める,0.0,0.00023219279736002468,-0.00023219279736002468,0.00023219279736002468
急ぐ,0.0014813143531021405,0.0012496038811414592,0.00023171047196068125,0.00023171047196068125
マラソン,0.0003276539826079468,0.0005589846775371335,-0.0002313306949291867,0.0002313306949291867
とり,0.0005391205809831519,0.0003078459927521032,0.00023127458823104873,0.00023127458823104873
軟式,0.0004846481384011778,0.0007158588449713019,-0.0002312107065701241,0.0002312107065701241
実技,0.0,0.00023095176804198162,-0.00023095176804198162,0.00023095176804198162
用いる,0.0,0.00023020570840570132,-0.00023020570840570132,0.00023020570840570132
心拍,0.0,0.00023018729166848745,-0.00023018729166848745,0.00023018729166848745
打ち,0.00022849352960669557,0.0004583581105291234,-0.00022986458092242784,0.00022986458092242784
左右,0.00031019345736690434,0.0005399484886152939,-0.00022975503124838956,0.00022975503124838956
鉄,0.0012657217279667887,0.0010366360416012635,0.00022908568636552515,0.00022908568636552515
取り除く,0.0,0.00022900137395358834,-0.00022900137395358834,0.00022900137395358834
重み,0.0,0.00022815324481109637,-0.00022815324481109637,0.00022815324481109637
近づける,0.0,0.0002274001553457704,-0.0002274001553457704,0.0002274001553457704
大丈夫,0.0,0.00022732751568960908,-0.00022732751568960908,0.00022732751568960908
はり,0.0,0.00022711476795273964,-0.00022711476795273964,0.00022711476795273964
虫,0.00020803193525582603,0.00043408270775670776,-0.00022605077250088172,0.00022605077250088172
下りる,0.0015646265432507987,0.0017906123533656464,-0.00022598581011484776,0.00022598581011484776
殴り合い,0.00016082896326411315,0.0003862173534041391,-0.00022538839014002592,0.00022538839014002592
腓骨,0.0,0.0002252828823412988,-0.0002252828823412988,0.0002252828823412988
仲間,0.00015857762003783048,0.0003835200528198617,-0.00022494243278203122,0.00022494243278203122
アンカー,0.0,0.00022491660862669288,-0.00022491660862669288,0.00022491660862669288
伴う,0.00019994178854299523,0.00042477614609945147,-0.00022483435755645624,0.00022483435755645624
到着,0.00030435015841829167,0.0005291510787949814,-0.00022480092037668978,0.00022480092037668978
コーチ,0.00026652044851927084,0.0004912493967029276,-0.00022472894818365675,0.00022472894818365675
戸外,0.0,0.00022466824205966316,-0.00022466824205966316,0.00022466824205966316
員,0.0,0.00022438250245776335,-0.00022438250245776335,0.00022438250245776335
上体,0.0003058244015411411,0.0005301372224653127,-0.00022431282092417163,0.00022431282092417163
ほうき,0.0007744860910210358,0.0009980883392539397,-0.0002236022482329039,0.0002236022482329039
動き出す,0.0,0.00022310292637808365,-0.00022310292637808365,0.00022310292637808365
医療,0.00030469241282713637,0.0005277866687038959,-0.00022309425587675952,0.00022309425587675952
座り,0.0,0.00022284960820246908,-0.00022284960820246908,0.00022284960820246908
看板,0.00047182520437880147,0.0002493575202588677,0.00022246768411993378,0.00022246768411993378
得る,0.0,0.00022232779203506538,-0.00022232779203506538,0.00022232779203506538
拭く,0.0004632609128166831,0.0006840878705468479,-0.00022082695773016484,0.00022082695773016484
続行,0.0,0.00022036156882696613,-0.00022036156882696613,0.00022036156882696613
中段,0.0,0.00022026332040707978,-0.00022026332040707978,0.00022026332040707978
発見,0.000929583614849878,0.0007102941148808924,0.0002192894999689856,0.0002192894999689856
疾走,0.0,0.00021918451562572908,-0.00021918451562572908,0.00021918451562572908
時刻,0.0,0.00021907256336365914,-0.00021907256336365914,0.00021907256336365914
軸,0.00017356297974791414,0.00039247384698632733,-0.0002189108672384132,0.0002189108672384132
上半身,0.0002727214387587801,0.0004909750270292558,-0.00021825358827047575,0.00021825358827047575
ガード,0.00042286062355340146,0.00020468960439415867,0.0002181710191592428,0.0002181710191592428
テニス,0.002687132162582193,0.002904898655227601,-0.00021776649264540785,0.00021776649264540785
講堂,0.00015846853677447864,0.0003761353475402945,-0.00021766681076581585,0.00021766681076581585
つかみ合う,0.0002062011103882452,0.00042341218465074567,-0.00021721107426250048,0.00021721107426250048
針金,0.00043046718723065104,0.0006475883621292649,-0.00021712117489861384,0.00021712117489861384
チェーン,0.0007235556404952921,0.0005069469137513631,0.000216608726743929,0.000216608726743929
トンボ,0.0004618322119921385,0.00024568685869441403,0.00021614535329772446,0.00021614535329772446
人,0.010543740970930061,0.01075983687156629,-0.00021609590063622827,0.00021609590063622827
仕掛ける,0.0001800477814382389,0.00039612858489855563,-0.00021608080346031673,0.00021608080346031673
本塁,0.00014680565994998728,0.0003627925315211518,-0.00021598687157116454,0.00021598687157116454
鼻,0.003440199887298274,0.00365596399242229,-0.00021576410512401606,0.00021576410512401606
装置,0.0,0.00021479207654389568,-0.00021479207654389568,0.00021479207654389568
コンクリート,0.004012980358785583,0.003798753664100903,0.0002142266946846801,0.0002142266946846801
行く,0.007698235458455029,0.007484120318362944,0.0002141151400920846,0.0002141151400920846
摩擦,0.00032869035519183853,0.0001147007913466238,0.00021398956384521473,0.00021398956384521473
防止,0.0002195834674815841,0.00043282778642189635,-0.00021324431894031225,0.00021324431894031225
進む,0.0006916086269307387,0.0004784758644525906,0.0002131327624781481,0.0002131327624781481
目的,0.00035886795163815816,0.00014625443063322855,0.0002126135210049296,0.0002126135210049296
手当,0.0,0.0002123219017902108,-0.0002123219017902108,0.0002123219017902108
ラン,0.00039149435348005685,0.0001794815527023535,0.00021201280077770335,0.00021201280077770335
スタンド,0.0006908835807324822,0.00047897355941950155,0.00021191002131298062,0.00021191002131298062
必要,0.0,0.0002112114199536034,-0.0002112114199536034,0.0002112114199536034
合図,0.0002895699689680206,0.0004999580503857291,-0.0002103880814177085,0.0002103880814177085
駆けつける,0.0,0.00020992300885357455,-0.00020992300885357455,0.00020992300885357455
洗浄,0.0,0.0002099087498490717,-0.0002099087498490717,0.0002099087498490717
足元,0.0011663613335380762,0.0009567785671698146,0.00020958276636826154,0.00020958276636826154
気道,0.0,0.00020928327151465478,-0.00020928327151465478,0.00020928327151465478
バッグ,0.000361423308379433,0.00015221645521202532,0.00020920685316740766,0.00020920685316740766
くも膜,0.0,0.0002089882757252533,-0.0002089882757252533,0.0002089882757252533
レバー,0.0,0.00020770953094871142,-0.00020770953094871142,0.00020770953094871142
フリスビー,0.00018650848248776222,0.0003934333407555108,-0.00020692485826774855,0.00020692485826774855
捻挫,0.0005732309102280885,0.0007801205079678273,-0.0002068895977397388,0.0002068895977397388
便器,0.00023713497124770524,0.00044399091952917964,-0.0002068559482814744,0.0002068559482814744
ジャングルジム,0.0009554453263367541,0.001161562292498069,-0.0002061169661613149,0.0002061169661613149
軽い,0.0006497066271656333,0.0008557027781844089,-0.00020599615101877557,0.00020599615101877557
入り込む,0.0007355492010555951,0.0005299341494591006,0.00020561505159649447,0.00020561505159649447
後半,0.000128876954859157,0.0003344063363896118,-0.00020552938153045478,0.00020552938153045478
訴え,0.0,0.0002055282405298898,-0.0002055282405298898,0.0002055282405298898
胸部,0.0007904404403395441,0.0009956094980819335,-0.00020516905774238937,0.00020516905774238937
起こる,0.00043426759452341054,0.0002295320264676874,0.00020473556805572314,0.00020473556805572314
壁際,0.00022445692840532052,0.00042897201105555736,-0.00020451508265023684,0.00020451508265023684
姿,0.0,0.00020430386189020151,-0.00020430386189020151,0.00020430386189020151
斜面,0.0013025220010942687,0.0010983363109236199,0.0002041856901706489,0.0002041856901706489
教科,0.0005613471831234796,0.00035741627755825963,0.00020393090556521999,0.00020393090556521999
沈む,0.0,0.00020381238922740784,-0.00020381238922740784,0.00020381238922740784
広範囲,0.0,0.00020304778132133265,-0.00020304778132133265,0.00020304778132133265
打撲傷,0.00014195745170969987,0.0003446897144682603,-0.00020273226275856042,0.00020273226275856042
教師,0.0018937130292287282,0.0016910183664747371,0.00020269466275399102,0.00020269466275399102
横向き,0.00010027568536906852,0.0003025845973973402,-0.0002023089120282717,0.0002023089120282717
診察,0.0,0.00020218274031679845,-0.00020218274031679845,0.00020218274031679845
反動,0.00110850703101913,0.0013102958331689097,-0.0002017888021497796,0.0002017888021497796
キャンプ,0.0003709279432468778,0.00017078260840698621,0.0002001453348398916,0.0002001453348398916
替える,0.0001478701118181589,0.00034787734186539083,-0.00020000723004723193,0.00020000723004723193
行為,0.0001269999724864162,0.00032656785684704833,-0.00019956788436063214,0.00019956788436063214
ダンベル,0.00048249819029341144,0.00028295571898802677,0.00019954247130538467,0.00019954247130538467
入浴,0.00046796710866938915,0.00026869948714519735,0.0001992676215241918,0.0001992676215241918
擦過傷,0.0004945828064911396,0.00029544053296489466,0.00019914227352624497,0.00019914227352624497
落ち葉,0.0004954640703937695,0.0002965835959905084,0.0001988804744032611,0.0001988804744032611
すり抜ける,0.0004433822179603108,0.0006420042531272203,-0.0001986220351669095,0.0001986220351669095
伏せ,0.0002749641268374786,0.00047355671825265964,-0.00019859259141518103,0.00019859259141518103
掛け,0.00032116744160288487,0.0005196207349903369,-0.000198453293387452,0.000198453293387452
交互,0.0,0.00019829862953487038,-0.00019829862953487038,0.00019829862953487038
スペース,0.00038548047002386206,0.0001875889700201285,0.00019789150000373357,0.00019789150000373357
教職員,0.0,0.0001978508052526793,-0.0001978508052526793,0.0001978508052526793
済ませる,0.0,0.0001977854781023284,-0.0001977854781023284,0.0001977854781023284
水晶,0.0,0.00019767404783434066,-0.00019767404783434066,0.00019767404783434066
制,0.0,0.00019682485785252506,-0.00019682485785252506,0.00019682485785252506
奥,0.0001965536492402375,0.00039274363052308923,-0.00019618998128285173,0.00019618998128285173
学級,0.002260319259084852,0.002456244948197182,-0.00019592568911233014,0.00019592568911233014
ガーゼ,0.0,0.00019553147961053993,-0.00019553147961053993,0.00019553147961053993
よじ登る,9.595820216683146e-05,0.0002902769095124578,-0.00019431870734562637,0.00019431870734562637
扇風機,0.0004392682313566519,0.000245397515598803,0.00019387071575784894,0.00019387071575784894
ティー,0.002629590339352803,0.002436180505332479,0.000193409834020324,0.000193409834020324
紅白,0.0011564431236481775,0.0009632377124290285,0.00019320541121914901,0.00019320541121914901
順番,0.0015456685734803143,0.0013534794604798158,0.00019218911300049844,0.00019218911300049844
ローラー,0.0004449025504867677,0.0006370060625845535,-0.00019210351209778578,0.00019210351209778578
話し合い,0.0004614492537215313,0.00027028754075240663,0.00019116171296912468,0.00019116171296912468
黒板,0.001101961201890361,0.0009113477344027425,0.00019061346748761856,0.00019061346748761856
拳,0.0007137535991374492,0.0005233642387574742,0.000190389360379975,0.000190389360379975
抑える,0.0003906913597901396,0.00020044009804725318,0.00019025126174288643,0.00019025126174288643
立て,0.0002383024331156714,0.0004284167288106743,-0.0001901142956950029,0.0001901142956950029
ブリッジ,0.00036328615726688646,0.0001734433246086856,0.00018984283265820087,0.00018984283265820087
交換,0.00014585971253921006,0.00033566455144872507,-0.000189804838909515,0.000189804838909515
夏季,0.0005606557666515874,0.0007499987325801634,-0.00018934296592857595,0.00018934296592857595
にくい,0.0004146918877995683,0.0006039527240513706,-0.00018926083625180225,0.00018926083625180225
貼る,0.00041831954191275296,0.00022912207392628285,0.0001891974679864701,0.0001891974679864701
裾,0.0001652434457018019,0.00035421358268499366,-0.00018897013698319175,0.00018897013698319175
胸,0.001325178919266526,0.0011362930561881902,0.00018888586307833576,0.00018888586307833576
かばう,0.00027316581544022713,0.0004620197117774216,-0.00018885389633719447,0.00018885389633719447
覗く,0.0,0.00018840835397125036,-0.00018840835397125036,0.00018840835397125036
隅,0.0004522224177974144,0.0006405956634168957,-0.00018837324561948133,0.00018837324561948133
役,0.0007940098942642544,0.0006065828181510166,0.00018742707611323778,0.00018742707611323778
交代,0.00048162018021277806,0.0006687257256517285,-0.00018710554543895043,0.00018710554543895043
歩,0.00034828135007206154,0.0005351666843755288,-0.00018688533430346726,0.00018688533430346726
慌てる,0.00028161327831053337,0.0004666589814257033,-0.00018504570311516993,0.00018504570311516993
卒業,0.0006843973849679489,0.0004997407897376434,0.00018465659523030553,0.00018465659523030553
着替える,0.0004850449844591205,0.0003007635549720426,0.0001842814294870779,0.0001842814294870779
減速,0.00032670991680965945,0.00014324899115125938,0.00018346092565840006,0.00018346092565840006
落ち,0.0006629855115162804,0.00048012005740374897,0.00018286545411253148,0.00018286545411253148
片足,0.00011367546363623367,0.0002963708882166672,-0.00018269542458043355,0.00018269542458043355
拍子,0.0010143754549226758,0.0011964472103595824,-0.00018207175543690662,0.00018207175543690662
運転,0.00015248520652425077,0.0003345417145909132,-0.0001820565080666624,0.0001820565080666624
姿勢,0.0008759699785484004,0.001057957855986598,-0.0001819878774381976,0.0001819878774381976
同様,0.0005186115616094514,0.0003374105431123484,0.00018120101849710302,0.00018120101849710302
寝る,0.00015365927204524375,0.0003346147231736726,-0.00018095545112842883,0.00018095545112842883
作品,0.00017466300163773745,0.000355604362741729,-0.00018094136110399154,0.00018094136110399154
続く,0.0005482981299932825,0.0007290943774354368,-0.00018079624744215422,0.00018079624744215422
暴投,0.0003646240990585071,0.00018394462111131712,0.00018067947794718996,0.00018067947794718996
夕食,0.0004360379108689769,0.0006166664492814946,-0.0001806285384125177,0.0001806285384125177
ペア,0.0011477753460922345,0.0013278264344062786,-0.0001800510883140441,0.0001800510883140441
すくう,0.000499099004224856,0.00031943063566409254,0.0001796683685607634,0.0001796683685607634
飛び越す,0.00018971314934783723,0.0003685676269212795,-0.0001788544775734423,0.0001788544775734423
揺れる,0.0002034462036474325,0.00038215685329058796,-0.00017871064964315546,0.00017871064964315546
越える,0.0009112579622534984,0.0007325630755235144,0.000178694886729984,0.000178694886729984
競争,0.0006658126544555733,0.00048753717363066233,0.00017827548082491096,0.00017827548082491096
B,0.0003812905106141784,0.0002030224638073031,0.00017826804680687528,0.00017826804680687528
キャップ,0.00017798865886422104,0.0003557806396337525,-0.00017779198076953149,0.00017779198076953149
付着,0.0,0.0001776855119498198,-0.0001776855119498198,0.0001776855119498198
決める,0.0002666930602044013,0.00044427261682093846,-0.00017757955661653718,0.00017757955661653718
出入り,0.0003435693520808537,0.00016600434316998633,0.00017756500891086735,0.00017756500891086735
ルーム,0.00047213711055361625,0.00029480674192410017,0.00017733036862951608,0.00017733036862951608
両側,0.00020695818958295738,0.00038389378542517244,-0.00017693559584221506,0.00017693559584221506
牽制,0.00047806434230908206,0.0003012203064479226,0.00017684403586115948,0.00017684403586115948
滑り台,0.00023616396116564762,0.0004124959837331059,-0.00017633202256745828,0.00017633202256745828
曲がり角,0.00015617039512421255,0.0003323081902682771,-0.00017613779514406456,0.00017613779514406456
タイミング,0.0009435939510530727,0.000767500779937176,0.00017609317111589673,0.00017609317111589673
校,0.0005780716314098395,0.0007533270392393564,-0.00017525540782951682,0.00017525540782951682
スライド,0.0,0.00017446344143097524,-0.00017446344143097524,0.00017446344143097524
遅れる,0.0009974767252561895,0.0008234673404228693,0.0001740093848333202,0.0001740093848333202
ひっかける,0.0004717411918739315,0.0006453936185253408,-0.00017365242665140935,0.00017365242665140935
送る,0.00037009339360299573,0.0005433051475389239,-0.00017321175393592817,0.00017321175393592817
させる,0.00017130533915353505,0.0003442986222397043,-0.00017299328308616925,0.00017299328308616925
抱える,0.0003264551946463931,0.0004990189088271326,-0.00017256371418073954,0.00017256371418073954
外す,0.0007722441126553887,0.0005997179361742775,0.00017252617648111119,0.00017252617648111119
判明,0.00015649269840118456,0.0003290022405357476,-0.00017250954213456302,0.00017250954213456302
過ごす,0.00022279225885804815,0.0003948956477864399,-0.00017210338892839177,0.00017210338892839177
動作,0.0005404783054251779,0.00036931712070585165,0.00017116118471932628,0.00017116118471932628
稽古,0.0006192229154919867,0.0004481455396740691,0.0001710773758179176,0.0001710773758179176
コントロール,0.0003660379792505184,0.0001958341518379019,0.0001702038274126165,0.0001702038274126165
血,0.0001395839645378882,0.00030895430310414916,-0.00016937033856626095,0.00016937033856626095
スクールバス,0.0001576963763557201,0.0003268530961146538,-0.00016915671975893367,0.00016915671975893367
リレー,0.001895389206413462,0.0017266949694778183,0.00016869423693564368,0.00016869423693564368
下駄,0.0002675774205998754,0.00043619119369353544,-0.00016861377309366002,0.00016861377309366002
バケツ,0.00011950329129259768,0.00028805046019610435,-0.00016854716890350667,0.00016854716890350667
下ろす,0.000972699484311219,0.0008048721741268617,0.00016782731018435732,0.00016782731018435732
通学,0.001960894157172835,0.0017932929871274264,0.0001676011700454086,0.0001676011700454086
トレ,0.00041432255712890156,0.0002495019221574878,0.00016482063497141376,0.00016482063497141376
含める,0.00013081558470614909,0.00029532385073388336,-0.00016450826602773427,0.00016450826602773427
新人,0.00024620932150081886,0.0004106772039760717,-0.00016446788247525282,0.00016446788247525282
工業,0.00017353499563399204,0.0003378979741252854,-0.00016436297849129337,0.00016436297849129337
のける,0.00045639202137365915,0.000292601346268406,0.00016379067510525314,0.00016379067510525314
全員,0.000808732736237916,0.0009724372915377209,-0.00016370455529980492,0.00016370455529980492
発表,0.0005067481186123185,0.00034498052925526526,0.00016176758935705328,0.00016176758935705328
掛かる,0.0002841195722386054,0.0004453211644416348,-0.00016120159220302938,0.00016120159220302938
記録,0.00043861109583528935,0.0005994173891906695,-0.00016080629335538013,0.00016080629335538013
ヘッド,0.00019898321222883145,0.0003597423071395524,-0.00016075909491072098,0.00016075909491072098
壊死,0.00022395438571898234,0.00038438883821844533,-0.000160434452499463,0.000160434452499463
研修,0.0002582526325549582,0.0004186248728820103,-0.00016037224032705208,0.00016037224032705208
不意,0.0005097935160438028,0.0003496972309913146,0.00016009628505248816,0.00016009628505248816
個室,0.00015560685034767474,0.00031471171067685245,-0.00015910486032917772,0.00015910486032917772
内側,0.0013718684590831385,0.001213229055635037,0.00015863940344810145,0.00015863940344810145
一番,0.00031112821645135655,0.0004692206545923459,-0.00015809243814098934,0.00015809243814098934
踊り場,0.0011668441470730092,0.0010087641427001435,0.00015808000437286568,0.00015808000437286568
弾み,0.0004752271683123882,0.0006330297112452789,-0.00015780254293289072,0.00015780254293289072
直す,0.0002938562588888549,0.00045116084996980394,-0.00015730459108094903,0.00015730459108094903
返す,0.0009660248874073069,0.0008092290939888829,0.000156795793418424,0.000156795793418424
野外,0.00020803729541613781,0.00036479023103102237,-0.00015675293561488455,0.00015675293561488455
特別,0.0006973644378591175,0.0008535186445553992,-0.00015615420669628176,0.00015615420669628176
フロア,0.0007921216822377648,0.0006366217595326479,0.00015549992270511687,0.00015549992270511687
朦朧,0.00037228356702848726,0.00021730038271886102,0.00015498318430962624,0.00015498318430962624
突進,0.0001832641411885488,0.00033803932072019166,-0.00015477517953164287,0.00015477517953164287
格好,0.000204314433166657,0.00035906711077623993,-0.00015475267760958292,0.00015475267760958292
約束,0.00014067749565606843,0.00029528414361679265,-0.00015460664796072422,0.00015460664796072422
邪魔,0.00014702108437811894,0.0003014178332990263,-0.00015439674892090736,0.00015439674892090736
スキップ,0.0004761479509316337,0.00032183028871340914,0.00015431766221822454,0.00015431766221822454
息,0.00023211076278285047,0.00038588293009536687,-0.0001537721673125164,0.0001537721673125164
越し,0.0002014094558039372,0.0003548642032382825,-0.00015345474743434532,0.00015345474743434532
靴箱,0.00023469808202281677,0.00038809607514020265,-0.00015339799311738588,0.00015339799311738588
防護,0.0001445223332970814,0.0002977173130134207,-0.0001531949797163393,0.0001531949797163393
振盪,0.00028807723868215084,0.0004410274819554736,-0.00015295024327332277,0.00015295024327332277
おる,0.003177802747696721,0.003330223940302148,-0.00015242119260542707,0.00015242119260542707
立ち,0.000678405355465063,0.0008305650095993261,-0.00015215965413426316,0.00015215965413426316
終える,0.0023843982784120315,0.0022325650417307726,0.00015183323668125888,0.00015183323668125888
服,0.00040431489774648904,0.000556104726419504,-0.0001517898286730149,0.0001517898286730149
抵抗,0.00017366645809665496,0.0003253800033432128,-0.00015171354524655785,0.00015171354524655785
泥,0.00040685385809981943,0.0002551788878792686,0.00015167497022055084,0.00015167497022055084
セーフティー,0.00013488437206379117,0.00028595686878663326,-0.0001510724967228421,0.0001510724967228421
場所,0.002225903313882485,0.002075258297996164,0.00015064501588632094,0.00015064501588632094
前日,0.000692791009933703,0.0005425228640600705,0.00015026814587363246,0.00015026814587363246
スタンツ,0.0001019776557210738,0.0002522393666559879,-0.00015026171093491408,0.00015026171093491408
試みる,0.00020289079071462965,0.0003531053585329545,-0.00015021456781832485,0.00015021456781832485
人組,0.0009659094838344346,0.0008157806204699596,0.000150128863364475,0.000150128863364475
役割,0.00040736797484975377,0.0002575246639216441,0.00014984331092810968,0.00014984331092810968
違う,0.00016187415489582615,0.00031151629998580417,-0.00014964214508997802,0.00014964214508997802
名前,0.00015274298405611322,0.0003016413409855089,-0.00014889835692939566,0.00014889835692939566
壁面,0.00041165189500552663,0.00026288867005490064,0.000148763224950626,0.000148763224950626
降りる,0.0031042467471206494,0.0029561747182929995,0.00014807202882764986,0.00014807202882764986
引っ張る,0.002023033854130392,0.0018753847565595783,0.00014764909757081354,0.00014764909757081354
すりむく,0.0001335482930412097,0.00028104894849085476,-0.00014750065544964506,0.00014750065544964506
校門,0.0011092370565895019,0.0009618492736646403,0.00014738778292486157,0.00014738778292486157
呼び出す,0.0002825047638122725,0.0004298724847519208,-0.00014736772093964834,0.00014736772093964834
スイッチ,0.00019110294469286594,0.00033846799096520807,-0.00014736504627234213,0.00014736504627234213
踏切,0.00038426165156152473,0.00023698771293928904,0.0001472739386222357,0.0001472739386222357
親子,0.00015617039512421255,0.00030262050110802625,-0.0001464501059838137,0.0001464501059838137
掴む,0.0006385970645098042,0.0004925597383725556,0.0001460373261372485,0.0001460373261372485
横断,0.0005092720640424433,0.00036342447843397993,0.00014584758560846336,0.00014584758560846336
滑り降りる,0.000362997695687331,0.0005087004282435493,-0.00014570273255621832,0.00014570273255621832
ベルト,0.00018534059163358214,0.0003304443236676553,-0.00014510373203407314,0.00014510373203407314
ノー,0.00039780907461279576,0.00025294127687858794,0.00014486779773420781,0.00014486779773420781
危ない,0.00023966088863814996,0.0003844343724082331,-0.00014477348377008316,0.00014477348377008316
ピッチングマシーン,0.0008106349784169932,0.0006661631723394637,0.00014447180607752956,0.00014447180607752956
まわり,0.00017143311232850015,0.00031498313555100804,-0.0001435500232225079,0.0001435500232225079
歩ける,0.00017862950856454397,0.0003219969240929871,-0.00014336741552844313,0.00014336741552844313
かくれんぼ,0.000247634660690976,0.00039029662340353256,-0.00014266196271255657,0.00014266196271255657
追い抜く,0.00022913860684361652,0.0003713297499311897,-0.00014219114308757316,0.00014219114308757316
床の間,0.00022196425230561916,0.0003631136909273433,-0.00014114943862172415,0.00014114943862172415
多い,0.0003146174356624258,0.0001738966926330312,0.0001407207430293946,0.0001407207430293946
押し倒す,0.00043733317979575514,0.00029663545754873274,0.0001406977222470224,0.0001406977222470224
窓側,0.0001445223332970814,0.00028475553499886805,-0.00014023320170178664,0.00014023320170178664
土台,0.0007397524814744771,0.0008796426026854723,-0.00013989012121099517,0.00013989012121099517
流れる,0.00030292452282022916,0.0004427862198353698,-0.00013986169701514067,0.00013986169701514067
向う,0.0003696240941569881,0.0002310291789184527,0.00013859491523853543,0.00013859491523853543
回し,0.000751551785716978,0.0006131664064154772,0.00013838537930150078,0.00013838537930150078
ひく,0.00013634697721004427,0.0002746534081442341,-0.00013830643093418982,0.00013830643093418982
伸ばす,0.0006583766226732313,0.0007951523226460398,-0.00013677569997280845,0.00013677569997280845
ワン,0.0006694220376932826,0.0008060635383121948,-0.00013664150061891227,0.00013664150061891227
アルミ,0.0005093947005399816,0.0006457754244546625,-0.00013638072391468088,0.00013638072391468088
消し,9.946707698289653e-05,0.00023315608902829154,-0.000133689012045395,0.000133689012045395
みる,0.0010042359124227888,0.001137330440061309,-0.00013309452763852017,0.00013309452763852017
格技,0.0002984914452852567,0.0004313023541715322,-0.0001328109088862755,0.0001328109088862755
自然,0.00036467905565119776,0.0004966931086443588,-0.00013201405299316103,0.00013201405299316103
物,0.000598504935005953,0.0007303880152182808,-0.00013188308021232784,0.00013188308021232784
下り,0.00018622821304701862,0.00031804900087504487,-0.00013182078782802625,0.00013182078782802625
屋内,0.00045712929217602596,0.0005873262180437093,-0.00013019692586768331,0.00013019692586768331
ホームルーム,0.0007006435601083242,0.0008306009440436418,-0.00012995738393531756,0.00012995738393531756
移る,0.0004303015852186628,0.0005599687512146698,-0.00012966716599600696,0.00012966716599600696
先生,0.0001600145560681743,0.00028965978457196084,-0.00012964522850378654,0.00012964522850378654
脳震盪,0.00021619696302956792,0.00034552809364877813,-0.00012933113061921022,0.00012933113061921022
帰り,0.0008660858803432912,0.0009952596860456756,-0.00012917380570238448,0.00012917380570238448
社会,0.0004967420523098463,0.00036833602240092663,0.0001284060299089197,0.0001284060299089197
プレイルーム,0.00030438276560983916,0.0001764217403953795,0.00012796102521445965,0.00012796102521445965
視界,0.00016300238257984967,0.00029049592550703504,-0.00012749354292718537,0.00012749354292718537
ゴミ,0.0002544816814313488,0.0003817943567121882,-0.00012731267528083936,0.00012731267528083936
排泄,0.0002877177434290185,0.00016077007138470017,0.0001269476720443183,0.0001269476720443183
駆ける,0.0006531225507581603,0.000779763128489853,-0.0001266405777316927,0.0001266405777316927
阻止,0.00041651181553169214,0.0002906738560932408,0.00012583795943845133,0.00012583795943845133
漕ぐ,0.0004141724565324392,0.0002884744341786896,0.0001256980223537496,0.0001256980223537496
きれる,0.003465397813381713,0.0033410198440258112,0.0001243779693559017,0.0001243779693559017
苦しい,0.00023211076278285047,0.00035557355931653426,-0.00012346279653368378,0.00012346279653368378
リバウンド,0.0008142775001177114,0.0009376917042760893,-0.0001234142041583779,0.0001234142041583779
綱,0.0005100951497886531,0.00038734244993838293,0.00012275269985027014,0.00012275269985027014
近づく,0.0016716533060522289,0.0015492692993436998,0.00012238400670852904,0.00012238400670852904
とぶ,0.0007364763350636059,0.0008588108828309602,-0.00012233454776735435,0.00012233454776735435
氷,0.0006004347207871454,0.00072244855799184,-0.0001220138372046946,0.0001220138372046946
磨く,0.00026417417556232807,0.00014246569866072664,0.00012170847690160143,0.00012170847690160143
飛び出す,0.0017751444277932225,0.0016537058848339727,0.0001214385429592498,0.0001214385429592498
ポート,0.0002295439304769172,0.00035064787758520345,-0.00012110394710828626,0.00012110394710828626
手の甲,0.00039806715789967093,0.00027712498645877595,0.00012094217144089498,0.00012094217144089498
むく,0.00013552203827722813,0.0002563342753114011,-0.00012081223703417298,0.00012081223703417298
初日,0.00029667758062560675,0.00017608861667024045,0.0001205889639553663,0.0001205889639553663
国語,0.00014784139005968026,0.00026770306883747846,-0.0001198616787777982,0.0001198616787777982
昼,0.0006520821859737043,0.0005322343337687238,0.00011984785220498049,0.00011984785220498049
受け取る,0.0008562594569700201,0.0009758990454291629,-0.0001196395884591428,0.0001196395884591428
しゃがむ,0.001216328740479011,0.0013358255367465113,-0.00011949679626750026,0.00011949679626750026
空手,0.0003532004756044778,0.000472516448713644,-0.00011931597310916621,0.00011931597310916621
ゴルフ,0.0008652731742817689,0.0007459754890730723,0.00011929768520869662,0.00011929768520869662
植え込み,0.00022697305583517342,0.00034616214569404543,-0.00011918908985887201,0.00011918908985887201
腹筋,0.00041214250794538714,0.0002932942974436303,0.00011884821050175682,0.00011884821050175682
一時,0.00019600420090580653,0.0003140110401545283,-0.00011800683924872177,0.00011800683924872177
やめる,0.000562423987866626,0.00044466538632417416,0.00011775860154245184,0.00011775860154245184
辺り,0.0023075346676319454,0.0024252446616213857,-0.00011770999398944037,0.00011770999398944037
グランド,0.0010189732414751982,0.0009021729740631372,0.00011680026741206094,0.00011680026741206094
シャワー,0.00039613982450049755,0.0002795662840500133,0.00011657354045048425,0.00011657354045048425
よい,0.00043575960920083233,0.0003205237007495581,0.00011523590845127421,0.00011523590845127421
新聞紙,0.0001865092190553545,0.00030116357366106246,-0.00011465435460570797,0.00011465435460570797
前面,0.00017992978069687307,0.00029453149565753477,-0.0001146017149606617,0.0001146017149606617
介助,0.0003049849939299061,0.0004195699701888051,-0.00011458497625889901,0.00011458497625889901
対向,0.00023931933269452974,0.00035320580790383687,-0.00011388647520930713,0.00011388647520930713
踏み込む,0.00026720404668744465,0.00015412038658394888,0.00011308366010349578,0.00011308366010349578
うつぶせる,0.0005280040592485439,0.0004154023047204742,0.00011260175452806968,0.00011260175452806968
すぎる,0.0009995065675932932,0.0008869599548659272,0.00011254661272736596,0.00011254661272736596
受傷,0.0026109852120877906,0.0024994993928537284,0.00011148581923406224,0.00011148581923406224
クラブ,0.0015854213841956478,0.0016958876001922575,-0.00011046621599660974,0.00011046621599660974
徒歩,0.001442115665138944,0.0013319302575057848,0.00011018540763315927,0.00011018540763315927
斜め,0.0014042003712698326,0.0012941499415974934,0.00011005042967233915,0.00011005042967233915
含む,0.00024943590598383266,0.00035937435278584636,-0.0001099384468020137,0.0001099384468020137
のしかかる,0.00017059659324434605,0.000280145712219569,-0.00010954911897522295,0.00010954911897522295
隣接,0.00020318978985039735,0.00031259976728518113,-0.00010940997743478378,0.00010940997743478378
ビニール,0.00023652402624133707,0.0003450978785049907,-0.00010857385226365363,0.00010857385226365363
光,0.00018401031701475567,0.000292095636499674,-0.00010808531948491834,0.00010808531948491834
身,0.0005783080866660647,0.0004704775031926497,0.00010783058347341493,0.00010783058347341493
エバーマット,0.00013561994903131037,0.00024328021186535462,-0.00010766026283404425,0.00010766026283404425
背,0.0004220216877952631,0.0005287659681094916,-0.00010674428031422851,0.00010674428031422851
空中,0.0007050094571325713,0.0005983440858506478,0.00010666537128192354,0.00010666537128192354
宿舎,0.0003800220243896099,0.00027475512394330165,0.00010526690044630825,0.00010526690044630825
奪う,0.0009952129418355632,0.0011003232586051259,-0.00010511031676956268,0.00010511031676956268
課外,0.0003211558459515652,0.0004256938502086167,-0.00010453800425705152,0.00010453800425705152
沿い,0.0005132313462598403,0.0004090608602141309,0.00010417048604570943,0.00010417048604570943
チアリーディング,0.00044830183442514065,0.0005519011303708458,-0.00010359929594570513,0.00010359929594570513
足下,0.00017388917753625972,0.00027746375588995814,-0.00010357457835369842,0.00010357457835369842
考査,0.0002709736001644748,0.00016747596121048782,0.00010349763895398697,0.00010349763895398697
訓練,0.00019394266621033867,0.0002972870217146568,-0.00010334435550431813,0.00010334435550431813
手伝い,0.00014903691683761553,0.00025212666383933607,-0.00010308974700172055,0.00010308974700172055
トス,0.002805877237269324,0.0029086572380432173,-0.00010278000077389333,0.00010278000077389333
布,0.0002544816814313488,0.000356966189002524,-0.00010248450757117516,0.00010248450757117516
前衛,0.0005096172440675384,0.00040776959257909164,0.00010184765148844676,0.00010184765148844676
吊る,0.00016933698421208905,0.00027106951197900474,-0.0001017325277669157,0.0001017325277669157
消す,0.0001443168019810857,0.00024549804451786804,-0.00010118124253678234,0.00010118124253678234
同級生,0.0014758255773325121,0.0015756872327803795,-9.986165544786734e-05,9.986165544786734e-05
取り,0.0005608775929128626,0.0004612170663276931,9.966052658516946e-05,9.966052658516946e-05
吹き抜け,0.00023487142524987426,0.0003342834069404913,-9.941198169061702e-05,9.941198169061702e-05
か月,0.00025084756760874603,0.00035006418688442685,-9.921661927568082e-05,9.921661927568082e-05
気がつく,0.00036888881266823777,0.0002700564234058122,9.883238926242555e-05,9.883238926242555e-05
合わせる,0.0003285514455708509,0.00022993536837639348,9.861607719445742e-05,9.861607719445742e-05
パイプ,0.0008318075222910359,0.0009299281258317704,-9.812060354073447e-05,9.812060354073447e-05
読む,0.0003269144348263159,0.0002288773129947027,9.80371218316132e-05,9.80371218316132e-05
機関,0.00031618287511603533,0.0004139451288762466,-9.776225376021129e-05,9.776225376021129e-05
見つかる,0.00013070726664124216,0.00022737924234617467,-9.667197570493251e-05,9.667197570493251e-05
休日,0.0003025337429162791,0.00039915352659901756,-9.661978368273843e-05,9.661978368273843e-05
捕手,0.0005412012376362086,0.000637663923172585,-9.646268553637643e-05,9.646268553637643e-05
危険,0.00029662890872151547,0.00020031252244374648,9.631638627776898e-05,9.631638627776898e-05
下半身,0.00020213083978001337,0.000298262060486105,-9.613122070609162e-05,9.613122070609162e-05
大型,0.0004911701154075953,0.000586528022600722,-9.535790719312663e-05,9.535790719312663e-05
幅,0.0004908502635808272,0.0003955563564663582,9.529390711446903e-05,9.529390711446903e-05
揺らす,0.0006476912170624533,0.0005524817155228094,9.520950153964398e-05,9.520950153964398e-05
宿泊,0.0008905786032000029,0.000984983941051804,-9.44053378518011e-05,9.44053378518011e-05
友達,0.005411080890115496,0.0055053512450001065,-9.427035488461088e-05,9.427035488461088e-05
整列,0.00018278427574352056,0.0002769089404228273,-9.412466467930675e-05,9.412466467930675e-05
真似,0.00034002466701019954,0.00043293521158109093,-9.29105445708914e-05,9.29105445708914e-05
トランポリン,0.0010757831142789863,0.0009831542586701961,9.262885560879018e-05,9.262885560879018e-05
三塁,0.0009657898172186914,0.0010581605125961377,-9.237069537744631e-05,9.237069537744631e-05
まね,0.00040074387211046377,0.00030893513472169776,9.180873738876601e-05,9.180873738876601e-05
行事,0.0007043259295746486,0.0007960621706675674,-9.173624109291877e-05,9.173624109291877e-05
補,0.00018804617908795126,0.0002792712138493906,-9.122503476143934e-05,9.122503476143934e-05
帰宅,0.0020659865969620645,0.002156785269026077,-9.079867206401252e-05,9.079867206401252e-05
顧問,0.0012702786682038307,0.0013608831171647356,-9.06044489609049e-05,9.06044489609049e-05
またぐ,0.00014779815966317746,0.0002374280780528888,-8.962991838971134e-05,8.962991838971134e-05
書く,0.00018693734539029498,0.0002759704629726423,-8.903311758234734e-05,8.903311758234734e-05
取り付ける,0.000449371286674624,0.0003604827474660131,8.888853920861089e-05,8.888853920861089e-05
打席,0.001938983437934646,0.0018501121158557596,8.887132207888648e-05,8.887132207888648e-05
走り抜ける,0.0001612691439780817,0.00024953976456691424,-8.827062058883254e-05,8.827062058883254e-05
ボックス,0.00019730033477610595,0.00028492508959773006,-8.762475482162411e-05,8.762475482162411e-05
現場,0.0005270777676766338,0.00043973806266042964,8.733970501620413e-05,8.733970501620413e-05
頭上,0.0002794857512807062,0.0003667830581435805,-8.729730686287426e-05,8.729730686287426e-05
左端,0.0003860768976057731,0.00029926199706167443,8.681490054409866e-05,8.681490054409866e-05
転換,0.0001742656640088563,0.00026093167640344915,-8.666601239459284e-05,8.666601239459284e-05
ピッチング,0.00025874055654439144,0.0003452233056658295,-8.648274912143803e-05,8.648274912143803e-05
畑,0.00038676305446898963,0.00047311479860143694,-8.635174413244731e-05,8.635174413244731e-05
平均,0.00028516864303318186,0.0003714811074639944,-8.631246443081256e-05,8.631246443081256e-05
器具,0.0004016554825556226,0.00048786644660231036,-8.621096404668778e-05,8.621096404668778e-05
海,0.0001816289965294266,0.00026767562877556784,-8.604663224614123e-05,8.604663224614123e-05
込み,0.0003607213002116384,0.00027575781595808876,8.496348425354966e-05,8.496348425354966e-05
ケガ,0.00031428236978756866,0.00022952637518335555,8.475599460421311e-05,8.475599460421311e-05
偶然,0.00018906350809477226,0.0002733445867627663,-8.428107866799406e-05,8.428107866799406e-05
出し,0.0009806571362880507,0.0008965158264349867,8.414130985306403e-05,8.414130985306403e-05
ボレー,0.00024360059212817832,0.000327549549892032,-8.394895776385366e-05,8.394895776385366e-05
甲骨,0.0002800653596424141,0.00019753361243332856,8.253174720908557e-05,8.253174720908557e-05
サーブ,0.0010751572914839136,0.0009927518055233486,8.2405485960565e-05,8.2405485960565e-05
殺る,0.00021562745147489659,0.00029802190915671154,-8.239445768181496e-05,8.239445768181496e-05
自動,0.00026699713595653064,0.0003484511587758662,-8.145402281933557e-05,8.145402281933557e-05
教える,0.00025208122047038747,0.00017141616505707968,8.066505541330779e-05,8.066505541330779e-05
ノブ,0.000189387613990594,0.0002700147631224069,-8.062714913181291e-05,8.062714913181291e-05
持病,0.00010293520939642101,0.00018352864088529993,-8.059343148887892e-05,8.059343148887892e-05
消失,0.00024379754863150042,0.00032431148022711657,-8.051393159561615e-05,8.051393159561615e-05
直接,0.003189249392203034,0.0031088749439008743,8.037444830215953e-05,8.037444830215953e-05
職場,0.00019919702778305634,0.0002793012002996186,-8.010417251656226e-05,8.010417251656226e-05
回る,0.0011359750519402514,0.0010560061921311645,7.996885980908692e-05,7.996885980908692e-05
クロス,0.0002834887337473164,0.00020369628767865074,7.979244606866567e-05,7.979244606866567e-05
体育,0.01799527083668193,0.017915515253224528,7.975558345740125e-05,7.975558345740125e-05
風,0.0003769269580390153,0.00045659458763690046,-7.966762959788517e-05,7.966762959788517e-05
たれる,0.00019896210177797335,0.00027805318537122987,-7.909108359325652e-05,7.909108359325652e-05
言葉,0.0007852076913581074,0.0007062664421548379,7.894124920326947e-05,7.894124920326947e-05
おんぶ,0.0004087213693178542,0.0004873507222249927,-7.86293529071385e-05,7.86293529071385e-05
モップ,0.000270703357925569,0.0003493235976390415,-7.862023971347249e-05,7.862023971347249e-05
遊撃手,0.0002406823685728223,0.0003191127864785793,-7.843041790575698e-05,7.843041790575698e-05
相手方,0.0003070256862565363,0.0003854486053755625,-7.84229191190262e-05,7.84229191190262e-05
帯,0.0003556899116061896,0.00043343130081803315,-7.774138921184357e-05,7.774138921184357e-05
抱え込む,0.00016654729542895345,0.0002442653839920711,-7.771808856311767e-05,7.771808856311767e-05
ひな壇,0.00023313972064595875,0.000309970496898298,-7.683077625233927e-05,7.683077625233927e-05
旋盤,0.0003632641631887938,0.00028679924817821237,7.64649150105814e-05,7.64649150105814e-05
角度,0.0001587567306267285,0.00023504077649616487,-7.628404586943637e-05,7.628404586943637e-05
両手,0.00332324804970341,0.003247165409129883,7.608264057352683e-05,7.608264057352683e-05
戦,0.001805944746555718,0.0018816254050044187,-7.568065844870079e-05,7.568065844870079e-05
鼻血,0.00038889563717671265,0.0004645418967204226,-7.564625954370994e-05,7.564625954370994e-05
コーン,0.00032520683641805204,0.0004008511239185299,-7.564428750047789e-05,7.564428750047789e-05
競り合う,0.0008312075226117242,0.0007560596089243759,7.514791368734835e-05,7.514791368734835e-05
普段,0.0001893136869725622,0.00026438486257593266,-7.507117560337045e-05,7.507117560337045e-05
自ら,0.00031169958241272707,0.0002372643668212395,7.443521559148756e-05,7.443521559148756e-05
促す,0.0002596992920980925,0.00033404925241693306,-7.434996031884054e-05,7.434996031884054e-05
母親,0.0004644414964041983,0.0005385742671544244,-7.413277075022615e-05,7.413277075022615e-05
会話,0.0003273832350270193,0.0004013763882177438,-7.399315319072449e-05,7.399315319072449e-05
速い,0.0004908923868352743,0.0004169387002327968,7.395368660247743e-05,7.395368660247743e-05
玉,0.000177860890414751,0.00025085871458671095,-7.299782417195995e-05,7.299782417195995e-05
一環,0.000716030591687128,0.0006430564115752599,7.297418011186808e-05,7.297418011186808e-05
文化,0.0009768196964105855,0.0009042560985921461,7.256359781843938e-05,7.256359781843938e-05
双方,0.00022601457327110978,0.00029856679685708097,-7.25522235859712e-05,7.25522235859712e-05
変化,0.00022929978339125695,0.00015743379768343608,7.186598570782087e-05,7.186598570782087e-05
三塁手,0.00042071281895767853,0.00034909304813128295,7.161977082639559e-05,7.161977082639559e-05
押し合い,0.0001817632462060717,0.0002517427026826629,-6.997945647659116e-05,6.997945647659116e-05
側壁,0.00019591443351817591,0.00026580334870113497,-6.988891518295906e-05,6.988891518295906e-05
つかまえる,0.0003801182936465753,0.00044995653691135815,-6.983824326478285e-05,6.983824326478285e-05
科学,0.0002130748404687958,0.0001434073006278243,6.96675398409715e-05,6.96675398409715e-05
気持ち,0.0001576963763557201,0.000227337945971384,-6.964156961566389e-05,6.964156961566389e-05
追いつく,0.000662361520996721,0.0005936732335887655,6.868828740795553e-05,6.868828740795553e-05
ケンカ,0.0003139077682235025,0.0003824928462273409,-6.858507800383844e-05,6.858507800383844e-05
のせる,0.00016148039970862623,0.00022998068123610823,-6.8500281527482e-05,6.8500281527482e-05
手のひら,0.00019657005942704642,0.0002649119771407134,-6.834191771366697e-05,6.834191771366697e-05
スパーリング,0.00037359101919734434,0.00030538144988183623,6.82095693155081e-05,6.82095693155081e-05
乗り越える,0.0006413295204762516,0.0005735261961944642,6.780332428178736e-05,6.780332428178736e-05
プレーヤー,0.0006354923732570432,0.0007017225710625168,-6.623019780547363e-05,6.623019780547363e-05
行動,0.000240943738531974,0.0003071517612842397,-6.620802275226573e-05,6.620802275226573e-05
しっぽ,0.0004333264800679104,0.0003674010568997555,6.592542316815486e-05,6.592542316815486e-05
直前,0.000829255653462329,0.0007635502486507611,6.570540481156794e-05,6.570540481156794e-05
テーブル,0.00032697891874512226,0.00039265826173668776,-6.567934299156551e-05,6.567934299156551e-05
武道館,0.00026024287774482424,0.00032524780955650004,-6.50049318116758e-05,6.50049318116758e-05
洗面,0.00021825242312600122,0.0002822528615345199,-6.40004384085187e-05,6.40004384085187e-05
乱れる,0.00026078355350774295,0.00019717922436263862,6.360432914510433e-05,6.360432914510433e-05
ホール,0.0009477098744262866,0.0008847480594176497,6.296181500863691e-05,6.296181500863691e-05
うつ,0.0006199109556879991,0.0005572919310936161,6.261902459438304e-05,6.261902459438304e-05
バトン,0.0005078555908069717,0.0005702857608880415,-6.243017008106982e-05,6.243017008106982e-05
塁間,0.00026441974609880443,0.00032620523190098294,-6.17854858021785e-05,6.17854858021785e-05
棒高跳び,0.00023640936453331386,0.00029818478513010096,-6.17754205967871e-05,6.17754205967871e-05
歯磨き,0.0002600362169645584,0.0003216433683116997,-6.160715134714129e-05,6.160715134714129e-05
歩き,0.0002751195264126072,0.00021432684694462937,6.079267946797781e-05,6.079267946797781e-05
教壇,0.00019130727131489483,0.0002512699442492444,-5.9962672934349594e-05,5.9962672934349594e-05
ギャラリー,0.00033302162184709543,0.00039266790216418166,-5.9646280317086225e-05,5.9646280317086225e-05
たつ,0.00022591373293072293,0.00016632177782241123,5.95919551083117e-05,5.95919551083117e-05
周り,0.0010380897156956957,0.0010976002242209426,-5.95105085252469e-05,5.95105085252469e-05
当時,0.00018401031701475567,0.00024292515634351776,-5.891483932876209e-05,5.891483932876209e-05
朝礼,0.0005627685122329138,0.0006215907233419413,-5.8822211109027544e-05,5.8822211109027544e-05
あがる,0.00031523945495815506,0.0003740517630620984,-5.881230810394334e-05,5.881230810394334e-05
おこなう,0.00023323961933355676,0.0002909633701625803,-5.772375082902355e-05,5.772375082902355e-05
上級生,0.0008167149462817853,0.0008743612415400738,-5.764629525828848e-05,5.764629525828848e-05
土,0.0002410563957220494,0.00018479074502076502,5.626565070128439e-05,5.626565070128439e-05
集める,0.0005088480689561246,0.0004527872348187425,5.606083413738208e-05,5.606083413738208e-05
ミス,0.0003824530934638077,0.00032647176996606036,5.598132349774734e-05,5.598132349774734e-05
ムカデ,0.0004981167355479598,0.0004422943900378969,5.582234551006291e-05,5.582234551006291e-05
硬球,0.0004010372647964193,0.0004567364090967281,-5.569914430030877e-05,5.569914430030877e-05
相談,0.00017269146467884265,0.00022806012125328607,-5.536865657444342e-05,5.536865657444342e-05
就寝,0.00021681406872429772,0.00016184260769846182,5.49714610258359e-05,5.49714610258359e-05
一つ,0.0002168413038588824,0.00027170836807783645,-5.486706421895405e-05,5.486706421895405e-05
怪我,0.0006173711513871853,0.0005625189511010358,5.485220028614941e-05,5.485220028614941e-05
くすぐる,0.0002909142042270657,0.00023650933425495147,5.440486997211421e-05,5.440486997211421e-05
工事,0.00027859250401288376,0.00022445773860503608,5.413476540784768e-05,5.413476540784768e-05
増す,0.0001672792908746478,0.00022045528368722683,-5.3175992812579034e-05,5.3175992812579034e-05
着る,0.00021593966687382602,0.00016329388410007688,5.264578277374915e-05,5.264578277374915e-05
丸太,0.00045470185454493466,0.0004027681292863407,5.193372525859395e-05,5.193372525859395e-05
弾く,0.00022216676056550973,0.0002737439880499109,-5.157722748440116e-05,5.157722748440116e-05
くずす,0.0004942281705918765,0.0005456864923949552,-5.1458321803078645e-05,5.1458321803078645e-05
上り,0.000398950257257503,0.000347719705048494,5.123055220900897e-05,5.123055220900897e-05
筋力,0.0002617412478034244,0.00031291608342256464,-5.1174835619140257e-05,5.1174835619140257e-05
肢体,0.00020777732115129523,0.00015719319877930993,5.0584122371985296e-05,5.0584122371985296e-05
座,0.000299965083112122,0.0003503326409342153,-5.036755782209326e-05,5.036755782209326e-05
出入口,0.0005025542517427547,0.0004531042790640384,4.944997267871629e-05,4.944997267871629e-05
液,0.0003245812909573419,0.00037319345473157067,-4.8612163774228786e-05,4.8612163774228786e-05
持久走,0.0009275878009586279,0.0008791120149643219,4.847578599430596e-05,4.847578599430596e-05
くぐる,0.0004373485252933509,0.0003891396791340593,4.820884615929161e-05,4.820884615929161e-05
拾う,0.003939420409252192,0.0038915927051188302,4.782770413336171e-05,4.782770413336171e-05
土手,0.00036060108681285703,0.0003128426334967908,4.775845331606623e-05,4.775845331606623e-05
家庭科,0.00026260338032551325,0.00031010657527298234,-4.750319494746909e-05,4.750319494746909e-05
陰,0.00046671006811782416,0.0004205153914287423,4.619467668908188e-05,4.619467668908188e-05
一方,0.0002113992117247807,0.0002567650728883492,-4.5365861163568525e-05,4.5365861163568525e-05
タイル,0.0002695045523093725,0.0002244332908667024,4.50712614426701e-05,4.50712614426701e-05
ドリル,0.0001952998449419675,0.00024023537261513267,-4.493552767316516e-05,4.493552767316516e-05
通り,0.00023768044704890832,0.00019327616774023212,4.440427930867621e-05,4.440427930867621e-05
そしゃく,0.0002535265833258259,0.00020922062859301142,4.43059547328145e-05,4.43059547328145e-05
進路,0.00023659966734653693,0.00019394810279608574,4.2651564550451196e-05,4.2651564550451196e-05
脇,0.001786715139214738,0.001829034010523467,-4.2318871308729116e-05,4.2318871308729116e-05
捕まる,0.00019326366336733935,0.00023504974090033645,-4.1786077532997095e-05,4.1786077532997095e-05
懸垂,0.00035552041804007853,0.000397267836513296,-4.174741847321747e-05,4.174741847321747e-05
地,0.00020700032448615064,0.00016526780813748366,4.1732516348666975e-05,4.1732516348666975e-05
小さい,0.0001744297952258546,0.000216075492619389,-4.16456973935344e-05,4.16456973935344e-05
もうろう,0.0001497053082229308,0.0001912513662280543,-4.154605800512349e-05,4.154605800512349e-05
骨盤,0.0002296031585921434,0.00027093831088218537,-4.133515229004197e-05,4.133515229004197e-05
づくり,0.00024229800091312507,0.0002833183247555504,-4.10203238424253e-05,4.10203238424253e-05
メンバー,0.00022658496464116967,0.00026732605053839944,-4.074108589722977e-05,4.074108589722977e-05
中学生,0.0002760052791094617,0.00023550894329265516,4.049633581680652e-05,4.049633581680652e-05
はじめる,0.00016145922753076265,0.00020195263394734794,-4.049340641658529e-05,4.049340641658529e-05
センター,0.0007263357099331773,0.0006859210191157788,4.041469081739852e-05,4.041469081739852e-05
予定,0.00023768044704890832,0.0001973854237262551,4.029502332265322e-05,4.029502332265322e-05
春休み,0.0002560085155056966,0.0002950795476356083,-3.907103212991169e-05,3.907103212991169e-05
教官,0.00026345724960733256,0.00030248919150201213,-3.9031941894679574e-05,3.9031941894679574e-05
ベッド,0.0005077347857987167,0.0004689088439892749,3.882594180944183e-05,3.882594180944183e-05
つぶれる,0.00021560518698058375,0.0002537834744882654,-3.8178287507681656e-05,3.8178287507681656e-05
付き添う,0.0003051987262395484,0.00026750829891024027,3.7690427329308115e-05,3.7690427329308115e-05
踵,0.00019698723094269905,0.00023456308339183686,-3.7575852449137813e-05,3.7575852449137813e-05
一瞬,0.0005003978451940164,0.0005379497327424766,-3.7551887548460216e-05,3.7551887548460216e-05
運び出す,0.00024754066334730214,0.00021029340728154813,3.7247256065754014e-05,3.7247256065754014e-05
くれる,0.00015125201691642821,0.00018798977345868168,-3.673775654225347e-05,3.673775654225347e-05
連れる,0.0001526654788705205,0.00018905567621663855,-3.639019734611804e-05,3.639019734611804e-05
ボクシング,0.000681861747015412,0.000645543604412949,3.631814260246296e-05,3.631814260246296e-05
休業,0.000582932146598581,0.0006190702683925059,-3.613812179392489e-05,3.613812179392489e-05
お互い,0.0010086011138664016,0.0010443119246016039,-3.5710810735202275e-05,3.5710810735202275e-05
突き飛ばす,0.0002695448833668887,0.00023394710866410292,3.559777470278576e-05,3.559777470278576e-05
フレーム,0.0005256039430550641,0.0005611483432877948,-3.554440023273073e-05,3.554440023273073e-05
回収,0.00028457372840155455,0.0002497726905544348,3.480103784711975e-05,3.480103784711975e-05
電話,0.00022451524008954032,0.00025918377772178705,-3.4668537632246733e-05,3.4668537632246733e-05
些細,0.0002757823516554322,0.00024158548521232895,3.419686644310323e-05,3.419686644310323e-05
ロープ,0.001037182231481575,0.0010032733918476971,3.390883963387786e-05,3.390883963387786e-05
当番,0.0004314267219909068,0.0003984006718200872,3.302605017081956e-05,3.302605017081956e-05
ミニ,0.0005140708149998046,0.0005470127170275783,-3.2941902027773745e-05,3.2941902027773745e-05
引率,0.00022386157081943168,0.00019123382479960773,3.262774601982396e-05,3.262774601982396e-05
きく,0.00019853494931350757,0.00016615817877069867,3.23767705428089e-05,3.23767705428089e-05
こ,0.00022010083049686354,0.00018844475422732116,3.165607626954238e-05,3.165607626954238e-05
むける,0.00021014248161369383,0.00017901641366476688,3.112606794892695e-05,3.112606794892695e-05
片方,0.000593559814169654,0.0005640336222777122,2.9526191891941778e-05,2.9526191891941778e-05
溶接,0.00016479274579794074,0.00019350410572093236,-2.8711359922991615e-05,2.8711359922991615e-05
築山,0.0002172800330915053,0.00018977254114780598,2.750749194369931e-05,2.750749194369931e-05
寝かせる,0.00019587239496582072,0.00016840597745116905,2.7466417514651674e-05,2.7466417514651674e-05
止める,0.001817195039909523,0.0018443013280453127,-2.71062881357898e-05,2.71062881357898e-05
め,0.00023153479774316947,0.00020472815005808672,2.6806647685082745e-05,2.6806647685082745e-05
宙,0.00041466399663067524,0.00038811392270903455,2.6550073921640695e-05,2.6550073921640695e-05
設置,0.0011387012147116532,0.0011651669339372268,-2.6465719225573668e-05,2.6465719225573668e-05
呼び掛ける,0.0003043516311563493,0.0002779531534608327,2.639847769551662e-05,2.639847769551662e-05
面,0.0015347180626498374,0.0015086411748822435,2.6076887767593907e-05,2.6076887767593907e-05
重,0.00022268991372893324,0.0001969990311833899,2.5690882545543326e-05,2.5690882545543326e-05
踏み外す,0.001771825683720724,0.0017974742315850349,-2.5648547864310853e-05,2.5648547864310853e-05
ゲレンデ,0.00019929759984003742,0.00017390807520428154,2.5389524635755883e-05,2.5389524635755883e-05
保つ,0.00010293520939642101,0.0001280154313598739,-2.5080221963452904e-05,2.5080221963452904e-05
ブルペン,0.00025071698383940947,0.0002257851025257129,2.4931881313696564e-05,2.4931881313696564e-05
裏,0.0008082189601104546,0.0008323119816224315,-2.4093021511976975e-05,2.4093021511976975e-05
携帯,0.00022451524008954032,0.00024830552530540344,-2.379028521586312e-05,2.379028521586312e-05
髪の毛,0.00019921880219940725,0.00017566016564491451,2.355863655449273e-05,2.355863655449273e-05
引っぱる,0.0002990941848092174,0.00027585899646322576,2.323518834599161e-05,2.323518834599161e-05
申し出る,0.00019968907288639832,0.0002228117374144024,-2.3122664528004062e-05,2.3122664528004062e-05
スロープ,0.0007025636887089831,0.0006796317206958207,2.2931968013162373e-05,2.2931968013162373e-05
上段,0.0002938394625855492,0.00031672447706369605,-2.2885014478146867e-05,2.2885014478146867e-05
田んぼ,0.0002769444177745286,0.00029978535761679946,-2.284093984227084e-05,2.284093984227084e-05
とれる,0.00024017235122188798,0.000262168854655804,-2.1996503433916012e-05,2.1996503433916012e-05
対抗,0.000328225286588809,0.0003064156405803243,2.1809646008484737e-05,2.1809646008484737e-05
発熱,0.00017104573505360215,0.00019275888337103855,-2.1713148317436404e-05,2.1713148317436404e-05
籠,0.0004271079841124296,0.000447108627711616,-2.000064359918642e-05,2.000064359918642e-05
浮く,0.0007141021100686639,0.000733610157505433,-1.9508047436769035e-05,1.9508047436769035e-05
傾く,0.0005749225626387491,0.0005941217884046243,-1.9199225765875196e-05,1.9199225765875196e-05
始まる,0.0010762506691381702,0.001095397915702599,-1.914724656442877e-05,1.914724656442877e-05
払い,0.00027486004740968076,0.0002559521138366333,1.8907933573047455e-05,1.8907933573047455e-05
まわる,0.00038525347221778355,0.0004041326096512502,-1.8879137433466646e-05,1.8879137433466646e-05
南,0.00028098296324325094,0.0002641176131686098,1.686535007464112e-05,1.686535007464112e-05
中庭,0.0009092193200338825,0.0009255505683097851,-1.633124827590262e-05,1.633124827590262e-05
進入,0.00027028709138456563,0.0002542388272356813,1.6048264148884304e-05,1.6048264148884304e-05
出かける,0.000263281173679087,0.00027878695922855417,-1.5505785549467185e-05,1.5505785549467185e-05
外科,0.00023153479774316947,0.00021604814695551635,1.5486650787653117e-05,1.5486650787653117e-05
トップ,0.00021465389832855735,0.00022987138930324408,-1.5217490974686729e-05,1.5217490974686729e-05
挨拶,0.00025791426080619493,0.00027288761849145773,-1.4973357685262804e-05,1.4973357685262804e-05
迎える,0.00020777732115129523,0.0002226786047969267,-1.4901283645631476e-05,1.4901283645631476e-05
きっかけ,0.00022875665742413213,0.00024280413547080938,-1.4047478046677245e-05,1.4047478046677245e-05
こむ,0.001420604653624269,0.0014344356920209412,-1.3831038396672083e-05,1.3831038396672083e-05
集まる,0.00027105239174406604,0.00025735993887560305,1.369245286846299e-05,1.369245286846299e-05
プレス,0.0003304480995290668,0.00031677581104430695,1.3672288484759844e-05,1.3672288484759844e-05
ける,0.0009658858118719437,0.0009525848627438802,1.3300949128063522e-05,1.3300949128063522e-05
弓道,0.0003007942448741668,0.00028752159672134427,1.3272648152822528e-05,1.3272648152822528e-05
一塁,0.0015328010481994506,0.0015204219055674486,1.2379142632001992e-05,1.2379142632001992e-05
伝える,0.0001658657603770596,0.00017802826651843343,-1.2162506141373845e-05,1.2162506141373845e-05
中身,0.00015976289877985984,0.00017186396097330708,-1.2101062193447236e-05,1.2101062193447236e-05
歌,0.0002596125081589879,0.00024782244167381853,1.1790066485169387e-05,1.1790066485169387e-05
英語,0.00019135171022568732,0.0001802582883700257,1.109342185566162e-05,1.109342185566162e-05
落書き,0.0003364332724909647,0.0003255421430084405,1.0891129482524218e-05,1.0891129482524218e-05
狭い,0.000377024412418791,0.0003875602568027956,-1.0535844384004605e-05,1.0535844384004605e-05
判断,0.00029303592048806503,0.00030352738194079084,-1.0491461452725808e-05,1.0491461452725808e-05
尻餅,0.00019173968167812707,0.0001815471403640437,1.019254131408336e-05,1.019254131408336e-05
上る,0.0009956914668417696,0.0010056817480644737,-9.990281222704064e-06,9.990281222704064e-06
張り出す,0.0002451940702770031,0.000235499222546275,9.694847730728096e-06,9.694847730728096e-06
困難,0.00020197893601766798,0.00021149824756959418,-9.5193115519262e-06,9.5193115519262e-06
逆,0.00020150270307773852,0.00021100827557467752,-9.505572496939e-06,9.505572496939e-06
片づける,0.0002892902841019841,0.00029832925241167236,-9.038968309688241e-06,9.038968309688241e-06
直撃,0.01308591309376161,0.013076989440505754,8.923653255856617e-06,8.923653255856617e-06
勝手,0.00020602734939708902,0.00019740221873382197,8.62513066326705e-06,8.62513066326705e-06
林間,0.00028979395127473216,0.0002812070171998804,8.586934074851743e-06,8.586934074851743e-06
勘違い,0.0002240862853783755,0.00021576430027634913,8.321985102026364e-06,8.321985102026364e-06
上方,0.0002035472144254101,0.00021181329784700152,-8.26608342159143e-06,8.26608342159143e-06
体制,0.0002166174018419838,0.00020898760619334877,7.629795648635021e-06,7.629795648635021e-06
幹,0.00019964622438670105,0.00019229720533882658,7.3490190478744705e-06,7.3490190478744705e-06
帰る,0.00152717191937502,0.0015343527717510087,-7.180852375988662e-06,7.180852375988662e-06
支える,0.002179262993260876,0.0021862199404189247,-6.956947158048843e-06,6.956947158048843e-06
パネル,0.00019133026227674492,0.00019804828857195622,-6.718026295211301e-06,6.718026295211301e-06
相撲,0.0007749016195519106,0.0007683289454552553,6.572674096655276e-06,6.572674096655276e-06
研究,0.0005175729549754377,0.0005234763360188734,-5.903381043435656e-06,5.903381043435656e-06
踏みはずす,0.00022776164129649412,0.00022204837181354168,5.713269482952437e-06,5.713269482952437e-06
ふざける,0.006066037370369969,0.006071081169007218,-5.043798637248929e-06,5.043798637248929e-06
寒い,0.00017571249619579852,0.0001707597633369506,4.952732858847924e-06,4.952732858847924e-06
不良,0.0004968304271008722,0.0004928003622658734,4.030064834998834e-06,4.030064834998834e-06
差,0.0003315614147622011,0.00033449465133295953,-2.9332365707584193e-06,2.9332365707584193e-06
対戦,0.00043336512903813023,0.00043547779617638185,-2.1126671382516206e-06,2.1126671382516206e-06
着用,0.000409880601048764,0.00040779295434014464,2.0876467086193367e-06,2.0876467086193367e-06
宙返り,0.0009033300575354295,0.0009050639173595386,-1.7338598241091203e-06,1.7338598241091203e-06
選択,0.00041115373564746096,0.0004123986204115962,-1.2448847641352372e-06,1.2448847641352372e-06
飛ばす,0.0016171160150244969,0.0016182462466866557,-1.1302316621588683e-06,1.1302316621588683e-06
