単語,総出現回数,出現事例数,事例出現率（％）,頻度順位
部,2710,2321,30.2135,1
練習,2372,2068,26.9201,2
ボール,2127,1623,21.1273,3
当たる,1786,1707,22.2208,4
眼,1776,1471,19.1487,5
負傷,1636,1632,21.2445,6
れる,1519,1338,17.4173,7
転倒,1299,1254,16.3239,8
相手,1091,907,11.8068,9
顔面,1087,1039,13.5251,10
試合,1036,965,12.5618,11
友人,941,691,8.9951,12
場,918,886,11.5335,13
体育,914,891,11.5985,14
打つ,870,834,10.8565,15
しまう,846,717,9.3335,16
運動,844,809,10.5311,17
時間,829,822,10.7003,18
残る,819,797,10.3749,19
強打,817,810,10.5441,20
走る,806,704,9.1643,21
前歯,795,750,9.7631,22
くる,729,697,9.0732,23
足,721,667,8.6826,24
野球,716,702,9.1382,25
手,705,633,8.24,26
教室,659,580,7.5501,27
倒れる,651,612,7.9667,28
体育館,605,562,7.3158,29
強い,592,577,7.5111,30
遊ぶ,570,545,7.0945,31
ぶつかる,556,534,6.9513,32
人,544,451,5.8709,33
歯,544,498,6.4827,34
バランス,541,533,6.9383,35
自転車,540,393,5.1159,36
崩す,517,516,6.717,37
口,508,490,6.3785,38
床,506,463,6.0271,39
本,504,397,5.1679,40
直撃,490,488,6.3525,41
サッカー,487,463,6.0271,42
顔,477,451,5.8709,43
救急,461,416,5.4153,44
投げる,449,402,5.233,45
地面,448,429,5.5845,46
ガラス,440,254,3.3064,47
休憩,437,433,5.6366,48
廊下,433,366,4.7644,49
ぶつける,427,422,5.4934,50
蹴る,426,399,5.194,51
頭部,414,373,4.8555,52
搬送,413,413,5.3762,53
骨折,410,387,5.0378,54
膝,410,358,4.6602,55
障害,406,341,4.4389,56
滑る,401,388,5.0508,57
右手,397,347,4.5171,58
指,389,254,3.3064,59
頭,388,355,4.6212,60
治療,380,372,4.8425,61
打球,379,352,4.5821,62
手術,357,335,4.3608,63
室,352,323,4.2046,64
持つ,338,304,3.9573,65
取る,334,321,4.1786,66
行く,330,318,4.1395,67
入る,325,306,3.9833,68
バッティング,317,279,3.6319,69
られる,316,286,3.723,70
落ちる,313,299,3.8922,71
状態,313,294,3.8271,72
切る,311,303,3.9443,73
選手,311,271,3.5277,74
車,305,268,3.4887,75
左手,304,265,3.4496,76
つく,303,291,3.7881,77
性,300,252,3.2804,78
出る,295,286,3.723,79
落下,292,281,3.6579,80
肘,292,246,3.2023,81
受診,290,279,3.6319,82
球,289,235,3.0591,83
瘢痕,287,285,3.71,84
下校,285,281,3.6579,85
飛ぶ,280,274,3.5668,86
額,278,262,3.4106,87
バスケットボール,278,273,3.5538,88
部分,274,259,3.3715,89
階段,273,194,2.5254,90
終了,273,271,3.5277,91
頬,271,249,3.2413,92
病院,271,261,3.3976,93
近く,261,254,3.3064,94
せる,259,248,3.2283,95
バット,256,208,2.7076,96
目,255,215,2.7988,97
顎,254,224,2.9159,98
外,253,241,3.1372,99
機能,251,222,2.8899,100
かける,250,241,3.1372,101
保育,249,182,2.3692,102
付近,248,244,3.1763,103
登校,248,234,3.0461,104
接触,245,239,3.1112,105
衝突,243,239,3.1112,106
意識,243,227,2.955,107
体,241,231,3.007,108
残存,241,241,3.1372,109
児,240,151,1.9656,110
負う,235,234,3.0461,111
窓,235,166,2.1609,112
歩く,234,221,2.8769,113
ｍ,234,202,2.6295,114
ネット,234,179,2.3301,115
ドア,231,138,1.7964,116
準備,225,218,2.8378,117
外傷,224,193,2.5124,118
ふざける,222,217,2.8248,119
後ろ,216,203,2.6425,120
失う,216,212,2.7597,121
前方,214,211,2.7467,122
加える,213,212,2.7597,123
乗る,209,196,2.5514,124
ノック,209,189,2.4603,125
チーム,208,190,2.4733,126
ゴール,207,152,1.9787,127
歯科,204,204,2.6556,128
マット,203,155,2.0177,129
補綴,202,201,2.6165,130
出血,200,191,2.4863,131
割れる,200,192,2.4993,132
向かう,198,196,2.5514,133
捕る,197,173,2.252,134
鬼ごっこ,195,191,2.4863,135
折,195,194,2.5254,136
痛み,191,170,2.213,137
階,191,134,1.7443,138
横,190,181,2.3562,139
状,188,186,2.4212,140
道路,187,172,2.239,141
途中,186,183,2.3822,142
校庭,186,175,2.2781,143
押す,186,171,2.226,144
折れる,185,176,2.2911,145
側,184,169,2.1999,146
内,184,179,2.3301,147
友達,181,143,1.8615,148
転落,181,174,2.265,149
角,181,178,2.3171,150
後方,180,172,2.239,151
守備,180,173,2.252,152
破る,180,179,2.3301,153
見る,179,165,2.1479,154
ソフトボール,178,175,2.2781,155
追いかける,178,169,2.1999,156
大会,177,174,2.265,157
間,177,172,2.239,158
かかる,177,175,2.2781,159
戻る,176,169,2.1999,160
移動,175,169,2.1999,161
昼食,173,173,2.252,162
机,173,109,1.4189,163
打撲,171,168,2.1869,164
シュート,171,149,1.9396,165
プール,171,102,1.3278,166
つまずく,171,169,2.1999,167
振る,170,163,2.1218,168
前額,168,146,1.9005,169
右足,167,146,1.9005,170
誤る,166,165,2.1479,171
線,166,165,2.1479,172
着地,165,157,2.0437,173
転ぶ,165,159,2.0698,174
視力,165,163,2.1218,175
座る,164,148,1.9266,176
打ちつける,162,162,2.1088,177
関節,162,137,1.7834,178
グラウンド,158,153,1.9917,179
痕,158,158,2.0568,180
背中,157,143,1.8615,181
首,154,137,1.7834,182
勢い,150,147,1.9136,183
バッター,149,134,1.7443,184
挟む,149,148,1.9266,185
遊び,148,144,1.8745,186
ゲーム,148,135,1.7574,187
鉄棒,147,96,1.2497,188
痛める,147,146,1.9005,189
立つ,146,140,1.8224,190
大腿,146,116,1.51,191
部員,145,127,1.6532,192
シャトル,143,109,1.4189,193
切れる,142,141,1.8355,194
トイレ,141,114,1.484,195
出す,141,133,1.7313,196
腕,141,122,1.5881,197
ほお,139,122,1.5881,198
腰,139,127,1.6532,199
左足,138,121,1.5751,200
先,138,131,1.7053,201
打ち付ける,138,138,1.7964,202
昼休み,136,136,1.7704,203
教員,136,106,1.3798,204
骨,136,115,1.497,205
清掃,135,120,1.5621,206
動,135,85,1.1065,207
隣,134,127,1.6532,208
細,134,84,1.0935,209
回,133,106,1.3798,210
台,133,100,1.3017,211
さ,132,123,1.6011,212
壁,131,124,1.6142,213
脱臼,131,131,1.7053,214
コンクリート,130,124,1.6142,215
おる,130,125,1.6272,216
柔道,129,121,1.5751,217
小指,129,115,1.497,218
名,128,107,1.3929,219
気付く,128,126,1.6402,220
拾う,127,121,1.5751,221
耳,126,100,1.3017,222
両手,126,116,1.51,223
競技,125,112,1.458,224
使う,125,123,1.6011,225
来る,125,123,1.6011,226
指導,124,111,1.4449,227
急,124,120,1.5621,228
ろ,123,117,1.523,229
逃げる,122,115,1.497,230
男子,122,108,1.4059,231
離れる,122,115,1.497,232
減退,122,121,1.5751,233
朝,121,119,1.5491,234
ピッチャー,121,115,1.497,235
バレーボール,121,118,1.5361,236
支柱,120,89,1.1586,237
除,119,81,1.0544,238
鼻,118,111,1.4449,239
クラス,118,113,1.471,240
入れる,118,113,1.471,241
抜ける,118,115,1.497,242
バドミントン,118,117,1.523,243
参加,117,114,1.484,244
うし,117,111,1.4449,245
体操,116,112,1.458,246
作業,116,95,1.2367,247
ない,116,103,1.3408,248
コート,115,98,1.2757,249
校舎,115,102,1.3278,250
扉,114,71,0.9242,251
左側,113,111,1.4449,252
置く,113,108,1.4059,253
散る,113,112,1.458,254
瞳,113,111,1.4449,255
終わる,112,110,1.4319,256
高い,111,106,1.3798,257
跳ぶ,111,94,1.2236,258
きれる,111,111,1.4449,259
棒,111,72,0.9373,260
損傷,111,108,1.4059,261
園,111,107,1.3929,262
眼球,111,107,1.3929,263
AED,111,100,1.3017,264
特定,110,110,1.4319,265
後頭部,109,106,1.3798,266
他校,109,108,1.4059,267
祭,109,106,1.3798,268
使用,109,100,1.3017,269
左腕,109,101,1.3148,270
降りる,107,101,1.3148,271
等,107,104,1.3538,272
欠損,106,104,1.3538,273
疼痛,106,106,1.3798,274
跳ね返る,106,105,1.3668,275
挫創,106,102,1.3278,276
身体,105,94,1.2236,277
的,105,102,1.3278,278
切断,105,97,1.2627,279
力,104,102,1.3278,280
一緒,104,100,1.3017,281
回転,104,90,1.1716,282
心肺,104,96,1.2497,283
訴える,103,99,1.2887,284
担任,103,78,1.0154,285
前のめり,103,102,1.3278,286
形,103,99,1.2887,287
段,102,74,0.9633,288
上がる,102,99,1.2887,289
肩,101,97,1.2627,290
脳,101,92,1.1976,291
いく,100,98,1.2757,292
腹部,100,94,1.2236,293
別,99,98,1.2757,294
会,98,96,1.2497,295
上げる,98,94,1.2236,296
股間,98,97,1.2627,297
給食,97,87,1.1325,298
転,97,80,1.0414,299
学習,96,90,1.1716,300
当たり,96,96,1.2497,301
右腕,96,87,1.1325,302
麻痺,96,92,1.1976,303
視野,96,91,1.1846,304
思う,95,94,1.2236,305
追う,95,89,1.1586,306
昇降,94,84,1.0935,307
低下,93,93,1.2106,308
入院,93,91,1.1846,309
右側,92,89,1.1586,310
口元,92,91,1.1846,311
形式,92,92,1.1976,312
殴る,91,86,1.1195,313
石,91,61,0.7941,314
テニス,90,73,0.9503,315
段差,90,84,1.0935,316
打者,90,82,1.0674,317
用,89,86,1.1195,318
とる,89,87,1.1325,319
方向,89,85,1.1065,320
板,89,73,0.9503,321
合う,88,84,1.0935,322
前腕,88,76,0.9893,323
醜状,88,88,1.1455,324
ラケット,87,70,0.9112,325
底,87,86,1.1195,326
実習,87,76,0.9893,327
そう,86,86,1.1195,328
パス,86,80,1.0414,329
技,86,80,1.0414,330
組,86,81,1.0544,331
避ける,85,82,1.0674,332
木,85,62,0.8071,333
唇,85,84,1.0935,334
裂傷,85,84,1.0935,335
ジャンプ,84,79,1.0284,336
後日,84,84,1.0935,337
視,84,84,1.0935,338
終える,83,83,1.0804,339
遊具,83,66,0.8592,340
水,82,69,0.8982,341
者,82,72,0.9373,342
庭,82,80,1.0414,343
椅子,82,56,0.729,344
中指,82,72,0.9373,345
声,81,75,0.9763,346
分,81,70,0.9112,347
閉める,81,74,0.9633,348
外れる,81,80,1.0414,349
支える,80,71,0.9242,350
ランニング,80,76,0.9893,351
水泳,79,74,0.9633,352
距離,79,79,1.0284,353
始業,79,79,1.0284,354
調節,79,78,1.0154,355
学級,78,75,0.9763,356
送球,77,71,0.9242,357
振り向く,77,77,1.0023,358
器,77,69,0.8982,359
陸上,76,75,0.9763,360
待つ,76,72,0.9373,361
打撃,76,72,0.9373,362
複,76,76,0.9893,363
様子,75,73,0.9503,364
激突,75,75,0.9763,365
辺り,75,73,0.9503,366
ハンドル,75,68,0.8852,367
植込み,75,75,0.9763,368
塁,74,45,0.5858,369
帰宅,74,72,0.9373,370
m,74,61,0.7941,371
悪い,74,73,0.9503,372
保健,74,71,0.9242,373
キャッチボール,73,71,0.9242,374
離す,73,70,0.9112,375
感じる,73,68,0.8852,376
感覚,73,72,0.9373,377
圧迫,73,72,0.9373,378
教諭,72,61,0.7941,379
下腿,72,61,0.7941,380
倒立,72,55,0.716,381
つかむ,72,68,0.8852,382
タイヤ,71,56,0.729,383
ゴールキーパー,71,68,0.8852,384
下り坂,71,71,0.9242,385
トス,71,57,0.742,386
傘,71,50,0.6509,387
口唇,70,68,0.8852,388
側溝,70,56,0.729,389
激しい,70,69,0.8982,390
始める,70,69,0.8982,391
放課後,70,70,0.9112,392
キャッチャー,70,65,0.8461,393
端,70,65,0.8461,394
確認,70,67,0.8722,395
一部,70,69,0.8982,396
瞬間,69,69,0.8982,397
場所,69,67,0.8722,398
突っ込む,69,66,0.8592,399
運ぶ,69,64,0.8331,400
バウンド,69,68,0.8852,401
停止,69,67,0.8722,402
左目,69,65,0.8461,403
蘇生,69,65,0.8461,404
直接,68,68,0.8852,405
～,68,63,0.8201,406
立ち上がる,68,62,0.8071,407
受傷,68,67,0.8722,408
開ける,68,65,0.8461,409
呼吸,68,60,0.781,410
ラグビー,68,68,0.8852,411
タックル,68,61,0.7941,412
前輪,68,66,0.8592,413
けんか,68,61,0.7941,414
左上,68,63,0.8201,415
ごと,67,67,0.8722,416
席,67,57,0.742,417
出場,67,67,0.8722,418
周,67,44,0.5728,419
体重,67,63,0.8201,420
失敗,67,67,0.8722,421
直後,66,66,0.8592,422
起こす,66,65,0.8461,423
傷,66,66,0.8592,424
捻る,66,66,0.8592,425
飛び込む,66,59,0.768,426
スピード,66,63,0.8201,427
あたり,65,65,0.8461,428
次,65,63,0.8201,429
ディフェンス,65,62,0.8071,430
トレーニング,65,61,0.7941,431
科,64,63,0.8201,432
スキー,64,41,0.5337,433
薬指,64,58,0.755,434
かけっこ,64,61,0.7941,435
引っ張る,64,59,0.768,436
玄関,64,55,0.716,437
つける,63,62,0.8071,438
バント,63,55,0.716,439
マシン,63,47,0.6118,440
高次,63,63,0.8201,441
痛い,62,59,0.768,442
周辺,62,60,0.781,443
外野,62,54,0.7029,444
損ねる,62,62,0.8071,445
下肢,62,57,0.742,446
創,62,59,0.768,447
眼窩,62,60,0.781,448
変形,62,62,0.8071,449
教師,61,53,0.6899,450
転がる,61,61,0.7941,451
ブロック,61,50,0.6509,452
向ける,61,61,0.7941,453
キャッチ,61,57,0.742,454
手首,61,59,0.768,455
ティー,60,58,0.755,456
ベース,60,52,0.6769,457
登る,60,57,0.742,458
戸,60,46,0.5988,459
上部,60,57,0.742,460
掃除,60,50,0.6509,461
刺さる,60,57,0.742,462
補助,59,46,0.5988,463
フライ,59,57,0.742,464
止める,59,56,0.729,465
引っ掛かる,59,59,0.768,466
ハンドボール,59,57,0.742,467
崩れる,59,57,0.742,468
走行,59,54,0.7029,469
大きい,59,58,0.755,470
鬼,59,48,0.6248,471
眉,59,55,0.716,472
休み,58,57,0.742,473
製,58,56,0.729,474
位,58,54,0.7029,475
脇,58,57,0.742,476
体勢,58,58,0.755,477
手すり,58,49,0.6379,478
ドッジボール,57,57,0.742,479
破片,57,54,0.7029,480
頚部,57,47,0.6118,481
開始,57,50,0.6509,482
ICD,57,57,0.742,483
ブランコ,56,30,0.3905,484
実験,56,45,0.5858,485
日,56,55,0.716,486
イレギュラー,56,56,0.729,487
見える,56,55,0.716,488
先端,56,53,0.6899,489
至近,56,56,0.729,490
溝,55,45,0.5858,491
動く,55,53,0.6899,492
挟まる,55,55,0.716,493
深い,55,55,0.716,494
並ぶ,55,54,0.7029,495
話,54,52,0.6769,496
言う,54,49,0.6379,497
投手,54,52,0.6769,498
正面,54,54,0.7029,499
症,54,48,0.6248,500
サイド,54,49,0.6379,501
振り返る,54,53,0.6899,502
爪,54,52,0.6769,503
叩く,53,46,0.5988,504
防,53,45,0.5858,505
入ろう,53,53,0.6899,506
コース,53,42,0.5467,507
ブレーキ,53,53,0.6899,508
曲がる,53,52,0.6769,509
下りる,53,51,0.6639,510
バー,53,31,0.4035,511
対,53,51,0.6639,512
掛ける,53,50,0.6509,513
人差し指,53,50,0.6509,514
通る,52,51,0.6639,515
頭痛,52,49,0.6379,516
片付け,52,51,0.6639,517
通学,52,49,0.6379,518
フェンス,51,38,0.4947,519
友だち,51,41,0.5337,520
リレー,51,50,0.6509,521
枠,51,47,0.6118,522
ｃｍ,51,45,0.5858,523
踏み外す,51,51,0.6639,524
両足,51,50,0.6509,525
園児,51,41,0.5337,526
要請,51,50,0.6509,527
注意,50,48,0.6248,528
戦,50,49,0.6379,529
歩道,50,44,0.5728,530
衝撃,50,50,0.6509,531
落とす,50,49,0.6379,532
近づく,50,47,0.6118,533
全身,50,49,0.6379,534
靴,50,47,0.6118,535
部室,50,40,0.5207,536
飛ばす,50,43,0.5598,537
クラブ,50,44,0.5728,538
止まる,50,47,0.6118,539
cm,50,42,0.5467,540
トラブル,49,48,0.6248,541
金属,49,48,0.6248,542
素振り,49,47,0.6118,543
雨,49,48,0.6248,544
引く,49,48,0.6248,545
飛び出す,49,49,0.6379,546
守る,49,45,0.5858,547
開く,49,43,0.5598,548
跳箱,49,41,0.5337,549
作る,48,47,0.6118,550
向く,48,47,0.6118,551
面,48,46,0.5988,552
立てる,48,48,0.6248,553
柱,48,46,0.5988,554
足首,48,47,0.6118,555
睾丸,48,45,0.5858,556
運動会,47,47,0.6118,557
巻き込む,47,46,0.5988,558
機,47,37,0.4816,559
ステージ,47,31,0.4035,560
倒れ込む,47,47,0.6118,561
卓球,47,32,0.4166,562
網膜,47,38,0.4947,563
顧問,46,40,0.5207,564
式,46,46,0.5988,565
反対,46,44,0.5728,566
腹,46,44,0.5728,567
押さえる,46,44,0.5728,568
脚,46,41,0.5337,569
坂道,46,45,0.5858,570
投球,46,43,0.5598,571
あたる,46,45,0.5858,572
ベランダ,46,35,0.4556,573
鍋,46,24,0.3124,574
右肩,45,40,0.5207,575
すべり台,45,33,0.4296,576
気,45,44,0.5728,577
キーパー,45,41,0.5337,578
レシーブ,45,40,0.5207,579
グループ,45,34,0.4426,580
硬式,45,45,0.5858,581
スマッシュ,45,39,0.5077,582
担当,45,43,0.5598,583
右目,45,45,0.5858,584
破裂,45,45,0.5858,585
ひっかかる,44,44,0.5728,586
実施,44,44,0.5728,587
順番,44,43,0.5598,588
帰る,44,43,0.5598,589
ひっかく,44,41,0.5337,590
音,43,40,0.5207,591
学年,43,43,0.5598,592
しゃがむ,43,41,0.5337,593
理科,43,42,0.5467,594
スパイク,43,43,0.5598,595
自由,43,43,0.5598,596
いす,43,34,0.4426,597
着替え,43,37,0.4816,598
片付ける,43,41,0.5337,599
合同,43,42,0.5467,600
折る,43,42,0.5467,601
入り口,43,40,0.5207,602
暗い,43,42,0.5467,603
時限,42,39,0.5077,604
同級生,42,36,0.4686,605
柄,42,32,0.4166,606
位置,42,41,0.5337,607
打ち返す,42,39,0.5077,608
見学,42,36,0.4686,609
反動,42,42,0.5467,610
斜め,42,42,0.5467,611
上腕,42,39,0.5077,612
固定,42,39,0.5077,613
カーブ,42,41,0.5337,614
味方,42,40,0.5207,615
生活,42,42,0.5467,616
眼鏡,42,37,0.4816,617
枝,42,31,0.4035,618
口論,41,40,0.5207,619
内側,41,40,0.5207,620
ぶらんこ,41,18,0.2343,621
程度,41,38,0.4947,622
ロッカー,41,31,0.4035,623
年生,41,36,0.4686,624
こむ,41,40,0.5207,625
急ぐ,41,39,0.5077,626
ドリブル,41,38,0.4947,627
イレギュラーバウンド,41,41,0.5337,628
余る,41,41,0.5337,629
機械,41,24,0.3124,630
処置,41,41,0.5337,631
四肢,41,41,0.5337,632
縄跳び,41,30,0.3905,633
閉まる,41,39,0.5077,634
植え込む,41,41,0.5337,635
続ける,40,39,0.5077,636
ベンチ,40,33,0.4296,637
可動,40,40,0.5207,638
設置,40,39,0.5077,639
音楽,40,36,0.4686,640
路,40,39,0.5077,641
バッターボックス,40,39,0.5077,642
番,40,40,0.5207,643
中心,40,40,0.5207,644
胸骨,40,39,0.5077,645
症状,39,37,0.4816,646
打席,39,38,0.4947,647
嘔吐,39,35,0.4556,648
気分,39,39,0.5077,649
下る,39,39,0.5077,650
怒る,39,38,0.4947,651
手前,39,38,0.4947,652
畳,38,35,0.4556,653
濡れる,38,38,0.4947,654
公園,38,36,0.4686,655
切,38,35,0.4556,656
振り回す,38,35,0.4556,657
たち,38,36,0.4686,658
女子,38,28,0.3645,659
竹,38,21,0.2734,660
一塁,38,33,0.4296,661
総合,37,36,0.4686,662
たたく,37,30,0.3905,663
飛び込み,37,33,0.4296,664
翌日,37,35,0.4556,665
柵,37,26,0.3385,666
徒歩,37,37,0.4816,667
取り合い,37,37,0.4816,668
縁,37,35,0.4556,669
すべる,37,37,0.4816,670
ぶら下がる,37,37,0.4816,671
熱傷,37,37,0.4816,672
関わる,37,37,0.4816,673
制限,37,37,0.4816,674
減じる,37,37,0.4816,675
飛び降りる,36,35,0.4556,676
テスト,36,34,0.4426,677
胸,36,35,0.4556,678
中央,36,36,0.4686,679
始まる,36,36,0.4686,680
休む,36,33,0.4296,681
スライディング,36,34,0.4426,682
冷却,36,35,0.4556,683
ウォーミングアップ,36,35,0.4556,684
球技,36,36,0.4686,685
引っかかる,36,36,0.4686,686
歯牙,36,36,0.4686,687
バック,36,33,0.4296,688
抜く,36,35,0.4556,689
みる,36,36,0.4686,690
反応,36,36,0.4686,691
管理,36,35,0.4556,692
ゴム,35,26,0.3385,693
うまい,35,35,0.4556,694
ヘディング,35,34,0.4426,695
班,35,33,0.4296,696
操作,35,32,0.4166,697
チームメイト,35,30,0.3905,698
応援,35,28,0.3645,699
路面,35,34,0.4426,700
気づく,35,35,0.4556,701
鉄,35,30,0.3905,702
倒す,35,35,0.4556,703
渡り廊下,35,29,0.3775,704
当日,35,34,0.4426,705
診断,35,35,0.4556,706
域,35,35,0.4556,707
降る,34,34,0.4426,708
職員,34,33,0.4296,709
回る,34,31,0.4035,710
ダッシュ,34,30,0.3905,711
持ち上げる,34,32,0.4166,712
ポール,34,27,0.3515,713
踏む,34,31,0.4035,714
破損,34,31,0.4035,715
回す,34,33,0.4296,716
度,34,34,0.4426,717
ペア,34,30,0.3905,718
字,34,30,0.3905,719
乱取り,34,30,0.3905,720
遊戯,34,32,0.4166,721
挫傷,34,34,0.4426,722
出来事,34,34,0.4426,723
引っかく,34,34,0.4426,724
スタート,33,29,0.3775,725
そば,33,33,0.4296,726
背後,33,31,0.4035,727
斜面,33,29,0.3775,728
着く,33,32,0.4166,729
箇所,33,28,0.3645,730
周り,33,33,0.4296,731
指先,33,33,0.4296,732
下敷き,33,32,0.4166,733
スティック,33,31,0.4035,734
欠ける,33,33,0.4296,735
自宅,33,27,0.3515,736
踊り場,33,28,0.3645,737
仰向け,33,33,0.4296,738
けいれん,33,29,0.3775,739
精巣,33,29,0.3775,740
もつれる,32,32,0.4166,741
触れる,32,32,0.4166,742
(,32,31,0.4035,743
お互い,32,31,0.4035,744
ロープ,32,19,0.2473,745
裂創,32,32,0.4166,746
拍子,32,32,0.4166,747
パイプ,32,21,0.2734,748
ダブルス,32,32,0.4166,749
ひねる,32,32,0.4166,750
返球,31,28,0.3645,751
倉庫,31,25,0.3254,752
上る,31,31,0.4035,753
穴,31,27,0.3515,754
メートル,31,30,0.3905,755
泳ぐ,31,21,0.2734,756
ショート,31,31,0.4035,757
保護,31,27,0.3515,758
鉄製,31,31,0.4035,759
ランナー,31,25,0.3254,760
分間,31,24,0.3124,761
周囲,30,29,0.3775,762
士,30,23,0.2994,763
全員,30,30,0.3905,764
ホーム,30,26,0.3385,765
突く,30,30,0.3905,766
フリー,30,29,0.3775,767
㎝,30,28,0.3645,768
入口,30,26,0.3385,769
バス,30,24,0.3124,770
合宿,30,29,0.3775,771
姿勢,30,28,0.3645,772
雑巾,30,24,0.3124,773
上顎,30,30,0.3905,774
荷物,30,27,0.3515,775
部活,30,30,0.3905,776
向き,30,30,0.3905,777
跳び箱,30,23,0.2994,778
乗せる,30,30,0.3905,779
列,30,25,0.3254,780
室内,30,29,0.3775,781
動ける,30,30,0.3905,782
火傷,30,29,0.3775,783
.,30,27,0.3515,784
片,30,28,0.3645,785
まぶた,30,28,0.3645,786
頚椎,30,30,0.3905,787
刃,30,27,0.3515,788
狭窄,30,30,0.3905,789
宿泊,29,27,0.3515,790
校門,29,28,0.3645,791
異常,29,26,0.3385,792
アスファルト,29,27,0.3515,793
走り高跳び,29,29,0.3775,794
左肩,29,27,0.3515,795
通路,29,27,0.3515,796
火,29,22,0.2864,797
待機,29,29,0.3775,798
ファースト,29,23,0.2994,799
やる,29,26,0.3385,800
話す,29,28,0.3645,801
ひも,29,23,0.2994,802
足元,29,28,0.3645,803
指示,29,28,0.3645,804
ほうき,29,17,0.2213,805
動かす,29,29,0.3775,806
肢,29,28,0.3645,807
膜,29,28,0.3645,808
ＡＥＤ,29,25,0.3254,809
せき柱,29,29,0.3775,810
ジャングルジム,28,22,0.2864,811
はさむ,28,28,0.3645,812
隙間,28,28,0.3645,813
遠足,28,28,0.3645,814
剣道,28,27,0.3515,815
最後,28,28,0.3645,816
軽い,28,28,0.3645,817
本人,28,27,0.3515,818
遅れる,28,28,0.3645,819
金具,28,27,0.3515,820
フック,28,20,0.2603,821
胸部,28,26,0.3385,822
文化,28,26,0.3385,823
呼ぶ,28,26,0.3385,824
振り上げる,28,26,0.3385,825
トランポリン,28,18,0.2343,826
集合,28,27,0.3515,827
動き,28,25,0.3254,828
ピッチングマシン,28,25,0.3254,829
方,28,27,0.3515,830
通報,28,28,0.3645,831
なくなる,27,26,0.3385,832
バスケット,27,22,0.2864,833
部屋,27,24,0.3124,834
花壇,27,21,0.2734,835
道,27,26,0.3385,836
棚,27,23,0.2994,837
あう,27,27,0.3515,838
鍵,27,20,0.2603,839
通常,27,26,0.3385,840
戻す,27,27,0.3515,841
セカンド,27,25,0.3254,842
上下,27,27,0.3515,843
見つける,27,27,0.3515,844
装着,27,25,0.3254,845
午後,27,25,0.3254,846
タッチ,27,25,0.3254,847
",",27,23,0.2994,848
調理,27,23,0.2994,849
泣く,27,26,0.3385,850
聞く,26,25,0.3254,851
プレー,26,26,0.3385,852
外側,26,23,0.2994,853
絡まる,26,26,0.3385,854
断,26,26,0.3385,855
親指,26,25,0.3254,856
マネージャー,26,26,0.3385,857
カット,26,26,0.3385,858
渡す,26,25,0.3254,859
サード,26,24,0.3124,860
黒板,26,19,0.2473,861
施設,26,22,0.2864,862
握る,26,26,0.3385,863
渡る,26,24,0.3124,864
宙返り,26,21,0.2734,865
水筒,26,20,0.2603,866
臀部,26,25,0.3254,867
あと,26,26,0.3385,868
左下,26,25,0.3254,869
眉間,26,23,0.2994,870
湯,26,14,0.1822,871
シート,25,25,0.3254,872
続く,25,25,0.3254,873
帰り,25,25,0.3254,874
ポスト,25,22,0.2864,875
腰部,25,24,0.3124,876
開放,25,25,0.3254,877
ランドセル,25,21,0.2734,878
シーソー,25,14,0.1822,879
蓋,25,20,0.2603,880
ける,25,25,0.3254,881
グランド,25,25,0.3254,882
サーブ,25,16,0.2083,883
輪,25,25,0.3254,884
分かれる,25,25,0.3254,885
ライナー,25,25,0.3254,886
下ろす,25,25,0.3254,887
袋,25,19,0.2473,888
持久走,25,25,0.3254,889
奪う,25,24,0.3124,890
結果,25,24,0.3124,891
ら,25,25,0.3254,892
子,25,22,0.2864,893
縄,25,15,0.1953,894
体験,25,22,0.2864,895
出入り口,25,24,0.3124,896
強風,25,24,0.3124,897
家庭,25,24,0.3124,898
つかまる,25,23,0.2994,899
級友,25,17,0.2213,900
剥離,25,21,0.2734,901
越える,24,23,0.2994,902
張る,24,23,0.2994,903
下がる,24,24,0.3124,904
伸ばす,24,24,0.3124,905
ふらつく,24,24,0.3124,906
箱,24,19,0.2473,907
組む,24,23,0.2994,908
口腔,24,23,0.2994,909
すぎる,24,24,0.3124,910
発見,24,24,0.3124,911
後ろ向き,24,24,0.3124,912
種目,24,24,0.3124,913
損なう,24,24,0.3124,914
門,24,18,0.2343,915
中庭,24,24,0.3124,916
手足,24,24,0.3124,917
屋根,24,18,0.2343,918
走者,24,22,0.2864,919
最中,24,24,0.3124,920
行事,24,23,0.2994,921
三塁,24,22,0.2864,922
ごっこ,24,24,0.3124,923
腫れる,24,24,0.3124,924
型,24,23,0.2994,925
ゲージ,24,13,0.1692,926
アルコール,24,10,0.1302,927
裂,24,24,0.3124,928
上級生,23,19,0.2473,929
からかう,23,22,0.2864,930
言葉,23,22,0.2864,931
出し,23,23,0.2994,932
ショック,23,23,0.2994,933
股関節,23,15,0.1953,934
裏,23,23,0.2994,935
履く,23,23,0.2994,936
同士,23,23,0.2994,937
ホッケー,23,23,0.2994,938
坂,23,20,0.2603,939
投げ出す,23,23,0.2994,940
人組,23,22,0.2864,941
もらう,23,23,0.2994,942
車いす,23,15,0.1953,943
タイミング,23,22,0.2864,944
後片付け,23,23,0.2994,945
神経,23,22,0.2864,946
電車,23,14,0.1822,947
座り込む,23,23,0.2994,948
腕骨,23,21,0.2734,949
お湯,23,16,0.2083,950
引っ掻く,23,21,0.2734,951
鉛筆,23,15,0.1953,952
うずくまる,23,23,0.2994,953
止血,23,23,0.2994,954
パンチ,22,20,0.2603,955
低い,22,22,0.2864,956
観察,22,22,0.2864,957
急性,22,21,0.2734,958
半分,22,20,0.2603,959
クラスメイト,22,20,0.2603,960
縁石,22,21,0.2734,961
直前,22,21,0.2734,962
課題,22,20,0.2603,963
センター,22,21,0.2734,964
てんかん,22,22,0.2864,965
盤,22,16,0.2083,966
物,22,22,0.2864,967
返す,22,22,0.2864,968
立ち,22,20,0.2603,969
走り出す,22,21,0.2734,970
ホール,22,22,0.2864,971
ホームルーム,22,22,0.2864,972
校内,22,21,0.2734,973
特別,22,22,0.2864,974
ひさし,22,16,0.2083,975
歩行,22,21,0.2734,976
経過,22,22,0.2864,977
用具,22,17,0.2213,978
),22,21,0.2734,979
ハードル,22,16,0.2083,980
眼下,22,22,0.2864,981
定規,22,13,0.1692,982
ストレッチ,22,21,0.2734,983
斑,22,20,0.2603,984
胸椎,22,20,0.2603,985
トラック,21,19,0.2473,986
食べる,21,17,0.2213,987
それる,21,21,0.2734,988
つま,21,21,0.2734,989
づく,21,21,0.2734,990
近距離,21,20,0.2603,991
めまい,21,20,0.2603,992
ミニゲーム,21,21,0.2734,993
修学旅行,21,21,0.2734,994
当てる,21,21,0.2734,995
紅白,21,21,0.2734,996
発作,21,21,0.2734,997
ペース,21,20,0.2603,998
夏季,21,21,0.2734,999
滑走,21,21,0.2734,1000
浮く,21,21,0.2734,1001
上唇,21,21,0.2734,1002
車輪,21,21,0.2734,1003
日常,21,21,0.2734,1004
拭く,21,18,0.2343,1005
網,21,14,0.1822,1006
ずれる,21,21,0.2734,1007
駐車,21,20,0.2603,1008
駅,21,19,0.2473,1009
図書,21,17,0.2213,1010
ゴルフ,21,16,0.2083,1011
込む,21,21,0.2734,1012
ちょっかい,21,20,0.2603,1013
片方,21,17,0.2213,1014
受け取る,21,20,0.2603,1015
土台,21,19,0.2473,1016
地点,21,20,0.2603,1017
集団,21,21,0.2734,1018
応急,21,21,0.2734,1019
黄,21,19,0.2473,1020
救命,21,20,0.2603,1021
騎馬,20,12,0.1562,1022
吹く,20,18,0.2343,1023
半身,20,20,0.2603,1024
雪,20,18,0.2343,1025
竹刀,20,12,0.1562,1026
氷,20,15,0.1953,1027
全体,20,19,0.2473,1028
冷やす,20,20,0.2603,1029
傾く,20,19,0.2473,1030
炎,20,15,0.1953,1031
捻挫,20,20,0.2603,1032
とぶ,20,16,0.2083,1033
ガードレール,20,20,0.2603,1034
駆ける,20,20,0.2603,1035
切傷,20,20,0.2603,1036
交代,20,17,0.2213,1037
引っ掛ける,20,20,0.2603,1038
校外,20,20,0.2603,1039
到着,20,20,0.2603,1040
頭頂,20,20,0.2603,1041
ケース,20,13,0.1692,1042
木製,20,19,0.2473,1043
午前,20,20,0.2603,1044
セット,20,13,0.1692,1045
短縮,20,20,0.2603,1046
不明,20,20,0.2603,1047
失明,20,20,0.2603,1048
心臓,20,18,0.2343,1049
付く,19,19,0.2473,1050
スロープ,19,13,0.1692,1051
入れ,19,13,0.1692,1052
てい,19,17,0.2213,1053
年,19,17,0.2213,1054
出来る,19,19,0.2473,1055
重い,19,19,0.2473,1056
下部,19,19,0.2473,1057
道具,19,14,0.1822,1058
攻撃,19,18,0.2343,1059
役,19,15,0.1953,1060
ペダル,19,18,0.2343,1061
キック,19,17,0.2213,1062
驚く,19,18,0.2343,1063
敷く,19,18,0.2343,1064
ワイヤー,19,13,0.1692,1065
消しゴム,19,13,0.1692,1066
長い,19,19,0.2473,1067
校,19,19,0.2473,1068
筋,19,18,0.2343,1069
川,19,14,0.1822,1070
上肢,19,19,0.2473,1071
ローラー,19,10,0.1302,1072
養護,19,19,0.2473,1073
突き破る,19,19,0.2473,1074
眼瞼,19,18,0.2343,1075
砂場,19,13,0.1692,1076
調整,19,17,0.2213,1077
まひ,19,19,0.2473,1078
連絡,19,18,0.2343,1079
体調,19,17,0.2213,1080
腰椎,19,19,0.2473,1081
測定,18,17,0.2213,1082
水道,18,15,0.1953,1083
生じる,18,18,0.2343,1084
だす,18,18,0.2343,1085
起きる,18,18,0.2343,1086
聴力,18,17,0.2213,1087
加わる,18,17,0.2213,1088
防ぐ,18,17,0.2213,1089
全校,18,18,0.2343,1090
違和感,18,18,0.2343,1091
交錯,18,17,0.2213,1092
自主,18,18,0.2343,1093
変える,18,18,0.2343,1094
前日,18,18,0.2343,1095
乗り越える,18,17,0.2213,1096
けが,18,18,0.2343,1097
うつ,18,18,0.2343,1098
振り払う,18,18,0.2343,1099
抜け落ちる,18,18,0.2343,1100
グローブ,18,18,0.2343,1101
遠征,18,18,0.2343,1102
外す,18,17,0.2213,1103
止め,18,18,0.2343,1104
乗り上げる,18,18,0.2343,1105
打ち合い,18,16,0.2083,1106
ボード,18,11,0.1432,1107
車椅子,18,10,0.1302,1108
アルミ,18,15,0.1953,1109
回り,18,18,0.2343,1110
洗う,18,18,0.2343,1111
流す,18,16,0.2083,1112
寄る,18,18,0.2343,1113
フロア,18,17,0.2213,1114
擦り傷,18,17,0.2213,1115
気が付く,18,18,0.2343,1116
マシーン,18,14,0.1822,1117
ワン,18,18,0.2343,1118
ヘルメット,18,17,0.2213,1119
おでこ,18,18,0.2343,1120
腫れ,18,17,0.2213,1121
刺す,18,16,0.2083,1122
リング,18,14,0.1822,1123
夏休み,18,18,0.2343,1124
円,18,15,0.1953,1125
払う,18,18,0.2343,1126
筆箱,18,11,0.1432,1127
熱湯,18,16,0.2083,1128
背部,18,18,0.2343,1129
ストーブ,18,11,0.1432,1130
硬い,18,18,0.2343,1131
血腫,18,18,0.2343,1132
開,18,15,0.1953,1133
丸,18,10,0.1302,1134
ファウルチップ,18,18,0.2343,1135
耳鳴り,17,17,0.2213,1136
所,17,15,0.1953,1137
バッティングマシーン,17,17,0.2213,1138
変わる,17,17,0.2213,1139
更衣,17,16,0.2083,1140
以前,17,17,0.2213,1141
こめかみ,17,17,0.2213,1142
ポジション,17,15,0.1953,1143
鳴る,17,17,0.2213,1144
痛む,17,17,0.2213,1145
休業,17,17,0.2213,1146
ハンマー,17,9,0.1172,1147
ペットボトル,17,12,0.1562,1148
放す,17,17,0.2213,1149
グリップ,17,12,0.1562,1150
うつ伏せる,17,17,0.2213,1151
滑り,17,17,0.2213,1152
電柱,17,16,0.2083,1153
スイング,17,16,0.2083,1154
馬,17,13,0.1692,1155
前進,17,17,0.2213,1156
ライト,17,15,0.1953,1157
ゴロ,17,17,0.2213,1158
リバウンド,17,17,0.2213,1159
山,17,15,0.1953,1160
起き上がる,17,17,0.2213,1161
安全,17,15,0.1953,1162
ピッチングマシーン,17,15,0.1953,1163
男児,17,13,0.1692,1164
待ち,17,17,0.2213,1165
ボクシング,17,11,0.1432,1166
隅,17,17,0.2213,1167
縦,17,17,0.2213,1168
揺らす,17,16,0.2083,1169
一環,17,17,0.2213,1170
記録,17,16,0.2083,1171
あげる,17,17,0.2213,1172
弾み,17,17,0.2213,1173
呼びかける,17,17,0.2213,1174
針金,17,10,0.1302,1175
引火,17,17,0.2213,1176
引き抜く,17,16,0.2083,1177
隠れる,17,15,0.1953,1178
プラスチック,17,16,0.2083,1179
釘,17,8,0.1041,1180
激痛,17,17,0.2213,1181
鎖骨,17,14,0.1822,1182
カンナ,17,11,0.1432,1183
砲丸,17,9,0.1172,1184
精神,17,16,0.2083,1185
ヘリ,17,17,0.2213,1186
摘出,17,17,0.2213,1187
ベッド,16,11,0.1432,1188
にくい,16,16,0.2083,1189
重なる,16,16,0.2083,1190
自力,16,16,0.2083,1191
母親,16,12,0.1562,1192
図工,16,15,0.1953,1193
く,16,15,0.1953,1194
空中,16,15,0.1953,1195
回復,16,15,0.1953,1196
医療,16,16,0.2083,1197
サッシ,16,13,0.1692,1198
付け根,16,16,0.2083,1199
背負う,16,16,0.2083,1200
とっさ,16,16,0.2083,1201
コーナー,16,13,0.1692,1202
がけ,16,14,0.1822,1203
探す,16,16,0.2083,1204
助走,16,16,0.2083,1205
脱落,16,16,0.2083,1206
過ぎる,16,16,0.2083,1207
相撲,16,14,0.1822,1208
屋内,16,16,0.2083,1209
行なう,16,14,0.1822,1210
吹奏楽,16,16,0.2083,1211
進む,16,16,0.2083,1212
跳ねる,16,15,0.1953,1213
よそ見,16,16,0.2083,1214
入り込む,16,16,0.2083,1215
ふた,16,11,0.1432,1216
痙攣,16,15,0.1953,1217
駆け付ける,16,16,0.2083,1218
ライン,16,14,0.1822,1219
スリップ,16,16,0.2083,1220
自立,16,16,0.2083,1221
間に合う,16,16,0.2083,1222
背,16,16,0.2083,1223
滑り落ちる,16,16,0.2083,1224
全力,16,16,0.2083,1225
複数,16,16,0.2083,1226
ハーフ,16,15,0.1953,1227
缶,16,9,0.1172,1228
作り,16,16,0.2083,1229
切り傷,16,16,0.2083,1230
腹痛,16,14,0.1822,1231
瞼,16,16,0.2083,1232
テント,16,10,0.1302,1233
カバー,16,14,0.1822,1234
検査,16,14,0.1822,1235
発現,16,16,0.2083,1236
既往症,16,16,0.2083,1237
心室,16,13,0.1692,1238
頚,16,16,0.2083,1239
合図,15,14,0.1822,1240
聞こえる,15,14,0.1822,1241
ファール,15,15,0.1953,1242
大型,15,15,0.1953,1243
きる,15,15,0.1953,1244
アップ,15,15,0.1953,1245
めがける,15,14,0.1822,1246
側面,15,15,0.1953,1247
夕食,15,15,0.1953,1248
排水,15,11,0.1432,1249
非常,15,13,0.1692,1250
怪我,15,15,0.1953,1251
近い,15,15,0.1953,1252
防御,15,15,0.1953,1253
尻,15,15,0.1953,1254
先頭,15,14,0.1822,1255
外周,15,14,0.1822,1256
構える,15,15,0.1953,1257
上体,15,14,0.1822,1258
服,15,15,0.1953,1259
逸れる,15,15,0.1953,1260
タオル,15,11,0.1432,1261
身,15,15,0.1953,1262
言い争う,15,15,0.1953,1263
プレーヤー,15,13,0.1692,1264
幅,15,14,0.1822,1265
乗り,15,15,0.1953,1266
平行棒,15,13,0.1692,1267
遠い,15,15,0.1953,1268
交差点,15,15,0.1953,1269
マラソン,15,15,0.1953,1270
かばん,15,12,0.1562,1271
ズボン,15,13,0.1692,1272
移る,15,15,0.1953,1273
ミニ,15,13,0.1692,1274
抱く,15,14,0.1822,1275
つなぐ,15,15,0.1953,1276
小走り,15,15,0.1953,1277
見失う,15,15,0.1953,1278
やめる,15,13,0.1692,1279
会場,15,15,0.1953,1280
紙,15,12,0.1562,1281
置き場,15,14,0.1822,1282
すり抜ける,15,15,0.1953,1283
元,15,15,0.1953,1284
回し,15,14,0.1822,1285
無理,15,15,0.1953,1286
熱い,15,15,0.1953,1287
抱える,15,13,0.1692,1288
背負い投げ,15,15,0.1953,1289
油,15,9,0.1172,1290
てる,15,15,0.1953,1291
幼児,15,13,0.1692,1292
やけど,15,15,0.1953,1293
糸,15,10,0.1302,1294
舞台,15,6,0.0781,1295
加工,15,15,0.1953,1296
器質,15,15,0.1953,1297
硬直,15,13,0.1692,1298
ドクター,15,15,0.1953,1299
白内障,15,15,0.1953,1300
脈,15,14,0.1822,1301
髄,15,15,0.1953,1302
係,14,14,0.1822,1303
自然,14,13,0.1692,1304
当る,14,14,0.1822,1305
内野,14,12,0.1562,1306
教科,14,12,0.1562,1307
肩車,14,14,0.1822,1308
リコーダー,14,7,0.0911,1309
立てかける,14,13,0.1692,1310
一瞬,14,14,0.1822,1311
ひっかける,14,14,0.1822,1312
左右,14,14,0.1822,1313
前後,14,14,0.1822,1314
不安定,14,11,0.1432,1315
状況,14,14,0.1822,1316
くずす,14,14,0.1822,1317
本校,14,14,0.1822,1318
ひどい,14,14,0.1822,1319
バトン,14,12,0.1562,1320
趾,14,13,0.1692,1321
グレーチング,14,10,0.1302,1322
原動機,14,14,0.1822,1323
バーベル,14,8,0.1041,1324
分かる,14,13,0.1692,1325
食,14,12,0.1562,1326
競争,14,14,0.1822,1327
じゃれる,14,14,0.1822,1328
躓く,14,14,0.1822,1329
追いつく,14,14,0.1822,1330
不良,14,14,0.1822,1331
かがむ,14,14,0.1822,1332
歩,14,14,0.1822,1333
突き,14,14,0.1822,1334
研究,14,14,0.1822,1335
巻く,14,10,0.1302,1336
フレーム,14,13,0.1692,1337
水中,14,13,0.1692,1338
取れる,14,14,0.1822,1339
はまる,14,14,0.1822,1340
スタンド,14,11,0.1432,1341
雨天,14,14,0.1822,1342
直径,14,14,0.1822,1343
取っ手,14,12,0.1562,1344
箒,14,6,0.0781,1345
クリア,14,13,0.1692,1346
捕手,14,13,0.1692,1347
引き上げる,14,14,0.1822,1348
馬跳び,14,14,0.1822,1349
製作,14,14,0.1822,1350
メガネ,14,13,0.1692,1351
飛び越える,14,14,0.1822,1352
送る,14,14,0.1822,1353
チアリーディング,14,14,0.1822,1354
塀,14,11,0.1432,1355
横切る,14,14,0.1822,1356
朝礼,14,10,0.1302,1357
ぬれる,14,14,0.1822,1358
綱,14,5,0.0651,1359
競り合う,14,14,0.1822,1360
軟式,14,14,0.1822,1361
レンガ,14,8,0.1041,1362
敷地,14,14,0.1822,1363
走り回る,14,14,0.1822,1364
飴,14,8,0.1041,1365
カッターナイフ,14,12,0.1562,1366
制作,14,13,0.1692,1367
メニュー,14,13,0.1692,1368
頸部,14,14,0.1822,1369
上がり,14,12,0.1562,1370
か所,14,12,0.1562,1371
チャイム,14,14,0.1822,1372
ワゴン,14,7,0.0911,1373
甲,14,13,0.1692,1374
入水,14,11,0.1432,1375
小屋,14,8,0.1041,1376
演技,14,14,0.1822,1377
ジョギング,14,14,0.1822,1378
頃,14,10,0.1302,1379
異変,14,14,0.1822,1380
安静,14,14,0.1822,1381
マッサージ,14,13,0.1692,1382
予行,13,13,0.1692,1383
捕まえる,13,13,0.1692,1384
刈り,13,12,0.1562,1385
受身,13,12,0.1562,1386
テープ,13,12,0.1562,1387
尻もち,13,13,0.1692,1388
チップ,13,13,0.1692,1389
天井,13,10,0.1302,1390
吐き気,13,12,0.1562,1391
はずれる,13,13,0.1692,1392
水分,13,10,0.1302,1393
一番,13,13,0.1692,1394
もと,13,13,0.1692,1395
先輩,13,9,0.1172,1396
ひとり,13,12,0.1562,1397
天,13,8,0.1041,1398
レール,13,11,0.1432,1399
ソフトテニス,13,12,0.1562,1400
昼,13,13,0.1692,1401
ブラシ,13,8,0.1041,1402
伏せ,13,13,0.1692,1403
合唱,13,13,0.1692,1404
ぐらつく,13,13,0.1692,1405
完全,13,13,0.1692,1406
マンション,13,10,0.1302,1407
紐,13,10,0.1302,1408
集める,13,12,0.1562,1409
卒業,13,12,0.1562,1410
滑り降りる,13,13,0.1692,1411
振り切る,13,13,0.1692,1412
チェーン,13,12,0.1562,1413
現場,13,13,0.1692,1414
風,13,13,0.1692,1415
掛け,13,12,0.1562,1416
小石,13,12,0.1562,1417
停車,13,13,0.1692,1418
直す,13,12,0.1562,1419
拳,13,13,0.1692,1420
掴む,13,13,0.1692,1421
器具,13,11,0.1432,1422
配膳,13,12,0.1562,1423
おんぶ,13,7,0.0911,1424
組み,13,13,0.1692,1425
体力,13,13,0.1692,1426
浴びる,13,13,0.1692,1427
自席,13,13,0.1692,1428
皿,13,9,0.1172,1429
ふく,13,13,0.1692,1430
剤,13,9,0.1172,1431
草,13,11,0.1432,1432
防火,13,10,0.1302,1433
よろける,13,13,0.1692,1434
こぼれる,13,13,0.1692,1435
テラス,13,11,0.1432,1436
我慢,13,12,0.1562,1437
レンズ,13,13,0.1692,1438
タワー,13,8,0.1041,1439
添える,13,13,0.1692,1440
S,13,13,0.1692,1441
荷台,13,10,0.1302,1442
寝技,13,13,0.1692,1443
房,13,13,0.1692,1444
レスリング,13,13,0.1692,1445
木材,13,8,0.1041,1446
作動,13,11,0.1432,1447
孔,13,13,0.1692,1448
鋸,13,7,0.0911,1449
節,13,11,0.1432,1450
下腹,13,13,0.1692,1451
オフェンス,12,11,0.1432,1452
タイム,12,11,0.1432,1453
台車,12,5,0.0651,1454
補給,12,11,0.1432,1455
コーン,12,7,0.0911,1456
後部,12,12,0.1562,1457
液,12,11,0.1432,1458
流れる,12,12,0.1562,1459
教卓,12,10,0.1302,1460
両側,12,11,0.1432,1461
ロック,12,12,0.1562,1462
慌てる,12,12,0.1562,1463
掛かる,12,10,0.1302,1464
集会,12,12,0.1562,1465
付,12,12,0.1562,1466
機関,12,12,0.1562,1467
跳ね上がる,12,11,0.1432,1468
自動,12,9,0.1172,1469
上半身,12,12,0.1562,1470
テーブル,12,9,0.1172,1471
路上,12,11,0.1432,1472
かご,12,12,0.1562,1473
電動,12,10,0.1302,1474
言い合う,12,12,0.1562,1475
介助,12,10,0.1302,1476
支援,12,12,0.1562,1477
原因,12,12,0.1562,1478
もみ合う,12,12,0.1562,1479
車道,12,12,0.1562,1480
多量,12,12,0.1562,1481
立ち止まる,12,12,0.1562,1482
出入口,12,11,0.1432,1483
擦りむく,12,12,0.1562,1484
座,12,12,0.1562,1485
落ち,12,12,0.1562,1486
代わり,12,12,0.1562,1487
一輪車,12,12,0.1562,1488
A,12,10,0.1302,1489
取り,12,12,0.1562,1490
曲げる,12,10,0.1302,1491
降ろす,12,9,0.1172,1492
着用,12,12,0.1562,1493
目撃,12,12,0.1562,1494
発,12,11,0.1432,1495
防止,12,12,0.1562,1496
玩具,12,10,0.1302,1497
手袋,12,10,0.1302,1498
スポーツ,12,12,0.1562,1499
かする,12,12,0.1562,1500
武道,12,12,0.1562,1501
マッチ,12,10,0.1302,1502
かかと,12,11,0.1432,1503
か月,12,12,0.1562,1504
ラリー,12,12,0.1562,1505
皮膚,12,12,0.1562,1506
早い,12,12,0.1562,1507
作成,12,12,0.1562,1508
幹部,12,12,0.1562,1509
秒,12,10,0.1302,1510
おもちゃ,12,9,0.1172,1511
具,12,11,0.1432,1512
再開,12,11,0.1432,1513
移送,12,12,0.1562,1514
走り幅跳び,12,12,0.1562,1515
受け身,12,12,0.1562,1516
はさみ,12,8,0.1041,1517
シャープペンシル,12,9,0.1172,1518
ｋｍ,12,11,0.1432,1519
手押し,12,11,0.1432,1520
人工,12,11,0.1432,1521
脊髄,12,11,0.1432,1522
-,12,12,0.1562,1523
家,11,11,0.1432,1524
暴行,11,9,0.1172,1525
付き,11,11,0.1432,1526
それぞれ,11,11,0.1432,1527
整備,11,11,0.1432,1528
うつぶせる,11,11,0.1432,1529
手洗い,11,10,0.1302,1530
ハンド,11,11,0.1432,1531
ベースボール,11,11,0.1432,1532
近寄る,11,11,0.1432,1533
伴う,11,11,0.1432,1534
残り,11,11,0.1432,1535
公式,11,11,0.1432,1536
審判,11,10,0.1302,1537
振盪,11,11,0.1432,1538
割る,11,11,0.1432,1539
下駄,11,7,0.0911,1540
利用,11,11,0.1432,1541
宙,11,11,0.1432,1542
虫,11,10,0.1302,1543
管,11,6,0.0781,1544
デッキ,11,8,0.1041,1545
寄宿舎,11,10,0.1302,1546
コーチ,11,7,0.0911,1547
危ない,11,11,0.1432,1548
ノッカー,11,9,0.1172,1549
滑り込む,11,10,0.1302,1550
バレー,11,11,0.1432,1551
稽古,11,11,0.1432,1552
くぐる,11,10,0.1302,1553
発表,11,11,0.1432,1554
乗り出す,11,11,0.1432,1555
結ぶ,11,10,0.1302,1556
かわす,11,11,0.1432,1557
速い,11,11,0.1432,1558
あご,11,11,0.1432,1559
自動車,11,10,0.1302,1560
交換,11,9,0.1172,1561
立て,11,8,0.1041,1562
引っかける,11,11,0.1432,1563
裂ける,11,11,0.1432,1564
会話,11,11,0.1432,1565
はじく,11,11,0.1432,1566
照明,11,10,0.1302,1567
真似,11,11,0.1432,1568
鼻血,11,10,0.1302,1569
返却,11,10,0.1302,1570
ダンス,11,11,0.1432,1571
動作,11,10,0.1302,1572
用水路,11,9,0.1172,1573
畑,11,11,0.1432,1574
丸太,11,7,0.0911,1575
横断,11,11,0.1432,1576
沿い,11,10,0.1302,1577
当番,11,11,0.1432,1578
本棚,11,9,0.1172,1579
態度,11,11,0.1432,1580
脇腹,11,11,0.1432,1581
まわる,11,11,0.1432,1582
熱,11,7,0.0911,1583
苦しい,11,10,0.1302,1584
触る,11,11,0.1432,1585
地上,11,11,0.1432,1586
通過,11,11,0.1432,1587
飛び散る,11,10,0.1302,1588
籠,11,11,0.1432,1589
太もも,11,11,0.1432,1590
考える,11,11,0.1432,1591
水飲み,11,10,0.1302,1592
陥没,11,8,0.1041,1593
午睡,11,11,0.1432,1594
前向き,11,11,0.1432,1595
逃げ込む,11,11,0.1432,1596
咬む,11,10,0.1302,1597
木工,11,11,0.1432,1598
ポット,11,8,0.1041,1599
飲む,11,10,0.1302,1600
赤い,11,10,0.1302,1601
フットサル,11,11,0.1432,1602
丸める,11,11,0.1432,1603
電気,11,11,0.1432,1604
貫通,11,11,0.1432,1605
眉毛,11,11,0.1432,1606
広場,11,10,0.1302,1607
工作,11,11,0.1432,1608
患部,11,11,0.1432,1609
しびれ,11,11,0.1432,1610
進行,11,11,0.1432,1611
膝蓋骨,11,5,0.0651,1612
ペンチ,11,6,0.0781,1613
崩れ落ちる,11,11,0.1432,1614
角膜,11,11,0.1432,1615
隊,11,10,0.1302,1616
ストッパー,11,6,0.0781,1617
梗塞,11,11,0.1432,1618
飛び込み台,11,10,0.1302,1619
返事,10,10,0.1302,1620
つかまえる,10,10,0.1302,1621
夜,10,10,0.1302,1622
投げつける,10,10,0.1302,1623
判明,10,10,0.1302,1624
揺れる,10,10,0.1302,1625
寮,10,9,0.1172,1626
奥,10,10,0.1302,1627
新体操,10,10,0.1302,1628
アメリカンフットボール,10,10,0.1302,1629
交流,10,10,0.1302,1630
空振り,10,10,0.1302,1631
選択,10,10,0.1302,1632
デッドボール,10,10,0.1302,1633
監督,10,10,0.1302,1634
判断,10,10,0.1302,1635
かばう,10,9,0.1172,1636
グラブ,10,9,0.1172,1637
取り付ける,10,9,0.1172,1638
砂利,10,10,0.1302,1639
鉄板,10,9,0.1172,1640
後衛,10,10,0.1302,1641
脱ぐ,10,10,0.1302,1642
カーテン,10,10,0.1302,1643
陰,10,10,0.1302,1644
落ち葉,10,9,0.1172,1645
マスク,10,9,0.1172,1646
空手,10,9,0.1172,1647
大量,10,10,0.1302,1648
登,10,10,0.1302,1649
予選,10,10,0.1302,1650
下げる,10,10,0.1302,1651
上り,10,10,0.1302,1652
正門,10,9,0.1172,1653
取り合う,10,10,0.1302,1654
対戦,10,10,0.1302,1655
処理,10,9,0.1172,1656
二塁,10,10,0.1302,1657
ムカデ,10,8,0.1041,1658
決める,10,10,0.1302,1659
庇,10,8,0.1041,1660
講堂,10,9,0.1172,1661
突っ込み,10,10,0.1302,1662
帯,10,10,0.1302,1663
登り,10,10,0.1302,1664
台風,10,8,0.1041,1665
社会,10,9,0.1172,1666
覚える,10,10,0.1302,1667
エプロン,10,8,0.1041,1668
壊死,10,10,0.1302,1669
ギャラリー,10,7,0.0911,1670
息,10,10,0.1302,1671
棟,10,8,0.1041,1672
絞める,10,9,0.1172,1673
スイッチ,10,8,0.1041,1674
試験,10,10,0.1302,1675
布,10,8,0.1041,1676
強化,10,10,0.1302,1677
床の間,10,10,0.1302,1678
しっぽ,10,8,0.1041,1679
付ける,10,10,0.1302,1680
軸,10,9,0.1172,1681
させる,10,9,0.1172,1682
ランプ,10,6,0.0781,1683
芯,10,9,0.1172,1684
熱す,10,9,0.1172,1685
その間,10,10,0.1302,1686
はぐ,10,10,0.1302,1687
こする,10,10,0.1302,1688
良い,10,10,0.1302,1689
取り出す,10,10,0.1302,1690
尺,10,10,0.1302,1691
レクリエーション,10,10,0.1302,1692
楽器,10,8,0.1041,1693
屋上,10,9,0.1172,1694
片手,10,10,0.1302,1695
ざま,10,10,0.1302,1696
走り込む,10,9,0.1172,1697
はねる,10,10,0.1302,1698
頬骨,10,10,0.1302,1699
輪ゴム,10,8,0.1041,1700
技術,10,10,0.1302,1701
右前,10,10,0.1302,1702
背面,10,10,0.1302,1703
コンテナ,10,6,0.0781,1704
センチ,10,10,0.1302,1705
団体,10,10,0.1302,1706
たこ,10,4,0.0521,1707
三角,10,7,0.0911,1708
km,10,10,0.1302,1709
解析,10,10,0.1302,1710
不要,10,10,0.1302,1711
下腹部,10,10,0.1302,1712
爆発,9,8,0.1041,1713
下方,9,9,0.1172,1714
無い,9,8,0.1041,1715
筋力,9,9,0.1172,1716
懸垂,9,9,0.1172,1717
繰り返す,9,9,0.1172,1718
広い,9,9,0.1172,1719
行動,9,9,0.1172,1720
答える,9,9,0.1172,1721
雲,9,8,0.1041,1722
頭上,9,9,0.1172,1723
アタック,9,9,0.1172,1724
各自,9,9,0.1172,1725
委員,9,9,0.1172,1726
早朝,9,9,0.1172,1727
隣接,9,9,0.1172,1728
気がつく,9,9,0.1172,1729
負担,9,9,0.1172,1730
根元,9,9,0.1172,1731
最終,9,9,0.1172,1732
飛びつく,9,9,0.1172,1733
食器,9,6,0.0781,1734
不全,9,8,0.1041,1735
キャップ,9,7,0.0911,1736
打順,9,8,0.1041,1737
前かがみ,9,9,0.1172,1738
ひな壇,9,5,0.0651,1739
歯肉,9,9,0.1172,1740
名前,9,8,0.1041,1741
駆け寄る,9,9,0.1172,1742
打ち,9,9,0.1172,1743
起こる,9,8,0.1041,1744
プレス,9,6,0.0781,1745
鉄柱,9,8,0.1041,1746
部位,9,9,0.1172,1747
格技,9,9,0.1172,1748
工業,9,9,0.1172,1749
旋盤,9,6,0.0781,1750
あがる,9,9,0.1172,1751
講習,9,9,0.1172,1752
まわり,9,8,0.1041,1753
中学校,9,9,0.1172,1754
壁際,9,9,0.1172,1755
対抗,9,9,0.1172,1756
狭い,9,9,0.1172,1757
促す,9,9,0.1172,1758
替える,9,8,0.1041,1759
前衛,9,8,0.1041,1760
砂,9,7,0.0911,1761
同様,9,9,0.1172,1762
かくれんぼ,9,9,0.1172,1763
つかみ合う,9,9,0.1172,1764
腹筋,9,8,0.1041,1765
上口,9,9,0.1172,1766
消失,9,9,0.1172,1767
擦る,9,9,0.1172,1768
歯槽,9,9,0.1172,1769
追突,9,9,0.1172,1770
漕ぐ,9,7,0.0911,1771
ベルト,9,5,0.0651,1772
ビニール,9,8,0.1041,1773
寝る,9,9,0.1172,1774
阻止,9,9,0.1172,1775
作品,9,8,0.1041,1776
こぐ,9,9,0.1172,1777
試みる,9,9,0.1172,1778
差,9,9,0.1172,1779
含む,9,9,0.1172,1780
左折,9,9,0.1172,1781
過ごす,9,9,0.1172,1782
よい,9,9,0.1172,1783
付き添う,9,8,0.1041,1784
平均,9,7,0.0911,1785
踏み出す,9,9,0.1172,1786
引っぱる,9,8,0.1041,1787
擦過傷,9,9,0.1172,1788
洗面,9,5,0.0651,1789
靴箱,9,8,0.1041,1790
モップ,9,7,0.0911,1791
新人,9,9,0.1172,1792
覆う,9,9,0.1172,1793
三塁手,9,8,0.1041,1794
違う,9,9,0.1172,1795
呼び掛ける,9,8,0.1041,1796
行為,9,9,0.1172,1797
ゴミ,9,8,0.1041,1798
便器,9,7,0.0911,1799
ダンベル,9,5,0.0651,1800
シャワー,9,8,0.1041,1801
仕掛ける,9,8,0.1041,1802
mm,9,8,0.1041,1803
削る,9,8,0.1041,1804
靭帯,9,9,0.1172,1805
スケーター,9,4,0.0521,1806
取り上げる,9,8,0.1041,1807
食事,9,7,0.0911,1808
ビーカー,9,3,0.0391,1809
筒,9,7,0.0911,1810
駅伝,9,8,0.1041,1811
窓際,9,9,0.1172,1812
カレー,9,5,0.0651,1813
おかしい,9,9,0.1172,1814
歳児,9,9,0.1172,1815
鼻骨,9,9,0.1172,1816
間際,9,9,0.1172,1817
花火,9,4,0.0521,1818
跳躍,9,8,0.1041,1819
すれ違う,9,9,0.1172,1820
あおる,9,9,0.1172,1821
かかえる,9,9,0.1172,1822
ピアノ,9,6,0.0781,1823
運搬,9,7,0.0911,1824
スリッパ,9,6,0.0781,1825
達,9,9,0.1172,1826
湿布,9,8,0.1041,1827
眼科,9,9,0.1172,1828
杭,9,5,0.0651,1829
脾臓,9,8,0.1041,1830
呼び出す,8,8,0.1041,1831
研修,8,8,0.1041,1832
楽しみ,8,8,0.1041,1833
説明,8,8,0.1041,1834
喉,8,8,0.1041,1835
片足,8,7,0.0911,1836
コントロール,8,8,0.1041,1837
ミーティング,8,8,0.1041,1838
カゴ,8,7,0.0911,1839
クロール,8,8,0.1041,1840
滑り台,8,7,0.0911,1841
合わせる,8,8,0.1041,1842
牛乳,8,6,0.0781,1843
飛行機,8,7,0.0911,1844
硬球,8,8,0.1041,1845
週間,8,8,0.1041,1846
仲間,8,7,0.0911,1847
末節,8,8,0.1041,1848
スケート,8,7,0.0911,1849
母,8,8,0.1041,1850
感染,8,6,0.0781,1851
言語,8,8,0.1041,1852
摂取,8,6,0.0781,1853
追い抜く,8,8,0.1041,1854
からまる,8,8,0.1041,1855
受け止める,8,8,0.1041,1856
本塁,8,8,0.1041,1857
役割,8,7,0.0911,1858
接近,8,8,0.1041,1859
遅刻,8,7,0.0911,1860
競り合い,8,8,0.1041,1861
上前,8,8,0.1041,1862
やすい,8,8,0.1041,1863
段ボール,8,5,0.0651,1864
着替える,8,8,0.1041,1865
バケツ,8,7,0.0911,1866
往復,8,8,0.1041,1867
駐輪場,8,8,0.1041,1868
扇風機,8,7,0.0911,1869
電話,8,6,0.0781,1870
まね,8,8,0.1041,1871
土手,8,8,0.1041,1872
信号,8,8,0.1041,1873
通りかかる,8,8,0.1041,1874
不意,8,8,0.1041,1875
下り,8,8,0.1041,1876
ルーム,8,8,0.1041,1877
すくう,8,8,0.1041,1878
手の甲,8,8,0.1041,1879
ケンカ,8,6,0.0781,1880
裾,8,8,0.1041,1881
ふる,8,8,0.1041,1882
散歩,8,8,0.1041,1883
カバン,8,7,0.0911,1884
貼る,8,8,0.1041,1885
普段,8,8,0.1041,1886
芝生,8,7,0.0911,1887
岩,8,6,0.0781,1888
落書き,8,6,0.0781,1889
帽子,8,5,0.0651,1890
かすめる,8,8,0.1041,1891
とり,8,8,0.1041,1892
運転,8,8,0.1041,1893
双方,8,7,0.0911,1894
一時,8,8,0.1041,1895
マンホール,8,8,0.1041,1896
回収,8,7,0.0911,1897
牽制,8,7,0.0911,1898
消す,8,8,0.1041,1899
横向き,8,7,0.0911,1900
野外,8,8,0.1041,1901
相手方,8,7,0.0911,1902
打撲傷,8,8,0.1041,1903
訓練,8,7,0.0911,1904
後半,8,8,0.1041,1905
橋,8,8,0.1041,1906
セーフティー,8,7,0.0911,1907
職場,8,8,0.1041,1908
困難,8,6,0.0781,1909
パネル,8,5,0.0651,1910
課外,8,8,0.1041,1911
含める,8,8,0.1041,1912
対向,8,7,0.0911,1913
下半身,8,7,0.0911,1914
格好,8,8,0.1041,1915
のける,8,8,0.1041,1916
B,8,5,0.0651,1917
自習,8,8,0.1041,1918
フリスビー,8,6,0.0781,1919
抵抗,8,8,0.1041,1920
植え込み,8,8,0.1041,1921
突風,8,8,0.1041,1922
捨てる,8,8,0.1041,1923
部品,8,8,0.1041,1924
エスカレーター,8,3,0.0391,1925
積み木,8,5,0.0651,1926
布団,8,7,0.0911,1927
嫌がる,8,8,0.1041,1928
リヤカー,8,2,0.026,1929
コード,8,6,0.0781,1930
かぶる,8,8,0.1041,1931
夕方,8,8,0.1041,1932
女児,8,6,0.0781,1933
硝子,8,8,0.1041,1934
背もたれ,8,8,0.1041,1935
薪,8,4,0.0521,1936
掌,8,8,0.1041,1937
心,8,7,0.0911,1938
鎌,8,4,0.0521,1939
ラック,8,6,0.0781,1940
切り,8,8,0.1041,1941
こぶし,8,7,0.0911,1942
粘土,8,5,0.0651,1943
継続,8,8,0.1041,1944
男,8,7,0.0911,1945
基礎,8,8,0.1041,1946
提出,8,5,0.0651,1947
攻める,8,8,0.1041,1948
ぼやける,8,6,0.0781,1949
バトミントン,8,8,0.1041,1950
羽根,8,3,0.0391,1951
ロング,8,7,0.0911,1952
矢,8,6,0.0781,1953
悪化,8,8,0.1041,1954
長縄,8,5,0.0651,1955
神経症,8,8,0.1041,1956
完走,8,7,0.0911,1957
緊急,8,8,0.1041,1958
脈拍,8,8,0.1041,1959
確保,8,8,0.1041,1960
人さし指,8,8,0.1041,1961
落ち着く,8,6,0.0781,1962
ピストル,7,4,0.0521,1963
先生,7,7,0.0911,1964
ストレス,7,6,0.0781,1965
不安,7,7,0.0911,1966
難聴,7,7,0.0911,1967
ピッチング,7,7,0.0911,1968
親子,7,6,0.0781,1969
よじ登る,7,7,0.0911,1970
上段,7,7,0.0911,1971
感,7,6,0.0781,1972
人工芝,7,7,0.0911,1973
進入,7,7,0.0911,1974
一つ,7,7,0.0911,1975
ぶらさがる,7,6,0.0781,1976
着席,7,7,0.0911,1977
弓,7,5,0.0651,1978
耐える,7,7,0.0911,1979
分の,7,6,0.0781,1980
はさまる,7,7,0.0911,1981
泥,7,6,0.0781,1982
すりむく,7,7,0.0911,1983
向う,7,7,0.0911,1984
重ねる,7,7,0.0911,1985
たれる,7,7,0.0911,1986
吐く,7,7,0.0911,1987
心筋,7,7,0.0911,1988
看板,7,7,0.0911,1989
一方,7,7,0.0911,1990
つんのめる,7,7,0.0911,1991
左端,7,7,0.0911,1992
歯根,7,7,0.0911,1993
のせる,7,7,0.0911,1994
話し合い,7,7,0.0911,1995
ルーズボール,7,7,0.0911,1996
手伝い,7,7,0.0911,1997
対応,7,7,0.0911,1998
スクールバス,7,6,0.0781,1999
経路,7,7,0.0911,2000
レフト,7,7,0.0911,2001
片づける,7,7,0.0911,2002
吹き抜け,7,7,0.0911,2003
冠,7,6,0.0781,2004
押し倒す,7,7,0.0911,2005
誤り,7,7,0.0911,2006
ドリル,7,5,0.0651,2007
トンボ,7,5,0.0651,2008
ターン,7,7,0.0911,2009
クラスメート,7,6,0.0781,2010
農業,7,7,0.0911,2011
ピロティ,7,6,0.0781,2012
携帯,7,6,0.0781,2013
個室,7,5,0.0651,2014
スキップ,7,7,0.0911,2015
自ら,7,7,0.0911,2016
飛び越す,7,7,0.0911,2017
鏡,7,5,0.0651,2018
血,7,7,0.0911,2019
壁面,7,6,0.0781,2020
宿舎,7,7,0.0911,2021
浴室,7,7,0.0911,2022
追い越す,7,7,0.0911,2023
おこなう,7,7,0.0911,2024
上履き,7,7,0.0911,2025
ボレー,7,6,0.0781,2026
凍る,7,7,0.0911,2027
歯磨き,7,7,0.0911,2028
入浴,7,6,0.0781,2029
南,7,6,0.0781,2030
危険,7,7,0.0911,2031
視界,7,6,0.0781,2032
ヘッド,7,7,0.0911,2033
読む,7,7,0.0911,2034
朦朧,7,7,0.0911,2035
遊撃手,7,5,0.0651,2036
軌道,7,6,0.0781,2037
突進,7,7,0.0911,2038
窓側,7,7,0.0911,2039
防護,7,7,0.0911,2040
太鼓,7,3,0.0391,2041
ひく,7,7,0.0911,2042
れっする,7,7,0.0911,2043
込み,7,7,0.0911,2044
脳震盪,7,7,0.0911,2045
光,7,6,0.0781,2046
約束,7,7,0.0911,2047
ラン,7,7,0.0911,2048
相談,7,5,0.0651,2049
休日,7,7,0.0911,2050
越し,7,7,0.0911,2051
ボックス,7,6,0.0781,2052
見つかる,7,7,0.0911,2053
着,7,7,0.0911,2054
抱え込む,7,6,0.0781,2055
口前,7,7,0.0911,2056
歩ける,7,7,0.0911,2057
ノブ,7,7,0.0911,2058
整列,7,7,0.0911,2059
前面,7,7,0.0911,2060
つけ,7,6,0.0781,2061
呼び止める,7,7,0.0911,2062
フライパン,7,4,0.0521,2063
カップ,7,5,0.0651,2064
出口,7,7,0.0911,2065
厚い,7,7,0.0911,2066
スコップ,7,5,0.0651,2067
あてる,7,7,0.0911,2068
付け,7,7,0.0911,2069
並べる,7,6,0.0781,2070
かぶさる,7,7,0.0911,2071
傷口,7,7,0.0911,2072
アスレチック,7,7,0.0911,2073
真ん中,7,7,0.0911,2074
閉じ込める,7,6,0.0781,2075
へる,7,7,0.0911,2076
犬,7,5,0.0651,2077
ひっくり返る,7,7,0.0911,2078
ままごと,7,6,0.0781,2079
引きずる,7,7,0.0911,2080
美術,7,7,0.0911,2081
負荷,7,7,0.0911,2082
おく,7,7,0.0911,2083
あまる,7,7,0.0911,2084
ステンレス,7,7,0.0911,2085
ピン,7,6,0.0781,2086
中断,7,7,0.0911,2087
ダンクシュート,7,7,0.0911,2088
大学,7,7,0.0911,2089
池,7,5,0.0651,2090
顎骨,7,7,0.0911,2091
揚げ,7,7,0.0911,2092
自身,7,7,0.0911,2093
針,7,4,0.0521,2094
垂直,7,7,0.0911,2095
はずす,7,7,0.0911,2096
十分,7,7,0.0911,2097
認める,7,7,0.0911,2098
蒸発,7,2,0.026,2099
興奮,7,7,0.0911,2100
ねじ,7,6,0.0781,2101
擦過,7,7,0.0911,2102
器械体操,7,7,0.0911,2103
避難,7,6,0.0781,2104
すね,7,6,0.0781,2105
熱中,7,5,0.0651,2106
症候群,7,7,0.0911,2107
争い,7,7,0.0911,2108
算数,7,7,0.0911,2109
レーン,7,5,0.0651,2110
顆骨折,7,7,0.0911,2111
顆上骨,7,7,0.0911,2112
脛骨,7,7,0.0911,2113
疲れる,7,7,0.0911,2114
補強,7,7,0.0911,2115
ベット,7,3,0.0391,2116
壊れる,7,6,0.0781,2117
間隔,7,6,0.0781,2118
殴打,7,7,0.0911,2119
竹とんぼ,7,4,0.0521,2120
ノート,7,7,0.0911,2121
改善,7,7,0.0911,2122
報告,7,7,0.0911,2123
時点,7,7,0.0911,2124
スクラム,7,6,0.0781,2125
取り組む,7,6,0.0781,2126
治まる,7,7,0.0911,2127
顔色,7,7,0.0911,2128
詰まる,7,6,0.0781,2129
気道,7,7,0.0911,2130
蒼白,7,7,0.0911,2131
裁断,7,4,0.0521,2132
心拍,7,6,0.0781,2133
軟骨,7,3,0.0391,2134
歯車,7,2,0.026,2135
栓,6,3,0.0391,2136
悪口,6,6,0.0781,2137
玉,6,6,0.0781,2138
笑う,6,4,0.0521,2139
感じ,6,6,0.0781,2140
まとめる,6,6,0.0781,2141
運び出す,6,6,0.0781,2142
ピラミッド,6,6,0.0781,2143
つぶれる,6,6,0.0781,2144
期間,6,6,0.0781,2145
集まる,6,6,0.0781,2146
大丈夫,6,6,0.0781,2147
保持,6,6,0.0781,2148
延長,6,6,0.0781,2149
集中,6,6,0.0781,2150
ホテル,6,6,0.0781,2151
業,6,6,0.0781,2152
スペース,6,6,0.0781,2153
弓道,6,6,0.0781,2154
務める,6,6,0.0781,2155
びっくり,6,6,0.0781,2156
バイク,6,4,0.0521,2157
草むら,6,5,0.0651,2158
囲む,6,5,0.0651,2159
雑談,6,6,0.0781,2160
kg,6,6,0.0781,2161
歩き,6,6,0.0781,2162
投てき,6,5,0.0651,2163
膝下,6,6,0.0781,2164
コップ,6,3,0.0391,2165
またがる,6,6,0.0781,2166
歯茎,6,6,0.0781,2167
南側,6,6,0.0781,2168
偶然,6,6,0.0781,2169
捕まる,6,6,0.0781,2170
歌う,6,5,0.0651,2171
むく,6,6,0.0781,2172
乗りかかる,6,6,0.0781,2173
気持ち,6,6,0.0781,2174
とれる,6,6,0.0781,2175
喧嘩,6,6,0.0781,2176
プレイルーム,6,6,0.0781,2177
ヶ所,6,6,0.0781,2178
材,6,4,0.0521,2179
踏切,6,6,0.0781,2180
さしかかる,6,6,0.0781,2181
うむ,6,5,0.0651,2182
のしかかる,6,6,0.0781,2183
ポート,6,6,0.0781,2184
塁間,6,6,0.0781,2185
最寄り駅,6,6,0.0781,2186
きっかけ,6,6,0.0781,2187
走り抜ける,6,6,0.0781,2188
高校,6,6,0.0781,2189
ダイビング,6,6,0.0781,2190
フライング,6,6,0.0781,2191
連れる,6,6,0.0781,2192
抑える,6,6,0.0781,2193
取り返す,6,6,0.0781,2194
歌,6,6,0.0781,2195
入学,6,5,0.0651,2196
上方,6,6,0.0781,2197
勘違い,6,6,0.0781,2198
骨盤,6,6,0.0781,2199
海,6,6,0.0781,2200
補,6,6,0.0781,2201
スパーリング,6,5,0.0651,2202
殴り合い,6,6,0.0781,2203
邪魔,6,6,0.0781,2204
団,6,6,0.0781,2205
手のひら,6,6,0.0781,2206
張り出す,6,6,0.0781,2207
ファウルボール,6,6,0.0781,2208
傷める,6,6,0.0781,2209
教官,6,6,0.0781,2210
通行,6,6,0.0781,2211
サーキット,6,6,0.0781,2212
トレ,6,6,0.0781,2213
書く,6,6,0.0781,2214
角度,6,6,0.0781,2215
春休み,6,6,0.0781,2216
スタンツ,6,6,0.0781,2217
外科,6,5,0.0651,2218
バチ,6,4,0.0521,2219
くれる,6,6,0.0781,2220
フラ,6,3,0.0391,2221
フープ,6,3,0.0391,2222
当時,6,6,0.0781,2223
メンバー,6,6,0.0781,2224
転換,6,6,0.0781,2225
手元,6,6,0.0781,2226
家庭科,6,6,0.0781,2227
申し出る,6,5,0.0651,2228
側壁,6,6,0.0781,2229
殺る,6,6,0.0781,2230
棒高跳び,6,6,0.0781,2231
吊る,6,6,0.0781,2232
小さい,6,6,0.0781,2233
もうろう,6,6,0.0781,2234
考査,6,5,0.0651,2235
林間,6,6,0.0781,2236
曲がり角,6,6,0.0781,2237
武道館,6,6,0.0781,2238
増す,6,6,0.0781,2239
土,6,5,0.0651,2240
寝かせる,6,6,0.0781,2241
挨拶,6,6,0.0781,2242
づくり,6,6,0.0781,2243
押し合い,6,6,0.0781,2244
田んぼ,6,5,0.0651,2245
国語,6,6,0.0781,2246
新聞紙,6,5,0.0651,2247
砂糖,6,5,0.0651,2248
多数,6,6,0.0781,2249
一斉,6,5,0.0651,2250
広範囲,6,6,0.0781,2251
葉,6,5,0.0651,2252
バラ,6,6,0.0781,2253
ガス,6,5,0.0651,2254
遠く,6,6,0.0781,2255
地区,6,6,0.0781,2256
緩める,6,6,0.0781,2257
空気,6,4,0.0521,2258
居る,6,6,0.0781,2259
ふち,6,6,0.0781,2260
割り,6,6,0.0781,2261
つけ根,6,6,0.0781,2262
橈骨,6,6,0.0781,2263
まわす,6,5,0.0651,2264
折り返す,6,4,0.0521,2265
ヵ所,6,4,0.0521,2266
炊飯,6,6,0.0781,2267
読書,6,6,0.0781,2268
あわてる,6,6,0.0781,2269
回旋,6,6,0.0781,2270
塔,6,6,0.0781,2271
化学,6,5,0.0651,2272
ボルト,6,6,0.0781,2273
絵本,6,5,0.0651,2274
手伝う,6,6,0.0781,2275
開閉,6,6,0.0781,2276
エタノール,6,2,0.026,2277
机上,6,6,0.0781,2278
引き寄せる,6,6,0.0781,2279
連続,6,6,0.0781,2280
㎝）,6,6,0.0781,2281
ガスコンロ,6,6,0.0781,2282
転び,6,6,0.0781,2283
撮る,6,5,0.0651,2284
折りたたみ,6,6,0.0781,2285
腱,6,6,0.0781,2286
通用,6,6,0.0781,2287
マス,6,5,0.0651,2288
皮,6,6,0.0781,2289
みそ,6,2,0.026,2290
汁,6,4,0.0521,2291
届く,6,6,0.0781,2292
突起,6,6,0.0781,2293
シューズ,6,5,0.0651,2294
重み,6,5,0.0651,2295
図画,6,6,0.0781,2296
割,6,6,0.0781,2297
アイロン,6,3,0.0391,2298
留め,6,5,0.0651,2299
傷つける,6,6,0.0781,2300
巻き,6,5,0.0651,2301
装置,6,5,0.0651,2302
行い,6,6,0.0781,2303
向こう,6,6,0.0781,2304
積む,6,5,0.0651,2305
現れる,6,6,0.0781,2306
突き刺さる,6,6,0.0781,2307
飾り,6,5,0.0651,2308
通り抜ける,6,6,0.0781,2309
押さえつける,6,6,0.0781,2310
色,6,6,0.0781,2311
挫滅創,6,6,0.0781,2312
バンド,6,5,0.0651,2313
複合,6,6,0.0781,2314
頭蓋骨,6,6,0.0781,2315
脚長,6,6,0.0781,2316
嗅覚,6,6,0.0781,2317
仕切り,6,4,0.0521,2318
白玉,6,2,0.026,2319
術後,6,6,0.0781,2320
セーフティ,6,6,0.0781,2321
橈骨遠,6,5,0.0651,2322
ホワイト,6,3,0.0391,2323
学園,6,6,0.0781,2324
段違い,6,6,0.0781,2325
羽,6,4,0.0521,2326
プラスティック,6,4,0.0521,2327
ささい,6,6,0.0781,2328
異物,6,5,0.0651,2329
経つ,6,5,0.0651,2330
刀,6,5,0.0651,2331
ひざ,6,6,0.0781,2332
訴え,6,6,0.0781,2333
変性,6,6,0.0781,2334
支え,6,6,0.0781,2335
事件,6,6,0.0781,2336
与える,6,6,0.0781,2337
化,6,4,0.0521,2338
盲,6,6,0.0781,2339
虹彩,6,6,0.0781,2340
脈絡,6,6,0.0781,2341
緑内障,6,6,0.0781,2342
傍ら,6,6,0.0781,2343
板材,6,4,0.0521,2344
自発,6,6,0.0781,2345
大内,6,6,0.0781,2346
水面,6,6,0.0781,2347
環,6,5,0.0651,2348
蝶番,6,6,0.0781,2349
はしご,6,4,0.0521,2350
陰部,6,6,0.0781,2351
椎,6,5,0.0651,2352
計,5,3,0.0391,2353
引率,5,5,0.0651,2354
蛇口,5,5,0.0651,2355
学生,5,3,0.0391,2356
キャンプ,5,5,0.0651,2357
はり,5,5,0.0651,2358
翌朝,5,5,0.0651,2359
もめる,5,5,0.0651,2360
アーム,5,4,0.0521,2361
寒い,5,5,0.0651,2362
コンビネーション,5,5,0.0651,2363
たてる,5,5,0.0651,2364
バッグ,5,5,0.0651,2365
済ませる,5,5,0.0651,2366
持病,5,5,0.0651,2367
クロス,5,5,0.0651,2368
夜間,5,5,0.0651,2369
個,5,5,0.0651,2370
遅い,5,5,0.0651,2371
路肩,5,5,0.0651,2372
掃く,5,3,0.0391,2373
発熱,5,5,0.0651,2374
腎,5,3,0.0391,2375
続行,5,5,0.0651,2376
些細,5,5,0.0651,2377
そしゃく,5,5,0.0651,2378
上靴,5,5,0.0651,2379
永久歯,5,5,0.0651,2380
舗装,5,5,0.0651,2381
急ぎ足,5,5,0.0651,2382
たつ,5,5,0.0651,2383
ストック,5,4,0.0521,2384
踵,5,5,0.0651,2385
貧血,5,5,0.0651,2386
渡し,5,4,0.0521,2387
暴投,5,5,0.0651,2388
県,5,5,0.0651,2389
出かける,5,5,0.0651,2390
補習,5,5,0.0651,2391
工事,5,5,0.0651,2392
自陣,5,5,0.0651,2393
決勝,5,4,0.0521,2394
挟,5,5,0.0651,2395
脱げる,5,5,0.0651,2396
樹木,5,4,0.0521,2397
根本,5,5,0.0651,2398
くすぐる,5,5,0.0651,2399
進路,5,5,0.0651,2400
こ,5,5,0.0651,2401
磨く,5,5,0.0651,2402
教える,5,5,0.0651,2403
科学,5,5,0.0651,2404
ノー,5,5,0.0651,2405
変化,5,5,0.0651,2406
ミス,5,5,0.0651,2407
転送,5,3,0.0391,2408
灯,5,4,0.0521,2409
通行人,5,5,0.0651,2410
オムツ,5,3,0.0391,2411
U,5,3,0.0391,2412
サークル,5,4,0.0521,2413
通り過ぎる,5,5,0.0651,2414
右折,5,5,0.0651,2415
反射,5,4,0.0521,2416
腹ばい,5,5,0.0651,2417
はじめる,5,5,0.0651,2418
上着,5,4,0.0521,2419
バッド,5,4,0.0521,2420
摩擦,5,5,0.0651,2421
多目的,5,5,0.0651,2422
逃げ,5,5,0.0651,2423
足下,5,5,0.0651,2424
踏み込む,5,5,0.0651,2425
オーバー,5,5,0.0651,2426
ゲレンデ,5,5,0.0651,2427
タイル,5,5,0.0651,2428
点灯,5,4,0.0521,2429
視線,5,4,0.0521,2430
体制,5,5,0.0651,2431
引き戸,5,4,0.0521,2432
ブリッジ,5,5,0.0651,2433
肢体,5,5,0.0651,2434
迎える,5,5,0.0651,2435
多い,5,5,0.0651,2436
髪の毛,5,5,0.0651,2437
勝手,5,5,0.0651,2438
記念,5,4,0.0521,2439
中学生,5,5,0.0651,2440
目的,5,5,0.0651,2441
地,5,5,0.0651,2442
突き飛ばす,5,5,0.0651,2443
組み合う,5,5,0.0651,2444
払い,5,5,0.0651,2445
踏みはずす,5,5,0.0651,2446
身長,5,3,0.0391,2447
フラッグ,5,4,0.0521,2448
対面,5,4,0.0521,2449
頸椎,5,5,0.0651,2450
むける,5,5,0.0651,2451
予定,5,5,0.0651,2452
通り,5,5,0.0651,2453
溶接,5,5,0.0651,2454
重,5,5,0.0651,2455
おもり,5,4,0.0521,2456
またぐ,5,5,0.0651,2457
甲骨,5,5,0.0651,2458
初日,5,5,0.0651,2459
腰掛ける,5,5,0.0651,2460
巻き上げる,5,3,0.0391,2461
早退,5,4,0.0521,2462
脳貧血,5,5,0.0651,2463
尻餅,5,5,0.0651,2464
め,5,5,0.0651,2465
英語,5,5,0.0651,2466
中身,5,5,0.0651,2467
就寝,5,5,0.0651,2468
エバーマット,5,5,0.0651,2469
乱れる,5,5,0.0651,2470
ガード,5,5,0.0651,2471
ブルペン,5,5,0.0651,2472
減速,5,5,0.0651,2473
凍結,5,5,0.0651,2474
着る,5,5,0.0651,2475
逆,5,5,0.0651,2476
子ども,5,4,0.0521,2477
伝える,5,5,0.0651,2478
消し,5,5,0.0651,2479
どく,5,4,0.0521,2480
棒引き,5,5,0.0651,2481
保つ,5,5,0.0651,2482
可能,5,5,0.0651,2483
教壇,5,5,0.0651,2484
トップ,5,5,0.0651,2485
出入り,5,5,0.0651,2486
築山,5,5,0.0651,2487
排泄,5,5,0.0651,2488
幹,5,5,0.0651,2489
ケガ,5,5,0.0651,2490
乱打,5,4,0.0521,2491
きく,5,5,0.0651,2492
保存,5,5,0.0651,2493
弾く,5,5,0.0651,2494
手甲,5,5,0.0651,2495
近づける,5,5,0.0651,2496
止まれる,5,5,0.0651,2497
姿,5,5,0.0651,2498
ごみ,5,5,0.0651,2499
揚げる,5,5,0.0651,2500
花,5,5,0.0651,2501
金網,5,4,0.0521,2502
ダンボール,5,4,0.0521,2503
つき,5,4,0.0521,2504
東,5,1,0.013,2505
制,5,5,0.0651,2506
レバー,5,5,0.0651,2507
伸びる,5,5,0.0651,2508
茹でる,5,4,0.0521,2509
写真,5,5,0.0651,2510
下足,5,5,0.0651,2511
わき,5,5,0.0651,2512
境,5,5,0.0651,2513
踏みつける,5,5,0.0651,2514
ナイフ,5,4,0.0521,2515
つっこむ,5,5,0.0651,2516
靱帯,5,4,0.0521,2517
エッジ,5,5,0.0651,2518
波,5,5,0.0651,2519
うさぎ,5,3,0.0391,2520
後ずさる,5,5,0.0651,2521
燃え移る,5,4,0.0521,2522
防具,5,5,0.0651,2523
いたずら,5,5,0.0651,2524
投入,5,4,0.0521,2525
下車,5,5,0.0651,2526
かえる,5,5,0.0651,2527
ガーゼ,5,5,0.0651,2528
飛び乗る,5,5,0.0651,2529
打ち上げる,5,5,0.0651,2530
飯ごう,5,5,0.0651,2531
カミソリ,5,2,0.026,2532
覗く,5,5,0.0651,2533
北側,5,5,0.0651,2534
枚,5,4,0.0521,2535
寄りかかる,5,5,0.0651,2536
水槽,5,3,0.0391,2537
踏み切り,5,4,0.0521,2538
必要,5,5,0.0651,2539
戸外,5,5,0.0651,2540
接種,5,3,0.0391,2541
お玉,5,3,0.0391,2542
動き出す,5,5,0.0651,2543
絡む,5,5,0.0651,2544
見せる,5,5,0.0651,2545
つくる,5,5,0.0651,2546
抱きつく,5,5,0.0651,2547
知らせる,5,5,0.0651,2548
ハウス,5,4,0.0521,2549
材料,5,4,0.0521,2550
教材,5,5,0.0651,2551
舎,5,4,0.0521,2552
診察,5,5,0.0651,2553
中段,5,5,0.0651,2554
加湿,5,3,0.0391,2555
カー,5,3,0.0391,2556
軍手,5,5,0.0651,2557
すき間,5,5,0.0651,2558
勉強,5,5,0.0651,2559
ステップ,5,5,0.0651,2560
付着,5,5,0.0651,2561
アンカー,5,5,0.0651,2562
点火,5,4,0.0521,2563
囲う,5,5,0.0651,2564
後続,5,5,0.0651,2565
ホース,5,4,0.0521,2566
ホウキ,5,2,0.026,2567
調子,5,4,0.0521,2568
失神,5,5,0.0651,2569
ぶる,5,5,0.0651,2570
石灰,5,3,0.0391,2571
生地,5,3,0.0391,2572
洗浄,5,5,0.0651,2573
スープ,5,3,0.0391,2574
員,5,5,0.0651,2575
はめる,5,5,0.0651,2576
､,5,3,0.0391,2577
股,5,5,0.0651,2578
解く,5,4,0.0521,2579
走り,5,5,0.0651,2580
手当,5,5,0.0651,2581
横たわる,5,5,0.0651,2582
振り,5,5,0.0651,2583
ほお骨,5,5,0.0651,2584
半月,5,5,0.0651,2585
実技,5,5,0.0651,2586
－,5,3,0.0391,2587
寝転がる,5,5,0.0651,2588
腓骨,5,5,0.0651,2589
返る,5,5,0.0651,2590
計画,5,4,0.0521,2591
飛球,5,4,0.0521,2592
彫刻,5,5,0.0651,2593
得る,5,5,0.0651,2594
フィルム,5,2,0.026,2595
水晶,5,5,0.0651,2596
わら,5,3,0.0391,2597
座り,5,5,0.0651,2598
ポイント,5,4,0.0521,2599
ねじれる,5,5,0.0651,2600
ターザンロープ,5,3,0.0391,2601
ボールペン,5,2,0.026,2602
通す,5,4,0.0521,2603
挿入,5,4,0.0521,2604
診療,5,4,0.0521,2605
体育館前,5,4,0.0521,2606
取り除く,5,5,0.0651,2607
教職員,5,5,0.0651,2608
裂孔原,5,4,0.0521,2609
凶行,5,5,0.0651,2610
不自然,5,5,0.0651,2611
交互,5,5,0.0651,2612
列車,5,4,0.0521,2613
疾走,5,5,0.0651,2614
ビート,5,4,0.0521,2615
張り出し,5,2,0.026,2616
沈む,5,5,0.0651,2617
内股,5,5,0.0651,2618
駆けつける,5,5,0.0651,2619
ひねり,5,5,0.0651,2620
腰痛,5,4,0.0521,2621
くも膜,5,5,0.0651,2622
ウエイト,5,4,0.0521,2623
示指,5,5,0.0651,2624
スピーカー,5,2,0.026,2625
用いる,5,5,0.0651,2626
人指し指,5,5,0.0651,2627
スライド,5,5,0.0651,2628
時刻,5,5,0.0651,2629
重り,5,3,0.0391,2630
洗濯,5,2,0.026,2631
鳴らす,4,4,0.0521,2632
撃つ,4,3,0.0391,2633
事前,4,3,0.0391,2634
片側,4,4,0.0521,2635
短距離,4,4,0.0521,2636
乗用車,4,4,0.0521,2637
暴力,4,4,0.0521,2638
胴上げ,4,3,0.0391,2639
隙,4,4,0.0521,2640
箸,4,4,0.0521,2641
待ち時間,4,4,0.0521,2642
はらう,4,3,0.0391,2643
足場,4,3,0.0391,2644
圧力,4,4,0.0521,2645
ひじ,4,4,0.0521,2646
２つ,4,4,0.0521,2647
問いかける,4,4,0.0521,2648
襲う,4,4,0.0521,2649
劇,4,4,0.0521,2650
仕事,4,4,0.0521,2651
喪失,4,4,0.0521,2652
離,4,4,0.0521,2653
線路,4,3,0.0391,2654
接合,4,4,0.0521,2655
根,4,4,0.0521,2656
開催,4,4,0.0521,2657
簡易,4,4,0.0521,2658
主,4,4,0.0521,2659
流動,4,4,0.0521,2660
くぼむ,4,4,0.0521,2661
反転,4,4,0.0521,2662
跳ね,4,4,0.0521,2663
最初,4,4,0.0521,2664
休養,4,4,0.0521,2665
しゃがみこむ,4,4,0.0521,2666
足りる,4,4,0.0521,2667
死球,4,4,0.0521,2668
飛びかかる,4,4,0.0521,2669
奪い合う,4,4,0.0521,2670
HR,4,4,0.0521,2671
かたち,4,4,0.0521,2672
クランク,4,3,0.0391,2673
ウェイトトレーニング,4,4,0.0521,2674
ギア,4,4,0.0521,2675
コンクリートブロック,4,4,0.0521,2676
駆け込む,4,4,0.0521,2677
マウス,4,3,0.0391,2678
おりる,4,4,0.0521,2679
汲む,4,4,0.0521,2680
登山,4,4,0.0521,2681
下山,4,3,0.0391,2682
とばす,4,4,0.0521,2683
緩やか,4,4,0.0521,2684
制服,4,4,0.0521,2685
勢,4,4,0.0521,2686
許可,4,3,0.0391,2687
前側,4,4,0.0521,2688
ろう,4,4,0.0521,2689
単元,4,4,0.0521,2690
後尾,4,3,0.0391,2691
衣服,4,4,0.0521,2692
鉄柵,4,4,0.0521,2693
構内,4,4,0.0521,2694
転げ落ちる,4,4,0.0521,2695
腕立て伏せ,4,4,0.0521,2696
飛び出る,4,4,0.0521,2697
投,4,4,0.0521,2698
くらむ,4,4,0.0521,2699
走り去る,4,4,0.0521,2700
白線,4,3,0.0391,2701
放り出す,4,4,0.0521,2702
別れ,4,4,0.0521,2703
押し出す,4,4,0.0521,2704
かなり,4,4,0.0521,2705
ずらす,4,4,0.0521,2706
亜,4,4,0.0521,2707
発展,4,4,0.0521,2708
無くなる,4,4,0.0521,2709
折れ曲がる,4,3,0.0391,2710
現地,4,4,0.0521,2711
クールダウン,4,4,0.0521,2712
そらす,4,4,0.0521,2713
手本,4,4,0.0521,2714
成功,4,4,0.0521,2715
工場,4,4,0.0521,2716
運動公園,4,4,0.0521,2717
遊動円木,4,2,0.026,2718
土間,4,2,0.026,2719
不自由,4,4,0.0521,2720
スクーター,4,3,0.0391,2721
そこなう,4,4,0.0521,2722
放つ,4,4,0.0521,2723
ラクロス,4,3,0.0391,2724
コンクール,4,4,0.0521,2725
番目,4,4,0.0521,2726
鞄,4,3,0.0391,2727
こおる,4,4,0.0521,2728
借りる,4,4,0.0521,2729
所属,4,4,0.0521,2730
奪い合い,4,4,0.0521,2731
担ぐ,4,3,0.0391,2732
ピンポン,4,4,0.0521,2733
傍,4,4,0.0521,2734
結露,4,4,0.0521,2735
底面,4,4,0.0521,2736
帰,4,4,0.0521,2737
スカート,4,3,0.0391,2738
締める,4,4,0.0521,2739
いさかい,4,4,0.0521,2740
乗車,4,4,0.0521,2741
ロード,4,4,0.0521,2742
暑い,4,4,0.0521,2743
会う,4,4,0.0521,2744
ボタン,4,3,0.0391,2745
弱い,4,4,0.0521,2746
植,4,4,0.0521,2747
夢中,4,4,0.0521,2748
絵,4,4,0.0521,2749
盗塁,4,4,0.0521,2750
張り合う,4,4,0.0521,2751
繋ぐ,4,3,0.0391,2752
潜る,4,4,0.0521,2753
帰り道,4,4,0.0521,2754
怒り,4,4,0.0521,2755
おさまる,4,4,0.0521,2756
境目,4,4,0.0521,2757
攻防,4,4,0.0521,2758
撮影,4,4,0.0521,2759
おこす,4,4,0.0521,2760
余り,4,4,0.0521,2761
けがす,4,4,0.0521,2762
構え,4,4,0.0521,2763
寄せる,4,4,0.0521,2764
設定,4,4,0.0521,2765
野手,4,4,0.0521,2766
太陽,4,4,0.0521,2767
ヒット,4,4,0.0521,2768
しろい,4,4,0.0521,2769
握り,4,2,0.026,2770
競う,4,4,0.0521,2771
活,4,4,0.0521,2772
空き,4,3,0.0391,2773
フェイント,4,4,0.0521,2774
施錠,4,3,0.0391,2775
配水,4,2,0.026,2776
掲示,4,4,0.0521,2777
医,4,4,0.0521,2778
講師,4,3,0.0391,2779
応じる,4,4,0.0521,2780
座席,4,4,0.0521,2781
プロレス,4,4,0.0521,2782
制止,4,4,0.0521,2783
屋外,4,4,0.0521,2784
試す,4,4,0.0521,2785
出会い頭,4,4,0.0521,2786
起立,4,3,0.0391,2787
観戦,4,4,0.0521,2788
示す,4,4,0.0521,2789
近隣,4,4,0.0521,2790
気球,4,1,0.013,2791
燃える,4,4,0.0521,2792
注ぐ,4,4,0.0521,2793
溶かす,4,4,0.0521,2794
試験管,4,3,0.0391,2795
口角,4,4,0.0521,2796
こぼす,4,4,0.0521,2797
台座,4,3,0.0391,2798
打ち切る,4,4,0.0521,2799
桟,4,4,0.0521,2800
急激,4,4,0.0521,2801
鈍い,4,4,0.0521,2802
留める,4,4,0.0521,2803
新入生,4,4,0.0521,2804
小雨,4,4,0.0521,2805
積木,4,2,0.026,2806
残す,4,4,0.0521,2807
滑らす,4,4,0.0521,2808
木の根,4,4,0.0521,2809
昇る,4,4,0.0521,2810
かけあい,4,4,0.0521,2811
図書館,4,3,0.0391,2812
刃先,4,4,0.0521,2813
口げんか,4,4,0.0521,2814
でる,4,4,0.0521,2815
沸かす,4,4,0.0521,2816
かむ,4,4,0.0521,2817
持ち出す,4,4,0.0521,2818
もつ,4,4,0.0521,2819
㎝、,4,3,0.0391,2820
割り箸,4,3,0.0391,2821
ひっぱる,4,4,0.0521,2822
かけ,4,4,0.0521,2823
あける,4,4,0.0521,2824
中間,4,4,0.0521,2825
演奏,4,3,0.0391,2826
こうもり,4,4,0.0521,2827
真下,4,4,0.0521,2828
拾い上げる,4,4,0.0521,2829
遮る,4,4,0.0521,2830
桜,4,4,0.0521,2831
細い,4,4,0.0521,2832
子供,4,4,0.0521,2833
あて,4,4,0.0521,2834
のぼり,4,4,0.0521,2835
加熱,4,4,0.0521,2836
移す,4,4,0.0521,2837
持参,4,4,0.0521,2838
ジャージ,4,4,0.0521,2839
面部,4,4,0.0521,2840
介,4,3,0.0391,2841
門扉,4,4,0.0521,2842
碑,4,2,0.026,2843
ケロイド,4,4,0.0521,2844
勧める,4,4,0.0521,2845
入り,4,3,0.0391,2846
ごま,4,2,0.026,2847
凹凸,4,4,0.0521,2848
積み上げる,4,4,0.0521,2849
釜戸,4,2,0.026,2850
すりガラス,4,4,0.0521,2851
つば,4,4,0.0521,2852
はね返る,4,4,0.0521,2853
預かる,4,4,0.0521,2854
削ぐ,4,4,0.0521,2855
幼稚園,4,4,0.0521,2856
貸す,4,3,0.0391,2857
踏み台,4,4,0.0521,2858
プレート,4,4,0.0521,2859
流し台,4,3,0.0391,2860
突き抜ける,4,4,0.0521,2861
植える,4,4,0.0521,2862
園芸,4,4,0.0521,2863
北,4,4,0.0521,2864
バス停,4,4,0.0521,2865
集積,4,4,0.0521,2866
泣き声,4,4,0.0521,2867
べっ甲,4,3,0.0391,2868
稲刈り,4,3,0.0391,2869
リフト,4,4,0.0521,2870
湯煎,4,2,0.026,2871
凧,4,4,0.0521,2872
カッター,4,4,0.0521,2873
慣れる,4,4,0.0521,2874
のぼる,4,4,0.0521,2875
上昇,4,3,0.0391,2876
被服,4,4,0.0521,2877
蛍光,4,3,0.0391,2878
はずれ,4,4,0.0521,2879
充血,4,4,0.0521,2880
向かい合う,4,4,0.0521,2881
種,4,4,0.0521,2882
ピロ,4,3,0.0391,2883
１つ,4,4,0.0521,2884
投げ飛ばす,4,4,0.0521,2885
助け,4,4,0.0521,2886
求める,4,4,0.0521,2887
速度,4,4,0.0521,2888
肋木,4,4,0.0521,2889
植物,4,4,0.0521,2890
野菜,4,4,0.0521,2891
踏ん張る,4,4,0.0521,2892
流血,4,4,0.0521,2893
伝う,4,4,0.0521,2894
近付く,4,4,0.0521,2895
味噌汁,4,4,0.0521,2896
オトガイ,4,3,0.0391,2897
歩道橋,4,4,0.0521,2898
まく,4,4,0.0521,2899
ハサミ,4,3,0.0391,2900
船,4,3,0.0391,2901
踏み切る,4,4,0.0521,2902
すり,4,3,0.0391,2903
心身,4,3,0.0391,2904
毎,4,4,0.0521,2905
食堂,4,3,0.0391,2906
DF,4,3,0.0391,2907
からだ,4,4,0.0521,2908
梁,4,4,0.0521,2909
帰り支度,4,4,0.0521,2910
合間,4,4,0.0521,2911
立ち上がり,4,4,0.0521,2912
ターゲット,4,4,0.0521,2913
バード,4,4,0.0521,2914
太鼓橋,4,4,0.0521,2915
あいさつ,4,4,0.0521,2916
交差,4,4,0.0521,2917
アキレス腱,4,2,0.026,2918
使い方,4,4,0.0521,2919
綱引き,4,4,0.0521,2920
散水,4,2,0.026,2921
スプリング,4,4,0.0521,2922
腕相撲,4,4,0.0521,2923
影,4,3,0.0391,2924
跡,4,2,0.026,2925
移植,4,4,0.0521,2926
グラインダー,4,3,0.0391,2927
内容,4,4,0.0521,2928
車両,4,4,0.0521,2929
車線,4,3,0.0391,2930
収納,4,4,0.0521,2931
小脳,4,4,0.0521,2932
旗,4,4,0.0521,2933
酸素,4,4,0.0521,2934
バール,4,1,0.013,2935
度目,4,4,0.0521,2936
巡視,4,4,0.0521,2937
そこねる,4,4,0.0521,2938
高め,4,4,0.0521,2939
ストレート,4,4,0.0521,2940
エスカレート,4,4,0.0521,2941
ささる,4,4,0.0521,2942
パートナー,4,4,0.0521,2943
跳ね返り,4,4,0.0521,2944
コンタクトレンズ,4,3,0.0391,2945
検定,4,3,0.0391,2946
太い,4,4,0.0521,2947
ディフェンダー,4,4,0.0521,2948
づらい,4,4,0.0521,2949
プッシュ,4,3,0.0391,2950
尖る,4,4,0.0521,2951
弁当,4,4,0.0521,2952
変,4,4,0.0521,2953
ロケット,4,3,0.0391,2954
コンタクト,4,3,0.0391,2955
静か,4,3,0.0391,2956
ラジオ,4,3,0.0391,2957
画鋲,4,2,0.026,2958
申し出,4,4,0.0521,2959
陥る,4,4,0.0521,2960
羽子板,4,1,0.013,2961
なくす,4,4,0.0521,2962
突き出す,4,4,0.0521,2963
自室,4,3,0.0391,2964
アクリル,4,2,0.026,2965
疑い,4,4,0.0521,2966
反る,4,4,0.0521,2967
送り,4,2,0.026,2968
低め,4,4,0.0521,2969
角材,4,4,0.0521,2970
脱力,4,4,0.0521,2971
道部,4,4,0.0521,2972
給水,4,3,0.0391,2973
消毒,4,4,0.0521,2974
居合わせる,4,4,0.0521,2975
折りたたむ,4,4,0.0521,2976
点,4,4,0.0521,2977
鳥,4,3,0.0391,2978
重度,4,4,0.0521,2979
後遺症,4,4,0.0521,2980
どんぐり,4,2,0.026,2981
穿孔,4,4,0.0521,2982
日間,4,4,0.0521,2983
萎縮,4,4,0.0521,2984
容態,4,4,0.0521,2985
脳症,4,4,0.0521,2986
㎞,4,4,0.0521,2987
屈曲,4,4,0.0521,2988
具合,4,4,0.0521,2989
中止,4,4,0.0521,2990
侵入,4,4,0.0521,2991
立ち上がれる,4,4,0.0521,2992
半,4,4,0.0521,2993
インターバル,4,4,0.0521,2994
押し込む,4,4,0.0521,2995
いびき,4,4,0.0521,2996
メーカー,4,4,0.0521,2997
東側,4,3,0.0391,2998
浄化槽,4,2,0.026,2999
吐気,4,4,0.0521,3000
不調,4,4,0.0521,3001
通院,4,4,0.0521,3002
軽度,4,4,0.0521,3003
解離,4,3,0.0391,3004
尾骨,4,4,0.0521,3005
遠のく,4,4,0.0521,3006
スクワット,4,4,0.0521,3007
施行,4,3,0.0391,3008
息苦しい,4,4,0.0521,3009
教頭,4,4,0.0521,3010
ボキッ,4,4,0.0521,3011
せき髄,4,4,0.0521,3012
拘る,4,4,0.0521,3013
縮,4,4,0.0521,3014
三角巾,4,4,0.0521,3015
牛,4,1,0.013,3016
スクリュー,4,1,0.013,3017
飼料,4,1,0.013,3018
ポリッシャー,4,2,0.026,3019
人差指,4,3,0.0391,3020
ロール,4,2,0.026,3021
突き指,4,4,0.0521,3022
化膿,4,4,0.0521,3023
あぐら,4,4,0.0521,3024
出発,3,3,0.0391,3025
人間,3,2,0.026,3026
退る,3,2,0.026,3027
食欲,3,3,0.0391,3028
間近,3,3,0.0391,3029
大声,3,3,0.0391,3030
ダイレクト,3,3,0.0391,3031
保育園,3,3,0.0391,3032
気温,3,3,0.0391,3033
つつく,3,3,0.0391,3034
耳元,3,3,0.0391,3035
紹介,3,3,0.0391,3036
半面,3,3,0.0391,3037
所定,3,3,0.0391,3038
物理,3,3,0.0391,3039
洗い,3,3,0.0391,3040
いれる,3,3,0.0391,3041
緩い,3,3,0.0391,3042
組立,3,3,0.0391,3043
受け手,3,1,0.013,3044
忘れ物,3,3,0.0391,3045
リンパ,3,3,0.0391,3046
引き,3,3,0.0391,3047
つる,3,3,0.0391,3048
叫ぶ,3,3,0.0391,3049
四方,3,3,0.0391,3050
頭骨,3,3,0.0391,3051
㎏,3,3,0.0391,3052
身支度,3,3,0.0391,3053
たまる,3,3,0.0391,3054
升,3,2,0.026,3055
しがみつく,3,3,0.0391,3056
スケートリンク,3,3,0.0391,3057
カラー,3,3,0.0391,3058
首筋,3,3,0.0391,3059
重症,3,3,0.0391,3060
駆け足,3,2,0.026,3061
生,3,3,0.0391,3062
スライダー,3,3,0.0391,3063
守り,3,3,0.0391,3064
突き上げる,3,3,0.0391,3065
人数,3,3,0.0391,3066
販売,3,3,0.0391,3067
汗,3,3,0.0391,3068
春,3,3,0.0391,3069
周回,3,3,0.0391,3070
足技,3,3,0.0391,3071
す,3,3,0.0391,3072
サボテン,3,3,0.0391,3073
動揺,3,3,0.0391,3074
なぐる,3,3,0.0391,3075
背中合わせ,3,3,0.0391,3076
バーベキュー,3,3,0.0391,3077
備える,3,3,0.0391,3078
コール,3,3,0.0391,3079
予想,3,3,0.0391,3080
翌月,3,3,0.0391,3081
乱,3,3,0.0391,3082
切削,3,3,0.0391,3083
出過ぎる,3,3,0.0391,3084
空き缶,3,3,0.0391,3085
スポーク,3,3,0.0391,3086
民家,3,3,0.0391,3087
ワックス,3,3,0.0391,3088
頂上,3,2,0.026,3089
駆け出す,3,3,0.0391,3090
下段,3,3,0.0391,3091
ピース,3,2,0.026,3092
取りあう,3,3,0.0391,3093
話しかける,3,3,0.0391,3094
会館,3,3,0.0391,3095
アイスホッケー,3,3,0.0391,3096
出会い,3,3,0.0391,3097
しら,3,3,0.0391,3098
安定,3,3,0.0391,3099
ふり,3,3,0.0391,3100
受け渡し,3,3,0.0391,3101
スノーボード,3,2,0.026,3102
球体,3,3,0.0391,3103
速攻,3,3,0.0391,3104
脅す,3,3,0.0391,3105
リンク,3,3,0.0391,3106
差しかかる,3,3,0.0391,3107
けす,3,3,0.0391,3108
にる,3,3,0.0391,3109
髪,3,3,0.0391,3110
小学生,3,3,0.0391,3111
猫,3,3,0.0391,3112
着ける,3,3,0.0391,3113
イレギュラーボール,3,3,0.0391,3114
鍛える,3,3,0.0391,3115
フロアー,3,3,0.0391,3116
見通し,3,3,0.0391,3117
シートベルト,3,3,0.0391,3118
短い,3,3,0.0391,3119
過ぎ,3,3,0.0391,3120
ぞう,3,3,0.0391,3121
きん,3,3,0.0391,3122
円陣,3,3,0.0391,3123
ロイター,3,3,0.0391,3124
亀裂,3,3,0.0391,3125
奥歯,3,3,0.0391,3126
日光,3,3,0.0391,3127
実践,3,3,0.0391,3128
風呂,3,3,0.0391,3129
目隠し,3,2,0.026,3130
ふさがる,3,3,0.0391,3131
バギー,3,2,0.026,3132
記入,3,3,0.0391,3133
冗談,3,3,0.0391,3134
量,3,3,0.0391,3135
振れる,3,3,0.0391,3136
靴下,3,2,0.026,3137
前屈み,3,3,0.0391,3138
チェック,3,3,0.0391,3139
セメント,3,3,0.0391,3140
面白い,3,2,0.026,3141
試し,3,3,0.0391,3142
のる,3,3,0.0391,3143
ころぶ,3,3,0.0391,3144
イス,3,3,0.0391,3145
腰かける,3,2,0.026,3146
ぽい,3,3,0.0391,3147
ロングパス,3,3,0.0391,3148
シャフト,3,2,0.026,3149
忘れる,3,3,0.0391,3150
杖,3,1,0.013,3151
抜歯,3,3,0.0391,3152
ボランティア,3,3,0.0391,3153
あく,3,3,0.0391,3154
こぎ,3,3,0.0391,3155
間違える,3,3,0.0391,3156
急斜面,3,3,0.0391,3157
春季,3,3,0.0391,3158
終る,3,3,0.0391,3159
河川敷,3,3,0.0391,3160
効く,3,3,0.0391,3161
空く,3,3,0.0391,3162
マーク,3,2,0.026,3163
不具合,3,3,0.0391,3164
ずり落ちる,3,3,0.0391,3165
振りほどく,3,3,0.0391,3166
だめ,3,3,0.0391,3167
伏せる,3,3,0.0391,3168
フォロー,3,3,0.0391,3169
長距離,3,3,0.0391,3170
日曜日,3,3,0.0391,3171
リズム,3,3,0.0391,3172
レントゲン,3,3,0.0391,3173
うち,3,3,0.0391,3174
隊員,3,3,0.0391,3175
上側,3,3,0.0391,3176
寝転ぶ,3,3,0.0391,3177
覗き,3,3,0.0391,3178
学芸,3,3,0.0391,3179
大車輪,3,3,0.0391,3180
見上げる,3,3,0.0391,3181
落馬,3,3,0.0391,3182
欄干,3,2,0.026,3183
傾ける,3,3,0.0391,3184
被さる,3,3,0.0391,3185
一周,3,3,0.0391,3186
学,3,3,0.0391,3187
被災,3,3,0.0391,3188
フットボール,3,3,0.0391,3189
出し物,3,3,0.0391,3190
砕ける,3,3,0.0391,3191
接す,3,3,0.0391,3192
とうしろ,3,3,0.0391,3193
外部,3,3,0.0391,3194
すぎ,3,3,0.0391,3195
脇道,3,3,0.0391,3196
小学校,3,3,0.0391,3197
密集,3,3,0.0391,3198
食いしばる,3,2,0.026,3199
感情,3,3,0.0391,3200
チョーク,3,3,0.0391,3201
痛,3,2,0.026,3202
全速力,3,3,0.0391,3203
つながる,3,3,0.0391,3204
暇,3,3,0.0391,3205
どおり,3,3,0.0391,3206
ファウルフライ,3,3,0.0391,3207
折り畳む,3,3,0.0391,3208
ぬかるむ,3,3,0.0391,3209
水切り,3,2,0.026,3210
寸前,3,3,0.0391,3211
タグ,3,3,0.0391,3212
随意,3,3,0.0391,3213
まねごと,3,3,0.0391,3214
くう,3,3,0.0391,3215
お腹,3,3,0.0391,3216
近所,3,3,0.0391,3217
予鈴,3,3,0.0391,3218
炎症,3,3,0.0391,3219
環境,3,3,0.0391,3220
くぐり抜ける,3,3,0.0391,3221
集い,3,2,0.026,3222
広げる,3,3,0.0391,3223
下級生,3,2,0.026,3224
黒い,3,3,0.0391,3225
新しい,3,3,0.0391,3226
容器,3,3,0.0391,3227
ビデオ,3,3,0.0391,3228
別れる,3,3,0.0391,3229
コンロ,3,3,0.0391,3230
のべる,3,3,0.0391,3231
はがれる,3,3,0.0391,3232
松葉杖,3,3,0.0391,3233
/,3,3,0.0391,3234
引き込む,3,3,0.0391,3235
撤去,3,3,0.0391,3236
展示,3,3,0.0391,3237
像,3,1,0.013,3238
ひとつ,3,3,0.0391,3239
飛び跳ねる,3,2,0.026,3240
ジム,3,3,0.0391,3241
けい,3,3,0.0391,3242
農具,3,1,0.013,3243
挟み撃ち,3,3,0.0391,3244
足掛け,3,3,0.0391,3245
じゃがいも,3,3,0.0391,3246
受け,3,3,0.0391,3247
確かめる,3,3,0.0391,3248
天窓,3,3,0.0391,3249
木片,3,3,0.0391,3250
木刀,3,2,0.026,3251
ソファー,3,3,0.0391,3252
折り返し,3,3,0.0391,3253
向,3,3,0.0391,3254
消火栓,3,3,0.0391,3255
時計,3,3,0.0391,3256
傾,3,3,0.0391,3257
当て,3,3,0.0391,3258
跳びつく,3,2,0.026,3259
保冷,3,2,0.026,3260
鑑賞,3,3,0.0391,3261
計測,3,3,0.0391,3262
左前,3,3,0.0391,3263
戸棚,3,2,0.026,3264
黙る,3,3,0.0391,3265
ワーク,3,3,0.0391,3266
中休み,3,3,0.0391,3267
キャスター,3,3,0.0391,3268
のぞく,3,3,0.0391,3269
空き地,3,3,0.0391,3270
細工,3,2,0.026,3271
リール,3,2,0.026,3272
立,3,3,0.0391,3273
木の実,3,3,0.0391,3274
掲示板,3,3,0.0391,3275
正座,3,3,0.0391,3276
腿,3,3,0.0391,3277
とがる,3,3,0.0391,3278
冷える,3,3,0.0391,3279
束ねる,3,3,0.0391,3280
はんだ,3,2,0.026,3281
ごてる,3,2,0.026,3282
治癒,3,3,0.0391,3283
橈,3,3,0.0391,3284
ねじる,3,3,0.0391,3285
フライドポテト,3,2,0.026,3286
運,3,3,0.0391,3287
俵,3,2,0.026,3288
かつぐ,3,3,0.0391,3289
リーグ,3,3,0.0391,3290
目尻,3,3,0.0391,3291
まゆ,3,2,0.026,3292
がる,3,3,0.0391,3293
牛乳パック,3,2,0.026,3294
揺する,3,3,0.0391,3295
白い,3,3,0.0391,3296
つなぎ,3,3,0.0391,3297
どんぶり,3,2,0.026,3298
ホット,3,3,0.0391,3299
ズック,3,2,0.026,3300
ぶつ,3,2,0.026,3301
たたき,3,3,0.0391,3302
木の下,3,3,0.0391,3303
飛散,3,3,0.0391,3304
通園,3,2,0.026,3305
四つん這い,3,3,0.0391,3306
長,3,3,0.0391,3307
鉄砲,3,2,0.026,3308
稲,3,3,0.0391,3309
刈る,3,3,0.0391,3310
あやまる,3,3,0.0391,3311
治る,3,3,0.0391,3312
見送る,3,3,0.0391,3313
湯船,3,1,0.013,3314
浸かる,3,2,0.026,3315
寄り,3,2,0.026,3316
返し,3,3,0.0391,3317
過度,3,3,0.0391,3318
トレイ,3,2,0.026,3319
おかず,3,3,0.0391,3320
もどる,3,3,0.0391,3321
前部,3,3,0.0391,3322
縫う,3,3,0.0391,3323
設営,3,3,0.0391,3324
局所,3,3,0.0391,3325
火薬,3,2,0.026,3326
認定,3,3,0.0391,3327
ソフト,3,3,0.0391,3328
温める,3,3,0.0391,3329
ウサギ,3,2,0.026,3330
ジャンパー,3,3,0.0391,3331
手当て,3,3,0.0391,3332
草刈,3,2,0.026,3333
狂う,3,3,0.0391,3334
浴槽,3,2,0.026,3335
不足,3,3,0.0391,3336
側臥,3,3,0.0391,3337
少ない,3,3,0.0391,3338
洗い場,3,3,0.0391,3339
入室,3,3,0.0391,3340
切りつける,3,3,0.0391,3341
脛,3,3,0.0391,3342
毛布,3,2,0.026,3343
温,3,3,0.0391,3344
高温,3,3,0.0391,3345
調,3,3,0.0391,3346
乳,3,3,0.0391,3347
庫,3,3,0.0391,3348
よろめく,3,3,0.0391,3349
戦い,3,3,0.0391,3350
体感,3,2,0.026,3351
のけぞる,3,3,0.0391,3352
バク,3,3,0.0391,3353
がん,3,3,0.0391,3354
期末,3,3,0.0391,3355
かぶせる,3,3,0.0391,3356
高校生,3,2,0.026,3357
進,3,3,0.0391,3358
まとめ,3,3,0.0391,3359
もがく,3,3,0.0391,3360
水底,3,1,0.013,3361
ラップ,3,3,0.0391,3362
問題,3,3,0.0391,3363
こもる,3,2,0.026,3364
混む,3,3,0.0391,3365
ほぐす,3,3,0.0391,3366
出来上がる,3,3,0.0391,3367
のぞき込む,3,3,0.0391,3368
重心,3,3,0.0391,3369
メタノール,3,1,0.013,3370
オブジェ,3,1,0.013,3371
会議,3,3,0.0391,3372
とめる,3,3,0.0391,3373
連れ出す,3,3,0.0391,3374
荷重,3,3,0.0391,3375
アウト,3,3,0.0391,3376
ロードレース,3,3,0.0391,3377
囲い,3,3,0.0391,3378
プリント,3,3,0.0391,3379
救助,3,2,0.026,3380
着手,3,3,0.0391,3381
ふたり,3,3,0.0391,3382
男性,3,2,0.026,3383
縫合,3,3,0.0391,3384
制御,3,3,0.0391,3385
食後,3,3,0.0391,3386
見立てる,3,3,0.0391,3387
はみ出す,3,3,0.0391,3388
粉砕,3,3,0.0391,3389
組織,3,3,0.0391,3390
健康,3,3,0.0391,3391
混ぜる,3,3,0.0391,3392
橈骨尺,3,3,0.0391,3393
閉じる,3,3,0.0391,3394
術,3,3,0.0391,3395
アイシング,3,2,0.026,3396
形成,3,3,0.0391,3397
はじめ,3,3,0.0391,3398
内角,3,3,0.0391,3399
弾む,3,3,0.0391,3400
ドライアイス,3,2,0.026,3401
外灯,3,2,0.026,3402
敵,3,3,0.0391,3403
警報,3,3,0.0391,3404
遮断,3,3,0.0391,3405
ものさし,3,3,0.0391,3406
転がす,3,3,0.0391,3407
腫脹,3,3,0.0391,3408
質問,3,3,0.0391,3409
リボン,3,1,0.013,3410
押さえ込む,3,3,0.0391,3411
バイト,3,2,0.026,3412
塊,3,2,0.026,3413
おろす,3,2,0.026,3414
トラップ,3,3,0.0391,3415
基本,3,3,0.0391,3416
打ち込む,3,3,0.0391,3417
参観,3,3,0.0391,3418
知る,3,3,0.0391,3419
弓矢,3,3,0.0391,3420
固め,3,3,0.0391,3421
ヤリ,3,1,0.013,3422
金槌,3,2,0.026,3423
出席,3,3,0.0391,3424
加療,3,3,0.0391,3425
知的,3,3,0.0391,3426
眼底,3,3,0.0391,3427
取っ組み合い,3,3,0.0391,3428
謝る,3,2,0.026,3429
移行,3,3,0.0391,3430
藁,3,2,0.026,3431
女性,3,2,0.026,3432
㎏）,3,2,0.026,3433
栗,3,1,0.013,3434
障る,3,3,0.0391,3435
居室,3,3,0.0391,3436
押さえ,3,3,0.0391,3437
結び目,3,3,0.0391,3438
中腰,3,3,0.0391,3439
真上,3,3,0.0391,3440
毎日,3,3,0.0391,3441
発射,3,3,0.0391,3442
当初,3,3,0.0391,3443
切り株,3,3,0.0391,3444
フライス盤,3,3,0.0391,3445
配,3,1,0.013,3446
見え,3,3,0.0391,3447
ロボット,3,3,0.0391,3448
進める,3,3,0.0391,3449
対角線,3,3,0.0391,3450
林,3,3,0.0391,3451
対外,3,3,0.0391,3452
飲み物,3,3,0.0391,3453
ビン,3,2,0.026,3454
除草,3,3,0.0391,3455
試技,3,3,0.0391,3456
整形,3,3,0.0391,3457
道場,3,3,0.0391,3458
文字,3,3,0.0391,3459
キーホルダー,3,1,0.013,3460
カラビナ,3,1,0.013,3461
影響,3,3,0.0391,3462
裂孔,3,3,0.0391,3463
震盪,3,3,0.0391,3464
陳,3,3,0.0391,3465
特発,3,3,0.0391,3466
焦点,3,3,0.0391,3467
レース,3,3,0.0391,3468
脳幹,3,2,0.026,3469
荒い,3,3,0.0391,3470
個人,3,3,0.0391,3471
掛け合い,3,3,0.0391,3472
ゴンドラ,3,1,0.013,3473
器械,3,3,0.0391,3474
主任,3,2,0.026,3475
恐怖,3,3,0.0391,3476
跳馬,3,3,0.0391,3477
もたれかかる,3,3,0.0391,3478
筋肉,3,3,0.0391,3479
フットワーク,3,3,0.0391,3480
互い,3,3,0.0391,3481
おさえる,3,3,0.0391,3482
背骨,3,3,0.0391,3483
いう,3,3,0.0391,3484
モール,3,3,0.0391,3485
ストップ,3,3,0.0391,3486
槽,3,2,0.026,3487
薬,3,2,0.026,3488
終盤,3,3,0.0391,3489
緊張,3,2,0.026,3490
チアノーゼ,3,3,0.0391,3491
競走,3,3,0.0391,3492
半周,3,3,0.0391,3493
挫,3,3,0.0391,3494
因,3,2,0.026,3495
出現,3,3,0.0391,3496
抱き上げる,3,2,0.026,3497
心的,3,3,0.0391,3498
リハビリ,3,3,0.0391,3499
点検,3,3,0.0391,3500
表,3,2,0.026,3501
知覚,3,2,0.026,3502
溺れる,3,3,0.0391,3503
しゃべる,3,3,0.0391,3504
表情,3,2,0.026,3505
じゅうたん,3,3,0.0391,3506
全開,3,3,0.0391,3507
体温,3,3,0.0391,3508
接続,3,3,0.0391,3509
細かい,3,3,0.0391,3510
記憶,3,3,0.0391,3511
冷たい,3,3,0.0391,3512
伝わる,3,3,0.0391,3513
刈,3,2,0.026,3514
乗っかる,3,3,0.0391,3515
平泳ぎ,3,3,0.0391,3516
脱水,3,2,0.026,3517
ファイル,3,2,0.026,3518
そり,3,2,0.026,3519
トライアル,3,2,0.026,3520
洞,3,3,0.0391,3521
復帰,3,3,0.0391,3522
落石,3,2,0.026,3523
切除,3,3,0.0391,3524
漏出,3,3,0.0391,3525
飼育,3,3,0.0391,3526
表現,3,3,0.0391,3527
椎間板,3,3,0.0391,3528
クモ,3,2,0.026,3529
橈骨頭,3,3,0.0391,3530
叢,3,3,0.0391,3531
灰皿,3,1,0.013,3532
コンベア,3,1,0.013,3533
ノコ,3,2,0.026,3534
押しつぶす,3,3,0.0391,3535
負ける,3,3,0.0391,3536
刃物,3,3,0.0391,3537
鉋盤,3,2,0.026,3538
モーター,3,1,0.013,3539
錠,3,1,0.013,3540
コンセント,3,3,0.0391,3541
かんな,3,3,0.0391,3542
振動,3,3,0.0391,3543
バルブ,3,1,0.013,3544
不注意,3,3,0.0391,3545
灯篭,3,1,0.013,3546
降り,3,3,0.0391,3547
罰,3,1,0.013,3548
急所,3,2,0.026,3549
施す,3,3,0.0391,3550
既往,3,3,0.0391,3551
担架,3,3,0.0391,3552
死,3,3,0.0391,3553
期,3,3,0.0391,3554
じん臓,3,3,0.0391,3555
頻る,3,3,0.0391,3556
拍,3,3,0.0391,3557
膵損傷,3,3,0.0391,3558
装具,3,2,0.026,3559
這う,3,3,0.0391,3560
梯子,3,2,0.026,3561
シャッター,3,1,0.013,3562
あらわれる,2,2,0.026,3563
少年,2,2,0.026,3564
関係,2,1,0.013,3565
修正,2,2,0.026,3566
ボー,2,2,0.026,3567
四角,2,2,0.026,3568
父親,2,1,0.013,3569
温度,2,1,0.013,3570
朝露,2,2,0.026,3571
旅行,2,2,0.026,3572
ゴン,2,2,0.026,3573
キーン,2,2,0.026,3574
支度,2,2,0.026,3575
採る,2,2,0.026,3576
クライミング,2,2,0.026,3577
突出,2,2,0.026,3578
敷き詰める,2,2,0.026,3579
演示実,2,2,0.026,3580
験,2,2,0.026,3581
絵の具,2,2,0.026,3582
マイク,2,2,0.026,3583
指定,2,2,0.026,3584
インターンシップ,2,2,0.026,3585
罹患,2,2,0.026,3586
となり,2,2,0.026,3587
雨水,2,2,0.026,3588
のびる,2,2,0.026,3589
先天,2,2,0.026,3590
対人,2,2,0.026,3591
人形,2,2,0.026,3592
バタ,2,2,0.026,3593
ストロー,2,2,0.026,3594
つまる,2,2,0.026,3595
目覚める,2,2,0.026,3596
眩暈,2,2,0.026,3597
廔,2,2,0.026,3598
付属,2,2,0.026,3599
飛び下りる,2,2,0.026,3600
透明,2,2,0.026,3601
小耳,2,2,0.026,3602
外耳,2,2,0.026,3603
補聴器,2,1,0.013,3604
装用,2,1,0.013,3605
頭蓋,2,2,0.026,3606
鉄道,2,2,0.026,3607
轢く,2,2,0.026,3608
ワークス,2,2,0.026,3609
解散,2,2,0.026,3610
蝉,2,1,0.013,3611
反らせる,2,2,0.026,3612
常設,2,2,0.026,3613
複雑,2,2,0.026,3614
立て掛ける,2,2,0.026,3615
隊列,2,2,0.026,3616
併発,2,2,0.026,3617
訪れる,2,2,0.026,3618
ヒーター,2,1,0.013,3619
暖,2,2,0.026,3620
口内,2,2,0.026,3621
赤み,2,2,0.026,3622
スルー,2,2,0.026,3623
飲み込み,2,2,0.026,3624
嚥,2,1,0.013,3625
裸足,2,2,0.026,3626
摺り,2,2,0.026,3627
妹,2,1,0.013,3628
受講,2,2,0.026,3629
替わる,2,2,0.026,3630
不在,2,2,0.026,3631
ウォーター,2,2,0.026,3632
伝い,2,2,0.026,3633
攻め込む,2,2,0.026,3634
エラー,2,2,0.026,3635
希望,2,2,0.026,3636
突破,2,2,0.026,3637
襟,2,2,0.026,3638
真似事,2,2,0.026,3639
高跳,2,2,0.026,3640
収穫,2,2,0.026,3641
T,2,2,0.026,3642
巻込む,2,2,0.026,3643
もらえる,2,2,0.026,3644
撒く,2,2,0.026,3645
ユニ,2,2,0.026,3646
ホック,2,2,0.026,3647
持ち上がる,2,2,0.026,3648
切り替える,2,2,0.026,3649
締め付ける,2,2,0.026,3650
標識,2,2,0.026,3651
円柱,2,2,0.026,3652
叩き,2,2,0.026,3653
変更,2,2,0.026,3654
ゆする,2,2,0.026,3655
ハーモニカ,2,1,0.013,3656
収まる,2,2,0.026,3657
くわえる,2,2,0.026,3658
数学,2,2,0.026,3659
行進,2,2,0.026,3660
円盤,2,2,0.026,3661
メン,2,2,0.026,3662
採取,2,2,0.026,3663
市民,2,2,0.026,3664
エッヂ,2,2,0.026,3665
冬,2,2,0.026,3666
建設,2,2,0.026,3667
ばたつかせる,2,2,0.026,3668
行方,2,2,0.026,3669
総体,2,2,0.026,3670
休暇,2,2,0.026,3671
向かい側,2,2,0.026,3672
主治医,2,1,0.013,3673
面す,2,2,0.026,3674
傾姿勢,2,2,0.026,3675
取手,2,2,0.026,3676
かけあう,2,2,0.026,3677
とびでる,2,2,0.026,3678
えり,2,2,0.026,3679
つま先,2,2,0.026,3680
薄暗い,2,2,0.026,3681
故障,2,2,0.026,3682
差す,2,2,0.026,3683
表示,2,2,0.026,3684
振り付け,2,2,0.026,3685
ふさぐ,2,2,0.026,3686
迫る,2,2,0.026,3687
ランチ,2,2,0.026,3688
錬る,2,2,0.026,3689
出せる,2,2,0.026,3690
突っこむ,2,2,0.026,3691
冬休み,2,2,0.026,3692
気味,2,2,0.026,3693
発砲,2,1,0.013,3694
スチロール,2,1,0.013,3695
かざす,2,2,0.026,3696
つきぬける,2,2,0.026,3697
消灯,2,2,0.026,3698
便座,2,2,0.026,3699
でっぱる,2,2,0.026,3700
受取る,2,2,0.026,3701
挙,2,2,0.026,3702
うつむく,2,2,0.026,3703
直進,2,2,0.026,3704
手放す,2,2,0.026,3705
観る,2,2,0.026,3706
医院,2,2,0.026,3707
かわり,2,2,0.026,3708
任せる,2,2,0.026,3709
サイン,2,2,0.026,3710
踊る,2,2,0.026,3711
高等,2,2,0.026,3712
手提げ,2,2,0.026,3713
さげる,2,2,0.026,3714
滑落,2,2,0.026,3715
わき腹,2,2,0.026,3716
並列,2,2,0.026,3717
ゲ,2,2,0.026,3718
ム,2,2,0.026,3719
プレイ,2,2,0.026,3720
打ち合わせ,2,2,0.026,3721
道幅,2,2,0.026,3722
草地,2,2,0.026,3723
浴びせる,2,2,0.026,3724
ふう,2,2,0.026,3725
ヤスリ,2,2,0.026,3726
類,2,2,0.026,3727
反れる,2,2,0.026,3728
徐行,2,2,0.026,3729
範囲,2,2,0.026,3730
創傷,2,2,0.026,3731
街灯,2,2,0.026,3732
紙芝居,2,1,0.013,3733
いい,2,2,0.026,3734
巡回,2,2,0.026,3735
分担,2,2,0.026,3736
ハイキング,2,2,0.026,3737
せり合う,2,2,0.026,3738
水しぶき,2,2,0.026,3739
降雪,2,2,0.026,3740
絡みつく,2,2,0.026,3741
逆さま,2,2,0.026,3742
脳神経,2,2,0.026,3743
とおせる,2,1,0.013,3744
ぼる,2,1,0.013,3745
湿気,2,2,0.026,3746
はねかえる,2,2,0.026,3747
巻き付ける,2,2,0.026,3748
前夜,2,2,0.026,3749
ふき,2,2,0.026,3750
放る,2,2,0.026,3751
経る,2,2,0.026,3752
併走,2,2,0.026,3753
ルール,2,2,0.026,3754
誤解,2,2,0.026,3755
産業,2,2,0.026,3756
スローイング,2,2,0.026,3757
身動き,2,2,0.026,3758
空,2,2,0.026,3759
馬術,2,2,0.026,3760
暴れる,2,2,0.026,3761
差し掛かる,2,2,0.026,3762
加速,2,2,0.026,3763
パニック,2,2,0.026,3764
配る,2,2,0.026,3765
走り込み,2,2,0.026,3766
終,2,2,0.026,3767
礼,2,2,0.026,3768
声援,2,2,0.026,3769
投げ捨てる,2,2,0.026,3770
ダウン,2,2,0.026,3771
ダメージ,2,2,0.026,3772
存在,2,2,0.026,3773
鉄格子,2,2,0.026,3774
朝食,2,2,0.026,3775
公立,2,2,0.026,3776
長靴,2,2,0.026,3777
加減,2,2,0.026,3778
成長,2,2,0.026,3779
出っ張る,2,2,0.026,3780
円筒,2,2,0.026,3781
放課,2,2,0.026,3782
引き離す,2,2,0.026,3783
傾斜,2,2,0.026,3784
抜かす,2,2,0.026,3785
ネクストバッターズサークル,2,2,0.026,3786
巴,2,2,0.026,3787
レイアップシュート,2,2,0.026,3788
聴く,2,2,0.026,3789
ふりまわす,2,2,0.026,3790
矯正,2,2,0.026,3791
オリエンテーリング,2,2,0.026,3792
インコース,2,2,0.026,3793
投げ入れる,2,2,0.026,3794
差し入れる,2,2,0.026,3795
ドッヂビー,2,1,0.013,3796
受けとる,2,2,0.026,3797
異なる,2,2,0.026,3798
水田,2,2,0.026,3799
ロータリー,2,2,0.026,3800
背走,2,2,0.026,3801
叩きつける,2,2,0.026,3802
アパート,2,1,0.013,3803
制球,2,2,0.026,3804
境界,2,2,0.026,3805
私語,2,2,0.026,3806
断る,2,2,0.026,3807
医師,2,2,0.026,3808
エレベーター,2,2,0.026,3809
修復,2,2,0.026,3810
合奏,2,2,0.026,3811
脱脂綿,2,1,0.013,3812
浸す,2,2,0.026,3813
射出,2,2,0.026,3814
かねる,2,2,0.026,3815
ロビー,2,2,0.026,3816
防砂,2,1,0.013,3817
裏側,2,2,0.026,3818
植木,2,2,0.026,3819
役員,2,2,0.026,3820
ドーナツ,2,1,0.013,3821
ずれ,2,2,0.026,3822
散策,2,2,0.026,3823
宝探し,2,2,0.026,3824
ゴミ箱,2,2,0.026,3825
突き当たる,2,2,0.026,3826
固まり,2,1,0.013,3827
分け,2,2,0.026,3828
不満,2,2,0.026,3829
ゆるい,2,2,0.026,3830
ポケット,2,2,0.026,3831
えぐれる,2,2,0.026,3832
前半,2,2,0.026,3833
金,2,2,0.026,3834
緩む,2,2,0.026,3835
屈筋腱,2,2,0.026,3836
鋼,2,2,0.026,3837
脳性,2,2,0.026,3838
最大,2,2,0.026,3839
風速,2,2,0.026,3840
ベルトコンベアー,2,1,0.013,3841
ガム,2,2,0.026,3842
仕上げ,2,2,0.026,3843
素早い,2,2,0.026,3844
限,2,2,0.026,3845
西,2,1,0.013,3846
しまる,2,2,0.026,3847
ジェット,2,2,0.026,3848
無視,2,2,0.026,3849
くっつける,2,2,0.026,3850
中園,2,2,0.026,3851
明け,2,2,0.026,3852
㎝),2,2,0.026,3853
ラーメン,2,2,0.026,3854
抜き,2,2,0.026,3855
入,2,2,0.026,3856
溶ける,2,2,0.026,3857
将棋倒し,2,2,0.026,3858
衝立,2,1,0.013,3859
腰掛,2,2,0.026,3860
ベニヤ板,2,2,0.026,3861
威嚇,2,2,0.026,3862
常用,2,2,0.026,3863
ぶた,2,2,0.026,3864
ガラスケース,2,2,0.026,3865
いざこざ,2,2,0.026,3866
腰板,2,2,0.026,3867
つなぎ目,2,2,0.026,3868
敷居,2,2,0.026,3869
十字,2,2,0.026,3870
歩き回る,2,2,0.026,3871
夏,2,2,0.026,3872
炊事,2,2,0.026,3873
茶碗,2,2,0.026,3874
組み立て,2,2,0.026,3875
用意,2,2,0.026,3876
チョコレート,2,2,0.026,3877
払いのける,2,2,0.026,3878
プレハブ,2,2,0.026,3879
口脇,2,2,0.026,3880
聞き入れる,2,2,0.026,3881
鎖,2,2,0.026,3882
泊,2,2,0.026,3883
移住,2,2,0.026,3884
プログラム,2,2,0.026,3885
ウォーク,2,2,0.026,3886
雨よけ,2,2,0.026,3887
スクリーン,2,1,0.013,3888
よる,2,2,0.026,3889
一般,2,2,0.026,3890
硝酸,2,2,0.026,3891
ナトリウム,2,2,0.026,3892
タラップ,2,1,0.013,3893
便,2,2,0.026,3894
今度,2,2,0.026,3895
色鉛筆,2,1,0.013,3896
やかん,2,2,0.026,3897
オルゴール,2,2,0.026,3898
翌々日,2,2,0.026,3899
アンモニア,2,2,0.026,3900
控える,2,2,0.026,3901
掴まる,2,2,0.026,3902
タンク,2,2,0.026,3903
配線,2,2,0.026,3904
学童,2,2,0.026,3905
区切る,2,2,0.026,3906
田,2,2,0.026,3907
銅,2,2,0.026,3908
たらす,2,2,0.026,3909
カヌー,2,1,0.013,3910
かま,2,2,0.026,3911
ドス,2,2,0.026,3912
同夜,2,2,0.026,3913
走れる,2,2,0.026,3914
措置,2,2,0.026,3915
物置,2,2,0.026,3916
世話,2,2,0.026,3917
園内,2,2,0.026,3918
集め,2,2,0.026,3919
間仕切り,2,1,0.013,3920
太,2,2,0.026,3921
大,2,2,0.026,3922
服装,2,2,0.026,3923
パンツ,2,2,0.026,3924
芋,2,2,0.026,3925
焼く,2,2,0.026,3926
校区,2,2,0.026,3927
大石,2,1,0.013,3928
逃げ回る,2,2,0.026,3929
以後,2,2,0.026,3930
盛り上がる,2,2,0.026,3931
駆け抜ける,2,2,0.026,3932
出合い頭,2,2,0.026,3933
直角,2,2,0.026,3934
エアー,2,2,0.026,3935
飛び石,2,1,0.013,3936
仲,2,2,0.026,3937
区域,2,2,0.026,3938
落とし,2,2,0.026,3939
思い,2,2,0.026,3940
蒸し器,2,1,0.013,3941
米,2,1,0.013,3942
孟宗竹,2,1,0.013,3943
エンドライン,2,2,0.026,3944
換気,2,2,0.026,3945
格子,2,2,0.026,3946
リア,2,2,0.026,3947
外出,2,2,0.026,3948
履,2,1,0.013,3949
欲しい,2,2,0.026,3950
かわる,2,2,0.026,3951
目下,2,2,0.026,3952
歳,2,2,0.026,3953
表皮,2,2,0.026,3954
争う,2,2,0.026,3955
うどん,2,2,0.026,3956
ポテト,2,2,0.026,3957
ヤカン,2,1,0.013,3958
箔,2,1,0.013,3959
揺れ,2,2,0.026,3960
ドロ,2,2,0.026,3961
ケイ,2,2,0.026,3962
補充,2,2,0.026,3963
のばす,2,2,0.026,3964
つめる,2,2,0.026,3965
燃焼,2,2,0.026,3966
噴霧,2,2,0.026,3967
店,2,2,0.026,3968
ビル,2,2,0.026,3969
しなう,2,2,0.026,3970
逆立ち,2,2,0.026,3971
コンビ,2,2,0.026,3972
立ちあがる,2,2,0.026,3973
見守る,2,2,0.026,3974
すれ違い,2,2,0.026,3975
青い,2,2,0.026,3976
浅い,2,2,0.026,3977
エア,2,2,0.026,3978
カマ,2,2,0.026,3979
はめ込み,2,2,0.026,3980
不十分,2,2,0.026,3981
切り返す,2,2,0.026,3982
もみあう,2,2,0.026,3983
疑う,2,2,0.026,3984
スクイズ,2,2,0.026,3985
おとす,2,2,0.026,3986
コーティング,2,1,0.013,3987
あそぶ,2,2,0.026,3988
支持,2,2,0.026,3989
びをしていたところ,2,2,0.026,3990
テレビ,2,2,0.026,3991
便所,2,2,0.026,3992
傷つく,2,2,0.026,3993
水口,2,1,0.013,3994
引き出し,2,2,0.026,3995
アイロン台,2,1,0.013,3996
飛びこむ,2,2,0.026,3997
引掻く,2,2,0.026,3998
そびれる,2,2,0.026,3999
トレー,2,2,0.026,4000
デザイン,2,1,0.013,4001
室外,2,2,0.026,4002
カギ,2,2,0.026,4003
はじける,2,2,0.026,4004
押しつける,2,2,0.026,4005
張り,2,2,0.026,4006
手の平,2,2,0.026,4007
材木,2,1,0.013,4008
転げる,2,2,0.026,4009
そ,2,2,0.026,4010
ぶり,2,2,0.026,4011
なれる,2,2,0.026,4012
初め,2,2,0.026,4013
咲く,2,2,0.026,4014
落とし物,2,2,0.026,4015
きれい,2,2,0.026,4016
栽培,2,2,0.026,4017
交替,2,2,0.026,4018
鴨居,2,2,0.026,4019
ヘディングシュート,2,2,0.026,4020
追いつける,2,2,0.026,4021
炊,2,2,0.026,4022
はん,2,2,0.026,4023
ジーパン,2,1,0.013,4024
出会う,2,2,0.026,4025
エントランスドア,2,1,0.013,4026
あわせる,2,2,0.026,4027
打ち出す,2,2,0.026,4028
振り落とす,2,2,0.026,4029
正常,2,2,0.026,4030
火の粉,2,2,0.026,4031
割り込む,2,2,0.026,4032
年長,2,2,0.026,4033
藤棚,2,2,0.026,4034
｢,2,2,0.026,4035
鉢,2,2,0.026,4036
うける,2,2,0.026,4037
弱,2,2,0.026,4038
消火,2,2,0.026,4039
クッキー,2,1,0.013,4040
プラットホーム,2,2,0.026,4041
優先,2,2,0.026,4042
震え,2,2,0.026,4043
水泡,2,2,0.026,4044
長座,2,2,0.026,4045
水疱,2,2,0.026,4046
お鍋,2,1,0.013,4047
泣き,2,2,0.026,4048
走り出る,2,2,0.026,4049
持ち物,2,2,0.026,4050
カピバラ,2,1,0.013,4051
酸,2,2,0.026,4052
川底,2,1,0.013,4053
高所,2,2,0.026,4054
スチール,2,2,0.026,4055
やり方,2,2,0.026,4056
クッキング,2,2,0.026,4057
電球,2,1,0.013,4058
全て,2,2,0.026,4059
瞬発,2,2,0.026,4060
高める,2,2,0.026,4061
部外,2,2,0.026,4062
ポロ,2,1,0.013,4063
談笑,2,2,0.026,4064
細菌,2,2,0.026,4065
取り替える,2,2,0.026,4066
替え,2,2,0.026,4067
駅員,2,2,0.026,4068
肌,2,2,0.026,4069
貫,2,1,0.013,4070
衣,2,1,0.013,4071
木琴,2,2,0.026,4072
とも,2,2,0.026,4073
おおう,2,2,0.026,4074
増やす,2,2,0.026,4075
両面,2,1,0.013,4076
在籍,2,2,0.026,4077
鋭利,2,2,0.026,4078
葉っぱ,2,2,0.026,4079
銅板,2,1,0.013,4080
スト,2,2,0.026,4081
不適切,2,2,0.026,4082
飛び上がる,2,2,0.026,4083
めくる,2,2,0.026,4084
重たい,2,2,0.026,4085
乳母車,2,1,0.013,4086
折り曲げる,2,2,0.026,4087
絵かき,2,2,0.026,4088
くるぶし,2,2,0.026,4089
要求,2,2,0.026,4090
備え付ける,2,2,0.026,4091
裏門,2,2,0.026,4092
うるさい,2,2,0.026,4093
エビ,2,2,0.026,4094
遠泳,2,1,0.013,4095
鉢植え,2,1,0.013,4096
かれる,2,2,0.026,4097
動物,2,2,0.026,4098
出掛ける,2,2,0.026,4099
結束,2,1,0.013,4100
潜り込む,2,2,0.026,4101
ドングリ,2,2,0.026,4102
汚れ,2,2,0.026,4103
埋め込む,2,2,0.026,4104
多く,2,2,0.026,4105
頼む,2,2,0.026,4106
くす玉,2,1,0.013,4107
招集,2,2,0.026,4108
後列,2,2,0.026,4109
湯たんぽ,2,1,0.013,4110
漏れる,2,1,0.013,4111
エクササイズチューブ,2,1,0.013,4112
ビデオカメラ,2,2,0.026,4113
選手権,2,2,0.026,4114
組み立てる,2,2,0.026,4115
草むしり,2,2,0.026,4116
めくれる,2,2,0.026,4117
昔,2,2,0.026,4118
冷やかす,2,2,0.026,4119
サンダル,2,2,0.026,4120
ロングティーバッティング,2,2,0.026,4121
とう骨,2,2,0.026,4122
大縄,2,2,0.026,4123
眠る,2,2,0.026,4124
凍傷,2,2,0.026,4125
コンパートメント,2,2,0.026,4126
右寄り,2,2,0.026,4127
多発,2,2,0.026,4128
攻守,2,2,0.026,4129
メーター,2,2,0.026,4130
引っ掛かり,2,2,0.026,4131
ゆでる,2,2,0.026,4132
方面,2,2,0.026,4133
クラブハウス,2,2,0.026,4134
脱,2,2,0.026,4135
失す,2,2,0.026,4136
一段,2,2,0.026,4137
リュックサック,2,2,0.026,4138
蝋,2,1,0.013,4139
お茶,2,1,0.013,4140
リハーサル,2,2,0.026,4141
トーチ,2,2,0.026,4142
C,2,1,0.013,4143
剥脱,2,2,0.026,4144
切開,2,2,0.026,4145
層,2,2,0.026,4146
磨き,2,2,0.026,4147
原液,2,1,0.013,4148
濃い,2,1,0.013,4149
硫酸,2,2,0.026,4150
フラスコ,2,1,0.013,4151
競い合う,2,2,0.026,4152
窓辺,2,2,0.026,4153
回り込む,2,2,0.026,4154
トーチトワリング,2,2,0.026,4155
袖,2,2,0.026,4156
肥厚,2,2,0.026,4157
小型,2,2,0.026,4158
鼠径,2,2,0.026,4159
衣類,2,1,0.013,4160
遊園,2,2,0.026,4161
正中,2,2,0.026,4162
上向き,2,2,0.026,4163
両端,2,2,0.026,4164
高,2,2,0.026,4165
ほか,2,2,0.026,4166
達す,2,2,0.026,4167
同好,2,2,0.026,4168
暴言,2,2,0.026,4169
誰か,2,2,0.026,4170
タワシ,2,1,0.013,4171
打ち上げ花火,2,2,0.026,4172
海岸,2,2,0.026,4173
中継,2,2,0.026,4174
ストローク,2,2,0.026,4175
L,2,2,0.026,4176
プロテクター,2,2,0.026,4177
回戦,2,2,0.026,4178
命中,2,2,0.026,4179
コマ,2,2,0.026,4180
思い込む,2,2,0.026,4181
防備,2,2,0.026,4182
時速,2,2,0.026,4183
水球,2,2,0.026,4184
魚釣り,2,2,0.026,4185
小枝,2,2,0.026,4186
鼓笛,2,2,0.026,4187
束,2,2,0.026,4188
たためる,2,2,0.026,4189
馬乗り,2,2,0.026,4190
招待,2,2,0.026,4191
パチンコ,2,2,0.026,4192
放置,2,2,0.026,4193
からい,2,2,0.026,4194
かすむ,2,2,0.026,4195
思いつく,2,2,0.026,4196
演舞,2,2,0.026,4197
争奪,2,2,0.026,4198
技能,2,2,0.026,4199
研磨,2,2,0.026,4200
主軸,2,2,0.026,4201
上手,2,2,0.026,4202
マレット,2,1,0.013,4203
夏期,2,2,0.026,4204
立腹,2,2,0.026,4205
握り拳,2,2,0.026,4206
始め,2,2,0.026,4207
ｍｍ,2,2,0.026,4208
親善,2,2,0.026,4209
突入,2,2,0.026,4210
案内,2,2,0.026,4211
ボート,2,1,0.013,4212
取り掛かる,2,2,0.026,4213
つ折り,2,2,0.026,4214
はたく,2,2,0.026,4215
振り子,2,2,0.026,4216
鮮明,2,2,0.026,4217
遊歩道,2,2,0.026,4218
揉み合う,2,2,0.026,4219
入場,2,2,0.026,4220
柔らかい,2,2,0.026,4221
胴,2,2,0.026,4222
涙,2,2,0.026,4223
パンチング,2,2,0.026,4224
スポットライト,2,1,0.013,4225
変化球,2,2,0.026,4226
鋭角,2,2,0.026,4227
寮内,2,2,0.026,4228
剣,2,1,0.013,4229
発泡,2,1,0.013,4230
草取り,2,2,0.026,4231
祭り,2,2,0.026,4232
指摘,2,2,0.026,4233
団長,2,1,0.013,4234
入りこむ,2,2,0.026,4235
冊子,2,2,0.026,4236
白,2,2,0.026,4237
ゴザ,2,1,0.013,4238
尋ねる,2,2,0.026,4239
現在,2,2,0.026,4240
支点,2,2,0.026,4241
白っぽい,2,2,0.026,4242
チャック,2,1,0.013,4243
円形,2,2,0.026,4244
著しい,2,2,0.026,4245
はじき返す,2,2,0.026,4246
狙う,2,2,0.026,4247
チャージ,2,2,0.026,4248
弦,2,2,0.026,4249
イガ,2,1,0.013,4250
スロー,2,2,0.026,4251
被る,2,2,0.026,4252
はれる,2,2,0.026,4253
手裏剣,2,2,0.026,4254
ペン,2,2,0.026,4255
砲丸投げ,2,2,0.026,4256
日頃,2,2,0.026,4257
布製,2,2,0.026,4258
高揚,2,2,0.026,4259
タッチライン,2,2,0.026,4260
コーナーキック,2,2,0.026,4261
定まる,2,2,0.026,4262
修理,2,2,0.026,4263
強,2,2,0.026,4264
わく,2,2,0.026,4265
通う,2,2,0.026,4266
アルティメット,2,2,0.026,4267
普通,2,2,0.026,4268
カ所,2,2,0.026,4269
平ら,2,2,0.026,4270
彫る,2,2,0.026,4271
素材,2,2,0.026,4272
分度器,2,2,0.026,4273
やわらぐ,2,2,0.026,4274
頻繁,2,2,0.026,4275
割りばし,2,1,0.013,4276
嘔気,2,2,0.026,4277
かかわる,2,2,0.026,4278
損じる,2,2,0.026,4279
持ち直す,2,2,0.026,4280
枝打ち,2,1,0.013,4281
切り落とす,2,2,0.026,4282
藪,2,2,0.026,4283
やぶる,2,2,0.026,4284
体位,2,2,0.026,4285
巻,2,2,0.026,4286
締まる,2,2,0.026,4287
気絶,2,2,0.026,4288
飲料,2,1,0.013,4289
タリウム,2,1,0.013,4290
描く,2,2,0.026,4291
実戦,2,2,0.026,4292
マウンド,2,2,0.026,4293
ちょう,2,2,0.026,4294
粒,2,2,0.026,4295
脳外科,2,2,0.026,4296
くくる,2,2,0.026,4297
男女,2,2,0.026,4298
悪天候,2,2,0.026,4299
スプリンクラー,2,1,0.013,4300
さん,2,2,0.026,4301
調べる,2,2,0.026,4302
キッカー,2,1,0.013,4303
予測,2,2,0.026,4304
出動,2,2,0.026,4305
仕草,2,2,0.026,4306
ゆるやか,2,2,0.026,4307
水滴,2,2,0.026,4308
学部,2,2,0.026,4309
ドライバー,2,1,0.013,4310
のろい,2,2,0.026,4311
挙げる,2,2,0.026,4312
視る,2,2,0.026,4313
相当,2,2,0.026,4314
妨げる,2,2,0.026,4315
麻,2,2,0.026,4316
両者,2,2,0.026,4317
自覚,2,2,0.026,4318
挿す,2,2,0.026,4319
画びょう,2,1,0.013,4320
続発,2,2,0.026,4321
針山,2,1,0.013,4322
結膜,2,2,0.026,4323
絡膜断,2,2,0.026,4324
演劇,2,2,0.026,4325
寝そべる,2,2,0.026,4326
暗幕,2,1,0.013,4327
大腸菌,2,2,0.026,4328
発症,2,2,0.026,4329
渡り,2,2,0.026,4330
たすき,2,1,0.013,4331
押し上げる,2,2,0.026,4332
失禁,2,2,0.026,4333
飛込み,2,2,0.026,4334
合格,2,1,0.013,4335
キロ,2,2,0.026,4336
投げ込む,2,2,0.026,4337
頸髄損,2,2,0.026,4338
合戦,2,2,0.026,4339
立ち寄る,2,2,0.026,4340
借用,2,2,0.026,4341
書籍,2,1,0.013,4342
不審,2,2,0.026,4343
屈し,2,2,0.026,4344
しんどい,2,2,0.026,4345
ピット,2,1,0.013,4346
崩れ,2,2,0.026,4347
こなす,2,2,0.026,4348
足す,2,2,0.026,4349
明かり,2,2,0.026,4350
Ｒ,2,1,0.013,4351
むかで,2,2,0.026,4352
頷く,2,2,0.026,4353
握力,2,2,0.026,4354
スムーズ,2,2,0.026,4355
辛い,2,2,0.026,4356
寄り掛かる,2,2,0.026,4357
レフェリー,2,2,0.026,4358
かきだす,2,2,0.026,4359
隣室,2,1,0.013,4360
泡,2,2,0.026,4361
Ｍ,2,2,0.026,4362
バンク,2,2,0.026,4363
骨髄,2,2,0.026,4364
買う,2,2,0.026,4365
難しい,2,2,0.026,4366
喘鳴,2,2,0.026,4367
痰,2,2,0.026,4368
地域,2,2,0.026,4369
かく,2,2,0.026,4370
ケージ,2,1,0.013,4371
負け,2,2,0.026,4372
震える,2,2,0.026,4373
鯉のぼり,2,1,0.013,4374
かけ合う,2,2,0.026,4375
胴体,2,2,0.026,4376
決まる,2,2,0.026,4377
呂律,2,2,0.026,4378
動脈,2,2,0.026,4379
閉塞,2,2,0.026,4380
様々,2,2,0.026,4381
理由,2,2,0.026,4382
走路,2,2,0.026,4383
返答,2,2,0.026,4384
二股,2,1,0.013,4385
雨粒,2,1,0.013,4386
通知,2,1,0.013,4387
開会,2,2,0.026,4388
振り出す,2,2,0.026,4389
背筋,2,2,0.026,4390
ポ,2,2,0.026,4391
場外,2,2,0.026,4392
逃れる,2,2,0.026,4393
行き,2,1,0.013,4394
定期,2,2,0.026,4395
踊場,2,1,0.013,4396
農家,2,2,0.026,4397
農作業,2,2,0.026,4398
ヘビ,2,2,0.026,4399
プレイヤー,2,2,0.026,4400
対象,2,2,0.026,4401
呈す,2,2,0.026,4402
出番,2,2,0.026,4403
海外,2,2,0.026,4404
四つんばい,2,2,0.026,4405
発進,2,2,0.026,4406
おう吐,2,2,0.026,4407
療法,2,2,0.026,4408
ツベルクリン,2,1,0.013,4409
m×,2,2,0.026,4410
きつい,2,2,0.026,4411
ロン,2,1,0.013,4412
ダート,2,1,0.013,4413
断続,2,1,0.013,4414
幅跳び,2,1,0.013,4415
一対一,2,1,0.013,4416
不眠,2,2,0.026,4417
帰路,2,2,0.026,4418
腰骨,2,2,0.026,4419
浣腸,2,1,0.013,4420
ゆるむ,2,2,0.026,4421
日陰,2,2,0.026,4422
飛び込める,2,1,0.013,4423
重量,2,2,0.026,4424
チェンジ,2,2,0.026,4425
手先,2,2,0.026,4426
反らす,2,2,0.026,4427
持ち込む,2,2,0.026,4428
館内,2,2,0.026,4429
リュージュ,2,1,0.013,4430
跳べる,2,2,0.026,4431
取り組み,2,2,0.026,4432
土俵,2,2,0.026,4433
誘拐,2,1,0.013,4434
監禁,2,1,0.013,4435
くずれる,2,2,0.026,4436
思い出す,2,2,0.026,4437
ヘリコプター,2,2,0.026,4438
選ぶ,2,1,0.013,4439
フラッシュ,2,2,0.026,4440
破れる,2,2,0.026,4441
校長,2,2,0.026,4442
叱責,2,1,0.013,4443
うなる,2,2,0.026,4444
窒息,2,2,0.026,4445
車内,2,2,0.026,4446
遊離,2,2,0.026,4447
著い,2,2,0.026,4448
明,2,2,0.026,4449
長期,2,2,0.026,4450
ちぎる,2,1,0.013,4451
剥がれる,2,2,0.026,4452
脳出血,2,2,0.026,4453
最寄り,2,2,0.026,4454
頸椎捻,2,2,0.026,4455
ヘルニア,2,2,0.026,4456
原,2,2,0.026,4457
イメージ,2,2,0.026,4458
びまん,2,2,0.026,4459
索,2,2,0.026,4460
水平,2,2,0.026,4461
及び腰,2,2,0.026,4462
あおむける,2,2,0.026,4463
りんご,2,1,0.013,4464
瓶,2,1,0.013,4465
やってくる,2,2,0.026,4466
漁場,2,2,0.026,4467
専門,2,2,0.026,4468
鳥小屋,2,1,0.013,4469
もち,2,2,0.026,4470
裏面,2,2,0.026,4471
山道,2,2,0.026,4472
除雪,2,1,0.013,4473
よじる,2,2,0.026,4474
週末,2,2,0.026,4475
挟み込む,2,2,0.026,4476
ごろ,2,2,0.026,4477
公開,2,2,0.026,4478
もどす,2,2,0.026,4479
絨毯,2,1,0.013,4480
シンバル,2,1,0.013,4481
演台,2,1,0.013,4482
ネジ,2,2,0.026,4483
新聞,2,2,0.026,4484
路線,2,2,0.026,4485
発車,2,2,0.026,4486
関心,2,2,0.026,4487
薪割り,2,1,0.013,4488
油圧,2,2,0.026,4489
浮かせる,2,2,0.026,4490
潰れる,2,1,0.013,4491
リンゴ,2,1,0.013,4492
包丁,2,1,0.013,4493
ｋｇ,2,2,0.026,4494
コミュニケーション,2,2,0.026,4495
蛇,2,1,0.013,4496
脚立,2,1,0.013,4497
合板,2,1,0.013,4498
挫滅,2,2,0.026,4499
民泊,2,2,0.026,4500
ノコギリ,2,1,0.013,4501
こす,2,1,0.013,4502
詰まり,2,1,0.013,4503
牛舎,2,2,0.026,4504
後ろ手,2,2,0.026,4505
板の間,2,2,0.026,4506
そえる,2,2,0.026,4507
沖,2,1,0.013,4508
ぼう,2,1,0.013,4509
ルーター,2,1,0.013,4510
麺,2,1,0.013,4511
ペグ,2,1,0.013,4512
乾草,2,2,0.026,4513
農場,2,2,0.026,4514
DIP,2,2,0.026,4515
基,2,2,0.026,4516
示指切,2,2,0.026,4517
舟,2,2,0.026,4518
河原,2,1,0.013,4519
場合,2,2,0.026,4520
肛門,2,1,0.013,4521
守,2,2,0.026,4522
背泳ぎ,2,1,0.013,4523
肋骨,2,2,0.026,4524
法,2,2,0.026,4525
引き継ぐ,2,2,0.026,4526
フィールド,2,2,0.026,4527
なり手,2,2,0.026,4528
無し,2,1,0.013,4529
見開く,2,2,0.026,4530
盛り砂,2,1,0.013,4531
思い切る,2,2,0.026,4532
血圧,2,2,0.026,4533
タスキ,2,1,0.013,4534
おしり,2,2,0.026,4535
がく,2,2,0.026,4536
胆のう,2,2,0.026,4537
開腹,2,1,0.013,4538
柔軟,2,2,0.026,4539
精密,2,2,0.026,4540
快調,2,1,0.013,4541
疲れ,2,1,0.013,4542
白目,2,2,0.026,4543
風通し,2,2,0.026,4544
演習,2,2,0.026,4545
生殖,2,2,0.026,4546
露出,2,2,0.026,4547
肥大,2,2,0.026,4548
合併症,2,2,0.026,4549
カテコラミン,2,2,0.026,4550
誘発,2,2,0.026,4551
膵臓,2,2,0.026,4552
払腰,2,2,0.026,4553
紙くず,2,1,0.013,4554
本体,2,1,0.013,4555
開口,2,2,0.026,4556
木の葉,2,1,0.013,4557
陸橋,2,1,0.013,4558
変換,2,2,0.026,4559
原付,2,1,0.013,4560
墓,2,1,0.013,4561
ふだん,2,2,0.026,4562
もる,2,2,0.026,4563
橈尺骨,2,2,0.026,4564
スノーモービル,2,1,0.013,4565
ガ,2,2,0.026,4566
クン,2,2,0.026,4567
伐採,2,1,0.013,4568
沸,2,1,0.013,4569
しおり,2,1,0.013,4570
転回,2,2,0.026,4571
レッスン,2,2,0.026,4572
悩む,1,1,0.013,4573
仲間はずれ,1,1,0.013,4574
聴こえる,1,1,0.013,4575
おきる,1,1,0.013,4576
クラクション,1,1,0.013,4577
インターネット,1,1,0.013,4578
書き込み,1,1,0.013,4579
発端,1,1,0.013,4580
居眠り,1,1,0.013,4581
素直,1,1,0.013,4582
意味,1,1,0.013,4583
一定,1,1,0.013,4584
がかる,1,1,0.013,4585
平手打ち,1,1,0.013,4586
レイキ,1,1,0.013,4587
タフロンテープ,1,1,0.013,4588
専門医,1,1,0.013,4589
耳鼻,1,1,0.013,4590
スタンバイ,1,1,0.013,4591
アタッカー,1,1,0.013,4592
力む,1,1,0.013,4593
プチッ,1,1,0.013,4594
朝顔,1,1,0.013,4595
鋏,1,1,0.013,4596
講義,1,1,0.013,4597
断熱,1,1,0.013,4598
圧縮,1,1,0.013,4599
発火,1,1,0.013,4600
止む,1,1,0.013,4601
突,1,1,0.013,4602
ばた足,1,1,0.013,4603
オニ,1,1,0.013,4604
手順,1,1,0.013,4605
耳下腺炎,1,1,0.013,4606
流行,1,1,0.013,4607
利く,1,1,0.013,4608
手帳,1,1,0.013,4609
前年,1,1,0.013,4610
見込み,1,1,0.013,4611
観劇,1,1,0.013,4612
お昼,1,1,0.013,4613
舟形,1,1,0.013,4614
ホイッスル,1,1,0.013,4615
鳴り,1,1,0.013,4616
スクーリング,1,1,0.013,4617
内耳,1,1,0.013,4618
ろうと,1,1,0.013,4619
かけ声,1,1,0.013,4620
伝,1,1,0.013,4621
物体,1,1,0.013,4622
既存,1,1,0.013,4623
閉鎖,1,1,0.013,4624
全般,1,1,0.013,4625
小骨,1,1,0.013,4626
枕木,1,1,0.013,4627
済む,1,1,0.013,4628
インターチェンジ,1,1,0.013,4629
腐食,1,1,0.013,4630
配置,1,1,0.013,4631
苦手,1,1,0.013,4632
海水浴,1,1,0.013,4633
ブレード,1,1,0.013,4634
趾付,1,1,0.013,4635
大勢,1,1,0.013,4636
趾末節,1,1,0.013,4637
平熱,1,1,0.013,4638
扁桃周,1,1,0.013,4639
囲炎,1,1,0.013,4640
溶連菌,1,1,0.013,4641
敗血症,1,1,0.013,4642
来たす,1,1,0.013,4643
膿胸,1,1,0.013,4644
深部,1,1,0.013,4645
静脈,1,1,0.013,4646
血栓,1,1,0.013,4647
軟口蓋,1,1,0.013,4648
ブライト,1,1,0.013,4649
揺り返し,1,1,0.013,4650
手摺,1,1,0.013,4651
ポータブル,1,1,0.013,4652
畳む,1,1,0.013,4653
不便,1,1,0.013,4654
ぬる,1,1,0.013,4655
バックミラー,1,1,0.013,4656
嚥下,1,1,0.013,4657
肺炎,1,1,0.013,4658
咀嚼,1,1,0.013,4659
ヒューム,1,1,0.013,4660
下水道,1,1,0.013,4661
ころがす,1,1,0.013,4662
かげ,1,1,0.013,4663
認識,1,1,0.013,4664
余暇,1,1,0.013,4665
中学,1,1,0.013,4666
百足,1,1,0.013,4667
アイススケート,1,1,0.013,4668
氷上,1,1,0.013,4669
歯ぐき,1,1,0.013,4670
チャンス,1,1,0.013,4671
温水,1,1,0.013,4672
悪ふざけ,1,1,0.013,4673
ほしい,1,1,0.013,4674
ブーツ,1,1,0.013,4675
セービング,1,1,0.013,4676
あびる,1,1,0.013,4677
徹す,1,1,0.013,4678
けた,1,1,0.013,4679
くい込む,1,1,0.013,4680
乗,1,1,0.013,4681
リ,1,1,0.013,4682
みつける,1,1,0.013,4683
大変,1,1,0.013,4684
窪む,1,1,0.013,4685
スニーカー,1,1,0.013,4686
画面,1,1,0.013,4687
びをしていたが,1,1,0.013,4688
崩し,1,1,0.013,4689
のめり込む,1,1,0.013,4690
戸締り,1,1,0.013,4691
継ぐ,1,1,0.013,4692
印刷物,1,1,0.013,4693
嫌がらせ,1,1,0.013,4694
いじめる,1,1,0.013,4695
教務,1,1,0.013,4696
びをしていたとき,1,1,0.013,4697
この間,1,1,0.013,4698
製造,1,1,0.013,4699
フォーメーション,1,1,0.013,4700
支台歯,1,1,0.013,4701
力不足,1,1,0.013,4702
製図,1,1,0.013,4703
起伏,1,1,0.013,4704
トンネル,1,1,0.013,4705
路地,1,1,0.013,4706
迂回,1,1,0.013,4707
わきの下,1,1,0.013,4708
文鎮,1,1,0.013,4709
塗りたて,1,1,0.013,4710
つむ,1,1,0.013,4711
い,1,1,0.013,4712
林道,1,1,0.013,4713
積もる,1,1,0.013,4714
鼓笛隊,1,1,0.013,4715
鍵盤,1,1,0.013,4716
立ち木,1,1,0.013,4717
なおす,1,1,0.013,4718
振るう,1,1,0.013,4719
蛍,1,1,0.013,4720
幼虫,1,1,0.013,4721
用水,1,1,0.013,4722
知らん顔,1,1,0.013,4723
さび,1,1,0.013,4724
うく,1,1,0.013,4725
艇庫,1,1,0.013,4726
並,1,1,0.013,4727
他者,1,1,0.013,4728
ファールチップボール,1,1,0.013,4729
しそこなう,1,1,0.013,4730
刺殺,1,1,0.013,4731
連係,1,1,0.013,4732
マンツーマン,1,1,0.013,4733
耳障り,1,1,0.013,4734
ローラースケート,1,1,0.013,4735
でこぼこ,1,1,0.013,4736
砂防,1,1,0.013,4737
街路,1,1,0.013,4738
ウレタン,1,1,0.013,4739
コンビニ,1,1,0.013,4740
買い物,1,1,0.013,4741
アコーディオン,1,1,0.013,4742
臥,1,1,0.013,4743
隠す,1,1,0.013,4744
青,1,1,0.013,4745
つっかかる,1,1,0.013,4746
ノルマ,1,1,0.013,4747
世界,1,1,0.013,4748
地図,1,1,0.013,4749
仮装,1,1,0.013,4750
連打,1,1,0.013,4751
薄れる,1,1,0.013,4752
はみ出る,1,1,0.013,4753
巻きこむ,1,1,0.013,4754
車体,1,1,0.013,4755
灰色,1,1,0.013,4756
跳び越す,1,1,0.013,4757
おどる,1,1,0.013,4758
庭石,1,1,0.013,4759
後戻り,1,1,0.013,4760
っぽい,1,1,0.013,4761
のど,1,1,0.013,4762
自慢,1,1,0.013,4763
めり込む,1,1,0.013,4764
退場,1,1,0.013,4765
キャチボール,1,1,0.013,4766
サブ,1,1,0.013,4767
習中,1,1,0.013,4768
映る,1,1,0.013,4769
フルスイング,1,1,0.013,4770
スキーヤー,1,1,0.013,4771
しかける,1,1,0.013,4772
目測,1,1,0.013,4773
地下道,1,1,0.013,4774
自学自習,1,1,0.013,4775
組立て,1,1,0.013,4776
パソコン,1,1,0.013,4777
スノーボーダー,1,1,0.013,4778
天体,1,1,0.013,4779
観測,1,1,0.013,4780
夜道,1,1,0.013,4781
校生,1,1,0.013,4782
死骸,1,1,0.013,4783
差し出る,1,1,0.013,4784
スピードアップ,1,1,0.013,4785
松ぼっくり,1,1,0.013,4786
後かたづけ,1,1,0.013,4787
レーキ,1,1,0.013,4788
ワンマン,1,1,0.013,4789
こぼれ,1,1,0.013,4790
ランス,1,1,0.013,4791
大雨,1,1,0.013,4792
急停車,1,1,0.013,4793
品,1,1,0.013,4794
贈る,1,1,0.013,4795
ワンバウンドキャッチボール,1,1,0.013,4796
崖,1,1,0.013,4797
浮かび上がる,1,1,0.013,4798
咬傷,1,1,0.013,4799
真後ろ,1,1,0.013,4800
まつり,1,1,0.013,4801
至る,1,1,0.013,4802
宿,1,1,0.013,4803
民宿,1,1,0.013,4804
足かけ,1,1,0.013,4805
まとも,1,1,0.013,4806
とりあげる,1,1,0.013,4807
どかす,1,1,0.013,4808
司令,1,1,0.013,4809
あずかる,1,1,0.013,4810
巾着,1,1,0.013,4811
うちつける,1,1,0.013,4812
短め,1,1,0.013,4813
ミット,1,1,0.013,4814
バイパス,1,1,0.013,4815
ニヤッ,1,1,0.013,4816
後口,1,1,0.013,4817
タッチフット,1,1,0.013,4818
キックオフ,1,1,0.013,4819
本格,1,1,0.013,4820
悴む,1,1,0.013,4821
共,1,1,0.013,4822
小,1,1,0.013,4823
スモールスモールヒル,1,1,0.013,4824
ランディングバーン,1,1,0.013,4825
平面,1,1,0.013,4826
馬鹿,1,1,0.013,4827
段上,1,1,0.013,4828
試走,1,1,0.013,4829
二塁手,1,1,0.013,4830
浮き上がる,1,1,0.013,4831
必死,1,1,0.013,4832
ラットプルダウン,1,1,0.013,4833
納める,1,1,0.013,4834
ビックバレー,1,1,0.013,4835
今回,1,1,0.013,4836
読み手,1,1,0.013,4837
横目,1,1,0.013,4838
はし,1,1,0.013,4839
班長,1,1,0.013,4840
はやい,1,1,0.013,4841
形態,1,1,0.013,4842
前列,1,1,0.013,4843
ガット,1,1,0.013,4844
終業,1,1,0.013,4845
すべて,1,1,0.013,4846
使える,1,1,0.013,4847
門歯,1,1,0.013,4848
物語,1,1,0.013,4849
股下,1,1,0.013,4850
もよおす,1,1,0.013,4851
左寄り,1,1,0.013,4852
クラウンド,1,1,0.013,4853
出くわす,1,1,0.013,4854
因縁,1,1,0.013,4855
湖,1,1,0.013,4856
堤防,1,1,0.013,4857
激怒,1,1,0.013,4858
傷み,1,1,0.013,4859
デットボール,1,1,0.013,4860
中切,1,1,0.013,4861
上中切,1,1,0.013,4862
往来,1,1,0.013,4863
途切れる,1,1,0.013,4864
覚める,1,1,0.013,4865
衝動,1,1,0.013,4866
ジャガイモ,1,1,0.013,4867
話し合う,1,1,0.013,4868
てっぺん,1,1,0.013,4869
フットベース,1,1,0.013,4870
整える,1,1,0.013,4871
進み出す,1,1,0.013,4872
乗れる,1,1,0.013,4873
定める,1,1,0.013,4874
遠心,1,1,0.013,4875
働く,1,1,0.013,4876
スコア,1,1,0.013,4877
ハーフパイプコース,1,1,0.013,4878
中腹,1,1,0.013,4879
インタビュー,1,1,0.013,4880
国民,1,1,0.013,4881
インターハイ,1,1,0.013,4882
欠落,1,1,0.013,4883
整地,1,1,0.013,4884
下切,1,1,0.013,4885
兼,1,1,0.013,4886
騎乗,1,1,0.013,4887
風雨,1,1,0.013,4888
バルコニー,1,1,0.013,4889
うつぶす,1,1,0.013,4890
差し掛る,1,1,0.013,4891
横壁,1,1,0.013,4892
休止,1,1,0.013,4893
抱き合う,1,1,0.013,4894
演じる,1,1,0.013,4895
感謝,1,1,0.013,4896
うい,1,1,0.013,4897
紛失,1,1,0.013,4898
歯髄,1,1,0.013,4899
忘れ,1,1,0.013,4900
退出,1,1,0.013,4901
オート,1,1,0.013,4902
就労,1,1,0.013,4903
習慣,1,1,0.013,4904
加勢,1,1,0.013,4905
あり,1,1,0.013,4906
適切,1,1,0.013,4907
切り替え,1,1,0.013,4908
発達,1,1,0.013,4909
現時点,1,1,0.013,4910
過剰,1,1,0.013,4911
違反,1,1,0.013,4912
打,1,1,0.013,4913
創作,1,1,0.013,4914
開き,1,1,0.013,4915
市長,1,1,0.013,4916
杯,1,1,0.013,4917
想定,1,1,0.013,4918
不正,1,1,0.013,4919
事情,1,1,0.013,4920
入れ直す,1,1,0.013,4921
くるまれる,1,1,0.013,4922
駅前,1,1,0.013,4923
垂らす,1,1,0.013,4924
独歩,1,1,0.013,4925
洋式,1,1,0.013,4926
青信号,1,1,0.013,4927
はかる,1,1,0.013,4928
球場,1,1,0.013,4929
凸凹,1,1,0.013,4930
手放し,1,1,0.013,4931
コバチ,1,1,0.013,4932
デイフェンス,1,1,0.013,4933
塾,1,1,0.013,4934
軽口,1,1,0.013,4935
外そう,1,1,0.013,4936
凹む,1,1,0.013,4937
想像,1,1,0.013,4938
円卓,1,1,0.013,4939
ファウルグラウンド,1,1,0.013,4940
機具,1,1,0.013,4941
攻め寄る,1,1,0.013,4942
湿る,1,1,0.013,4943
公道,1,1,0.013,4944
ブース,1,1,0.013,4945
みぞおち,1,1,0.013,4946
サウナ,1,1,0.013,4947
くらくら,1,1,0.013,4948
露天風呂,1,1,0.013,4949
涼む,1,1,0.013,4950
引き渡す,1,1,0.013,4951
バインダー,1,1,0.013,4952
ほどく,1,1,0.013,4953
標,1,1,0.013,4954
予後,1,1,0.013,4955
ラフティング,1,1,0.013,4956
パドル,1,1,0.013,4957
電信柱,1,1,0.013,4958
パンク,1,1,0.013,4959
噛みしめる,1,1,0.013,4960
スナッグゴルフ,1,1,0.013,4961
ドッジフリスビー,1,1,0.013,4962
黄色,1,1,0.013,4963
残雪,1,1,0.013,4964
サッカーゴールネット,1,1,0.013,4965
吸収,1,1,0.013,4966
滑り出す,1,1,0.013,4967
住宅,1,1,0.013,4968
火種,1,1,0.013,4969
熱風,1,1,0.013,4970
火元,1,1,0.013,4971
乳歯,1,1,0.013,4972
切り口,1,1,0.013,4973
故意,1,1,0.013,4974
おどす,1,1,0.013,4975
勝つ,1,1,0.013,4976
視聴,1,1,0.013,4977
当該,1,1,0.013,4978
捩れる,1,1,0.013,4979
四つ,1,1,0.013,4980
クローバー,1,1,0.013,4981
おい,1,1,0.013,4982
外壁,1,1,0.013,4983
復旧,1,1,0.013,4984
施工,1,1,0.013,4985
タンポポ,1,1,0.013,4986
混ざる,1,1,0.013,4987
じょうろ,1,1,0.013,4988
上皮,1,1,0.013,4989
はめ込む,1,1,0.013,4990
ガタガタ,1,1,0.013,4991
ドアー,1,1,0.013,4992
強力,1,1,0.013,4993
終点,1,1,0.013,4994
コンベアー,1,1,0.013,4995
はがす,1,1,0.013,4996
ノミ,1,1,0.013,4997
河川,1,1,0.013,4998
歓迎,1,1,0.013,4999
着火,1,1,0.013,5000
暴発,1,1,0.013,5001
全日,1,1,0.013,5002
あまり,1,1,0.013,5003
血液,1,1,0.013,5004
流れ出す,1,1,0.013,5005
牽く,1,1,0.013,5006
翼,1,1,0.013,5007
傷跡,1,1,0.013,5008
運び,1,1,0.013,5009
目の下,1,1,0.013,5010
小山,1,1,0.013,5011
枝豆,1,1,0.013,5012
ゆとり,1,1,0.013,5013
写す,1,1,0.013,5014
煉瓦,1,1,0.013,5015
さす,1,1,0.013,5016
ゆであがる,1,1,0.013,5017
お菓子,1,1,0.013,5018
天ぷら,1,1,0.013,5019
つかえる,1,1,0.013,5020
煙突,1,1,0.013,5021
ひっつく,1,1,0.013,5022
日記,1,1,0.013,5023
おどかす,1,1,0.013,5024
かぎ裂き,1,1,0.013,5025
ハンカチ,1,1,0.013,5026
もつれ合う,1,1,0.013,5027
肩掛け,1,1,0.013,5028
下の田,1,1,0.013,5029
自家用車,1,1,0.013,5030
飼う,1,1,0.013,5031
襲いかかる,1,1,0.013,5032
連れ戻す,1,1,0.013,5033
たたきつける,1,1,0.013,5034
後逸,1,1,0.013,5035
ヒビ,1,1,0.013,5036
ルアー,1,1,0.013,5037
水浸し,1,1,0.013,5038
据え付ける,1,1,0.013,5039
つき抜ける,1,1,0.013,5040
切り裂く,1,1,0.013,5041
側部,1,1,0.013,5042
ダッグアウト,1,1,0.013,5043
重し,1,1,0.013,5044
ボディー,1,1,0.013,5045
サー,1,1,0.013,5046
ファー,1,1,0.013,5047
山岳,1,1,0.013,5048
霧雨,1,1,0.013,5049
いためる,1,1,0.013,5050
ガスバーナー,1,1,0.013,5051
寄宿,1,1,0.013,5052
つかみかかる,1,1,0.013,5053
噛む,1,1,0.013,5054
男の子,1,1,0.013,5055
押入る,1,1,0.013,5056
納まる,1,1,0.013,5057
けり,1,1,0.013,5058
デンプン,1,1,0.013,5059
花園,1,1,0.013,5060
除去,1,1,0.013,5061
菜,1,1,0.013,5062
減らす,1,1,0.013,5063
うる,1,1,0.013,5064
おう,1,1,0.013,5065
知り合い,1,1,0.013,5066
チョコ,1,1,0.013,5067
いちご,1,1,0.013,5068
湯せん,1,1,0.013,5069
狩り,1,1,0.013,5070
つれ,1,1,0.013,5071
ティンパニー,1,1,0.013,5072
打ち切れる,1,1,0.013,5073
絡み合う,1,1,0.013,5074
建具,1,1,0.013,5075
雨具,1,1,0.013,5076
禁止,1,1,0.013,5077
校旗,1,1,0.013,5078
塩化ビニール,1,1,0.013,5079
うす焼き,1,1,0.013,5080
玉子,1,1,0.013,5081
ＯＨＰ,1,1,0.013,5082
にごる,1,1,0.013,5083
ぬく,1,1,0.013,5084
災,1,1,0.013,5085
習,1,1,0.013,5086
近道,1,1,0.013,5087
途上,1,1,0.013,5088
冷罨法,1,1,0.013,5089
低温,1,1,0.013,5090
芸術,1,1,0.013,5091
数,1,1,0.013,5092
出し入れ,1,1,0.013,5093
蟻酸,1,1,0.013,5094
臭い,1,1,0.013,5095
かぐ,1,1,0.013,5096
溶融,1,1,0.013,5097
塩,1,1,0.013,5098
噴出,1,1,0.013,5099
飛沫,1,1,0.013,5100
ログ,1,1,0.013,5101
キャビン,1,1,0.013,5102
迎え,1,1,0.013,5103
タンバリン,1,1,0.013,5104
食前,1,1,0.013,5105
空間,1,1,0.013,5106
丸焼き,1,1,0.013,5107
掃き掃除,1,1,0.013,5108
つぐ,1,1,0.013,5109
実,1,1,0.013,5110
立ち尽くす,1,1,0.013,5111
膨れる,1,1,0.013,5112
釣,1,1,0.013,5113
トイレットペーパー,1,1,0.013,5114
ホルダー,1,1,0.013,5115
出逢う,1,1,0.013,5116
仕切,1,1,0.013,5117
石材,1,1,0.013,5118
山の下,1,1,0.013,5119
余裕,1,1,0.013,5120
フタ,1,1,0.013,5121
酸化,1,1,0.013,5122
下船,1,1,0.013,5123
浜,1,1,0.013,5124
船底,1,1,0.013,5125
浜の,1,1,0.013,5126
臉,1,1,0.013,5127
炊さん,1,1,0.013,5128
縄飛び,1,1,0.013,5129
吹き付ける,1,1,0.013,5130
長時間,1,1,0.013,5131
比べ,1,1,0.013,5132
ペーパー,1,1,0.013,5133
袖口,1,1,0.013,5134
クロスボール,1,1,0.013,5135
引き戻す,1,1,0.013,5136
私服,1,1,0.013,5137
盛土,1,1,0.013,5138
おばけ,1,1,0.013,5139
小高い,1,1,0.013,5140
鉄筋,1,1,0.013,5141
台所,1,1,0.013,5142
乳児,1,1,0.013,5143
膝掛け,1,1,0.013,5144
プルークボーゲン,1,1,0.013,5145
ロッジ,1,1,0.013,5146
結膜炎,1,1,0.013,5147
垂れる,1,1,0.013,5148
腕まくり,1,1,0.013,5149
掘る,1,1,0.013,5150
起し,1,1,0.013,5151
平板,1,1,0.013,5152
あおぐ,1,1,0.013,5153
梅林,1,1,0.013,5154
花見,1,1,0.013,5155
くじく,1,1,0.013,5156
アルバム,1,1,0.013,5157
泥棒,1,1,0.013,5158
警察,1,1,0.013,5159
ｃm,1,1,0.013,5160
証書,1,1,0.013,5161
授与,1,1,0.013,5162
ＢＣＧ,1,1,0.013,5163
レーザー,1,1,0.013,5164
BCG,1,1,0.013,5165
パーク,1,1,0.013,5166
水遊び,1,1,0.013,5167
焚き火,1,1,0.013,5168
ルウ,1,1,0.013,5169
トロフィー,1,1,0.013,5170
陳列,1,1,0.013,5171
振子,1,1,0.013,5172
くさび,1,1,0.013,5173
磨る,1,1,0.013,5174
前回,1,1,0.013,5175
骨幹,1,1,0.013,5176
デザート,1,1,0.013,5177
はりつく,1,1,0.013,5178
揚油,1,1,0.013,5179
フォーム,1,1,0.013,5180
こびる,1,1,0.013,5181
差し出す,1,1,0.013,5182
待ち伏せる,1,1,0.013,5183
掴み掛る,1,1,0.013,5184
墓地,1,1,0.013,5185
くっつく,1,1,0.013,5186
トラベル,1,1,0.013,5187
錆,1,1,0.013,5188
ナット,1,1,0.013,5189
ガクッ,1,1,0.013,5190
スリー,1,1,0.013,5191
ラウンド,1,1,0.013,5192
緩慢,1,1,0.013,5193
オートバイ,1,1,0.013,5194
ウインドウ,1,1,0.013,5195
左隅,1,1,0.013,5196
非常勤,1,1,0.013,5197
強引,1,1,0.013,5198
パズル,1,1,0.013,5199
プラスチッック,1,1,0.013,5200
ひっくり返す,1,1,0.013,5201
突き進む,1,1,0.013,5202
打ち破る,1,1,0.013,5203
引っ込める,1,1,0.013,5204
さつまいも,1,1,0.013,5205
いも,1,1,0.013,5206
冷凍,1,1,0.013,5207
手作り,1,1,0.013,5208
ポップコーン,1,1,0.013,5209
紅茶,1,1,0.013,5210
紅,1,1,0.013,5211
掘り,1,1,0.013,5212
みそ汁,1,1,0.013,5213
退ける,1,1,0.013,5214
焚く,1,1,0.013,5215
追いつめる,1,1,0.013,5216
山の上,1,1,0.013,5217
すませる,1,1,0.013,5218
ドン,1,1,0.013,5219
ジャンケン,1,1,0.013,5220
植木鉢,1,1,0.013,5221
リットル,1,1,0.013,5222
中ごろ,1,1,0.013,5223
挫減創,1,1,0.013,5224
高学年,1,1,0.013,5225
色付く,1,1,0.013,5226
やって来る,1,1,0.013,5227
雪投げ,1,1,0.013,5228
切れ,1,1,0.013,5229
果物,1,1,0.013,5230
事務所,1,1,0.013,5231
建物,1,1,0.013,5232
追い掛ける,1,1,0.013,5233
㎝）。,1,1,0.013,5234
食道,1,1,0.013,5235
大破,1,1,0.013,5236
自暴自棄,1,1,0.013,5237
ピッチャ,1,1,0.013,5238
ハイパント,1,1,0.013,5239
ＤＦ,1,1,0.013,5240
ひび,1,1,0.013,5241
学研,1,1,0.013,5242
あつい,1,1,0.013,5243
泊まり,1,1,0.013,5244
爪跡,1,1,0.013,5245
つみ,1,1,0.013,5246
造形,1,1,0.013,5247
こわす,1,1,0.013,5248
おこる,1,1,0.013,5249
遅番,1,1,0.013,5250
抱っこ,1,1,0.013,5251
出勤,1,1,0.013,5252
楽しむ,1,1,0.013,5253
マフラー,1,1,0.013,5254
半数,1,1,0.013,5255
地中,1,1,0.013,5256
ぐっさり,1,1,0.013,5257
ほっぺた,1,1,0.013,5258
竹馬,1,1,0.013,5259
駆けだす,1,1,0.013,5260
祖母,1,1,0.013,5261
薄い,1,1,0.013,5262
ひき,1,1,0.013,5263
とける,1,1,0.013,5264
みみず,1,1,0.013,5265
ロープウェー,1,1,0.013,5266
つきとばす,1,1,0.013,5267
ざけっこをしていた,1,1,0.013,5268
風邪,1,1,0.013,5269
懇談,1,1,0.013,5270
まゆ毛,1,1,0.013,5271
スパゲッティ,1,1,0.013,5272
旅館,1,1,0.013,5273
件,1,1,0.013,5274
仰向く,1,1,0.013,5275
コンテナー,1,1,0.013,5276
無傷,1,1,0.013,5277
また上,1,1,0.013,5278
しのぶ,1,1,0.013,5279
マウンテンバイク,1,1,0.013,5280
バックル,1,1,0.013,5281
もたせる,1,1,0.013,5282
情緒,1,1,0.013,5283
スポンジ,1,1,0.013,5284
石鹸,1,1,0.013,5285
熱心,1,1,0.013,5286
クレンザー,1,1,0.013,5287
様,1,1,0.013,5288
バウムクーヘン,1,1,0.013,5289
できあがる,1,1,0.013,5290
℃）,1,1,0.013,5291
写生,1,1,0.013,5292
原っぱ,1,1,0.013,5293
探検,1,1,0.013,5294
もめん,1,1,0.013,5295
タコ,1,1,0.013,5296
擦れる,1,1,0.013,5297
食材,1,1,0.013,5298
むき出し,1,1,0.013,5299
サッカーゴールポスト,1,1,0.013,5300
合場,1,1,0.013,5301
目前,1,1,0.013,5302
ぬかるみ,1,1,0.013,5303
図鑑,1,1,0.013,5304
受け取り,1,1,0.013,5305
手渡す,1,1,0.013,5306
抜き出す,1,1,0.013,5307
やり過ごす,1,1,0.013,5308
床や,1,1,0.013,5309
いたす,1,1,0.013,5310
たいこ,1,1,0.013,5311
上と下,1,1,0.013,5312
落とせる,1,1,0.013,5313
花瓶,1,1,0.013,5314
揺さぶる,1,1,0.013,5315
サンドプラスト,1,1,0.013,5316
カーボン,1,1,0.013,5317
よろけ,1,1,0.013,5318
出っぱる,1,1,0.013,5319
締め金,1,1,0.013,5320
模擬,1,1,0.013,5321
持ち運ぶ,1,1,0.013,5322
シャトルラン,1,1,0.013,5323
ホールド,1,1,0.013,5324
ドラフト,1,1,0.013,5325
排気,1,1,0.013,5326
変色,1,1,0.013,5327
前髪,1,1,0.013,5328
焦げる,1,1,0.013,5329
済み,1,1,0.013,5330
製材,1,1,0.013,5331
受け入れ,1,1,0.013,5332
止る,1,1,0.013,5333
押し込める,1,1,0.013,5334
取らせる,1,1,0.013,5335
引戸,1,1,0.013,5336
そのため,1,1,0.013,5337
暖める,1,1,0.013,5338
温まる,1,1,0.013,5339
グリーン,1,1,0.013,5340
アサガオ,1,1,0.013,5341
届ける,1,1,0.013,5342
月行事,1,1,0.013,5343
とびこむ,1,1,0.013,5344
断面,1,1,0.013,5345
プレイコート,1,1,0.013,5346
振りかざす,1,1,0.013,5347
フリ,1,1,0.013,5348
セロテープ,1,1,0.013,5349
つまむ,1,1,0.013,5350
ガソリン,1,1,0.013,5351
切り上げる,1,1,0.013,5352
オリエンテーション,1,1,0.013,5353
焼きそば,1,1,0.013,5354
ぎや,1,1,0.013,5355
サイクリング,1,1,0.013,5356
目頭,1,1,0.013,5357
予,1,1,0.013,5358
せん,1,1,0.013,5359
追随,1,1,0.013,5360
おもい,1,1,0.013,5361
下敷,1,1,0.013,5362
桶,1,1,0.013,5363
ヒール,1,1,0.013,5364
小太鼓,1,1,0.013,5365
荷掛,1,1,0.013,5366
ブレーキキャリパー,1,1,0.013,5367
抑制,1,1,0.013,5368
曲がりくねる,1,1,0.013,5369
切れ目,1,1,0.013,5370
かたまる,1,1,0.013,5371
歯みがき,1,1,0.013,5372
さます,1,1,0.013,5373
さめる,1,1,0.013,5374
もろ,1,1,0.013,5375
嘴,1,1,0.013,5376
パッド,1,1,0.013,5377
生長,1,1,0.013,5378
かかわり,1,1,0.013,5379
｣,1,1,0.013,5380
調理場,1,1,0.013,5381
カレーライス,1,1,0.013,5382
スタッフ,1,1,0.013,5383
なべ,1,1,0.013,5384
構造,1,1,0.013,5385
削れる,1,1,0.013,5386
スーパー,1,1,0.013,5387
なみ,1,1,0.013,5388
積載,1,1,0.013,5389
帰着,1,1,0.013,5390
粉,1,1,0.013,5391
搾る,1,1,0.013,5392
成型,1,1,0.013,5393
マーチングバンド,1,1,0.013,5394
近回り,1,1,0.013,5395
包む,1,1,0.013,5396
ドライヤー,1,1,0.013,5397
送り込む,1,1,0.013,5398
洗顔,1,1,0.013,5399
排便,1,1,0.013,5400
適温,1,1,0.013,5401
発赤,1,1,0.013,5402
所内,1,1,0.013,5403
お迎え,1,1,0.013,5404
カルタ,1,1,0.013,5405
直線,1,1,0.013,5406
噛みつく,1,1,0.013,5407
ケトル,1,1,0.013,5408
ホウ,1,1,0.013,5409
あたためる,1,1,0.013,5410
微生物,1,1,0.013,5411
採集,1,1,0.013,5412
水質,1,1,0.013,5413
隣席,1,1,0.013,5414
作文,1,1,0.013,5415
絵日記,1,1,0.013,5416
日直,1,1,0.013,5417
給湯,1,1,0.013,5418
三旗,1,1,0.013,5419
掲揚,1,1,0.013,5420
聖堂,1,1,0.013,5421
祈り,1,1,0.013,5422
バンコ,1,1,0.013,5423
ためる,1,1,0.013,5424
ほこり,1,1,0.013,5425
構成,1,1,0.013,5426
日時計,1,1,0.013,5427
車止,1,1,0.013,5428
さっか,1,1,0.013,5429
アルミホイル,1,1,0.013,5430
白熱,1,1,0.013,5431
搬入,1,1,0.013,5432
押し返す,1,1,0.013,5433
青空,1,1,0.013,5434
ボーゲン,1,1,0.013,5435
ゆか,1,1,0.013,5436
円盤投げ,1,1,0.013,5437
中高,1,1,0.013,5438
目盛り,1,1,0.013,5439
鼻翼,1,1,0.013,5440
部内,1,1,0.013,5441
はんこん,1,1,0.013,5442
代表,1,1,0.013,5443
選考,1,1,0.013,5444
海上,1,1,0.013,5445
ブイ,1,1,0.013,5446
引き上げ,1,1,0.013,5447
カーペット,1,1,0.013,5448
赤黒い,1,1,0.013,5449
アルカリ性,1,1,0.013,5450
寝坊,1,1,0.013,5451
疲労,1,1,0.013,5452
無意識,1,1,0.013,5453
逆らう,1,1,0.013,5454
ます,1,1,0.013,5455
乗り遅れる,1,1,0.013,5456
困る,1,1,0.013,5457
去る,1,1,0.013,5458
湯沸かし,1,1,0.013,5459
シャベル,1,1,0.013,5460
おしゃべり,1,1,0.013,5461
つねる,1,1,0.013,5462
完成,1,1,0.013,5463
サラダ,1,1,0.013,5464
ゆでこぼす,1,1,0.013,5465
スパイダーネット,1,1,0.013,5466
染め物,1,1,0.013,5467
カセット,1,1,0.013,5468
タマネギ,1,1,0.013,5469
煮出し,1,1,0.013,5470
染める,1,1,0.013,5471
木綿,1,1,0.013,5472
広がる,1,1,0.013,5473
臨海,1,1,0.013,5474
学舎,1,1,0.013,5475
カラン,1,1,0.013,5476
全面,1,1,0.013,5477
たたかう,1,1,0.013,5478
一本橋,1,1,0.013,5479
散乱,1,1,0.013,5480
点字,1,1,0.013,5481
膨らむ,1,1,0.013,5482
潜水,1,1,0.013,5483
屈腕前,1,1,0.013,5484
突っ張る,1,1,0.013,5485
金木,1,1,0.013,5486
工,1,1,0.013,5487
出歩く,1,1,0.013,5488
ふさわしい,1,1,0.013,5489
発言,1,1,0.013,5490
転校,1,1,0.013,5491
パート,1,1,0.013,5492
ボーイ,1,1,0.013,5493
たたむ,1,1,0.013,5494
防災,1,1,0.013,5495
ライター,1,1,0.013,5496
脱出,1,1,0.013,5497
奪取,1,1,0.013,5498
フロント,1,1,0.013,5499
だらけ,1,1,0.013,5500
穏やか,1,1,0.013,5501
ロウソク,1,1,0.013,5502
籐,1,1,0.013,5503
応接,1,1,0.013,5504
水はけ,1,1,0.013,5505
壊す,1,1,0.013,5506
Ｔシャツ,1,1,0.013,5507
甘える,1,1,0.013,5508
キープ,1,1,0.013,5509
すずらん,1,1,0.013,5510
焦る,1,1,0.013,5511
朝会,1,1,0.013,5512
バカ,1,1,0.013,5513
組み合い,1,1,0.013,5514
架かる,1,1,0.013,5515
目がける,1,1,0.013,5516
反り,1,1,0.013,5517
冒険,1,1,0.013,5518
クラゲ,1,1,0.013,5519
初心者,1,1,0.013,5520
ソリ,1,1,0.013,5521
規制,1,1,0.013,5522
朝練,1,1,0.013,5523
つぎ足す,1,1,0.013,5524
面する,1,1,0.013,5525
ガラス張り,1,1,0.013,5526
トマト,1,1,0.013,5527
シンクロ,1,1,0.013,5528
伴走,1,1,0.013,5529
GK,1,1,0.013,5530
念,1,1,0.013,5531
ウッド,1,1,0.013,5532
軽食,1,1,0.013,5533
エス,1,1,0.013,5534
受渡し,1,1,0.013,5535
綱渡り,1,1,0.013,5536
物入れ,1,1,0.013,5537
高圧,1,1,0.013,5538
名札,1,1,0.013,5539
逃げ出す,1,1,0.013,5540
もめ事,1,1,0.013,5541
伸び,1,1,0.013,5542
通れる,1,1,0.013,5543
版画,1,1,0.013,5544
版木,1,1,0.013,5545
左内側,1,1,0.013,5546
オーバーヘッドキック,1,1,0.013,5547
保温,1,1,0.013,5548
持ち替える,1,1,0.013,5549
電源,1,1,0.013,5550
切り忘れる,1,1,0.013,5551
畝,1,1,0.013,5552
造り,1,1,0.013,5553
耕運機,1,1,0.013,5554
湯冷まし,1,1,0.013,5555
パーツ,1,1,0.013,5556
赤土,1,1,0.013,5557
七夕,1,1,0.013,5558
笹,1,1,0.013,5559
温室,1,1,0.013,5560
通気,1,1,0.013,5561
ケン,1,1,0.013,5562
ふえ,1,1,0.013,5563
ビーチ,1,1,0.013,5564
紙テープ,1,1,0.013,5565
代わる,1,1,0.013,5566
剥き出し,1,1,0.013,5567
腓,1,1,0.013,5568
ひ骨,1,1,0.013,5569
創る,1,1,0.013,5570
醜い,1,1,0.013,5571
ゅうじょうはんこん,1,1,0.013,5572
取り残す,1,1,0.013,5573
掲げる,1,1,0.013,5574
テーマ,1,1,0.013,5575
前月,1,1,0.013,5576
小便,1,1,0.013,5577
装飾,1,1,0.013,5578
全部,1,1,0.013,5579
こん,1,1,0.013,5580
凝視,1,1,0.013,5581
食物,1,1,0.013,5582
余分,1,1,0.013,5583
ボウル,1,1,0.013,5584
縮こまる,1,1,0.013,5585
縮める,1,1,0.013,5586
非常口,1,1,0.013,5587
シンク,1,1,0.013,5588
燃え広がる,1,1,0.013,5589
降り込む,1,1,0.013,5590
心配,1,1,0.013,5591
斜,1,1,0.013,5592
水溶液,1,1,0.013,5593
乳鉢,1,1,0.013,5594
腕前,1,1,0.013,5595
死角,1,1,0.013,5596
つぶる,1,1,0.013,5597
背景,1,1,0.013,5598
号令,1,1,0.013,5599
援助,1,1,0.013,5600
やり投げ,1,1,0.013,5601
動画,1,1,0.013,5602
分る,1,1,0.013,5603
湿度,1,1,0.013,5604
競輪,1,1,0.013,5605
落車,1,1,0.013,5606
巧,1,1,0.013,5607
食器洗い,1,1,0.013,5608
ボウリング,1,1,0.013,5609
みたてる,1,1,0.013,5610
舞,1,1,0.013,5611
突き出る,1,1,0.013,5612
バネ,1,1,0.013,5613
喉頭,1,1,0.013,5614
腔,1,1,0.013,5615
シャ,1,1,0.013,5616
プペンシル,1,1,0.013,5617
強要,1,1,0.013,5618
棒高跳,1,1,0.013,5619
あふれ,1,1,0.013,5620
めぐる,1,1,0.013,5621
プリン,1,1,0.013,5622
すねる,1,1,0.013,5623
発着,1,1,0.013,5624
とげ,1,1,0.013,5625
アスレティック,1,1,0.013,5626
お化け,1,1,0.013,5627
手動,1,1,0.013,5628
切り替わる,1,1,0.013,5629
専用,1,1,0.013,5630
薄める,1,1,0.013,5631
アイアン,1,1,0.013,5632
ベンゼン,1,1,0.013,5633
スコアボード,1,1,0.013,5634
ひっ掻く,1,1,0.013,5635
横すべり,1,1,0.013,5636
頤部挫,1,1,0.013,5637
症候,1,1,0.013,5638
群,1,1,0.013,5639
ハンバーグ,1,1,0.013,5640
手鍋,1,1,0.013,5641
調味,1,1,0.013,5642
料,1,1,0.013,5643
膿,1,1,0.013,5644
難治,1,1,0.013,5645
潰瘍,1,1,0.013,5646
灯油,1,1,0.013,5647
停る,1,1,0.013,5648
通,1,1,0.013,5649
橈骨神,1,1,0.013,5650
経,1,1,0.013,5651
創部,1,1,0.013,5652
建,1,1,0.013,5653
手提げ袋,1,1,0.013,5654
赤信号,1,1,0.013,5655
刺青,1,1,0.013,5656
色素,1,1,0.013,5657
沈着,1,1,0.013,5658
なぐさめる,1,1,0.013,5659
用事,1,1,0.013,5660
同伴,1,1,0.013,5661
蜂,1,1,0.013,5662
窩織炎,1,1,0.013,5663
折り目,1,1,0.013,5664
左利き,1,1,0.013,5665
しつける,1,1,0.013,5666
縫い,1,1,0.013,5667
はねのける,1,1,0.013,5668
雪合戦,1,1,0.013,5669
ビニルテープ,1,1,0.013,5670
たん,1,1,0.013,5671
挫創痕,1,1,0.013,5672
神社,1,1,0.013,5673
コケ,1,1,0.013,5674
過酸化水素,1,1,0.013,5675
てこ,1,1,0.013,5676
原理,1,1,0.013,5677
応用,1,1,0.013,5678
話し声,1,1,0.013,5679
素足,1,1,0.013,5680
平,1,1,0.013,5681
立ち話,1,1,0.013,5682
要員,1,1,0.013,5683
シダ,1,1,0.013,5684
フォア,1,1,0.013,5685
いらいら,1,1,0.013,5686
マグネット,1,1,0.013,5687
亀,1,1,0.013,5688
催し,1,1,0.013,5689
盛り上げる,1,1,0.013,5690
スウィング,1,1,0.013,5691
目掛ける,1,1,0.013,5692
全国,1,1,0.013,5693
張手,1,1,0.013,5694
号泣,1,1,0.013,5695
ふれあう,1,1,0.013,5696
拒む,1,1,0.013,5697
裏山,1,1,0.013,5698
ジュース,1,1,0.013,5699
ソーダ,1,1,0.013,5700
飛行,1,1,0.013,5701
紙袋,1,1,0.013,5702
センタリング,1,1,0.013,5703
物音,1,1,0.013,5704
引ける,1,1,0.013,5705
貸し借り,1,1,0.013,5706
ジャンプスマッシュ,1,1,0.013,5707
覇気,1,1,0.013,5708
叱咤,1,1,0.013,5709
平手,1,1,0.013,5710
風下,1,1,0.013,5711
マリ,1,1,0.013,5712
釣竿,1,1,0.013,5713
クイズ,1,1,0.013,5714
押し付ける,1,1,0.013,5715
ナイロン,1,1,0.013,5716
書き,1,1,0.013,5717
からかい,1,1,0.013,5718
と列,1,1,0.013,5719
いや,1,1,0.013,5720
マスゲーム,1,1,0.013,5721
なぎ倒す,1,1,0.013,5722
樋,1,1,0.013,5723
ツーバウンド,1,1,0.013,5724
平行,1,1,0.013,5725
投打,1,1,0.013,5726
モーション,1,1,0.013,5727
ランダウンプレー,1,1,0.013,5728
テンプル,1,1,0.013,5729
拒否,1,1,0.013,5730
拳骨,1,1,0.013,5731
かがる,1,1,0.013,5732
あだ名,1,1,0.013,5733
執拗,1,1,0.013,5734
言い返す,1,1,0.013,5735
アンダー,1,1,0.013,5736
上端,1,1,0.013,5737
振りかぶる,1,1,0.013,5738
殺陣,1,1,0.013,5739
順序,1,1,0.013,5740
三遊間,1,1,0.013,5741
他方,1,1,0.013,5742
ドライブイン,1,1,0.013,5743
最近,1,1,0.013,5744
興味,1,1,0.013,5745
常,1,1,0.013,5746
しぐさ,1,1,0.013,5747
とりかえる,1,1,0.013,5748
ふきぬける,1,1,0.013,5749
草花,1,1,0.013,5750
マジック,1,1,0.013,5751
Ｕターン,1,1,0.013,5752
つり橋,1,1,0.013,5753
すき,1,1,0.013,5754
ふみ,1,1,0.013,5755
おの,1,1,0.013,5756
チャン,1,1,0.013,5757
まつ,1,1,0.013,5758
二つ,1,1,0.013,5759
ツツジ,1,1,0.013,5760
襟首,1,1,0.013,5761
頂点,1,1,0.013,5762
フットサルボール,1,1,0.013,5763
積雪,1,1,0.013,5764
直球,1,1,0.013,5765
あらそう,1,1,0.013,5766
棒状,1,1,0.013,5767
図,1,1,0.013,5768
違い,1,1,0.013,5769
門前,1,1,0.013,5770
かすみ,1,1,0.013,5771
バナナ,1,1,0.013,5772
石炭,1,1,0.013,5773
ショット,1,1,0.013,5774
受け皿,1,1,0.013,5775
出窓,1,1,0.013,5776
さるすべり,1,1,0.013,5777
冷,1,1,0.013,5778
始まり,1,1,0.013,5779
切り出し,1,1,0.013,5780
イモリ,1,1,0.013,5781
救出,1,1,0.013,5782
寝ころぶ,1,1,0.013,5783
見にくい,1,1,0.013,5784
丸まる,1,1,0.013,5785
受け答え,1,1,0.013,5786
ナイト,1,1,0.013,5787
水路,1,1,0.013,5788
放れる,1,1,0.013,5789
フィルドワーク,1,1,0.013,5790
ドッジビー,1,1,0.013,5791
乱闘,1,1,0.013,5792
流,1,1,0.013,5793
中本,1,1,0.013,5794
後夜,1,1,0.013,5795
窩部,1,1,0.013,5796
グリップエンド,1,1,0.013,5797
投じる,1,1,0.013,5798
掠める,1,1,0.013,5799
セミナー,1,1,0.013,5800
切端,1,1,0.013,5801
広告,1,1,0.013,5802
うれしい,1,1,0.013,5803
ローター,1,1,0.013,5804
気体,1,1,0.013,5805
クエン,1,1,0.013,5806
炭酸,1,1,0.013,5807
水素,1,1,0.013,5808
かき,1,1,0.013,5809
草の根,1,1,0.013,5810
自作,1,1,0.013,5811
射つ,1,1,0.013,5812
西側,1,1,0.013,5813
森,1,1,0.013,5814
あつめる,1,1,0.013,5815
ユーカリ,1,1,0.013,5816
大木,1,1,0.013,5817
指す,1,1,0.013,5818
取り払う,1,1,0.013,5819
振り当てる,1,1,0.013,5820
物差し,1,1,0.013,5821
突破口,1,1,0.013,5822
吊るす,1,1,0.013,5823
螺旋,1,1,0.013,5824
反則,1,1,0.013,5825
胸元,1,1,0.013,5826
席次,1,1,0.013,5827
均す,1,1,0.013,5828
ＯＢ,1,1,0.013,5829
口喧嘩,1,1,0.013,5830
否定,1,1,0.013,5831
出品,1,1,0.013,5832
釘抜き,1,1,0.013,5833
みつかる,1,1,0.013,5834
重大,1,1,0.013,5835
膨張,1,1,0.013,5836
コンパス,1,1,0.013,5837
等しい,1,1,0.013,5838
スリット,1,1,0.013,5839
歩み板,1,1,0.013,5840
ダミー,1,1,0.013,5841
スパーク,1,1,0.013,5842
君,1,1,0.013,5843
期限,1,1,0.013,5844
女,1,1,0.013,5845
昼寝,1,1,0.013,5846
向い,1,1,0.013,5847
立回る,1,1,0.013,5848
生き物,1,1,0.013,5849
ミシン,1,1,0.013,5850
縫製,1,1,0.013,5851
間違う,1,1,0.013,5852
箸箱,1,1,0.013,5853
ヒーロー,1,1,0.013,5854
意志,1,1,0.013,5855
確立,1,1,0.013,5856
不可能,1,1,0.013,5857
ヶ月,1,1,0.013,5858
ぶす,1,1,0.013,5859
洗眼,1,1,0.013,5860
珊,1,1,0.013,5861
場面,1,1,0.013,5862
裏返し,1,1,0.013,5863
経験,1,1,0.013,5864
放送,1,1,0.013,5865
生還,1,1,0.013,5866
遊選手,1,1,0.013,5867
射る,1,1,0.013,5868
セミ,1,1,0.013,5869
イン,1,1,0.013,5870
ニス,1,1,0.013,5871
塗る,1,1,0.013,5872
段階,1,1,0.013,5873
前後ろ,1,1,0.013,5874
黒目,1,1,0.013,5875
アウトドア,1,1,0.013,5876
混戦,1,1,0.013,5877
はね上げる,1,1,0.013,5878
反論,1,1,0.013,5879
何気ない,1,1,0.013,5880
ひと言,1,1,0.013,5881
採り,1,1,0.013,5882
文句,1,1,0.013,5883
小川,1,1,0.013,5884
ふるう,1,1,0.013,5885
シャープ,1,1,0.013,5886
ハード,1,1,0.013,5887
サイコロ,1,1,0.013,5888
フェスティバル,1,1,0.013,5889
FW,1,1,0.013,5890
５つ,1,1,0.013,5891
シャトルラントレーニング,1,1,0.013,5892
サービス,1,1,0.013,5893
リターン,1,1,0.013,5894
郊外,1,1,0.013,5895
かまえる,1,1,0.013,5896
クロスプレイ,1,1,0.013,5897
ドライ,1,1,0.013,5898
エリア,1,1,0.013,5899
館,1,1,0.013,5900
凶器,1,1,0.013,5901
当事者,1,1,0.013,5902
録音,1,1,0.013,5903
同室,1,1,0.013,5904
音声,1,1,0.013,5905
歩み寄る,1,1,0.013,5906
おびる,1,1,0.013,5907
投力,1,1,0.013,5908
奉仕,1,1,0.013,5909
陣取り,1,1,0.013,5910
フォークダンス,1,1,0.013,5911
金づち,1,1,0.013,5912
特設,1,1,0.013,5913
改造,1,1,0.013,5914
いじめ,1,1,0.013,5915
ふりほどく,1,1,0.013,5916
静まる,1,1,0.013,5917
小突く,1,1,0.013,5918
払い除ける,1,1,0.013,5919
突発,1,1,0.013,5920
握りこぶし,1,1,0.013,5921
談話,1,1,0.013,5922
つき刺さる,1,1,0.013,5923
クロスカントリー,1,1,0.013,5924
ランダウン,1,1,0.013,5925
舞い上がる,1,1,0.013,5926
ウェイティングサークル,1,1,0.013,5927
見逃す,1,1,0.013,5928
すくい上げる,1,1,0.013,5929
日程,1,1,0.013,5930
川原,1,1,0.013,5931
接着,1,1,0.013,5932
ヘラ,1,1,0.013,5933
スチレンボード,1,1,0.013,5934
エナメル,1,1,0.013,5935
あい,1,1,0.013,5936
コンピューター,1,1,0.013,5937
爪痕,1,1,0.013,5938
両方,1,1,0.013,5939
交う,1,1,0.013,5940
打てる,1,1,0.013,5941
過熱,1,1,0.013,5942
クリアー,1,1,0.013,5943
)。,1,1,0.013,5944
熊,1,1,0.013,5945
遭遇,1,1,0.013,5946
キャンプファイヤー,1,1,0.013,5947
h,1,1,0.013,5948
詰める,1,1,0.013,5949
遊撃,1,1,0.013,5950
天蓋,1,1,0.013,5951
マイボール,1,1,0.013,5952
天文,1,1,0.013,5953
林業,1,1,0.013,5954
事業,1,1,0.013,5955
パチッ,1,1,0.013,5956
かぶれ,1,1,0.013,5957
ジャンプタッチ,1,1,0.013,5958
裏返る,1,1,0.013,5959
ひろがる,1,1,0.013,5960
投石,1,1,0.013,5961
覚ます,1,1,0.013,5962
ボ,1,1,0.013,5963
ル,1,1,0.013,5964
日曜,1,1,0.013,5965
干す,1,1,0.013,5966
NC,1,1,0.013,5967
狙い打つ,1,1,0.013,5968
早め,1,1,0.013,5969
手打ち,1,1,0.013,5970
向き直る,1,1,0.013,5971
ジャッカル,1,1,0.013,5972
矢筈,1,1,0.013,5973
渓谷,1,1,0.013,5974
岩場,1,1,0.013,5975
ロボコン,1,1,0.013,5976
mm×,1,1,0.013,5977
情報,1,1,0.013,5978
混入,1,1,0.013,5979
脱毛,1,1,0.013,5980
中毒,1,1,0.013,5981
アイシェード,1,1,0.013,5982
ゴーグル,1,1,0.013,5983
引継ぎ,1,1,0.013,5984
ラバー,1,1,0.013,5985
ジュラルミン,1,1,0.013,5986
ちゃんばら,1,1,0.013,5987
やり返す,1,1,0.013,5988
へ,1,1,0.013,5989
万力,1,1,0.013,5990
スルーパス,1,1,0.013,5991
速球,1,1,0.013,5992
強振,1,1,0.013,5993
どうし,1,1,0.013,5994
内壁,1,1,0.013,5995
得点板,1,1,0.013,5996
目印,1,1,0.013,5997
立て直す,1,1,0.013,5998
連携,1,1,0.013,5999
だし,1,1,0.013,6000
サポート,1,1,0.013,6001
ナイター,1,1,0.013,6002
院,1,1,0.013,6003
手入れ,1,1,0.013,6004
消える,1,1,0.013,6005
持ち主,1,1,0.013,6006
やりとり,1,1,0.013,6007
続き,1,1,0.013,6008
手紙,1,1,0.013,6009
配付,1,1,0.013,6010
はずむ,1,1,0.013,6011
口外,1,1,0.013,6012
千枚通し,1,1,0.013,6013
アクセサリー,1,1,0.013,6014
浴場,1,1,0.013,6015
ネクストバッター,1,1,0.013,6016
備蓄,1,1,0.013,6017
過る,1,1,0.013,6018
PK,1,1,0.013,6019
代用,1,1,0.013,6020
集結,1,1,0.013,6021
持て余す,1,1,0.013,6022
パスミス,1,1,0.013,6023
貫く,1,1,0.013,6024
ファウルボーイ,1,1,0.013,6025
秋季,1,1,0.013,6026
スマ,1,1,0.013,6027
ホ,1,1,0.013,6028
さる,1,1,0.013,6029
形跡,1,1,0.013,6030
結わえる,1,1,0.013,6031
追い払う,1,1,0.013,6032
形状,1,1,0.013,6033
中傷,1,1,0.013,6034
散らばる,1,1,0.013,6035
とどまる,1,1,0.013,6036
スコアラー,1,1,0.013,6037
入れ替わる,1,1,0.013,6038
相対,1,1,0.013,6039
皿回し,1,1,0.013,6040
郵便,1,1,0.013,6041
屋,1,1,0.013,6042
たるむ,1,1,0.013,6043
屈む,1,1,0.013,6044
打ち合う,1,1,0.013,6045
張り手,1,1,0.013,6046
込める,1,1,0.013,6047
作,1,1,0.013,6048
協力,1,1,0.013,6049
マイナス,1,1,0.013,6050
エール,1,1,0.013,6051
だるい,1,1,0.013,6052
増強,1,1,0.013,6053
担う,1,1,0.013,6054
松かさ,1,1,0.013,6055
ブッシング,1,1,0.013,6056
モニュメント,1,1,0.013,6057
赤,1,1,0.013,6058
おじぎ,1,1,0.013,6059
仲裁,1,1,0.013,6060
得点,1,1,0.013,6061
むかう,1,1,0.013,6062
シューティング,1,1,0.013,6063
海綿,1,1,0.013,6064
血管腫,1,1,0.013,6065
ジャンピングスマッシュ,1,1,0.013,6066
生物,1,1,0.013,6067
腕時計,1,1,0.013,6068
太陽光,1,1,0.013,6069
目線,1,1,0.013,6070
セロハン,1,1,0.013,6071
ひきずる,1,1,0.013,6072
いたむ,1,1,0.013,6073
穿通創,1,1,0.013,6074
きり,1,1,0.013,6075
はね上がる,1,1,0.013,6076
眼前,1,1,0.013,6077
ディスク,1,1,0.013,6078
視神経,1,1,0.013,6079
痺性散,1,1,0.013,6080
結,1,1,0.013,6081
滅菌,1,1,0.013,6082
括約筋,1,1,0.013,6083
跳ね返す,1,1,0.013,6084
外層,1,1,0.013,6085
らく,1,1,0.013,6086
覚,1,1,0.013,6087
フォワード,1,1,0.013,6088
立ち合う,1,1,0.013,6089
書道,1,1,0.013,6090
胸倉,1,1,0.013,6091
絞る,1,1,0.013,6092
扼型眼,1,1,0.013,6093
窩底骨,1,1,0.013,6094
絵筆,1,1,0.013,6095
吊す,1,1,0.013,6096
斜視,1,1,0.013,6097
剝離術,1,1,0.013,6098
まち針,1,1,0.013,6099
委縮,1,1,0.013,6100
剝離,1,1,0.013,6101
参考,1,1,0.013,6102
同心円,1,1,0.013,6103
圧症,1,1,0.013,6104
勝ち抜き,1,1,0.013,6105
増殖,1,1,0.013,6106
障子,1,1,0.013,6107
成熟,1,1,0.013,6108
滲出,1,1,0.013,6109
浮腫,1,1,0.013,6110
折り紙,1,1,0.013,6111
ちぐはぐ,1,1,0.013,6112
おかし,1,1,0.013,6113
脳血栓,1,1,0.013,6114
工夫,1,1,0.013,6115
食中毒,1,1,0.013,6116
病原,1,1,0.013,6117
大腸,1,1,0.013,6118
溶血,1,1,0.013,6119
尿毒症,1,1,0.013,6120
結びつける,1,1,0.013,6121
誘因,1,1,0.013,6122
唾液,1,1,0.013,6123
溜まる,1,1,0.013,6124
Ｋm,1,1,0.013,6125
乾く,1,1,0.013,6126
蓮田,1,1,0.013,6127
良好,1,1,0.013,6128
自由形,1,1,0.013,6129
前約,1,1,0.013,6130
上がれる,1,1,0.013,6131
本来,1,1,0.013,6132
あぶない,1,1,0.013,6133
出身,1,1,0.013,6134
掛け合う,1,1,0.013,6135
出塁,1,1,0.013,6136
ヒ,1,1,0.013,6137
準決勝,1,1,0.013,6138
ダブルネルソン,1,1,0.013,6139
フォール,1,1,0.013,6140
一命,1,1,0.013,6141
取り留める,1,1,0.013,6142
わかる,1,1,0.013,6143
遣い,1,1,0.013,6144
耐久,1,1,0.013,6145
自滅,1,1,0.013,6146
支部,1,1,0.013,6147
借り出す,1,1,0.013,6148
潜む,1,1,0.013,6149
要領,1,1,0.013,6150
答案,1,1,0.013,6151
用紙,1,1,0.013,6152
自慰,1,1,0.013,6153
口調,1,1,0.013,6154
募る,1,1,0.013,6155
作戦,1,1,0.013,6156
失投,1,1,0.013,6157
余勢,1,1,0.013,6158
せり,1,1,0.013,6159
ジャブ,1,1,0.013,6160
クッション,1,1,0.013,6161
付き添い,1,1,0.013,6162
たんこぶ,1,1,0.013,6163
おむつ,1,1,0.013,6164
トライ,1,1,0.013,6165
グキグキ,1,1,0.013,6166
舌,1,1,0.013,6167
クール,1,1,0.013,6168
ＶＴＲ,1,1,0.013,6169
含軟式,1,1,0.013,6170
スポーツドリンク,1,1,0.013,6171
つくり,1,1,0.013,6172
通せんぼ,1,1,0.013,6173
溶解,1,1,0.013,6174
耐火,1,1,0.013,6175
合成,1,1,0.013,6176
レ,1,1,0.013,6177
引き返す,1,1,0.013,6178
宅,1,1,0.013,6179
人生,1,1,0.013,6180
浮かぶ,1,1,0.013,6181
助ける,1,1,0.013,6182
学期,1,1,0.013,6183
なじめる,1,1,0.013,6184
本番,1,1,0.013,6185
木立,1,1,0.013,6186
屈測定,1,1,0.013,6187
戦中,1,1,0.013,6188
騎,1,1,0.013,6189
シャドーピッチング,1,1,0.013,6190
掛り,1,1,0.013,6191
切り返し,1,1,0.013,6192
控室,1,1,0.013,6193
風圧,1,1,0.013,6194
巣,1,1,0.013,6195
メール,1,1,0.013,6196
浮輪,1,1,0.013,6197
あがれる,1,1,0.013,6198
ひきあげる,1,1,0.013,6199
発する,1,1,0.013,6200
転院,1,1,0.013,6201
通称,1,1,0.013,6202
くさり,1,1,0.013,6203
闘い,1,1,0.013,6204
噂,1,1,0.013,6205
問い質す,1,1,0.013,6206
威圧,1,1,0.013,6207
殴りつける,1,1,0.013,6208
市販,1,1,0.013,6209
服用,1,1,0.013,6210
堂,1,1,0.013,6211
回廊,1,1,0.013,6212
病状,1,1,0.013,6213
急変,1,1,0.013,6214
線審,1,1,0.013,6215
シングルス,1,1,0.013,6216
見本,1,1,0.013,6217
戸口,1,1,0.013,6218
とばっちり,1,1,0.013,6219
制動,1,1,0.013,6220
起きあがれる,1,1,0.013,6221
売る,1,1,0.013,6222
楽しい,1,1,0.013,6223
どろんこ,1,1,0.013,6224
沐浴,1,1,0.013,6225
年少,1,1,0.013,6226
吸引,1,1,0.013,6227
雨漏り,1,1,0.013,6228
団子,1,1,0.013,6229
遊泳,1,1,0.013,6230
点呼,1,1,0.013,6231
監視,1,1,0.013,6232
引き揚げる,1,1,0.013,6233
姉,1,1,0.013,6234
肩胛骨,1,1,0.013,6235
寝違える,1,1,0.013,6236
どる,1,1,0.013,6237
通り魔,1,1,0.013,6238
犯行,1,1,0.013,6239
突き当り,1,1,0.013,6240
救護,1,1,0.013,6241
引き続く,1,1,0.013,6242
膀胱,1,1,0.013,6243
なり,1,1,0.013,6244
傍観,1,1,0.013,6245
夕刻,1,1,0.013,6246
適宜,1,1,0.013,6247
集,1,1,0.013,6248
態勢,1,1,0.013,6249
昇級,1,1,0.013,6250
審査,1,1,0.013,6251
シャドウボクシング,1,1,0.013,6252
レフ,1,1,0.013,6253
リース,1,1,0.013,6254
目眩,1,1,0.013,6255
薄らぐ,1,1,0.013,6256
むせる,1,1,0.013,6257
指揮,1,1,0.013,6258
預ける,1,1,0.013,6259
かすれる,1,1,0.013,6260
つり,1,1,0.013,6261
回避,1,1,0.013,6262
積極,1,1,0.013,6263
入部,1,1,0.013,6264
トランペット,1,1,0.013,6265
月頃,1,1,0.013,6266
ぎこちない,1,1,0.013,6267
ウィリス,1,1,0.013,6268
もやもや,1,1,0.013,6269
病,1,1,0.013,6270
羽交締め,1,1,0.013,6271
終日,1,1,0.013,6272
呼び寄せる,1,1,0.013,6273
部長,1,1,0.013,6274
辞める,1,1,0.013,6275
言い渡す,1,1,0.013,6276
泳法,1,1,0.013,6277
泳ぎ,1,1,0.013,6278
気付,1,1,0.013,6279
依頼,1,1,0.013,6280
受け取れる,1,1,0.013,6281
アイスバーン,1,1,0.013,6282
単独,1,1,0.013,6283
城壁,1,1,0.013,6284
混乱,1,1,0.013,6285
病気,1,1,0.013,6286
泳者,1,1,0.013,6287
縛る,1,1,0.013,6288
対岸,1,1,0.013,6289
失速,1,1,0.013,6290
リハビリテーション,1,1,0.013,6291
難,1,1,0.013,6292
就く,1,1,0.013,6293
アウトサイドステップ,1,1,0.013,6294
横倒し,1,1,0.013,6295
岸壁,1,1,0.013,6296
海中,1,1,0.013,6297
テトラポット,1,1,0.013,6298
アーチェリー,1,1,0.013,6299
国道,1,1,0.013,6300
死亡,1,1,0.013,6301
王様,1,1,0.013,6302
命令,1,1,0.013,6303
枠組み,1,1,0.013,6304
面談,1,1,0.013,6305
個々,1,1,0.013,6306
うつろ,1,1,0.013,6307
まばたく,1,1,0.013,6308
鳴り出す,1,1,0.013,6309
南方,1,1,0.013,6310
北方,1,1,0.013,6311
痺れ,1,1,0.013,6312
辞書,1,1,0.013,6313
閉会,1,1,0.013,6314
願,1,1,0.013,6315
キャプテン,1,1,0.013,6316
横たえる,1,1,0.013,6317
血の気,1,1,0.013,6318
徐,1,1,0.013,6319
突込み,1,1,0.013,6320
頭皮,1,1,0.013,6321
みせる,1,1,0.013,6322
健,1,1,0.013,6323
診る,1,1,0.013,6324
D,1,1,0.013,6325
中等,1,1,0.013,6326
可,1,1,0.013,6327
早,1,1,0.013,6328
毒,1,1,0.013,6329
しめる,1,1,0.013,6330
クーラー,1,1,0.013,6331
対策,1,1,0.013,6332
入念,1,1,0.013,6333
逆手,1,1,0.013,6334
フル,1,1,0.013,6335
バイタルサイン,1,1,0.013,6336
グキッ,1,1,0.013,6337
混じる,1,1,0.013,6338
称す,1,1,0.013,6339
足音,1,1,0.013,6340
垂れ幕,1,1,0.013,6341
みかん,1,1,0.013,6342
重複,1,1,0.013,6343
ペースト,1,1,0.013,6344
先週,1,1,0.013,6345
食べ物,1,1,0.013,6346
叩打法,1,1,0.013,6347
泊り,1,1,0.013,6348
温泉,1,1,0.013,6349
ギブス,1,1,0.013,6350
うすれる,1,1,0.013,6351
無抵抗,1,1,0.013,6352
不眠症,1,1,0.013,6353
交鎖,1,1,0.013,6354
はじき飛ばす,1,1,0.013,6355
ホームステイ,1,1,0.013,6356
宅内,1,1,0.013,6357
ホストファミリー,1,1,0.013,6358
飼い犬,1,1,0.013,6359
浮上,1,1,0.013,6360
圧し,1,1,0.013,6361
ひと休み,1,1,0.013,6362
欠点,1,1,0.013,6363
解消,1,1,0.013,6364
書類,1,1,0.013,6365
受験,1,1,0.013,6366
バンパー,1,1,0.013,6367
ウルトラマン,1,1,0.013,6368
予診,1,1,0.013,6369
アレルギー,1,1,0.013,6370
カウザルギー,1,1,0.013,6371
食い込む,1,1,0.013,6372
でんぶ,1,1,0.013,6373
混雑,1,1,0.013,6374
鎮静,1,1,0.013,6375
起き上がれる,1,1,0.013,6376
着衣,1,1,0.013,6377
降り出す,1,1,0.013,6378
くらう,1,1,0.013,6379
倒込,1,1,0.013,6380
港,1,1,0.013,6381
湖岸,1,1,0.013,6382
天気,1,1,0.013,6383
咳,1,1,0.013,6384
バトンタッチ,1,1,0.013,6385
点滴,1,1,0.013,6386
フリース,1,1,0.013,6387
不振,1,1,0.013,6388
意欲,1,1,0.013,6389
改札,1,1,0.013,6390
解体,1,1,0.013,6391
ベニア,1,1,0.013,6392
頚骨,1,1,0.013,6393
峠,1,1,0.013,6394
戯れる,1,1,0.013,6395
搭載,1,1,0.013,6396
眠り,1,1,0.013,6397
朝方,1,1,0.013,6398
鼻薬,1,1,0.013,6399
ヨーグルト,1,1,0.013,6400
詳しい,1,1,0.013,6401
追い詰める,1,1,0.013,6402
石垣,1,1,0.013,6403
しゃべれる,1,1,0.013,6404
額縁,1,1,0.013,6405
けいこ,1,1,0.013,6406
すかす,1,1,0.013,6407
譜面,1,1,0.013,6408
教科書,1,1,0.013,6409
持ち,1,1,0.013,6410
リュック,1,1,0.013,6411
上し,1,1,0.013,6412
座りこむ,1,1,0.013,6413
腕立て,1,1,0.013,6414
スクワットジャンプ,1,1,0.013,6415
バービー,1,1,0.013,6416
慣らす,1,1,0.013,6417
意,1,1,0.013,6418
反す,1,1,0.013,6419
人権,1,1,0.013,6420
調べ,1,1,0.013,6421
仰ぐ,1,1,0.013,6422
くり,1,1,0.013,6423
述べる,1,1,0.013,6424
心神喪失,1,1,0.013,6425
未満,1,1,0.013,6426
印刷,1,1,0.013,6427
そぐ,1,1,0.013,6428
スパイラル,1,1,0.013,6429
不確か,1,1,0.013,6430
驚かす,1,1,0.013,6431
にらみ合う,1,1,0.013,6432
引き下がる,1,1,0.013,6433
ギプス,1,1,0.013,6434
ＰＴＳＤ,1,1,0.013,6435
コースター,1,1,0.013,6436
アトラクション,1,1,0.013,6437
CRTD,1,1,0.013,6438
建てる,1,1,0.013,6439
肩口,1,1,0.013,6440
ペナルティ,1,1,0.013,6441
時代,1,1,0.013,6442
力尽きる,1,1,0.013,6443
立木,1,1,0.013,6444
腸管,1,1,0.013,6445
Ｏ１５７,1,1,0.013,6446
軟便,1,1,0.013,6447
下痢,1,1,0.013,6448
少量,1,1,0.013,6449
たくさん,1,1,0.013,6450
メジャー,1,1,0.013,6451
思い違い,1,1,0.013,6452
腕力,1,1,0.013,6453
頚動脈,1,1,0.013,6454
痴漢,1,1,0.013,6455
蛇行,1,1,0.013,6456
見受ける,1,1,0.013,6457
催す,1,1,0.013,6458
前頭,1,1,0.013,6459
でんぐり返し,1,1,0.013,6460
とび出る,1,1,0.013,6461
卓,1,1,0.013,6462
降雨,1,1,0.013,6463
だく,1,1,0.013,6464
ょばないです,1,1,0.013,6465
ふてくされる,1,1,0.013,6466
響く,1,1,0.013,6467
言動,1,1,0.013,6468
悪夢,1,1,0.013,6469
起床,1,1,0.013,6470
聴覚,1,1,0.013,6471
過敏,1,1,0.013,6472
多汗症,1,1,0.013,6473
不定,1,1,0.013,6474
愁訴,1,1,0.013,6475
SNS,1,1,0.013,6476
アカウント,1,1,0.013,6477
性的,1,1,0.013,6478
内緒,1,1,0.013,6479
経口,1,1,0.013,6480
家族,1,1,0.013,6481
投与,1,1,0.013,6482
弱まる,1,1,0.013,6483
通り道,1,1,0.013,6484
厳しい,1,1,0.013,6485
着水,1,1,0.013,6486
軽,1,1,0.013,6487
失調,1,1,0.013,6488
右脳,1,1,0.013,6489
起因,1,1,0.013,6490
脱がす,1,1,0.013,6491
手配,1,1,0.013,6492
取り入れる,1,1,0.013,6493
業務,1,1,0.013,6494
パルスオキシメーター,1,1,0.013,6495
数値,1,1,0.013,6496
ホットドッグ,1,1,0.013,6497
パン,1,1,0.013,6498
ウインナー,1,1,0.013,6499
頸椎環,1,1,0.013,6500
TFCC,1,1,0.013,6501
末梢,1,1,0.013,6502
掴み合う,1,1,0.013,6503
領域,1,1,0.013,6504
肉牛,1,1,0.013,6505
押しのける,1,1,0.013,6506
水深,1,1,0.013,6507
取り換える,1,1,0.013,6508
減少,1,1,0.013,6509
むち打つ,1,1,0.013,6510
混合,1,1,0.013,6511
頸椎骨,1,1,0.013,6512
デッド,1,1,0.013,6513
無くす,1,1,0.013,6514
同名,1,1,0.013,6515
顆不全,1,1,0.013,6516
殻,1,1,0.013,6517
Y,1,1,0.013,6518
線維,1,1,0.013,6519
動静,1,1,0.013,6520
奇形,1,1,0.013,6521
下向き,1,1,0.013,6522
肺,1,1,0.013,6523
水腫,1,1,0.013,6524
肘内,1,1,0.013,6525
PTSD,1,1,0.013,6526
実演,1,1,0.013,6527
下垂,1,1,0.013,6528
タンブリング,1,1,0.013,6529
叉,1,1,0.013,6530
前頭葉,1,1,0.013,6531
胃痛,1,1,0.013,6532
離乳食,1,1,0.013,6533
中期,1,1,0.013,6534
刻む,1,1,0.013,6535
上手い,1,1,0.013,6536
兄,1,1,0.013,6537
カイロ,1,1,0.013,6538
高圧線,1,1,0.013,6539
キュービクルフェンス,1,1,0.013,6540
五指,1,1,0.013,6541
オーバーハンド,1,1,0.013,6542
詰め込む,1,1,0.013,6543
完了,1,1,0.013,6544
残部,1,1,0.013,6545
マグロ,1,1,0.013,6546
延縄,1,1,0.013,6547
操業,1,1,0.013,6548
ブラ,1,1,0.013,6549
揚,1,1,0.013,6550
交わす,1,1,0.013,6551
建築,1,1,0.013,6552
企業,1,1,0.013,6553
製品,1,1,0.013,6554
指輪,1,1,0.013,6555
偏る,1,1,0.013,6556
ベビー,1,1,0.013,6557
吹き出す,1,1,0.013,6558
くすり,1,1,0.013,6559
正しい,1,1,0.013,6560
腹いせ,1,1,0.013,6561
仕上る,1,1,0.013,6562
ざす,1,1,0.013,6563
鉄骨,1,1,0.013,6564
シャーニングマシン,1,1,0.013,6565
排,1,1,0.013,6566
充分,1,1,0.013,6567
バスケットゴールネット,1,1,0.013,6568
土留,1,1,0.013,6569
へび,1,1,0.013,6570
年度,1,1,0.013,6571
継手,1,1,0.013,6572
すそ,1,1,0.013,6573
バリ,1,1,0.013,6574
砥石,1,1,0.013,6575
ヒノキ,1,1,0.013,6576
ホバークラフト,1,1,0.013,6577
試運転,1,1,0.013,6578
正規,1,1,0.013,6579
キー,1,1,0.013,6580
好き,1,1,0.013,6581
積み,1,1,0.013,6582
木の間,1,1,0.013,6583
乗用,1,1,0.013,6584
擦り付ける,1,1,0.013,6585
業者,1,1,0.013,6586
押し開く,1,1,0.013,6587
拳銃,1,1,0.013,6588
雷管,1,1,0.013,6589
フルバック,1,1,0.013,6590
バイス,1,1,0.013,6591
落ち込む,1,1,0.013,6592
灯火,1,1,0.013,6593
さわる,1,1,0.013,6594
磯,1,1,0.013,6595
山肌,1,1,0.013,6596
ＢＯＸ,1,1,0.013,6597
ＰＩＰ,1,1,0.013,6598
三脚,1,1,0.013,6599
たたみかける,1,1,0.013,6600
講演,1,1,0.013,6601
車止め,1,1,0.013,6602
高じる,1,1,0.013,6603
汚染,1,1,0.013,6604
下がり,1,1,0.013,6605
オン,1,1,0.013,6606
きた,1,1,0.013,6607
資源,1,1,0.013,6608
積込む,1,1,0.013,6609
パーソナル,1,1,0.013,6610
夜露,1,1,0.013,6611
ピペット,1,1,0.013,6612
取りつける,1,1,0.013,6613
バンドソー,1,1,0.013,6614
二つ割り,1,1,0.013,6615
ヒゴ,1,1,0.013,6616
左きき,1,1,0.013,6617
乗り移る,1,1,0.013,6618
キャッチング,1,1,0.013,6619
差し込む,1,1,0.013,6620
掲載,1,1,0.013,6621
もぐる,1,1,0.013,6622
押,1,1,0.013,6623
潰す,1,1,0.013,6624
板金,1,1,0.013,6625
塗装,1,1,0.013,6626
㎜,1,1,0.013,6627
四隅,1,1,0.013,6628
死ぬ,1,1,0.013,6629
噴水,1,1,0.013,6630
末端,1,1,0.013,6631
逃げだす,1,1,0.013,6632
後手,1,1,0.013,6633
字形,1,1,0.013,6634
肉片,1,1,0.013,6635
クロ,1,1,0.013,6636
スプレー,1,1,0.013,6637
セッティング,1,1,0.013,6638
解除,1,1,0.013,6639
こだわり,1,1,0.013,6640
南京錠,1,1,0.013,6641
もぎ取れる,1,1,0.013,6642
埋まる,1,1,0.013,6643
掘り出す,1,1,0.013,6644
ほじる,1,1,0.013,6645
掘り出せる,1,1,0.013,6646
倍,1,1,0.013,6647
立ち去る,1,1,0.013,6648
弛む,1,1,0.013,6649
進級,1,1,0.013,6650
むき,1,1,0.013,6651
ヘタ,1,1,0.013,6652
助手,1,1,0.013,6653
工程,1,1,0.013,6654
革,1,1,0.013,6655
慎重,1,1,0.013,6656
かけよる,1,1,0.013,6657
ふき取る,1,1,0.013,6658
バターン,1,1,0.013,6659
稲作,1,1,0.013,6660
美術館,1,1,0.013,6661
ころがる,1,1,0.013,6662
パンパン,1,1,0.013,6663
抜け出る,1,1,0.013,6664
たるみ,1,1,0.013,6665
バーベルスクワット,1,1,0.013,6666
吹き飛ぶ,1,1,0.013,6667
バッタ,1,1,0.013,6668
爪先,1,1,0.013,6669
眺める,1,1,0.013,6670
和紙,1,1,0.013,6671
梨園,1,1,0.013,6672
藤蔓,1,1,0.013,6673
刈り込む,1,1,0.013,6674
みの,1,1,0.013,6675
シャーリング,1,1,0.013,6676
取り外す,1,1,0.013,6677
探求,1,1,0.013,6678
ノックマシーン,1,1,0.013,6679
ローターベルト,1,1,0.013,6680
インターアクトクラブ,1,1,0.013,6681
ラジカセ,1,1,0.013,6682
開き戸,1,1,0.013,6683
多用,1,1,0.013,6684
公民館,1,1,0.013,6685
ホブ,1,1,0.013,6686
名称,1,1,0.013,6687
種類,1,1,0.013,6688
ファスナー,1,1,0.013,6689
F,1,1,0.013,6690
寝かしつける,1,1,0.013,6691
分ける,1,1,0.013,6692
柿,1,1,0.013,6693
がわら,1,1,0.013,6694
農機具,1,1,0.013,6695
肉,1,1,0.013,6696
葡萄,1,1,0.013,6697
下草,1,1,0.013,6698
版,1,1,0.013,6699
搬出,1,1,0.013,6700
出展,1,1,0.013,6701
餌,1,1,0.013,6702
要所,1,1,0.013,6703
把握,1,1,0.013,6704
スケッチ,1,1,0.013,6705
秋,1,1,0.013,6706
笠,1,1,0.013,6707
職業,1,1,0.013,6708
食品,1,1,0.013,6709
農産,1,1,0.013,6710
仕込み,1,1,0.013,6711
利き手,1,1,0.013,6712
らせん,1,1,0.013,6713
家具,1,1,0.013,6714
マットレス,1,1,0.013,6715
積み込み,1,1,0.013,6716
足つき,1,1,0.013,6717
プランターケース,1,1,0.013,6718
床上,1,1,0.013,6719
砕く,1,1,0.013,6720
搾乳,1,1,0.013,6721
視聴覚,1,1,0.013,6722
圧,1,1,0.013,6723
マーチングドラム,1,1,0.013,6724
ドラム,1,1,0.013,6725
ジーンズ,1,1,0.013,6726
重なり合う,1,1,0.013,6727
落水,1,1,0.013,6728
船内,1,1,0.013,6729
船具,1,1,0.013,6730
上げ,1,1,0.013,6731
慣性,1,1,0.013,6732
法則,1,1,0.013,6733
タンス,1,1,0.013,6734
サーフィン,1,1,0.013,6735
サーフ,1,1,0.013,6736
フィン,1,1,0.013,6737
直立,1,1,0.013,6738
巻き付く,1,1,0.013,6739
壮行,1,1,0.013,6740
くず,1,1,0.013,6741
創造,1,1,0.013,6742
専攻,1,1,0.013,6743
つがい,1,1,0.013,6744
メカトロニクス,1,1,0.013,6745
機体,1,1,0.013,6746
船舶,1,1,0.013,6747
乗船,1,1,0.013,6748
扱う,1,1,0.013,6749
脱穀,1,1,0.013,6750
尻尾,1,1,0.013,6751
鉄扉,1,1,0.013,6752
切り取る,1,1,0.013,6753
畜産,1,1,0.013,6754
レインコート,1,1,0.013,6755
フード,1,1,0.013,6756
両開き,1,1,0.013,6757
凸,1,1,0.013,6758
指中,1,1,0.013,6759
基部,1,1,0.013,6760
示指基,1,1,0.013,6761
示指不,1,1,0.013,6762
噛み付く,1,1,0.013,6763
しり,1,1,0.013,6764
PIP,1,1,0.013,6765
焼却,1,1,0.013,6766
ごみ捨て,1,1,0.013,6767
足踏み,1,1,0.013,6768
有る,1,1,0.013,6769
唾,1,1,0.013,6770
魚,1,1,0.013,6771
捕獲,1,1,0.013,6772
チームメート,1,1,0.013,6773
輪番,1,1,0.013,6774
コック,1,1,0.013,6775
寒稽古,1,1,0.013,6776
納会,1,1,0.013,6777
おおい,1,1,0.013,6778
離合,1,1,0.013,6779
弟,1,1,0.013,6780
ハーフタイム,1,1,0.013,6781
クロスバー,1,1,0.013,6782
待ち合わせ,1,1,0.013,6783
告げる,1,1,0.013,6784
取り囲む,1,1,0.013,6785
組みあう,1,1,0.013,6786
あばら骨,1,1,0.013,6787
ドーナッツ,1,1,0.013,6788
少林寺拳法,1,1,0.013,6789
昇段,1,1,0.013,6790
きりかえす,1,1,0.013,6791
劣化,1,1,0.013,6792
竹林,1,1,0.013,6793
短期,1,1,0.013,6794
路側,1,1,0.013,6795
フィールドワーク,1,1,0.013,6796
がり,1,1,0.013,6797
生える,1,1,0.013,6798
出し合う,1,1,0.013,6799
LHR,1,1,0.013,6800
とこ,1,1,0.013,6801
退屈,1,1,0.013,6802
フィニッシュ,1,1,0.013,6803
ホームイン,1,1,0.013,6804
ゲームセット,1,1,0.013,6805
たずねる,1,1,0.013,6806
指さす,1,1,0.013,6807
雨上がり,1,1,0.013,6808
付き合う,1,1,0.013,6809
ゴールイン,1,1,0.013,6810
苦渋,1,1,0.013,6811
形相,1,1,0.013,6812
勝ち,1,1,0.013,6813
敗退,1,1,0.013,6814
書店,1,1,0.013,6815
購入,1,1,0.013,6816
売り場,1,1,0.013,6817
横風,1,1,0.013,6818
ラスト,1,1,0.013,6819
復活,1,1,0.013,6820
冷や汗,1,1,0.013,6821
サックス,1,1,0.013,6822
呼名,1,1,0.013,6823
不能,1,1,0.013,6824
気管,1,1,0.013,6825
チューブ,1,1,0.013,6826
ストレッチャー,1,1,0.013,6827
ソーラン,1,1,0.013,6828
町,1,1,0.013,6829
主催,1,1,0.013,6830
区,1,1,0.013,6831
キロメートル,1,1,0.013,6832
消防署,1,1,0.013,6833
速める,1,1,0.013,6834
乗り込む,1,1,0.013,6835
たのしむ,1,1,0.013,6836
血便,1,1,0.013,6837
嘱託,1,1,0.013,6838
スタートライン,1,1,0.013,6839
しなる,1,1,0.013,6840
歴,1,1,0.013,6841
失,1,1,0.013,6842
くい,1,1,0.013,6843
こめる,1,1,0.013,6844
北門,1,1,0.013,6845
テコンドー,1,1,0.013,6846
取り戻す,1,1,0.013,6847
内科,1,1,0.013,6848
虫垂炎,1,1,0.013,6849
麻酔,1,1,0.013,6850
腫れ上がる,1,1,0.013,6851
解ける,1,1,0.013,6852
昏倒,1,1,0.013,6853
大の字,1,1,0.013,6854
吹き返す,1,1,0.013,6855
後輩,1,1,0.013,6856
コーチャー,1,1,0.013,6857
喉元,1,1,0.013,6858
お返し,1,1,0.013,6859
すもう,1,1,0.013,6860
～｣,1,1,0.013,6861
同時,1,1,0.013,6862
リフティング,1,1,0.013,6863
立ちはだかる,1,1,0.013,6864
℃,1,1,0.013,6865
曇る,1,1,0.013,6866
心がける,1,1,0.013,6867
申請,1,1,0.013,6868
CPR,1,1,0.013,6869
調律,1,1,0.013,6870
計る,1,1,0.013,6871
主審,1,1,0.013,6872
炎天下,1,1,0.013,6873
バッテイング,1,1,0.013,6874
各々,1,1,0.013,6875
涼み,1,1,0.013,6876
ＩＣＵ,1,1,0.013,6877
ＩＣ,1,1,0.013,6878
転ばす,1,1,0.013,6879
喋る,1,1,0.013,6880
助け出す,1,1,0.013,6881
小刻み,1,1,0.013,6882
ＩＣＤ,1,1,0.013,6883
ラダートレーニング,1,1,0.013,6884
局部,1,1,0.013,6885
冷水,1,1,0.013,6886
本目,1,1,0.013,6887
バタフライ,1,1,0.013,6888
泳ぎ方,1,1,0.013,6889
ラントレーニング,1,1,0.013,6890
クラッカー,1,1,0.013,6891
卒倒,1,1,0.013,6892
冷汗,1,1,0.013,6893
乱れ,1,1,0.013,6894
徒競走,1,1,0.013,6895
事務,1,1,0.013,6896
通りがかり,1,1,0.013,6897
嚢,1,1,0.013,6898
手中,1,1,0.013,6899
嚢部,1,1,0.013,6900
うめく,1,1,0.013,6901
消防,1,1,0.013,6902
地球,1,1,0.013,6903
混濁,1,1,0.013,6904
じん,1,1,0.013,6905
蔵,1,1,0.013,6906
うめき声,1,1,0.013,6907
うなずく,1,1,0.013,6908
うっ血,1,1,0.013,6909
心不全,1,1,0.013,6910
込,1,1,0.013,6911
塞栓性,1,1,0.013,6912
集配,1,1,0.013,6913
配布,1,1,0.013,6914
ブルガダ,1,1,0.013,6915
ホームラン,1,1,0.013,6916
アルティメットフリスビー,1,1,0.013,6917
反復,1,1,0.013,6918
不整脈,1,1,0.013,6919
臓器,1,1,0.013,6920
脾損傷,1,1,0.013,6921
びをして,1,1,0.013,6922
ふんばる,1,1,0.013,6923
徹夜,1,1,0.013,6924
ガジュマル,1,1,0.013,6925
余,1,1,0.013,6926
グライダー,1,1,0.013,6927
違える,1,1,0.013,6928
同体,1,1,0.013,6929
頸,1,1,0.013,6930
会食,1,1,0.013,6931
利き腕,1,1,0.013,6932
踏み越す,1,1,0.013,6933
高飛び,1,1,0.013,6934
ウマ,1,1,0.013,6935
脅かす,1,1,0.013,6936
謝罪,1,1,0.013,6937
太股,1,1,0.013,6938
土下座,1,1,0.013,6939
後遺,1,1,0.013,6940
傷害,1,1,0.013,6941
負わす,1,1,0.013,6942
捻じる,1,1,0.013,6943
押さえ付ける,1,1,0.013,6944
ふみこす,1,1,0.013,6945
引っ掛る,1,1,0.013,6946
整う,1,1,0.013,6947
景色,1,1,0.013,6948
見つめる,1,1,0.013,6949
事,1,1,0.013,6950
集塵機,1,1,0.013,6951
吸う,1,1,0.013,6952
吸い込む,1,1,0.013,6953
騒ぐ,1,1,0.013,6954
さそう,1,1,0.013,6955
引き合い,1,1,0.013,6956
騎手,1,1,0.013,6957
防戦,1,1,0.013,6958
なだらか,1,1,0.013,6959
順,1,1,0.013,6960
ハイハイ,1,1,0.013,6961
始,1,1,0.013,6962
かくれる,1,1,0.013,6963
不鮮明,1,1,0.013,6964
明確,1,1,0.013,6965
稼働,1,1,0.013,6966
個別,1,1,0.013,6967
仰臥,1,1,0.013,6968
乗り場,1,1,0.013,6969
防音,1,1,0.013,6970
効果,1,1,0.013,6971
眠気,1,1,0.013,6972
悪心,1,1,0.013,6973
陶芸,1,1,0.013,6974
たたら,1,1,0.013,6975
後退,1,1,0.013,6976
踏み石,1,1,0.013,6977
風船,1,1,0.013,6978
引き抜き,1,1,0.013,6979
モンテジア,1,1,0.013,6980
通じる,1,1,0.013,6981
示指末,1,1,0.013,6982
茎,1,1,0.013,6983
示指伸,1,1,0.013,6984
癒合,1,1,0.013,6985
橈骨頚,1,1,0.013,6986
もたれ掛かる,1,1,0.013,6987
レッシュナイハン,1,1,0.013,6988
亢進,1,1,0.013,6989
総て,1,1,0.013,6990
たもと,1,1,0.013,6991
落雷,1,1,0.013,6992
払巻込,1,1,0.013,6993
ねじれ,1,1,0.013,6994
煽る,1,1,0.013,6995
補講,1,1,0.013,6996
県道,1,1,0.013,6997
ｔ,1,1,0.013,6998
屈運動,1,1,0.013,6999
急行,1,1,0.013,7000
大根,1,1,0.013,7001
翌年,1,1,0.013,7002
シップ,1,1,0.013,7003
段数,1,1,0.013,7004
追っかける,1,1,0.013,7005
くつ,1,1,0.013,7006
時折,1,1,0.013,7007
造,1,1,0.013,7008
梢,1,1,0.013,7009
ざけっこをしていたとき,1,1,0.013,7010
つよい,1,1,0.013,7011
彎,1,1,0.013,7012
セラピー,1,1,0.013,7013
弛める,1,1,0.013,7014
屈,1,1,0.013,7015
ゆるめる,1,1,0.013,7016
うつ伏す,1,1,0.013,7017
手づかみ,1,1,0.013,7018
ブラスバンド,1,1,0.013,7019
差し,1,1,0.013,7020
こらえる,1,1,0.013,7021
ポキッ,1,1,0.013,7022
かかりつけ,1,1,0.013,7023
瞬時,1,1,0.013,7024
膝元,1,1,0.013,7025
寮生,1,1,0.013,7026
しわ,1,1,0.013,7027
語,1,1,0.013,7028
不快,1,1,0.013,7029
ハネ,1,1,0.013,7030
階下,1,1,0.013,7031
顆部粉,1,1,0.013,7032
砕骨折,1,1,0.013,7033
方法,1,1,0.013,7034
アナウンス,1,1,0.013,7035
ひかれる,1,1,0.013,7036
趾及,1,1,0.013,7037
び,1,1,0.013,7038
カニ,1,1,0.013,7039
捻り,1,1,0.013,7040
ECMO,1,1,0.013,7041
導入,1,1,0.013,7042
移乗,1,1,0.013,7043
後天,1,1,0.013,7044
不等,1,1,0.013,7045
果,1,1,0.013,7046
かがめる,1,1,0.013,7047
埋める,1,1,0.013,7048
壊疽,1,1,0.013,7049
動脈血,1,1,0.013,7050
摘む,1,1,0.013,7051
頸部骨,1,1,0.013,7052
ラストスパート,1,1,0.013,7053
距骨骨,1,1,0.013,7054
距骨下,1,1,0.013,7055
立ち姿,1,1,0.013,7056
顆上部,1,1,0.013,7057
犬走,1,1,0.013,7058
誘う,1,1,0.013,7059
しびれる,1,1,0.013,7060
ポンポン,1,1,0.013,7061
網戸,1,1,0.013,7062
地下,1,1,0.013,7063
市道,1,1,0.013,7064
雪山,1,1,0.013,7065
友,1,1,0.013,7066
整理,1,1,0.013,7067
明瞭,1,1,0.013,7068
段位,1,1,0.013,7069
真っ直ぐ,1,1,0.013,7070
並進,1,1,0.013,7071
およぐ,1,1,0.013,7072
ダンブリング,1,1,0.013,7073
引き連れる,1,1,0.013,7074
動かせる,1,1,0.013,7075
クライングロープ,1,1,0.013,7076
下降,1,1,0.013,7077
ウォール,1,1,0.013,7078
のめる,1,1,0.013,7079
極端,1,1,0.013,7080
市内,1,1,0.013,7081
柔,1,1,0.013,7082
能力,1,1,0.013,7083
挑戦,1,1,0.013,7084
予備,1,1,0.013,7085
高低,1,1,0.013,7086
煙,1,1,0.013,7087
タブレット,1,1,0.013,7088
脊椎,1,1,0.013,7089
地獄,1,1,0.013,7090
分離,1,1,0.013,7091
新雪,1,1,0.013,7092
棘,1,1,0.013,7093
