項目数,項目集合,事例数,支持度,支持度（％）
1,和暦=平成,1313,0.8294377763739734,82.9438
1,性別=男,1191,0.7523689197725837,75.2369
1,被災学校種=高,886,0.5596967782691092,55.9697
1,場合別1=課外指導,687,0.4339861023373342,43.3986
1,場合別2=体育的部活動,674,0.4257738471257107,42.5774
1,発生場所1=学校内・校舎外（園内・園舎外）,602,0.3802905874921036,38.0291
1,発生場所2=運動場・校庭（園庭）,567,0.3581806696146557,35.8181
1,被災学年=2,548,0.3461781427668983,34.6178
1,発生場所1=学校外（園外）,497,0.3139608338597599,31.3961
1,発生場所1=学校内・校舎内（園内・園舎内）,484,0.3057485786481364,30.5749
1,被災学年=1,466,0.2943777637397347,29.4378
1,被災学年=3,403,0.2545799115603285,25.458
1,性別=女,392,0.2476310802274163,24.7631
1,被災学校種=中,386,0.24384080859128238,24.3841
1,競技種目=野球（含軟式）,352,0.22236260265319013,22.2363
1,発生場所2=道路,273,0.1724573594440935,17.2457
1,和暦=令和,270,0.17056222362602652,17.0562
1,場合別1=通学中,262,0.1655085281111813,16.5509
1,場合別1=休憩時間,250,0.15792798483891346,15.7928
1,被災学校種=小,245,0.15476942514213518,15.4769
1,発生場所2=体育館・屋内運動場,245,0.15476942514213518,15.4769
1,場合別1=各教科等,233,0.14718888186986734,14.7189
1,通学方法=自転車,218,0.13771320277953253,13.7713
1,場合別2=体育（保健体育）,192,0.12128869235628553,12.1289
1,場合別2=下校（降園）中,135,0.08528111181301326,8.5281
1,給付年度=19,127,0.08022741629816804,8.0227
1,発生場所2=学校外運動場・競技場,119,0.07517372078332281,7.5174
1,場合別2=登校（登園）中,117,0.0739102969046115,7.391
1,給付年度=18,115,0.07264687302590019,7.2647
1,競技種目=バスケットボール,112,0.07075173720783323,7.0752
1,給付年度=20,107,0.06759317751105495,6.7593
1,給付年度=17,106,0.06696146557169931,6.6961
1,給付年度=22,105,0.06632975363234365,6.633
1,給付年度=21,102,0.06443461781427669,6.4435
1,発生場所2=廊下,96,0.060644346178142766,6.0644
1,場合別2=休憩時間中,94,0.05938092229943146,5.9381
1,給付年度=23,93,0.058749210360075806,5.8749
1,給付年度=27,93,0.058749210360075806,5.8749
1,給付年度=26,89,0.05622236260265319,5.6222
1,発生場所2=教室（保育室）,81,0.051168667087807956,5.1169
1,給付年度=24,80,0.05053695514845231,5.0537
1,給付年度=28,80,0.05053695514845231,5.0537
1,場合別1=学校行事,79,0.04990524320909665,4.9905
1,競技種目=サッカー・フットサル,77,0.04864181933038535,4.8642
1,場合別2=昼食時休憩時間中,76,0.04801010739102969,4.801
1,給付年度=29,76,0.04801010739102969,4.801
1,競技種目=ソフトボール,75,0.047378395451674035,4.7378
1,給付年度=25,72,0.045483259633607075,4.5483
1,給付年度=2,72,0.045483259633607075,4.5483
1,給付年度=30,68,0.04295641187618446,4.2956
1,場合別1=特別活動（除学校行事）,64,0.04042956411876184,4.043
1,給付年度=1,63,0.03979785217940619,3.9798
1,発生場所2=その他,59,0.037271004421983576,3.7271
1,被災学年=5,58,0.03663929248262792,3.6639
1,場合別2=授業終了後の特定時間中,56,0.035375868603916616,3.5376
1,被災学年=6,54,0.034112444725205304,3.4112
1,被災学年=4,54,0.034112444725205304,3.4112
1,給付年度=4,50,0.03158559696778269,3.1586
1,通学方法=徒歩,43,0.027163613392293114,2.7164
1,競技種目=バレーボール,43,0.027163613392293114,2.7164
1,給付年度=3,43,0.027163613392293114,2.7164
1,給付年度=5,42,0.026531901452937462,2.6532
1,発生場所2=学校外体育館,40,0.025268477574226154,2.5268
1,被災学校種=特高,31,0.01958307012002527,1.9583
1,場合別2=日常の清掃,26,0.016424510423247,1.6425
1,競技種目=その他,26,0.016424510423247,1.6425
1,発生場所2=階段,25,0.015792798483891344,1.5793
1,場合別2=始業前の特定時間中,24,0.015161086544535692,1.5161
1,競技種目=ホッケー,20,0.012634238787113077,1.2634
1,場合別2=その他の教科,20,0.012634238787113077,1.2634
1,場合別2=運動会・体育祭,20,0.012634238787113077,1.2634
1,競技種目=テニス（含ソフトテニス）,18,0.011370814908401769,1.1371
1,発生場所2=山林野（含スキー場）,17,0.010739102969046115,1.0739
1,発生場所2=プール,16,0.01010739102969046,1.0107
2,和暦=平成 | 性別=男,984,0.6216045483259633,62.1605
2,和暦=平成 | 被災学校種=高,728,0.459886291850916,45.9886
2,性別=男 | 被災学校種=高,719,0.4542008843967151,45.4201
2,場合別1=課外指導 | 場合別2=体育的部活動,674,0.4257738471257107,42.5774
2,場合別1=課外指導 | 性別=男,585,0.36955148452305747,36.9551
2,場合別2=体育的部活動 | 性別=男,576,0.3638660770688566,36.3866
2,和暦=平成 | 場合別1=課外指導,571,0.36070751737207835,36.0708
2,発生場所1=学校内・校舎外（園内・園舎外） | 発生場所2=運動場・校庭（園庭）,566,0.35754895767530004,35.7549
2,和暦=平成 | 場合別2=体育的部活動,561,0.3543903979785218,35.439
2,場合別1=課外指導 | 被災学校種=高,541,0.3417561591914087,34.1756
2,場合別2=体育的部活動 | 被災学校種=高,535,0.3379658875552748,33.7966
2,性別=男 | 発生場所1=学校内・校舎外（園内・園舎外）,499,0.31522425773847124,31.5224
2,和暦=平成 | 発生場所1=学校内・校舎外（園内・園舎外）,496,0.3133291219204043,31.3329
2,性別=男 | 発生場所2=運動場・校庭（園庭）,474,0.2994314592545799,29.9431
2,和暦=平成 | 発生場所2=運動場・校庭（園庭）,468,0.295641187618446,29.5641
2,和暦=平成 | 被災学年=2,456,0.2880606443461781,28.8061
2,性別=男 | 被災学年=2,430,0.2716361339229311,27.1636
2,和暦=平成 | 発生場所1=学校外（園外）,414,0.2615287428932407,26.1529
2,和暦=平成 | 発生場所1=学校内・校舎内（園内・園舎内）,403,0.2545799115603285,25.458
2,発生場所1=学校内・校舎外（園内・園舎外） | 被災学校種=高,375,0.2368919772583702,23.6892
2,和暦=平成 | 被災学年=1,373,0.23562855337965888,23.5629
2,場合別1=課外指導 | 発生場所1=学校内・校舎外（園内・園舎外）,367,0.23183828174352494,23.1838
2,性別=男 | 被災学年=1,366,0.2312065698041693,23.1207
2,場合別2=体育的部活動 | 発生場所1=学校内・校舎外（園内・園舎外）,364,0.229943145925458,22.9943
2,発生場所2=運動場・校庭（園庭） | 被災学校種=高,361,0.22804801010739104,22.8048
2,性別=男 | 発生場所1=学校外（園外）,360,0.22741629816803538,22.7416
2,場合別1=課外指導 | 発生場所2=運動場・校庭（園庭）,354,0.22362602653190145,22.3626
2,場合別2=体育的部活動 | 発生場所2=運動場・校庭（園庭）,354,0.22362602653190145,22.3626
2,被災学年=2 | 被災学校種=高,349,0.2204674668351232,22.0467
2,場合別1=課外指導 | 競技種目=野球（含軟式）,348,0.21983575489576754,21.9836
2,場合別2=体育的部活動 | 競技種目=野球（含軟式）,348,0.21983575489576754,21.9836
2,性別=男 | 競技種目=野球（含軟式）,347,0.21920404295641188,21.9204
2,和暦=平成 | 被災学年=3,337,0.21288692356285535,21.2887
2,性別=男 | 発生場所1=学校内・校舎内（園内・園舎内）,332,0.20972836386607707,20.9728
2,発生場所1=学校外（園外） | 被災学校種=高,332,0.20972836386607707,20.9728
2,和暦=平成 | 性別=女,329,0.2078332280480101,20.7833
2,被災学年=1 | 被災学校種=高,320,0.20214782059380923,20.2148
2,和暦=平成 | 被災学校種=中,314,0.1983575489576753,19.8358
2,競技種目=野球（含軟式） | 被災学校種=高,305,0.19267214150347442,19.2672
2,場合別1=課外指導 | 被災学年=2,304,0.19204042956411876,19.204
2,場合別2=体育的部活動 | 被災学年=2,297,0.18761844598862917,18.7618
2,性別=男 | 被災学年=3,293,0.18509159823120658,18.5092
2,和暦=平成 | 競技種目=野球（含軟式）,289,0.18256475047378395,18.2565
2,性別=男 | 被災学校種=中,278,0.17561591914087177,17.5616
2,発生場所1=学校外（園外） | 発生場所2=道路,273,0.1724573594440935,17.2457
2,発生場所1=学校内・校舎外（園内・園舎外） | 競技種目=野球（含軟式）,263,0.16614024005053696,16.614
2,場合別1=通学中 | 発生場所1=学校外（園外）,262,0.1655085281111813,16.5509
2,発生場所2=運動場・校庭（園庭） | 競技種目=野球（含軟式）,262,0.1655085281111813,16.5509
2,場合別1=通学中 | 発生場所2=道路,254,0.16045483259633608,16.0455
2,場合別1=課外指導 | 被災学年=1,246,0.15540113708149084,15.5401
2,発生場所1=学校内・校舎内（園内・園舎内） | 発生場所2=体育館・屋内運動場,245,0.15476942514213518,15.4769
2,場合別2=体育的部活動 | 被災学年=1,243,0.15350600126342387,15.3506
2,和暦=平成 | 発生場所2=道路,223,0.1408717624763108,14.0872
2,場合別1=通学中 | 通学方法=自転車,218,0.13771320277953253,13.7713
2,発生場所1=学校外（園外） | 通学方法=自転車,218,0.13771320277953253,13.7713
2,発生場所2=道路 | 通学方法=自転車,217,0.13708149084017687,13.7081
2,和暦=平成 | 被災学校種=小,216,0.13644977890082122,13.645
2,被災学年=3 | 被災学校種=高,215,0.13581806696146556,13.5818
2,和暦=平成 | 場合別1=通学中,213,0.13455464308275428,13.4555
2,和暦=平成 | 場合別1=休憩時間,208,0.131396083385976,13.1396
2,和暦=令和 | 性別=男,207,0.13076437144662034,13.0764
2,発生場所1=学校内・校舎外（園内・園舎外） | 被災学年=2,205,0.12950094756790903,12.9501
2,和暦=平成 | 発生場所2=体育館・屋内運動場,201,0.1269740998104864,12.6974
2,発生場所2=運動場・校庭（園庭） | 被災学年=2,193,0.12192040429564119,12.192
2,場合別1=各教科等 | 場合別2=体育（保健体育）,192,0.12128869235628553,12.1289
2,和暦=平成 | 場合別1=各教科等,190,0.12002526847757422,12.0025
2,発生場所1=学校内・校舎外（園内・園舎外） | 被災学年=1,188,0.11876184459886292,11.8762
2,発生場所2=運動場・校庭（園庭） | 被災学年=1,184,0.1162349968414403,11.6235
2,発生場所1=学校外（園外） | 被災学年=2,181,0.11433986102337335,11.434
2,場合別1=課外指導 | 発生場所1=学校外（園外）,179,0.11307643714466203,11.3076
2,発生場所1=学校内・校舎内（園内・園舎内） | 被災学校種=高,179,0.11307643714466203,11.3076
2,発生場所1=学校外（園外） | 被災学年=1,175,0.11054958938723942,11.055
2,場合別1=休憩時間 | 性別=男,174,0.10991787744788377,10.9918
2,場合別2=体育的部活動 | 発生場所1=学校外（園外）,174,0.10991787744788377,10.9918
2,和暦=平成 | 通学方法=自転車,173,0.10928616550852811,10.9286
2,性別=男 | 発生場所2=道路,173,0.10928616550852811,10.9286
2,性別=男 | 発生場所2=体育館・屋内運動場,172,0.10865445356917246,10.8654
2,発生場所2=道路 | 被災学校種=高,169,0.10675931775110549,10.6759
2,性別=女 | 被災学校種=高,167,0.10549589387239419,10.5496
2,場合別1=通学中 | 被災学校種=高,166,0.10486418193303854,10.4864
2,場合別1=通学中 | 性別=男,165,0.10423246999368288,10.4232
2,発生場所1=学校内・校舎内（園内・園舎内） | 被災学校種=中,163,0.10296904611497157,10.2969
2,場合別1=各教科等 | 性別=男,162,0.10233733417561591,10.2337
2,発生場所1=学校内・校舎内（園内・園舎内） | 被災学年=2,162,0.10233733417561591,10.2337
2,場合別1=休憩時間 | 発生場所1=学校内・校舎内（園内・園舎内）,161,0.10170562223626027,10.1706
2,被災学校種=高 | 通学方法=自転車,160,0.10107391029690461,10.1074
2,和暦=令和 | 被災学校種=高,158,0.0998104864181933,9.981
2,和暦=平成 | 場合別2=体育（保健体育）,153,0.09665192672141504,9.6652
2,性別=男 | 被災学校種=小,152,0.09602021478205938,9.602
2,性別=女 | 発生場所1=学校内・校舎内（園内・園舎内）,152,0.09602021478205938,9.602
2,競技種目=野球（含軟式） | 被災学年=2,152,0.09602021478205938,9.602
2,発生場所1=学校内・校舎外（園内・園舎外） | 被災学年=3,146,0.09222994314592546,9.223
2,被災学年=2 | 被災学校種=中,146,0.09222994314592546,9.223
2,発生場所2=体育館・屋内運動場 | 被災学校種=高,143,0.0903348073278585,9.0335
2,発生場所1=学校内・校舎内（園内・園舎内） | 被災学年=3,142,0.08970309538850284,8.9703
2,場合別1=課外指導 | 発生場所1=学校内・校舎内（園内・園舎内）,141,0.0890713834491472,8.9071
2,場合別2=体育（保健体育） | 性別=男,140,0.08843967150979154,8.844
2,性別=女 | 発生場所1=学校外（園外）,137,0.08654453569172457,8.6545
2,性別=男 | 通学方法=自転車,137,0.08654453569172457,8.6545
2,場合別2=体育的部活動 | 発生場所1=学校内・校舎内（園内・園舎内）,136,0.08591282375236892,8.5913
2,競技種目=野球（含軟式） | 被災学年=1,136,0.08591282375236892,8.5913
2,場合別1=通学中 | 場合別2=下校（降園）中,135,0.08528111181301326,8.5281
2,場合別2=下校（降園）中 | 発生場所1=学校外（園外）,135,0.08528111181301326,8.5281
2,発生場所2=運動場・校庭（園庭） | 被災学年=3,134,0.08464939987365762,8.4649
2,場合別1=課外指導 | 被災学校種=中,134,0.08464939987365762,8.4649
2,場合別2=下校（降園）中 | 発生場所2=道路,132,0.08338597599494631,8.3386
2,場合別1=課外指導 | 被災学年=3,131,0.08275426405559065,8.2754
2,場合別2=体育的部活動 | 被災学校種=中,129,0.08149084017687934,8.1491
2,場合別2=体育的部活動 | 被災学年=3,129,0.08149084017687934,8.1491
2,和暦=平成 | 給付年度=19,127,0.08022741629816804,8.0227
2,発生場所1=学校内・校舎外（園内・園舎外） | 被災学校種=中,126,0.07959570435881239,7.9596
2,被災学年=3 | 被災学校種=中,126,0.07959570435881239,7.9596
2,場合別1=課外指導 | 発生場所2=体育館・屋内運動場,120,0.07580543272267846,7.5805
2,場合別2=体育的部活動 | 発生場所2=体育館・屋内運動場,119,0.07517372078332281,7.5174
2,発生場所1=学校外（園外） | 発生場所2=学校外運動場・競技場,119,0.07517372078332281,7.5174
2,性別=女 | 被災学年=2,118,0.07454200884396715,7.4542
2,場合別1=通学中 | 場合別2=登校（登園）中,117,0.0739102969046115,7.391
2,場合別2=登校（登園）中 | 発生場所1=学校外（園外）,117,0.0739102969046115,7.391
2,場合別1=課外指導 | 発生場所2=学校外運動場・競技場,116,0.07327858496525584,7.3279
2,場合別2=体育的部活動 | 発生場所2=学校外運動場・競技場,116,0.07327858496525584,7.3279
2,和暦=令和 | 場合別1=課外指導,116,0.07327858496525584,7.3279
2,和暦=平成 | 場合別2=下校（降園）中,115,0.07264687302590019,7.2647
2,発生場所1=学校外（園外） | 被災学年=3,115,0.07264687302590019,7.2647
2,発生場所2=運動場・校庭（園庭） | 被災学校種=中,115,0.07264687302590019,7.2647
2,和暦=平成 | 給付年度=18,115,0.07264687302590019,7.2647
2,被災学年=1 | 被災学校種=中,114,0.07201516108654453,7.2015
2,場合別2=登校（登園）中 | 発生場所2=道路,113,0.07138344914718889,7.1383
2,和暦=令和 | 場合別2=体育的部活動,113,0.07138344914718889,7.1383
2,場合別1=各教科等 | 発生場所1=学校内・校舎内（園内・園舎内）,111,0.07012002526847758,7.012
2,発生場所1=学校内・校舎内（園内・園舎内） | 被災学校種=小,111,0.07012002526847758,7.012
2,性別=男 | 発生場所2=学校外運動場・競技場,111,0.07012002526847758,7.012
2,場合別1=休憩時間 | 被災学校種=小,110,0.06948831332912192,6.9488
2,性別=女 | 被災学年=3,110,0.06948831332912192,6.9488
2,性別=女 | 被災学校種=中,108,0.06822488945041061,6.8225
2,発生場所2=学校外運動場・競技場 | 被災学校種=高,107,0.06759317751105495,6.7593
2,和暦=平成 | 給付年度=20,107,0.06759317751105495,6.7593
2,和暦=平成 | 給付年度=17,106,0.06696146557169931,6.6961
2,場合別2=登校（登園）中 | 通学方法=自転車,106,0.06696146557169931,6.6961
2,和暦=令和 | 発生場所1=学校内・校舎外（園内・園舎外）,106,0.06696146557169931,6.6961
2,場合別1=各教科等 | 発生場所1=学校内・校舎外（園内・園舎外）,105,0.06632975363234365,6.633
2,和暦=平成 | 給付年度=22,105,0.06632975363234365,6.633
2,発生場所2=道路 | 被災学年=1,104,0.065698041692988,6.5698
2,性別=女 | 発生場所1=学校内・校舎外（園内・園舎外）,103,0.06506632975363234,6.5066
2,発生場所1=学校内・校舎内（園内・園舎内） | 被災学年=1,103,0.06506632975363234,6.5066
2,場合別1=各教科等 | 被災学校種=高,103,0.06506632975363234,6.5066
2,場合別2=下校（降園）中 | 通学方法=自転車,103,0.06506632975363234,6.5066
2,場合別1=課外指導 | 性別=女,102,0.06443461781427669,6.4435
2,和暦=平成 | 給付年度=21,102,0.06443461781427669,6.4435
2,和暦=平成 | 発生場所2=学校外運動場・競技場,101,0.06380290587492103,6.3803
2,性別=女 | 発生場所2=道路,100,0.06317119393556538,6.3171
2,性別=女 | 被災学年=1,100,0.06317119393556538,6.3171
2,場合別1=通学中 | 被災学年=1,100,0.06317119393556538,6.3171
2,和暦=平成 | 競技種目=バスケットボール,99,0.06253948199620973,6.2539
2,和暦=令和 | 発生場所2=運動場・校庭（園庭）,99,0.06253948199620973,6.2539
2,場合別2=体育的部活動 | 性別=女,98,0.06190777005685408,6.1908
2,場合別1=通学中 | 性別=女,97,0.06127605811749842,6.1276
2,発生場所1=学校外（園外） | 被災学校種=中,97,0.06127605811749842,6.1276
2,場合別2=体育（保健体育） | 発生場所1=学校内・校舎外（園内・園舎外）,96,0.060644346178142766,6.0644
2,発生場所1=学校内・校舎内（園内・園舎内） | 発生場所2=廊下,96,0.060644346178142766,6.0644
2,性別=男 | 給付年度=19,96,0.060644346178142766,6.0644
2,場合別1=各教科等 | 発生場所2=運動場・校庭（園庭）,95,0.06001263423878711,6.0013
2,被災学年=1 | 通学方法=自転車,95,0.06001263423878711,6.0013
2,場合別1=休憩時間 | 場合別2=休憩時間中,94,0.05938092229943146,5.9381
2,場合別1=各教科等 | 被災学年=3,94,0.05938092229943146,5.9381
2,場合別2=体育（保健体育） | 被災学校種=高,94,0.05938092229943146,5.9381
2,性別=女 | 発生場所2=運動場・校庭（園庭）,93,0.058749210360075806,5.8749
2,性別=女 | 被災学校種=小,93,0.058749210360075806,5.8749
2,和暦=平成 | 給付年度=23,93,0.058749210360075806,5.8749
2,和暦=平成 | 給付年度=27,93,0.058749210360075806,5.8749
2,和暦=令和 | 被災学年=1,93,0.058749210360075806,5.8749
2,和暦=令和 | 被災学年=2,92,0.05811749842072015,5.8117
2,場合別2=下校（降園）中 | 性別=男,91,0.0574857864813645,5.7486
2,発生場所2=体育館・屋内運動場 | 被災学年=2,90,0.056854074542008845,5.6854
2,場合別1=各教科等 | 発生場所2=体育館・屋内運動場,89,0.05622236260265319,5.6222
2,和暦=平成 | 場合別2=登校（登園）中,89,0.05622236260265319,5.6222
2,場合別2=体育（保健体育） | 発生場所2=運動場・校庭（園庭）,89,0.05622236260265319,5.6222
2,和暦=平成 | 給付年度=26,89,0.05622236260265319,5.6222
2,場合別2=体育（保健体育） | 発生場所1=学校内・校舎内（園内・園舎内）,88,0.05559065066329753,5.5591
2,場合別1=休憩時間 | 発生場所1=学校内・校舎外（園内・園舎外）,88,0.05559065066329753,5.5591
2,場合別1=課外指導 | 競技種目=バスケットボール,87,0.054958938723941884,5.4959
2,場合別2=体育的部活動 | 競技種目=バスケットボール,87,0.054958938723941884,5.4959
2,性別=男 | 競技種目=バスケットボール,87,0.054958938723941884,5.4959
2,場合別1=休憩時間 | 被災学校種=中,87,0.054958938723941884,5.4959
2,場合別2=体育（保健体育） | 発生場所2=体育館・屋内運動場,86,0.05432722678458623,5.4327
2,発生場所1=学校内・校舎外（園内・園舎外） | 被災学校種=小,85,0.05369551484523057,5.3696
2,発生場所2=道路 | 被災学年=2,85,0.05369551484523057,5.3696
2,発生場所1=学校内・校舎内（園内・園舎内） | 競技種目=バスケットボール,84,0.053063802905874924,5.3064
2,場合別1=通学中 | 被災学年=2,83,0.05243209096651927,5.2432
2,和暦=令和 | 発生場所1=学校外（園外）,83,0.05243209096651927,5.2432
2,性別=男 | 給付年度=17,82,0.05180037902716361,5.18
2,場合別1=休憩時間 | 発生場所2=運動場・校庭（園庭）,82,0.05180037902716361,5.18
2,発生場所2=体育館・屋内運動場 | 競技種目=バスケットボール,82,0.05180037902716361,5.18
2,場合別2=登校（登園）中 | 被災学校種=高,82,0.05180037902716361,5.18
2,発生場所1=学校内・校舎内（園内・園舎内） | 発生場所2=教室（保育室）,81,0.051168667087807956,5.1169
2,性別=女 | 通学方法=自転車,81,0.051168667087807956,5.1169
2,性別=男 | 給付年度=18,81,0.051168667087807956,5.1169
2,和暦=令和 | 発生場所1=学校内・校舎内（園内・園舎内）,81,0.051168667087807956,5.1169
2,性別=男 | 給付年度=21,80,0.05053695514845231,5.0537
2,和暦=平成 | 給付年度=24,80,0.05053695514845231,5.0537
2,和暦=平成 | 給付年度=28,80,0.05053695514845231,5.0537
2,和暦=平成 | 場合別2=休憩時間中,79,0.04990524320909665,4.9905
2,和暦=平成 | 発生場所2=廊下,79,0.04990524320909665,4.9905
2,場合別2=下校（降園）中 | 被災学校種=高,79,0.04990524320909665,4.9905
2,発生場所2=体育館・屋内運動場 | 被災学年=3,78,0.049273531269740996,4.9274
2,発生場所1=学校外（園外） | 競技種目=野球（含軟式）,78,0.049273531269740996,4.9274
2,発生場所2=運動場・校庭（園庭） | 被災学校種=小,77,0.04864181933038535,4.8642
2,場合別1=休憩時間 | 性別=女,76,0.04801010739102969,4.801
2,場合別1=休憩時間 | 場合別2=昼食時休憩時間中,76,0.04801010739102969,4.801
2,場合別2=体育（保健体育） | 被災学年=3,76,0.04801010739102969,4.801
2,競技種目=バスケットボール | 被災学校種=高,76,0.04801010739102969,4.801
2,和暦=平成 | 給付年度=29,76,0.04801010739102969,4.801
2,性別=男 | 競技種目=サッカー・フットサル,75,0.047378395451674035,4.7378
2,発生場所2=学校外運動場・競技場 | 競技種目=野球（含軟式）,75,0.047378395451674035,4.7378
2,性別=男 | 給付年度=20,75,0.047378395451674035,4.7378
2,性別=女 | 発生場所2=体育館・屋内運動場,73,0.04611497157296273,4.6115
2,性別=男 | 給付年度=23,73,0.04611497157296273,4.6115
2,和暦=平成 | 給付年度=25,72,0.045483259633607075,4.5483
2,和暦=令和 | 被災学校種=中,72,0.045483259633607075,4.5483
2,和暦=令和 | 給付年度=2,72,0.045483259633607075,4.5483
2,場合別1=各教科等 | 性別=女,71,0.04485154769425142,4.4852
2,和暦=平成 | 発生場所2=教室（保育室）,71,0.04485154769425142,4.4852
2,場合別1=休憩時間 | 被災学年=3,71,0.04485154769425142,4.4852
2,発生場所2=体育館・屋内運動場 | 被災学校種=中,70,0.04421983575489577,4.422
2,発生場所1=学校内・校舎外（園内・園舎外） | 競技種目=ソフトボール,70,0.04421983575489577,4.422
2,発生場所2=運動場・校庭（園庭） | 競技種目=ソフトボール,70,0.04421983575489577,4.422
2,性別=男 | 給付年度=22,70,0.04421983575489577,4.422
2,和暦=平成 | 場合別1=学校行事,69,0.043588123815540114,4.3588
2,場合別2=休憩時間中 | 性別=男,69,0.043588123815540114,4.3588
2,場合別1=各教科等 | 被災学校種=中,69,0.043588123815540114,4.3588
2,被災学年=2 | 通学方法=自転車,69,0.043588123815540114,4.3588
2,給付年度=18 | 被災学校種=高,69,0.043588123815540114,4.3588
2,性別=男 | 給付年度=27,69,0.043588123815540114,4.3588
2,和暦=平成 | 給付年度=30,68,0.04295641187618446,4.2956
2,給付年度=20 | 被災学校種=高,67,0.04232469993682881,4.2325
2,性別=男 | 給付年度=26,67,0.04232469993682881,4.2325
2,場合別1=休憩時間 | 被災学年=2,66,0.041692987997473153,4.1693
2,和暦=平成 | 場合別2=昼食時休憩時間中,66,0.041692987997473153,4.1693
2,場合別2=登校（登園）中 | 性別=男,66,0.041692987997473153,4.1693
2,和暦=令和 | 被災学年=3,66,0.041692987997473153,4.1693
2,発生場所2=道路 | 被災学年=3,65,0.0410612760581175,4.1061
2,性別=男 | 給付年度=24,65,0.0410612760581175,4.1061
2,性別=男 | 給付年度=28,65,0.0410612760581175,4.1061
2,場合別2=休憩時間中 | 発生場所1=学校内・校舎内（園内・園舎内）,64,0.04042956411876184,4.043
2,場合別1=通学中 | 被災学年=3,64,0.04042956411876184,4.043
2,場合別2=体育（保健体育） | 被災学校種=中,64,0.04042956411876184,4.043
2,給付年度=17 | 被災学校種=高,64,0.04042956411876184,4.043
2,発生場所2=道路 | 被災学校種=中,63,0.03979785217940619,3.9798
2,和暦=令和 | 給付年度=1,63,0.03979785217940619,3.9798
2,和暦=令和 | 性別=女,63,0.03979785217940619,3.9798
2,和暦=令和 | 競技種目=野球（含軟式）,63,0.03979785217940619,3.9798
2,給付年度=19 | 被災学校種=高,62,0.03916614024005054,3.9166
2,和暦=平成 | 競技種目=ソフトボール,61,0.03853442830069488,3.8534
2,競技種目=野球（含軟式） | 被災学年=3,61,0.03853442830069488,3.8534
2,競技種目=サッカー・フットサル | 被災学校種=高,61,0.03853442830069488,3.8534
2,場合別1=課外指導 | 競技種目=サッカー・フットサル,61,0.03853442830069488,3.8534
2,場合別2=体育的部活動 | 競技種目=サッカー・フットサル,61,0.03853442830069488,3.8534
2,性別=男 | 発生場所2=教室（保育室）,60,0.03790271636133923,3.7903
2,和暦=平成 | 競技種目=サッカー・フットサル,60,0.03790271636133923,3.7903
2,場合別1=休憩時間 | 発生場所2=廊下,60,0.03790271636133923,3.7903
2,発生場所2=体育館・屋内運動場 | 被災学年=1,59,0.037271004421983576,3.7271
2,場合別2=昼食時休憩時間中 | 性別=男,58,0.03663929248262792,3.6639
2,場合別1=通学中 | 被災学校種=中,58,0.03663929248262792,3.6639
2,場合別1=各教科等 | 競技種目=ソフトボール,57,0.036007580543272265,3.6008
2,場合別2=体育（保健体育） | 競技種目=ソフトボール,57,0.036007580543272265,3.6008
2,発生場所2=学校外運動場・競技場 | 被災学年=2,57,0.036007580543272265,3.6008
2,性別=男 | 発生場所2=廊下,57,0.036007580543272265,3.6008
2,性別=男 | 給付年度=30,57,0.036007580543272265,3.6008
2,性別=男 | 給付年度=2,57,0.036007580543272265,3.6008
2,場合別1=休憩時間 | 場合別2=授業終了後の特定時間中,56,0.035375868603916616,3.5376
2,場合別1=課外指導 | 給付年度=19,56,0.035375868603916616,3.5376
2,和暦=平成 | 場合別1=特別活動（除学校行事）,55,0.03474415666456096,3.4744
2,給付年度=27 | 被災学校種=高,55,0.03474415666456096,3.4744
2,場合別1=学校行事 | 性別=男,54,0.034112444725205304,3.4112
2,場合別1=各教科等 | 被災学年=2,54,0.034112444725205304,3.4112
2,給付年度=21 | 被災学校種=高,54,0.034112444725205304,3.4112
2,性別=男 | 給付年度=25,54,0.034112444725205304,3.4112
2,場合別2=休憩時間中 | 被災学校種=小,53,0.033480732785849655,3.3481
2,発生場所1=学校内・校舎外（園内・園舎外） | 競技種目=サッカー・フットサル,53,0.033480732785849655,3.3481
2,場合別2=下校（降園）中 | 被災学年=1,53,0.033480732785849655,3.3481
2,場合別2=体育的部活動 | 給付年度=19,53,0.033480732785849655,3.3481
2,給付年度=23 | 被災学校種=高,53,0.033480732785849655,3.3481
2,場合別2=体育（保健体育） | 性別=女,52,0.032849020846494,3.2849
2,和暦=平成 | 被災学年=6,51,0.032217308907138344,3.2217
2,被災学年=6 | 被災学校種=小,51,0.032217308907138344,3.2217
2,和暦=平成 | 被災学年=5,51,0.032217308907138344,3.2217
2,場合別1=休憩時間 | 発生場所2=教室（保育室）,51,0.032217308907138344,3.2217
2,場合別2=登校（登園）中 | 性別=女,51,0.032217308907138344,3.2217
2,場合別1=各教科等 | 被災学年=1,51,0.032217308907138344,3.2217
2,場合別2=昼食時休憩時間中 | 発生場所1=学校内・校舎内（園内・園舎内）,51,0.032217308907138344,3.2217
2,発生場所2=運動場・校庭（園庭） | 競技種目=サッカー・フットサル,51,0.032217308907138344,3.2217
2,被災学年=3 | 通学方法=自転車,51,0.032217308907138344,3.2217
2,給付年度=22 | 被災学校種=高,51,0.032217308907138344,3.2217
2,被災学年=5 | 被災学校種=小,50,0.03158559696778269,3.1586
2,被災学年=4 | 被災学校種=小,50,0.03158559696778269,3.1586
2,和暦=平成 | 発生場所2=その他,50,0.03158559696778269,3.1586
2,場合別1=課外指導 | 給付年度=18,50,0.03158559696778269,3.1586
2,発生場所1=学校内・校舎外（園内・園舎外） | 給付年度=19,50,0.03158559696778269,3.1586
2,場合別1=課外指導 | 給付年度=27,50,0.03158559696778269,3.1586
2,性別=男 | 給付年度=29,50,0.03158559696778269,3.1586
2,和暦=令和 | 発生場所2=道路,50,0.03158559696778269,3.1586
2,和暦=令和 | 給付年度=4,50,0.03158559696778269,3.1586
2,場合別1=特別活動（除学校行事） | 発生場所1=学校内・校舎内（園内・園舎内）,49,0.03095388502842704,3.0954
2,発生場所1=学校外（園外） | 被災学校種=小,49,0.03095388502842704,3.0954
2,性別=男 | 競技種目=ソフトボール,49,0.03095388502842704,3.0954
2,場合別2=体育的部活動 | 給付年度=18,49,0.03095388502842704,3.0954
2,発生場所1=学校内・校舎外（園内・園舎外） | 給付年度=27,49,0.03095388502842704,3.0954
2,場合別2=体育的部活動 | 給付年度=27,49,0.03095388502842704,3.0954
2,性別=男 | 給付年度=1,49,0.03095388502842704,3.0954
2,和暦=令和 | 場合別1=通学中,49,0.03095388502842704,3.0954
2,場合別2=体育（保健体育） | 被災学年=2,48,0.030322173089071383,3.0322
2,被災学校種=中 | 通学方法=自転車,48,0.030322173089071383,3.0322
2,場合別2=体育（保健体育） | 被災学年=1,47,0.02969046114971573,2.969
2,場合別1=課外指導 | 給付年度=17,47,0.02969046114971573,2.969
2,給付年度=19 | 被災学年=2,47,0.02969046114971573,2.969
2,発生場所2=運動場・校庭（園庭） | 給付年度=27,47,0.02969046114971573,2.969
2,場合別2=体育的部活動 | 給付年度=17,46,0.029058749210360075,2.9059
2,場合別2=下校（降園）中 | 被災学年=2,46,0.029058749210360075,2.9059
2,給付年度=26 | 被災学校種=高,46,0.029058749210360075,2.9059
2,和暦=平成 | 被災学年=4,45,0.028427037271004423,2.8427
2,被災学年=3 | 被災学校種=小,45,0.028427037271004423,2.8427
2,発生場所1=学校外（園外） | 給付年度=19,45,0.028427037271004423,2.8427
2,発生場所1=学校内・校舎外（園内・園舎外） | 給付年度=21,45,0.028427037271004423,2.8427
2,和暦=令和 | 通学方法=自転車,45,0.028427037271004423,2.8427
2,場合別1=特別活動（除学校行事） | 性別=男,44,0.027795325331648767,2.7795
2,場合別1=休憩時間 | 被災学年=1,44,0.027795325331648767,2.7795
2,場合別2=下校（降園）中 | 性別=女,44,0.027795325331648767,2.7795
2,発生場所2=運動場・校庭（園庭） | 給付年度=19,44,0.027795325331648767,2.7795
2,発生場所2=運動場・校庭（園庭） | 給付年度=21,44,0.027795325331648767,2.7795
2,和暦=令和 | 発生場所2=体育館・屋内運動場,44,0.027795325331648767,2.7795
2,給付年度=2 | 被災学校種=高,44,0.027795325331648767,2.7795
2,場合別1=各教科等 | 被災学校種=小,43,0.027163613392293114,2.7164
2,性別=男 | 被災学年=5,43,0.027163613392293114,2.7164
2,場合別1=通学中 | 通学方法=徒歩,43,0.027163613392293114,2.7164
2,発生場所1=学校外（園外） | 通学方法=徒歩,43,0.027163613392293114,2.7164
2,和暦=平成 | 場合別2=授業終了後の特定時間中,43,0.027163613392293114,2.7164
2,場合別2=登校（登園）中 | 被災学年=1,43,0.027163613392293114,2.7164
2,場合別1=課外指導 | 給付年度=22,43,0.027163613392293114,2.7164
2,給付年度=24 | 被災学校種=高,43,0.027163613392293114,2.7164
2,給付年度=28 | 被災学校種=高,43,0.027163613392293114,2.7164
2,和暦=令和 | 場合別1=各教科等,43,0.027163613392293114,2.7164
2,和暦=令和 | 給付年度=3,43,0.027163613392293114,2.7164
2,発生場所1=学校内・校舎外（園内・園舎外） | 給付年度=18,42,0.026531901452937462,2.6532
2,発生場所2=運動場・校庭（園庭） | 給付年度=18,42,0.026531901452937462,2.6532
2,発生場所2=廊下 | 被災学校種=中,42,0.026531901452937462,2.6532
2,場合別1=課外指導 | 給付年度=20,42,0.026531901452937462,2.6532
2,場合別2=体育的部活動 | 給付年度=20,42,0.026531901452937462,2.6532
2,場合別2=体育的部活動 | 給付年度=22,42,0.026531901452937462,2.6532
2,和暦=令和 | 場合別1=休憩時間,42,0.026531901452937462,2.6532
2,和暦=令和 | 給付年度=5,42,0.026531901452937462,2.6532
2,競技種目=野球（含軟式） | 被災学校種=中,41,0.025900189513581806,2.59
2,発生場所1=学校内・校舎内（園内・園舎内） | 給付年度=18,41,0.025900189513581806,2.59
2,給付年度=20 | 被災学年=2,41,0.025900189513581806,2.59
2,給付年度=25 | 被災学校種=高,41,0.025900189513581806,2.59
2,給付年度=29 | 被災学校種=高,41,0.025900189513581806,2.59
2,発生場所1=学校内・校舎外（園内・園舎外） | 給付年度=17,40,0.025268477574226154,2.5268
2,発生場所1=学校外（園外） | 発生場所2=学校外体育館,40,0.025268477574226154,2.5268
2,競技種目=バスケットボール | 被災学年=2,40,0.025268477574226154,2.5268
2,給付年度=18 | 被災学年=2,40,0.025268477574226154,2.5268
2,場合別1=課外指導 | 給付年度=21,40,0.025268477574226154,2.5268
2,場合別2=体育的部活動 | 給付年度=21,40,0.025268477574226154,2.5268
2,発生場所2=運動場・校庭（園庭） | 給付年度=17,39,0.024636765634870498,2.4637
2,性別=男 | 発生場所2=その他,39,0.024636765634870498,2.4637
2,和暦=平成 | 通学方法=徒歩,39,0.024636765634870498,2.4637
2,性別=女 | 発生場所2=廊下,39,0.024636765634870498,2.4637
2,給付年度=22 | 被災学年=2,39,0.024636765634870498,2.4637
2,場合別1=課外指導 | 給付年度=23,39,0.024636765634870498,2.4637
2,場合別2=体育的部活動 | 給付年度=23,39,0.024636765634870498,2.4637
2,場合別1=課外指導 | 給付年度=26,39,0.024636765634870498,2.4637
2,場合別2=体育的部活動 | 給付年度=26,39,0.024636765634870498,2.4637
2,給付年度=30 | 被災学校種=高,39,0.024636765634870498,2.4637
2,和暦=令和 | 場合別2=体育（保健体育）,39,0.024636765634870498,2.4637
2,場合別1=休憩時間 | 被災学校種=高,38,0.024005053695514846,2.4005
2,場合別1=特別活動（除学校行事） | 被災学校種=小,37,0.02337334175615919,2.3373
2,発生場所2=教室（保育室） | 被災学校種=小,37,0.02337334175615919,2.3373
2,発生場所2=道路 | 通学方法=徒歩,37,0.02337334175615919,2.3373
2,場合別1=課外指導 | 発生場所2=学校外体育館,37,0.02337334175615919,2.3373
2,場合別2=体育的部活動 | 発生場所2=学校外体育館,37,0.02337334175615919,2.3373
2,発生場所1=学校内・校舎内（園内・園舎内） | 給付年度=22,37,0.02337334175615919,2.3373
2,発生場所1=学校外（園外） | 給付年度=17,36,0.022741629816803537,2.2742
2,競技種目=ソフトボール | 被災学校種=中,36,0.022741629816803537,2.2742
2,給付年度=18 | 被災学年=1,36,0.022741629816803537,2.2742
2,給付年度=19 | 被災学年=3,36,0.022741629816803537,2.2742
2,発生場所1=学校内・校舎内（園内・園舎内） | 給付年度=20,36,0.022741629816803537,2.2742
2,発生場所1=学校外（園外） | 給付年度=20,36,0.022741629816803537,2.2742
2,発生場所1=学校内・校舎外（園内・園舎外） | 給付年度=22,36,0.022741629816803537,2.2742
2,発生場所2=運動場・校庭（園庭） | 給付年度=22,36,0.022741629816803537,2.2742
2,発生場所1=学校外（園外） | 給付年度=26,36,0.022741629816803537,2.2742
2,和暦=平成 | 発生場所2=学校外体育館,35,0.022109917877447885,2.211
2,場合別1=学校行事 | 発生場所1=学校外（園外）,35,0.022109917877447885,2.211
2,場合別1=課外指導 | 競技種目=バレーボール,35,0.022109917877447885,2.211
2,場合別2=体育的部活動 | 競技種目=バレーボール,35,0.022109917877447885,2.211
2,競技種目=バスケットボール | 被災学年=1,35,0.022109917877447885,2.211
2,競技種目=ソフトボール | 被災学校種=高,35,0.022109917877447885,2.211
2,場合別2=登校（登園）中 | 被災学年=2,35,0.022109917877447885,2.211
2,発生場所2=廊下 | 被災学校種=小,35,0.022109917877447885,2.211
2,発生場所1=学校内・校舎外（園内・園舎外） | 給付年度=20,35,0.022109917877447885,2.211
2,給付年度=20 | 被災学年=3,35,0.022109917877447885,2.211
2,給付年度=21 | 被災学年=2,35,0.022109917877447885,2.211
2,性別=女 | 給付年度=22,35,0.022109917877447885,2.211
2,場合別1=課外指導 | 給付年度=25,35,0.022109917877447885,2.211
2,場合別2=体育的部活動 | 給付年度=25,35,0.022109917877447885,2.211
2,場合別1=課外指導 | 給付年度=30,35,0.022109917877447885,2.211
2,場合別2=体育的部活動 | 給付年度=30,35,0.022109917877447885,2.211
2,場合別1=課外指導 | 給付年度=2,35,0.022109917877447885,2.211
2,性別=男 | 給付年度=4,35,0.022109917877447885,2.211
2,競技種目=バスケットボール | 被災学年=3,34,0.02147820593809223,2.1478
2,場合別2=昼食時休憩時間中 | 被災学校種=中,34,0.02147820593809223,2.1478
2,場合別2=登校（登園）中 | 被災学年=3,34,0.02147820593809223,2.1478
2,性別=女 | 給付年度=18,34,0.02147820593809223,2.1478
2,発生場所2=運動場・校庭（園庭） | 給付年度=20,34,0.02147820593809223,2.1478
2,給付年度=26 | 被災学年=2,34,0.02147820593809223,2.1478
2,場合別1=課外指導 | 給付年度=28,34,0.02147820593809223,2.1478
2,場合別2=体育的部活動 | 給付年度=28,34,0.02147820593809223,2.1478
2,場合別2=体育的部活動 | 給付年度=2,34,0.02147820593809223,2.1478
2,性別=男 | 給付年度=3,34,0.02147820593809223,2.1478
2,給付年度=4 | 被災学校種=高,34,0.02147820593809223,2.1478
2,性別=男 | 被災学年=4,33,0.020846493998736577,2.0846
2,給付年度=17 | 被災学年=1,33,0.020846493998736577,2.0846
2,和暦=平成 | 競技種目=バレーボール,33,0.020846493998736577,2.0846
2,発生場所1=学校内・校舎内（園内・園舎内） | 競技種目=バレーボール,33,0.020846493998736577,2.0846
2,競技種目=バスケットボール | 被災学校種=中,33,0.020846493998736577,2.0846
2,場合別2=授業終了後の特定時間中 | 性別=男,33,0.020846493998736577,2.0846
2,発生場所2=学校外運動場・競技場 | 被災学年=1,33,0.020846493998736577,2.0846
2,発生場所2=廊下 | 被災学年=2,33,0.020846493998736577,2.0846
2,給付年度=19 | 被災学校種=中,33,0.020846493998736577,2.0846
2,給付年度=27 | 被災学年=2,33,0.020846493998736577,2.0846
2,給付年度=17 | 被災学年=3,32,0.02021478205938092,2.0215
2,場合別2=下校（降園）中 | 通学方法=徒歩,32,0.02021478205938092,2.0215
2,発生場所1=学校外（園外） | 給付年度=18,32,0.02021478205938092,2.0215
2,場合別2=下校（降園）中 | 被災学校種=中,32,0.02021478205938092,2.0215
2,発生場所1=学校内・校舎内（園内・園舎内） | 給付年度=19,32,0.02021478205938092,2.0215
2,性別=女 | 給付年度=20,32,0.02021478205938092,2.0215
2,発生場所1=学校外（園外） | 給付年度=22,32,0.02021478205938092,2.0215
2,発生場所1=学校内・校舎外（園内・園舎外） | 給付年度=23,32,0.02021478205938092,2.0215
2,給付年度=23 | 被災学年=2,32,0.02021478205938092,2.0215
2,発生場所1=学校外（園外） | 給付年度=23,32,0.02021478205938092,2.0215
2,給付年度=24 | 被災学年=2,32,0.02021478205938092,2.0215
2,場合別1=課外指導 | 給付年度=24,32,0.02021478205938092,2.0215
2,発生場所1=学校内・校舎外（園内・園舎外） | 給付年度=2,32,0.02021478205938092,2.0215
2,性別=男 | 給付年度=5,32,0.02021478205938092,2.0215
2,発生場所1=学校内・校舎内（園内・園舎内） | 被災学年=5,31,0.01958307012002527,1.9583
2,被災学年=2 | 被災学校種=小,31,0.01958307012002527,1.9583
2,発生場所2=道路 | 被災学校種=小,31,0.01958307012002527,1.9583
2,発生場所2=体育館・屋内運動場 | 競技種目=バレーボール,31,0.01958307012002527,1.9583
2,性別=女 | 給付年度=19,31,0.01958307012002527,1.9583
2,場合別2=体育的部活動 | 給付年度=24,31,0.01958307012002527,1.9583
2,発生場所1=学校内・校舎外（園内・園舎外） | 給付年度=25,31,0.01958307012002527,1.9583
2,発生場所2=運動場・校庭（園庭） | 給付年度=25,31,0.01958307012002527,1.9583
2,給付年度=25 | 被災学年=1,31,0.01958307012002527,1.9583
2,発生場所1=学校内・校舎外（園内・園舎外） | 給付年度=28,31,0.01958307012002527,1.9583
2,発生場所1=学校内・校舎外（園内・園舎外） | 給付年度=29,31,0.01958307012002527,1.9583
2,発生場所1=学校内・校舎内（園内・園舎内） | 給付年度=17,30,0.018951358180669616,1.8951
2,場合別2=休憩時間中 | 発生場所1=学校内・校舎外（園内・園舎外）,30,0.018951358180669616,1.8951
2,場合別2=授業終了後の特定時間中 | 発生場所1=学校内・校舎内（園内・園舎内）,30,0.018951358180669616,1.8951
2,給付年度=18 | 被災学年=3,30,0.018951358180669616,1.8951
2,発生場所1=学校外（園外） | 給付年度=21,30,0.018951358180669616,1.8951
2,発生場所1=学校内・校舎外（園内・園舎外） | 給付年度=24,30,0.018951358180669616,1.8951
2,発生場所2=運動場・校庭（園庭） | 給付年度=29,30,0.018951358180669616,1.8951
2,給付年度=17 | 被災学年=2,29,0.01831964624131396,1.832
2,場合別2=休憩時間中 | 発生場所2=運動場・校庭（園庭）,29,0.01831964624131396,1.832
2,場合別1=通学中 | 被災学校種=小,29,0.01831964624131396,1.832
2,発生場所2=教室（保育室） | 被災学校種=中,29,0.01831964624131396,1.832
2,競技種目=サッカー・フットサル | 被災学年=2,29,0.01831964624131396,1.832
2,競技種目=バレーボール | 被災学校種=高,29,0.01831964624131396,1.832
2,発生場所2=学校外運動場・競技場 | 被災学年=3,29,0.01831964624131396,1.832
2,給付年度=18 | 被災学校種=中,29,0.01831964624131396,1.832
2,給付年度=21 | 被災学校種=中,29,0.01831964624131396,1.832
2,給付年度=21 | 被災学年=1,29,0.01831964624131396,1.832
2,発生場所1=学校内・校舎内（園内・園舎内） | 給付年度=23,29,0.01831964624131396,1.832
2,発生場所1=学校内・校舎内（園内・園舎内） | 給付年度=26,29,0.01831964624131396,1.832
2,給付年度=26 | 被災学年=1,29,0.01831964624131396,1.832
2,発生場所1=学校内・校舎内（園内・園舎内） | 給付年度=29,29,0.01831964624131396,1.832
2,場合別1=課外指導 | 給付年度=29,29,0.01831964624131396,1.832
2,和暦=令和 | 被災学校種=小,29,0.01831964624131396,1.832
2,給付年度=2 | 被災学年=1,29,0.01831964624131396,1.832
2,性別=女 | 被災学年=6,28,0.017687934301958308,1.7688
2,場合別2=体育（保健体育） | 被災学校種=小,28,0.017687934301958308,1.7688
2,場合別1=休憩時間 | 被災学年=4,28,0.017687934301958308,1.7688
2,性別=男 | 通学方法=徒歩,28,0.017687934301958308,1.7688
2,発生場所1=学校外（園外） | 発生場所2=その他,28,0.017687934301958308,1.7688
2,場合別2=休憩時間中 | 被災学校種=中,28,0.017687934301958308,1.7688
2,場合別1=学校行事 | 被災学校種=高,28,0.017687934301958308,1.7688
2,発生場所2=学校外体育館 | 被災学校種=高,28,0.017687934301958308,1.7688
2,発生場所1=学校内・校舎内（園内・園舎内） | 給付年度=24,28,0.017687934301958308,1.7688
2,和暦=令和 | 場合別2=登校（登園）中,28,0.017687934301958308,1.7688
2,発生場所2=運動場・校庭（園庭） | 給付年度=2,28,0.017687934301958308,1.7688
2,給付年度=3 | 被災学校種=高,28,0.017687934301958308,1.7688
2,性別=女 | 競技種目=バレーボール,27,0.017056222362602652,1.7056
2,場合別2=昼食時休憩時間中 | 被災学年=3,27,0.017056222362602652,1.7056
2,和暦=平成 | 被災学校種=特高,27,0.017056222362602652,1.7056
2,場合別2=休憩時間中 | 発生場所2=廊下,27,0.017056222362602652,1.7056
2,発生場所1=学校内・校舎内（園内・園舎内） | 給付年度=21,27,0.017056222362602652,1.7056
2,給付年度=22 | 被災学校種=小,27,0.017056222362602652,1.7056
2,発生場所2=運動場・校庭（園庭） | 給付年度=23,27,0.017056222362602652,1.7056
2,発生場所1=学校外（園外） | 給付年度=25,27,0.017056222362602652,1.7056
2,給付年度=27 | 被災学年=1,27,0.017056222362602652,1.7056
2,場合別2=体育的部活動 | 給付年度=29,27,0.017056222362602652,1.7056
2,場合別1=特別活動（除学校行事） | 場合別2=日常の清掃,26,0.016424510423247,1.6425
2,発生場所1=学校内・校舎内（園内・園舎内） | 被災学年=6,26,0.016424510423247,1.6425
2,性別=男 | 被災学年=6,26,0.016424510423247,1.6425
2,被災学校種=小 | 通学方法=徒歩,26,0.016424510423247,1.6425
2,場合別2=下校（降園）中 | 被災学年=3,26,0.016424510423247,1.6425
2,場合別1=学校行事 | 被災学年=3,26,0.016424510423247,1.6425
2,性別=女 | 競技種目=ソフトボール,26,0.016424510423247,1.6425
2,競技種目=野球（含軟式） | 給付年度=19,26,0.016424510423247,1.6425
2,給付年度=19 | 被災学年=1,26,0.016424510423247,1.6425
2,競技種目=野球（含軟式） | 給付年度=20,26,0.016424510423247,1.6425
2,給付年度=21 | 被災学年=3,26,0.016424510423247,1.6425
2,給付年度=22 | 被災学年=3,26,0.016424510423247,1.6425
2,給付年度=23 | 被災学年=1,26,0.016424510423247,1.6425
2,発生場所2=運動場・校庭（園庭） | 給付年度=24,26,0.016424510423247,1.6425
2,給付年度=26 | 被災学校種=中,26,0.016424510423247,1.6425
2,発生場所2=運動場・校庭（園庭） | 給付年度=28,26,0.016424510423247,1.6425
2,発生場所1=学校内・校舎内（園内・園舎内） | 給付年度=28,26,0.016424510423247,1.6425
2,性別=女 | 給付年度=29,26,0.016424510423247,1.6425
2,給付年度=29 | 被災学年=2,26,0.016424510423247,1.6425
2,給付年度=1 | 被災学校種=高,26,0.016424510423247,1.6425
2,給付年度=5 | 被災学校種=高,26,0.016424510423247,1.6425
2,場合別2=休憩時間中 | 性別=女,25,0.015792798483891344,1.5793
2,場合別2=昼食時休憩時間中 | 発生場所1=学校内・校舎外（園内・園舎外）,25,0.015792798483891344,1.5793
2,場合別2=昼食時休憩時間中 | 発生場所2=運動場・校庭（園庭）,25,0.015792798483891344,1.5793
2,場合別2=昼食時休憩時間中 | 被災学校種=小,25,0.015792798483891344,1.5793
2,競技種目=ソフトボール | 被災学年=3,25,0.015792798483891344,1.5793
2,発生場所1=学校内・校舎内（園内・園舎内） | 発生場所2=階段,25,0.015792798483891344,1.5793
2,性別=男 | 発生場所2=学校外体育館,25,0.015792798483891344,1.5793
2,性別=女 | 競技種目=バスケットボール,25,0.015792798483891344,1.5793
2,場合別1=学校行事 | 性別=女,25,0.015792798483891344,1.5793
2,場合別2=授業終了後の特定時間中 | 発生場所1=学校内・校舎外（園内・園舎外）,25,0.015792798483891344,1.5793
2,競技種目=野球（含軟式） | 給付年度=18,25,0.015792798483891344,1.5793
2,発生場所2=その他 | 被災学校種=高,25,0.015792798483891344,1.5793
2,給付年度=19 | 被災学校種=小,25,0.015792798483891344,1.5793
2,場合別1=通学中 | 給付年度=20,25,0.015792798483891344,1.5793
2,発生場所2=道路 | 給付年度=20,25,0.015792798483891344,1.5793
2,給付年度=25 | 被災学年=2,25,0.015792798483891344,1.5793
2,給付年度=27 | 被災学年=3,25,0.015792798483891344,1.5793
2,発生場所1=学校外（園外） | 給付年度=30,25,0.015792798483891344,1.5793
2,発生場所1=学校内・校舎外（園内・園舎外） | 給付年度=1,25,0.015792798483891344,1.5793
2,性別=女 | 給付年度=17,24,0.015161086544535692,1.5161
2,発生場所2=体育館・屋内運動場 | 被災学校種=小,24,0.015161086544535692,1.5161
2,場合別1=休憩時間 | 場合別2=始業前の特定時間中,24,0.015161086544535692,1.5161
2,場合別1=学校行事 | 被災学年=2,24,0.015161086544535692,1.5161
2,発生場所1=学校外（園外） | 競技種目=バスケットボール,24,0.015161086544535692,1.5161
2,競技種目=サッカー・フットサル | 被災学年=1,24,0.015161086544535692,1.5161
2,発生場所1=学校外（園外） | 競技種目=サッカー・フットサル,24,0.015161086544535692,1.5161
2,競技種目=ソフトボール | 被災学年=1,24,0.015161086544535692,1.5161
2,給付年度=22 | 被災学年=1,24,0.015161086544535692,1.5161
2,給付年度=22 | 被災学校種=中,24,0.015161086544535692,1.5161
2,発生場所1=学校内・校舎外（園内・園舎外） | 給付年度=26,24,0.015161086544535692,1.5161
2,性別=女 | 給付年度=27,24,0.015161086544535692,1.5161
2,給付年度=29 | 被災学年=1,24,0.015161086544535692,1.5161
2,給付年度=30 | 被災学年=1,24,0.015161086544535692,1.5161
2,場合別1=課外指導 | 給付年度=1,24,0.015161086544535692,1.5161
2,場合別2=体育的部活動 | 給付年度=1,24,0.015161086544535692,1.5161
2,給付年度=2 | 被災学年=2,24,0.015161086544535692,1.5161
2,和暦=平成 | 場合別2=日常の清掃,23,0.014529374605180037,1.4529
2,場合別1=学校行事 | 発生場所1=学校内・校舎外（園内・園舎外）,23,0.014529374605180037,1.4529
2,発生場所1=学校内・校舎外（園内・園舎外） | 被災学年=4,23,0.014529374605180037,1.4529
2,発生場所2=教室（保育室） | 被災学年=3,23,0.014529374605180037,1.4529
2,給付年度=17 | 被災学校種=中,23,0.014529374605180037,1.4529
2,発生場所2=学校外運動場・競技場 | 競技種目=サッカー・フットサル,23,0.014529374605180037,1.4529
2,場合別2=休憩時間中 | 被災学年=3,23,0.014529374605180037,1.4529
2,発生場所2=体育館・屋内運動場 | 給付年度=18,23,0.014529374605180037,1.4529
2,場合別2=授業終了後の特定時間中 | 性別=女,23,0.014529374605180037,1.4529
2,給付年度=23 | 被災学年=3,23,0.014529374605180037,1.4529
2,給付年度=27 | 被災学校種=中,23,0.014529374605180037,1.4529
2,競技種目=野球（含軟式） | 給付年度=27,23,0.014529374605180037,1.4529
2,給付年度=28 | 被災学年=3,23,0.014529374605180037,1.4529
2,発生場所1=学校外（園外） | 給付年度=28,23,0.014529374605180037,1.4529
2,給付年度=28 | 被災学年=1,23,0.014529374605180037,1.4529
2,発生場所1=学校内・校舎内（園内・園舎内） | 給付年度=30,23,0.014529374605180037,1.4529
2,発生場所2=運動場・校庭（園庭） | 給付年度=1,23,0.014529374605180037,1.4529
2,場合別2=日常の清掃 | 発生場所1=学校内・校舎内（園内・園舎内）,22,0.013897662665824383,1.3898
2,場合別1=休憩時間 | 被災学年=5,22,0.013897662665824383,1.3898
2,場合別1=学校行事 | 被災学校種=中,22,0.013897662665824383,1.3898
2,場合別1=課外指導 | 発生場所2=その他,22,0.013897662665824383,1.3898
2,競技種目=ソフトボール | 被災学年=2,22,0.013897662665824383,1.3898
2,場合別1=学校行事 | 発生場所2=運動場・校庭（園庭）,22,0.013897662665824383,1.3898
2,発生場所2=その他 | 被災学年=2,22,0.013897662665824383,1.3898
2,場合別2=登校（登園）中 | 被災学校種=中,22,0.013897662665824383,1.3898
2,給付年度=20 | 被災学年=1,22,0.013897662665824383,1.3898
2,給付年度=20 | 被災学校種=中,22,0.013897662665824383,1.3898
2,性別=女 | 給付年度=21,22,0.013897662665824383,1.3898
2,競技種目=野球（含軟式） | 給付年度=22,22,0.013897662665824383,1.3898
2,発生場所1=学校外（園外） | 給付年度=24,22,0.013897662665824383,1.3898
2,給付年度=24 | 被災学年=3,22,0.013897662665824383,1.3898
2,給付年度=24 | 被災学校種=中,22,0.013897662665824383,1.3898
2,性別=女 | 給付年度=26,22,0.013897662665824383,1.3898
2,発生場所2=運動場・校庭（園庭） | 給付年度=26,22,0.013897662665824383,1.3898
2,発生場所1=学校内・校舎内（園内・園舎内） | 給付年度=27,22,0.013897662665824383,1.3898
2,発生場所1=学校外（園外） | 給付年度=27,22,0.013897662665824383,1.3898
2,給付年度=30 | 被災学年=2,22,0.013897662665824383,1.3898
2,給付年度=2 | 被災学校種=中,22,0.013897662665824383,1.3898
2,給付年度=4 | 被災学年=1,22,0.013897662665824383,1.3898
2,発生場所1=学校内・校舎外（園内・園舎外） | 被災学年=6,21,0.013265950726468731,1.3266
2,性別=女 | 発生場所2=教室（保育室）,21,0.013265950726468731,1.3266
2,場合別1=学校行事 | 被災学校種=小,21,0.013265950726468731,1.3266
2,場合別2=下校（降園）中 | 被災学校種=小,21,0.013265950726468731,1.3266
2,競技種目=バレーボール | 被災学年=2,21,0.013265950726468731,1.3266
2,発生場所2=学校外体育館 | 競技種目=バスケットボール,21,0.013265950726468731,1.3266
2,場合別1=各教科等 | 競技種目=バスケットボール,21,0.013265950726468731,1.3266
2,場合別2=体育（保健体育） | 競技種目=バスケットボール,21,0.013265950726468731,1.3266
2,場合別2=授業終了後の特定時間中 | 発生場所2=運動場・校庭（園庭）,21,0.013265950726468731,1.3266
2,場合別1=学校行事 | 発生場所1=学校内・校舎内（園内・園舎内）,21,0.013265950726468731,1.3266
2,場合別1=休憩時間 | 給付年度=19,21,0.013265950726468731,1.3266
2,性別=女 | 被災学年=4,21,0.013265950726468731,1.3266
2,競技種目=野球（含軟式） | 給付年度=21,21,0.013265950726468731,1.3266
2,発生場所2=体育館・屋内運動場 | 給付年度=22,21,0.013265950726468731,1.3266
2,競技種目=野球（含軟式） | 給付年度=25,21,0.013265950726468731,1.3266
2,給付年度=28 | 被災学年=2,21,0.013265950726468731,1.3266
2,競技種目=野球（含軟式） | 給付年度=30,21,0.013265950726468731,1.3266
2,給付年度=1 | 被災学校種=中,21,0.013265950726468731,1.3266
2,発生場所1=学校外（園外） | 給付年度=2,21,0.013265950726468731,1.3266
2,場合別1=課外指導 | 給付年度=5,21,0.013265950726468731,1.3266
2,場合別1=特別活動（除学校行事） | 性別=女,20,0.012634238787113077,1.2634
2,場合別2=休憩時間中 | 発生場所2=教室（保育室）,20,0.012634238787113077,1.2634
2,場合別2=休憩時間中 | 被災学年=2,20,0.012634238787113077,1.2634
2,発生場所2=運動場・校庭（園庭） | 被災学年=4,20,0.012634238787113077,1.2634
2,和暦=平成 | 場合別2=始業前の特定時間中,20,0.012634238787113077,1.2634
2,和暦=平成 | 発生場所2=階段,20,0.012634238787113077,1.2634
2,場合別1=課外指導 | 競技種目=ホッケー,20,0.012634238787113077,1.2634
2,場合別2=体育的部活動 | 競技種目=ホッケー,20,0.012634238787113077,1.2634
2,競技種目=ホッケー | 被災学校種=高,20,0.012634238787113077,1.2634
2,場合別2=授業終了後の特定時間中 | 被災学年=2,20,0.012634238787113077,1.2634
2,場合別1=各教科等 | 場合別2=その他の教科,20,0.012634238787113077,1.2634
2,場合別1=通学中 | 給付年度=18,20,0.012634238787113077,1.2634
2,場合別1=学校行事 | 場合別2=運動会・体育祭,20,0.012634238787113077,1.2634
2,発生場所2=廊下 | 被災学年=1,20,0.012634238787113077,1.2634
2,性別=女 | 発生場所2=その他,20,0.012634238787113077,1.2634
2,発生場所1=学校内・校舎内（園内・園舎内） | 被災学年=4,20,0.012634238787113077,1.2634
2,場合別2=授業終了後の特定時間中 | 被災学校種=小,20,0.012634238787113077,1.2634
2,発生場所2=道路 | 給付年度=19,20,0.012634238787113077,1.2634
2,発生場所1=学校内・校舎外（園内・園舎外） | 発生場所2=その他,20,0.012634238787113077,1.2634
2,給付年度=20 | 通学方法=自転車,20,0.012634238787113077,1.2634
2,場合別1=休憩時間 | 給付年度=23,20,0.012634238787113077,1.2634
2,性別=女 | 給付年度=23,20,0.012634238787113077,1.2634
2,給付年度=26 | 被災学年=3,20,0.012634238787113077,1.2634
2,競技種目=野球（含軟式） | 給付年度=26,20,0.012634238787113077,1.2634
2,発生場所1=学校内・校舎外（園内・園舎外） | 給付年度=30,20,0.012634238787113077,1.2634
2,発生場所2=運動場・校庭（園庭） | 給付年度=30,20,0.012634238787113077,1.2634
2,給付年度=1 | 被災学年=1,20,0.012634238787113077,1.2634
2,和暦=令和 | 場合別2=下校（降園）中,20,0.012634238787113077,1.2634
2,場合別1=課外指導 | 給付年度=4,20,0.012634238787113077,1.2634
2,場合別2=体育的部活動 | 給付年度=4,20,0.012634238787113077,1.2634
2,発生場所1=学校内・校舎外（園内・園舎外） | 被災学年=5,19,0.012002526847757423,1.2003
2,発生場所2=運動場・校庭（園庭） | 被災学年=5,19,0.012002526847757423,1.2003
2,場合別2=体育的部活動 | 発生場所2=その他,19,0.012002526847757423,1.2003
2,競技種目=サッカー・フットサル | 被災学年=3,19,0.012002526847757423,1.2003
2,性別=男 | 被災学校種=特高,19,0.012002526847757423,1.2003
2,場合別1=休憩時間 | 被災学年=6,19,0.012002526847757423,1.2003
2,発生場所2=道路 | 給付年度=18,19,0.012002526847757423,1.2003
2,和暦=平成 | 場合別2=運動会・体育祭,19,0.012002526847757423,1.2003
2,発生場所2=廊下 | 被災学年=3,19,0.012002526847757423,1.2003
2,給付年度=18 | 通学方法=自転車,19,0.012002526847757423,1.2003
2,場合別1=休憩時間 | 給付年度=22,19,0.012002526847757423,1.2003
2,給付年度=24 | 被災学年=1,19,0.012002526847757423,1.2003
2,競技種目=野球（含軟式） | 給付年度=24,19,0.012002526847757423,1.2003
2,給付年度=28 | 被災学校種=小,19,0.012002526847757423,1.2003
2,場合別1=各教科等 | 給付年度=29,19,0.012002526847757423,1.2003
2,発生場所1=学校内・校舎内（園内・園舎内） | 給付年度=1,19,0.012002526847757423,1.2003
2,発生場所1=学校外（園外） | 給付年度=1,19,0.012002526847757423,1.2003
2,発生場所1=学校内・校舎内（園内・園舎内） | 給付年度=2,19,0.012002526847757423,1.2003
2,場合別2=体育的部活動 | 給付年度=5,19,0.012002526847757423,1.2003
2,発生場所2=教室（保育室） | 被災学年=2,18,0.011370814908401769,1.1371
2,場合別1=通学中 | 給付年度=17,18,0.011370814908401769,1.1371
2,発生場所2=道路 | 給付年度=17,18,0.011370814908401769,1.1371
2,競技種目=野球（含軟式） | 給付年度=17,18,0.011370814908401769,1.1371
2,場合別2=授業終了後の特定時間中 | 被災学校種=中,18,0.011370814908401769,1.1371
2,発生場所2=学校外体育館 | 被災学年=1,18,0.011370814908401769,1.1371
2,和暦=平成 | 競技種目=ホッケー,18,0.011370814908401769,1.1371
2,場合別1=各教科等 | 給付年度=18,18,0.011370814908401769,1.1371
2,和暦=平成 | 場合別2=その他の教科,18,0.011370814908401769,1.1371
2,場合別2=昼食時休憩時間中 | 性別=女,18,0.011370814908401769,1.1371
2,被災学年=1 | 被災学校種=小,18,0.011370814908401769,1.1371
2,発生場所2=体育館・屋内運動場 | 給付年度=20,18,0.011370814908401769,1.1371
2,場合別1=各教科等 | 給付年度=21,18,0.011370814908401769,1.1371
2,発生場所2=道路 | 給付年度=21,18,0.011370814908401769,1.1371
2,給付年度=23 | 被災学校種=小,18,0.011370814908401769,1.1371
2,場合別1=通学中 | 給付年度=23,18,0.011370814908401769,1.1371
2,給付年度=23 | 被災学校種=中,18,0.011370814908401769,1.1371
2,競技種目=野球（含軟式） | 給付年度=23,18,0.011370814908401769,1.1371
2,性別=女 | 給付年度=25,18,0.011370814908401769,1.1371
2,給付年度=1 | 被災学年=3,18,0.011370814908401769,1.1371
2,給付年度=1 | 被災学年=2,18,0.011370814908401769,1.1371
2,和暦=令和 | 発生場所2=学校外運動場・競技場,18,0.011370814908401769,1.1371
2,競技種目=野球（含軟式） | 給付年度=2,18,0.011370814908401769,1.1371
2,発生場所1=学校内・校舎外（園内・園舎外） | 給付年度=4,18,0.011370814908401769,1.1371
2,発生場所2=運動場・校庭（園庭） | 被災学年=6,17,0.010739102969046115,1.0739
2,和暦=平成 | 競技種目=その他,17,0.010739102969046115,1.0739
2,場合別1=各教科等 | 競技種目=その他,17,0.010739102969046115,1.0739
2,場合別2=体育（保健体育） | 競技種目=その他,17,0.010739102969046115,1.0739
2,発生場所1=学校外（園外） | 発生場所2=山林野（含スキー場）,17,0.010739102969046115,1.0739
2,発生場所2=その他 | 被災学年=1,17,0.010739102969046115,1.0739
2,発生場所2=その他 | 被災学校種=中,17,0.010739102969046115,1.0739
2,場合別1=休憩時間 | 発生場所2=体育館・屋内運動場,17,0.010739102969046115,1.0739
2,場合別2=昼食時休憩時間中 | 発生場所2=教室（保育室）,17,0.010739102969046115,1.0739
2,場合別1=学校行事 | 被災学年=1,17,0.010739102969046115,1.0739
2,場合別2=休憩時間中 | 被災学年=1,17,0.010739102969046115,1.0739
2,場合別2=昼食時休憩時間中 | 発生場所2=廊下,17,0.010739102969046115,1.0739
2,場合別1=各教科等 | 給付年度=19,17,0.010739102969046115,1.0739
2,場合別1=通学中 | 給付年度=19,17,0.010739102969046115,1.0739
2,場合別1=各教科等 | 発生場所1=学校外（園外）,17,0.010739102969046115,1.0739
2,場合別1=休憩時間 | 給付年度=21,17,0.010739102969046115,1.0739
2,発生場所2=道路 | 給付年度=22,17,0.010739102969046115,1.0739
2,発生場所2=道路 | 給付年度=23,17,0.010739102969046115,1.0739
2,給付年度=25 | 被災学校種=中,17,0.010739102969046115,1.0739
2,場合別1=休憩時間 | 給付年度=26,17,0.010739102969046115,1.0739
2,場合別1=各教科等 | 給付年度=27,17,0.010739102969046115,1.0739
2,和暦=令和 | 発生場所2=廊下,17,0.010739102969046115,1.0739
2,和暦=令和 | 競技種目=サッカー・フットサル,17,0.010739102969046115,1.0739
2,発生場所1=学校内・校舎内（園内・園舎内） | 給付年度=4,17,0.010739102969046115,1.0739
2,発生場所2=運動場・校庭（園庭） | 給付年度=4,17,0.010739102969046115,1.0739
2,給付年度=4 | 被災学年=2,17,0.010739102969046115,1.0739
2,給付年度=5 | 被災学年=2,17,0.010739102969046115,1.0739
2,発生場所2=体育館・屋内運動場 | 給付年度=17,16,0.01010739102969046,1.0107
2,場合別1=特別活動（除学校行事） | 発生場所2=教室（保育室）,16,0.01010739102969046,1.0107
2,発生場所1=学校内・校舎外（園内・園舎外） | 発生場所2=プール,16,0.01010739102969046,1.0107
2,場合別1=休憩時間 | 給付年度=17,16,0.01010739102969046,1.0107
2,場合別2=始業前の特定時間中 | 発生場所1=学校内・校舎内（園内・園舎内）,16,0.01010739102969046,1.0107
2,性別=女 | 競技種目=その他,16,0.01010739102969046,1.0107
2,場合別1=特別活動（除学校行事） | 被災学校種=中,16,0.01010739102969046,1.0107
2,和暦=平成 | 発生場所2=山林野（含スキー場）,16,0.01010739102969046,1.0107
2,場合別1=休憩時間 | 発生場所2=階段,16,0.01010739102969046,1.0107
2,性別=男 | 発生場所2=階段,16,0.01010739102969046,1.0107
2,場合別2=授業終了後の特定時間中 | 被災学校種=高,16,0.01010739102969046,1.0107
2,発生場所1=学校内・校舎内（園内・園舎内） | 被災学校種=特高,16,0.01010739102969046,1.0107
2,場合別2=体育（保健体育） | 給付年度=18,16,0.01010739102969046,1.0107
2,発生場所2=体育館・屋内運動場 | 給付年度=19,16,0.01010739102969046,1.0107
2,性別=男 | 競技種目=バレーボール,16,0.01010739102969046,1.0107
2,給付年度=23 | 通学方法=自転車,16,0.01010739102969046,1.0107
2,場合別1=休憩時間 | 給付年度=24,16,0.01010739102969046,1.0107
2,発生場所2=道路 | 給付年度=26,16,0.01010739102969046,1.0107
2,給付年度=28 | 被災学校種=中,16,0.01010739102969046,1.0107
2,場合別2=体育（保健体育） | 給付年度=29,16,0.01010739102969046,1.0107
2,発生場所1=学校外（園外） | 給付年度=29,16,0.01010739102969046,1.0107
2,給付年度=29 | 被災学校種=中,16,0.01010739102969046,1.0107
2,給付年度=30 | 被災学校種=中,16,0.01010739102969046,1.0107
2,発生場所1=学校内・校舎外（園内・園舎外） | 給付年度=3,16,0.01010739102969046,1.0107
2,発生場所2=運動場・校庭（園庭） | 給付年度=3,16,0.01010739102969046,1.0107
2,給付年度=3 | 被災学年=2,16,0.01010739102969046,1.0107
2,場合別1=課外指導 | 給付年度=3,16,0.01010739102969046,1.0107
2,場合別2=体育的部活動 | 給付年度=3,16,0.01010739102969046,1.0107
3,和暦=平成 | 性別=男 | 被災学校種=高,591,0.3733417561591914,37.3342
3,場合別1=課外指導 | 場合別2=体育的部活動 | 性別=男,576,0.3638660770688566,36.3866
3,和暦=平成 | 場合別1=課外指導 | 場合別2=体育的部活動,561,0.3543903979785218,35.439
3,場合別1=課外指導 | 場合別2=体育的部活動 | 被災学校種=高,535,0.3379658875552748,33.7966
3,和暦=平成 | 場合別1=課外指導 | 性別=男,487,0.3076437144662034,30.7644
3,和暦=平成 | 場合別2=体育的部活動 | 性別=男,479,0.3025900189513582,30.259
3,場合別1=課外指導 | 性別=男 | 被災学校種=高,479,0.3025900189513582,30.259
3,場合別2=体育的部活動 | 性別=男 | 被災学校種=高,475,0.30006317119393555,30.0063
3,性別=男 | 発生場所1=学校内・校舎外（園内・園舎外） | 発生場所2=運動場・校庭（園庭）,473,0.29879974731522424,29.88
3,和暦=平成 | 発生場所1=学校内・校舎外（園内・園舎外） | 発生場所2=運動場・校庭（園庭）,468,0.295641187618446,29.5641
3,和暦=平成 | 場合別1=課外指導 | 被災学校種=高,448,0.2830069488313329,28.3007
3,和暦=平成 | 場合別2=体育的部活動 | 被災学校種=高,444,0.2804801010739103,28.048
3,和暦=平成 | 性別=男 | 発生場所1=学校内・校舎外（園内・園舎外）,413,0.260897030953885,26.0897
3,和暦=平成 | 性別=男 | 発生場所2=運動場・校庭（園庭）,391,0.24699936828806066,24.6999
3,場合別1=課外指導 | 場合別2=体育的部活動 | 発生場所1=学校内・校舎外（園内・園舎外）,364,0.229943145925458,22.9943
3,発生場所1=学校内・校舎外（園内・園舎外） | 発生場所2=運動場・校庭（園庭） | 被災学校種=高,360,0.22741629816803538,22.7416
3,和暦=平成 | 性別=男 | 被災学年=2,358,0.22615287428932407,22.6153
3,場合別1=課外指導 | 場合別2=体育的部活動 | 発生場所2=運動場・校庭（園庭）,354,0.22362602653190145,22.3626
3,場合別1=課外指導 | 発生場所1=学校内・校舎外（園内・園舎外） | 発生場所2=運動場・校庭（園庭）,353,0.2229943145925458,22.2994
3,場合別2=体育的部活動 | 発生場所1=学校内・校舎外（園内・園舎外） | 発生場所2=運動場・校庭（園庭）,353,0.2229943145925458,22.2994
3,場合別1=課外指導 | 場合別2=体育的部活動 | 競技種目=野球（含軟式）,348,0.21983575489576754,21.9836
3,場合別1=課外指導 | 性別=男 | 競技種目=野球（含軟式）,344,0.21730890713834491,21.7309
3,場合別2=体育的部活動 | 性別=男 | 競技種目=野球（含軟式）,344,0.21730890713834491,21.7309
3,性別=男 | 発生場所1=学校内・校舎外（園内・園舎外） | 被災学校種=高,336,0.2122552116234997,21.2255
3,場合別1=課外指導 | 性別=男 | 発生場所1=学校内・校舎外（園内・園舎外）,333,0.21036007580543273,21.036
3,場合別2=体育的部活動 | 性別=男 | 発生場所1=学校内・校舎外（園内・園舎外）,331,0.20909665192672142,20.9097
3,性別=男 | 発生場所2=運動場・校庭（園庭） | 被災学校種=高,326,0.20593809222994314,20.5938
3,場合別1=課外指導 | 性別=男 | 発生場所2=運動場・校庭（園庭）,323,0.2040429564118762,20.4043
3,場合別2=体育的部活動 | 性別=男 | 発生場所2=運動場・校庭（園庭）,323,0.2040429564118762,20.4043
3,和暦=平成 | 発生場所1=学校内・校舎外（園内・園舎外） | 被災学校種=高,306,0.19330385344283008,19.3304
3,場合別1=課外指導 | 競技種目=野球（含軟式） | 被災学校種=高,305,0.19267214150347442,19.2672
3,場合別2=体育的部活動 | 競技種目=野球（含軟式） | 被災学校種=高,305,0.19267214150347442,19.2672
3,性別=男 | 競技種目=野球（含軟式） | 被災学校種=高,301,0.1901452937460518,19.0145
3,和暦=平成 | 性別=男 | 発生場所1=学校外（園外）,300,0.18951358180669614,18.9514
3,和暦=平成 | 場合別1=課外指導 | 発生場所1=学校内・校舎外（園内・園舎外）,300,0.18951358180669614,18.9514
3,場合別1=課外指導 | 発生場所1=学校内・校舎外（園内・園舎外） | 被災学校種=高,299,0.18888186986734049,18.8882
3,場合別2=体育的部活動 | 発生場所1=学校内・校舎外（園内・園舎外） | 被災学校種=高,299,0.18888186986734049,18.8882
3,和暦=平成 | 場合別2=体育的部活動 | 発生場所1=学校内・校舎外（園内・園舎外）,298,0.18825015792798483,18.825
3,場合別1=課外指導 | 場合別2=体育的部活動 | 被災学年=2,297,0.18761844598862917,18.7618
3,和暦=平成 | 発生場所2=運動場・校庭（園庭） | 被災学校種=高,295,0.1863550221099179,18.6355
3,和暦=平成 | 被災学年=2 | 被災学校種=高,295,0.1863550221099179,18.6355
3,場合別1=課外指導 | 発生場所2=運動場・校庭（園庭） | 被災学校種=高,294,0.18572331017056223,18.5723
3,場合別2=体育的部活動 | 発生場所2=運動場・校庭（園庭） | 被災学校種=高,294,0.18572331017056223,18.5723
3,性別=男 | 被災学年=2 | 被災学校種=高,293,0.18509159823120658,18.5092
3,和暦=平成 | 性別=男 | 被災学年=1,291,0.18382817435249527,18.3828
3,和暦=平成 | 場合別1=課外指導 | 発生場所2=運動場・校庭（園庭）,290,0.1831964624131396,18.3196
3,和暦=平成 | 場合別2=体育的部活動 | 発生場所2=運動場・校庭（園庭）,290,0.1831964624131396,18.3196
3,和暦=平成 | 性別=男 | 競技種目=野球（含軟式）,286,0.180669614655717,18.067
3,和暦=平成 | 場合別1=課外指導 | 競技種目=野球（含軟式）,285,0.18003790271636133,18.0038
3,和暦=平成 | 場合別2=体育的部活動 | 競技種目=野球（含軟式）,285,0.18003790271636133,18.0038
3,和暦=平成 | 発生場所1=学校外（園外） | 被災学校種=高,274,0.17308907138344914,17.3089
3,和暦=平成 | 性別=男 | 発生場所1=学校内・校舎内（園内・園舎内）,271,0.17119393556538218,17.1194
3,発生場所1=学校内・校舎外（園内・園舎外） | 発生場所2=運動場・校庭（園庭） | 競技種目=野球（含軟式）,261,0.16487681617182565,16.4877
3,場合別1=課外指導 | 発生場所1=学校内・校舎外（園内・園舎外） | 競技種目=野球（含軟式）,259,0.16361339229311433,16.3613
3,場合別2=体育的部活動 | 発生場所1=学校内・校舎外（園内・園舎外） | 競技種目=野球（含軟式）,259,0.16361339229311433,16.3613
3,性別=男 | 被災学年=1 | 被災学校種=高,259,0.16361339229311433,16.3613
3,和暦=平成 | 場合別1=課外指導 | 被災学年=2,258,0.16298168035375868,16.2982
3,場合別1=課外指導 | 発生場所2=運動場・校庭（園庭） | 競技種目=野球（含軟式）,258,0.16298168035375868,16.2982
3,場合別2=体育的部活動 | 発生場所2=運動場・校庭（園庭） | 競技種目=野球（含軟式）,258,0.16298168035375868,16.2982
3,性別=男 | 発生場所1=学校内・校舎外（園内・園舎外） | 競技種目=野球（含軟式）,258,0.16298168035375868,16.2982
3,性別=男 | 発生場所2=運動場・校庭（園庭） | 競技種目=野球（含軟式）,257,0.16234996841440302,16.235
3,場合別1=課外指導 | 性別=男 | 被災学年=2,256,0.16171825647504737,16.1718
3,場合別1=通学中 | 発生場所1=学校外（園外） | 発生場所2=道路,254,0.16045483259633608,16.0455
3,和暦=平成 | 場合別2=体育的部活動 | 被災学年=2,253,0.15982312065698043,15.9823
3,和暦=平成 | 被災学年=1 | 被災学校種=高,252,0.15919140871762477,15.9191
3,和暦=平成 | 競技種目=野球（含軟式） | 被災学校種=高,251,0.15855969677826912,15.856
3,場合別2=体育的部活動 | 性別=男 | 被災学年=2,250,0.15792798483891346,15.7928
3,性別=男 | 発生場所1=学校外（園外） | 被災学校種=高,249,0.1572962728995578,15.7296
3,和暦=平成 | 性別=男 | 被災学年=3,245,0.15476942514213518,15.4769
3,場合別1=課外指導 | 場合別2=体育的部活動 | 被災学年=1,243,0.15350600126342387,15.3506
3,場合別1=課外指導 | 被災学年=2 | 被災学校種=高,241,0.15224257738471256,15.2243
3,場合別2=体育的部活動 | 被災学年=2 | 被災学校種=高,237,0.14971572962728996,14.9716
3,発生場所2=運動場・校庭（園庭） | 競技種目=野球（含軟式） | 被災学校種=高,229,0.14466203411244472,14.4662
3,発生場所1=学校内・校舎外（園内・園舎外） | 競技種目=野球（含軟式） | 被災学校種=高,228,0.14403032217308906,14.403
3,和暦=平成 | 性別=男 | 被災学校種=中,225,0.14213518635502212,14.2135
3,和暦=平成 | 発生場所1=学校外（園外） | 発生場所2=道路,223,0.1408717624763108,14.0872
3,場合別1=通学中 | 発生場所1=学校外（園外） | 通学方法=自転車,218,0.13771320277953253,13.7713
3,場合別1=通学中 | 発生場所2=道路 | 通学方法=自転車,217,0.13708149084017687,13.7081
3,発生場所1=学校外（園外） | 発生場所2=道路 | 通学方法=自転車,217,0.13708149084017687,13.7081
3,場合別1=課外指導 | 性別=男 | 被災学年=1,214,0.1351863550221099,13.5186
3,和暦=平成 | 場合別1=通学中 | 発生場所1=学校外（園外）,213,0.13455464308275428,13.4555
3,和暦=平成 | 発生場所1=学校内・校舎外（園内・園舎外） | 競技種目=野球（含軟式）,213,0.13455464308275428,13.4555
3,場合別2=体育的部活動 | 性別=男 | 被災学年=1,212,0.13392293114339862,13.3923
3,和暦=平成 | 発生場所2=運動場・校庭（園庭） | 競技種目=野球（含軟式）,212,0.13392293114339862,13.3923
3,和暦=平成 | 場合別1=通学中 | 発生場所2=道路,206,0.1301326595072647,13.0133
3,和暦=平成 | 発生場所1=学校内・校舎内（園内・園舎内） | 発生場所2=体育館・屋内運動場,201,0.1269740998104864,12.6974
3,和暦=平成 | 場合別1=課外指導 | 被災学年=1,200,0.12634238787113075,12.6342
3,和暦=平成 | 場合別2=体育的部活動 | 被災学年=1,197,0.1244472520530638,12.4447
3,場合別1=課外指導 | 被災学年=1 | 被災学校種=高,195,0.1231838281743525,12.3184
3,場合別2=体育的部活動 | 被災学年=1 | 被災学校種=高,194,0.12255211623499684,12.2552
3,発生場所1=学校内・校舎外（園内・園舎外） | 発生場所2=運動場・校庭（園庭） | 被災学年=2,193,0.12192040429564119,12.192
3,発生場所1=学校内・校舎外（園内・園舎外） | 発生場所2=運動場・校庭（園庭） | 被災学年=1,183,0.11560328490208464,11.5603
3,和暦=平成 | 被災学年=3 | 被災学校種=高,179,0.11307643714466203,11.3076
3,性別=男 | 発生場所1=学校内・校舎外（園内・園舎外） | 被災学年=2,177,0.11181301326595072,11.1813
3,和暦=平成 | 発生場所1=学校内・校舎外（園内・園舎外） | 被災学年=2,175,0.11054958938723942,11.055
3,場合別1=課外指導 | 場合別2=体育的部活動 | 発生場所1=学校外（園外）,174,0.10991787744788377,10.9918
3,和暦=平成 | 場合別1=通学中 | 通学方法=自転車,173,0.10928616550852811,10.9286
3,和暦=平成 | 発生場所1=学校外（園外） | 通学方法=自転車,173,0.10928616550852811,10.9286
3,性別=男 | 発生場所1=学校外（園外） | 発生場所2=道路,173,0.10928616550852811,10.9286
3,性別=男 | 発生場所1=学校内・校舎内（園内・園舎内） | 発生場所2=体育館・屋内運動場,172,0.10865445356917246,10.8654
3,和暦=平成 | 発生場所2=道路 | 通学方法=自転車,172,0.10865445356917246,10.8654
3,発生場所1=学校外（園外） | 発生場所2=道路 | 被災学校種=高,169,0.10675931775110549,10.6759
3,性別=男 | 発生場所2=運動場・校庭（園庭） | 被災学年=2,167,0.10549589387239419,10.5496
3,場合別1=通学中 | 発生場所1=学校外（園外） | 被災学校種=高,166,0.10486418193303854,10.4864
3,和暦=平成 | 発生場所2=運動場・校庭（園庭） | 被災学年=2,165,0.10423246999368288,10.4232
3,場合別1=通学中 | 性別=男 | 発生場所1=学校外（園外）,165,0.10423246999368288,10.4232
3,性別=男 | 発生場所1=学校内・校舎外（園内・園舎外） | 被災学年=1,165,0.10423246999368288,10.4232
3,性別=男 | 被災学年=3 | 被災学校種=高,165,0.10423246999368288,10.4232
3,場合別1=通学中 | 発生場所2=道路 | 被災学校種=高,164,0.10360075805432722,10.3601
3,性別=男 | 発生場所2=運動場・校庭（園庭） | 被災学年=1,162,0.10233733417561591,10.2337
3,場合別1=通学中 | 性別=男 | 発生場所2=道路,161,0.10170562223626027,10.1706
3,場合別1=通学中 | 被災学校種=高 | 通学方法=自転車,160,0.10107391029690461,10.1074
3,発生場所1=学校外（園外） | 被災学校種=高 | 通学方法=自転車,160,0.10107391029690461,10.1074
3,発生場所2=道路 | 被災学校種=高 | 通学方法=自転車,159,0.10044219835754896,10.0442
3,和暦=平成 | 場合別1=各教科等 | 場合別2=体育（保健体育）,153,0.09665192672141504,9.6652
3,和暦=平成 | 場合別1=課外指導 | 発生場所1=学校外（園外）,153,0.09665192672141504,9.6652
3,場合別1=課外指導 | 性別=男 | 発生場所1=学校外（園外）,152,0.09602021478205938,9.602
3,場合別1=課外指導 | 競技種目=野球（含軟式） | 被災学年=2,152,0.09602021478205938,9.602
3,場合別2=体育的部活動 | 競技種目=野球（含軟式） | 被災学年=2,152,0.09602021478205938,9.602
3,場合別1=課外指導 | 発生場所1=学校内・校舎外（園内・園舎外） | 被災学年=2,151,0.09538850284270373,9.5389
3,和暦=平成 | 発生場所1=学校外（園外） | 被災学年=2,150,0.09475679090334807,9.4757
3,性別=男 | 競技種目=野球（含軟式） | 被災学年=2,150,0.09475679090334807,9.4757
3,和暦=平成 | 場合別2=体育的部活動 | 発生場所1=学校外（園外）,149,0.09412507896399241,9.4125
3,場合別2=体育的部活動 | 性別=男 | 発生場所1=学校外（園外）,149,0.09412507896399241,9.4125
3,場合別2=体育的部活動 | 発生場所1=学校内・校舎外（園内・園舎外） | 被災学年=2,149,0.09412507896399241,9.4125
3,場合別1=課外指導 | 発生場所1=学校外（園外） | 被災学校種=高,149,0.09412507896399241,9.4125
3,和暦=平成 | 発生場所1=学校内・校舎内（園内・園舎内） | 被災学校種=高,148,0.09349336702463676,9.3493
3,場合別2=体育的部活動 | 発生場所1=学校外（園外） | 被災学校種=高,147,0.09286165508528112,9.2862
3,発生場所1=学校内・校舎外（園内・園舎外） | 被災学年=1 | 被災学校種=高,146,0.09222994314592546,9.223
3,和暦=平成 | 発生場所1=学校内・校舎外（園内・園舎外） | 被災学年=1,145,0.0915982312065698,9.1598
3,場合別1=課外指導 | 発生場所1=学校内・校舎外（園内・園舎外） | 被災学年=1,145,0.0915982312065698,9.1598
3,場合別2=体育的部活動 | 発生場所1=学校内・校舎外（園内・園舎外） | 被災学年=1,145,0.0915982312065698,9.1598
3,発生場所2=運動場・校庭（園庭） | 被災学年=1 | 被災学校種=高,145,0.0915982312065698,9.1598
3,和暦=平成 | 場合別1=休憩時間 | 性別=男,144,0.09096651926721415,9.0967
3,場合別1=課外指導 | 発生場所2=運動場・校庭（園庭） | 被災学年=1,144,0.09096651926721415,9.0967
3,場合別2=体育的部活動 | 発生場所2=運動場・校庭（園庭） | 被災学年=1,144,0.09096651926721415,9.0967
3,場合別1=課外指導 | 発生場所2=運動場・校庭（園庭） | 被災学年=2,144,0.09096651926721415,9.0967
3,場合別2=体育的部活動 | 発生場所2=運動場・校庭（園庭） | 被災学年=2,144,0.09096651926721415,9.0967
3,発生場所1=学校内・校舎内（園内・園舎内） | 発生場所2=体育館・屋内運動場 | 被災学校種=高,143,0.0903348073278585,9.0335
3,和暦=平成 | 発生場所1=学校外（園外） | 被災学年=1,142,0.08970309538850284,8.9703
3,和暦=平成 | 発生場所2=運動場・校庭（園庭） | 被災学年=1,142,0.08970309538850284,8.9703
3,発生場所1=学校内・校舎外（園内・園舎外） | 被災学年=2 | 被災学校種=高,142,0.08970309538850284,8.9703
3,場合別1=各教科等 | 場合別2=体育（保健体育） | 性別=男,140,0.08843967150979154,8.844
3,和暦=平成 | 性別=男 | 発生場所2=道路,140,0.08843967150979154,8.844
3,性別=男 | 発生場所1=学校外（園外） | 被災学年=2,140,0.08843967150979154,8.844
3,和暦=平成 | 性別=男 | 発生場所2=体育館・屋内運動場,138,0.08717624763108023,8.7176
3,和暦=平成 | 性別=女 | 被災学校種=高,137,0.08654453569172457,8.6545
3,場合別1=通学中 | 性別=男 | 通学方法=自転車,137,0.08654453569172457,8.6545
3,性別=男 | 発生場所1=学校外（園外） | 通学方法=自転車,137,0.08654453569172457,8.6545
3,性別=男 | 発生場所2=道路 | 通学方法=自転車,137,0.08654453569172457,8.6545
3,場合別1=課外指導 | 場合別2=体育的部活動 | 発生場所1=学校内・校舎内（園内・園舎内）,136,0.08591282375236892,8.5913
3,和暦=平成 | 場合別1=休憩時間 | 発生場所1=学校内・校舎内（園内・園舎内）,135,0.08528111181301326,8.5281
3,場合別1=通学中 | 場合別2=下校（降園）中 | 発生場所1=学校外（園外）,135,0.08528111181301326,8.5281
3,発生場所2=運動場・校庭（園庭） | 被災学年=2 | 被災学校種=高,135,0.08528111181301326,8.5281
3,発生場所1=学校外（園外） | 被災学年=2 | 被災学校種=高,135,0.08528111181301326,8.5281
3,場合別1=課外指導 | 競技種目=野球（含軟式） | 被災学年=1,135,0.08528111181301326,8.5281
3,場合別2=体育的部活動 | 競技種目=野球（含軟式） | 被災学年=1,135,0.08528111181301326,8.5281
3,性別=男 | 競技種目=野球（含軟式） | 被災学年=1,135,0.08528111181301326,8.5281
3,競技種目=野球（含軟式） | 被災学年=2 | 被災学校種=高,135,0.08528111181301326,8.5281
3,和暦=平成 | 発生場所2=道路 | 被災学校種=高,135,0.08528111181301326,8.5281
3,発生場所1=学校内・校舎外（園内・園舎外） | 発生場所2=運動場・校庭（園庭） | 被災学年=3,134,0.08464939987365762,8.4649
3,性別=男 | 発生場所1=学校内・校舎内（園内・園舎内） | 被災学校種=高,134,0.08464939987365762,8.4649
3,和暦=平成 | 性別=男 | 被災学校種=小,133,0.08401768793430196,8.4018
3,和暦=平成 | 場合別1=通学中 | 性別=男,133,0.08401768793430196,8.4018
3,和暦=平成 | 性別=女 | 発生場所1=学校内・校舎内（園内・園舎内）,132,0.08338597599494631,8.3386
3,場合別1=通学中 | 場合別2=下校（降園）中 | 発生場所2=道路,132,0.08338597599494631,8.3386
3,場合別2=下校（降園）中 | 発生場所1=学校外（園外） | 発生場所2=道路,132,0.08338597599494631,8.3386
3,和暦=平成 | 競技種目=野球（含軟式） | 被災学年=2,132,0.08338597599494631,8.3386
3,和暦=平成 | 場合別1=通学中 | 被災学校種=高,132,0.08338597599494631,8.3386
3,和暦=平成 | 発生場所1=学校内・校舎内（園内・園舎内） | 被災学年=2,131,0.08275426405559065,8.2754
3,和暦=平成 | 発生場所1=学校内・校舎内（園内・園舎内） | 被災学校種=中,131,0.08275426405559065,8.2754
3,和暦=平成 | 場合別1=各教科等 | 性別=男,130,0.082122552116235,8.2123
3,場合別1=課外指導 | 場合別2=体育的部活動 | 被災学校種=中,129,0.08149084017687934,8.1491
3,場合別1=課外指導 | 場合別2=体育的部活動 | 被災学年=3,129,0.08149084017687934,8.1491
3,和暦=令和 | 性別=男 | 被災学校種=高,128,0.08085912823752368,8.0859
3,和暦=平成 | 被災学校種=高 | 通学方法=自転車,126,0.07959570435881239,7.9596
3,性別=男 | 発生場所1=学校外（園外） | 被災学年=1,125,0.07896399241945673,7.8964
3,発生場所1=学校外（園外） | 被災学年=1 | 被災学校種=高,125,0.07896399241945673,7.8964
3,和暦=平成 | 発生場所1=学校内・校舎外（園内・園舎外） | 被災学年=3,124,0.07833228048010107,7.8332
3,場合別1=課外指導 | 発生場所1=学校内・校舎内（園内・園舎内） | 発生場所2=体育館・屋内運動場,120,0.07580543272267846,7.5805
3,場合別1=課外指導 | 場合別2=体育的部活動 | 発生場所2=体育館・屋内運動場,119,0.07517372078332281,7.5174
3,場合別2=体育的部活動 | 発生場所1=学校内・校舎内（園内・園舎内） | 発生場所2=体育館・屋内運動場,119,0.07517372078332281,7.5174
3,場合別1=休憩時間 | 性別=男 | 発生場所1=学校内・校舎内（園内・園舎内）,118,0.07454200884396715,7.4542
3,和暦=平成 | 場合別1=課外指導 | 発生場所1=学校内・校舎内（園内・園舎内）,118,0.07454200884396715,7.4542
3,和暦=平成 | 発生場所2=体育館・屋内運動場 | 被災学校種=高,118,0.07454200884396715,7.4542
3,和暦=平成 | 発生場所1=学校内・校舎内（園内・園舎内） | 被災学年=3,117,0.0739102969046115,7.391
3,場合別1=通学中 | 場合別2=登校（登園）中 | 発生場所1=学校外（園外）,117,0.0739102969046115,7.391
3,和暦=平成 | 被災学年=2 | 被災学校種=中,117,0.0739102969046115,7.391
3,競技種目=野球（含軟式） | 被災学年=1 | 被災学校種=高,117,0.0739102969046115,7.391
3,性別=男 | 発生場所1=学校内・校舎外（園内・園舎外） | 被災学年=3,116,0.07327858496525584,7.3279
3,場合別1=課外指導 | 場合別2=体育的部活動 | 発生場所2=学校外運動場・競技場,116,0.07327858496525584,7.3279
3,場合別1=課外指導 | 発生場所1=学校外（園外） | 発生場所2=学校外運動場・競技場,116,0.07327858496525584,7.3279
3,場合別2=体育的部活動 | 発生場所1=学校外（園外） | 発生場所2=学校外運動場・競技場,116,0.07327858496525584,7.3279
3,和暦=平成 | 場合別1=通学中 | 場合別2=下校（降園）中,115,0.07264687302590019,7.2647
3,和暦=平成 | 場合別2=下校（降園）中 | 発生場所1=学校外（園外）,115,0.07264687302590019,7.2647
3,発生場所1=学校内・校舎外（園内・園舎外） | 発生場所2=運動場・校庭（園庭） | 被災学校種=中,115,0.07264687302590019,7.2647
3,和暦=平成 | 性別=女 | 発生場所1=学校外（園外）,114,0.07201516108654453,7.2015
3,和暦=平成 | 発生場所2=運動場・校庭（園庭） | 被災学年=3,114,0.07201516108654453,7.2015
3,和暦=平成 | 場合別2=体育的部活動 | 発生場所1=学校内・校舎内（園内・園舎内）,114,0.07201516108654453,7.2015
3,性別=男 | 発生場所1=学校内・校舎内（園内・園舎内） | 被災学年=2,113,0.07138344914718889,7.1383
3,場合別1=通学中 | 場合別2=登校（登園）中 | 発生場所2=道路,113,0.07138344914718889,7.1383
3,場合別2=登校（登園）中 | 発生場所1=学校外（園外） | 発生場所2=道路,113,0.07138344914718889,7.1383
3,性別=男 | 発生場所1=学校内・校舎内（園内・園舎内） | 被災学校種=中,113,0.07138344914718889,7.1383
3,和暦=令和 | 場合別1=課外指導 | 場合別2=体育的部活動,113,0.07138344914718889,7.1383
3,和暦=平成 | 場合別2=下校（降園）中 | 発生場所2=道路,112,0.07075173720783323,7.0752
3,和暦=平成 | 場合別1=課外指導 | 被災学校種=中,112,0.07075173720783323,7.0752
3,和暦=平成 | 場合別2=体育（保健体育） | 性別=男,111,0.07012002526847758,7.012
3,性別=男 | 発生場所1=学校外（園外） | 発生場所2=学校外運動場・競技場,111,0.07012002526847758,7.012
3,場合別1=課外指導 | 性別=男 | 被災学年=3,110,0.06948831332912192,6.9488
3,発生場所1=学校内・校舎外（園内・園舎外） | 競技種目=野球（含軟式） | 被災学年=1,110,0.06948831332912192,6.9488
3,場合別2=体育的部活動 | 性別=男 | 被災学年=3,109,0.06885660138976626,6.8857
3,場合別1=課外指導 | 性別=男 | 発生場所2=学校外運動場・競技場,109,0.06885660138976626,6.8857
3,場合別2=体育的部活動 | 性別=男 | 発生場所2=学校外運動場・競技場,109,0.06885660138976626,6.8857
3,発生場所2=運動場・校庭（園庭） | 競技種目=野球（含軟式） | 被災学年=1,109,0.06885660138976626,6.8857
3,性別=男 | 発生場所2=道路 | 被災学校種=高,109,0.06885660138976626,6.8857
3,和暦=平成 | 場合別1=課外指導 | 被災学年=3,108,0.06822488945041061,6.8225
3,性別=男 | 発生場所2=運動場・校庭（園庭） | 被災学年=3,107,0.06759317751105495,6.7593
3,和暦=平成 | 場合別2=体育的部活動 | 被災学校種=中,107,0.06759317751105495,6.7593
3,発生場所1=学校外（園外） | 発生場所2=学校外運動場・競技場 | 被災学校種=高,107,0.06759317751105495,6.7593
3,和暦=平成 | 性別=男 | 通学方法=自転車,107,0.06759317751105495,6.7593
3,場合別1=通学中 | 場合別2=登校（登園）中 | 通学方法=自転車,106,0.06696146557169931,6.6961
3,場合別2=登校（登園）中 | 発生場所1=学校外（園外） | 通学方法=自転車,106,0.06696146557169931,6.6961
3,和暦=平成 | 場合別2=体育的部活動 | 被災学年=3,106,0.06696146557169931,6.6961
3,場合別1=課外指導 | 発生場所2=学校外運動場・競技場 | 被災学校種=高,106,0.06696146557169931,6.6961
3,場合別2=体育的部活動 | 発生場所2=学校外運動場・競技場 | 被災学校種=高,106,0.06696146557169931,6.6961
3,場合別2=登校（登園）中 | 発生場所2=道路 | 通学方法=自転車,105,0.06632975363234365,6.633
3,和暦=平成 | 発生場所1=学校内・校舎外（園内・園舎外） | 被災学校種=中,104,0.065698041692988,6.5698
3,和暦=平成 | 被災学年=3 | 被災学校種=中,104,0.065698041692988,6.5698
3,発生場所1=学校外（園外） | 発生場所2=道路 | 被災学年=1,104,0.065698041692988,6.5698
3,性別=男 | 発生場所2=体育館・屋内運動場 | 被災学校種=高,104,0.065698041692988,6.5698
3,和暦=平成 | 競技種目=野球（含軟式） | 被災学年=1,104,0.065698041692988,6.5698
3,場合別1=課外指導 | 被災学年=3 | 被災学校種=高,104,0.065698041692988,6.5698
3,場合別1=通学中 | 性別=男 | 被災学校種=高,104,0.065698041692988,6.5698
3,発生場所1=学校内・校舎外（園内・園舎外） | 競技種目=野球（含軟式） | 被災学年=2,103,0.06506632975363234,6.5066
3,発生場所2=運動場・校庭（園庭） | 競技種目=野球（含軟式） | 被災学年=2,103,0.06506632975363234,6.5066
3,場合別2=体育的部活動 | 被災学年=3 | 被災学校種=高,103,0.06506632975363234,6.5066
3,場合別1=通学中 | 場合別2=下校（降園）中 | 通学方法=自転車,103,0.06506632975363234,6.5066
3,場合別2=下校（降園）中 | 発生場所1=学校外（園外） | 通学方法=自転車,103,0.06506632975363234,6.5066
3,場合別2=下校（降園）中 | 発生場所2=道路 | 通学方法=自転車,103,0.06506632975363234,6.5066
3,性別=男 | 被災学年=2 | 被災学校種=中,102,0.06443461781427669,6.4435
3,和暦=平成 | 場合別1=課外指導 | 発生場所2=体育館・屋内運動場,102,0.06443461781427669,6.4435
3,性別=男 | 発生場所2=学校外運動場・競技場 | 被災学校種=高,102,0.06443461781427669,6.4435
3,和暦=平成 | 場合別2=体育的部活動 | 発生場所2=体育館・屋内運動場,101,0.06380290587492103,6.3803
3,和暦=平成 | 発生場所1=学校外（園外） | 発生場所2=学校外運動場・競技場,101,0.06380290587492103,6.3803
3,性別=女 | 発生場所1=学校外（園外） | 発生場所2=道路,100,0.06317119393556538,6.3171
3,場合別1=課外指導 | 性別=男 | 発生場所1=学校内・校舎内（園内・園舎内）,100,0.06317119393556538,6.3171
3,場合別1=通学中 | 発生場所1=学校外（園外） | 被災学年=1,100,0.06317119393556538,6.3171
3,性別=男 | 被災学校種=高 | 通学方法=自転車,100,0.06317119393556538,6.3171
3,和暦=平成 | 発生場所1=学校内・校舎内（園内・園舎内） | 被災学校種=小,99,0.06253948199620973,6.2539
3,和暦=平成 | 場合別1=課外指導 | 発生場所2=学校外運動場・競技場,99,0.06253948199620973,6.2539
3,和暦=平成 | 場合別2=体育的部活動 | 発生場所2=学校外運動場・競技場,99,0.06253948199620973,6.2539
3,場合別1=通学中 | 発生場所2=道路 | 被災学年=1,99,0.06253948199620973,6.2539
3,和暦=平成 | 性別=女 | 被災学年=2,98,0.06190777005685408,6.1908
3,場合別1=課外指導 | 場合別2=体育的部活動 | 性別=女,98,0.06190777005685408,6.1908
3,和暦=令和 | 発生場所1=学校内・校舎外（園内・園舎外） | 発生場所2=運動場・校庭（園庭）,98,0.06190777005685408,6.1908
3,和暦=令和 | 場合別1=課外指導 | 性別=男,98,0.06190777005685408,6.1908
3,場合別1=通学中 | 性別=女 | 発生場所1=学校外（園外）,97,0.06127605811749842,6.1276
3,和暦=令和 | 場合別2=体育的部活動 | 性別=男,97,0.06127605811749842,6.1276
3,性別=男 | 発生場所1=学校内・校舎内（園内・園舎内） | 被災学年=3,96,0.060644346178142766,6.0644
3,和暦=平成 | 発生場所1=学校外（園外） | 被災学年=3,96,0.060644346178142766,6.0644
3,場合別1=各教科等 | 場合別2=体育（保健体育） | 発生場所1=学校内・校舎外（園内・園舎外）,96,0.060644346178142766,6.0644
3,場合別2=体育的部活動 | 性別=男 | 発生場所1=学校内・校舎内（園内・園舎内）,96,0.060644346178142766,6.0644
3,和暦=平成 | 性別=男 | 給付年度=19,96,0.060644346178142766,6.0644
3,場合別1=各教科等 | 発生場所1=学校内・校舎外（園内・園舎外） | 発生場所2=運動場・校庭（園庭）,95,0.06001263423878711,6.0013
3,和暦=平成 | 場合別1=休憩時間 | 被災学校種=小,95,0.06001263423878711,6.0013
3,和暦=平成 | 発生場所2=運動場・校庭（園庭） | 被災学校種=中,95,0.06001263423878711,6.0013
3,性別=男 | 発生場所1=学校内・校舎外（園内・園舎外） | 被災学校種=中,95,0.06001263423878711,6.0013
3,場合別1=課外指導 | 性別=男 | 被災学校種=中,95,0.06001263423878711,6.0013
3,和暦=平成 | 性別=男 | 発生場所2=学校外運動場・競技場,95,0.06001263423878711,6.0013
3,場合別1=通学中 | 被災学年=1 | 通学方法=自転車,95,0.06001263423878711,6.0013
3,発生場所1=学校外（園外） | 被災学年=1 | 通学方法=自転車,95,0.06001263423878711,6.0013
3,発生場所2=道路 | 被災学年=1 | 通学方法=自転車,95,0.06001263423878711,6.0013
3,場合別1=各教科等 | 場合別2=体育（保健体育） | 被災学校種=高,94,0.05938092229943146,5.9381
3,性別=女 | 発生場所1=学校内・校舎外（園内・園舎外） | 発生場所2=運動場・校庭（園庭）,93,0.058749210360075806,5.8749
3,場合別1=通学中 | 性別=女 | 発生場所2=道路,93,0.058749210360075806,5.8749
3,和暦=平成 | 被災学年=1 | 被災学校種=中,93,0.058749210360075806,5.8749
3,場合別1=課外指導 | 発生場所1=学校内・校舎内（園内・園舎内） | 被災学校種=高,93,0.058749210360075806,5.8749
3,和暦=令和 | 場合別1=課外指導 | 被災学校種=高,93,0.058749210360075806,5.8749
3,和暦=平成 | 性別=女 | 被災学年=3,92,0.05811749842072015,5.8117
3,場合別1=通学中 | 場合別2=下校（降園）中 | 性別=男,91,0.0574857864813645,5.7486
3,場合別2=下校（降園）中 | 性別=男 | 発生場所1=学校外（園外）,91,0.0574857864813645,5.7486
3,性別=男 | 被災学年=3 | 被災学校種=中,91,0.0574857864813645,5.7486
3,場合別2=体育的部活動 | 性別=男 | 被災学校種=中,91,0.0574857864813645,5.7486
3,和暦=平成 | 発生場所2=学校外運動場・競技場 | 被災学校種=高,91,0.0574857864813645,5.7486
3,和暦=令和 | 場合別2=体育的部活動 | 被災学校種=高,91,0.0574857864813645,5.7486
3,場合別2=下校（降園）中 | 性別=男 | 発生場所2=道路,90,0.056854074542008845,5.6854
3,発生場所1=学校内・校舎内（園内・園舎内） | 発生場所2=体育館・屋内運動場 | 被災学年=2,90,0.056854074542008845,5.6854
3,和暦=平成 | 場合別1=各教科等 | 発生場所1=学校内・校舎内（園内・園舎内）,89,0.05622236260265319,5.6222
3,場合別1=各教科等 | 発生場所1=学校内・校舎内（園内・園舎内） | 発生場所2=体育館・屋内運動場,89,0.05622236260265319,5.6222
3,和暦=平成 | 場合別1=通学中 | 場合別2=登校（登園）中,89,0.05622236260265319,5.6222
3,和暦=平成 | 場合別2=登校（登園）中 | 発生場所1=学校外（園外）,89,0.05622236260265319,5.6222
3,場合別1=各教科等 | 場合別2=体育（保健体育） | 発生場所2=運動場・校庭（園庭）,89,0.05622236260265319,5.6222
3,場合別2=体育（保健体育） | 発生場所1=学校内・校舎外（園内・園舎外） | 発生場所2=運動場・校庭（園庭）,89,0.05622236260265319,5.6222
3,和暦=平成 | 性別=女 | 被災学校種=中,89,0.05622236260265319,5.6222
3,場合別2=体育的部活動 | 発生場所1=学校内・校舎内（園内・園舎内） | 被災学校種=高,89,0.05622236260265319,5.6222
3,場合別1=各教科等 | 場合別2=体育（保健体育） | 発生場所1=学校内・校舎内（園内・園舎内）,88,0.05559065066329753,5.5591
3,場合別1=課外指導 | 場合別2=体育的部活動 | 競技種目=バスケットボール,87,0.054958938723941884,5.4959
3,発生場所1=学校内・校舎外（園内・園舎外） | 被災学年=3 | 被災学校種=高,87,0.054958938723941884,5.4959
3,場合別1=課外指導 | 発生場所2=体育館・屋内運動場 | 被災学校種=高,87,0.054958938723941884,5.4959
3,場合別1=各教科等 | 場合別2=体育（保健体育） | 発生場所2=体育館・屋内運動場,86,0.05432722678458623,5.4327
3,場合別2=体育（保健体育） | 発生場所1=学校内・校舎内（園内・園舎内） | 発生場所2=体育館・屋内運動場,86,0.05432722678458623,5.4327
3,和暦=平成 | 場合別2=登校（登園）中 | 発生場所2=道路,86,0.05432722678458623,5.4327
3,和暦=平成 | 発生場所1=学校内・校舎内（園内・園舎内） | 被災学年=1,86,0.05432722678458623,5.4327
3,性別=男 | 発生場所2=運動場・校庭（園庭） | 被災学校種=中,86,0.05432722678458623,5.4327
3,場合別1=課外指導 | 性別=男 | 発生場所2=体育館・屋内運動場,86,0.05432722678458623,5.4327
3,場合別2=体育的部活動 | 発生場所2=体育館・屋内運動場 | 被災学校種=高,86,0.05432722678458623,5.4327
3,和暦=令和 | 性別=男 | 発生場所1=学校内・校舎外（園内・園舎外）,86,0.05432722678458623,5.4327
3,和暦=平成 | 場合別1=各教科等 | 発生場所1=学校内・校舎外（園内・園舎外）,85,0.05369551484523057,5.3696
3,性別=男 | 被災学年=1 | 被災学校種=中,85,0.05369551484523057,5.3696
3,場合別2=体育的部活動 | 性別=男 | 発生場所2=体育館・屋内運動場,85,0.05369551484523057,5.3696
3,和暦=平成 | 場合別1=各教科等 | 被災学校種=高,85,0.05369551484523057,5.3696
3,和暦=平成 | 場合別2=下校（降園）中 | 通学方法=自転車,85,0.05369551484523057,5.3696
3,発生場所1=学校外（園外） | 発生場所2=道路 | 被災学年=2,85,0.05369551484523057,5.3696
3,和暦=平成 | 場合別1=課外指導 | 性別=女,84,0.053063802905874924,5.3064
3,和暦=平成 | 性別=女 | 発生場所1=学校内・校舎外（園内・園舎外）,83,0.05243209096651927,5.2432
3,和暦=平成 | 性別=女 | 被災学校種=小,83,0.05243209096651927,5.2432
3,和暦=平成 | 性別=女 | 発生場所2=道路,83,0.05243209096651927,5.2432
3,場合別1=各教科等 | 性別=男 | 発生場所1=学校内・校舎外（園内・園舎外）,83,0.05243209096651927,5.2432
3,性別=女 | 発生場所1=学校外（園外） | 被災学校種=高,83,0.05243209096651927,5.2432
3,場合別1=通学中 | 発生場所1=学校外（園外） | 被災学年=2,83,0.05243209096651927,5.2432
3,和暦=令和 | 性別=男 | 発生場所2=運動場・校庭（園庭）,83,0.05243209096651927,5.2432
3,和暦=平成 | 性別=男 | 給付年度=17,82,0.05180037902716361,5.18
3,場合別1=休憩時間 | 発生場所1=学校内・校舎外（園内・園舎外） | 発生場所2=運動場・校庭（園庭）,82,0.05180037902716361,5.18
3,和暦=平成 | 場合別2=体育的部活動 | 性別=女,82,0.05180037902716361,5.18
3,発生場所1=学校内・校舎内（園内・園舎内） | 発生場所2=体育館・屋内運動場 | 競技種目=バスケットボール,82,0.05180037902716361,5.18
3,和暦=平成 | 性別=女 | 被災学年=1,82,0.05180037902716361,5.18
3,和暦=平成 | 発生場所2=道路 | 被災学年=1,82,0.05180037902716361,5.18
3,場合別1=通学中 | 場合別2=登校（登園）中 | 被災学校種=高,82,0.05180037902716361,5.18
3,場合別2=登校（登園）中 | 発生場所1=学校外（園外） | 被災学校種=高,82,0.05180037902716361,5.18
3,場合別1=通学中 | 性別=女 | 通学方法=自転車,81,0.051168667087807956,5.1169
3,性別=女 | 発生場所1=学校外（園外） | 通学方法=自転車,81,0.051168667087807956,5.1169
3,性別=男 | 発生場所1=学校外（園外） | 被災学年=3,81,0.051168667087807956,5.1169
3,発生場所2=運動場・校庭（園庭） | 被災学年=3 | 被災学校種=高,81,0.051168667087807956,5.1169
3,場合別2=登校（登園）中 | 発生場所2=道路 | 被災学校種=高,81,0.051168667087807956,5.1169
3,和暦=平成 | 性別=男 | 給付年度=18,81,0.051168667087807956,5.1169
3,和暦=平成 | 場合別1=通学中 | 性別=女,80,0.05053695514845231,5.0537
3,和暦=平成 | 場合別2=登校（登園）中 | 通学方法=自転車,80,0.05053695514845231,5.0537
3,性別=女 | 発生場所2=道路 | 通学方法=自転車,80,0.05053695514845231,5.0537
3,場合別1=課外指導 | 発生場所1=学校外（園外） | 被災学年=2,80,0.05053695514845231,5.0537
3,和暦=平成 | 性別=男 | 給付年度=21,80,0.05053695514845231,5.0537
3,和暦=平成 | 場合別1=休憩時間 | 場合別2=休憩時間中,79,0.04990524320909665,4.9905
3,和暦=平成 | 場合別2=下校（降園）中 | 性別=男,79,0.04990524320909665,4.9905
3,和暦=平成 | 発生場所1=学校外（園外） | 被災学校種=中,79,0.04990524320909665,4.9905
3,和暦=平成 | 発生場所1=学校内・校舎内（園内・園舎内） | 発生場所2=廊下,79,0.04990524320909665,4.9905
3,和暦=平成 | 場合別1=通学中 | 被災学年=1,79,0.04990524320909665,4.9905
3,場合別2=登校（登園）中 | 被災学校種=高 | 通学方法=自転車,79,0.04990524320909665,4.9905
3,場合別1=通学中 | 場合別2=下校（降園）中 | 被災学校種=高,79,0.04990524320909665,4.9905
3,場合別2=下校（降園）中 | 発生場所1=学校外（園外） | 被災学校種=高,79,0.04990524320909665,4.9905
3,場合別2=下校（降園）中 | 発生場所2=道路 | 被災学校種=高,79,0.04990524320909665,4.9905
3,和暦=平成 | 場合別1=各教科等 | 発生場所2=運動場・校庭（園庭）,78,0.049273531269740996,4.9274
3,和暦=平成 | 場合別2=体育（保健体育） | 発生場所1=学校内・校舎外（園内・園舎外）,78,0.049273531269740996,4.9274
3,和暦=平成 | 場合別1=課外指導 | 競技種目=バスケットボール,78,0.049273531269740996,4.9274
3,和暦=平成 | 場合別2=体育的部活動 | 競技種目=バスケットボール,78,0.049273531269740996,4.9274
3,場合別2=体育的部活動 | 発生場所1=学校外（園外） | 被災学年=2,78,0.049273531269740996,4.9274
3,発生場所1=学校内・校舎内（園内・園舎内） | 発生場所2=体育館・屋内運動場 | 被災学年=3,78,0.049273531269740996,4.9274
3,場合別1=通学中 | 発生場所2=道路 | 被災学年=2,78,0.049273531269740996,4.9274
3,場合別1=課外指導 | 発生場所1=学校外（園外） | 競技種目=野球（含軟式）,78,0.049273531269740996,4.9274
3,場合別2=体育的部活動 | 発生場所1=学校外（園外） | 競技種目=野球（含軟式）,78,0.049273531269740996,4.9274
3,性別=男 | 発生場所1=学校外（園外） | 競技種目=野球（含軟式）,78,0.049273531269740996,4.9274
3,和暦=平成 | 性別=女 | 発生場所2=運動場・校庭（園庭）,77,0.04864181933038535,4.8642
3,発生場所1=学校内・校舎外（園内・園舎外） | 発生場所2=運動場・校庭（園庭） | 被災学校種=小,77,0.04864181933038535,4.8642
3,場合別2=体育（保健体育） | 性別=男 | 発生場所1=学校内・校舎外（園内・園舎外）,77,0.04864181933038535,4.8642
3,和暦=平成 | 場合別2=体育（保健体育） | 被災学校種=高,77,0.04864181933038535,4.8642
3,場合別1=各教科等 | 性別=男 | 被災学校種=高,77,0.04864181933038535,4.8642
3,場合別2=下校（降園）中 | 被災学校種=高 | 通学方法=自転車,77,0.04864181933038535,4.8642
3,性別=男 | 発生場所1=学校内・校舎内（園内・園舎内） | 被災学年=1,76,0.04801010739102969,4.801
3,和暦=平成 | 場合別1=各教科等 | 被災学年=3,76,0.04801010739102969,4.801
3,場合別1=各教科等 | 場合別2=体育（保健体育） | 被災学年=3,76,0.04801010739102969,4.801
3,場合別1=各教科等 | 性別=男 | 発生場所2=運動場・校庭（園庭）,76,0.04801010739102969,4.801
3,和暦=平成 | 発生場所2=体育館・屋内運動場 | 被災学年=2,76,0.04801010739102969,4.801
3,和暦=平成 | 性別=男 | 競技種目=バスケットボール,76,0.04801010739102969,4.801
3,発生場所2=道路 | 被災学年=1 | 被災学校種=高,75,0.047378395451674035,4.7378
3,場合別1=課外指導 | 発生場所2=学校外運動場・競技場 | 競技種目=野球（含軟式）,75,0.047378395451674035,4.7378
3,場合別2=体育的部活動 | 発生場所2=学校外運動場・競技場 | 競技種目=野球（含軟式）,75,0.047378395451674035,4.7378
3,性別=男 | 発生場所2=学校外運動場・競技場 | 競技種目=野球（含軟式）,75,0.047378395451674035,4.7378
3,発生場所1=学校外（園外） | 発生場所2=学校外運動場・競技場 | 競技種目=野球（含軟式）,75,0.047378395451674035,4.7378
3,和暦=平成 | 性別=男 | 給付年度=20,75,0.047378395451674035,4.7378
3,和暦=令和 | 性別=男 | 被災学年=1,75,0.047378395451674035,4.7378
3,和暦=平成 | 被災学年=1 | 通学方法=自転車,74,0.04674668351231838,4.6747
3,和暦=平成 | 発生場所1=学校内・校舎外（園内・園舎外） | 被災学校種=小,73,0.04611497157296273,4.6115
3,場合別1=休憩時間 | 性別=男 | 被災学校種=小,73,0.04611497157296273,4.6115
3,和暦=平成 | 場合別2=体育（保健体育） | 発生場所2=運動場・校庭（園庭）,73,0.04611497157296273,4.6115
3,場合別1=課外指導 | 発生場所1=学校内・校舎内（園内・園舎内） | 被災学年=2,73,0.04611497157296273,4.6115
3,性別=女 | 発生場所1=学校内・校舎内（園内・園舎内） | 発生場所2=体育館・屋内運動場,73,0.04611497157296273,4.6115
3,場合別1=通学中 | 被災学年=1 | 被災学校種=高,73,0.04611497157296273,4.6115
3,被災学年=1 | 被災学校種=高 | 通学方法=自転車,73,0.04611497157296273,4.6115
3,和暦=平成 | 性別=男 | 給付年度=23,73,0.04611497157296273,4.6115
3,和暦=平成 | 場合別1=休憩時間 | 発生場所1=学校内・校舎外（園内・園舎外）,72,0.045483259633607075,4.5483
3,和暦=平成 | 発生場所1=学校内・校舎内（園内・園舎内） | 競技種目=バスケットボール,72,0.045483259633607075,4.5483
3,発生場所1=学校内・校舎内（園内・園舎内） | 被災学年=2 | 被災学校種=高,72,0.045483259633607075,4.5483
3,和暦=令和 | 性別=男 | 被災学年=2,72,0.045483259633607075,4.5483
3,和暦=平成 | 発生場所1=学校内・校舎内（園内・園舎内） | 発生場所2=教室（保育室）,71,0.04485154769425142,4.4852
3,場合別2=体育（保健体育） | 性別=男 | 発生場所2=運動場・校庭（園庭）,71,0.04485154769425142,4.4852
3,場合別2=体育（保健体育） | 性別=男 | 被災学校種=高,71,0.04485154769425142,4.4852
3,場合別2=下校（降園）中 | 性別=男 | 通学方法=自転車,71,0.04485154769425142,4.4852
3,発生場所1=学校内・校舎内（園内・園舎内） | 発生場所2=体育館・屋内運動場 | 被災学校種=中,70,0.04421983575489577,4.422
3,発生場所1=学校内・校舎外（園内・園舎外） | 発生場所2=運動場・校庭（園庭） | 競技種目=ソフトボール,70,0.04421983575489577,4.422
3,性別=男 | 発生場所1=学校外（園外） | 被災学校種=中,70,0.04421983575489577,4.422
3,場合別2=体育的部活動 | 発生場所1=学校内・校舎内（園内・園舎内） | 被災学年=2,70,0.04421983575489577,4.422
3,和暦=平成 | 発生場所2=体育館・屋内運動場 | 競技種目=バスケットボール,70,0.04421983575489577,4.422
3,性別=男 | 発生場所1=学校内・校舎内（園内・園舎内） | 競技種目=バスケットボール,70,0.04421983575489577,4.422
3,和暦=平成 | 場合別1=休憩時間 | 被災学校種=中,70,0.04421983575489577,4.422
3,発生場所1=学校外（園外） | 被災学年=3 | 被災学校種=高,70,0.04421983575489577,4.422
3,発生場所1=学校外（園外） | 競技種目=野球（含軟式） | 被災学校種=高,70,0.04421983575489577,4.422
3,和暦=平成 | 性別=男 | 給付年度=22,70,0.04421983575489577,4.422
3,場合別1=休憩時間 | 場合別2=休憩時間中 | 性別=男,69,0.043588123815540114,4.3588
3,性別=男 | 発生場所2=体育館・屋内運動場 | 競技種目=バスケットボール,69,0.043588123815540114,4.3588
3,場合別1=通学中 | 被災学年=2 | 通学方法=自転車,69,0.043588123815540114,4.3588
3,発生場所1=学校外（園外） | 被災学年=2 | 通学方法=自転車,69,0.043588123815540114,4.3588
3,和暦=平成 | 給付年度=18 | 被災学校種=高,69,0.043588123815540114,4.3588
3,発生場所2=学校外運動場・競技場 | 競技種目=野球（含軟式） | 被災学校種=高,69,0.043588123815540114,4.3588
3,和暦=平成 | 性別=男 | 給付年度=27,69,0.043588123815540114,4.3588
3,和暦=令和 | 発生場所1=学校内・校舎外（園内・園舎外） | 被災学校種=高,69,0.043588123815540114,4.3588
3,和暦=平成 | 場合別1=各教科等 | 発生場所2=体育館・屋内運動場,68,0.04295641187618446,4.2956
3,和暦=平成 | 場合別2=体育（保健体育） | 発生場所1=学校内・校舎内（園内・園舎内）,68,0.04295641187618446,4.2956
3,場合別1=各教科等 | 性別=男 | 発生場所1=学校内・校舎内（園内・園舎内）,68,0.04295641187618446,4.2956
3,発生場所2=道路 | 被災学年=2 | 通学方法=自転車,68,0.04295641187618446,4.2956
3,和暦=令和 | 被災学年=1 | 被災学校種=高,68,0.04295641187618446,4.2956
3,和暦=平成 | 発生場所2=運動場・校庭（園庭） | 被災学校種=小,67,0.04232469993682881,4.2325
3,性別=男 | 発生場所1=学校内・校舎内（園内・園舎内） | 被災学校種=小,67,0.04232469993682881,4.2325
3,和暦=平成 | 場合別1=休憩時間 | 発生場所2=運動場・校庭（園庭）,67,0.04232469993682881,4.2325
3,発生場所1=学校内・校舎内（園内・園舎内） | 被災学年=2 | 被災学校種=中,67,0.04232469993682881,4.2325
3,場合別1=課外指導 | 発生場所1=学校内・校舎外（園内・園舎外） | 被災学年=3,67,0.04232469993682881,4.2325
3,場合別2=体育的部活動 | 発生場所1=学校内・校舎外（園内・園舎外） | 被災学年=3,67,0.04232469993682881,4.2325
3,場合別1=課外指導 | 性別=男 | 競技種目=バスケットボール,67,0.04232469993682881,4.2325
3,場合別2=体育的部活動 | 性別=男 | 競技種目=バスケットボール,67,0.04232469993682881,4.2325
3,和暦=平成 | 発生場所2=道路 | 被災学年=2,67,0.04232469993682881,4.2325
3,和暦=平成 | 発生場所1=学校外（園外） | 競技種目=野球（含軟式）,67,0.04232469993682881,4.2325
3,和暦=平成 | 給付年度=20 | 被災学校種=高,67,0.04232469993682881,4.2325
3,和暦=平成 | 性別=男 | 給付年度=26,67,0.04232469993682881,4.2325
3,和暦=令和 | 場合別1=課外指導 | 発生場所1=学校内・校舎外（園内・園舎外）,67,0.04232469993682881,4.2325
3,和暦=平成 | 場合別2=体育（保健体育） | 発生場所2=体育館・屋内運動場,66,0.041692987997473153,4.1693
3,和暦=平成 | 場合別1=休憩時間 | 場合別2=昼食時休憩時間中,66,0.041692987997473153,4.1693
3,和暦=平成 | 性別=女 | 通学方法=自転車,66,0.041692987997473153,4.1693
3,性別=男 | 発生場所2=体育館・屋内運動場 | 被災学年=2,66,0.041692987997473153,4.1693
3,性別=男 | 発生場所2=道路 | 被災学年=1,66,0.041692987997473153,4.1693
3,場合別1=休憩時間 | 性別=男 | 被災学校種=中,66,0.041692987997473153,4.1693
3,和暦=平成 | 競技種目=バスケットボール | 被災学校種=高,66,0.041692987997473153,4.1693
3,和暦=平成 | 場合別1=通学中 | 被災学年=2,66,0.041692987997473153,4.1693
3,場合別1=通学中 | 場合別2=登校（登園）中 | 性別=男,66,0.041692987997473153,4.1693
3,場合別2=登校（登園）中 | 性別=男 | 発生場所1=学校外（園外）,66,0.041692987997473153,4.1693
3,和暦=平成 | 場合別2=下校（降園）中 | 被災学校種=高,66,0.041692987997473153,4.1693
3,和暦=平成 | 発生場所2=学校外運動場・競技場 | 競技種目=野球（含軟式）,66,0.041692987997473153,4.1693
3,和暦=令和 | 場合別2=体育的部活動 | 発生場所1=学校内・校舎外（園内・園舎外）,66,0.041692987997473153,4.1693
3,和暦=令和 | 発生場所2=運動場・校庭（園庭） | 被災学校種=高,66,0.041692987997473153,4.1693
3,発生場所1=学校外（園外） | 発生場所2=道路 | 被災学年=3,65,0.0410612760581175,4.1061
3,場合別1=各教科等 | 性別=男 | 被災学年=3,65,0.0410612760581175,4.1061
3,和暦=平成 | 性別=男 | 給付年度=24,65,0.0410612760581175,4.1061
3,和暦=平成 | 性別=男 | 給付年度=28,65,0.0410612760581175,4.1061
3,場合別1=休憩時間 | 場合別2=休憩時間中 | 発生場所1=学校内・校舎内（園内・園舎内）,64,0.04042956411876184,4.043
3,和暦=平成 | 場合別1=休憩時間 | 性別=女,64,0.04042956411876184,4.043
3,場合別1=通学中 | 発生場所1=学校外（園外） | 被災学年=3,64,0.04042956411876184,4.043
3,場合別1=各教科等 | 場合別2=体育（保健体育） | 被災学校種=中,64,0.04042956411876184,4.043
3,場合別1=休憩時間 | 発生場所1=学校内・校舎内（園内・園舎内） | 被災学校種=中,64,0.04042956411876184,4.043
3,和暦=平成 | 給付年度=17 | 被災学校種=高,64,0.04042956411876184,4.043
3,和暦=令和 | 場合別1=課外指導 | 発生場所2=運動場・校庭（園庭）,64,0.04042956411876184,4.043
3,和暦=令和 | 場合別2=体育的部活動 | 発生場所2=運動場・校庭（園庭）,64,0.04042956411876184,4.043
3,場合別1=課外指導 | 発生場所2=運動場・校庭（園庭） | 被災学年=3,63,0.03979785217940619,3.9798
3,場合別2=体育的部活動 | 発生場所2=運動場・校庭（園庭） | 被災学年=3,63,0.03979785217940619,3.9798
3,和暦=平成 | 性別=女 | 発生場所2=体育館・屋内運動場,63,0.03979785217940619,3.9798
3,場合別1=課外指導 | 発生場所2=体育館・屋内運動場 | 被災学年=2,63,0.03979785217940619,3.9798
3,発生場所1=学校外（園外） | 発生場所2=道路 | 被災学校種=中,63,0.03979785217940619,3.9798
3,場合別1=通学中 | 性別=男 | 被災学年=1,63,0.03979785217940619,3.9798
3,場合別2=登校（登園）中 | 性別=男 | 発生場所2=道路,63,0.03979785217940619,3.9798
3,和暦=令和 | 場合別1=課外指導 | 競技種目=野球（含軟式）,63,0.03979785217940619,3.9798
3,和暦=令和 | 場合別2=体育的部活動 | 競技種目=野球（含軟式）,63,0.03979785217940619,3.9798
3,場合別1=通学中 | 発生場所2=道路 | 被災学年=3,62,0.03916614024005054,3.9166
3,場合別1=課外指導 | 被災学年=2 | 被災学校種=中,62,0.03916614024005054,3.9166
3,場合別2=体育的部活動 | 発生場所2=体育館・屋内運動場 | 被災学年=2,62,0.03916614024005054,3.9166
3,場合別1=課外指導 | 発生場所1=学校内・校舎内（園内・園舎内） | 競技種目=バスケットボール,62,0.03916614024005054,3.9166
3,場合別2=体育的部活動 | 発生場所1=学校内・校舎内（園内・園舎内） | 競技種目=バスケットボール,62,0.03916614024005054,3.9166
3,場合別1=課外指導 | 性別=女 | 被災学校種=高,62,0.03916614024005054,3.9166
3,和暦=平成 | 場合別2=登校（登園）中 | 被災学校種=高,62,0.03916614024005054,3.9166
3,場合別1=通学中 | 性別=女 | 被災学校種=高,62,0.03916614024005054,3.9166
3,和暦=平成 | 給付年度=19 | 被災学校種=高,62,0.03916614024005054,3.9166
3,性別=男 | 競技種目=バスケットボール | 被災学校種=高,61,0.03853442830069488,3.8534
3,場合別1=課外指導 | 場合別2=体育的部活動 | 競技種目=サッカー・フットサル,61,0.03853442830069488,3.8534
3,性別=女 | 被災学年=1 | 被災学校種=高,61,0.03853442830069488,3.8534
3,和暦=平成 | 発生場所2=体育館・屋内運動場 | 被災学年=3,61,0.03853442830069488,3.8534
3,性別=男 | 発生場所2=道路 | 被災学年=2,61,0.03853442830069488,3.8534
3,和暦=令和 | 性別=男 | 発生場所1=学校内・校舎内（園内・園舎内）,61,0.03853442830069488,3.8534
3,和暦=令和 | 性別=男 | 競技種目=野球（含軟式）,61,0.03853442830069488,3.8534
3,和暦=平成 | 場合別1=各教科等 | 性別=女,60,0.03790271636133923,3.7903
3,場合別1=各教科等 | 性別=男 | 発生場所2=体育館・屋内運動場,60,0.03790271636133923,3.7903
3,性別=男 | 発生場所1=学校内・校舎内（園内・園舎内） | 発生場所2=教室（保育室）,60,0.03790271636133923,3.7903
3,和暦=平成 | 場合別1=休憩時間 | 被災学年=3,60,0.03790271636133923,3.7903
3,和暦=平成 | 場合別2=体育（保健体育） | 被災学年=3,60,0.03790271636133923,3.7903
3,場合別1=課外指導 | 発生場所1=学校内・校舎外（園内・園舎外） | 被災学校種=中,60,0.03790271636133923,3.7903
3,場合別1=課外指導 | 競技種目=野球（含軟式） | 被災学年=3,60,0.03790271636133923,3.7903
3,場合別2=体育的部活動 | 競技種目=野球（含軟式） | 被災学年=3,60,0.03790271636133923,3.7903
3,場合別1=課外指導 | 発生場所2=体育館・屋内運動場 | 競技種目=バスケットボール,60,0.03790271636133923,3.7903
3,場合別2=体育的部活動 | 発生場所2=体育館・屋内運動場 | 競技種目=バスケットボール,60,0.03790271636133923,3.7903
3,場合別1=課外指導 | 性別=男 | 競技種目=サッカー・フットサル,60,0.03790271636133923,3.7903
3,場合別2=体育的部活動 | 性別=男 | 競技種目=サッカー・フットサル,60,0.03790271636133923,3.7903
3,場合別2=体育的部活動 | 性別=女 | 被災学校種=高,60,0.03790271636133923,3.7903
3,場合別1=休憩時間 | 発生場所1=学校内・校舎内（園内・園舎内） | 発生場所2=廊下,60,0.03790271636133923,3.7903
3,性別=女 | 発生場所2=道路 | 被災学校種=高,60,0.03790271636133923,3.7903
3,性別=女 | 被災学校種=高 | 通学方法=自転車,60,0.03790271636133923,3.7903
3,和暦=令和 | 性別=男 | 発生場所1=学校外（園外）,60,0.03790271636133923,3.7903
3,場合別1=休憩時間 | 発生場所1=学校内・校舎内（園内・園舎内） | 被災学校種=小,59,0.037271004421983576,3.7271
3,発生場所1=学校内・校舎内（園内・園舎内） | 発生場所2=体育館・屋内運動場 | 被災学年=1,59,0.037271004421983576,3.7271
3,場合別1=課外指導 | 発生場所1=学校外（園外） | 被災学年=1,59,0.037271004421983576,3.7271
3,場合別2=体育的部活動 | 被災学年=2 | 被災学校種=中,59,0.037271004421983576,3.7271
3,性別=男 | 競技種目=野球（含軟式） | 被災学年=3,59,0.037271004421983576,3.7271
3,和暦=平成 | 性別=男 | 競技種目=サッカー・フットサル,59,0.037271004421983576,3.7271
3,性別=男 | 競技種目=サッカー・フットサル | 被災学校種=高,59,0.037271004421983576,3.7271
3,発生場所2=道路 | 被災学年=2 | 被災学校種=高,59,0.037271004421983576,3.7271
3,場合別2=体育（保健体育） | 性別=男 | 発生場所1=学校内・校舎内（園内・園舎内）,58,0.03663929248262792,3.6639
3,場合別2=体育（保健体育） | 性別=男 | 発生場所2=体育館・屋内運動場,58,0.03663929248262792,3.6639
3,和暦=平成 | 場合別2=休憩時間中 | 発生場所1=学校内・校舎内（園内・園舎内）,58,0.03663929248262792,3.6639
3,場合別1=休憩時間 | 場合別2=昼食時休憩時間中 | 性別=男,58,0.03663929248262792,3.6639
3,和暦=平成 | 発生場所1=学校内・校舎外（園内・園舎外） | 競技種目=ソフトボール,58,0.03663929248262792,3.6639
3,和暦=平成 | 発生場所2=運動場・校庭（園庭） | 競技種目=ソフトボール,58,0.03663929248262792,3.6639
3,場合別2=体育的部活動 | 発生場所1=学校内・校舎外（園内・園舎外） | 被災学校種=中,58,0.03663929248262792,3.6639
3,発生場所1=学校内・校舎内（園内・園舎内） | 被災学年=3 | 被災学校種=高,58,0.03663929248262792,3.6639
3,場合別1=課外指導 | 競技種目=バスケットボール | 被災学校種=高,58,0.03663929248262792,3.6639
3,場合別2=体育的部活動 | 競技種目=バスケットボール | 被災学校種=高,58,0.03663929248262792,3.6639
3,場合別1=通学中 | 性別=男 | 被災学年=2,58,0.03663929248262792,3.6639
3,場合別2=登校（登園）中 | 性別=男 | 通学方法=自転車,58,0.03663929248262792,3.6639
3,性別=男 | 被災学年=1 | 通学方法=自転車,58,0.03663929248262792,3.6639
3,場合別1=通学中 | 被災学年=2 | 被災学校種=高,58,0.03663929248262792,3.6639
3,場合別1=通学中 | 発生場所1=学校外（園外） | 被災学校種=中,58,0.03663929248262792,3.6639
3,和暦=令和 | 発生場所1=学校外（園外） | 被災学校種=高,58,0.03663929248262792,3.6639
3,和暦=平成 | 場合別2=休憩時間中 | 性別=男,57,0.036007580543272265,3.6008
3,和暦=平成 | 発生場所2=体育館・屋内運動場 | 被災学校種=中,57,0.036007580543272265,3.6008
3,場合別1=各教科等 | 場合別2=体育（保健体育） | 競技種目=ソフトボール,57,0.036007580543272265,3.6008
3,場合別2=体育的部活動 | 発生場所1=学校外（園外） | 被災学年=1,57,0.036007580543272265,3.6008
3,発生場所2=体育館・屋内運動場 | 被災学年=2 | 被災学校種=高,57,0.036007580543272265,3.6008
3,場合別1=課外指導 | 発生場所2=学校外運動場・競技場 | 被災学年=2,57,0.036007580543272265,3.6008
3,場合別2=体育的部活動 | 発生場所2=学校外運動場・競技場 | 被災学年=2,57,0.036007580543272265,3.6008
3,発生場所1=学校外（園外） | 発生場所2=学校外運動場・競技場 | 被災学年=2,57,0.036007580543272265,3.6008
3,性別=男 | 発生場所1=学校内・校舎内（園内・園舎内） | 発生場所2=廊下,57,0.036007580543272265,3.6008
3,和暦=平成 | 性別=男 | 給付年度=30,57,0.036007580543272265,3.6008
3,和暦=令和 | 性別=男 | 給付年度=2,57,0.036007580543272265,3.6008
3,場合別1=休憩時間 | 性別=男 | 発生場所1=学校内・校舎外（園内・園舎外）,56,0.035375868603916616,3.5376
3,場合別1=各教科等 | 発生場所1=学校内・校舎外（園内・園舎外） | 競技種目=ソフトボール,56,0.035375868603916616,3.5376
3,場合別1=各教科等 | 発生場所2=運動場・校庭（園庭） | 競技種目=ソフトボール,56,0.035375868603916616,3.5376
3,場合別2=体育（保健体育） | 発生場所1=学校内・校舎外（園内・園舎外） | 競技種目=ソフトボール,56,0.035375868603916616,3.5376
3,場合別2=体育（保健体育） | 発生場所2=運動場・校庭（園庭） | 競技種目=ソフトボール,56,0.035375868603916616,3.5376
3,性別=女 | 被災学年=2 | 被災学校種=高,56,0.035375868603916616,3.5376
3,場合別1=通学中 | 発生場所2=道路 | 被災学校種=中,56,0.035375868603916616,3.5376
3,和暦=平成 | 場合別1=課外指導 | 給付年度=19,56,0.035375868603916616,3.5376
3,性別=男 | 発生場所1=学校内・校舎外（園内・園舎外） | 被災学校種=小,55,0.03474415666456096,3.4744
3,和暦=平成 | 発生場所2=道路 | 被災学年=3,55,0.03474415666456096,3.4744
3,発生場所1=学校内・校舎内（園内・園舎内） | 競技種目=バスケットボール | 被災学校種=高,55,0.03474415666456096,3.4744
3,発生場所2=体育館・屋内運動場 | 競技種目=バスケットボール | 被災学校種=高,55,0.03474415666456096,3.4744
3,和暦=平成 | 給付年度=27 | 被災学校種=高,55,0.03474415666456096,3.4744
3,場合別2=体育（保健体育） | 性別=男 | 被災学年=3,54,0.034112444725205304,3.4112
3,和暦=平成 | 被災学年=2 | 通学方法=自転車,54,0.034112444725205304,3.4112
3,被災学年=2 | 被災学校種=高 | 通学方法=自転車,54,0.034112444725205304,3.4112
3,性別=男 | 給付年度=18 | 被災学校種=高,54,0.034112444725205304,3.4112
3,和暦=平成 | 給付年度=21 | 被災学校種=高,54,0.034112444725205304,3.4112
3,和暦=平成 | 性別=男 | 給付年度=25,54,0.034112444725205304,3.4112
3,和暦=令和 | 被災学年=2 | 被災学校種=高,54,0.034112444725205304,3.4112
3,和暦=令和 | 競技種目=野球（含軟式） | 被災学校種=高,54,0.034112444725205304,3.4112
3,和暦=平成 | 性別=男 | 発生場所2=教室（保育室）,53,0.033480732785849655,3.3481
3,場合別1=休憩時間 | 場合別2=休憩時間中 | 被災学校種=小,53,0.033480732785849655,3.3481
3,場合別1=休憩時間 | 性別=男 | 発生場所2=運動場・校庭（園庭）,53,0.033480732785849655,3.3481
3,和暦=平成 | 場合別1=通学中 | 被災学年=3,53,0.033480732785849655,3.3481
3,場合別1=課外指導 | 発生場所2=運動場・校庭（園庭） | 被災学校種=中,53,0.033480732785849655,3.3481
3,場合別2=体育的部活動 | 発生場所2=運動場・校庭（園庭） | 被災学校種=中,53,0.033480732785849655,3.3481
3,和暦=平成 | 発生場所2=学校外運動場・競技場 | 被災学年=2,53,0.033480732785849655,3.3481
3,発生場所2=学校外運動場・競技場 | 被災学年=2 | 被災学校種=高,53,0.033480732785849655,3.3481
3,競技種目=野球（含軟式） | 被災学年=3 | 被災学校種=高,53,0.033480732785849655,3.3481
3,性別=男 | 発生場所2=学校外運動場・競技場 | 被災学年=2,53,0.033480732785849655,3.3481
3,性別=男 | 発生場所2=体育館・屋内運動場 | 被災学年=3,53,0.033480732785849655,3.3481
3,場合別1=通学中 | 場合別2=下校（降園）中 | 被災学年=1,53,0.033480732785849655,3.3481
3,場合別2=下校（降園）中 | 性別=男 | 被災学校種=高,53,0.033480732785849655,3.3481
3,場合別2=下校（降園）中 | 発生場所1=学校外（園外） | 被災学年=1,53,0.033480732785849655,3.3481
3,場合別2=下校（降園）中 | 発生場所2=道路 | 被災学年=1,53,0.033480732785849655,3.3481
3,和暦=平成 | 場合別2=体育的部活動 | 給付年度=19,53,0.033480732785849655,3.3481
3,場合別1=課外指導 | 場合別2=体育的部活動 | 給付年度=19,53,0.033480732785849655,3.3481
3,和暦=平成 | 給付年度=23 | 被災学校種=高,53,0.033480732785849655,3.3481
3,和暦=令和 | 性別=男 | 被災学校種=中,53,0.033480732785849655,3.3481
3,和暦=平成 | 場合別1=休憩時間 | 被災学年=2,52,0.032849020846494,3.2849
3,場合別1=各教科等 | 性別=男 | 被災学校種=中,52,0.032849020846494,3.2849
3,場合別1=各教科等 | 場合別2=体育（保健体育） | 性別=女,52,0.032849020846494,3.2849
3,発生場所1=学校内・校舎内（園内・園舎内） | 被災学年=3 | 被災学校種=中,52,0.032849020846494,3.2849
3,場合別1=休憩時間 | 発生場所1=学校内・校舎内（園内・園舎内） | 発生場所2=教室（保育室）,51,0.032217308907138344,3.2217
3,性別=男 | 発生場所2=運動場・校庭（園庭） | 被災学校種=小,51,0.032217308907138344,3.2217
3,場合別1=通学中 | 場合別2=登校（登園）中 | 性別=女,51,0.032217308907138344,3.2217
3,場合別2=登校（登園）中 | 性別=女 | 発生場所1=学校外（園外）,51,0.032217308907138344,3.2217
3,和暦=平成 | 場合別1=各教科等 | 被災学校種=中,51,0.032217308907138344,3.2217
3,場合別1=休憩時間 | 場合別2=昼食時休憩時間中 | 発生場所1=学校内・校舎内（園内・園舎内）,51,0.032217308907138344,3.2217
3,場合別1=各教科等 | 発生場所1=学校内・校舎外（園内・園舎外） | 被災学校種=高,51,0.032217308907138344,3.2217
3,性別=男 | 発生場所1=学校内・校舎外（園内・園舎外） | 競技種目=サッカー・フットサル,51,0.032217308907138344,3.2217
3,発生場所1=学校内・校舎外（園内・園舎外） | 発生場所2=運動場・校庭（園庭） | 競技種目=サッカー・フットサル,51,0.032217308907138344,3.2217
3,場合別1=通学中 | 被災学年=3 | 通学方法=自転車,51,0.032217308907138344,3.2217
3,発生場所1=学校外（園外） | 被災学年=3 | 通学方法=自転車,51,0.032217308907138344,3.2217
3,発生場所2=道路 | 被災学年=3 | 通学方法=自転車,51,0.032217308907138344,3.2217
3,和暦=平成 | 給付年度=22 | 被災学校種=高,51,0.032217308907138344,3.2217
3,場合別2=休憩時間中 | 性別=男 | 発生場所1=学校内・校舎内（園内・園舎内）,50,0.03158559696778269,3.1586
3,場合別1=休憩時間 | 発生場所1=学校内・校舎外（園内・園舎外） | 被災学校種=小,50,0.03158559696778269,3.1586
3,和暦=平成 | 場合別2=昼食時休憩時間中 | 性別=男,50,0.03158559696778269,3.1586
3,場合別1=休憩時間 | 性別=男 | 被災学年=3,50,0.03158559696778269,3.1586
3,場合別2=登校（登園）中 | 性別=女 | 発生場所2=道路,50,0.03158559696778269,3.1586
3,場合別2=体育（保健体育） | 性別=男 | 被災学校種=中,50,0.03158559696778269,3.1586
3,性別=女 | 発生場所1=学校内・校舎内（園内・園舎内） | 被災学校種=中,50,0.03158559696778269,3.1586
3,和暦=平成 | 競技種目=野球（含軟式） | 被災学年=3,50,0.03158559696778269,3.1586
3,性別=男 | 給付年度=17 | 被災学校種=高,50,0.03158559696778269,3.1586
3,性別=女 | 被災学年=3 | 被災学校種=高,50,0.03158559696778269,3.1586
3,性別=女 | 発生場所1=学校外（園外） | 被災学年=1,50,0.03158559696778269,3.1586
3,和暦=平成 | 場合別1=休憩時間 | 発生場所2=廊下,50,0.03158559696778269,3.1586
3,和暦=平成 | 場合別1=課外指導 | 給付年度=18,50,0.03158559696778269,3.1586
3,和暦=平成 | 発生場所1=学校内・校舎外（園内・園舎外） | 給付年度=19,50,0.03158559696778269,3.1586
3,性別=男 | 給付年度=20 | 被災学校種=高,50,0.03158559696778269,3.1586
3,和暦=平成 | 場合別1=課外指導 | 給付年度=27,50,0.03158559696778269,3.1586
3,和暦=平成 | 性別=男 | 給付年度=29,50,0.03158559696778269,3.1586
3,和暦=令和 | 発生場所1=学校外（園外） | 発生場所2=道路,50,0.03158559696778269,3.1586
3,和暦=令和 | 発生場所1=学校内・校舎外（園内・園舎外） | 競技種目=野球（含軟式）,50,0.03158559696778269,3.1586
3,和暦=令和 | 発生場所2=運動場・校庭（園庭） | 競技種目=野球（含軟式）,50,0.03158559696778269,3.1586
3,和暦=平成 | 被災学年=6 | 被災学校種=小,49,0.03095388502842704,3.0954
3,性別=女 | 発生場所1=学校内・校舎内（園内・園舎内） | 被災学年=2,49,0.03095388502842704,3.0954
3,和暦=平成 | 発生場所2=道路 | 被災学校種=中,49,0.03095388502842704,3.0954
3,性別=男 | 発生場所2=運動場・校庭（園庭） | 競技種目=サッカー・フットサル,49,0.03095388502842704,3.0954
3,発生場所1=学校内・校舎内（園内・園舎内） | 被災学年=1 | 被災学校種=高,49,0.03095388502842704,3.0954
3,場合別1=課外指導 | 競技種目=サッカー・フットサル | 被災学校種=高,49,0.03095388502842704,3.0954
3,場合別2=体育的部活動 | 競技種目=サッカー・フットサル | 被災学校種=高,49,0.03095388502842704,3.0954
3,場合別2=下校（降園）中 | 被災学年=1 | 通学方法=自転車,49,0.03095388502842704,3.0954
3,場合別1=各教科等 | 発生場所1=学校内・校舎内（園内・園舎内） | 被災学年=3,49,0.03095388502842704,3.0954
3,和暦=平成 | 場合別2=体育的部活動 | 給付年度=18,49,0.03095388502842704,3.0954
3,場合別1=課外指導 | 場合別2=体育的部活動 | 給付年度=18,49,0.03095388502842704,3.0954
3,性別=男 | 被災学年=2 | 通学方法=自転車,49,0.03095388502842704,3.0954
3,性別=男 | 給付年度=19 | 被災学校種=高,49,0.03095388502842704,3.0954
3,性別=男 | 給付年度=21 | 被災学校種=高,49,0.03095388502842704,3.0954
3,和暦=平成 | 発生場所1=学校内・校舎外（園内・園舎外） | 給付年度=27,49,0.03095388502842704,3.0954
3,和暦=平成 | 場合別2=体育的部活動 | 給付年度=27,49,0.03095388502842704,3.0954
3,場合別1=課外指導 | 場合別2=体育的部活動 | 給付年度=27,49,0.03095388502842704,3.0954
3,和暦=令和 | 性別=男 | 給付年度=1,49,0.03095388502842704,3.0954
3,和暦=令和 | 場合別1=通学中 | 発生場所1=学校外（園外）,49,0.03095388502842704,3.0954
3,場合別1=休憩時間 | 発生場所1=学校内・校舎内（園内・園舎内） | 被災学年=3,48,0.030322173089071383,3.0322
3,場合別2=登校（登園）中 | 性別=女 | 通学方法=自転車,48,0.030322173089071383,3.0322
3,和暦=平成 | 発生場所2=体育館・屋内運動場 | 被災学年=1,48,0.030322173089071383,3.0322
3,性別=男 | 発生場所1=学校内・校舎外（園内・園舎外） | 競技種目=ソフトボール,48,0.030322173089071383,3.0322
3,性別=男 | 発生場所2=運動場・校庭（園庭） | 競技種目=ソフトボール,48,0.030322173089071383,3.0322
3,場合別1=各教科等 | 場合別2=体育（保健体育） | 被災学年=2,48,0.030322173089071383,3.0322
3,場合別1=課外指導 | 性別=女 | 被災学年=2,48,0.030322173089071383,3.0322
3,場合別2=登校（登園）中 | 性別=男 | 被災学校種=高,48,0.030322173089071383,3.0322
3,場合別1=通学中 | 被災学校種=中 | 通学方法=自転車,48,0.030322173089071383,3.0322
3,発生場所1=学校外（園外） | 被災学校種=中 | 通学方法=自転車,48,0.030322173089071383,3.0322
3,発生場所2=道路 | 被災学校種=中 | 通学方法=自転車,48,0.030322173089071383,3.0322
3,和暦=令和 | 性別=男 | 被災学年=3,48,0.030322173089071383,3.0322
3,和暦=令和 | 場合別1=通学中 | 発生場所2=道路,48,0.030322173089071383,3.0322
3,和暦=平成 | 場合別1=学校行事 | 性別=男,47,0.02969046114971573,2.969
3,場合別1=休憩時間 | 発生場所2=運動場・校庭（園庭） | 被災学校種=小,47,0.02969046114971573,2.969
3,場合別1=各教科等 | 場合別2=体育（保健体育） | 被災学年=1,47,0.02969046114971573,2.969
3,性別=男 | 発生場所2=体育館・屋内運動場 | 被災学校種=中,47,0.02969046114971573,2.969
3,場合別1=各教科等 | 性別=男 | 競技種目=ソフトボール,47,0.02969046114971573,2.969
3,場合別2=体育（保健体育） | 性別=男 | 競技種目=ソフトボール,47,0.02969046114971573,2.969
3,和暦=平成 | 場合別1=課外指導 | 給付年度=17,47,0.02969046114971573,2.969
3,発生場所1=学校内・校舎外（園内・園舎外） | 競技種目=野球（含軟式） | 被災学年=3,47,0.02969046114971573,2.969
3,発生場所2=運動場・校庭（園庭） | 競技種目=野球（含軟式） | 被災学年=3,47,0.02969046114971573,2.969
3,場合別2=体育的部活動 | 性別=女 | 被災学年=2,47,0.02969046114971573,2.969
3,場合別2=体育（保健体育） | 発生場所1=学校内・校舎外（園内・園舎外） | 被災学校種=高,47,0.02969046114971573,2.969
3,和暦=平成 | 場合別1=課外指導 | 競技種目=サッカー・フットサル,47,0.02969046114971573,2.969
3,和暦=平成 | 場合別2=体育的部活動 | 競技種目=サッカー・フットサル,47,0.02969046114971573,2.969
3,和暦=平成 | 場合別2=登校（登園）中 | 性別=男,47,0.02969046114971573,2.969
3,和暦=平成 | 給付年度=19 | 被災学年=2,47,0.02969046114971573,2.969
3,場合別1=課外指導 | 性別=男 | 給付年度=19,47,0.02969046114971573,2.969
3,和暦=平成 | 発生場所2=運動場・校庭（園庭） | 給付年度=27,47,0.02969046114971573,2.969
3,発生場所1=学校内・校舎外（園内・園舎外） | 発生場所2=運動場・校庭（園庭） | 給付年度=27,47,0.02969046114971573,2.969
3,場合別1=休憩時間 | 発生場所1=学校内・校舎内（園内・園舎内） | 被災学年=2,46,0.029058749210360075,2.9059
3,和暦=平成 | 場合別2=体育（保健体育） | 被災学校種=中,46,0.029058749210360075,2.9059
3,発生場所1=学校内・校舎外（園内・園舎外） | 被災学年=3 | 被災学校種=中,46,0.029058749210360075,2.9059
3,和暦=平成 | 場合別1=各教科等 | 被災学年=2,46,0.029058749210360075,2.9059
3,和暦=平成 | 場合別2=体育的部活動 | 給付年度=17,46,0.029058749210360075,2.9059
3,場合別1=課外指導 | 場合別2=体育的部活動 | 給付年度=17,46,0.029058749210360075,2.9059
3,場合別1=課外指導 | 被災学年=1 | 被災学校種=中,46,0.029058749210360075,2.9059
3,発生場所1=学校内・校舎外（園内・園舎外） | 被災学年=2 | 被災学校種=中,46,0.029058749210360075,2.9059
3,場合別1=課外指導 | 発生場所1=学校内・校舎内（園内・園舎内） | 被災学校種=中,46,0.029058749210360075,2.9059
3,和暦=平成 | 競技種目=サッカー・フットサル | 被災学校種=高,46,0.029058749210360075,2.9059
3,場合別1=通学中 | 場合別2=下校（降園）中 | 被災学年=2,46,0.029058749210360075,2.9059
3,場合別2=下校（降園）中 | 発生場所1=学校外（園外） | 被災学年=2,46,0.029058749210360075,2.9059
3,性別=女 | 発生場所1=学校内・校舎内（園内・園舎内） | 被災学年=3,46,0.029058749210360075,2.9059
3,和暦=平成 | 給付年度=26 | 被災学校種=高,46,0.029058749210360075,2.9059
3,和暦=令和 | 場合別1=課外指導 | 被災学年=1,46,0.029058749210360075,2.9059
3,和暦=令和 | 場合別2=体育的部活動 | 被災学年=1,46,0.029058749210360075,2.9059
3,和暦=令和 | 場合別1=課外指導 | 被災学年=2,46,0.029058749210360075,2.9059
3,場合別1=休憩時間 | 性別=男 | 被災学年=2,45,0.028427037271004423,2.8427
3,和暦=平成 | 場合別1=各教科等 | 競技種目=ソフトボール,45,0.028427037271004423,2.8427
3,和暦=平成 | 場合別2=体育（保健体育） | 競技種目=ソフトボール,45,0.028427037271004423,2.8427
3,場合別2=体育的部活動 | 被災学年=1 | 被災学校種=中,45,0.028427037271004423,2.8427
3,場合別2=体育的部活動 | 発生場所1=学校内・校舎内（園内・園舎内） | 被災学校種=中,45,0.028427037271004423,2.8427
3,場合別1=各教科等 | 発生場所2=運動場・校庭（園庭） | 被災学校種=高,45,0.028427037271004423,2.8427
3,場合別1=各教科等 | 被災学年=3 | 被災学校種=高,45,0.028427037271004423,2.8427
3,場合別1=各教科等 | 発生場所1=学校内・校舎内（園内・園舎内） | 被災学校種=高,45,0.028427037271004423,2.8427
3,性別=女 | 発生場所1=学校内・校舎内（園内・園舎内） | 被災学校種=高,45,0.028427037271004423,2.8427
3,発生場所2=体育館・屋内運動場 | 被災学年=3 | 被災学校種=高,45,0.028427037271004423,2.8427
3,和暦=平成 | 性別=男 | 発生場所2=廊下,45,0.028427037271004423,2.8427
3,和暦=平成 | 場合別1=通学中 | 被災学校種=中,45,0.028427037271004423,2.8427
3,和暦=平成 | 発生場所1=学校外（園外） | 給付年度=19,45,0.028427037271004423,2.8427
3,場合別2=体育的部活動 | 性別=男 | 給付年度=19,45,0.028427037271004423,2.8427
3,和暦=平成 | 発生場所1=学校内・校舎外（園内・園舎外） | 給付年度=21,45,0.028427037271004423,2.8427
3,和暦=令和 | 場合別1=通学中 | 通学方法=自転車,45,0.028427037271004423,2.8427
3,和暦=令和 | 発生場所1=学校外（園外） | 通学方法=自転車,45,0.028427037271004423,2.8427
3,和暦=令和 | 発生場所2=道路 | 通学方法=自転車,45,0.028427037271004423,2.8427
3,和暦=平成 | 被災学年=5 | 被災学校種=小,44,0.027795325331648767,2.7795
3,性別=女 | 発生場所1=学校内・校舎内（園内・園舎内） | 被災学校種=小,44,0.027795325331648767,2.7795
3,和暦=平成 | 場合別1=休憩時間 | 発生場所2=教室（保育室）,44,0.027795325331648767,2.7795
3,和暦=平成 | 発生場所1=学校外（園外） | 被災学校種=小,44,0.027795325331648767,2.7795
3,発生場所1=学校内・校舎内（園内・園舎内） | 被災学年=1 | 被災学校種=中,44,0.027795325331648767,2.7795
3,性別=女 | 被災学年=2 | 被災学校種=中,44,0.027795325331648767,2.7795
3,発生場所2=運動場・校庭（園庭） | 被災学年=2 | 被災学校種=中,44,0.027795325331648767,2.7795
3,場合別2=体育（保健体育） | 発生場所2=運動場・校庭（園庭） | 被災学校種=高,44,0.027795325331648767,2.7795
3,和暦=平成 | 場合別2=下校（降園）中 | 被災学年=1,44,0.027795325331648767,2.7795
3,場合別1=通学中 | 場合別2=下校（降園）中 | 性別=女,44,0.027795325331648767,2.7795
3,場合別2=下校（降園）中 | 性別=女 | 発生場所1=学校外（園外）,44,0.027795325331648767,2.7795
3,和暦=平成 | 発生場所2=運動場・校庭（園庭） | 給付年度=19,44,0.027795325331648767,2.7795
3,発生場所1=学校内・校舎外（園内・園舎外） | 発生場所2=運動場・校庭（園庭） | 給付年度=19,44,0.027795325331648767,2.7795
3,場合別1=課外指導 | 給付年度=19 | 被災学校種=高,44,0.027795325331648767,2.7795
3,場合別2=体育的部活動 | 給付年度=19 | 被災学校種=高,44,0.027795325331648767,2.7795
3,和暦=平成 | 発生場所2=運動場・校庭（園庭） | 給付年度=21,44,0.027795325331648767,2.7795
3,発生場所1=学校内・校舎外（園内・園舎外） | 発生場所2=運動場・校庭（園庭） | 給付年度=21,44,0.027795325331648767,2.7795
3,性別=男 | 給付年度=27 | 被災学校種=高,44,0.027795325331648767,2.7795
3,和暦=令和 | 発生場所1=学校内・校舎内（園内・園舎内） | 発生場所2=体育館・屋内運動場,44,0.027795325331648767,2.7795
3,和暦=令和 | 場合別2=体育的部活動 | 被災学年=2,44,0.027795325331648767,2.7795
3,和暦=令和 | 給付年度=2 | 被災学校種=高,44,0.027795325331648767,2.7795
3,和暦=平成 | 場合別2=休憩時間中 | 被災学校種=小,43,0.027163613392293114,2.7164
3,場合別1=通学中 | 発生場所1=学校外（園外） | 通学方法=徒歩,43,0.027163613392293114,2.7164
3,性別=男 | 発生場所2=道路 | 被災学校種=中,43,0.027163613392293114,2.7164
3,和暦=平成 | 場合別1=休憩時間 | 場合別2=授業終了後の特定時間中,43,0.027163613392293114,2.7164
3,和暦=平成 | 発生場所1=学校内・校舎外（園内・園舎外） | 競技種目=サッカー・フットサル,43,0.027163613392293114,2.7164
3,場合別1=各教科等 | 発生場所2=体育館・屋内運動場 | 被災学校種=高,43,0.027163613392293114,2.7164
3,場合別2=体育（保健体育） | 発生場所1=学校内・校舎内（園内・園舎内） | 被災学校種=高,43,0.027163613392293114,2.7164
3,場合別2=体育（保健体育） | 発生場所2=体育館・屋内運動場 | 被災学校種=高,43,0.027163613392293114,2.7164
3,場合別1=通学中 | 場合別2=登校（登園）中 | 被災学年=1,43,0.027163613392293114,2.7164
3,場合別2=登校（登園）中 | 発生場所1=学校外（園外） | 被災学年=1,43,0.027163613392293114,2.7164
3,場合別2=下校（降園）中 | 発生場所2=道路 | 被災学年=2,43,0.027163613392293114,2.7164
3,場合別1=各教科等 | 性別=女 | 発生場所1=学校内・校舎内（園内・園舎内）,43,0.027163613392293114,2.7164
3,場合別1=休憩時間 | 性別=女 | 発生場所1=学校内・校舎内（園内・園舎内）,43,0.027163613392293114,2.7164
3,和暦=平成 | 場合別1=課外指導 | 給付年度=22,43,0.027163613392293114,2.7164
3,性別=男 | 給付年度=23 | 被災学校種=高,43,0.027163613392293114,2.7164
3,和暦=平成 | 給付年度=24 | 被災学校種=高,43,0.027163613392293114,2.7164
3,和暦=平成 | 給付年度=28 | 被災学校種=高,43,0.027163613392293114,2.7164
3,和暦=令和 | 発生場所1=学校内・校舎外（園内・園舎外） | 被災学年=1,43,0.027163613392293114,2.7164
3,場合別1=休憩時間 | 性別=男 | 発生場所2=教室（保育室）,42,0.026531901452937462,2.6532
3,和暦=平成 | 場合別2=登校（登園）中 | 性別=女,42,0.026531901452937462,2.6532
3,場合別1=各教科等 | 性別=男 | 被災学年=2,42,0.026531901452937462,2.6532
3,和暦=平成 | 場合別2=体育（保健体育） | 性別=女,42,0.026531901452937462,2.6532
3,場合別1=課外指導 | 発生場所1=学校内・校舎内（園内・園舎内） | 被災学年=1,42,0.026531901452937462,2.6532
3,和暦=平成 | 場合別2=昼食時休憩時間中 | 発生場所1=学校内・校舎内（園内・園舎内）,42,0.026531901452937462,2.6532
3,場合別2=登校（登園）中 | 発生場所2=道路 | 被災学年=1,42,0.026531901452937462,2.6532
3,場合別2=登校（登園）中 | 被災学年=1 | 通学方法=自転車,42,0.026531901452937462,2.6532
3,和暦=平成 | 被災学年=3 | 通学方法=自転車,42,0.026531901452937462,2.6532
3,場合別2=下校（降園）中 | 性別=女 | 発生場所2=道路,42,0.026531901452937462,2.6532
3,和暦=平成 | 発生場所1=学校内・校舎外（園内・園舎外） | 給付年度=18,42,0.026531901452937462,2.6532
3,和暦=平成 | 発生場所2=運動場・校庭（園庭） | 給付年度=18,42,0.026531901452937462,2.6532
3,発生場所1=学校内・校舎外（園内・園舎外） | 発生場所2=運動場・校庭（園庭） | 給付年度=18,42,0.026531901452937462,2.6532
3,場合別1=課外指導 | 性別=男 | 給付年度=18,42,0.026531901452937462,2.6532
3,発生場所1=学校内・校舎内（園内・園舎内） | 発生場所2=廊下 | 被災学校種=中,42,0.026531901452937462,2.6532
3,性別=男 | 発生場所1=学校内・校舎外（園内・園舎外） | 給付年度=19,42,0.026531901452937462,2.6532
3,和暦=平成 | 場合別1=課外指導 | 給付年度=20,42,0.026531901452937462,2.6532
3,和暦=平成 | 場合別2=体育的部活動 | 給付年度=20,42,0.026531901452937462,2.6532
3,場合別1=課外指導 | 場合別2=体育的部活動 | 給付年度=20,42,0.026531901452937462,2.6532
3,和暦=平成 | 場合別2=体育的部活動 | 給付年度=22,42,0.026531901452937462,2.6532
3,場合別1=課外指導 | 場合別2=体育的部活動 | 給付年度=22,42,0.026531901452937462,2.6532
3,和暦=令和 | 発生場所2=運動場・校庭（園庭） | 被災学年=1,42,0.026531901452937462,2.6532
3,和暦=平成 | 場合別1=特別活動（除学校行事） | 発生場所1=学校内・校舎内（園内・園舎内）,41,0.025900189513581806,2.59
3,和暦=平成 | 被災学年=4 | 被災学校種=小,41,0.025900189513581806,2.59
3,性別=男 | 発生場所2=体育館・屋内運動場 | 被災学年=1,41,0.025900189513581806,2.59
3,場合別1=各教科等 | 発生場所1=学校内・校舎外（園内・園舎外） | 被災学年=3,41,0.025900189513581806,2.59
3,場合別1=課外指導 | 性別=女 | 発生場所1=学校内・校舎内（園内・園舎内）,41,0.025900189513581806,2.59
3,場合別2=体育的部活動 | 発生場所1=学校内・校舎内（園内・園舎内） | 被災学年=1,41,0.025900189513581806,2.59
3,和暦=平成 | 発生場所2=運動場・校庭（園庭） | 競技種目=サッカー・フットサル,41,0.025900189513581806,2.59
3,発生場所2=体育館・屋内運動場 | 被災学年=1 | 被災学校種=高,41,0.025900189513581806,2.59
3,性別=女 | 発生場所1=学校外（園外） | 被災学年=2,41,0.025900189513581806,2.59
3,場合別1=休憩時間 | 性別=男 | 発生場所2=廊下,41,0.025900189513581806,2.59
3,和暦=平成 | 発生場所1=学校内・校舎内（園内・園舎内） | 給付年度=18,41,0.025900189513581806,2.59
3,場合別2=体育的部活動 | 性別=男 | 給付年度=18,41,0.025900189513581806,2.59
3,発生場所1=学校外（園外） | 競技種目=野球（含軟式） | 被災学年=2,41,0.025900189513581806,2.59
3,和暦=平成 | 給付年度=20 | 被災学年=2,41,0.025900189513581806,2.59
3,和暦=平成 | 給付年度=25 | 被災学校種=高,41,0.025900189513581806,2.59
3,和暦=平成 | 給付年度=29 | 被災学校種=高,41,0.025900189513581806,2.59
3,和暦=平成 | 発生場所1=学校内・校舎外（園内・園舎外） | 給付年度=17,40,0.025268477574226154,2.5268
3,和暦=平成 | 性別=男 | 競技種目=ソフトボール,40,0.025268477574226154,2.5268
3,発生場所2=運動場・校庭（園庭） | 被災学年=3 | 被災学校種=中,40,0.025268477574226154,2.5268
3,和暦=平成 | 場合別2=体育（保健体育） | 被災学年=2,40,0.025268477574226154,2.5268
3,性別=男 | 競技種目=野球（含軟式） | 被災学校種=中,40,0.025268477574226154,2.5268
3,場合別2=体育的部活動 | 性別=女 | 発生場所1=学校内・校舎内（園内・園舎内）,40,0.025268477574226154,2.5268
3,場合別2=体育（保健体育） | 被災学年=3 | 被災学校種=高,40,0.025268477574226154,2.5268
3,発生場所1=学校内・校舎外（園内・園舎外） | 競技種目=サッカー・フットサル | 被災学校種=高,40,0.025268477574226154,2.5268
3,和暦=平成 | 給付年度=18 | 被災学年=2,40,0.025268477574226154,2.5268
3,場合別1=通学中 | 性別=男 | 被災学校種=中,40,0.025268477574226154,2.5268
3,場合別1=課外指導 | 給付年度=18 | 被災学校種=高,40,0.025268477574226154,2.5268
3,和暦=平成 | 場合別1=課外指導 | 給付年度=21,40,0.025268477574226154,2.5268
3,和暦=平成 | 場合別2=体育的部活動 | 給付年度=21,40,0.025268477574226154,2.5268
3,場合別1=課外指導 | 場合別2=体育的部活動 | 給付年度=21,40,0.025268477574226154,2.5268
3,性別=男 | 給付年度=26 | 被災学校種=高,40,0.025268477574226154,2.5268
3,性別=男 | 発生場所1=学校内・校舎外（園内・園舎外） | 給付年度=27,40,0.025268477574226154,2.5268
3,場合別1=課外指導 | 性別=男 | 給付年度=27,40,0.025268477574226154,2.5268
3,性別=男 | 給付年度=28 | 被災学校種=高,40,0.025268477574226154,2.5268
3,和暦=平成 | 場合別1=各教科等 | 被災学校種=小,39,0.024636765634870498,2.4637
3,和暦=平成 | 発生場所2=運動場・校庭（園庭） | 給付年度=17,39,0.024636765634870498,2.4637
3,発生場所1=学校内・校舎外（園内・園舎外） | 発生場所2=運動場・校庭（園庭） | 給付年度=17,39,0.024636765634870498,2.4637
3,和暦=平成 | 被災学年=3 | 被災学校種=小,39,0.024636765634870498,2.4637
3,和暦=平成 | 場合別1=通学中 | 通学方法=徒歩,39,0.024636765634870498,2.4637
3,和暦=平成 | 発生場所1=学校外（園外） | 通学方法=徒歩,39,0.024636765634870498,2.4637
3,場合別2=体育（保健体育） | 性別=男 | 被災学年=2,39,0.024636765634870498,2.4637
3,場合別1=課外指導 | 競技種目=野球（含軟式） | 被災学校種=中,39,0.024636765634870498,2.4637
3,場合別2=体育的部活動 | 競技種目=野球（含軟式） | 被災学校種=中,39,0.024636765634870498,2.4637
3,場合別1=課外指導 | 性別=女 | 被災学校種=中,39,0.024636765634870498,2.4637
3,場合別1=課外指導 | 発生場所1=学校外（園外） | 被災学年=3,39,0.024636765634870498,2.4637
3,場合別2=昼食時休憩時間中 | 性別=男 | 発生場所1=学校内・校舎内（園内・園舎内）,39,0.024636765634870498,2.4637
3,性別=女 | 発生場所1=学校内・校舎外（園内・園舎外） | 被災学校種=高,39,0.024636765634870498,2.4637
3,性別=女 | 発生場所2=体育館・屋内運動場 | 被災学校種=高,39,0.024636765634870498,2.4637
3,性別=女 | 発生場所1=学校内・校舎内（園内・園舎内） | 発生場所2=廊下,39,0.024636765634870498,2.4637
3,場合別1=各教科等 | 発生場所2=体育館・屋内運動場 | 被災学年=3,39,0.024636765634870498,2.4637
3,場合別2=体育的部活動 | 給付年度=18 | 被災学校種=高,39,0.024636765634870498,2.4637
3,発生場所2=学校外運動場・競技場 | 競技種目=野球（含軟式） | 被災学年=2,39,0.024636765634870498,2.4637
3,和暦=平成 | 給付年度=22 | 被災学年=2,39,0.024636765634870498,2.4637
3,和暦=平成 | 場合別1=課外指導 | 給付年度=23,39,0.024636765634870498,2.4637
3,和暦=平成 | 場合別2=体育的部活動 | 給付年度=23,39,0.024636765634870498,2.4637
3,場合別1=課外指導 | 場合別2=体育的部活動 | 給付年度=23,39,0.024636765634870498,2.4637
3,性別=男 | 給付年度=24 | 被災学校種=高,39,0.024636765634870498,2.4637
3,和暦=平成 | 場合別1=課外指導 | 給付年度=26,39,0.024636765634870498,2.4637
3,和暦=平成 | 場合別2=体育的部活動 | 給付年度=26,39,0.024636765634870498,2.4637
3,場合別1=課外指導 | 場合別2=体育的部活動 | 給付年度=26,39,0.024636765634870498,2.4637
3,場合別2=体育的部活動 | 性別=男 | 給付年度=27,39,0.024636765634870498,2.4637
3,和暦=平成 | 給付年度=30 | 被災学校種=高,39,0.024636765634870498,2.4637
3,和暦=令和 | 場合別1=各教科等 | 場合別2=体育（保健体育）,39,0.024636765634870498,2.4637
3,和暦=平成 | 性別=男 | 被災学年=5,38,0.024005053695514846,2.4005
3,性別=男 | 被災学年=5 | 被災学校種=小,38,0.024005053695514846,2.4005
3,場合別1=通学中 | 性別=男 | 被災学年=3,38,0.024005053695514846,2.4005
3,性別=男 | 発生場所2=道路 | 被災学年=3,38,0.024005053695514846,2.4005
3,場合別1=各教科等 | 性別=男 | 被災学年=1,38,0.024005053695514846,2.4005
3,場合別1=課外指導 | 性別=男 | 給付年度=17,38,0.024005053695514846,2.4005
3,場合別2=体育的部活動 | 性別=女 | 被災学校種=中,38,0.024005053695514846,2.4005
3,場合別2=体育的部活動 | 発生場所1=学校外（園外） | 被災学年=3,38,0.024005053695514846,2.4005
3,発生場所2=運動場・校庭（園庭） | 競技種目=サッカー・フットサル | 被災学校種=高,38,0.024005053695514846,2.4005
3,性別=女 | 発生場所2=道路 | 被災学年=1,38,0.024005053695514846,2.4005
3,和暦=平成 | 場合別2=下校（降園）中 | 被災学年=2,38,0.024005053695514846,2.4005
3,場合別2=体育（保健体育） | 発生場所1=学校内・校舎内（園内・園舎内） | 被災学年=3,38,0.024005053695514846,2.4005
3,場合別2=体育（保健体育） | 発生場所2=体育館・屋内運動場 | 被災学年=3,38,0.024005053695514846,2.4005
3,和暦=平成 | 被災学校種=中 | 通学方法=自転車,38,0.024005053695514846,2.4005
3,性別=男 | 発生場所2=運動場・校庭（園庭） | 給付年度=19,38,0.024005053695514846,2.4005
3,性別=男 | 発生場所2=運動場・校庭（園庭） | 給付年度=27,38,0.024005053695514846,2.4005
3,場合別1=課外指導 | 給付年度=27 | 被災学校種=高,38,0.024005053695514846,2.4005
3,場合別2=体育的部活動 | 給付年度=27 | 被災学校種=高,38,0.024005053695514846,2.4005
3,性別=男 | 給付年度=2 | 被災学校種=高,38,0.024005053695514846,2.4005
3,発生場所1=学校内・校舎内（園内・園舎内） | 発生場所2=教室（保育室） | 被災学校種=小,37,0.02337334175615919,2.3373
3,場合別2=休憩時間中 | 性別=男 | 被災学校種=小,37,0.02337334175615919,2.3373
3,場合別1=休憩時間 | 性別=女 | 被災学校種=小,37,0.02337334175615919,2.3373
3,場合別1=通学中 | 発生場所2=道路 | 通学方法=徒歩,37,0.02337334175615919,2.3373
3,発生場所1=学校外（園外） | 発生場所2=道路 | 通学方法=徒歩,37,0.02337334175615919,2.3373
3,和暦=平成 | 場合別1=各教科等 | 被災学年=1,37,0.02337334175615919,2.3373
3,場合別1=各教科等 | 発生場所2=運動場・校庭（園庭） | 被災学年=3,37,0.02337334175615919,2.3373
3,場合別1=各教科等 | 被災学年=3 | 被災学校種=中,37,0.02337334175615919,2.3373
3,場合別2=体育（保健体育） | 発生場所1=学校内・校舎外（園内・園舎外） | 被災学年=3,37,0.02337334175615919,2.3373
3,和暦=平成 | 場合別1=特別活動（除学校行事） | 性別=男,37,0.02337334175615919,2.3373
3,場合別2=体育的部活動 | 性別=男 | 給付年度=17,37,0.02337334175615919,2.3373
3,場合別1=課外指導 | 場合別2=体育的部活動 | 発生場所2=学校外体育館,37,0.02337334175615919,2.3373
3,場合別1=課外指導 | 発生場所1=学校外（園外） | 発生場所2=学校外体育館,37,0.02337334175615919,2.3373
3,場合別2=体育的部活動 | 発生場所1=学校外（園外） | 発生場所2=学校外体育館,37,0.02337334175615919,2.3373
3,和暦=平成 | 場合別1=休憩時間 | 被災学年=1,37,0.02337334175615919,2.3373
3,場合別1=課外指導 | 発生場所1=学校内・校舎外（園内・園舎外） | 競技種目=サッカー・フットサル,37,0.02337334175615919,2.3373
3,場合別1=課外指導 | 給付年度=17 | 被災学校種=高,37,0.02337334175615919,2.3373
3,場合別2=体育的部活動 | 発生場所1=学校内・校舎外（園内・園舎外） | 競技種目=サッカー・フットサル,37,0.02337334175615919,2.3373
3,場合別2=体育的部活動 | 給付年度=17 | 被災学校種=高,37,0.02337334175615919,2.3373
3,場合別1=通学中 | 性別=女 | 被災学年=1,37,0.02337334175615919,2.3373
3,性別=女 | 被災学年=1 | 通学方法=自転車,37,0.02337334175615919,2.3373
3,性別=男 | 給付年度=19 | 被災学年=2,37,0.02337334175615919,2.3373
3,和暦=平成 | 発生場所1=学校内・校舎内（園内・園舎内） | 給付年度=22,37,0.02337334175615919,2.3373
3,性別=男 | 給付年度=22 | 被災学校種=高,37,0.02337334175615919,2.3373
3,和暦=平成 | 発生場所2=教室（保育室） | 被災学校種=小,36,0.022741629816803537,2.2742
3,和暦=平成 | 発生場所1=学校外（園外） | 給付年度=17,36,0.022741629816803537,2.2742
3,場合別2=体育（保健体育） | 性別=男 | 被災学年=1,36,0.022741629816803537,2.2742
3,発生場所1=学校外（園外） | 被災学年=1 | 被災学校種=中,36,0.022741629816803537,2.2742
3,場合別2=下校（降園）中 | 性別=男 | 被災学年=1,36,0.022741629816803537,2.2742
3,場合別2=下校（降園）中 | 被災学年=1 | 被災学校種=高,36,0.022741629816803537,2.2742
3,和暦=平成 | 場合別2=下校（降園）中 | 性別=女,36,0.022741629816803537,2.2742
3,場合別2=下校（降園）中 | 被災学年=2 | 通学方法=自転車,36,0.022741629816803537,2.2742
3,和暦=平成 | 給付年度=18 | 被災学年=1,36,0.022741629816803537,2.2742
3,和暦=平成 | 給付年度=19 | 被災学年=3,36,0.022741629816803537,2.2742
3,和暦=平成 | 発生場所1=学校内・校舎内（園内・園舎内） | 給付年度=20,36,0.022741629816803537,2.2742
3,和暦=平成 | 発生場所1=学校外（園外） | 給付年度=20,36,0.022741629816803537,2.2742
3,場合別1=課外指導 | 性別=男 | 給付年度=20,36,0.022741629816803537,2.2742
3,場合別2=体育的部活動 | 性別=男 | 給付年度=20,36,0.022741629816803537,2.2742
3,性別=男 | 発生場所1=学校内・校舎外（園内・園舎外） | 給付年度=21,36,0.022741629816803537,2.2742
3,和暦=平成 | 発生場所1=学校内・校舎外（園内・園舎外） | 給付年度=22,36,0.022741629816803537,2.2742
3,和暦=平成 | 発生場所2=運動場・校庭（園庭） | 給付年度=22,36,0.022741629816803537,2.2742
3,発生場所1=学校内・校舎外（園内・園舎外） | 発生場所2=運動場・校庭（園庭） | 給付年度=22,36,0.022741629816803537,2.2742
3,和暦=平成 | 発生場所1=学校外（園外） | 給付年度=26,36,0.022741629816803537,2.2742
3,和暦=令和 | 被災学年=3 | 被災学校種=高,36,0.022741629816803537,2.2742
3,場合別2=体育（保健体育） | 発生場所2=運動場・校庭（園庭） | 被災学年=3,35,0.022109917877447885,2.211
3,性別=女 | 被災学年=3 | 被災学校種=中,35,0.022109917877447885,2.211
3,和暦=平成 | 発生場所1=学校外（園外） | 発生場所2=学校外体育館,35,0.022109917877447885,2.211
3,場合別1=課外指導 | 場合別2=体育的部活動 | 競技種目=バレーボール,35,0.022109917877447885,2.211
3,和暦=平成 | 競技種目=バスケットボール | 被災学年=2,35,0.022109917877447885,2.211
3,性別=女 | 発生場所2=運動場・校庭（園庭） | 被災学校種=高,35,0.022109917877447885,2.211
3,場合別1=課外指導 | 発生場所2=運動場・校庭（園庭） | 競技種目=サッカー・フットサル,35,0.022109917877447885,2.211
3,場合別2=体育的部活動 | 発生場所2=運動場・校庭（園庭） | 競技種目=サッカー・フットサル,35,0.022109917877447885,2.211
3,場合別1=課外指導 | 競技種目=バスケットボール | 被災学年=2,35,0.022109917877447885,2.211
3,場合別2=体育的部活動 | 競技種目=バスケットボール | 被災学年=2,35,0.022109917877447885,2.211
3,場合別1=通学中 | 場合別2=登校（登園）中 | 被災学年=2,35,0.022109917877447885,2.211
3,場合別2=登校（登園）中 | 発生場所1=学校外（園外） | 被災学年=2,35,0.022109917877447885,2.211
3,場合別2=登校（登園）中 | 被災学年=1 | 被災学校種=高,35,0.022109917877447885,2.211
3,場合別1=通学中 | 被災学年=3 | 被災学校種=高,35,0.022109917877447885,2.211
3,発生場所2=道路 | 被災学年=3 | 被災学校種=高,35,0.022109917877447885,2.211
3,発生場所1=学校内・校舎内（園内・園舎内） | 発生場所2=廊下 | 被災学校種=小,35,0.022109917877447885,2.211
3,和暦=平成 | 発生場所1=学校内・校舎外（園内・園舎外） | 給付年度=20,35,0.022109917877447885,2.211
3,和暦=平成 | 給付年度=20 | 被災学年=3,35,0.022109917877447885,2.211
3,和暦=平成 | 給付年度=21 | 被災学年=2,35,0.022109917877447885,2.211
3,性別=男 | 発生場所2=運動場・校庭（園庭） | 給付年度=21,35,0.022109917877447885,2.211
3,和暦=平成 | 性別=女 | 給付年度=22,35,0.022109917877447885,2.211
3,和暦=平成 | 場合別1=課外指導 | 給付年度=25,35,0.022109917877447885,2.211
3,和暦=平成 | 場合別2=体育的部活動 | 給付年度=25,35,0.022109917877447885,2.211
3,場合別1=課外指導 | 場合別2=体育的部活動 | 給付年度=25,35,0.022109917877447885,2.211
3,和暦=平成 | 場合別1=課外指導 | 給付年度=30,35,0.022109917877447885,2.211
3,和暦=平成 | 場合別2=体育的部活動 | 給付年度=30,35,0.022109917877447885,2.211
3,場合別1=課外指導 | 場合別2=体育的部活動 | 給付年度=30,35,0.022109917877447885,2.211
3,性別=男 | 給付年度=30 | 被災学校種=高,35,0.022109917877447885,2.211
3,和暦=令和 | 場合別1=課外指導 | 給付年度=2,35,0.022109917877447885,2.211
3,和暦=令和 | 性別=男 | 給付年度=4,35,0.022109917877447885,2.211
3,和暦=平成 | 発生場所2=道路 | 通学方法=徒歩,34,0.02147820593809223,2.1478
3,和暦=平成 | 場合別2=体育（保健体育） | 被災学年=1,34,0.02147820593809223,2.1478
3,場合別1=各教科等 | 発生場所1=学校内・校舎内（園内・園舎内） | 被災学校種=中,34,0.02147820593809223,2.1478
3,場合別1=各教科等 | 発生場所1=学校内・校舎外（園内・園舎外） | 被災学校種=中,34,0.02147820593809223,2.1478
3,場合別2=体育（保健体育） | 発生場所1=学校内・校舎外（園内・園舎外） | 被災学校種=中,34,0.02147820593809223,2.1478
3,発生場所1=学校内・校舎外（園内・園舎外） | 被災学年=1 | 被災学校種=中,34,0.02147820593809223,2.1478
3,場合別1=課外指導 | 性別=女 | 発生場所2=体育館・屋内運動場,34,0.02147820593809223,2.1478
3,場合別2=体育的部活動 | 性別=女 | 発生場所2=体育館・屋内運動場,34,0.02147820593809223,2.1478
3,場合別1=休憩時間 | 被災学年=2 | 被災学校種=中,34,0.02147820593809223,2.1478
3,場合別1=休憩時間 | 場合別2=昼食時休憩時間中 | 被災学校種=中,34,0.02147820593809223,2.1478
3,場合別1=課外指導 | 性別=女 | 発生場所1=学校内・校舎外（園内・園舎外）,34,0.02147820593809223,2.1478
3,場合別2=登校（登園）中 | 性別=女 | 被災学校種=高,34,0.02147820593809223,2.1478
3,場合別1=通学中 | 場合別2=登校（登園）中 | 被災学年=3,34,0.02147820593809223,2.1478
3,場合別2=登校（登園）中 | 発生場所1=学校外（園外） | 被災学年=3,34,0.02147820593809223,2.1478
3,性別=女 | 発生場所1=学校外（園外） | 被災学年=3,34,0.02147820593809223,2.1478
3,和暦=平成 | 性別=女 | 給付年度=18,34,0.02147820593809223,2.1478
3,和暦=平成 | 性別=女 | 発生場所2=廊下,34,0.02147820593809223,2.1478
3,和暦=平成 | 発生場所2=運動場・校庭（園庭） | 給付年度=20,34,0.02147820593809223,2.1478
3,発生場所1=学校内・校舎外（園内・園舎外） | 発生場所2=運動場・校庭（園庭） | 給付年度=20,34,0.02147820593809223,2.1478
3,和暦=平成 | 給付年度=26 | 被災学年=2,34,0.02147820593809223,2.1478
3,場合別1=課外指導 | 性別=男 | 給付年度=26,34,0.02147820593809223,2.1478
3,場合別2=体育的部活動 | 性別=男 | 給付年度=26,34,0.02147820593809223,2.1478
3,和暦=平成 | 場合別1=課外指導 | 給付年度=28,34,0.02147820593809223,2.1478
3,和暦=平成 | 場合別2=体育的部活動 | 給付年度=28,34,0.02147820593809223,2.1478
3,場合別1=課外指導 | 場合別2=体育的部活動 | 給付年度=28,34,0.02147820593809223,2.1478
3,場合別1=課外指導 | 性別=男 | 給付年度=30,34,0.02147820593809223,2.1478
3,場合別2=体育的部活動 | 性別=男 | 給付年度=30,34,0.02147820593809223,2.1478
3,和暦=令和 | 性別=男 | 発生場所2=体育館・屋内運動場,34,0.02147820593809223,2.1478
3,和暦=令和 | 場合別1=通学中 | 被災学校種=高,34,0.02147820593809223,2.1478
3,和暦=令和 | 発生場所2=道路 | 被災学校種=高,34,0.02147820593809223,2.1478
3,和暦=令和 | 被災学校種=高 | 通学方法=自転車,34,0.02147820593809223,2.1478
3,和暦=令和 | 場合別2=体育的部活動 | 給付年度=2,34,0.02147820593809223,2.1478
3,場合別1=課外指導 | 場合別2=体育的部活動 | 給付年度=2,34,0.02147820593809223,2.1478
3,和暦=令和 | 性別=男 | 給付年度=3,34,0.02147820593809223,2.1478
3,和暦=令和 | 給付年度=4 | 被災学校種=高,34,0.02147820593809223,2.1478
3,和暦=平成 | 場合別1=特別活動（除学校行事） | 被災学校種=小,33,0.020846493998736577,2.0846
3,性別=男 | 発生場所1=学校内・校舎外（園内・園舎外） | 給付年度=17,33,0.020846493998736577,2.0846
3,和暦=平成 | 性別=男 | 発生場所2=その他,33,0.020846493998736577,2.0846
3,和暦=平成 | 給付年度=17 | 被災学年=1,33,0.020846493998736577,2.0846
3,場合別1=各教科等 | 発生場所2=運動場・校庭（園庭） | 被災学校種=中,33,0.020846493998736577,2.0846
3,場合別2=体育（保健体育） | 発生場所2=運動場・校庭（園庭） | 被災学校種=中,33,0.020846493998736577,2.0846
3,場合別2=体育（保健体育） | 被災学年=3 | 被災学校種=中,33,0.020846493998736577,2.0846
3,発生場所1=学校内・校舎外（園内・園舎外） | 競技種目=ソフトボール | 被災学校種=中,33,0.020846493998736577,2.0846
3,発生場所2=運動場・校庭（園庭） | 競技種目=ソフトボール | 被災学校種=中,33,0.020846493998736577,2.0846
3,場合別1=特別活動（除学校行事） | 性別=男 | 発生場所1=学校内・校舎内（園内・園舎内）,33,0.020846493998736577,2.0846
3,発生場所1=学校外（園外） | 被災学年=2 | 被災学校種=中,33,0.020846493998736577,2.0846
3,和暦=平成 | 競技種目=バスケットボール | 被災学年=1,33,0.020846493998736577,2.0846
3,場合別1=課外指導 | 発生場所2=体育館・屋内運動場 | 被災学年=1,33,0.020846493998736577,2.0846
3,場合別2=体育的部活動 | 発生場所2=体育館・屋内運動場 | 被災学年=1,33,0.020846493998736577,2.0846
3,場合別1=休憩時間 | 場合別2=授業終了後の特定時間中 | 性別=男,33,0.020846493998736577,2.0846
3,発生場所1=学校内・校舎外（園内・園舎外） | 競技種目=ソフトボール | 被災学校種=高,33,0.020846493998736577,2.0846
3,発生場所2=運動場・校庭（園庭） | 競技種目=ソフトボール | 被災学校種=高,33,0.020846493998736577,2.0846
3,性別=男 | 競技種目=バスケットボール | 被災学年=2,33,0.020846493998736577,2.0846
3,発生場所1=学校内・校舎内（園内・園舎内） | 競技種目=バスケットボール | 被災学年=2,33,0.020846493998736577,2.0846
3,発生場所2=体育館・屋内運動場 | 競技種目=バスケットボール | 被災学年=2,33,0.020846493998736577,2.0846
3,発生場所1=学校外（園外） | 発生場所2=学校外運動場・競技場 | 被災学年=1,33,0.020846493998736577,2.0846
3,場合別2=体育的部活動 | 性別=女 | 発生場所1=学校内・校舎外（園内・園舎外）,33,0.020846493998736577,2.0846
3,発生場所1=学校内・校舎内（園内・園舎内） | 発生場所2=廊下 | 被災学年=2,33,0.020846493998736577,2.0846
3,場合別2=登校（登園）中 | 発生場所2=道路 | 被災学年=3,33,0.020846493998736577,2.0846
3,被災学年=3 | 被災学校種=高 | 通学方法=自転車,33,0.020846493998736577,2.0846
3,性別=男 | 発生場所1=学校内・校舎外（園内・園舎外） | 給付年度=18,33,0.020846493998736577,2.0846
3,性別=男 | 発生場所2=運動場・校庭（園庭） | 給付年度=18,33,0.020846493998736577,2.0846
3,性別=男 | 給付年度=18 | 被災学年=2,33,0.020846493998736577,2.0846
3,場合別2=登校（登園）中 | 発生場所2=道路 | 被災学年=2,33,0.020846493998736577,2.0846
3,和暦=平成 | 給付年度=19 | 被災学校種=中,33,0.020846493998736577,2.0846
3,場合別1=課外指導 | 給付年度=20 | 被災学校種=高,33,0.020846493998736577,2.0846
3,場合別2=体育的部活動 | 給付年度=20 | 被災学校種=高,33,0.020846493998736577,2.0846
3,場合別1=課外指導 | 性別=男 | 給付年度=21,33,0.020846493998736577,2.0846
3,場合別2=体育的部活動 | 性別=男 | 給付年度=21,33,0.020846493998736577,2.0846
3,場合別1=課外指導 | 性別=男 | 給付年度=23,33,0.020846493998736577,2.0846
3,場合別2=体育的部活動 | 性別=男 | 給付年度=23,33,0.020846493998736577,2.0846
3,和暦=平成 | 給付年度=27 | 被災学年=2,33,0.020846493998736577,2.0846
3,和暦=令和 | 発生場所1=学校外（園外） | 被災学年=1,33,0.020846493998736577,2.0846
3,和暦=令和 | 性別=男 | 発生場所2=道路,33,0.020846493998736577,2.0846
3,性別=男 | 発生場所2=運動場・校庭（園庭） | 給付年度=17,32,0.02021478205938092,2.0215
3,場合別1=休憩時間 | 性別=女 | 発生場所1=学校内・校舎外（園内・園舎外）,32,0.02021478205938092,2.0215
3,和暦=平成 | 給付年度=17 | 被災学年=3,32,0.02021478205938092,2.0215
3,場合別1=通学中 | 場合別2=下校（降園）中 | 通学方法=徒歩,32,0.02021478205938092,2.0215
3,場合別2=下校（降園）中 | 発生場所1=学校外（園外） | 通学方法=徒歩,32,0.02021478205938092,2.0215
3,和暦=平成 | 競技種目=野球（含軟式） | 被災学校種=中,32,0.02021478205938092,2.0215
3,場合別1=課外指導 | 性別=女 | 被災学年=1,32,0.02021478205938092,2.0215
3,和暦=平成 | 場合別1=課外指導 | 発生場所2=学校外体育館,32,0.02021478205938092,2.0215
3,和暦=平成 | 場合別2=体育的部活動 | 発生場所2=学校外体育館,32,0.02021478205938092,2.0215
3,場合別2=下校（降園）中 | 性別=女 | 通学方法=自転車,32,0.02021478205938092,2.0215
3,和暦=平成 | 発生場所1=学校外（園外） | 給付年度=18,32,0.02021478205938092,2.0215
3,和暦=平成 | 発生場所2=廊下 | 被災学校種=中,32,0.02021478205938092,2.0215
3,場合別1=通学中 | 場合別2=下校（降園）中 | 被災学校種=中,32,0.02021478205938092,2.0215
3,場合別2=下校（降園）中 | 発生場所1=学校外（園外） | 被災学校種=中,32,0.02021478205938092,2.0215
3,和暦=平成 | 発生場所1=学校内・校舎内（園内・園舎内） | 給付年度=19,32,0.02021478205938092,2.0215
3,和暦=平成 | 性別=女 | 給付年度=20,32,0.02021478205938092,2.0215
3,給付年度=20 | 被災学年=2 | 被災学校種=高,32,0.02021478205938092,2.0215
3,和暦=平成 | 発生場所1=学校外（園外） | 給付年度=22,32,0.02021478205938092,2.0215
3,場合別1=課外指導 | 性別=男 | 給付年度=22,32,0.02021478205938092,2.0215
3,場合別2=体育的部活動 | 性別=男 | 給付年度=22,32,0.02021478205938092,2.0215
3,場合別1=課外指導 | 給付年度=22 | 被災学校種=高,32,0.02021478205938092,2.0215
3,和暦=平成 | 発生場所1=学校内・校舎外（園内・園舎外） | 給付年度=23,32,0.02021478205938092,2.0215
3,和暦=平成 | 給付年度=23 | 被災学年=2,32,0.02021478205938092,2.0215
3,和暦=平成 | 発生場所1=学校外（園外） | 給付年度=23,32,0.02021478205938092,2.0215
3,和暦=平成 | 給付年度=24 | 被災学年=2,32,0.02021478205938092,2.0215
3,和暦=平成 | 場合別1=課外指導 | 給付年度=24,32,0.02021478205938092,2.0215
3,性別=男 | 給付年度=25 | 被災学校種=高,32,0.02021478205938092,2.0215
3,発生場所1=学校内・校舎外（園内・園舎外） | 給付年度=27 | 被災学校種=高,32,0.02021478205938092,2.0215
3,和暦=令和 | 場合別1=各教科等 | 性別=男,32,0.02021478205938092,2.0215
3,和暦=令和 | 発生場所1=学校内・校舎内（園内・園舎内） | 被災学校種=中,32,0.02021478205938092,2.0215
3,和暦=令和 | 競技種目=野球（含軟式） | 被災学年=1,32,0.02021478205938092,2.0215
3,和暦=令和 | 場合別1=通学中 | 性別=男,32,0.02021478205938092,2.0215
3,和暦=令和 | 発生場所1=学校内・校舎外（園内・園舎外） | 給付年度=2,32,0.02021478205938092,2.0215
3,和暦=令和 | 性別=男 | 給付年度=5,32,0.02021478205938092,2.0215
3,場合別2=休憩時間中 | 発生場所1=学校内・校舎内（園内・園舎内） | 被災学校種=小,31,0.01958307012002527,1.9583
3,発生場所1=学校外（園外） | 発生場所2=道路 | 被災学校種=小,31,0.01958307012002527,1.9583
3,性別=女 | 発生場所1=学校内・校舎外（園内・園舎外） | 被災学校種=中,31,0.01958307012002527,1.9583
3,発生場所2=運動場・校庭（園庭） | 被災学年=1 | 被災学校種=中,31,0.01958307012002527,1.9583
3,場合別1=課外指導 | 発生場所2=体育館・屋内運動場 | 被災学校種=中,31,0.01958307012002527,1.9583
3,場合別2=体育的部活動 | 発生場所2=体育館・屋内運動場 | 被災学校種=中,31,0.01958307012002527,1.9583
3,発生場所1=学校内・校舎内（園内・園舎内） | 発生場所2=体育館・屋内運動場 | 競技種目=バレーボール,31,0.01958307012002527,1.9583
3,場合別2=体育的部活動 | 性別=女 | 被災学年=1,31,0.01958307012002527,1.9583
3,場合別1=休憩時間 | 性別=男 | 被災学年=1,31,0.01958307012002527,1.9583
3,場合別1=課外指導 | 発生場所2=学校外運動場・競技場 | 被災学年=1,31,0.01958307012002527,1.9583
3,場合別2=体育的部活動 | 発生場所2=学校外運動場・競技場 | 被災学年=1,31,0.01958307012002527,1.9583
3,性別=男 | 発生場所2=学校外運動場・競技場 | 被災学年=1,31,0.01958307012002527,1.9583
3,場合別1=課外指導 | 性別=女 | 発生場所2=運動場・校庭（園庭）,31,0.01958307012002527,1.9583
3,場合別2=体育的部活動 | 性別=女 | 発生場所2=運動場・校庭（園庭）,31,0.01958307012002527,1.9583
3,和暦=平成 | 場合別1=休憩時間 | 被災学校種=高,31,0.01958307012002527,1.9583
3,和暦=平成 | 場合別2=登校（登園）中 | 被災学年=1,31,0.01958307012002527,1.9583
3,場合別2=登校（登園）中 | 被災学年=3 | 通学方法=自転車,31,0.01958307012002527,1.9583
3,場合別2=下校（降園）中 | 被災学年=2 | 被災学校種=高,31,0.01958307012002527,1.9583
3,場合別2=下校（降園）中 | 発生場所2=道路 | 被災学校種=中,31,0.01958307012002527,1.9583
3,性別=男 | 被災学校種=中 | 通学方法=自転車,31,0.01958307012002527,1.9583
3,場合別2=登校（登園）中 | 被災学年=2 | 通学方法=自転車,31,0.01958307012002527,1.9583
3,場合別2=下校（降園）中 | 性別=男 | 被災学年=2,31,0.01958307012002527,1.9583
3,和暦=平成 | 性別=女 | 給付年度=19,31,0.01958307012002527,1.9583
3,発生場所1=学校外（園外） | 給付年度=20 | 被災学校種=高,31,0.01958307012002527,1.9583
3,場合別2=体育的部活動 | 給付年度=22 | 被災学校種=高,31,0.01958307012002527,1.9583
3,場合別1=課外指導 | 給付年度=23 | 被災学校種=高,31,0.01958307012002527,1.9583
3,場合別2=体育的部活動 | 給付年度=23 | 被災学校種=高,31,0.01958307012002527,1.9583
3,和暦=平成 | 場合別2=体育的部活動 | 給付年度=24,31,0.01958307012002527,1.9583
3,場合別1=課外指導 | 場合別2=体育的部活動 | 給付年度=24,31,0.01958307012002527,1.9583
3,場合別1=課外指導 | 性別=男 | 給付年度=24,31,0.01958307012002527,1.9583
3,和暦=平成 | 発生場所1=学校内・校舎外（園内・園舎外） | 給付年度=25,31,0.01958307012002527,1.9583
3,和暦=平成 | 発生場所2=運動場・校庭（園庭） | 給付年度=25,31,0.01958307012002527,1.9583
3,発生場所1=学校内・校舎外（園内・園舎外） | 発生場所2=運動場・校庭（園庭） | 給付年度=25,31,0.01958307012002527,1.9583
3,和暦=平成 | 給付年度=25 | 被災学年=1,31,0.01958307012002527,1.9583
3,場合別1=課外指導 | 性別=男 | 給付年度=25,31,0.01958307012002527,1.9583
3,場合別2=体育的部活動 | 性別=男 | 給付年度=25,31,0.01958307012002527,1.9583
3,場合別1=課外指導 | 発生場所1=学校内・校舎外（園内・園舎外） | 給付年度=27,31,0.01958307012002527,1.9583
3,場合別2=体育的部活動 | 発生場所1=学校内・校舎外（園内・園舎外） | 給付年度=27,31,0.01958307012002527,1.9583
3,発生場所2=運動場・校庭（園庭） | 給付年度=27 | 被災学校種=高,31,0.01958307012002527,1.9583
3,和暦=平成 | 発生場所1=学校内・校舎外（園内・園舎外） | 給付年度=28,31,0.01958307012002527,1.9583
3,和暦=平成 | 発生場所1=学校内・校舎外（園内・園舎外） | 給付年度=29,31,0.01958307012002527,1.9583
3,和暦=令和 | 発生場所1=学校内・校舎内（園内・園舎内） | 被災学年=2,31,0.01958307012002527,1.9583
3,和暦=令和 | 発生場所1=学校外（園外） | 被災学年=2,31,0.01958307012002527,1.9583
3,和暦=令和 | 発生場所1=学校内・校舎内（園内・園舎内） | 被災学校種=高,31,0.01958307012002527,1.9583
3,性別=女 | 発生場所1=学校内・校舎外（園内・園舎外） | 被災学校種=小,30,0.018951358180669616,1.8951
3,和暦=平成 | 発生場所1=学校内・校舎内（園内・園舎内） | 給付年度=17,30,0.018951358180669616,1.8951
3,場合別1=休憩時間 | 場合別2=休憩時間中 | 発生場所1=学校内・校舎外（園内・園舎外）,30,0.018951358180669616,1.8951
3,性別=男 | 被災学年=4 | 被災学校種=小,30,0.018951358180669616,1.8951
3,和暦=平成 | 発生場所2=道路 | 被災学校種=小,30,0.018951358180669616,1.8951
3,和暦=平成 | 場合別2=下校（降園）中 | 通学方法=徒歩,30,0.018951358180669616,1.8951
3,性別=男 | 発生場所1=学校外（園外） | 被災学校種=小,30,0.018951358180669616,1.8951
3,発生場所2=体育館・屋内運動場 | 被災学年=2 | 被災学校種=中,30,0.018951358180669616,1.8951
3,性別=女 | 発生場所1=学校内・校舎外（園内・園舎外） | 被災学年=3,30,0.018951358180669616,1.8951
3,発生場所1=学校内・校舎外（園内・園舎外） | 競技種目=野球（含軟式） | 被災学校種=中,30,0.018951358180669616,1.8951
3,和暦=平成 | 競技種目=バスケットボール | 被災学校種=中,30,0.018951358180669616,1.8951
3,場合別1=休憩時間 | 場合別2=授業終了後の特定時間中 | 発生場所1=学校内・校舎内（園内・園舎内）,30,0.018951358180669616,1.8951
3,和暦=平成 | 競技種目=ソフトボール | 被災学校種=高,30,0.018951358180669616,1.8951
3,場合別1=各教科等 | 被災学年=1 | 被災学校種=高,30,0.018951358180669616,1.8951
3,場合別2=体育（保健体育） | 性別=女 | 発生場所1=学校内・校舎内（園内・園舎内）,30,0.018951358180669616,1.8951
3,和暦=平成 | 給付年度=18 | 被災学年=3,30,0.018951358180669616,1.8951
3,和暦=平成 | 発生場所2=廊下 | 被災学校種=小,30,0.018951358180669616,1.8951
3,給付年度=18 | 被災学年=2 | 被災学校種=高,30,0.018951358180669616,1.8951
3,性別=男 | 給付年度=20 | 被災学年=2,30,0.018951358180669616,1.8951
3,性別=男 | 発生場所1=学校内・校舎外（園内・園舎外） | 給付年度=20,30,0.018951358180669616,1.8951
3,性別=男 | 発生場所2=運動場・校庭（園庭） | 給付年度=20,30,0.018951358180669616,1.8951
3,和暦=平成 | 発生場所1=学校外（園外） | 給付年度=21,30,0.018951358180669616,1.8951
3,場合別1=課外指導 | 給付年度=21 | 被災学校種=高,30,0.018951358180669616,1.8951
3,場合別2=体育的部活動 | 給付年度=21 | 被災学校種=高,30,0.018951358180669616,1.8951
3,和暦=平成 | 発生場所1=学校内・校舎外（園内・園舎外） | 給付年度=24,30,0.018951358180669616,1.8951
3,場合別2=体育的部活動 | 性別=男 | 給付年度=24,30,0.018951358180669616,1.8951
3,場合別1=課外指導 | 給付年度=25 | 被災学校種=高,30,0.018951358180669616,1.8951
3,場合別2=体育的部活動 | 給付年度=25 | 被災学校種=高,30,0.018951358180669616,1.8951
3,場合別1=課外指導 | 発生場所2=運動場・校庭（園庭） | 給付年度=27,30,0.018951358180669616,1.8951
3,場合別2=体育的部活動 | 発生場所2=運動場・校庭（園庭） | 給付年度=27,30,0.018951358180669616,1.8951
3,場合別1=課外指導 | 性別=男 | 給付年度=28,30,0.018951358180669616,1.8951
3,場合別2=体育的部活動 | 性別=男 | 給付年度=28,30,0.018951358180669616,1.8951
3,場合別1=課外指導 | 給付年度=28 | 被災学校種=高,30,0.018951358180669616,1.8951
3,場合別2=体育的部活動 | 給付年度=28 | 被災学校種=高,30,0.018951358180669616,1.8951
3,和暦=平成 | 発生場所2=運動場・校庭（園庭） | 給付年度=29,30,0.018951358180669616,1.8951
3,発生場所1=学校内・校舎外（園内・園舎外） | 発生場所2=運動場・校庭（園庭） | 給付年度=29,30,0.018951358180669616,1.8951
3,和暦=令和 | 場合別1=休憩時間 | 性別=男,30,0.018951358180669616,1.8951
3,和暦=令和 | 発生場所1=学校内・校舎外（園内・園舎外） | 被災学年=2,30,0.018951358180669616,1.8951
3,和暦=令和 | 性別=男 | 通学方法=自転車,30,0.018951358180669616,1.8951
3,和暦=令和 | 性別=女 | 被災学校種=高,30,0.018951358180669616,1.8951
3,場合別1=課外指導 | 性別=男 | 給付年度=2,30,0.018951358180669616,1.8951
3,場合別2=体育的部活動 | 性別=男 | 給付年度=2,30,0.018951358180669616,1.8951
3,和暦=平成 | 給付年度=17 | 被災学年=2,29,0.01831964624131396,1.832
3,場合別1=休憩時間 | 場合別2=休憩時間中 | 発生場所2=運動場・校庭（園庭）,29,0.01831964624131396,1.832
3,場合別2=休憩時間中 | 発生場所1=学校内・校舎外（園内・園舎外） | 発生場所2=運動場・校庭（園庭）,29,0.01831964624131396,1.832
3,場合別1=休憩時間 | 性別=女 | 発生場所2=運動場・校庭（園庭）,29,0.01831964624131396,1.832
3,場合別1=通学中 | 発生場所1=学校外（園外） | 被災学校種=小,29,0.01831964624131396,1.832
3,場合別2=下校（降園）中 | 発生場所2=道路 | 通学方法=徒歩,29,0.01831964624131396,1.832
3,場合別1=各教科等 | 発生場所2=体育館・屋内運動場 | 被災学校種=中,29,0.01831964624131396,1.832
3,場合別2=体育（保健体育） | 発生場所1=学校内・校舎内（園内・園舎内） | 被災学校種=中,29,0.01831964624131396,1.832
3,場合別2=体育（保健体育） | 発生場所2=体育館・屋内運動場 | 被災学校種=中,29,0.01831964624131396,1.832
3,場合別1=各教科等 | 性別=女 | 被災学年=3,29,0.01831964624131396,1.832
3,性別=女 | 発生場所2=運動場・校庭（園庭） | 被災学校種=中,29,0.01831964624131396,1.832
3,場合別1=学校行事 | 性別=男 | 発生場所1=学校外（園外）,29,0.01831964624131396,1.832
3,場合別1=課外指導 | 競技種目=バスケットボール | 被災学年=1,29,0.01831964624131396,1.832
3,場合別2=体育的部活動 | 競技種目=バスケットボール | 被災学年=1,29,0.01831964624131396,1.832
3,性別=女 | 被災学年=1 | 被災学校種=中,29,0.01831964624131396,1.832
3,場合別1=休憩時間 | 発生場所1=学校内・校舎内（園内・園舎内） | 被災学年=1,29,0.01831964624131396,1.832
3,場合別2=昼食時休憩時間中 | 性別=男 | 被災学校種=中,29,0.01831964624131396,1.832
3,発生場所1=学校内・校舎内（園内・園舎内） | 発生場所2=教室（保育室） | 被災学校種=中,29,0.01831964624131396,1.832
3,場合別1=休憩時間 | 被災学年=3 | 被災学校種=中,29,0.01831964624131396,1.832
3,競技種目=バスケットボール | 被災学年=2 | 被災学校種=高,29,0.01831964624131396,1.832
3,発生場所1=学校外（園外） | 発生場所2=学校外運動場・競技場 | 被災学年=3,29,0.01831964624131396,1.832
3,場合別1=各教科等 | 性別=女 | 発生場所2=体育館・屋内運動場,29,0.01831964624131396,1.832
3,和暦=平成 | 給付年度=18 | 被災学校種=中,29,0.01831964624131396,1.832
3,性別=男 | 発生場所1=学校外（園外） | 給付年度=19,29,0.01831964624131396,1.832
3,和暦=平成 | 給付年度=21 | 被災学校種=中,29,0.01831964624131396,1.832
3,和暦=平成 | 給付年度=21 | 被災学年=1,29,0.01831964624131396,1.832
3,和暦=平成 | 発生場所1=学校内・校舎内（園内・園舎内） | 給付年度=23,29,0.01831964624131396,1.832
3,和暦=平成 | 発生場所1=学校内・校舎内（園内・園舎内） | 給付年度=26,29,0.01831964624131396,1.832
3,和暦=平成 | 給付年度=26 | 被災学年=1,29,0.01831964624131396,1.832
3,性別=男 | 発生場所1=学校内・校舎外（園内・園舎外） | 給付年度=28,29,0.01831964624131396,1.832
3,和暦=平成 | 発生場所1=学校内・校舎内（園内・園舎内） | 給付年度=29,29,0.01831964624131396,1.832
3,和暦=平成 | 場合別1=課外指導 | 給付年度=29,29,0.01831964624131396,1.832
3,性別=男 | 給付年度=29 | 被災学校種=高,29,0.01831964624131396,1.832
3,和暦=令和 | 場合別2=体育（保健体育） | 性別=男,29,0.01831964624131396,1.832
3,和暦=令和 | 被災学年=2 | 被災学校種=中,29,0.01831964624131396,1.832
3,和暦=令和 | 給付年度=2 | 被災学年=1,29,0.01831964624131396,1.832
3,和暦=平成 | 発生場所1=学校内・校舎内（園内・園舎内） | 被災学年=5,28,0.017687934301958308,1.7688
3,場合別1=各教科等 | 場合別2=体育（保健体育） | 被災学校種=小,28,0.017687934301958308,1.7688
3,性別=女 | 発生場所1=学校内・校舎外（園内・園舎外） | 被災学年=2,28,0.017687934301958308,1.7688
3,場合別1=休憩時間 | 被災学年=4 | 被災学校種=小,28,0.017687934301958308,1.7688
3,和暦=平成 | 場合別1=通学中 | 被災学校種=小,28,0.017687934301958308,1.7688
3,場合別1=通学中 | 性別=男 | 通学方法=徒歩,28,0.017687934301958308,1.7688
3,性別=男 | 発生場所1=学校外（園外） | 通学方法=徒歩,28,0.017687934301958308,1.7688
3,和暦=平成 | 場合別1=学校行事 | 発生場所1=学校外（園外）,28,0.017687934301958308,1.7688
3,発生場所1=学校外（園外） | 被災学年=3 | 被災学校種=中,28,0.017687934301958308,1.7688
3,場合別1=課外指導 | 発生場所1=学校外（園外） | 被災学校種=中,28,0.017687934301958308,1.7688
3,発生場所2=運動場・校庭（園庭） | 競技種目=野球（含軟式） | 被災学校種=中,28,0.017687934301958308,1.7688
3,和暦=平成 | 場合別1=課外指導 | 競技種目=バレーボール,28,0.017687934301958308,1.7688
3,和暦=平成 | 場合別2=体育的部活動 | 競技種目=バレーボール,28,0.017687934301958308,1.7688
3,場合別1=課外指導 | 競技種目=バスケットボール | 被災学校種=中,28,0.017687934301958308,1.7688
3,場合別2=体育的部活動 | 競技種目=バスケットボール | 被災学校種=中,28,0.017687934301958308,1.7688
3,和暦=平成 | 競技種目=バスケットボール | 被災学年=3,28,0.017687934301958308,1.7688
3,場合別1=休憩時間 | 場合別2=休憩時間中 | 被災学校種=中,28,0.017687934301958308,1.7688
3,場合別1=各教科等 | 競技種目=ソフトボール | 被災学校種=高,28,0.017687934301958308,1.7688
3,場合別1=各教科等 | 被災学年=2 | 被災学校種=高,28,0.017687934301958308,1.7688
3,場合別2=体育（保健体育） | 競技種目=ソフトボール | 被災学校種=高,28,0.017687934301958308,1.7688
3,場合別2=体育（保健体育） | 被災学年=1 | 被災学校種=高,28,0.017687934301958308,1.7688
3,発生場所1=学校外（園外） | 発生場所2=学校外体育館 | 被災学校種=高,28,0.017687934301958308,1.7688
3,性別=男 | 競技種目=サッカー・フットサル | 被災学年=2,28,0.017687934301958308,1.7688
3,場合別1=課外指導 | 発生場所2=学校外運動場・競技場 | 被災学年=3,28,0.017687934301958308,1.7688
3,場合別2=体育的部活動 | 発生場所2=学校外運動場・競技場 | 被災学年=3,28,0.017687934301958308,1.7688
3,場合別1=休憩時間 | 性別=男 | 被災学校種=高,28,0.017687934301958308,1.7688
3,性別=男 | 被災学年=3 | 通学方法=自転車,28,0.017687934301958308,1.7688
3,場合別2=体育（保健体育） | 性別=女 | 発生場所2=体育館・屋内運動場,28,0.017687934301958308,1.7688
3,場合別1=課外指導 | 発生場所1=学校内・校舎外（園内・園舎外） | 給付年度=19,28,0.017687934301958308,1.7688
3,性別=男 | 発生場所1=学校内・校舎外（園内・園舎外） | 給付年度=22,28,0.017687934301958308,1.7688
3,性別=男 | 発生場所2=運動場・校庭（園庭） | 給付年度=22,28,0.017687934301958308,1.7688
3,和暦=平成 | 発生場所1=学校内・校舎内（園内・園舎内） | 給付年度=24,28,0.017687934301958308,1.7688
3,性別=男 | 給付年度=24 | 被災学年=2,28,0.017687934301958308,1.7688
3,性別=男 | 発生場所1=学校内・校舎外（園内・園舎外） | 給付年度=25,28,0.017687934301958308,1.7688
3,性別=男 | 発生場所2=運動場・校庭（園庭） | 給付年度=25,28,0.017687934301958308,1.7688
3,性別=男 | 発生場所1=学校外（園外） | 給付年度=26,28,0.017687934301958308,1.7688
3,場合別1=課外指導 | 給付年度=26 | 被災学校種=高,28,0.017687934301958308,1.7688
3,場合別2=体育的部活動 | 給付年度=26 | 被災学校種=高,28,0.017687934301958308,1.7688
3,和暦=令和 | 場合別1=通学中 | 場合別2=登校（登園）中,28,0.017687934301958308,1.7688
3,和暦=令和 | 場合別2=登校（登園）中 | 発生場所1=学校外（園外）,28,0.017687934301958308,1.7688
3,和暦=令和 | 発生場所2=運動場・校庭（園庭） | 被災学年=2,28,0.017687934301958308,1.7688
3,和暦=令和 | 発生場所2=運動場・校庭（園庭） | 給付年度=2,28,0.017687934301958308,1.7688
3,発生場所1=学校内・校舎外（園内・園舎外） | 発生場所2=運動場・校庭（園庭） | 給付年度=2,28,0.017687934301958308,1.7688
3,和暦=令和 | 給付年度=3 | 被災学校種=高,28,0.017687934301958308,1.7688
3,性別=男 | 給付年度=4 | 被災学校種=高,28,0.017687934301958308,1.7688
3,和暦=平成 | 被災学年=2 | 被災学校種=小,27,0.017056222362602652,1.7056
3,和暦=平成 | 性別=男 | 被災学年=4,27,0.017056222362602652,1.7056
3,場合別1=通学中 | 発生場所2=道路 | 被災学校種=小,27,0.017056222362602652,1.7056
3,和暦=平成 | 競技種目=ソフトボール | 被災学校種=中,27,0.017056222362602652,1.7056
3,場合別1=各教科等 | 競技種目=ソフトボール | 被災学校種=中,27,0.017056222362602652,1.7056
3,場合別2=体育（保健体育） | 競技種目=ソフトボール | 被災学校種=中,27,0.017056222362602652,1.7056
3,性別=女 | 発生場所2=運動場・校庭（園庭） | 被災学年=3,27,0.017056222362602652,1.7056
3,発生場所1=学校内・校舎内（園内・園舎内） | 競技種目=バスケットボール | 被災学校種=中,27,0.017056222362602652,1.7056
3,性別=女 | 発生場所1=学校内・校舎内（園内・園舎内） | 被災学年=1,27,0.017056222362602652,1.7056
3,性別=男 | 競技種目=バスケットボール | 被災学年=3,27,0.017056222362602652,1.7056
3,和暦=平成 | 場合別2=昼食時休憩時間中 | 被災学校種=中,27,0.017056222362602652,1.7056
3,場合別2=昼食時休憩時間中 | 発生場所1=学校内・校舎内（園内・園舎内） | 被災学校種=中,27,0.017056222362602652,1.7056
3,場合別1=休憩時間 | 場合別2=昼食時休憩時間中 | 被災学年=3,27,0.017056222362602652,1.7056
3,和暦=平成 | 場合別2=授業終了後の特定時間中 | 性別=男,27,0.017056222362602652,1.7056
3,発生場所1=学校内・校舎外（園内・園舎外） | 給付年度=17 | 被災学校種=高,27,0.017056222362602652,1.7056
3,発生場所2=運動場・校庭（園庭） | 給付年度=17 | 被災学校種=高,27,0.017056222362602652,1.7056
3,場合別1=各教科等 | 発生場所1=学校内・校舎外（園内・園舎外） | 被災学年=2,27,0.017056222362602652,1.7056
3,発生場所2=学校外運動場・競技場 | 被災学年=1 | 被災学校種=高,27,0.017056222362602652,1.7056
3,場合別1=課外指導 | 競技種目=サッカー・フットサル | 被災学年=2,27,0.017056222362602652,1.7056
3,場合別2=体育的部活動 | 競技種目=サッカー・フットサル | 被災学年=2,27,0.017056222362602652,1.7056
3,場合別1=課外指導 | 性別=女 | 発生場所1=学校外（園外）,27,0.017056222362602652,1.7056
3,場合別1=課外指導 | 発生場所2=学校外体育館 | 被災学校種=高,27,0.017056222362602652,1.7056
3,場合別2=体育的部活動 | 発生場所2=学校外体育館 | 被災学校種=高,27,0.017056222362602652,1.7056
3,性別=男 | 発生場所2=学校外運動場・競技場 | 被災学年=3,27,0.017056222362602652,1.7056
3,発生場所2=学校外運動場・競技場 | 被災学年=3 | 被災学校種=高,27,0.017056222362602652,1.7056
3,和暦=平成 | 場合別2=登校（登園）中 | 被災学年=3,27,0.017056222362602652,1.7056
3,性別=女 | 発生場所2=道路 | 被災学年=3,27,0.017056222362602652,1.7056
3,場合別1=休憩時間 | 場合別2=休憩時間中 | 発生場所2=廊下,27,0.017056222362602652,1.7056
3,場合別2=休憩時間中 | 発生場所1=学校内・校舎内（園内・園舎内） | 発生場所2=廊下,27,0.017056222362602652,1.7056
3,場合別1=課外指導 | 発生場所1=学校内・校舎外（園内・園舎外） | 給付年度=18,27,0.017056222362602652,1.7056
3,場合別1=課外指導 | 発生場所2=運動場・校庭（園庭） | 給付年度=18,27,0.017056222362602652,1.7056
3,場合別2=体育的部活動 | 発生場所1=学校内・校舎外（園内・園舎外） | 給付年度=18,27,0.017056222362602652,1.7056
3,場合別2=体育的部活動 | 発生場所2=運動場・校庭（園庭） | 給付年度=18,27,0.017056222362602652,1.7056
3,場合別1=休憩時間 | 発生場所2=廊下 | 被災学校種=中,27,0.017056222362602652,1.7056
3,発生場所1=学校内・校舎外（園内・園舎外） | 給付年度=18 | 被災学校種=高,27,0.017056222362602652,1.7056
3,発生場所2=運動場・校庭（園庭） | 給付年度=18 | 被災学校種=高,27,0.017056222362602652,1.7056
3,場合別1=課外指導 | 発生場所2=運動場・校庭（園庭） | 給付年度=19,27,0.017056222362602652,1.7056
3,場合別2=体育的部活動 | 発生場所1=学校内・校舎外（園内・園舎外） | 給付年度=19,27,0.017056222362602652,1.7056
3,場合別2=体育的部活動 | 発生場所2=運動場・校庭（園庭） | 給付年度=19,27,0.017056222362602652,1.7056
3,性別=女 | 発生場所1=学校外（園外） | 被災学校種=中,27,0.017056222362602652,1.7056
3,和暦=平成 | 発生場所1=学校内・校舎内（園内・園舎内） | 給付年度=21,27,0.017056222362602652,1.7056
3,性別=男 | 給付年度=21 | 被災学年=2,27,0.017056222362602652,1.7056
3,発生場所1=学校内・校舎外（園内・園舎外） | 給付年度=21 | 被災学校種=高,27,0.017056222362602652,1.7056
3,和暦=平成 | 給付年度=22 | 被災学校種=小,27,0.017056222362602652,1.7056
3,和暦=平成 | 発生場所2=運動場・校庭（園庭） | 給付年度=23,27,0.017056222362602652,1.7056
3,性別=男 | 発生場所1=学校内・校舎外（園内・園舎外） | 給付年度=23,27,0.017056222362602652,1.7056
3,発生場所1=学校内・校舎外（園内・園舎外） | 発生場所2=運動場・校庭（園庭） | 給付年度=23,27,0.017056222362602652,1.7056
3,和暦=平成 | 発生場所1=学校外（園外） | 給付年度=25,27,0.017056222362602652,1.7056
3,性別=男 | 給付年度=26 | 被災学年=2,27,0.017056222362602652,1.7056
3,和暦=平成 | 給付年度=27 | 被災学年=1,27,0.017056222362602652,1.7056
3,和暦=平成 | 場合別2=体育的部活動 | 給付年度=29,27,0.017056222362602652,1.7056
3,場合別1=課外指導 | 場合別2=体育的部活動 | 給付年度=29,27,0.017056222362602652,1.7056
3,場合別1=課外指導 | 給付年度=30 | 被災学校種=高,27,0.017056222362602652,1.7056
3,場合別2=体育的部活動 | 給付年度=30 | 被災学校種=高,27,0.017056222362602652,1.7056
3,和暦=令和 | 場合別2=登校（登園）中 | 発生場所2=道路,27,0.017056222362602652,1.7056
3,和暦=平成 | 性別=女 | 被災学年=6,26,0.016424510423247,1.6425
3,性別=女 | 発生場所2=運動場・校庭（園庭） | 被災学校種=小,26,0.016424510423247,1.6425
3,発生場所1=学校内・校舎内（園内・園舎内） | 被災学年=5 | 被災学校種=小,26,0.016424510423247,1.6425
3,性別=女 | 発生場所2=運動場・校庭（園庭） | 被災学年=2,26,0.016424510423247,1.6425
3,場合別1=特別活動（除学校行事） | 発生場所1=学校内・校舎内（園内・園舎内） | 被災学校種=小,26,0.016424510423247,1.6425
3,性別=男 | 被災学年=6 | 被災学校種=小,26,0.016424510423247,1.6425
3,性別=男 | 給付年度=17 | 被災学年=3,26,0.016424510423247,1.6425
3,性別=男 | 被災学年=3 | 被災学校種=小,26,0.016424510423247,1.6425
3,場合別1=通学中 | 被災学校種=小 | 通学方法=徒歩,26,0.016424510423247,1.6425
3,発生場所1=学校外（園外） | 被災学校種=小 | 通学方法=徒歩,26,0.016424510423247,1.6425
3,和暦=平成 | 性別=男 | 通学方法=徒歩,26,0.016424510423247,1.6425
3,場合別1=通学中 | 場合別2=下校（降園）中 | 被災学年=3,26,0.016424510423247,1.6425
3,場合別2=下校（降園）中 | 発生場所1=学校外（園外） | 被災学年=3,26,0.016424510423247,1.6425
3,場合別2=下校（降園）中 | 発生場所2=道路 | 被災学年=3,26,0.016424510423247,1.6425
3,性別=男 | 給付年度=17 | 被災学年=1,26,0.016424510423247,1.6425
3,場合別2=体育的部活動 | 発生場所1=学校外（園外） | 被災学校種=中,26,0.016424510423247,1.6425
3,場合別1=課外指導 | 被災学年=3 | 被災学校種=中,26,0.016424510423247,1.6425
3,発生場所1=学校内・校舎内（園内・園舎内） | 競技種目=バスケットボール | 被災学年=1,26,0.016424510423247,1.6425
3,場合別2=体育（保健体育） | 被災学年=2 | 被災学校種=高,26,0.016424510423247,1.6425
3,和暦=平成 | 発生場所2=学校外運動場・競技場 | 被災学年=1,26,0.016424510423247,1.6425
3,場合別1=休憩時間 | 発生場所1=学校内・校舎内（園内・園舎内） | 被災学校種=高,26,0.016424510423247,1.6425
3,和暦=平成 | 発生場所2=廊下 | 被災学年=2,26,0.016424510423247,1.6425
3,和暦=平成 | 場合別2=登校（登園）中 | 被災学年=2,26,0.016424510423247,1.6425
3,場合別2=登校（登園）中 | 性別=男 | 被災学年=2,26,0.016424510423247,1.6425
3,場合別1=通学中 | 性別=女 | 被災学年=3,26,0.016424510423247,1.6425
3,場合別2=下校（降園）中 | 性別=女 | 被災学校種=高,26,0.016424510423247,1.6425
3,発生場所2=体育館・屋内運動場 | 被災学年=3 | 被災学校種=中,26,0.016424510423247,1.6425
3,場合別1=各教科等 | 性別=女 | 被災学校種=高,26,0.016424510423247,1.6425
3,場合別2=登校（登園）中 | 被災学年=2 | 被災学校種=高,26,0.016424510423247,1.6425
3,和暦=平成 | 競技種目=野球（含軟式） | 給付年度=19,26,0.016424510423247,1.6425
3,場合別1=課外指導 | 競技種目=野球（含軟式） | 給付年度=19,26,0.016424510423247,1.6425
3,場合別2=体育的部活動 | 競技種目=野球（含軟式） | 給付年度=19,26,0.016424510423247,1.6425
3,性別=男 | 競技種目=野球（含軟式） | 給付年度=19,26,0.016424510423247,1.6425
3,和暦=平成 | 給付年度=19 | 被災学年=1,26,0.016424510423247,1.6425
3,発生場所1=学校内・校舎外（園内・園舎外） | 給付年度=19 | 被災学校種=高,26,0.016424510423247,1.6425
3,和暦=平成 | 競技種目=野球（含軟式） | 給付年度=20,26,0.016424510423247,1.6425
3,場合別1=課外指導 | 競技種目=野球（含軟式） | 給付年度=20,26,0.016424510423247,1.6425
3,場合別2=体育的部活動 | 競技種目=野球（含軟式） | 給付年度=20,26,0.016424510423247,1.6425
3,和暦=平成 | 給付年度=21 | 被災学年=3,26,0.016424510423247,1.6425
3,発生場所2=運動場・校庭（園庭） | 給付年度=21 | 被災学校種=高,26,0.016424510423247,1.6425
3,和暦=平成 | 給付年度=22 | 被災学年=3,26,0.016424510423247,1.6425
3,和暦=平成 | 給付年度=23 | 被災学年=1,26,0.016424510423247,1.6425
3,和暦=平成 | 発生場所2=運動場・校庭（園庭） | 給付年度=24,26,0.016424510423247,1.6425
3,性別=男 | 発生場所1=学校内・校舎外（園内・園舎外） | 給付年度=24,26,0.016424510423247,1.6425
3,発生場所1=学校内・校舎外（園内・園舎外） | 発生場所2=運動場・校庭（園庭） | 給付年度=24,26,0.016424510423247,1.6425
3,場合別1=課外指導 | 給付年度=24 | 被災学校種=高,26,0.016424510423247,1.6425
3,和暦=平成 | 給付年度=26 | 被災学校種=中,26,0.016424510423247,1.6425
3,和暦=平成 | 発生場所2=運動場・校庭（園庭） | 給付年度=28,26,0.016424510423247,1.6425
3,発生場所1=学校内・校舎外（園内・園舎外） | 発生場所2=運動場・校庭（園庭） | 給付年度=28,26,0.016424510423247,1.6425
3,和暦=平成 | 発生場所1=学校内・校舎内（園内・園舎内） | 給付年度=28,26,0.016424510423247,1.6425
3,和暦=平成 | 性別=女 | 給付年度=29,26,0.016424510423247,1.6425
3,和暦=平成 | 給付年度=29 | 被災学年=2,26,0.016424510423247,1.6425
3,場合別1=課外指導 | 性別=男 | 給付年度=29,26,0.016424510423247,1.6425
3,和暦=令和 | 場合別1=休憩時間 | 発生場所1=学校内・校舎内（園内・園舎内）,26,0.016424510423247,1.6425
3,和暦=令和 | 場合別2=登校（登園）中 | 通学方法=自転車,26,0.016424510423247,1.6425
3,和暦=令和 | 給付年度=1 | 被災学校種=高,26,0.016424510423247,1.6425
3,和暦=令和 | 場合別1=課外指導 | 発生場所1=学校外（園外）,26,0.016424510423247,1.6425
3,和暦=令和 | 給付年度=5 | 被災学校種=高,26,0.016424510423247,1.6425
3,性別=女 | 被災学年=6 | 被災学校種=小,25,0.015792798483891344,1.5793
3,和暦=平成 | 場合別2=体育（保健体育） | 被災学校種=小,25,0.015792798483891344,1.5793
3,性別=男 | 発生場所1=学校内・校舎内（園内・園舎内） | 給付年度=17,25,0.015792798483891344,1.5793
3,発生場所1=学校内・校舎内（園内・園舎内） | 被災学年=6 | 被災学校種=小,25,0.015792798483891344,1.5793
3,和暦=平成 | 性別=男 | 被災学年=6,25,0.015792798483891344,1.5793
3,性別=男 | 発生場所2=教室（保育室） | 被災学校種=小,25,0.015792798483891344,1.5793
3,場合別1=休憩時間 | 場合別2=休憩時間中 | 性別=女,25,0.015792798483891344,1.5793
3,場合別1=休憩時間 | 場合別2=昼食時休憩時間中 | 発生場所1=学校内・校舎外（園内・園舎外）,25,0.015792798483891344,1.5793
3,場合別1=休憩時間 | 場合別2=昼食時休憩時間中 | 発生場所2=運動場・校庭（園庭）,25,0.015792798483891344,1.5793
3,場合別1=休憩時間 | 場合別2=昼食時休憩時間中 | 被災学校種=小,25,0.015792798483891344,1.5793
3,場合別2=昼食時休憩時間中 | 発生場所1=学校内・校舎外（園内・園舎外） | 発生場所2=運動場・校庭（園庭）,25,0.015792798483891344,1.5793
3,和暦=平成 | 被災学校種=小 | 通学方法=徒歩,25,0.015792798483891344,1.5793
3,発生場所1=学校内・校舎外（園内・園舎外） | 競技種目=ソフトボール | 被災学年=3,25,0.015792798483891344,1.5793
3,発生場所2=運動場・校庭（園庭） | 競技種目=ソフトボール | 被災学年=3,25,0.015792798483891344,1.5793
3,性別=男 | 発生場所1=学校外（園外） | 発生場所2=学校外体育館,25,0.015792798483891344,1.5793
3,場合別1=課外指導 | 発生場所1=学校内・校舎外（園内・園舎外） | 給付年度=17,25,0.015792798483891344,1.5793
3,場合別1=課外指導 | 発生場所2=運動場・校庭（園庭） | 給付年度=17,25,0.015792798483891344,1.5793
3,場合別2=体育的部活動 | 発生場所1=学校内・校舎外（園内・園舎外） | 給付年度=17,25,0.015792798483891344,1.5793
3,場合別2=体育的部活動 | 発生場所2=運動場・校庭（園庭） | 給付年度=17,25,0.015792798483891344,1.5793
3,場合別2=体育的部活動 | 被災学年=3 | 被災学校種=中,25,0.015792798483891344,1.5793
3,和暦=平成 | 発生場所1=学校内・校舎内（園内・園舎内） | 競技種目=バレーボール,25,0.015792798483891344,1.5793
3,場合別1=課外指導 | 発生場所1=学校内・校舎内（園内・園舎内） | 競技種目=バレーボール,25,0.015792798483891344,1.5793
3,場合別2=体育的部活動 | 発生場所1=学校内・校舎内（園内・園舎内） | 競技種目=バレーボール,25,0.015792798483891344,1.5793
3,性別=男 | 競技種目=バスケットボール | 被災学年=1,25,0.015792798483891344,1.5793
3,発生場所2=体育館・屋内運動場 | 競技種目=バスケットボール | 被災学校種=中,25,0.015792798483891344,1.5793
3,発生場所2=道路 | 被災学年=1 | 被災学校種=中,25,0.015792798483891344,1.5793
3,和暦=平成 | 場合別2=休憩時間中 | 被災学校種=中,25,0.015792798483891344,1.5793
3,和暦=平成 | 発生場所2=教室（保育室） | 被災学校種=中,25,0.015792798483891344,1.5793
3,性別=男 | 発生場所2=教室（保育室） | 被災学校種=中,25,0.015792798483891344,1.5793
3,場合別2=体育（保健体育） | 発生場所1=学校内・校舎外（園内・園舎外） | 被災学年=2,25,0.015792798483891344,1.5793
3,競技種目=バスケットボール | 被災学年=1 | 被災学校種=高,25,0.015792798483891344,1.5793
3,給付年度=17 | 被災学年=1 | 被災学校種=高,25,0.015792798483891344,1.5793
3,発生場所1=学校外（園外） | 給付年度=17 | 被災学校種=高,25,0.015792798483891344,1.5793
3,和暦=平成 | 発生場所2=学校外体育館 | 被災学校種=高,25,0.015792798483891344,1.5793
3,場合別2=体育的部活動 | 性別=女 | 発生場所1=学校外（園外）,25,0.015792798483891344,1.5793
3,場合別1=休憩時間 | 場合別2=授業終了後の特定時間中 | 発生場所1=学校内・校舎外（園内・園舎外）,25,0.015792798483891344,1.5793
3,場合別1=通学中 | 性別=女 | 被災学年=2,25,0.015792798483891344,1.5793
3,和暦=平成 | 競技種目=野球（含軟式） | 給付年度=18,25,0.015792798483891344,1.5793
3,性別=女 | 発生場所2=体育館・屋内運動場 | 被災学年=3,25,0.015792798483891344,1.5793
3,場合別1=課外指導 | 給付年度=18 | 被災学年=2,25,0.015792798483891344,1.5793
3,場合別2=体育的部活動 | 給付年度=18 | 被災学年=2,25,0.015792798483891344,1.5793
3,場合別1=課外指導 | 発生場所1=学校内・校舎内（園内・園舎内） | 被災学年=3,25,0.015792798483891344,1.5793
3,和暦=平成 | 場合別2=下校（降園）中 | 被災学校種=中,25,0.015792798483891344,1.5793
3,場合別2=下校（降園）中 | 性別=男 | 被災学校種=中,25,0.015792798483891344,1.5793
3,発生場所1=学校外（園外） | 給付年度=18 | 被災学校種=高,25,0.015792798483891344,1.5793
3,和暦=平成 | 給付年度=19 | 被災学校種=小,25,0.015792798483891344,1.5793
3,性別=男 | 発生場所1=学校内・校舎内（園内・園舎内） | 給付年度=19,25,0.015792798483891344,1.5793
3,給付年度=19 | 被災学年=2 | 被災学校種=高,25,0.015792798483891344,1.5793
3,発生場所1=学校外（園外） | 給付年度=19 | 被災学校種=高,25,0.015792798483891344,1.5793
3,和暦=平成 | 場合別1=通学中 | 給付年度=20,25,0.015792798483891344,1.5793
3,和暦=平成 | 発生場所2=道路 | 給付年度=20,25,0.015792798483891344,1.5793
3,場合別1=通学中 | 発生場所1=学校外（園外） | 給付年度=20,25,0.015792798483891344,1.5793
3,場合別1=通学中 | 発生場所2=道路 | 給付年度=20,25,0.015792798483891344,1.5793
3,発生場所1=学校外（園外） | 発生場所2=道路 | 給付年度=20,25,0.015792798483891344,1.5793
3,性別=男 | 競技種目=野球（含軟式） | 給付年度=20,25,0.015792798483891344,1.5793
3,性別=男 | 給付年度=22 | 被災学年=2,25,0.015792798483891344,1.5793
3,場合別1=課外指導 | 発生場所1=学校内・校舎外（園内・園舎外） | 給付年度=22,25,0.015792798483891344,1.5793
3,場合別1=課外指導 | 発生場所2=運動場・校庭（園庭） | 給付年度=22,25,0.015792798483891344,1.5793
3,場合別2=体育的部活動 | 発生場所1=学校内・校舎外（園内・園舎外） | 給付年度=22,25,0.015792798483891344,1.5793
3,場合別2=体育的部活動 | 発生場所2=運動場・校庭（園庭） | 給付年度=22,25,0.015792798483891344,1.5793
3,性別=男 | 給付年度=23 | 被災学年=2,25,0.015792798483891344,1.5793
3,性別=男 | 発生場所1=学校外（園外） | 給付年度=23,25,0.015792798483891344,1.5793
3,場合別2=体育的部活動 | 給付年度=24 | 被災学校種=高,25,0.015792798483891344,1.5793
3,和暦=平成 | 給付年度=25 | 被災学年=2,25,0.015792798483891344,1.5793
3,発生場所1=学校外（園外） | 給付年度=26 | 被災学校種=高,25,0.015792798483891344,1.5793
3,性別=男 | 給付年度=27 | 被災学年=2,25,0.015792798483891344,1.5793
3,和暦=平成 | 給付年度=27 | 被災学年=3,25,0.015792798483891344,1.5793
3,場合別1=課外指導 | 給付年度=27 | 被災学年=2,25,0.015792798483891344,1.5793
3,場合別2=体育的部活動 | 給付年度=27 | 被災学年=2,25,0.015792798483891344,1.5793
3,和暦=平成 | 発生場所1=学校外（園外） | 給付年度=30,25,0.015792798483891344,1.5793
3,和暦=令和 | 発生場所1=学校内・校舎内（園内・園舎内） | 被災学年=3,25,0.015792798483891344,1.5793
3,和暦=令和 | 発生場所1=学校内・校舎外（園内・園舎外） | 給付年度=1,25,0.015792798483891344,1.5793
3,和暦=令和 | 発生場所2=体育館・屋内運動場 | 被災学校種=高,25,0.015792798483891344,1.5793
3,和暦=令和 | 場合別2=体育的部活動 | 発生場所1=学校外（園外）,25,0.015792798483891344,1.5793
3,場合別1=課外指導 | 発生場所1=学校内・校舎外（園内・園舎外） | 給付年度=2,25,0.015792798483891344,1.5793
3,性別=男 | 給付年度=2 | 被災学年=1,25,0.015792798483891344,1.5793
3,性別=男 | 発生場所1=学校内・校舎外（園内・園舎外） | 給付年度=2,25,0.015792798483891344,1.5793
3,場合別1=課外指導 | 給付年度=2 | 被災学校種=高,25,0.015792798483891344,1.5793
3,場合別2=体育的部活動 | 給付年度=2 | 被災学校種=高,25,0.015792798483891344,1.5793
3,和暦=平成 | 性別=女 | 給付年度=17,24,0.015161086544535692,1.5161
3,場合別1=各教科等 | 性別=男 | 被災学校種=小,24,0.015161086544535692,1.5161
3,発生場所1=学校内・校舎内（園内・園舎内） | 発生場所2=体育館・屋内運動場 | 被災学校種=小,24,0.015161086544535692,1.5161
3,和暦=平成 | 発生場所1=学校内・校舎内（園内・園舎内） | 被災学年=6,24,0.015161086544535692,1.5161
3,和暦=平成 | 場合別2=昼食時休憩時間中 | 発生場所1=学校内・校舎外（園内・園舎外）,24,0.015161086544535692,1.5161
3,和暦=平成 | 場合別2=昼食時休憩時間中 | 発生場所2=運動場・校庭（園庭）,24,0.015161086544535692,1.5161
3,和暦=平成 | 場合別2=昼食時休憩時間中 | 被災学校種=小,24,0.015161086544535692,1.5161
3,発生場所2=道路 | 被災学校種=小 | 通学方法=徒歩,24,0.015161086544535692,1.5161
3,性別=男 | 発生場所1=学校外（園外） | 給付年度=17,24,0.015161086544535692,1.5161
3,性別=男 | 発生場所2=道路 | 通学方法=徒歩,24,0.015161086544535692,1.5161
3,和暦=平成 | 場合別1=学校行事 | 被災学年=3,24,0.015161086544535692,1.5161
3,和暦=平成 | 発生場所1=学校外（園外） | 発生場所2=その他,24,0.015161086544535692,1.5161
3,和暦=平成 | 発生場所2=体育館・屋内運動場 | 競技種目=バレーボール,24,0.015161086544535692,1.5161
3,場合別1=課外指導 | 性別=女 | 競技種目=バレーボール,24,0.015161086544535692,1.5161
3,場合別2=体育的部活動 | 性別=女 | 競技種目=バレーボール,24,0.015161086544535692,1.5161
3,性別=女 | 発生場所2=体育館・屋内運動場 | 被災学年=2,24,0.015161086544535692,1.5161
3,性別=男 | 競技種目=バスケットボール | 被災学校種=中,24,0.015161086544535692,1.5161
3,発生場所2=体育館・屋内運動場 | 競技種目=バスケットボール | 被災学年=1,24,0.015161086544535692,1.5161
3,場合別1=休憩時間 | 発生場所2=教室（保育室） | 被災学校種=中,24,0.015161086544535692,1.5161
3,場合別1=休憩時間 | 被災学年=1 | 被災学校種=中,24,0.015161086544535692,1.5161
3,和暦=平成 | 場合別2=昼食時休憩時間中 | 被災学年=3,24,0.015161086544535692,1.5161
3,性別=男 | 競技種目=サッカー・フットサル | 被災学年=1,24,0.015161086544535692,1.5161
3,場合別1=課外指導 | 発生場所1=学校外（園外） | 競技種目=サッカー・フットサル,24,0.015161086544535692,1.5161
3,場合別2=体育的部活動 | 発生場所1=学校外（園外） | 競技種目=サッカー・フットサル,24,0.015161086544535692,1.5161
3,性別=男 | 発生場所1=学校外（園外） | 競技種目=サッカー・フットサル,24,0.015161086544535692,1.5161
3,性別=女 | 発生場所2=道路 | 被災学年=2,24,0.015161086544535692,1.5161
3,性別=男 | 発生場所1=学校内・校舎内（園内・園舎内） | 給付年度=18,24,0.015161086544535692,1.5161
3,和暦=平成 | 場合別2=休憩時間中 | 発生場所2=廊下,24,0.015161086544535692,1.5161
3,性別=男 | 発生場所1=学校外（園外） | 給付年度=18,24,0.015161086544535692,1.5161
3,場合別2=体育的部活動 | 発生場所1=学校内・校舎内（園内・園舎内） | 被災学年=3,24,0.015161086544535692,1.5161
3,発生場所1=学校内・校舎内（園内・園舎内） | 競技種目=バスケットボール | 被災学年=3,24,0.015161086544535692,1.5161
3,発生場所2=体育館・屋内運動場 | 競技種目=バスケットボール | 被災学年=3,24,0.015161086544535692,1.5161
3,性別=男 | 発生場所2=廊下 | 被災学校種=中,24,0.015161086544535692,1.5161
3,場合別1=課外指導 | 競技種目=野球（含軟式） | 給付年度=18,24,0.015161086544535692,1.5161
3,場合別2=体育的部活動 | 競技種目=野球（含軟式） | 給付年度=18,24,0.015161086544535692,1.5161
3,性別=男 | 競技種目=野球（含軟式） | 給付年度=18,24,0.015161086544535692,1.5161
3,競技種目=野球（含軟式） | 給付年度=18 | 被災学校種=高,24,0.015161086544535692,1.5161
3,性別=男 | 給付年度=19 | 被災学年=3,24,0.015161086544535692,1.5161
3,性別=男 | 給付年度=19 | 被災学校種=中,24,0.015161086544535692,1.5161
3,場合別1=課外指導 | 給付年度=19 | 被災学年=2,24,0.015161086544535692,1.5161
3,発生場所2=運動場・校庭（園庭） | 給付年度=19 | 被災学校種=高,24,0.015161086544535692,1.5161
3,競技種目=野球（含軟式） | 給付年度=19 | 被災学校種=高,24,0.015161086544535692,1.5161
3,性別=男 | 給付年度=20 | 被災学年=3,24,0.015161086544535692,1.5161
3,性別=男 | 給付年度=21 | 被災学年=3,24,0.015161086544535692,1.5161
3,性別=男 | 発生場所1=学校外（園外） | 給付年度=21,24,0.015161086544535692,1.5161
3,和暦=平成 | 給付年度=22 | 被災学年=1,24,0.015161086544535692,1.5161
3,和暦=平成 | 給付年度=22 | 被災学校種=中,24,0.015161086544535692,1.5161
3,場合別1=課外指導 | 給付年度=22 | 被災学年=2,24,0.015161086544535692,1.5161
3,場合別2=体育的部活動 | 給付年度=22 | 被災学年=2,24,0.015161086544535692,1.5161
3,性別=男 | 発生場所2=運動場・校庭（園庭） | 給付年度=24,24,0.015161086544535692,1.5161
3,和暦=平成 | 発生場所1=学校内・校舎外（園内・園舎外） | 給付年度=26,24,0.015161086544535692,1.5161
3,性別=男 | 給付年度=26 | 被災学年=1,24,0.015161086544535692,1.5161
3,和暦=平成 | 性別=女 | 給付年度=27,24,0.015161086544535692,1.5161
3,給付年度=27 | 被災学年=2 | 被災学校種=高,24,0.015161086544535692,1.5161
3,性別=男 | 発生場所2=運動場・校庭（園庭） | 給付年度=28,24,0.015161086544535692,1.5161
3,和暦=平成 | 給付年度=29 | 被災学年=1,24,0.015161086544535692,1.5161
3,場合別2=体育的部活動 | 性別=男 | 給付年度=29,24,0.015161086544535692,1.5161
3,和暦=平成 | 給付年度=30 | 被災学年=1,24,0.015161086544535692,1.5161
3,和暦=令和 | 場合別1=課外指導 | 給付年度=1,24,0.015161086544535692,1.5161
3,和暦=令和 | 場合別2=体育的部活動 | 給付年度=1,24,0.015161086544535692,1.5161
3,場合別1=課外指導 | 場合別2=体育的部活動 | 給付年度=1,24,0.015161086544535692,1.5161
3,性別=男 | 発生場所2=運動場・校庭（園庭） | 給付年度=2,24,0.015161086544535692,1.5161
3,和暦=令和 | 給付年度=2 | 被災学年=2,24,0.015161086544535692,1.5161
3,場合別2=体育的部活動 | 発生場所1=学校内・校舎外（園内・園舎外） | 給付年度=2,24,0.015161086544535692,1.5161
3,給付年度=2 | 被災学年=1 | 被災学校種=高,24,0.015161086544535692,1.5161
3,性別=男 | 発生場所1=学校内・校舎内（園内・園舎内） | 被災学年=5,23,0.014529374605180037,1.4529
3,和暦=平成 | 場合別1=特別活動（除学校行事） | 場合別2=日常の清掃,23,0.014529374605180037,1.4529
3,性別=男 | 給付年度=17 | 被災学年=2,23,0.014529374605180037,1.4529
3,和暦=平成 | 場合別1=休憩時間 | 被災学年=4,23,0.014529374605180037,1.4529
3,発生場所1=学校内・校舎外（園内・園舎外） | 被災学年=4 | 被災学校種=小,23,0.014529374605180037,1.4529
3,発生場所1=学校内・校舎内（園内・園舎内） | 発生場所2=教室（保育室） | 被災学年=3,23,0.014529374605180037,1.4529
3,和暦=平成 | 場合別2=下校（降園）中 | 被災学年=3,23,0.014529374605180037,1.4529
3,和暦=平成 | 給付年度=17 | 被災学校種=中,23,0.014529374605180037,1.4529
3,場合別1=各教科等 | 発生場所1=学校内・校舎内（園内・園舎内） | 被災学年=1,23,0.014529374605180037,1.4529
3,和暦=平成 | 性別=男 | 発生場所2=学校外体育館,23,0.014529374605180037,1.4529
3,場合別1=課外指導 | 発生場所2=体育館・屋内運動場 | 競技種目=バレーボール,23,0.014529374605180037,1.4529
3,場合別2=体育的部活動 | 発生場所2=体育館・屋内運動場 | 競技種目=バレーボール,23,0.014529374605180037,1.4529
3,性別=女 | 発生場所2=体育館・屋内運動場 | 被災学校種=中,23,0.014529374605180037,1.4529
3,和暦=平成 | 性別=女 | 競技種目=バスケットボール,23,0.014529374605180037,1.4529
3,和暦=平成 | 発生場所1=学校外（園外） | 競技種目=バスケットボール,23,0.014529374605180037,1.4529
3,場合別1=課外指導 | 性別=男 | 発生場所2=学校外体育館,23,0.014529374605180037,1.4529
3,場合別1=課外指導 | 発生場所1=学校外（園外） | 競技種目=バスケットボール,23,0.014529374605180037,1.4529
3,場合別1=課外指導 | 競技種目=バスケットボール | 被災学年=3,23,0.014529374605180037,1.4529
3,場合別2=体育的部活動 | 性別=男 | 発生場所2=学校外体育館,23,0.014529374605180037,1.4529
3,場合別2=体育的部活動 | 発生場所1=学校外（園外） | 競技種目=バスケットボール,23,0.014529374605180037,1.4529
3,場合別2=体育的部活動 | 競技種目=バスケットボール | 被災学年=3,23,0.014529374605180037,1.4529
3,場合別2=休憩時間中 | 性別=男 | 被災学校種=中,23,0.014529374605180037,1.4529
3,場合別1=各教科等 | 発生場所2=運動場・校庭（園庭） | 被災学年=2,23,0.014529374605180037,1.4529
3,性別=男 | 競技種目=ソフトボール | 被災学校種=高,23,0.014529374605180037,1.4529
3,和暦=平成 | 場合別1=学校行事 | 被災学校種=高,23,0.014529374605180037,1.4529
3,場合別1=課外指導 | 発生場所2=学校外運動場・競技場 | 競技種目=サッカー・フットサル,23,0.014529374605180037,1.4529
3,場合別2=体育的部活動 | 発生場所2=学校外運動場・競技場 | 競技種目=サッカー・フットサル,23,0.014529374605180037,1.4529
3,性別=男 | 発生場所2=学校外運動場・競技場 | 競技種目=サッカー・フットサル,23,0.014529374605180037,1.4529
3,発生場所1=学校外（園外） | 発生場所2=学校外運動場・競技場 | 競技種目=サッカー・フットサル,23,0.014529374605180037,1.4529
3,和暦=平成 | 競技種目=サッカー・フットサル | 被災学年=2,23,0.014529374605180037,1.4529
3,場合別1=課外指導 | 競技種目=バレーボール | 被災学校種=高,23,0.014529374605180037,1.4529
3,場合別2=体育的部活動 | 競技種目=バレーボール | 被災学校種=高,23,0.014529374605180037,1.4529
3,発生場所1=学校内・校舎内（園内・園舎内） | 競技種目=バレーボール | 被災学校種=高,23,0.014529374605180037,1.4529
3,発生場所2=体育館・屋内運動場 | 競技種目=バレーボール | 被災学校種=高,23,0.014529374605180037,1.4529
3,性別=女 | 発生場所1=学校内・校舎外（園内・園舎外） | 被災学年=1,23,0.014529374605180037,1.4529
3,場合別1=休憩時間 | 場合別2=休憩時間中 | 被災学年=3,23,0.014529374605180037,1.4529
3,場合別2=登校（登園）中 | 性別=男 | 被災学年=1,23,0.014529374605180037,1.4529
3,性別=女 | 被災学年=3 | 通学方法=自転車,23,0.014529374605180037,1.4529
3,和暦=平成 | 発生場所2=体育館・屋内運動場 | 給付年度=18,23,0.014529374605180037,1.4529
3,発生場所1=学校内・校舎内（園内・園舎内） | 発生場所2=体育館・屋内運動場 | 給付年度=18,23,0.014529374605180037,1.4529
3,場合別1=各教科等 | 発生場所1=学校内・校舎外（園内・園舎外） | 被災学年=1,23,0.014529374605180037,1.4529
3,性別=男 | 給付年度=18 | 被災学年=1,23,0.014529374605180037,1.4529
3,場合別1=課外指導 | 発生場所2=体育館・屋内運動場 | 被災学年=3,23,0.014529374605180037,1.4529
3,場合別2=体育的部活動 | 発生場所2=体育館・屋内運動場 | 被災学年=3,23,0.014529374605180037,1.4529
3,場合別1=休憩時間 | 発生場所1=学校内・校舎外（園内・園舎外） | 被災学年=3,23,0.014529374605180037,1.4529
3,場合別1=休憩時間 | 発生場所1=学校内・校舎外（園内・園舎外） | 被災学校種=中,23,0.014529374605180037,1.4529
3,場合別1=休憩時間 | 場合別2=授業終了後の特定時間中 | 性別=女,23,0.014529374605180037,1.4529
3,場合別1=通学中 | 被災学年=1 | 被災学校種=中,23,0.014529374605180037,1.4529
3,場合別2=下校（降園）中 | 被災学校種=中 | 通学方法=自転車,23,0.014529374605180037,1.4529
3,場合別2=体育（保健体育） | 性別=女 | 被災学校種=高,23,0.014529374605180037,1.4529
3,給付年度=18 | 被災学年=1 | 被災学校種=高,23,0.014529374605180037,1.4529
3,性別=男 | 発生場所1=学校内・校舎内（園内・園舎内） | 給付年度=20,23,0.014529374605180037,1.4529
3,場合別1=課外指導 | 発生場所1=学校内・校舎外（園内・園舎外） | 給付年度=20,23,0.014529374605180037,1.4529
3,場合別1=課外指導 | 発生場所2=運動場・校庭（園庭） | 給付年度=20,23,0.014529374605180037,1.4529
3,場合別1=課外指導 | 給付年度=20 | 被災学年=2,23,0.014529374605180037,1.4529
3,場合別2=体育的部活動 | 発生場所1=学校内・校舎外（園内・園舎外） | 給付年度=20,23,0.014529374605180037,1.4529
3,場合別2=体育的部活動 | 発生場所2=運動場・校庭（園庭） | 給付年度=20,23,0.014529374605180037,1.4529
3,場合別2=体育的部活動 | 給付年度=20 | 被災学年=2,23,0.014529374605180037,1.4529
3,発生場所1=学校外（園外） | 競技種目=野球（含軟式） | 被災学年=1,23,0.014529374605180037,1.4529
3,場合別1=課外指導 | 発生場所1=学校内・校舎外（園内・園舎外） | 給付年度=21,23,0.014529374605180037,1.4529
3,場合別1=課外指導 | 発生場所2=運動場・校庭（園庭） | 給付年度=21,23,0.014529374605180037,1.4529
3,場合別2=体育的部活動 | 発生場所1=学校内・校舎外（園内・園舎外） | 給付年度=21,23,0.014529374605180037,1.4529
3,場合別2=体育的部活動 | 発生場所2=運動場・校庭（園庭） | 給付年度=21,23,0.014529374605180037,1.4529
3,性別=男 | 給付年度=21 | 被災学年=1,23,0.014529374605180037,1.4529
3,給付年度=21 | 被災学年=2 | 被災学校種=高,23,0.014529374605180037,1.4529
3,性別=男 | 発生場所2=運動場・校庭（園庭） | 給付年度=23,23,0.014529374605180037,1.4529
3,性別=男 | 給付年度=23 | 被災学年=1,23,0.014529374605180037,1.4529
3,和暦=平成 | 給付年度=23 | 被災学年=3,23,0.014529374605180037,1.4529
3,給付年度=23 | 被災学年=2 | 被災学校種=高,23,0.014529374605180037,1.4529
3,性別=男 | 給付年度=25 | 被災学年=1,23,0.014529374605180037,1.4529
3,和暦=平成 | 給付年度=27 | 被災学校種=中,23,0.014529374605180037,1.4529
3,和暦=平成 | 競技種目=野球（含軟式） | 給付年度=27,23,0.014529374605180037,1.4529
3,場合別1=課外指導 | 競技種目=野球（含軟式） | 給付年度=27,23,0.014529374605180037,1.4529
3,場合別2=体育的部活動 | 競技種目=野球（含軟式） | 給付年度=27,23,0.014529374605180037,1.4529
3,性別=男 | 競技種目=野球（含軟式） | 給付年度=27,23,0.014529374605180037,1.4529
3,和暦=平成 | 給付年度=28 | 被災学年=3,23,0.014529374605180037,1.4529
3,和暦=平成 | 発生場所1=学校外（園外） | 給付年度=28,23,0.014529374605180037,1.4529
3,和暦=平成 | 給付年度=28 | 被災学年=1,23,0.014529374605180037,1.4529
3,和暦=平成 | 発生場所1=学校内・校舎内（園内・園舎内） | 給付年度=30,23,0.014529374605180037,1.4529
3,和暦=令和 | 発生場所2=運動場・校庭（園庭） | 給付年度=1,23,0.014529374605180037,1.4529
3,発生場所1=学校内・校舎外（園内・園舎外） | 発生場所2=運動場・校庭（園庭） | 給付年度=1,23,0.014529374605180037,1.4529
3,和暦=令和 | 性別=女 | 発生場所1=学校外（園外）,23,0.014529374605180037,1.4529
3,和暦=令和 | 場合別1=課外指導 | 発生場所1=学校内・校舎内（園内・園舎内）,23,0.014529374605180037,1.4529
3,和暦=令和 | 場合別1=課外指導 | 被災学年=3,23,0.014529374605180037,1.4529
3,和暦=令和 | 場合別2=体育的部活動 | 被災学年=3,23,0.014529374605180037,1.4529
3,場合別1=課外指導 | 発生場所2=運動場・校庭（園庭） | 給付年度=2,23,0.014529374605180037,1.4529
3,場合別2=体育的部活動 | 発生場所2=運動場・校庭（園庭） | 給付年度=2,23,0.014529374605180037,1.4529
3,場合別1=各教科等 | 性別=女 | 発生場所1=学校内・校舎外（園内・園舎外）,22,0.013897662665824383,1.3898
3,場合別1=特別活動（除学校行事） | 場合別2=日常の清掃 | 発生場所1=学校内・校舎内（園内・園舎内）,22,0.013897662665824383,1.3898
3,和暦=平成 | 場合別1=学校行事 | 発生場所1=学校内・校舎外（園内・園舎外）,22,0.013897662665824383,1.3898
3,場合別2=休憩時間中 | 発生場所1=学校内・校舎外（園内・園舎外） | 被災学校種=小,22,0.013897662665824383,1.3898
3,和暦=平成 | 場合別2=休憩時間中 | 性別=女,22,0.013897662665824383,1.3898
3,発生場所1=学校内・校舎内（園内・園舎内） | 被災学年=3 | 被災学校種=小,22,0.013897662665824383,1.3898
3,場合別1=各教科等 | 競技種目=ソフトボール | 被災学年=3,22,0.013897662665824383,1.3898
3,場合別2=体育（保健体育） | 競技種目=ソフトボール | 被災学年=3,22,0.013897662665824383,1.3898
3,性別=男 | 競技種目=ソフトボール | 被災学校種=中,22,0.013897662665824383,1.3898
3,場合別1=各教科等 | 発生場所1=学校内・校舎内（園内・園舎内） | 被災学年=2,22,0.013897662665824383,1.3898
3,場合別2=体育（保健体育） | 性別=女 | 被災学年=3,22,0.013897662665824383,1.3898
3,和暦=平成 | 場合別1=学校行事 | 被災学校種=中,22,0.013897662665824383,1.3898
3,和暦=平成 | 性別=女 | 競技種目=バレーボール,22,0.013897662665824383,1.3898
3,和暦=平成 | 場合別2=授業終了後の特定時間中 | 発生場所1=学校内・校舎内（園内・園舎内）,22,0.013897662665824383,1.3898
3,場合別2=体育（保健体育） | 発生場所2=運動場・校庭（園庭） | 被災学年=2,22,0.013897662665824383,1.3898
3,和暦=平成 | 場合別1=学校行事 | 性別=女,22,0.013897662665824383,1.3898
3,場合別1=学校行事 | 発生場所1=学校内・校舎外（園内・園舎外） | 発生場所2=運動場・校庭（園庭）,22,0.013897662665824383,1.3898
3,性別=女 | 発生場所1=学校内・校舎外（園内・園舎外） | 競技種目=ソフトボール,22,0.013897662665824383,1.3898
3,性別=女 | 発生場所2=運動場・校庭（園庭） | 競技種目=ソフトボール,22,0.013897662665824383,1.3898
3,競技種目=サッカー・フットサル | 被災学年=2 | 被災学校種=高,22,0.013897662665824383,1.3898
3,和暦=平成 | 競技種目=バレーボール | 被災学校種=高,22,0.013897662665824383,1.3898
3,和暦=平成 | 発生場所2=学校外運動場・競技場 | 被災学年=3,22,0.013897662665824383,1.3898
3,性別=女 | 発生場所2=運動場・校庭（園庭） | 被災学年=1,22,0.013897662665824383,1.3898
3,場合別1=特別活動（除学校行事） | 性別=男 | 被災学校種=小,22,0.013897662665824383,1.3898
3,場合別1=各教科等 | 発生場所2=運動場・校庭（園庭） | 被災学年=1,22,0.013897662665824383,1.3898
3,場合別2=体育（保健体育） | 発生場所1=学校内・校舎外（園内・園舎外） | 被災学年=1,22,0.013897662665824383,1.3898
3,発生場所2=廊下 | 被災学年=2 | 被災学校種=中,22,0.013897662665824383,1.3898
3,性別=男 | 発生場所2=廊下 | 被災学校種=小,22,0.013897662665824383,1.3898
3,場合別2=体育的部活動 | 給付年度=19 | 被災学年=2,22,0.013897662665824383,1.3898
3,場合別1=通学中 | 場合別2=登校（登園）中 | 被災学校種=中,22,0.013897662665824383,1.3898
3,場合別2=登校（登園）中 | 発生場所1=学校外（園外） | 被災学校種=中,22,0.013897662665824383,1.3898
3,和暦=平成 | 給付年度=20 | 被災学年=1,22,0.013897662665824383,1.3898
3,性別=男 | 発生場所1=学校外（園外） | 給付年度=20,22,0.013897662665824383,1.3898
3,和暦=平成 | 給付年度=20 | 被災学校種=中,22,0.013897662665824383,1.3898
3,発生場所2=学校外運動場・競技場 | 競技種目=野球（含軟式） | 被災学年=1,22,0.013897662665824383,1.3898
3,競技種目=野球（含軟式） | 給付年度=20 | 被災学校種=高,22,0.013897662665824383,1.3898
3,和暦=平成 | 性別=女 | 給付年度=21,22,0.013897662665824383,1.3898
3,性別=男 | 給付年度=21 | 被災学校種=中,22,0.013897662665824383,1.3898
3,和暦=平成 | 競技種目=野球（含軟式） | 給付年度=22,22,0.013897662665824383,1.3898
3,場合別1=課外指導 | 競技種目=野球（含軟式） | 給付年度=22,22,0.013897662665824383,1.3898
3,場合別2=体育的部活動 | 競技種目=野球（含軟式） | 給付年度=22,22,0.013897662665824383,1.3898
3,性別=男 | 競技種目=野球（含軟式） | 給付年度=22,22,0.013897662665824383,1.3898
3,発生場所1=学校内・校舎外（園内・園舎外） | 給付年度=23 | 被災学校種=高,22,0.013897662665824383,1.3898
3,性別=男 | 発生場所1=学校内・校舎内（園内・園舎内） | 給付年度=24,22,0.013897662665824383,1.3898
3,和暦=平成 | 発生場所1=学校外（園外） | 給付年度=24,22,0.013897662665824383,1.3898
3,和暦=平成 | 給付年度=24 | 被災学年=3,22,0.013897662665824383,1.3898
3,和暦=平成 | 給付年度=24 | 被災学校種=中,22,0.013897662665824383,1.3898
3,和暦=平成 | 性別=女 | 給付年度=26,22,0.013897662665824383,1.3898
3,和暦=平成 | 発生場所2=運動場・校庭（園庭） | 給付年度=26,22,0.013897662665824383,1.3898
3,発生場所1=学校内・校舎外（園内・園舎外） | 発生場所2=運動場・校庭（園庭） | 給付年度=26,22,0.013897662665824383,1.3898
3,和暦=平成 | 発生場所1=学校内・校舎内（園内・園舎内） | 給付年度=27,22,0.013897662665824383,1.3898
3,和暦=平成 | 発生場所1=学校外（園外） | 給付年度=27,22,0.013897662665824383,1.3898
3,性別=男 | 発生場所1=学校内・校舎外（園内・園舎外） | 給付年度=29,22,0.013897662665824383,1.3898
3,場合別1=課外指導 | 給付年度=29 | 被災学校種=高,22,0.013897662665824383,1.3898
3,和暦=平成 | 給付年度=30 | 被災学年=2,22,0.013897662665824383,1.3898
3,和暦=令和 | 場合別1=各教科等 | 発生場所1=学校内・校舎内（園内・園舎内）,22,0.013897662665824383,1.3898
3,和暦=令和 | 発生場所1=学校内・校舎外（園内・園舎外） | 被災学年=3,22,0.013897662665824383,1.3898
3,性別=男 | 発生場所1=学校内・校舎外（園内・園舎外） | 給付年度=1,22,0.013897662665824383,1.3898
3,和暦=令和 | 発生場所1=学校内・校舎外（園内・園舎外） | 被災学校種=中,22,0.013897662665824383,1.3898
3,和暦=令和 | 被災学年=3 | 被災学校種=中,22,0.013897662665824383,1.3898
3,和暦=令和 | 場合別1=課外指導 | 被災学校種=中,22,0.013897662665824383,1.3898
3,和暦=令和 | 場合別2=体育的部活動 | 発生場所1=学校内・校舎内（園内・園舎内）,22,0.013897662665824383,1.3898
3,和暦=令和 | 場合別2=体育的部活動 | 被災学校種=中,22,0.013897662665824383,1.3898
3,和暦=令和 | 発生場所2=道路 | 被災学年=1,22,0.013897662665824383,1.3898
3,和暦=令和 | 給付年度=2 | 被災学校種=中,22,0.013897662665824383,1.3898
3,発生場所1=学校内・校舎外（園内・園舎外） | 給付年度=2 | 被災学校種=高,22,0.013897662665824383,1.3898
3,和暦=令和 | 給付年度=4 | 被災学年=1,22,0.013897662665824383,1.3898
3,場合別1=各教科等 | 発生場所1=学校内・校舎内（園内・園舎内） | 被災学校種=小,21,0.013265950726468731,1.3266
3,性別=女 | 発生場所1=学校内・校舎内（園内・園舎内） | 発生場所2=教室（保育室）,21,0.013265950726468731,1.3266
3,場合別1=休憩時間 | 発生場所2=教室（保育室） | 被災学校種=小,21,0.013265950726468731,1.3266
3,和暦=平成 | 場合別2=休憩時間中 | 発生場所1=学校内・校舎外（園内・園舎外）,21,0.013265950726468731,1.3266
3,場合別2=休憩時間中 | 発生場所2=運動場・校庭（園庭） | 被災学校種=小,21,0.013265950726468731,1.3266
3,和暦=平成 | 発生場所2=教室（保育室） | 被災学年=3,21,0.013265950726468731,1.3266
3,場合別1=休憩時間 | 被災学年=3 | 被災学校種=小,21,0.013265950726468731,1.3266
3,和暦=平成 | 場合別2=下校（降園）中 | 被災学校種=小,21,0.013265950726468731,1.3266
3,場合別1=通学中 | 場合別2=下校（降園）中 | 被災学校種=小,21,0.013265950726468731,1.3266
3,場合別2=下校（降園）中 | 発生場所1=学校外（園外） | 被災学校種=小,21,0.013265950726468731,1.3266
3,場合別1=各教科等 | 発生場所2=体育館・屋内運動場 | 被災学年=1,21,0.013265950726468731,1.3266
3,場合別2=体育（保健体育） | 発生場所1=学校内・校舎内（園内・園舎内） | 被災学年=1,21,0.013265950726468731,1.3266
3,場合別2=体育（保健体育） | 発生場所2=体育館・屋内運動場 | 被災学年=1,21,0.013265950726468731,1.3266
3,場合別1=各教科等 | 発生場所2=体育館・屋内運動場 | 被災学年=2,21,0.013265950726468731,1.3266
3,発生場所1=学校外（園外） | 発生場所2=学校外体育館 | 競技種目=バスケットボール,21,0.013265950726468731,1.3266
3,場合別2=休憩時間中 | 発生場所1=学校内・校舎内（園内・園舎内） | 被災学校種=中,21,0.013265950726468731,1.3266
3,給付年度=17 | 被災学年=3 | 被災学校種=高,21,0.013265950726468731,1.3266
3,和暦=平成 | 競技種目=ソフトボール | 被災学年=2,21,0.013265950726468731,1.3266
3,場合別1=各教科等 | 場合別2=体育（保健体育） | 競技種目=バスケットボール,21,0.013265950726468731,1.3266
3,和暦=平成 | 場合別1=学校行事 | 発生場所2=運動場・校庭（園庭）,21,0.013265950726468731,1.3266
3,和暦=平成 | 性別=女 | 競技種目=ソフトボール,21,0.013265950726468731,1.3266
3,場合別1=学校行事 | 性別=男 | 被災学校種=高,21,0.013265950726468731,1.3266
3,競技種目=サッカー・フットサル | 被災学年=1 | 被災学校種=高,21,0.013265950726468731,1.3266
3,発生場所1=学校外（園外） | 競技種目=サッカー・フットサル | 被災学校種=高,21,0.013265950726468731,1.3266
3,発生場所2=学校外運動場・競技場 | 競技種目=サッカー・フットサル | 被災学校種=高,21,0.013265950726468731,1.3266
3,発生場所1=学校内・校舎外（園内・園舎外） | 競技種目=サッカー・フットサル | 被災学年=2,21,0.013265950726468731,1.3266
3,競技種目=バスケットボール | 被災学年=3 | 被災学校種=高,21,0.013265950726468731,1.3266
3,場合別1=課外指導 | 性別=女 | 被災学年=3,21,0.013265950726468731,1.3266
3,場合別1=休憩時間 | 場合別2=授業終了後の特定時間中 | 発生場所2=運動場・校庭（園庭）,21,0.013265950726468731,1.3266
3,場合別2=授業終了後の特定時間中 | 発生場所1=学校内・校舎外（園内・園舎外） | 発生場所2=運動場・校庭（園庭）,21,0.013265950726468731,1.3266
3,場合別2=登校（登園）中 | 被災学年=3 | 被災学校種=高,21,0.013265950726468731,1.3266
3,場合別1=休憩時間 | 発生場所2=廊下 | 被災学校種=小,21,0.013265950726468731,1.3266
3,場合別2=体育（保健体育） | 発生場所2=運動場・校庭（園庭） | 被災学年=1,21,0.013265950726468731,1.3266
3,発生場所1=学校内・校舎外（園内・園舎外） | 競技種目=ソフトボール | 被災学年=1,21,0.013265950726468731,1.3266
3,発生場所2=運動場・校庭（園庭） | 競技種目=ソフトボール | 被災学年=1,21,0.013265950726468731,1.3266
3,場合別1=休憩時間 | 性別=女 | 被災学校種=中,21,0.013265950726468731,1.3266
3,場合別1=休憩時間 | 発生場所2=運動場・校庭（園庭） | 被災学年=3,21,0.013265950726468731,1.3266
3,場合別1=休憩時間 | 発生場所2=運動場・校庭（園庭） | 被災学校種=中,21,0.013265950726468731,1.3266
3,場合別1=休憩時間 | 性別=女 | 被災学年=3,21,0.013265950726468731,1.3266
3,被災学年=1 | 被災学校種=中 | 通学方法=自転車,21,0.013265950726468731,1.3266
3,和暦=平成 | 発生場所2=その他 | 被災学校種=高,21,0.013265950726468731,1.3266
3,発生場所1=学校内・校舎外（園内・園舎外） | 給付年度=19 | 被災学年=2,21,0.013265950726468731,1.3266
3,和暦=平成 | 場合別1=休憩時間 | 給付年度=19,21,0.013265950726468731,1.3266
3,性別=男 | 給付年度=19 | 被災学年=1,21,0.013265950726468731,1.3266
3,場合別1=休憩時間 | 性別=女 | 被災学年=2,21,0.013265950726468731,1.3266
3,場合別2=登校（登園）中 | 発生場所2=道路 | 被災学校種=中,21,0.013265950726468731,1.3266
3,場合別2=登校（登園）中 | 被災学校種=中 | 通学方法=自転車,21,0.013265950726468731,1.3266
3,発生場所1=学校内・校舎外（園内・園舎外） | 給付年度=20 | 被災学校種=高,21,0.013265950726468731,1.3266
3,発生場所2=運動場・校庭（園庭） | 給付年度=20 | 被災学校種=高,21,0.013265950726468731,1.3266
3,和暦=平成 | 競技種目=野球（含軟式） | 給付年度=21,21,0.013265950726468731,1.3266
3,性別=男 | 競技種目=野球（含軟式） | 給付年度=21,21,0.013265950726468731,1.3266
3,和暦=平成 | 発生場所2=体育館・屋内運動場 | 給付年度=22,21,0.013265950726468731,1.3266
3,性別=男 | 発生場所1=学校内・校舎内（園内・園舎内） | 給付年度=22,21,0.013265950726468731,1.3266
3,発生場所1=学校内・校舎内（園内・園舎内） | 発生場所2=体育館・屋内運動場 | 給付年度=22,21,0.013265950726468731,1.3266
3,性別=男 | 発生場所1=学校外（園外） | 給付年度=22,21,0.013265950726468731,1.3266
3,発生場所1=学校内・校舎外（園内・園舎外） | 給付年度=22 | 被災学校種=高,21,0.013265950726468731,1.3266
3,発生場所2=運動場・校庭（園庭） | 給付年度=22 | 被災学校種=高,21,0.013265950726468731,1.3266
3,性別=男 | 発生場所1=学校内・校舎内（園内・園舎内） | 給付年度=23,21,0.013265950726468731,1.3266
3,和暦=平成 | 競技種目=野球（含軟式） | 給付年度=25,21,0.013265950726468731,1.3266
3,場合別1=課外指導 | 競技種目=野球（含軟式） | 給付年度=25,21,0.013265950726468731,1.3266
3,場合別2=体育的部活動 | 競技種目=野球（含軟式） | 給付年度=25,21,0.013265950726468731,1.3266
3,性別=男 | 競技種目=野球（含軟式） | 給付年度=25,21,0.013265950726468731,1.3266
3,給付年度=26 | 被災学年=2 | 被災学校種=高,21,0.013265950726468731,1.3266
3,性別=男 | 給付年度=27 | 被災学年=1,21,0.013265950726468731,1.3266
3,和暦=平成 | 給付年度=28 | 被災学年=2,21,0.013265950726468731,1.3266
3,発生場所1=学校内・校舎外（園内・園舎外） | 給付年度=28 | 被災学校種=高,21,0.013265950726468731,1.3266
3,性別=男 | 発生場所2=運動場・校庭（園庭） | 給付年度=29,21,0.013265950726468731,1.3266
3,場合別2=体育的部活動 | 給付年度=29 | 被災学校種=高,21,0.013265950726468731,1.3266
3,性別=男 | 給付年度=30 | 被災学年=1,21,0.013265950726468731,1.3266
3,性別=男 | 発生場所1=学校外（園外） | 給付年度=30,21,0.013265950726468731,1.3266
3,和暦=平成 | 競技種目=野球（含軟式） | 給付年度=30,21,0.013265950726468731,1.3266
3,性別=男 | 競技種目=野球（含軟式） | 給付年度=30,21,0.013265950726468731,1.3266
3,和暦=令和 | 場合別1=各教科等 | 発生場所2=体育館・屋内運動場,21,0.013265950726468731,1.3266
3,和暦=令和 | 給付年度=1 | 被災学校種=中,21,0.013265950726468731,1.3266
3,和暦=令和 | 被災学年=1 | 被災学校種=中,21,0.013265950726468731,1.3266
3,和暦=令和 | 場合別1=通学中 | 被災学年=1,21,0.013265950726468731,1.3266
3,和暦=令和 | 被災学年=1 | 通学方法=自転車,21,0.013265950726468731,1.3266
3,和暦=令和 | 発生場所1=学校外（園外） | 給付年度=2,21,0.013265950726468731,1.3266
3,発生場所2=運動場・校庭（園庭） | 給付年度=2 | 被災学校種=高,21,0.013265950726468731,1.3266
3,性別=男 | 給付年度=3 | 被災学校種=高,21,0.013265950726468731,1.3266
3,和暦=令和 | 場合別1=課外指導 | 給付年度=5,21,0.013265950726468731,1.3266
3,性別=男 | 給付年度=5 | 被災学校種=高,21,0.013265950726468731,1.3266
3,和暦=平成 | 発生場所1=学校内・校舎外（園内・園舎外） | 被災学年=6,20,0.012634238787113077,1.2634
3,発生場所1=学校内・校舎外（園内・園舎外） | 被災学年=6 | 被災学校種=小,20,0.012634238787113077,1.2634
3,和暦=平成 | 発生場所2=体育館・屋内運動場 | 被災学校種=小,20,0.012634238787113077,1.2634
3,場合別1=休憩時間 | 場合別2=休憩時間中 | 発生場所2=教室（保育室）,20,0.012634238787113077,1.2634
3,場合別1=休憩時間 | 場合別2=休憩時間中 | 被災学年=2,20,0.012634238787113077,1.2634
3,場合別2=休憩時間中 | 発生場所1=学校内・校舎内（園内・園舎内） | 発生場所2=教室（保育室）,20,0.012634238787113077,1.2634
3,性別=男 | 被災学年=2 | 被災学校種=小,20,0.012634238787113077,1.2634
3,和暦=平成 | 場合別2=休憩時間中 | 発生場所2=運動場・校庭（園庭）,20,0.012634238787113077,1.2634
3,場合別1=休憩時間 | 被災学年=5 | 被災学校種=小,20,0.012634238787113077,1.2634
3,発生場所1=学校内・校舎外（園内・園舎外） | 発生場所2=運動場・校庭（園庭） | 被災学年=4,20,0.012634238787113077,1.2634
3,発生場所2=運動場・校庭（園庭） | 被災学年=4 | 被災学校種=小,20,0.012634238787113077,1.2634
3,和暦=平成 | 場合別1=休憩時間 | 場合別2=始業前の特定時間中,20,0.012634238787113077,1.2634
3,場合別2=下校（降園）中 | 性別=男 | 被災学年=3,20,0.012634238787113077,1.2634
3,場合別2=下校（降園）中 | 性別=男 | 通学方法=徒歩,20,0.012634238787113077,1.2634
3,場合別2=下校（降園）中 | 発生場所2=道路 | 被災学校種=小,20,0.012634238787113077,1.2634
3,場合別2=下校（降園）中 | 被災学校種=小 | 通学方法=徒歩,20,0.012634238787113077,1.2634
3,場合別2=体育（保健体育） | 発生場所1=学校内・校舎内（園内・園舎内） | 被災学年=2,20,0.012634238787113077,1.2634
3,場合別2=体育（保健体育） | 発生場所2=体育館・屋内運動場 | 被災学年=2,20,0.012634238787113077,1.2634
3,和暦=平成 | 発生場所1=学校内・校舎内（園内・園舎内） | 発生場所2=階段,20,0.012634238787113077,1.2634
3,場合別1=課外指導 | 給付年度=17 | 被災学年=1,20,0.012634238787113077,1.2634
3,性別=女 | 発生場所1=学校内・校舎内（園内・園舎内） | 競技種目=バレーボール,20,0.012634238787113077,1.2634
3,場合別1=課外指導 | 性別=女 | 競技種目=バスケットボール,20,0.012634238787113077,1.2634
3,場合別2=体育的部活動 | 性別=女 | 競技種目=バスケットボール,20,0.012634238787113077,1.2634
3,和暦=平成 | 発生場所2=学校外体育館 | 競技種目=バスケットボール,20,0.012634238787113077,1.2634
3,場合別1=課外指導 | 発生場所2=学校外体育館 | 競技種目=バスケットボール,20,0.012634238787113077,1.2634
3,場合別2=体育的部活動 | 発生場所2=学校外体育館 | 競技種目=バスケットボール,20,0.012634238787113077,1.2634
3,発生場所1=学校内・校舎外（園内・園舎外） | 競技種目=ソフトボール | 被災学年=2,20,0.012634238787113077,1.2634
3,発生場所2=運動場・校庭（園庭） | 競技種目=ソフトボール | 被災学年=2,20,0.012634238787113077,1.2634
3,場合別1=各教科等 | 発生場所1=学校内・校舎内（園内・園舎内） | 競技種目=バスケットボール,20,0.012634238787113077,1.2634
3,場合別1=各教科等 | 発生場所2=体育館・屋内運動場 | 競技種目=バスケットボール,20,0.012634238787113077,1.2634
3,場合別2=体育（保健体育） | 発生場所1=学校内・校舎内（園内・園舎内） | 競技種目=バスケットボール,20,0.012634238787113077,1.2634
3,場合別2=体育（保健体育） | 発生場所2=体育館・屋内運動場 | 競技種目=バスケットボール,20,0.012634238787113077,1.2634
3,場合別1=課外指導 | 競技種目=サッカー・フットサル | 被災学年=1,20,0.012634238787113077,1.2634
3,場合別2=体育的部活動 | 競技種目=サッカー・フットサル | 被災学年=1,20,0.012634238787113077,1.2634
3,発生場所2=運動場・校庭（園庭） | 競技種目=サッカー・フットサル | 被災学年=2,20,0.012634238787113077,1.2634
3,場合別1=課外指導 | 場合別2=体育的部活動 | 競技種目=ホッケー,20,0.012634238787113077,1.2634
3,場合別1=課外指導 | 競技種目=ホッケー | 被災学校種=高,20,0.012634238787113077,1.2634
3,場合別2=体育的部活動 | 競技種目=ホッケー | 被災学校種=高,20,0.012634238787113077,1.2634
3,場合別2=体育的部活動 | 性別=女 | 被災学年=3,20,0.012634238787113077,1.2634
3,和暦=平成 | 場合別2=授業終了後の特定時間中 | 発生場所1=学校内・校舎外（園内・園舎外）,20,0.012634238787113077,1.2634
3,場合別1=休憩時間 | 場合別2=授業終了後の特定時間中 | 被災学年=2,20,0.012634238787113077,1.2634
3,場合別1=休憩時間 | 発生場所2=廊下 | 被災学年=2,20,0.012634238787113077,1.2634
3,場合別2=登校（登園）中 | 性別=女 | 被災学年=1,20,0.012634238787113077,1.2634
3,性別=女 | 被災学年=2 | 通学方法=自転車,20,0.012634238787113077,1.2634
3,和暦=平成 | 場合別1=通学中 | 給付年度=18,20,0.012634238787113077,1.2634
3,場合別1=通学中 | 発生場所1=学校外（園外） | 給付年度=18,20,0.012634238787113077,1.2634
3,発生場所1=学校内・校舎外（園内・園舎外） | 競技種目=野球（含軟式） | 給付年度=18,20,0.012634238787113077,1.2634
3,発生場所2=運動場・校庭（園庭） | 競技種目=野球（含軟式） | 給付年度=18,20,0.012634238787113077,1.2634
3,発生場所1=学校内・校舎内（園内・園舎内） | 発生場所2=廊下 | 被災学年=1,20,0.012634238787113077,1.2634
3,場合別1=休憩時間 | 発生場所1=学校内・校舎外（園内・園舎外） | 被災学年=2,20,0.012634238787113077,1.2634
3,場合別1=休憩時間 | 発生場所2=運動場・校庭（園庭） | 被災学年=2,20,0.012634238787113077,1.2634
3,性別=男 | 給付年度=19 | 被災学校種=小,20,0.012634238787113077,1.2634
3,発生場所1=学校内・校舎外（園内・園舎外） | 競技種目=野球（含軟式） | 給付年度=19,20,0.012634238787113077,1.2634
3,発生場所2=運動場・校庭（園庭） | 競技種目=野球（含軟式） | 給付年度=19,20,0.012634238787113077,1.2634
3,性別=女 | 被災学年=4 | 被災学校種=小,20,0.012634238787113077,1.2634
3,場合別1=休憩時間 | 場合別2=授業終了後の特定時間中 | 被災学校種=小,20,0.012634238787113077,1.2634
3,和暦=平成 | 発生場所2=道路 | 給付年度=19,20,0.012634238787113077,1.2634
3,発生場所1=学校外（園外） | 発生場所2=道路 | 給付年度=19,20,0.012634238787113077,1.2634
3,発生場所1=学校外（園外） | 給付年度=19 | 被災学年=2,20,0.012634238787113077,1.2634
3,性別=女 | 発生場所2=道路 | 被災学校種=中,20,0.012634238787113077,1.2634
3,和暦=平成 | 給付年度=20 | 通学方法=自転車,20,0.012634238787113077,1.2634
3,場合別1=通学中 | 給付年度=20 | 通学方法=自転車,20,0.012634238787113077,1.2634
3,発生場所1=学校外（園外） | 給付年度=20 | 通学方法=自転車,20,0.012634238787113077,1.2634
3,発生場所2=道路 | 給付年度=20 | 通学方法=自転車,20,0.012634238787113077,1.2634
3,場合別1=通学中 | 給付年度=20 | 被災学校種=高,20,0.012634238787113077,1.2634
3,発生場所2=道路 | 給付年度=20 | 被災学校種=高,20,0.012634238787113077,1.2634
3,性別=男 | 発生場所1=学校内・校舎内（園内・園舎内） | 給付年度=21,20,0.012634238787113077,1.2634
3,場合別1=課外指導 | 給付年度=21 | 被災学年=2,20,0.012634238787113077,1.2634
3,場合別2=体育的部活動 | 給付年度=21 | 被災学年=2,20,0.012634238787113077,1.2634
3,場合別1=課外指導 | 競技種目=野球（含軟式） | 給付年度=21,20,0.012634238787113077,1.2634
3,場合別2=体育的部活動 | 競技種目=野球（含軟式） | 給付年度=21,20,0.012634238787113077,1.2634
3,競技種目=野球（含軟式） | 給付年度=22 | 被災学校種=高,20,0.012634238787113077,1.2634
3,和暦=平成 | 場合別1=休憩時間 | 給付年度=23,20,0.012634238787113077,1.2634
3,和暦=平成 | 性別=女 | 給付年度=23,20,0.012634238787113077,1.2634
3,発生場所1=学校外（園外） | 給付年度=23 | 被災学校種=高,20,0.012634238787113077,1.2634
3,性別=男 | 給付年度=25 | 被災学年=2,20,0.012634238787113077,1.2634
3,発生場所1=学校内・校舎外（園内・園舎外） | 給付年度=25 | 被災学校種=高,20,0.012634238787113077,1.2634
3,発生場所2=運動場・校庭（園庭） | 給付年度=25 | 被災学校種=高,20,0.012634238787113077,1.2634
3,給付年度=25 | 被災学年=1 | 被災学校種=高,20,0.012634238787113077,1.2634
3,和暦=平成 | 給付年度=26 | 被災学年=3,20,0.012634238787113077,1.2634
3,性別=男 | 発生場所1=学校内・校舎外（園内・園舎外） | 給付年度=26,20,0.012634238787113077,1.2634
3,性別=男 | 給付年度=26 | 被災学校種=中,20,0.012634238787113077,1.2634
3,和暦=平成 | 競技種目=野球（含軟式） | 給付年度=26,20,0.012634238787113077,1.2634
3,場合別1=課外指導 | 競技種目=野球（含軟式） | 給付年度=26,20,0.012634238787113077,1.2634
3,場合別2=体育的部活動 | 競技種目=野球（含軟式） | 給付年度=26,20,0.012634238787113077,1.2634
3,性別=男 | 競技種目=野球（含軟式） | 給付年度=26,20,0.012634238787113077,1.2634
3,発生場所1=学校内・校舎外（園内・園舎外） | 競技種目=野球（含軟式） | 給付年度=27,20,0.012634238787113077,1.2634
3,発生場所2=運動場・校庭（園庭） | 競技種目=野球（含軟式） | 給付年度=27,20,0.012634238787113077,1.2634
3,性別=男 | 給付年度=29 | 被災学年=2,20,0.012634238787113077,1.2634
3,和暦=平成 | 発生場所1=学校内・校舎外（園内・園舎外） | 給付年度=30,20,0.012634238787113077,1.2634
3,和暦=平成 | 発生場所2=運動場・校庭（園庭） | 給付年度=30,20,0.012634238787113077,1.2634
3,発生場所1=学校内・校舎外（園内・園舎外） | 発生場所2=運動場・校庭（園庭） | 給付年度=30,20,0.012634238787113077,1.2634
3,場合別1=課外指導 | 競技種目=野球（含軟式） | 給付年度=30,20,0.012634238787113077,1.2634
3,場合別2=体育的部活動 | 競技種目=野球（含軟式） | 給付年度=30,20,0.012634238787113077,1.2634
3,性別=男 | 給付年度=30 | 被災学年=2,20,0.012634238787113077,1.2634
3,和暦=令和 | 場合別2=体育（保健体育） | 発生場所1=学校内・校舎内（園内・園舎内）,20,0.012634238787113077,1.2634
3,和暦=令和 | 場合別2=体育（保健体育） | 発生場所2=体育館・屋内運動場,20,0.012634238787113077,1.2634
3,和暦=令和 | 給付年度=1 | 被災学年=1,20,0.012634238787113077,1.2634
3,和暦=令和 | 発生場所2=運動場・校庭（園庭） | 被災学年=3,20,0.012634238787113077,1.2634
3,性別=男 | 発生場所2=運動場・校庭（園庭） | 給付年度=1,20,0.012634238787113077,1.2634
3,和暦=令和 | 場合別1=各教科等 | 発生場所1=学校内・校舎外（園内・園舎外）,20,0.012634238787113077,1.2634
3,和暦=令和 | 性別=女 | 発生場所1=学校内・校舎外（園内・園舎外）,20,0.012634238787113077,1.2634
3,和暦=令和 | 発生場所2=運動場・校庭（園庭） | 被災学校種=中,20,0.012634238787113077,1.2634
3,和暦=令和 | 性別=女 | 発生場所1=学校内・校舎内（園内・園舎内）,20,0.012634238787113077,1.2634
3,和暦=令和 | 競技種目=野球（含軟式） | 被災学年=2,20,0.012634238787113077,1.2634
3,和暦=令和 | 場合別1=通学中 | 場合別2=下校（降園）中,20,0.012634238787113077,1.2634
3,和暦=令和 | 場合別2=下校（降園）中 | 発生場所1=学校外（園外）,20,0.012634238787113077,1.2634
3,和暦=令和 | 場合別2=下校（降園）中 | 発生場所2=道路,20,0.012634238787113077,1.2634
3,性別=男 | 給付年度=1 | 被災学校種=高,20,0.012634238787113077,1.2634
3,和暦=令和 | 性別=女 | 被災学年=2,20,0.012634238787113077,1.2634
3,和暦=令和 | 場合別2=登校（登園）中 | 被災学校種=高,20,0.012634238787113077,1.2634
3,性別=男 | 給付年度=2 | 被災学年=2,20,0.012634238787113077,1.2634
3,和暦=令和 | 場合別1=課外指導 | 給付年度=4,20,0.012634238787113077,1.2634
3,和暦=令和 | 場合別2=体育的部活動 | 給付年度=4,20,0.012634238787113077,1.2634
3,場合別1=課外指導 | 場合別2=体育的部活動 | 給付年度=4,20,0.012634238787113077,1.2634
3,場合別1=各教科等 | 性別=女 | 発生場所2=運動場・校庭（園庭）,19,0.012002526847757423,1.2003
3,場合別1=各教科等 | 性別=女 | 被災学校種=小,19,0.012002526847757423,1.2003
3,和暦=平成 | 場合別2=日常の清掃 | 発生場所1=学校内・校舎内（園内・園舎内）,19,0.012002526847757423,1.2003
3,和暦=平成 | 場合別2=休憩時間中 | 発生場所2=教室（保育室）,19,0.012002526847757423,1.2003
3,和暦=平成 | 場合別2=休憩時間中 | 被災学年=2,19,0.012002526847757423,1.2003
3,場合別2=休憩時間中 | 性別=男 | 発生場所2=教室（保育室）,19,0.012002526847757423,1.2003
3,和暦=平成 | 場合別1=休憩時間 | 被災学年=5,19,0.012002526847757423,1.2003
3,場合別1=休憩時間 | 性別=男 | 被災学年=5,19,0.012002526847757423,1.2003
3,場合別2=休憩時間中 | 性別=男 | 発生場所1=学校内・校舎外（園内・園舎外）,19,0.012002526847757423,1.2003
3,発生場所1=学校内・校舎外（園内・園舎外） | 発生場所2=運動場・校庭（園庭） | 被災学年=5,19,0.012002526847757423,1.2003
3,場合別2=昼食時休憩時間中 | 性別=男 | 発生場所1=学校内・校舎外（園内・園舎外）,19,0.012002526847757423,1.2003
3,場合別2=昼食時休憩時間中 | 性別=男 | 発生場所2=運動場・校庭（園庭）,19,0.012002526847757423,1.2003
3,場合別2=昼食時休憩時間中 | 性別=男 | 被災学校種=小,19,0.012002526847757423,1.2003
3,性別=女 | 発生場所1=学校外（園外） | 被災学校種=小,19,0.012002526847757423,1.2003
3,性別=男 | 給付年度=17 | 被災学校種=中,19,0.012002526847757423,1.2003
3,和暦=平成 | 競技種目=ソフトボール | 被災学年=3,19,0.012002526847757423,1.2003
3,場合別2=体育（保健体育） | 性別=女 | 発生場所1=学校内・校舎外（園内・園舎外）,19,0.012002526847757423,1.2003
3,和暦=平成 | 場合別1=学校行事 | 被災学年=2,19,0.012002526847757423,1.2003
3,場合別1=課外指導 | 場合別2=体育的部活動 | 発生場所2=その他,19,0.012002526847757423,1.2003
3,場合別2=体育的部活動 | 給付年度=17 | 被災学年=1,19,0.012002526847757423,1.2003
3,性別=男 | 発生場所1=学校外（園外） | 発生場所2=その他,19,0.012002526847757423,1.2003
3,場合別1=課外指導 | 競技種目=バレーボール | 被災学年=2,19,0.012002526847757423,1.2003
3,場合別2=体育的部活動 | 競技種目=バレーボール | 被災学年=2,19,0.012002526847757423,1.2003
3,性別=女 | 発生場所2=体育館・屋内運動場 | 競技種目=バレーボール,19,0.012002526847757423,1.2003
3,場合別2=昼食時休憩時間中 | 性別=男 | 被災学年=3,19,0.012002526847757423,1.2003
3,和暦=平成 | 競技種目=サッカー・フットサル | 被災学年=1,19,0.012002526847757423,1.2003
3,和暦=平成 | 発生場所2=その他 | 被災学年=2,19,0.012002526847757423,1.2003
3,場合別2=登校（登園）中 | 性別=女 | 被災学年=3,19,0.012002526847757423,1.2003
3,性別=男 | 給付年度=18 | 被災学年=3,19,0.012002526847757423,1.2003
3,場合別1=休憩時間 | 性別=女 | 発生場所2=廊下,19,0.012002526847757423,1.2003
3,和暦=平成 | 発生場所2=道路 | 給付年度=18,19,0.012002526847757423,1.2003
3,場合別1=通学中 | 発生場所2=道路 | 給付年度=18,19,0.012002526847757423,1.2003
3,発生場所1=学校外（園外） | 発生場所2=道路 | 給付年度=18,19,0.012002526847757423,1.2003
3,発生場所1=学校内・校舎外（園内・園舎外） | 給付年度=18 | 被災学年=2,19,0.012002526847757423,1.2003
3,発生場所2=運動場・校庭（園庭） | 給付年度=18 | 被災学年=2,19,0.012002526847757423,1.2003
3,和暦=平成 | 場合別1=学校行事 | 場合別2=運動会・体育祭,19,0.012002526847757423,1.2003
3,和暦=平成 | 場合別1=学校行事 | 発生場所1=学校内・校舎内（園内・園舎内）,19,0.012002526847757423,1.2003
3,発生場所1=学校内・校舎内（園内・園舎内） | 発生場所2=廊下 | 被災学年=3,19,0.012002526847757423,1.2003
3,和暦=平成 | 給付年度=18 | 通学方法=自転車,19,0.012002526847757423,1.2003
3,場合別1=通学中 | 給付年度=18 | 通学方法=自転車,19,0.012002526847757423,1.2003
3,発生場所1=学校外（園外） | 給付年度=18 | 通学方法=自転車,19,0.012002526847757423,1.2003
3,場合別1=通学中 | 被災学年=3 | 被災学校種=中,19,0.012002526847757423,1.2003
3,発生場所2=道路 | 被災学年=3 | 被災学校種=中,19,0.012002526847757423,1.2003
3,発生場所1=学校内・校舎内（園内・園舎内） | 被災学年=4 | 被災学校種=小,19,0.012002526847757423,1.2003
3,性別=女 | 被災学年=3 | 被災学校種=小,19,0.012002526847757423,1.2003
3,場合別1=課外指導 | 発生場所1=学校外（園外） | 給付年度=19,19,0.012002526847757423,1.2003
3,発生場所2=道路 | 被災学年=2 | 被災学校種=中,19,0.012002526847757423,1.2003
3,給付年度=19 | 被災学年=1 | 被災学校種=高,19,0.012002526847757423,1.2003
3,発生場所1=学校内・校舎外（園内・園舎外） | 競技種目=野球（含軟式） | 給付年度=20,19,0.012002526847757423,1.2003
3,発生場所2=運動場・校庭（園庭） | 競技種目=野球（含軟式） | 給付年度=20,19,0.012002526847757423,1.2003
3,和暦=平成 | 場合別1=休憩時間 | 給付年度=22,19,0.012002526847757423,1.2003
3,給付年度=22 | 被災学年=2 | 被災学校種=高,19,0.012002526847757423,1.2003
3,給付年度=22 | 被災学年=1 | 被災学校種=高,19,0.012002526847757423,1.2003
3,場合別1=課外指導 | 発生場所1=学校内・校舎外（園内・園舎外） | 給付年度=23,19,0.012002526847757423,1.2003
3,場合別2=体育的部活動 | 発生場所1=学校内・校舎外（園内・園舎外） | 給付年度=23,19,0.012002526847757423,1.2003
3,場合別1=課外指導 | 給付年度=23 | 被災学年=2,19,0.012002526847757423,1.2003
3,場合別2=体育的部活動 | 給付年度=23 | 被災学年=2,19,0.012002526847757423,1.2003
3,発生場所2=運動場・校庭（園庭） | 給付年度=23 | 被災学校種=高,19,0.012002526847757423,1.2003
3,和暦=平成 | 給付年度=24 | 被災学年=1,19,0.012002526847757423,1.2003
3,和暦=平成 | 競技種目=野球（含軟式） | 給付年度=24,19,0.012002526847757423,1.2003
3,場合別1=課外指導 | 競技種目=野球（含軟式） | 給付年度=24,19,0.012002526847757423,1.2003
3,場合別2=体育的部活動 | 競技種目=野球（含軟式） | 給付年度=24,19,0.012002526847757423,1.2003
3,発生場所1=学校内・校舎外（園内・園舎外） | 給付年度=24 | 被災学校種=高,19,0.012002526847757423,1.2003
3,場合別1=課外指導 | 発生場所1=学校内・校舎外（園内・園舎外） | 給付年度=25,19,0.012002526847757423,1.2003
3,場合別1=課外指導 | 発生場所2=運動場・校庭（園庭） | 給付年度=25,19,0.012002526847757423,1.2003
3,場合別2=体育的部活動 | 発生場所1=学校内・校舎外（園内・園舎外） | 給付年度=25,19,0.012002526847757423,1.2003
3,場合別2=体育的部活動 | 発生場所2=運動場・校庭（園庭） | 給付年度=25,19,0.012002526847757423,1.2003
3,競技種目=野球（含軟式） | 給付年度=25 | 被災学校種=高,19,0.012002526847757423,1.2003
3,性別=男 | 発生場所1=学校内・校舎内（園内・園舎内） | 給付年度=26,19,0.012002526847757423,1.2003
3,性別=男 | 給付年度=27 | 被災学年=3,19,0.012002526847757423,1.2003
3,発生場所1=学校内・校舎外（園内・園舎外） | 給付年度=27 | 被災学年=2,19,0.012002526847757423,1.2003
3,発生場所2=運動場・校庭（園庭） | 給付年度=27 | 被災学年=2,19,0.012002526847757423,1.2003
3,競技種目=野球（含軟式） | 給付年度=27 | 被災学校種=高,19,0.012002526847757423,1.2003
3,和暦=平成 | 給付年度=28 | 被災学校種=小,19,0.012002526847757423,1.2003
3,性別=男 | 発生場所1=学校外（園外） | 給付年度=28,19,0.012002526847757423,1.2003
3,和暦=平成 | 場合別1=各教科等 | 給付年度=29,19,0.012002526847757423,1.2003
3,発生場所1=学校内・校舎外（園内・園舎外） | 給付年度=29 | 被災学校種=高,19,0.012002526847757423,1.2003
3,発生場所2=運動場・校庭（園庭） | 給付年度=29 | 被災学校種=高,19,0.012002526847757423,1.2003
3,給付年度=29 | 被災学年=1 | 被災学校種=高,19,0.012002526847757423,1.2003
3,性別=男 | 発生場所1=学校内・校舎外（園内・園舎外） | 給付年度=30,19,0.012002526847757423,1.2003
3,性別=男 | 発生場所2=運動場・校庭（園庭） | 給付年度=30,19,0.012002526847757423,1.2003
3,給付年度=30 | 被災学年=2 | 被災学校種=高,19,0.012002526847757423,1.2003
3,和暦=令和 | 性別=男 | 被災学校種=小,19,0.012002526847757423,1.2003
3,和暦=令和 | 発生場所1=学校内・校舎内（園内・園舎内） | 給付年度=1,19,0.012002526847757423,1.2003
3,和暦=令和 | 発生場所1=学校外（園外） | 給付年度=1,19,0.012002526847757423,1.2003
3,和暦=令和 | 発生場所1=学校外（園外） | 被災学年=3,19,0.012002526847757423,1.2003
3,和暦=令和 | 性別=女 | 被災学校種=中,19,0.012002526847757423,1.2003
3,場合別1=課外指導 | 性別=男 | 給付年度=1,19,0.012002526847757423,1.2003
3,場合別2=体育的部活動 | 性別=男 | 給付年度=1,19,0.012002526847757423,1.2003
3,和暦=令和 | 場合別2=登校（登園）中 | 性別=男,19,0.012002526847757423,1.2003
3,和暦=令和 | 発生場所1=学校内・校舎内（園内・園舎内） | 給付年度=2,19,0.012002526847757423,1.2003
3,場合別1=課外指導 | 性別=男 | 給付年度=4,19,0.012002526847757423,1.2003
3,場合別2=体育的部活動 | 性別=男 | 給付年度=4,19,0.012002526847757423,1.2003
3,場合別1=課外指導 | 給付年度=4 | 被災学校種=高,19,0.012002526847757423,1.2003
3,場合別2=体育的部活動 | 給付年度=4 | 被災学校種=高,19,0.012002526847757423,1.2003
3,和暦=令和 | 場合別2=体育的部活動 | 給付年度=5,19,0.012002526847757423,1.2003
3,場合別1=課外指導 | 場合別2=体育的部活動 | 給付年度=5,19,0.012002526847757423,1.2003
3,和暦=平成 | 場合別1=特別活動（除学校行事） | 性別=女,18,0.011370814908401769,1.1371
3,和暦=平成 | 性別=女 | 発生場所2=教室（保育室）,18,0.011370814908401769,1.1371
3,発生場所1=学校内・校舎内（園内・園舎内） | 発生場所2=教室（保育室） | 被災学年=2,18,0.011370814908401769,1.1371
3,場合別2=休憩時間中 | 性別=男 | 発生場所2=運動場・校庭（園庭）,18,0.011370814908401769,1.1371
3,和暦=平成 | 場合別1=通学中 | 給付年度=17,18,0.011370814908401769,1.1371
3,和暦=平成 | 発生場所2=道路 | 給付年度=17,18,0.011370814908401769,1.1371
3,場合別1=通学中 | 発生場所1=学校外（園外） | 給付年度=17,18,0.011370814908401769,1.1371
3,発生場所1=学校外（園外） | 発生場所2=道路 | 給付年度=17,18,0.011370814908401769,1.1371
3,性別=男 | 競技種目=ソフトボール | 被災学年=3,18,0.011370814908401769,1.1371
3,場合別1=各教科等 | 被災学年=2 | 被災学校種=中,18,0.011370814908401769,1.1371
3,場合別2=体育（保健体育） | 性別=女 | 発生場所2=運動場・校庭（園庭）,18,0.011370814908401769,1.1371
3,場合別1=学校行事 | 性別=男 | 被災学年=3,18,0.011370814908401769,1.1371
3,和暦=平成 | 競技種目=野球（含軟式） | 給付年度=17,18,0.011370814908401769,1.1371
3,場合別1=課外指導 | 競技種目=野球（含軟式） | 給付年度=17,18,0.011370814908401769,1.1371
3,場合別2=体育的部活動 | 競技種目=野球（含軟式） | 給付年度=17,18,0.011370814908401769,1.1371
3,性別=男 | 競技種目=野球（含軟式） | 給付年度=17,18,0.011370814908401769,1.1371
3,性別=女 | 発生場所2=体育館・屋内運動場 | 被災学年=1,18,0.011370814908401769,1.1371
3,場合別2=昼食時休憩時間中 | 発生場所1=学校内・校舎内（園内・園舎内） | 被災学年=3,18,0.011370814908401769,1.1371
3,場合別1=休憩時間 | 場合別2=授業終了後の特定時間中 | 被災学校種=中,18,0.011370814908401769,1.1371
3,場合別2=授業終了後の特定時間中 | 性別=男 | 発生場所1=学校内・校舎内（園内・園舎内）,18,0.011370814908401769,1.1371
3,性別=男 | 競技種目=サッカー・フットサル | 被災学年=3,18,0.011370814908401769,1.1371
3,競技種目=サッカー・フットサル | 被災学年=3 | 被災学校種=高,18,0.011370814908401769,1.1371
3,発生場所1=学校外（園外） | 競技種目=バスケットボール | 被災学校種=高,18,0.011370814908401769,1.1371
3,性別=女 | 競技種目=バレーボール | 被災学校種=高,18,0.011370814908401769,1.1371
3,場合別1=課外指導 | 発生場所2=学校外体育館 | 被災学年=1,18,0.011370814908401769,1.1371
3,場合別2=体育的部活動 | 発生場所2=学校外体育館 | 被災学年=1,18,0.011370814908401769,1.1371
3,発生場所1=学校外（園外） | 発生場所2=学校外体育館 | 被災学年=1,18,0.011370814908401769,1.1371
3,和暦=平成 | 場合別1=課外指導 | 競技種目=ホッケー,18,0.011370814908401769,1.1371
3,和暦=平成 | 場合別2=体育的部活動 | 競技種目=ホッケー,18,0.011370814908401769,1.1371
3,和暦=平成 | 競技種目=ホッケー | 被災学校種=高,18,0.011370814908401769,1.1371
3,和暦=平成 | 場合別2=休憩時間中 | 被災学年=3,18,0.011370814908401769,1.1371
3,場合別2=休憩時間中 | 性別=男 | 被災学年=3,18,0.011370814908401769,1.1371
3,性別=男 | 発生場所2=廊下 | 被災学年=2,18,0.011370814908401769,1.1371
3,和暦=平成 | 場合別1=各教科等 | 給付年度=18,18,0.011370814908401769,1.1371
3,和暦=平成 | 場合別1=各教科等 | 場合別2=その他の教科,18,0.011370814908401769,1.1371
3,場合別1=各教科等 | 競技種目=ソフトボール | 被災学年=1,18,0.011370814908401769,1.1371
3,場合別2=体育（保健体育） | 競技種目=ソフトボール | 被災学年=1,18,0.011370814908401769,1.1371
3,和暦=平成 | 発生場所2=廊下 | 被災学年=1,18,0.011370814908401769,1.1371
3,性別=女 | 発生場所2=廊下 | 被災学校種=中,18,0.011370814908401769,1.1371
3,場合別1=休憩時間 | 場合別2=昼食時休憩時間中 | 性別=女,18,0.011370814908401769,1.1371
3,発生場所2=道路 | 給付年度=18 | 通学方法=自転車,18,0.011370814908401769,1.1371
3,発生場所2=運動場・校庭（園庭） | 給付年度=19 | 被災学年=2,18,0.011370814908401769,1.1371
3,場合別2=休憩時間中 | 性別=男 | 発生場所2=廊下,18,0.011370814908401769,1.1371
3,和暦=平成 | 性別=女 | 被災学年=4,18,0.011370814908401769,1.1371
3,場合別1=課外指導 | 給付年度=19 | 被災学年=1,18,0.011370814908401769,1.1371
3,場合別2=体育的部活動 | 給付年度=19 | 被災学年=1,18,0.011370814908401769,1.1371
3,場合別1=通学中 | 性別=女 | 被災学校種=中,18,0.011370814908401769,1.1371
3,給付年度=19 | 被災学年=3 | 被災学校種=高,18,0.011370814908401769,1.1371
3,和暦=平成 | 発生場所2=体育館・屋内運動場 | 給付年度=20,18,0.011370814908401769,1.1371
3,発生場所1=学校内・校舎内（園内・園舎内） | 発生場所2=体育館・屋内運動場 | 給付年度=20,18,0.011370814908401769,1.1371
3,給付年度=20 | 被災学年=3 | 被災学校種=高,18,0.011370814908401769,1.1371
3,給付年度=20 | 被災学校種=高 | 通学方法=自転車,18,0.011370814908401769,1.1371
3,和暦=平成 | 場合別1=各教科等 | 給付年度=21,18,0.011370814908401769,1.1371
3,和暦=平成 | 発生場所2=道路 | 給付年度=21,18,0.011370814908401769,1.1371
3,発生場所1=学校外（園外） | 発生場所2=道路 | 給付年度=21,18,0.011370814908401769,1.1371
3,給付年度=21 | 被災学年=1 | 被災学校種=高,18,0.011370814908401769,1.1371
3,性別=男 | 給付年度=22 | 被災学年=1,18,0.011370814908401769,1.1371
3,和暦=平成 | 給付年度=23 | 被災学校種=小,18,0.011370814908401769,1.1371
3,和暦=平成 | 場合別1=通学中 | 給付年度=23,18,0.011370814908401769,1.1371
3,場合別1=通学中 | 発生場所1=学校外（園外） | 給付年度=23,18,0.011370814908401769,1.1371
3,和暦=平成 | 給付年度=23 | 被災学校種=中,18,0.011370814908401769,1.1371
3,和暦=平成 | 競技種目=野球（含軟式） | 給付年度=23,18,0.011370814908401769,1.1371
3,場合別1=課外指導 | 競技種目=野球（含軟式） | 給付年度=23,18,0.011370814908401769,1.1371
3,場合別2=体育的部活動 | 競技種目=野球（含軟式） | 給付年度=23,18,0.011370814908401769,1.1371
3,性別=男 | 競技種目=野球（含軟式） | 給付年度=23,18,0.011370814908401769,1.1371
3,場合別1=課外指導 | 発生場所1=学校内・校舎外（園内・園舎外） | 給付年度=24,18,0.011370814908401769,1.1371
3,場合別2=体育的部活動 | 発生場所1=学校内・校舎外（園内・園舎外） | 給付年度=24,18,0.011370814908401769,1.1371
3,性別=男 | 競技種目=野球（含軟式） | 給付年度=24,18,0.011370814908401769,1.1371
3,発生場所2=運動場・校庭（園庭） | 給付年度=24 | 被災学校種=高,18,0.011370814908401769,1.1371
3,給付年度=24 | 被災学年=2 | 被災学校種=高,18,0.011370814908401769,1.1371
3,性別=男 | 発生場所1=学校外（園外） | 給付年度=25,18,0.011370814908401769,1.1371
3,和暦=平成 | 性別=女 | 給付年度=25,18,0.011370814908401769,1.1371
3,性別=男 | 発生場所2=運動場・校庭（園庭） | 給付年度=26,18,0.011370814908401769,1.1371
3,場合別1=課外指導 | 発生場所1=学校外（園外） | 給付年度=26,18,0.011370814908401769,1.1371
3,場合別2=体育的部活動 | 発生場所1=学校外（園外） | 給付年度=26,18,0.011370814908401769,1.1371
3,性別=男 | 発生場所1=学校外（園外） | 給付年度=27,18,0.011370814908401769,1.1371
3,発生場所1=学校外（園外） | 給付年度=27 | 被災学校種=高,18,0.011370814908401769,1.1371
3,性別=男 | 給付年度=28 | 被災学年=2,18,0.011370814908401769,1.1371
3,性別=男 | 給付年度=28 | 被災学年=3,18,0.011370814908401769,1.1371
3,性別=男 | 給付年度=28 | 被災学年=1,18,0.011370814908401769,1.1371
3,発生場所2=運動場・校庭（園庭） | 給付年度=28 | 被災学校種=高,18,0.011370814908401769,1.1371
3,性別=男 | 発生場所1=学校内・校舎内（園内・園舎内） | 給付年度=29,18,0.011370814908401769,1.1371
3,和暦=令和 | 場合別1=各教科等 | 被災学年=3,18,0.011370814908401769,1.1371
3,和暦=令和 | 給付年度=1 | 被災学年=3,18,0.011370814908401769,1.1371
3,和暦=令和 | 性別=女 | 被災学年=3,18,0.011370814908401769,1.1371
3,和暦=令和 | 場合別1=各教科等 | 被災学校種=中,18,0.011370814908401769,1.1371
3,和暦=令和 | 場合別2=体育（保健体育） | 発生場所1=学校内・校舎外（園内・園舎外）,18,0.011370814908401769,1.1371
3,和暦=令和 | 場合別2=体育（保健体育） | 被災学校種=中,18,0.011370814908401769,1.1371
3,和暦=令和 | 性別=女 | 被災学年=1,18,0.011370814908401769,1.1371
3,和暦=令和 | 場合別1=課外指導 | 性別=女,18,0.011370814908401769,1.1371
3,和暦=令和 | 給付年度=1 | 被災学年=2,18,0.011370814908401769,1.1371
3,和暦=令和 | 場合別1=課外指導 | 発生場所2=体育館・屋内運動場,18,0.011370814908401769,1.1371
3,和暦=令和 | 場合別2=体育的部活動 | 発生場所2=体育館・屋内運動場,18,0.011370814908401769,1.1371
3,和暦=令和 | 発生場所1=学校外（園外） | 被災学校種=中,18,0.011370814908401769,1.1371
3,和暦=令和 | 発生場所2=道路 | 被災学年=2,18,0.011370814908401769,1.1371
3,和暦=令和 | 場合別2=下校（降園）中 | 通学方法=自転車,18,0.011370814908401769,1.1371
3,和暦=令和 | 場合別1=各教科等 | 被災学校種=高,18,0.011370814908401769,1.1371
3,場合別1=課外指導 | 給付年度=1 | 被災学校種=高,18,0.011370814908401769,1.1371
3,場合別2=体育的部活動 | 給付年度=1 | 被災学校種=高,18,0.011370814908401769,1.1371
3,和暦=令和 | 発生場所1=学校外（園外） | 発生場所2=学校外運動場・競技場,18,0.011370814908401769,1.1371
3,和暦=令和 | 競技種目=野球（含軟式） | 給付年度=2,18,0.011370814908401769,1.1371
3,場合別1=課外指導 | 競技種目=野球（含軟式） | 給付年度=2,18,0.011370814908401769,1.1371
3,場合別2=体育的部活動 | 競技種目=野球（含軟式） | 給付年度=2,18,0.011370814908401769,1.1371
3,性別=男 | 競技種目=野球（含軟式） | 給付年度=2,18,0.011370814908401769,1.1371
3,和暦=令和 | 発生場所1=学校内・校舎外（園内・園舎外） | 給付年度=4,18,0.011370814908401769,1.1371
3,給付年度=4 | 被災学年=1 | 被災学校種=高,18,0.011370814908401769,1.1371
3,場合別1=課外指導 | 性別=男 | 給付年度=5,18,0.011370814908401769,1.1371
3,場合別1=課外指導 | 給付年度=5 | 被災学校種=高,18,0.011370814908401769,1.1371
3,場合別1=各教科等 | 発生場所1=学校内・校舎外（園内・園舎外） | 被災学校種=小,17,0.010739102969046115,1.0739
3,発生場所1=学校内・校舎外（園内・園舎外） | 発生場所2=運動場・校庭（園庭） | 被災学年=6,17,0.010739102969046115,1.0739
3,和暦=平成 | 場合別1=学校行事 | 被災学校種=小,17,0.010739102969046115,1.0739
3,和暦=平成 | 発生場所1=学校内・校舎外（園内・園舎外） | 被災学年=4,17,0.010739102969046115,1.0739
3,場合別1=休憩時間 | 性別=男 | 被災学年=4,17,0.010739102969046115,1.0739
3,性別=男 | 発生場所2=教室（保育室） | 被災学年=3,17,0.010739102969046115,1.0739
3,場合別1=通学中 | 発生場所2=道路 | 給付年度=17,17,0.010739102969046115,1.0739
3,場合別2=体育（保健体育） | 被災学年=2 | 被災学校種=中,17,0.010739102969046115,1.0739
3,場合別1=各教科等 | 場合別2=体育（保健体育） | 競技種目=その他,17,0.010739102969046115,1.0739
3,場合別1=各教科等 | 性別=女 | 被災学校種=中,17,0.010739102969046115,1.0739
3,場合別1=学校行事 | 性別=男 | 被災学年=2,17,0.010739102969046115,1.0739
3,和暦=平成 | 場合別1=課外指導 | 発生場所2=その他,17,0.010739102969046115,1.0739
3,場合別1=課外指導 | 性別=男 | 発生場所2=その他,17,0.010739102969046115,1.0739
3,発生場所1=学校内・校舎外（園内・園舎外） | 競技種目=野球（含軟式） | 給付年度=17,17,0.010739102969046115,1.0739
3,発生場所2=運動場・校庭（園庭） | 競技種目=野球（含軟式） | 給付年度=17,17,0.010739102969046115,1.0739
3,競技種目=野球（含軟式） | 被災学年=2 | 被災学校種=中,17,0.010739102969046115,1.0739
3,場合別1=休憩時間 | 発生場所1=学校内・校舎内（園内・園舎内） | 発生場所2=体育館・屋内運動場,17,0.010739102969046115,1.0739
3,場合別1=休憩時間 | 場合別2=昼食時休憩時間中 | 発生場所2=教室（保育室）,17,0.010739102969046115,1.0739
3,場合別2=昼食時休憩時間中 | 発生場所1=学校内・校舎内（園内・園舎内） | 発生場所2=教室（保育室）,17,0.010739102969046115,1.0739
3,給付年度=17 | 被災学年=2 | 被災学校種=高,17,0.010739102969046115,1.0739
3,和暦=平成 | 場合別1=各教科等 | 競技種目=バスケットボール,17,0.010739102969046115,1.0739
3,和暦=平成 | 場合別2=体育（保健体育） | 競技種目=バスケットボール,17,0.010739102969046115,1.0739
3,場合別1=各教科等 | 性別=男 | 競技種目=バスケットボール,17,0.010739102969046115,1.0739
3,場合別2=体育（保健体育） | 性別=男 | 競技種目=バスケットボール,17,0.010739102969046115,1.0739
3,性別=男 | 発生場所2=学校外体育館 | 被災学校種=高,17,0.010739102969046115,1.0739
3,発生場所1=学校内・校舎外（園内・園舎外） | 競技種目=サッカー・フットサル | 被災学年=1,17,0.010739102969046115,1.0739
3,発生場所2=運動場・校庭（園庭） | 競技種目=サッカー・フットサル | 被災学年=1,17,0.010739102969046115,1.0739
3,和暦=平成 | 発生場所1=学校外（園外） | 競技種目=サッカー・フットサル,17,0.010739102969046115,1.0739
3,和暦=平成 | 発生場所2=学校外運動場・競技場 | 競技種目=サッカー・フットサル,17,0.010739102969046115,1.0739
3,和暦=平成 | 発生場所2=学校外体育館 | 被災学年=1,17,0.010739102969046115,1.0739
3,和暦=平成 | 場合別2=授業終了後の特定時間中 | 発生場所2=運動場・校庭（園庭）,17,0.010739102969046115,1.0739
3,和暦=平成 | 性別=男 | 被災学校種=特高,17,0.010739102969046115,1.0739
3,場合別2=下校（降園）中 | 被災学年=3 | 通学方法=自転車,17,0.010739102969046115,1.0739
3,性別=女 | 発生場所1=学校内・校舎内（園内・園舎内） | 給付年度=18,17,0.010739102969046115,1.0739
3,和暦=平成 | 場合別1=休憩時間 | 被災学年=6,17,0.010739102969046115,1.0739
3,場合別1=休憩時間 | 被災学年=6 | 被災学校種=小,17,0.010739102969046115,1.0739
3,和暦=平成 | 競技種目=ソフトボール | 被災学年=1,17,0.010739102969046115,1.0739
3,性別=男 | 給付年度=18 | 被災学校種=中,17,0.010739102969046115,1.0739
3,競技種目=野球（含軟式） | 被災学年=1 | 被災学校種=中,17,0.010739102969046115,1.0739
3,和暦=平成 | 性別=女 | 発生場所2=その他,17,0.010739102969046115,1.0739
3,場合別1=休憩時間 | 場合別2=休憩時間中 | 被災学年=1,17,0.010739102969046115,1.0739
3,場合別1=休憩時間 | 場合別2=昼食時休憩時間中 | 発生場所2=廊下,17,0.010739102969046115,1.0739
3,場合別2=昼食時休憩時間中 | 発生場所1=学校内・校舎内（園内・園舎内） | 発生場所2=廊下,17,0.010739102969046115,1.0739
3,発生場所1=学校内・校舎内（園内・園舎内） | 給付年度=18 | 被災学校種=高,17,0.010739102969046115,1.0739
3,場合別2=下校（降園）中 | 性別=女 | 被災学年=1,17,0.010739102969046115,1.0739
3,和暦=平成 | 場合別1=各教科等 | 給付年度=19,17,0.010739102969046115,1.0739
3,和暦=平成 | 発生場所1=学校内・校舎内（園内・園舎内） | 被災学年=4,17,0.010739102969046115,1.0739
3,和暦=平成 | 場合別2=授業終了後の特定時間中 | 被災学校種=小,17,0.010739102969046115,1.0739
3,場合別2=体育的部活動 | 発生場所1=学校外（園外） | 給付年度=19,17,0.010739102969046115,1.0739
3,和暦=平成 | 場合別1=通学中 | 給付年度=19,17,0.010739102969046115,1.0739
3,場合別1=通学中 | 発生場所1=学校外（園外） | 給付年度=19,17,0.010739102969046115,1.0739
3,性別=女 | 被災学校種=中 | 通学方法=自転車,17,0.010739102969046115,1.0739
3,性別=男 | 給付年度=20 | 被災学年=1,17,0.010739102969046115,1.0739
3,性別=女 | 給付年度=20 | 被災学校種=高,17,0.010739102969046115,1.0739
3,給付年度=20 | 被災学年=1 | 被災学校種=高,17,0.010739102969046115,1.0739
3,発生場所1=学校外（園外） | 給付年度=20 | 被災学年=2,17,0.010739102969046115,1.0739
3,和暦=平成 | 場合別1=休憩時間 | 給付年度=21,17,0.010739102969046115,1.0739
3,発生場所1=学校内・校舎外（園内・園舎外） | 給付年度=21 | 被災学年=2,17,0.010739102969046115,1.0739
3,発生場所2=運動場・校庭（園庭） | 給付年度=21 | 被災学年=2,17,0.010739102969046115,1.0739
3,発生場所1=学校外（園外） | 給付年度=21 | 被災学校種=高,17,0.010739102969046115,1.0739
3,競技種目=野球（含軟式） | 給付年度=21 | 被災学校種=高,17,0.010739102969046115,1.0739
3,性別=男 | 給付年度=22 | 被災学校種=小,17,0.010739102969046115,1.0739
3,性別=男 | 給付年度=22 | 被災学年=3,17,0.010739102969046115,1.0739
3,和暦=平成 | 発生場所2=道路 | 給付年度=22,17,0.010739102969046115,1.0739
3,発生場所1=学校外（園外） | 発生場所2=道路 | 給付年度=22,17,0.010739102969046115,1.0739
3,発生場所1=学校外（園外） | 給付年度=22 | 被災学校種=高,17,0.010739102969046115,1.0739
3,和暦=平成 | 発生場所2=道路 | 給付年度=23,17,0.010739102969046115,1.0739
3,場合別1=通学中 | 発生場所2=道路 | 給付年度=23,17,0.010739102969046115,1.0739
3,発生場所1=学校外（園外） | 発生場所2=道路 | 給付年度=23,17,0.010739102969046115,1.0739
3,性別=男 | 給付年度=24 | 被災学年=1,17,0.010739102969046115,1.0739
3,性別=男 | 発生場所1=学校外（園外） | 給付年度=24,17,0.010739102969046115,1.0739
3,性別=男 | 給付年度=24 | 被災学年=3,17,0.010739102969046115,1.0739
3,場合別1=課外指導 | 発生場所2=運動場・校庭（園庭） | 給付年度=24,17,0.010739102969046115,1.0739
3,場合別2=体育的部活動 | 発生場所2=運動場・校庭（園庭） | 給付年度=24,17,0.010739102969046115,1.0739
3,競技種目=野球（含軟式） | 給付年度=24 | 被災学校種=高,17,0.010739102969046115,1.0739
3,和暦=平成 | 給付年度=25 | 被災学校種=中,17,0.010739102969046115,1.0739
3,和暦=平成 | 場合別1=休憩時間 | 給付年度=26,17,0.010739102969046115,1.0739
3,場合別1=課外指導 | 給付年度=26 | 被災学年=1,17,0.010739102969046115,1.0739
3,場合別2=体育的部活動 | 給付年度=26 | 被災学年=1,17,0.010739102969046115,1.0739
3,給付年度=26 | 被災学年=1 | 被災学校種=高,17,0.010739102969046115,1.0739
3,和暦=平成 | 場合別1=各教科等 | 給付年度=27,17,0.010739102969046115,1.0739
3,性別=男 | 給付年度=27 | 被災学校種=中,17,0.010739102969046115,1.0739
3,性別=男 | 発生場所1=学校内・校舎内（園内・園舎内） | 給付年度=28,17,0.010739102969046115,1.0739
3,場合別1=課外指導 | 発生場所1=学校内・校舎外（園内・園舎外） | 給付年度=28,17,0.010739102969046115,1.0739
3,場合別2=体育的部活動 | 発生場所1=学校内・校舎外（園内・園舎外） | 給付年度=28,17,0.010739102969046115,1.0739
3,場合別1=課外指導 | 発生場所1=学校内・校舎外（園内・園舎外） | 給付年度=29,17,0.010739102969046115,1.0739
3,性別=男 | 発生場所1=学校内・校舎内（園内・園舎内） | 給付年度=30,17,0.010739102969046115,1.0739
3,場合別1=課外指導 | 給付年度=30 | 被災学年=2,17,0.010739102969046115,1.0739
3,場合別2=体育的部活動 | 給付年度=30 | 被災学年=2,17,0.010739102969046115,1.0739
3,発生場所1=学校外（園外） | 給付年度=30 | 被災学校種=高,17,0.010739102969046115,1.0739
3,競技種目=野球（含軟式） | 給付年度=30 | 被災学校種=高,17,0.010739102969046115,1.0739
3,和暦=令和 | 発生場所2=体育館・屋内運動場 | 被災学年=3,17,0.010739102969046115,1.0739
3,和暦=令和 | 発生場所1=学校内・校舎内（園内・園舎内） | 発生場所2=廊下,17,0.010739102969046115,1.0739
3,和暦=令和 | 場合別1=通学中 | 性別=女,17,0.010739102969046115,1.0739
3,和暦=令和 | 性別=女 | 発生場所2=道路,17,0.010739102969046115,1.0739
3,和暦=令和 | 場合別1=各教科等 | 発生場所2=運動場・校庭（園庭）,17,0.010739102969046115,1.0739
3,和暦=令和 | 発生場所1=学校内・校舎内（園内・園舎内） | 被災学年=1,17,0.010739102969046115,1.0739
3,和暦=令和 | 場合別1=休憩時間 | 被災学校種=中,17,0.010739102969046115,1.0739
3,和暦=令和 | 場合別1=通学中 | 被災学年=2,17,0.010739102969046115,1.0739
3,和暦=令和 | 場合別2=体育（保健体育） | 被災学校種=高,17,0.010739102969046115,1.0739
3,和暦=令和 | 場合別1=課外指導 | 発生場所2=学校外運動場・競技場,17,0.010739102969046115,1.0739
3,和暦=令和 | 場合別2=体育的部活動 | 発生場所2=学校外運動場・競技場,17,0.010739102969046115,1.0739
3,性別=男 | 発生場所1=学校外（園外） | 給付年度=2,17,0.010739102969046115,1.0739
3,性別=男 | 給付年度=2 | 被災学校種=中,17,0.010739102969046115,1.0739
3,場合別1=課外指導 | 給付年度=2 | 被災学年=1,17,0.010739102969046115,1.0739
3,場合別2=体育的部活動 | 給付年度=2 | 被災学年=1,17,0.010739102969046115,1.0739
3,和暦=令和 | 発生場所1=学校内・校舎内（園内・園舎内） | 給付年度=4,17,0.010739102969046115,1.0739
3,和暦=令和 | 発生場所2=運動場・校庭（園庭） | 給付年度=4,17,0.010739102969046115,1.0739
3,和暦=令和 | 給付年度=4 | 被災学年=2,17,0.010739102969046115,1.0739
3,和暦=令和 | 給付年度=5 | 被災学年=2,17,0.010739102969046115,1.0739
3,場合別2=体育的部活動 | 性別=男 | 給付年度=5,17,0.010739102969046115,1.0739
3,和暦=平成 | 発生場所2=運動場・校庭（園庭） | 被災学年=6,16,0.01010739102969046,1.0107
3,発生場所2=運動場・校庭（園庭） | 被災学年=6 | 被災学校種=小,16,0.01010739102969046,1.0107
3,和暦=平成 | 発生場所2=体育館・屋内運動場 | 給付年度=17,16,0.01010739102969046,1.0107
3,発生場所1=学校内・校舎内（園内・園舎内） | 発生場所2=体育館・屋内運動場 | 給付年度=17,16,0.01010739102969046,1.0107
3,場合別1=特別活動（除学校行事） | 性別=女 | 発生場所1=学校内・校舎内（園内・園舎内）,16,0.01010739102969046,1.0107
3,場合別1=特別活動（除学校行事） | 発生場所1=学校内・校舎内（園内・園舎内） | 発生場所2=教室（保育室）,16,0.01010739102969046,1.0107
3,和暦=平成 | 場合別1=休憩時間 | 給付年度=17,16,0.01010739102969046,1.0107
3,発生場所1=学校内・校舎外（園内・園舎外） | 被災学年=5 | 被災学校種=小,16,0.01010739102969046,1.0107
3,発生場所2=運動場・校庭（園庭） | 被災学年=5 | 被災学校種=小,16,0.01010739102969046,1.0107
3,場合別2=休憩時間中 | 性別=女 | 被災学校種=小,16,0.01010739102969046,1.0107
3,和暦=平成 | 発生場所2=運動場・校庭（園庭） | 被災学年=4,16,0.01010739102969046,1.0107
3,場合別1=休憩時間 | 発生場所1=学校内・校舎外（園内・園舎外） | 被災学年=4,16,0.01010739102969046,1.0107
3,場合別1=休憩時間 | 場合別2=始業前の特定時間中 | 発生場所1=学校内・校舎内（園内・園舎内）,16,0.01010739102969046,1.0107
3,性別=男 | 発生場所2=道路 | 被災学校種=小,16,0.01010739102969046,1.0107
3,発生場所1=学校内・校舎外（園内・園舎外） | 給付年度=17 | 被災学年=3,16,0.01010739102969046,1.0107
3,発生場所2=運動場・校庭（園庭） | 給付年度=17 | 被災学年=3,16,0.01010739102969046,1.0107
3,和暦=平成 | 発生場所1=学校外（園外） | 発生場所2=山林野（含スキー場）,16,0.01010739102969046,1.0107
3,和暦=平成 | 競技種目=バレーボール | 被災学年=2,16,0.01010739102969046,1.0107
3,発生場所1=学校内・校舎内（園内・園舎内） | 競技種目=バレーボール | 被災学年=2,16,0.01010739102969046,1.0107
3,場合別1=休憩時間 | 発生場所1=学校内・校舎内（園内・園舎内） | 発生場所2=階段,16,0.01010739102969046,1.0107
3,性別=男 | 発生場所1=学校内・校舎内（園内・園舎内） | 発生場所2=階段,16,0.01010739102969046,1.0107
3,競技種目=野球（含軟式） | 給付年度=17 | 被災学校種=高,16,0.01010739102969046,1.0107
3,場合別2=休憩時間中 | 発生場所1=学校内・校舎内（園内・園舎内） | 被災学年=3,16,0.01010739102969046,1.0107
3,場合別1=休憩時間 | 場合別2=授業終了後の特定時間中 | 被災学校種=高,16,0.01010739102969046,1.0107
3,和暦=平成 | 場合別2=体育（保健体育） | 給付年度=18,16,0.01010739102969046,1.0107
3,場合別1=各教科等 | 場合別2=体育（保健体育） | 給付年度=18,16,0.01010739102969046,1.0107
3,発生場所1=学校内・校舎内（園内・園舎内） | 給付年度=18 | 被災学年=3,16,0.01010739102969046,1.0107
3,和暦=平成 | 場合別2=休憩時間中 | 被災学年=1,16,0.01010739102969046,1.0107
3,和暦=平成 | 場合別2=昼食時休憩時間中 | 性別=女,16,0.01010739102969046,1.0107
3,和暦=平成 | 発生場所2=廊下 | 被災学年=3,16,0.01010739102969046,1.0107
3,和暦=平成 | 場合別2=授業終了後の特定時間中 | 性別=女,16,0.01010739102969046,1.0107
3,性別=男 | 発生場所2=その他 | 被災学校種=高,16,0.01010739102969046,1.0107
3,場合別1=通学中 | 給付年度=18 | 被災学校種=高,16,0.01010739102969046,1.0107
3,給付年度=18 | 被災学校種=高 | 通学方法=自転車,16,0.01010739102969046,1.0107
3,和暦=平成 | 発生場所2=体育館・屋内運動場 | 給付年度=19,16,0.01010739102969046,1.0107
3,発生場所1=学校内・校舎内（園内・園舎内） | 発生場所2=体育館・屋内運動場 | 給付年度=19,16,0.01010739102969046,1.0107
3,和暦=平成 | 被災学年=1 | 被災学校種=小,16,0.01010739102969046,1.0107
3,性別=女 | 発生場所1=学校外（園外） | 給付年度=19,16,0.01010739102969046,1.0107
3,和暦=平成 | 発生場所1=学校内・校舎外（園内・園舎外） | 発生場所2=その他,16,0.01010739102969046,1.0107
3,和暦=平成 | 場合別2=登校（登園）中 | 被災学校種=中,16,0.01010739102969046,1.0107
3,場合別1=通学中 | 発生場所2=道路 | 給付年度=19,16,0.01010739102969046,1.0107
3,場合別1=通学中 | 被災学年=2 | 被災学校種=中,16,0.01010739102969046,1.0107
3,和暦=平成 | 場合別1=各教科等 | 発生場所1=学校外（園外）,16,0.01010739102969046,1.0107
3,性別=女 | 発生場所1=学校内・校舎内（園内・園舎内） | 給付年度=22,16,0.01010739102969046,1.0107
3,発生場所1=学校内・校舎外（園内・園舎外） | 競技種目=野球（含軟式） | 給付年度=22,16,0.01010739102969046,1.0107
3,発生場所2=運動場・校庭（園庭） | 競技種目=野球（含軟式） | 給付年度=22,16,0.01010739102969046,1.0107
3,性別=男 | 給付年度=23 | 被災学年=3,16,0.01010739102969046,1.0107
3,場合別1=課外指導 | 発生場所2=運動場・校庭（園庭） | 給付年度=23,16,0.01010739102969046,1.0107
3,場合別2=体育的部活動 | 発生場所2=運動場・校庭（園庭） | 給付年度=23,16,0.01010739102969046,1.0107
3,和暦=平成 | 給付年度=23 | 通学方法=自転車,16,0.01010739102969046,1.0107
3,場合別1=通学中 | 給付年度=23 | 通学方法=自転車,16,0.01010739102969046,1.0107
3,発生場所1=学校外（園外） | 給付年度=23 | 通学方法=自転車,16,0.01010739102969046,1.0107
3,発生場所2=道路 | 給付年度=23 | 通学方法=自転車,16,0.01010739102969046,1.0107
3,和暦=平成 | 場合別1=休憩時間 | 給付年度=24,16,0.01010739102969046,1.0107
3,性別=男 | 給付年度=24 | 被災学校種=中,16,0.01010739102969046,1.0107
3,場合別1=課外指導 | 給付年度=25 | 被災学年=1,16,0.01010739102969046,1.0107
3,場合別2=体育的部活動 | 給付年度=25 | 被災学年=1,16,0.01010739102969046,1.0107
3,給付年度=25 | 被災学年=2 | 被災学校種=高,16,0.01010739102969046,1.0107
3,和暦=平成 | 発生場所2=道路 | 給付年度=26,16,0.01010739102969046,1.0107
3,発生場所1=学校外（園外） | 発生場所2=道路 | 給付年度=26,16,0.01010739102969046,1.0107
3,発生場所1=学校外（園外） | 給付年度=26 | 被災学年=2,16,0.01010739102969046,1.0107
3,場合別1=課外指導 | 給付年度=27 | 被災学年=1,16,0.01010739102969046,1.0107
3,給付年度=27 | 被災学年=1 | 被災学校種=高,16,0.01010739102969046,1.0107
3,和暦=平成 | 給付年度=28 | 被災学校種=中,16,0.01010739102969046,1.0107
3,給付年度=28 | 被災学年=1 | 被災学校種=高,16,0.01010739102969046,1.0107
3,和暦=平成 | 場合別2=体育（保健体育） | 給付年度=29,16,0.01010739102969046,1.0107
3,場合別1=各教科等 | 場合別2=体育（保健体育） | 給付年度=29,16,0.01010739102969046,1.0107
3,和暦=平成 | 発生場所1=学校外（園外） | 給付年度=29,16,0.01010739102969046,1.0107
3,和暦=平成 | 給付年度=29 | 被災学校種=中,16,0.01010739102969046,1.0107
3,性別=男 | 給付年度=29 | 被災学年=1,16,0.01010739102969046,1.0107
3,場合別1=課外指導 | 発生場所2=運動場・校庭（園庭） | 給付年度=29,16,0.01010739102969046,1.0107
3,場合別2=体育的部活動 | 発生場所1=学校内・校舎外（園内・園舎外） | 給付年度=29,16,0.01010739102969046,1.0107
3,場合別2=体育的部活動 | 発生場所2=運動場・校庭（園庭） | 給付年度=29,16,0.01010739102969046,1.0107
3,和暦=平成 | 給付年度=30 | 被災学校種=中,16,0.01010739102969046,1.0107
3,場合別1=課外指導 | 発生場所1=学校内・校舎外（園内・園舎外） | 給付年度=30,16,0.01010739102969046,1.0107
3,場合別1=課外指導 | 発生場所2=運動場・校庭（園庭） | 給付年度=30,16,0.01010739102969046,1.0107
3,場合別2=体育的部活動 | 発生場所1=学校内・校舎外（園内・園舎外） | 給付年度=30,16,0.01010739102969046,1.0107
3,場合別2=体育的部活動 | 発生場所2=運動場・校庭（園庭） | 給付年度=30,16,0.01010739102969046,1.0107
3,和暦=令和 | 場合別2=体育（保健体育） | 被災学年=3,16,0.01010739102969046,1.0107
3,和暦=令和 | 場合別1=休憩時間 | 発生場所1=学校内・校舎外（園内・園舎外）,16,0.01010739102969046,1.0107
3,和暦=令和 | 場合別2=体育（保健体育） | 発生場所2=運動場・校庭（園庭）,16,0.01010739102969046,1.0107
3,和暦=令和 | 性別=女 | 発生場所2=運動場・校庭（園庭）,16,0.01010739102969046,1.0107
3,和暦=令和 | 場合別2=体育的部活動 | 性別=女,16,0.01010739102969046,1.0107
3,和暦=令和 | 性別=男 | 競技種目=サッカー・フットサル,16,0.01010739102969046,1.0107
3,和暦=令和 | 性別=男 | 発生場所2=学校外運動場・競技場,16,0.01010739102969046,1.0107
3,和暦=令和 | 発生場所2=学校外運動場・競技場 | 被災学校種=高,16,0.01010739102969046,1.0107
3,発生場所1=学校内・校舎外（園内・園舎外） | 競技種目=野球（含軟式） | 給付年度=2,16,0.01010739102969046,1.0107
3,発生場所2=運動場・校庭（園庭） | 競技種目=野球（含軟式） | 給付年度=2,16,0.01010739102969046,1.0107
3,発生場所1=学校外（園外） | 給付年度=2 | 被災学校種=高,16,0.01010739102969046,1.0107
3,和暦=令和 | 発生場所1=学校内・校舎外（園内・園舎外） | 給付年度=3,16,0.01010739102969046,1.0107
3,和暦=令和 | 発生場所2=運動場・校庭（園庭） | 給付年度=3,16,0.01010739102969046,1.0107
3,発生場所1=学校内・校舎外（園内・園舎外） | 発生場所2=運動場・校庭（園庭） | 給付年度=3,16,0.01010739102969046,1.0107
3,和暦=令和 | 給付年度=3 | 被災学年=2,16,0.01010739102969046,1.0107
3,和暦=令和 | 場合別1=課外指導 | 給付年度=3,16,0.01010739102969046,1.0107
3,和暦=令和 | 場合別2=体育的部活動 | 給付年度=3,16,0.01010739102969046,1.0107
3,場合別1=課外指導 | 場合別2=体育的部活動 | 給付年度=3,16,0.01010739102969046,1.0107
3,発生場所1=学校内・校舎外（園内・園舎外） | 発生場所2=運動場・校庭（園庭） | 給付年度=4,16,0.01010739102969046,1.0107
3,場合別2=体育的部活動 | 給付年度=5 | 被災学校種=高,16,0.01010739102969046,1.0107
