前件,後件,項目数,共起事例数,支持度,信頼度,lift
通学方法=徒歩,場合別2=下校（降園）中 | 被災学校種=小,3,20,0.012634238787113077,0.46511627906976744,35.0609080841639
場合別2=下校（降園）中 | 被災学校種=小,通学方法=徒歩,3,20,0.012634238787113077,0.9523809523809523,35.0609080841639
発生場所2=学校外体育館,発生場所1=学校外（園外） | 競技種目=バスケットボール,3,21,0.013265950726468731,0.525,34.628125000000004
発生場所1=学校外（園外） | 競技種目=バスケットボール,発生場所2=学校外体育館,3,21,0.013265950726468731,0.875,34.628125
通学方法=徒歩,場合別1=通学中 | 被災学校種=小,3,26,0.016424510423247,0.6046511627906976,33.0056134723336
場合別1=通学中 | 被災学校種=小,通学方法=徒歩,3,26,0.016424510423247,0.896551724137931,33.0056134723336
通学方法=徒歩,発生場所2=道路 | 被災学校種=小,3,24,0.015161086544535692,0.5581395348837209,28.50112528132033
発生場所2=道路 | 被災学校種=小,通学方法=徒歩,3,24,0.015161086544535692,0.7741935483870968,28.50112528132033
場合別2=日常の清掃,場合別1=特別活動（除学校行事） | 発生場所1=学校内・校舎内（園内・園舎内）,3,22,0.013897662665824383,0.8461538461538461,27.335949764521192
場合別1=特別活動（除学校行事） | 発生場所1=学校内・校舎内（園内・園舎内）,場合別2=日常の清掃,3,22,0.013897662665824383,0.4489795918367347,27.335949764521192
場合別2=日常の清掃,和暦=平成 | 場合別1=特別活動（除学校行事）,3,23,0.014529374605180037,0.8846153846153846,25.46083916083916
和暦=平成 | 場合別1=特別活動（除学校行事）,場合別2=日常の清掃,3,23,0.014529374605180037,0.41818181818181815,25.460839160839157
場合別1=特別活動（除学校行事）,場合別2=日常の清掃,2,26,0.016424510423247,0.40625,24.734375
場合別2=日常の清掃,場合別1=特別活動（除学校行事）,2,26,0.016424510423247,1.0,24.734375
場合別1=特別活動（除学校行事）,和暦=平成 | 場合別2=日常の清掃,3,23,0.014529374605180037,0.359375,24.734375
和暦=平成 | 場合別2=日常の清掃,場合別1=特別活動（除学校行事）,3,23,0.014529374605180037,1.0,24.734375
場合別1=特別活動（除学校行事）,場合別2=日常の清掃 | 発生場所1=学校内・校舎内（園内・園舎内）,3,22,0.013897662665824383,0.34375,24.734375
場合別2=日常の清掃 | 発生場所1=学校内・校舎内（園内・園舎内）,場合別1=特別活動（除学校行事）,3,22,0.013897662665824383,1.0,24.734375
和暦=平成 | 場合別1=学校行事,場合別2=運動会・体育祭,3,19,0.012002526847757423,0.2753623188405797,21.794927536231885
場合別2=運動会・体育祭,和暦=平成 | 場合別1=学校行事,3,19,0.012002526847757423,0.95,21.79492753623188
場合別1=学校行事,場合別2=運動会・体育祭,2,20,0.012634238787113077,0.25316455696202533,20.037974683544306
場合別2=運動会・体育祭,場合別1=学校行事,2,20,0.012634238787113077,1.0,20.037974683544302
場合別1=学校行事,和暦=平成 | 場合別2=運動会・体育祭,3,19,0.012002526847757423,0.24050632911392406,20.037974683544302
和暦=平成 | 場合別2=運動会・体育祭,場合別1=学校行事,3,19,0.012002526847757423,1.0,20.037974683544302
発生場所1=学校外（園外） | 被災学校種=小,通学方法=徒歩,3,26,0.016424510423247,0.5306122448979592,19.533934504034175
通学方法=徒歩,発生場所1=学校外（園外） | 被災学校種=小,3,26,0.016424510423247,0.6046511627906976,19.53393450403417
競技種目=ソフトボール,場合別2=体育（保健体育） | 発生場所2=運動場・校庭（園庭）,3,56,0.035375868603916616,0.7466666666666667,13.28059925093633
場合別2=体育（保健体育） | 発生場所2=運動場・校庭（園庭）,競技種目=ソフトボール,3,56,0.035375868603916616,0.6292134831460674,13.28059925093633
発生場所2=学校外運動場・競技場,発生場所1=学校外（園外） | 競技種目=野球（含軟式）,3,75,0.047378395451674035,0.6302521008403361,12.790885585003233
発生場所1=学校外（園外） | 競技種目=野球（含軟式）,発生場所2=学校外運動場・競技場,3,75,0.047378395451674035,0.9615384615384616,12.790885585003231
発生場所1=学校外（園外） | 競技種目=サッカー・フットサル,発生場所2=学校外運動場・競技場,3,23,0.014529374605180037,0.9583333333333334,12.748249299719888
競技種目=ソフトボール,場合別1=各教科等 | 発生場所2=運動場・校庭（園庭）,3,56,0.035375868603916616,0.7466666666666667,12.44182456140351
場合別1=各教科等 | 発生場所2=運動場・校庭（園庭）,競技種目=ソフトボール,3,56,0.035375868603916616,0.5894736842105263,12.441824561403507
競技種目=ソフトボール,場合別2=体育（保健体育） | 発生場所1=学校内・校舎外（園内・園舎外）,3,56,0.035375868603916616,0.7466666666666667,12.312222222222223
場合別2=体育（保健体育） | 発生場所1=学校内・校舎外（園内・園舎外）,競技種目=ソフトボール,3,56,0.035375868603916616,0.5833333333333334,12.312222222222223
場合別2=授業終了後の特定時間中,場合別1=休憩時間 | 被災学校種=高,3,16,0.01010739102969046,0.2857142857142857,11.902255639097744
場合別1=休憩時間 | 被災学校種=高,場合別2=授業終了後の特定時間中,3,16,0.01010739102969046,0.42105263157894735,11.902255639097744
競技種目=ソフトボール,場合別1=各教科等 | 発生場所1=学校内・校舎外（園内・園舎外）,3,56,0.035375868603916616,0.7466666666666667,11.25688888888889
場合別1=各教科等 | 発生場所1=学校内・校舎外（園内・園舎外）,競技種目=ソフトボール,3,56,0.035375868603916616,0.5333333333333333,11.25688888888889
通学方法=徒歩,和暦=平成 | 場合別2=下校（降園）中,3,30,0.018951358180669616,0.6976744186046512,9.603640040444894
和暦=平成 | 場合別2=下校（降園）中,通学方法=徒歩,3,30,0.018951358180669616,0.2608695652173913,9.603640040444894
競技種目=バレーボール,性別=女 | 発生場所2=体育館・屋内運動場,3,19,0.012002526847757423,0.4418604651162791,9.581713921631092
性別=女 | 発生場所2=体育館・屋内運動場,競技種目=バレーボール,3,19,0.012002526847757423,0.2602739726027397,9.581713921631092
場合別2=下校（降園）中,発生場所2=道路 | 通学方法=徒歩,3,29,0.01831964624131396,0.21481481481481482,9.190590590590592
発生場所2=道路 | 通学方法=徒歩,場合別2=下校（降園）中,3,29,0.01831964624131396,0.7837837837837838,9.190590590590592
発生場所2=学校外体育館,場合別1=課外指導 | 競技種目=バスケットボール,3,20,0.012634238787113077,0.5,9.097701149425287
場合別1=課外指導 | 競技種目=バスケットボール,発生場所2=学校外体育館,3,20,0.012634238787113077,0.22988505747126436,9.097701149425287
発生場所2=学校外体育館,場合別2=体育的部活動 | 競技種目=バスケットボール,3,20,0.012634238787113077,0.5,9.097701149425287
場合別2=体育的部活動 | 競技種目=バスケットボール,発生場所2=学校外体育館,3,20,0.012634238787113077,0.22988505747126436,9.097701149425287
和暦=平成 | 通学方法=徒歩,場合別2=下校（降園）中,3,30,0.018951358180669616,0.7692307692307693,9.019943019943021
被災学校種=小 | 通学方法=徒歩,場合別2=下校（降園）中,3,20,0.012634238787113077,0.7692307692307693,9.019943019943021
場合別2=下校（降園）中,和暦=平成 | 通学方法=徒歩,3,30,0.018951358180669616,0.2222222222222222,9.01994301994302
競技種目=バレーボール,場合別2=体育的部活動 | 性別=女,3,24,0.015161086544535692,0.5581395348837209,9.015662078785002
場合別2=体育的部活動 | 性別=女,競技種目=バレーボール,3,24,0.015161086544535692,0.24489795918367346,9.015662078785002
競技種目=ソフトボール,場合別2=体育（保健体育） | 被災学校種=中,3,27,0.017056222362602652,0.36,8.904375
場合別2=体育（保健体育） | 被災学校種=中,競技種目=ソフトボール,3,27,0.017056222362602652,0.421875,8.904375
発生場所2=学校外運動場・競技場,場合別2=体育的部活動 | 発生場所1=学校外（園外）,3,116,0.07327858496525584,0.9747899159663865,8.868347338935573
場合別2=体育的部活動 | 発生場所1=学校外（園外）,発生場所2=学校外運動場・競技場,3,116,0.07327858496525584,0.6666666666666666,8.868347338935573
場合別2=下校（降園）中,通学方法=徒歩,2,32,0.02021478205938092,0.23703703703703705,8.726270456503014
通学方法=徒歩,場合別2=下校（降園）中,2,32,0.02021478205938092,0.7441860465116279,8.726270456503014
通学方法=徒歩,場合別1=通学中 | 場合別2=下校（降園）中,3,32,0.02021478205938092,0.7441860465116279,8.726270456503014
場合別2=下校（降園）中,場合別1=通学中 | 通学方法=徒歩,3,32,0.02021478205938092,0.23703703703703705,8.726270456503014
場合別1=通学中 | 通学方法=徒歩,場合別2=下校（降園）中,3,32,0.02021478205938092,0.7441860465116279,8.726270456503014
場合別1=通学中 | 場合別2=下校（降園）中,通学方法=徒歩,3,32,0.02021478205938092,0.23703703703703705,8.726270456503014
場合別2=下校（降園）中,発生場所1=学校外（園外） | 通学方法=徒歩,3,32,0.02021478205938092,0.23703703703703705,8.726270456503014
通学方法=徒歩,場合別2=下校（降園）中 | 発生場所1=学校外（園外）,3,32,0.02021478205938092,0.7441860465116279,8.726270456503014
場合別2=下校（降園）中 | 発生場所1=学校外（園外）,通学方法=徒歩,3,32,0.02021478205938092,0.23703703703703705,8.726270456503014
発生場所1=学校外（園外） | 通学方法=徒歩,場合別2=下校（降園）中,3,32,0.02021478205938092,0.7441860465116279,8.726270456503014
競技種目=バレーボール,場合別1=課外指導 | 性別=女,3,24,0.015161086544535692,0.5581395348837209,8.662106703146375
場合別1=課外指導 | 性別=女,競技種目=バレーボール,3,24,0.015161086544535692,0.23529411764705882,8.662106703146375
発生場所2=学校外運動場・競技場,場合別1=課外指導 | 発生場所1=学校外（園外）,3,116,0.07327858496525584,0.9747899159663865,8.620628139523966
場合別1=課外指導 | 発生場所1=学校外（園外）,発生場所2=学校外運動場・競技場,3,116,0.07327858496525584,0.6480446927374302,8.620628139523966
場合別2=授業終了後の特定時間中,場合別1=休憩時間 | 被災学年=2,3,20,0.012634238787113077,0.35714285714285715,8.566017316017316
場合別1=休憩時間 | 被災学年=2,場合別2=授業終了後の特定時間中,3,20,0.012634238787113077,0.30303030303030304,8.566017316017316
場合別2=授業終了後の特定時間中,場合別1=休憩時間 | 性別=女,3,23,0.014529374605180037,0.4107142857142857,8.554746240601503
場合別1=休憩時間 | 性別=女,場合別2=授業終了後の特定時間中,3,23,0.014529374605180037,0.3026315789473684,8.554746240601503
場合別1=通学中 | 被災学校種=小,場合別2=下校（降園）中,3,21,0.013265950726468731,0.7241379310344828,8.491187739463602
発生場所2=学校外体育館,場合別2=体育的部活動 | 発生場所1=学校外（園外）,3,37,0.02337334175615919,0.925,8.415373563218392
場合別2=体育的部活動 | 発生場所1=学校外（園外）,発生場所2=学校外体育館,3,37,0.02337334175615919,0.21264367816091953,8.41537356321839
性別=男 | 通学方法=徒歩,場合別2=下校（降園）中,3,20,0.012634238787113077,0.7142857142857143,8.375661375661377
競技種目=ソフトボール,場合別1=各教科等 | 被災学校種=中,3,27,0.017056222362602652,0.36,8.259130434782609
場合別1=各教科等 | 被災学校種=中,競技種目=ソフトボール,3,27,0.017056222362602652,0.391304347826087,8.259130434782609
場合別2=体育（保健体育）,場合別1=各教科等 | 競技種目=ソフトボール,3,57,0.036007580543272265,0.296875,8.244791666666668
場合別1=各教科等 | 競技種目=ソフトボール,場合別2=体育（保健体育）,3,57,0.036007580543272265,1.0,8.244791666666666
場合別1=各教科等 | 競技種目=バスケットボール,場合別2=体育（保健体育）,3,21,0.013265950726468731,1.0,8.244791666666666
場合別1=各教科等 | 競技種目=その他,場合別2=体育（保健体育）,3,17,0.010739102969046115,1.0,8.244791666666666
場合別2=登校（登園）中,被災学年=3 | 通学方法=自転車,3,31,0.01958307012002527,0.26495726495726496,8.22406569465393
被災学年=3 | 通学方法=自転車,場合別2=登校（登園）中,3,31,0.01958307012002527,0.6078431372549019,8.224065694653929
発生場所2=学校外体育館,場合別1=課外指導 | 発生場所1=学校外（園外）,3,37,0.02337334175615919,0.925,8.180307262569833
場合別1=課外指導 | 発生場所1=学校外（園外）,発生場所2=学校外体育館,3,37,0.02337334175615919,0.20670391061452514,8.180307262569832
場合別2=昼食時休憩時間中,場合別1=休憩時間 | 被災学校種=中,3,34,0.02147820593809223,0.4473684210526316,8.140048396854205
場合別1=休憩時間 | 被災学校種=中,場合別2=昼食時休憩時間中,3,34,0.02147820593809223,0.39080459770114945,8.140048396854205
場合別2=休憩時間中,場合別1=休憩時間 | 被災学校種=小,3,53,0.033480732785849655,0.5638297872340425,8.114023210831721
場合別1=休憩時間 | 被災学校種=小,場合別2=休憩時間中,3,53,0.033480732785849655,0.4818181818181818,8.114023210831721
通学方法=徒歩,場合別2=下校（降園）中 | 性別=男,3,20,0.012634238787113077,0.46511627906976744,8.090978788653207
場合別2=下校（降園）中 | 性別=男,通学方法=徒歩,3,20,0.012634238787113077,0.21978021978021978,8.090978788653207
場合別2=下校（降園）中 | 発生場所2=道路,通学方法=徒歩,3,29,0.01831964624131396,0.2196969696969697,8.087914023960536
通学方法=徒歩,場合別2=下校（降園）中 | 発生場所2=道路,3,29,0.01831964624131396,0.6744186046511628,8.087914023960534
競技種目=ソフトボール,場合別2=体育（保健体育） | 被災学年=1,3,18,0.011370814908401769,0.24,8.083404255319149
場合別2=体育（保健体育） | 被災学年=1,競技種目=ソフトボール,3,18,0.011370814908401769,0.3829787234042553,8.083404255319149
和暦=平成 | 発生場所2=学校外体育館,競技種目=バスケットボール,3,20,0.012634238787113077,0.5714285714285714,8.076530612244897
場合別2=授業終了後の特定時間中,場合別1=休憩時間 | 発生場所1=学校内・校舎外（園内・園舎外）,3,25,0.015792798483891344,0.44642857142857145,8.030641233766234
場合別1=休憩時間 | 発生場所1=学校内・校舎外（園内・園舎外）,場合別2=授業終了後の特定時間中,3,25,0.015792798483891344,0.2840909090909091,8.030641233766234
場合別2=登校（登園）中,性別=女 | 通学方法=自転車,3,48,0.030322173089071383,0.41025641025641024,8.01772712883824
性別=女 | 通学方法=自転車,場合別2=登校（登園）中,3,48,0.030322173089071383,0.5925925925925926,8.01772712883824
和暦=平成 | 競技種目=バスケットボール,発生場所2=学校外体育館,3,20,0.012634238787113077,0.20202020202020202,7.994949494949495
発生場所2=学校外体育館,和暦=平成 | 競技種目=バスケットボール,3,20,0.012634238787113077,0.5,7.994949494949494
場合別2=体育（保健体育）,場合別1=各教科等 | 発生場所2=体育館・屋内運動場,3,86,0.05432722678458623,0.4479166666666667,7.96687734082397
場合別1=各教科等 | 発生場所2=体育館・屋内運動場,場合別2=体育（保健体育）,3,86,0.05432722678458623,0.9662921348314607,7.96687734082397
被災学年=4,発生場所1=学校内・校舎外（園内・園舎外） | 被災学校種=小,3,23,0.014529374605180037,0.42592592592592593,7.932244008714597
発生場所1=学校内・校舎外（園内・園舎外） | 被災学校種=小,被災学年=4,3,23,0.014529374605180037,0.27058823529411763,7.932244008714597
場合別2=昼食時休憩時間中,場合別1=休憩時間 | 被災学年=3,3,27,0.017056222362602652,0.35526315789473684,7.920867309117865
場合別1=休憩時間 | 被災学年=3,場合別2=昼食時休憩時間中,3,27,0.017056222362602652,0.38028169014084506,7.920867309117865
場合別2=体育（保健体育）,性別=男 | 競技種目=ソフトボール,3,47,0.02969046114971573,0.24479166666666666,7.908269557823129
性別=男 | 競技種目=ソフトボール,場合別2=体育（保健体育）,3,47,0.02969046114971573,0.9591836734693877,7.908269557823129
被災学年=6,性別=女 | 被災学校種=小,3,25,0.015792798483891344,0.46296296296296297,7.880326563122262
性別=女 | 被災学校種=小,被災学年=6,3,25,0.015792798483891344,0.26881720430107525,7.880326563122262
場合別2=登校（登園）中,和暦=令和 | 通学方法=自転車,3,26,0.016424510423247,0.2222222222222222,7.817283950617283
和暦=令和 | 通学方法=自転車,場合別2=登校（登園）中,3,26,0.016424510423247,0.5777777777777777,7.817283950617283
場合別2=登校（登園）中,和暦=令和 | 場合別1=通学中,3,28,0.017687934301958308,0.23931623931623933,7.7313797313797314
和暦=令和 | 場合別1=通学中,場合別2=登校（登園）中,3,28,0.017687934301958308,0.5714285714285714,7.731379731379731
場合別2=体育（保健体育）,場合別1=各教科等 | 発生場所2=運動場・校庭（園庭）,3,89,0.05622236260265319,0.4635416666666667,7.724067982456141
場合別1=各教科等 | 発生場所2=運動場・校庭（園庭）,場合別2=体育（保健体育）,3,89,0.05622236260265319,0.9368421052631579,7.72406798245614
場合別1=各教科等 | 被災学校種=中,場合別2=体育（保健体育）,3,64,0.04042956411876184,0.927536231884058,7.647342995169082
場合別2=体育（保健体育）,場合別1=各教科等 | 被災学校種=中,3,64,0.04042956411876184,0.3333333333333333,7.6473429951690814
場合別1=課外指導 | 発生場所2=学校外体育館,競技種目=バスケットボール,3,20,0.012634238787113077,0.5405405405405406,7.63996138996139
場合別2=体育的部活動 | 発生場所2=学校外体育館,競技種目=バスケットボール,3,20,0.012634238787113077,0.5405405405405406,7.63996138996139
被災学年=4,発生場所2=運動場・校庭（園庭） | 被災学校種=小,3,20,0.012634238787113077,0.37037037037037035,7.614237614237614
発生場所2=運動場・校庭（園庭） | 被災学校種=小,被災学年=4,3,20,0.012634238787113077,0.2597402597402597,7.614237614237614
場合別2=体育（保健体育）,場合別1=各教科等 | 被災学年=1,3,47,0.02969046114971573,0.24479166666666666,7.598141339869281
場合別1=各教科等 | 被災学年=1,場合別2=体育（保健体育）,3,47,0.02969046114971573,0.9215686274509803,7.59814133986928
場合別2=休憩時間中,場合別1=休憩時間 | 発生場所2=廊下,3,27,0.017056222362602652,0.2872340425531915,7.578191489361703
場合別1=休憩時間 | 発生場所2=廊下,場合別2=休憩時間中,3,27,0.017056222362602652,0.45,7.578191489361702
発生場所2=道路 | 被災学校種=小,場合別2=下校（降園）中,3,20,0.012634238787113077,0.6451612903225806,7.565113500597372
場合別2=体育（保健体育）,場合別1=各教科等 | 発生場所1=学校内・校舎外（園内・園舎外）,3,96,0.060644346178142766,0.5,7.538095238095238
場合別1=各教科等 | 発生場所1=学校内・校舎外（園内・園舎外）,場合別2=体育（保健体育）,3,96,0.060644346178142766,0.9142857142857143,7.538095238095238
場合別1=各教科等 | 被災学校種=高,場合別2=体育（保健体育）,3,94,0.05938092229943146,0.912621359223301,7.524372977346279
場合別2=体育（保健体育）,場合別1=各教科等 | 被災学校種=高,3,94,0.05938092229943146,0.4895833333333333,7.524372977346278
場合別2=その他の教科,和暦=平成 | 場合別1=各教科等,3,18,0.011370814908401769,0.9,7.4984210526315795
和暦=令和 | 被災学年=1,給付年度=4,3,22,0.013897662665824383,0.23655913978494625,7.489462365591399
給付年度=4,和暦=令和 | 被災学年=1,3,22,0.013897662665824383,0.44,7.489462365591398
場合別2=体育（保健体育）,和暦=令和 | 場合別1=各教科等,3,39,0.024636765634870498,0.203125,7.477834302325581
和暦=令和 | 場合別1=各教科等,場合別2=体育（保健体育）,3,39,0.024636765634870498,0.9069767441860465,7.477834302325581
被災学年=4,場合別1=休憩時間 | 被災学校種=小,3,28,0.017687934301958308,0.5185185185185185,7.461952861952861
場合別1=休憩時間 | 被災学校種=小,被災学年=4,3,28,0.017687934301958308,0.2545454545454545,7.461952861952861
場合別1=各教科等 | 被災学年=1,競技種目=ソフトボール,3,18,0.011370814908401769,0.35294117647058826,7.449411764705883
競技種目=ソフトボール,場合別1=各教科等 | 被災学年=1,3,18,0.011370814908401769,0.24,7.449411764705882
発生場所2=学校外体育館,競技種目=バスケットボール,2,21,0.013265950726468731,0.525,7.4203125
発生場所1=学校外（園外） | 発生場所2=学校外体育館,競技種目=バスケットボール,3,21,0.013265950726468731,0.525,7.4203125
場合別2=体育（保健体育）,場合別1=各教科等 | 被災学年=2,3,48,0.030322173089071383,0.25,7.328703703703704
和暦=令和 | 被災学校種=中,給付年度=1,3,21,0.013265950726468731,0.2916666666666667,7.328703703703704
場合別1=各教科等 | 被災学年=2,場合別2=体育（保健体育）,3,48,0.030322173089071383,0.8888888888888888,7.328703703703703
給付年度=1,和暦=令和 | 被災学校種=中,3,21,0.013265950726468731,0.3333333333333333,7.328703703703703
場合別1=各教科等 | 給付年度=18,場合別2=体育（保健体育）,3,16,0.01010739102969046,0.8888888888888888,7.328703703703703
場合別2=登校（登園）中,和暦=令和 | 発生場所2=道路,3,27,0.017056222362602652,0.23076923076923078,7.3061538461538476
和暦=令和 | 発生場所2=道路,場合別2=登校（登園）中,3,27,0.017056222362602652,0.54,7.306153846153847
競技種目=ソフトボール | 被災学年=3,場合別2=体育（保健体育）,3,22,0.013897662665824383,0.88,7.255416666666667
場合別2=授業終了後の特定時間中,場合別1=休憩時間 | 発生場所2=運動場・校庭（園庭）,3,21,0.013265950726468731,0.375,7.239329268292683
場合別1=休憩時間 | 発生場所2=運動場・校庭（園庭）,場合別2=授業終了後の特定時間中,3,21,0.013265950726468731,0.25609756097560976,7.239329268292683
場合別2=登校（登園）中,場合別1=通学中 | 被災学年=3,3,34,0.02147820593809223,0.2905982905982906,7.1877670940170955
場合別1=通学中 | 被災学年=3,場合別2=登校（登園）中,3,34,0.02147820593809223,0.53125,7.187767094017094
競技種目=バスケットボール,場合別2=体育的部活動 | 発生場所2=体育館・屋内運動場,3,60,0.03790271636133923,0.5357142857142857,7.126350540216086
場合別2=体育的部活動 | 発生場所2=体育館・屋内運動場,競技種目=バスケットボール,3,60,0.03790271636133923,0.5042016806722689,7.126350540216086
場合別2=体育（保健体育）,場合別1=各教科等 | 性別=男,3,140,0.08843967150979154,0.7291666666666666,7.125128600823046
場合別1=各教科等 | 性別=男,場合別2=体育（保健体育）,3,140,0.08843967150979154,0.8641975308641975,7.125128600823045
競技種目=バレーボール,場合別2=体育的部活動 | 発生場所2=体育館・屋内運動場,3,23,0.014529374605180037,0.5348837209302325,7.115301934727379
場合別1=通学中 | 性別=女,場合別2=登校（登園）中,3,51,0.032217308907138344,0.5257731958762887,7.113666402326197
場合別2=登校（登園）中,場合別1=通学中 | 性別=女,3,51,0.032217308907138344,0.4358974358974359,7.113666402326196
場合別2=登校（登園）中 | 被災学年=1,通学方法=自転車,3,42,0.026531901452937462,0.9767441860465116,7.092596543631321
競技種目=ソフトボール,場合別2=体育（保健体育） | 性別=男,3,47,0.02969046114971573,0.6266666666666667,7.085809523809524
場合別2=体育（保健体育） | 性別=男,競技種目=ソフトボール,3,47,0.02969046114971573,0.3357142857142857,7.085809523809523
通学方法=自転車,場合別2=下校（降園）中 | 被災学校種=高,3,77,0.04864181933038535,0.3532110091743119,7.0776332597839975
場合別2=下校（降園）中 | 被災学校種=高,通学方法=自転車,3,77,0.04864181933038535,0.9746835443037974,7.0776332597839975
場合別1=課外指導 | 発生場所2=体育館・屋内運動場,競技種目=バスケットボール,3,60,0.03790271636133923,0.5,7.066964285714286
競技種目=バスケットボール,場合別1=課外指導 | 発生場所2=体育館・屋内運動場,3,60,0.03790271636133923,0.5357142857142857,7.066964285714285
競技種目=バレーボール,場合別1=課外指導 | 発生場所2=体育館・屋内運動場,3,23,0.014529374605180037,0.5348837209302325,7.056007751937983
通学方法=自転車,場合別1=通学中 | 被災学校種=高,3,160,0.10107391029690461,0.7339449541284404,6.9990051950922965
場合別1=通学中 | 被災学校種=高,通学方法=自転車,3,160,0.10107391029690461,0.963855421686747,6.999005195092296
通学方法=自転車,場合別2=登校（登園）中 | 被災学校種=高,3,79,0.04990524320909665,0.3623853211009174,6.995804430521369
場合別2=登校（登園）中 | 被災学校種=高,通学方法=自転車,3,79,0.04990524320909665,0.9634146341463414,6.995804430521369
給付年度=5,和暦=令和 | 被災学年=2,3,17,0.010739102969046115,0.40476190476190477,6.964544513457557
発生場所2=廊下,場合別2=休憩時間中 | 発生場所1=学校内・校舎内（園内・園舎内）,3,27,0.017056222362602652,0.28125,6.956542968750001
場合別2=休憩時間中 | 発生場所1=学校内・校舎内（園内・園舎内）,発生場所2=廊下,3,27,0.017056222362602652,0.421875,6.95654296875
場合別2=昼食時休憩時間中,場合別1=休憩時間 | 性別=男,3,58,0.03663929248262792,0.7631578947368421,6.942982456140351
場合別2=昼食時休憩時間中,場合別1=休憩時間 | 発生場所2=教室（保育室）,3,17,0.010739102969046115,0.2236842105263158,6.942982456140351
場合別1=休憩時間 | 性別=男,場合別2=昼食時休憩時間中,3,58,0.03663929248262792,0.3333333333333333,6.94298245614035
場合別1=休憩時間 | 発生場所2=教室（保育室）,場合別2=昼食時休憩時間中,3,17,0.010739102969046115,0.3333333333333333,6.94298245614035
場合別1=各教科等 | 給付年度=29,場合別2=体育（保健体育）,3,16,0.01010739102969046,0.8421052631578947,6.94298245614035
場合別2=登校（登園）中 | 被災学校種=中,通学方法=自転車,3,21,0.013265950726468731,0.9545454545454546,6.9314011676397005
通学方法=自転車,場合別1=通学中 | 被災学年=1,3,95,0.06001263423878711,0.43577981651376146,6.898394495412845
場合別1=通学中 | 被災学年=1,通学方法=自転車,3,95,0.06001263423878711,0.95,6.898394495412844
場合別1=通学中 | 給付年度=18,通学方法=自転車,3,19,0.012002526847757423,0.95,6.898394495412844
被災学年=6,発生場所1=学校内・校舎外（園内・園舎外） | 被災学校種=小,3,20,0.012634238787113077,0.37037037037037035,6.89760348583878
発生場所1=学校内・校舎外（園内・園舎外） | 被災学校種=小,被災学年=6,3,20,0.012634238787113077,0.23529411764705882,6.89760348583878
発生場所2=道路 | 給付年度=18,通学方法=自転車,3,18,0.011370814908401769,0.9473684210526315,6.8792853693867695
場合別2=登校（登園）中,発生場所2=道路 | 被災学年=3,3,33,0.020846493998736577,0.28205128205128205,6.8690335305719925
発生場所2=道路 | 被災学年=3,場合別2=登校（登園）中,3,33,0.020846493998736577,0.5076923076923077,6.869033530571992
給付年度=2,和暦=令和 | 被災学年=1,3,29,0.01831964624131396,0.4027777777777778,6.855884109916368
和暦=令和 | 被災学年=1,給付年度=2,3,29,0.01831964624131396,0.3118279569892473,6.855884109916368
給付年度=1,和暦=令和 | 被災学年=3,3,18,0.011370814908401769,0.2857142857142857,6.852813852813852
和暦=令和 | 被災学年=3,給付年度=1,3,18,0.011370814908401769,0.2727272727272727,6.852813852813852
通学方法=自転車,場合別2=登校（登園）中 | 性別=女,3,48,0.030322173089071383,0.22018348623853212,6.834322719913654
場合別2=登校（登園）中 | 性別=女,通学方法=自転車,3,48,0.030322173089071383,0.9411764705882353,6.834322719913653
発生場所2=道路 | 給付年度=23,通学方法=自転車,3,16,0.01010739102969046,0.9411764705882353,6.834322719913653
発生場所2=道路 | 被災学校種=高,通学方法=自転車,3,159,0.10044219835754896,0.9408284023668639,6.831795233700668
通学方法=自転車,発生場所2=道路 | 被災学校種=高,3,159,0.10044219835754896,0.7293577981651376,6.831795233700667
被災学年=5,性別=男 | 被災学校種=小,3,38,0.024005053695514846,0.6551724137931034,6.823275862068965
性別=男 | 被災学校種=小,被災学年=5,3,38,0.024005053695514846,0.25,6.823275862068965
給付年度=5,和暦=令和 | 場合別1=課外指導,3,21,0.013265950726468731,0.5,6.823275862068965
和暦=令和 | 被災学校種=高,給付年度=4,3,34,0.02147820593809223,0.21518987341772153,6.812911392405065
給付年度=4,和暦=令和 | 被災学校種=高,3,34,0.02147820593809223,0.68,6.812911392405064
場合別1=各教科等,場合別2=体育（保健体育） | 発生場所1=学校内・校舎内（園内・園舎内）,3,88,0.05559065066329753,0.3776824034334764,6.793991416309014
場合別2=体育（保健体育）,場合別1=各教科等,2,192,0.12128869235628553,1.0,6.793991416309013
場合別1=各教科等,場合別2=体育（保健体育）,2,192,0.12128869235628553,0.8240343347639485,6.793991416309013
和暦=平成 | 場合別2=体育（保健体育）,場合別1=各教科等,3,153,0.09665192672141504,1.0,6.793991416309013
場合別1=各教科等,場合別2=体育（保健体育） | 性別=男,3,140,0.08843967150979154,0.6008583690987125,6.793991416309013
場合別2=体育（保健体育） | 性別=男,場合別1=各教科等,3,140,0.08843967150979154,1.0,6.793991416309013
場合別1=各教科等,場合別2=体育（保健体育） | 発生場所1=学校内・校舎外（園内・園舎外）,3,96,0.060644346178142766,0.41201716738197425,6.793991416309013
場合別2=体育（保健体育） | 発生場所1=学校内・校舎外（園内・園舎外）,場合別1=各教科等,3,96,0.060644346178142766,1.0,6.793991416309013
場合別2=体育（保健体育） | 被災学校種=高,場合別1=各教科等,3,94,0.05938092229943146,1.0,6.793991416309013
場合別1=各教科等,場合別2=体育（保健体育） | 発生場所2=運動場・校庭（園庭）,3,89,0.05622236260265319,0.38197424892703863,6.793991416309013
場合別2=体育（保健体育） | 発生場所2=運動場・校庭（園庭）,場合別1=各教科等,3,89,0.05622236260265319,1.0,6.793991416309013
場合別2=体育（保健体育） | 発生場所1=学校内・校舎内（園内・園舎内）,場合別1=各教科等,3,88,0.05559065066329753,1.0,6.793991416309013
場合別1=各教科等,場合別2=体育（保健体育） | 発生場所2=体育館・屋内運動場,3,86,0.05432722678458623,0.36909871244635195,6.793991416309013
場合別2=体育（保健体育） | 発生場所2=体育館・屋内運動場,場合別1=各教科等,3,86,0.05432722678458623,1.0,6.793991416309013
場合別2=体育（保健体育） | 被災学年=3,場合別1=各教科等,3,76,0.04801010739102969,1.0,6.793991416309013
場合別1=各教科等,場合別2=体育（保健体育） | 被災学校種=中,3,64,0.04042956411876184,0.27467811158798283,6.793991416309013
場合別2=体育（保健体育） | 被災学校種=中,場合別1=各教科等,3,64,0.04042956411876184,1.0,6.793991416309013
場合別1=各教科等,場合別2=体育（保健体育） | 競技種目=ソフトボール,3,57,0.036007580543272265,0.2446351931330472,6.793991416309013
場合別2=体育（保健体育） | 競技種目=ソフトボール,場合別1=各教科等,3,57,0.036007580543272265,1.0,6.793991416309013
場合別1=各教科等,場合別2=体育（保健体育） | 性別=女,3,52,0.032849020846494,0.22317596566523606,6.793991416309013
場合別2=体育（保健体育） | 性別=女,場合別1=各教科等,3,52,0.032849020846494,1.0,6.793991416309013
場合別1=各教科等,場合別2=体育（保健体育） | 被災学年=2,3,48,0.030322173089071383,0.20600858369098712,6.793991416309013
場合別2=体育（保健体育） | 被災学年=2,場合別1=各教科等,3,48,0.030322173089071383,1.0,6.793991416309013
場合別2=体育（保健体育） | 被災学年=1,場合別1=各教科等,3,47,0.02969046114971573,1.0,6.793991416309013
和暦=令和 | 場合別2=体育（保健体育）,場合別1=各教科等,3,39,0.024636765634870498,1.0,6.793991416309013
場合別2=体育（保健体育） | 被災学校種=小,場合別1=各教科等,3,28,0.017687934301958308,1.0,6.793991416309013
場合別2=体育（保健体育） | 競技種目=バスケットボール,場合別1=各教科等,3,21,0.013265950726468731,1.0,6.793991416309013
場合別2=その他の教科,場合別1=各教科等,2,20,0.012634238787113077,1.0,6.793991416309013
和暦=平成 | 場合別2=その他の教科,場合別1=各教科等,3,18,0.011370814908401769,1.0,6.793991416309013
場合別2=体育（保健体育） | 競技種目=その他,場合別1=各教科等,3,17,0.010739102969046115,1.0,6.793991416309013
場合別2=体育（保健体育） | 給付年度=18,場合別1=各教科等,3,16,0.01010739102969046,1.0,6.793991416309013
場合別2=体育（保健体育） | 給付年度=29,場合別1=各教科等,3,16,0.01010739102969046,1.0,6.793991416309013
場合別1=各教科等,和暦=平成 | 場合別2=体育（保健体育）,3,153,0.09665192672141504,0.6566523605150214,6.793991416309012
場合別1=各教科等,場合別2=体育（保健体育） | 被災学校種=高,3,94,0.05938092229943146,0.4034334763948498,6.793991416309012
場合別1=各教科等,場合別2=体育（保健体育） | 被災学年=3,3,76,0.04801010739102969,0.3261802575107296,6.793991416309012
場合別1=各教科等,場合別2=体育（保健体育） | 被災学年=1,3,47,0.02969046114971573,0.2017167381974249,6.793991416309012
競技種目=バレーボール,場合別2=体育的部活動 | 発生場所1=学校内・校舎内（園内・園舎内）,3,25,0.015792798483891344,0.5813953488372093,6.767270861833106
場合別2=登校（登園）中,性別=女 | 発生場所2=道路,3,50,0.03158559696778269,0.42735042735042733,6.764957264957266
性別=女 | 発生場所2=道路,場合別2=登校（登園）中,3,50,0.03158559696778269,0.5,6.764957264957265
場合別2=登校（登園）中 | 発生場所2=道路,通学方法=自転車,3,105,0.06632975363234365,0.9292035398230089,6.747381667613867
通学方法=自転車,場合別2=登校（登園）中 | 発生場所2=道路,3,105,0.06632975363234365,0.481651376146789,6.747381667613866
和暦=令和 | 場合別2=登校（登園）中,通学方法=自転車,3,26,0.016424510423247,0.9285714285714286,6.742791612057667
通学方法=徒歩,和暦=平成 | 場合別1=通学中,3,39,0.024636765634870498,0.9069767441860465,6.740583033082213
給付年度=2,和暦=令和 | 被災学校種=中,3,22,0.013897662665824383,0.3055555555555556,6.717978395061729
和暦=令和 | 被災学校種=中,給付年度=2,3,22,0.013897662665824383,0.3055555555555556,6.717978395061729
通学方法=自転車,場合別2=下校（降園）中 | 被災学年=1,3,49,0.03095388502842704,0.22477064220183487,6.713432577462351
場合別2=下校（降園）中 | 被災学年=1,通学方法=自転車,3,49,0.03095388502842704,0.9245283018867925,6.713432577462351
場合別2=休憩時間中,場合別1=休憩時間 | 発生場所1=学校内・校舎内（園内・園舎内）,3,64,0.04042956411876184,0.6808510638297872,6.694330646227038
場合別1=休憩時間 | 発生場所1=学校内・校舎内（園内・園舎内）,場合別2=休憩時間中,3,64,0.04042956411876184,0.39751552795031053,6.694330646227038
場合別1=通学中 | 被災学校種=高,場合別2=登校（登園）中,3,82,0.05180037902716361,0.4939759036144578,6.683451755740912
場合別2=登校（登園）中,場合別1=通学中 | 被災学校種=高,3,82,0.05180037902716361,0.7008547008547008,6.683451755740911
場合別2=登校（登園）中,被災学校種=高 | 通学方法=自転車,3,79,0.04990524320909665,0.6752136752136753,6.6803952991452995
被災学校種=高 | 通学方法=自転車,場合別2=登校（登園）中,3,79,0.04990524320909665,0.49375,6.6803952991452995
場合別2=休憩時間中,場合別1=休憩時間 | 性別=男,3,69,0.043588123815540114,0.7340425531914894,6.678099779897285
場合別1=休憩時間 | 性別=男,場合別2=休憩時間中,3,69,0.043588123815540114,0.39655172413793105,6.678099779897285
和暦=令和 | 場合別1=通学中,通学方法=自転車,3,45,0.028427037271004423,0.9183673469387755,6.668695000936155
通学方法=自転車,和暦=令和 | 場合別1=通学中,3,45,0.028427037271004423,0.20642201834862386,6.668695000936154
場合別2=体育（保健体育）,場合別1=各教科等 | 被災学年=3,3,76,0.04801010739102969,0.3958333333333333,6.666001773049645
場合別1=各教科等 | 被災学年=3,場合別2=体育（保健体育）,3,76,0.04801010739102969,0.8085106382978723,6.666001773049645
被災学年=6,和暦=平成 | 被災学校種=小,3,49,0.03095388502842704,0.9074074074074074,6.650120027434843
和暦=平成 | 被災学校種=小,被災学年=6,3,49,0.03095388502842704,0.22685185185185186,6.650120027434843
給付年度=4,和暦=令和 | 発生場所1=学校内・校舎内（園内・園舎内）,3,17,0.010739102969046115,0.34,6.6446913580246925
和暦=令和 | 発生場所1=学校内・校舎内（園内・園舎内）,給付年度=4,3,17,0.010739102969046115,0.20987654320987653,6.644691358024692
場合別2=体育（保健体育）,和暦=平成 | 場合別1=各教科等,3,153,0.09665192672141504,0.796875,6.63922697368421
和暦=平成 | 場合別1=各教科等,場合別2=体育（保健体育）,3,153,0.09665192672141504,0.8052631578947368,6.63922697368421
和暦=令和 | 発生場所1=学校内・校舎外（園内・園舎外）,給付年度=2,3,32,0.02021478205938092,0.3018867924528302,6.637316561844863
給付年度=2,和暦=令和 | 発生場所1=学校内・校舎外（園内・園舎外）,3,32,0.02021478205938092,0.4444444444444444,6.637316561844862
給付年度=2,和暦=令和 | 場合別1=課外指導,3,35,0.022109917877447885,0.4861111111111111,6.633740421455939
和暦=令和 | 場合別1=課外指導,給付年度=2,3,35,0.022109917877447885,0.3017241379310345,6.633740421455939
通学方法=自転車,発生場所2=道路 | 被災学年=1,3,95,0.06001263423878711,0.43577981651376146,6.6330716302046575
発生場所2=道路 | 被災学年=1,通学方法=自転車,3,95,0.06001263423878711,0.9134615384615384,6.6330716302046575
場合別2=登校（登園）中 | 被災学年=3,通学方法=自転車,3,31,0.01958307012002527,0.9117647058823529,6.620750134916352
和暦=令和 | 場合別2=体育的部活動,給付年度=2,3,34,0.02147820593809223,0.3008849557522124,6.615290068829893
給付年度=2,和暦=令和 | 場合別2=体育的部活動,3,34,0.02147820593809223,0.4722222222222222,6.615290068829891
場合別2=昼食時休憩時間中,和暦=平成 | 場合別1=休憩時間,3,66,0.041692987997473153,0.868421052631579,6.609185222672065
和暦=平成 | 場合別1=休憩時間,場合別2=昼食時休憩時間中,3,66,0.041692987997473153,0.3173076923076923,6.609185222672064
場合別2=休憩時間中,場合別1=休憩時間 | 発生場所2=教室（保育室）,3,20,0.012634238787113077,0.2127659574468085,6.604088443888194
場合別1=休憩時間 | 発生場所2=教室（保育室）,場合別2=休憩時間中,3,20,0.012634238787113077,0.39215686274509803,6.604088443888193
発生場所1=学校内・校舎内（園内・園舎内） | 被災学校種=小,被災学年=6,3,25,0.015792798483891344,0.22522522522522523,6.602435769102437
被災学年=6,発生場所1=学校内・校舎内（園内・園舎内） | 被災学校種=小,3,25,0.015792798483891344,0.46296296296296297,6.602435769102436
場合別1=休憩時間 | 発生場所1=学校内・校舎内（園内・園舎内）,場合別2=昼食時休憩時間中,3,51,0.032217308907138344,0.3167701863354037,6.597989539065054
場合別2=昼食時休憩時間中,場合別1=休憩時間 | 発生場所1=学校内・校舎内（園内・園舎内）,3,51,0.032217308907138344,0.6710526315789473,6.597989539065053
発生場所1=学校内・校舎外（園内・園舎外） | 競技種目=ソフトボール,場合別2=体育（保健体育）,3,56,0.035375868603916616,0.8,6.595833333333334
発生場所2=運動場・校庭（園庭） | 競技種目=ソフトボール,場合別2=体育（保健体育）,3,56,0.035375868603916616,0.8,6.595833333333334
競技種目=ソフトボール | 被災学校種=高,場合別2=体育（保健体育）,3,28,0.017687934301958308,0.8,6.595833333333334
場合別2=体育（保健体育）,発生場所1=学校内・校舎外（園内・園舎外） | 競技種目=ソフトボール,3,56,0.035375868603916616,0.2916666666666667,6.595833333333333
場合別2=体育（保健体育）,発生場所2=運動場・校庭（園庭） | 競技種目=ソフトボール,3,56,0.035375868603916616,0.2916666666666667,6.595833333333333
通学方法=自転車,場合別2=登校（登園）中,2,106,0.06696146557169931,0.48623853211009177,6.578765780600643
場合別2=登校（登園）中,通学方法=自転車,2,106,0.06696146557169931,0.905982905982906,6.578765780600643
通学方法=自転車,場合別1=通学中 | 場合別2=登校（登園）中,3,106,0.06696146557169931,0.48623853211009177,6.578765780600643
場合別2=登校（登園）中,場合別1=通学中 | 通学方法=自転車,3,106,0.06696146557169931,0.905982905982906,6.578765780600643
場合別1=通学中 | 通学方法=自転車,場合別2=登校（登園）中,3,106,0.06696146557169931,0.48623853211009177,6.578765780600643
場合別1=通学中 | 場合別2=登校（登園）中,通学方法=自転車,3,106,0.06696146557169931,0.905982905982906,6.578765780600643
通学方法=自転車,場合別2=登校（登園）中 | 発生場所1=学校外（園外）,3,106,0.06696146557169931,0.48623853211009177,6.578765780600643
場合別2=登校（登園）中,発生場所1=学校外（園外） | 通学方法=自転車,3,106,0.06696146557169931,0.905982905982906,6.578765780600643
発生場所1=学校外（園外） | 通学方法=自転車,場合別2=登校（登園）中,3,106,0.06696146557169931,0.48623853211009177,6.578765780600643
場合別2=登校（登園）中 | 発生場所1=学校外（園外）,通学方法=自転車,3,106,0.06696146557169931,0.905982905982906,6.578765780600643
場合別2=始業前の特定時間中,場合別1=休憩時間 | 発生場所1=学校内・校舎内（園内・園舎内）,3,16,0.01010739102969046,0.6666666666666666,6.554865424430641
場合別2=登校（登園）中,発生場所2=道路 | 通学方法=自転車,3,105,0.06632975363234365,0.8974358974358975,6.546732837055418
発生場所2=道路 | 通学方法=自転車,場合別2=登校（登園）中,3,105,0.06632975363234365,0.4838709677419355,6.546732837055418
場合別1=各教科等 | 発生場所1=学校内・校舎内（園内・園舎内）,場合別2=体育（保健体育）,3,88,0.05559065066329753,0.7927927927927928,6.536411411411412
場合別2=体育（保健体育）,場合別1=各教科等 | 発生場所1=学校内・校舎内（園内・園舎内）,3,88,0.05559065066329753,0.4583333333333333,6.536411411411411
通学方法=自転車,和暦=令和 | 発生場所2=道路,3,45,0.028427037271004423,0.20642201834862386,6.535321100917432
和暦=令和 | 発生場所2=道路,通学方法=自転車,3,45,0.028427037271004423,0.9,6.5353211009174315
和暦=令和 | 場合別2=下校（降園）中,通学方法=自転車,3,18,0.011370814908401769,0.9,6.5353211009174315
競技種目=バレーボール,場合別1=課外指導 | 発生場所1=学校内・校舎内（園内・園舎内）,3,25,0.015792798483891344,0.5813953488372093,6.52729671779647
通学方法=自転車,和暦=平成 | 場合別2=登校（登園）中,3,80,0.05053695514845231,0.3669724770642202,6.527162148232142
和暦=平成 | 場合別2=登校（登園）中,通学方法=自転車,3,80,0.05053695514845231,0.898876404494382,6.527162148232141
給付年度=3,和暦=令和 | 被災学校種=高,3,28,0.017687934301958308,0.6511627906976745,6.52399175743303
性別=男 | 競技種目=ソフトボール,場合別1=各教科等,3,47,0.02969046114971573,0.9591836734693877,6.516685644214768
場合別1=各教科等,性別=男 | 競技種目=ソフトボール,3,47,0.02969046114971573,0.2017167381974249,6.516685644214767
発生場所1=学校内・校舎内（園内・園舎内） | 被災学校種=小,発生場所2=教室（保育室）,3,37,0.02337334175615919,0.3333333333333333,6.51440329218107
発生場所2=教室（保育室）,場合別2=昼食時休憩時間中 | 発生場所1=学校内・校舎内（園内・園舎内）,3,17,0.010739102969046115,0.20987654320987653,6.51440329218107
場合別2=昼食時休憩時間中 | 発生場所1=学校内・校舎内（園内・園舎内）,発生場所2=教室（保育室）,3,17,0.010739102969046115,0.3333333333333333,6.51440329218107
発生場所2=教室（保育室）,発生場所1=学校内・校舎内（園内・園舎内） | 被災学校種=小,3,37,0.02337334175615919,0.4567901234567901,6.514403292181069
場合別1=休憩時間 | 被災学年=1,場合別2=休憩時間中,3,17,0.010739102969046115,0.38636363636363635,6.506528046421663
場合別1=通学中 | 被災学年=2,場合別2=下校（降園）中,3,46,0.029058749210360075,0.5542168674698795,6.498705934850514
場合別2=下校（降園）中,場合別1=通学中 | 被災学年=2,3,46,0.029058749210360075,0.34074074074074073,6.498705934850513
場合別2=登校（登園）中,発生場所2=道路 | 被災学校種=高,3,81,0.051168667087807956,0.6923076923076923,6.484751934456077
発生場所2=道路 | 被災学校種=高,場合別2=登校（登園）中,3,81,0.051168667087807956,0.47928994082840237,6.484751934456076
場合別2=下校（降園）中,場合別1=通学中 | 被災学校種=中,3,32,0.02021478205938092,0.23703703703703705,6.46947637292465
場合別1=通学中 | 被災学校種=中,場合別2=下校（降園）中,3,32,0.02021478205938092,0.5517241379310345,6.469476372924649
場合別1=通学中 | 性別=男,場合別2=下校（降園）中,3,91,0.0574857864813645,0.5515151515151515,6.467025813692481
場合別2=下校（降園）中,場合別1=通学中 | 性別=男,3,91,0.0574857864813645,0.674074074074074,6.46702581369248
場合別1=休憩時間 | 被災学年=4,被災学校種=小,3,28,0.017687934301958308,1.0,6.461224489795919
性別=男 | 被災学年=6,被災学校種=小,3,26,0.016424510423247,1.0,6.461224489795919
発生場所1=学校内・校舎外（園内・園舎外） | 被災学年=4,被災学校種=小,3,23,0.014529374605180037,1.0,6.461224489795919
発生場所2=運動場・校庭（園庭） | 被災学年=4,被災学校種=小,3,20,0.012634238787113077,1.0,6.461224489795919
場合別1=通学中 | 給付年度=23,通学方法=自転車,3,16,0.01010739102969046,0.8888888888888888,6.454638124362895
競技種目=バスケットボール,場合別2=体育的部活動 | 発生場所1=学校内・校舎内（園内・園舎内）,3,62,0.03916614024005054,0.5535714285714286,6.443408613445379
場合別2=体育的部活動 | 発生場所1=学校内・校舎内（園内・園舎内）,競技種目=バスケットボール,3,62,0.03916614024005054,0.45588235294117646,6.443408613445378
場合別2=登校（登園）中 | 被災学年=2,通学方法=自転車,3,31,0.01958307012002527,0.8857142857142857,6.431585845347313
給付年度=3,和暦=令和 | 被災学年=2,3,16,0.01010739102969046,0.37209302325581395,6.40242669362993
場合別2=休憩時間中,和暦=平成 | 場合別1=休憩時間,3,79,0.04990524320909665,0.8404255319148937,6.396123158756137
和暦=平成 | 場合別1=休憩時間,場合別2=休憩時間中,3,79,0.04990524320909665,0.3798076923076923,6.396123158756137
被災学年=5,発生場所1=学校内・校舎内（園内・園舎内） | 被災学校種=小,3,26,0.016424510423247,0.4482758620689655,6.392979186082634
発生場所1=学校内・校舎内（園内・園舎内） | 被災学校種=小,被災学年=5,3,26,0.016424510423247,0.23423423423423423,6.392979186082634
場合別1=特別活動（除学校行事） | 発生場所1=学校内・校舎内（園内・園舎内）,発生場所2=教室（保育室）,3,16,0.01010739102969046,0.32653061224489793,6.3814562862181905
通学方法=自転車,場合別2=登校（登園）中 | 性別=男,3,58,0.03663929248262792,0.26605504587155965,6.381289963858771
場合別2=登校（登園）中 | 性別=男,通学方法=自転車,3,58,0.03663929248262792,0.8787878787878788,6.381289963858771
場合別2=昼食時休憩時間中,場合別1=休憩時間 | 発生場所2=運動場・校庭（園庭）,3,25,0.015792798483891344,0.32894736842105265,6.350288831835687
場合別1=休憩時間 | 発生場所2=運動場・校庭（園庭）,場合別2=昼食時休憩時間中,3,25,0.015792798483891344,0.3048780487804878,6.3502888318356865
場合別2=始業前の特定時間中,和暦=平成 | 場合別1=休憩時間,3,20,0.012634238787113077,0.8333333333333334,6.342147435897436
給付年度=5,和暦=令和 | 場合別2=体育的部活動,3,19,0.012002526847757423,0.4523809523809524,6.3373367045933415
場合別1=休憩時間,場合別2=休憩時間中 | 性別=男,3,69,0.043588123815540114,0.276,6.332000000000001
場合別1=休憩時間,場合別2=休憩時間中 | 発生場所1=学校内・校舎内（園内・園舎内）,3,64,0.04042956411876184,0.256,6.332000000000001
場合別1=休憩時間,場合別2=昼食時休憩時間中 | 性別=男,3,58,0.03663929248262792,0.232,6.332000000000001
場合別2=休憩時間中,場合別1=休憩時間,2,94,0.05938092229943146,1.0,6.332
場合別1=休憩時間,場合別2=休憩時間中,2,94,0.05938092229943146,0.376,6.332
場合別1=休憩時間,和暦=平成 | 場合別2=休憩時間中,3,79,0.04990524320909665,0.316,6.332
和暦=平成 | 場合別2=休憩時間中,場合別1=休憩時間,3,79,0.04990524320909665,1.0,6.332
場合別2=昼食時休憩時間中,場合別1=休憩時間,2,76,0.04801010739102969,1.0,6.332
場合別1=休憩時間,場合別2=昼食時休憩時間中,2,76,0.04801010739102969,0.304,6.332
場合別2=休憩時間中 | 性別=男,場合別1=休憩時間,3,69,0.043588123815540114,1.0,6.332
場合別1=休憩時間,和暦=平成 | 場合別2=昼食時休憩時間中,3,66,0.041692987997473153,0.264,6.332
和暦=平成 | 場合別2=昼食時休憩時間中,場合別1=休憩時間,3,66,0.041692987997473153,1.0,6.332
場合別2=休憩時間中 | 発生場所1=学校内・校舎内（園内・園舎内）,場合別1=休憩時間,3,64,0.04042956411876184,1.0,6.332
場合別2=昼食時休憩時間中 | 性別=男,場合別1=休憩時間,3,58,0.03663929248262792,1.0,6.332
場合別2=授業終了後の特定時間中,場合別1=休憩時間,2,56,0.035375868603916616,1.0,6.332
場合別1=休憩時間,場合別2=授業終了後の特定時間中,2,56,0.035375868603916616,0.224,6.332
場合別2=休憩時間中 | 被災学校種=小,場合別1=休憩時間,3,53,0.033480732785849655,1.0,6.332
場合別1=休憩時間,場合別2=昼食時休憩時間中 | 発生場所1=学校内・校舎内（園内・園舎内）,3,51,0.032217308907138344,0.204,6.332
場合別2=昼食時休憩時間中 | 発生場所1=学校内・校舎内（園内・園舎内）,場合別1=休憩時間,3,51,0.032217308907138344,1.0,6.332
和暦=平成 | 場合別2=授業終了後の特定時間中,場合別1=休憩時間,3,43,0.027163613392293114,1.0,6.332
場合別2=昼食時休憩時間中 | 被災学校種=中,場合別1=休憩時間,3,34,0.02147820593809223,1.0,6.332
場合別2=授業終了後の特定時間中 | 性別=男,場合別1=休憩時間,3,33,0.020846493998736577,1.0,6.332
場合別2=休憩時間中 | 発生場所1=学校内・校舎外（園内・園舎外）,場合別1=休憩時間,3,30,0.018951358180669616,1.0,6.332
場合別2=授業終了後の特定時間中 | 発生場所1=学校内・校舎内（園内・園舎内）,場合別1=休憩時間,3,30,0.018951358180669616,1.0,6.332
場合別2=休憩時間中 | 発生場所2=運動場・校庭（園庭）,場合別1=休憩時間,3,29,0.01831964624131396,1.0,6.332
場合別2=休憩時間中 | 被災学校種=中,場合別1=休憩時間,3,28,0.017687934301958308,1.0,6.332
場合別2=昼食時休憩時間中 | 被災学年=3,場合別1=休憩時間,3,27,0.017056222362602652,1.0,6.332
場合別2=休憩時間中 | 発生場所2=廊下,場合別1=休憩時間,3,27,0.017056222362602652,1.0,6.332
場合別2=休憩時間中 | 性別=女,場合別1=休憩時間,3,25,0.015792798483891344,1.0,6.332
場合別2=昼食時休憩時間中 | 発生場所1=学校内・校舎外（園内・園舎外）,場合別1=休憩時間,3,25,0.015792798483891344,1.0,6.332
場合別2=昼食時休憩時間中 | 発生場所2=運動場・校庭（園庭）,場合別1=休憩時間,3,25,0.015792798483891344,1.0,6.332
場合別2=昼食時休憩時間中 | 被災学校種=小,場合別1=休憩時間,3,25,0.015792798483891344,1.0,6.332
場合別2=授業終了後の特定時間中 | 発生場所1=学校内・校舎外（園内・園舎外）,場合別1=休憩時間,3,25,0.015792798483891344,1.0,6.332
場合別2=始業前の特定時間中,場合別1=休憩時間,2,24,0.015161086544535692,1.0,6.332
場合別2=休憩時間中 | 被災学年=3,場合別1=休憩時間,3,23,0.014529374605180037,1.0,6.332
場合別2=授業終了後の特定時間中 | 性別=女,場合別1=休憩時間,3,23,0.014529374605180037,1.0,6.332
場合別2=授業終了後の特定時間中 | 発生場所2=運動場・校庭（園庭）,場合別1=休憩時間,3,21,0.013265950726468731,1.0,6.332
場合別2=休憩時間中 | 発生場所2=教室（保育室）,場合別1=休憩時間,3,20,0.012634238787113077,1.0,6.332
場合別2=休憩時間中 | 被災学年=2,場合別1=休憩時間,3,20,0.012634238787113077,1.0,6.332
和暦=平成 | 場合別2=始業前の特定時間中,場合別1=休憩時間,3,20,0.012634238787113077,1.0,6.332
場合別2=授業終了後の特定時間中 | 被災学年=2,場合別1=休憩時間,3,20,0.012634238787113077,1.0,6.332
場合別2=授業終了後の特定時間中 | 被災学校種=小,場合別1=休憩時間,3,20,0.012634238787113077,1.0,6.332
場合別2=授業終了後の特定時間中 | 被災学校種=中,場合別1=休憩時間,3,18,0.011370814908401769,1.0,6.332
場合別2=昼食時休憩時間中 | 性別=女,場合別1=休憩時間,3,18,0.011370814908401769,1.0,6.332
場合別2=昼食時休憩時間中 | 発生場所2=教室（保育室）,場合別1=休憩時間,3,17,0.010739102969046115,1.0,6.332
場合別2=休憩時間中 | 被災学年=1,場合別1=休憩時間,3,17,0.010739102969046115,1.0,6.332
場合別2=昼食時休憩時間中 | 発生場所2=廊下,場合別1=休憩時間,3,17,0.010739102969046115,1.0,6.332
場合別2=始業前の特定時間中 | 発生場所1=学校内・校舎内（園内・園舎内）,場合別1=休憩時間,3,16,0.01010739102969046,1.0,6.332
場合別2=授業終了後の特定時間中 | 被災学校種=高,場合別1=休憩時間,3,16,0.01010739102969046,1.0,6.332
場合別1=休憩時間,場合別2=休憩時間中 | 被災学校種=小,3,53,0.033480732785849655,0.212,6.331999999999999
和暦=平成 | 場合別1=通学中,場合別2=下校（降園）中,3,115,0.07264687302590019,0.539906103286385,6.330898974091463
場合別2=下校（降園）中,和暦=平成 | 場合別1=通学中,3,115,0.07264687302590019,0.8518518518518519,6.330898974091462
発生場所2=体育館・屋内運動場,場合別2=体育（保健体育） | 発生場所1=学校内・校舎内（園内・園舎内）,3,86,0.05432722678458623,0.3510204081632653,6.314378478664193
場合別2=体育（保健体育） | 発生場所1=学校内・校舎内（園内・園舎内）,発生場所2=体育館・屋内運動場,3,86,0.05432722678458623,0.9772727272727273,6.314378478664193
発生場所2=体育館・屋内運動場,発生場所1=学校内・校舎内（園内・園舎内） | 競技種目=バスケットボール,3,82,0.05180037902716361,0.3346938775510204,6.307385811467444
発生場所1=学校内・校舎内（園内・園舎内） | 競技種目=バスケットボール,発生場所2=体育館・屋内運動場,3,82,0.05180037902716361,0.9761904761904762,6.307385811467444
性別=女 | 被災学校種=小,被災学年=4,3,20,0.012634238787113077,0.21505376344086022,6.30426125049781
被災学年=4,性別=女 | 被災学校種=小,3,20,0.012634238787113077,0.37037037037037035,6.3042612504978095
発生場所2=階段,場合別1=休憩時間 | 発生場所1=学校内・校舎内（園内・園舎内）,3,16,0.01010739102969046,0.64,6.292670807453416
競技種目=ソフトボール,場合別2=体育（保健体育） | 被災学校種=高,3,28,0.017687934301958308,0.37333333333333335,6.28709219858156
場合別2=体育（保健体育） | 被災学校種=高,競技種目=ソフトボール,3,28,0.017687934301958308,0.2978723404255319,6.28709219858156
給付年度=2,和暦=令和 | 競技種目=野球（含軟式）,3,18,0.011370814908401769,0.25,6.281746031746032
和暦=令和 | 競技種目=野球（含軟式）,給付年度=2,3,18,0.011370814908401769,0.2857142857142857,6.281746031746032
場合別2=体育（保健体育）,競技種目=ソフトボール,2,57,0.036007580543272265,0.296875,6.266041666666667
競技種目=ソフトボール,場合別2=体育（保健体育）,2,57,0.036007580543272265,0.76,6.266041666666667
競技種目=ソフトボール,場合別1=各教科等 | 場合別2=体育（保健体育）,3,57,0.036007580543272265,0.76,6.266041666666667
場合別1=各教科等 | 場合別2=体育（保健体育）,競技種目=ソフトボール,3,57,0.036007580543272265,0.296875,6.266041666666667
場合別2=登校（登園）中,和暦=平成 | 通学方法=自転車,3,80,0.05053695514845231,0.6837606837606838,6.256607875104985
和暦=平成 | 通学方法=自転車,場合別2=登校（登園）中,3,80,0.05053695514845231,0.4624277456647399,6.256607875104985
通学方法=徒歩,場合別1=通学中 | 性別=男,3,28,0.017687934301958308,0.6511627906976745,6.247216349541931
和暦=令和 | 発生場所2=運動場・校庭（園庭）,給付年度=2,3,28,0.017687934301958308,0.2828282828282828,6.218294051627385
給付年度=2,和暦=令和 | 発生場所2=運動場・校庭（園庭）,3,28,0.017687934301958308,0.3888888888888889,6.218294051627384
競技種目=バスケットボール,場合別1=課外指導 | 発生場所1=学校内・校舎内（園内・園舎内）,3,62,0.03916614024005054,0.5535714285714286,6.214918946301925
場合別1=課外指導 | 発生場所1=学校内・校舎内（園内・園舎内）,競技種目=バスケットボール,3,62,0.03916614024005054,0.4397163120567376,6.214918946301925
場合別2=下校（降園）中,場合別1=通学中 | 被災学年=1,3,53,0.033480732785849655,0.3925925925925926,6.214740740740742
場合別1=通学中 | 被災学年=1,場合別2=下校（降園）中,3,53,0.033480732785849655,0.53,6.214740740740742
発生場所1=学校内・校舎内（園内・園舎内） | 被災学年=6,被災学校種=小,3,25,0.015792798483891344,0.9615384615384616,6.212715855572998
被災学校種=小,和暦=平成 | 被災学年=6,3,49,0.03095388502842704,0.2,6.207843137254902
和暦=平成 | 被災学年=6,被災学校種=小,3,49,0.03095388502842704,0.9607843137254902,6.207843137254902
和暦=平成 | 場合別2=体育（保健体育）,競技種目=ソフトボール,3,45,0.028427037271004423,0.29411764705882354,6.207843137254902
競技種目=ソフトボール,和暦=平成 | 場合別2=体育（保健体育）,3,45,0.028427037271004423,0.6,6.207843137254901
場合別1=通学中 | 発生場所2=道路,通学方法=自転車,3,217,0.13708149084017687,0.8543307086614174,6.203695008307449
通学方法=自転車,場合別1=通学中 | 発生場所2=道路,3,217,0.13708149084017687,0.9954128440366973,6.203695008307448
給付年度=5,和暦=令和 | 被災学校種=高,3,26,0.016424510423247,0.6190476190476191,6.202230259192285
場合別1=休憩時間 | 発生場所1=学校内・校舎内（園内・園舎内）,発生場所2=教室（保育室）,3,51,0.032217308907138344,0.3167701863354037,6.190706234184495
発生場所2=教室（保育室）,場合別1=休憩時間 | 発生場所1=学校内・校舎内（園内・園舎内）,3,51,0.032217308907138344,0.6296296296296297,6.1907062341844945
競技種目=ソフトボール | 被災学校種=中,場合別2=体育（保健体育）,3,27,0.017056222362602652,0.75,6.18359375
競技種目=ソフトボール | 被災学年=1,場合別2=体育（保健体育）,3,18,0.011370814908401769,0.75,6.18359375
発生場所1=学校内・校舎外（園内・園舎外） | 被災学年=6,被災学校種=小,3,20,0.012634238787113077,0.9523809523809523,6.15354713313897
場合別1=各教科等 | 競技種目=バスケットボール,発生場所2=体育館・屋内運動場,3,20,0.012634238787113077,0.9523809523809523,6.15354713313897
場合別2=体育（保健体育） | 競技種目=バスケットボール,発生場所2=体育館・屋内運動場,3,20,0.012634238787113077,0.9523809523809523,6.15354713313897
性別=女 | 被災学年=4,被災学校種=小,3,20,0.012634238787113077,0.9523809523809523,6.15354713313897
場合別1=休憩時間 | 発生場所1=学校内・校舎内（園内・園舎内）,発生場所2=廊下,3,60,0.03790271636133923,0.37267080745341613,6.145186335403727
発生場所2=廊下,場合別1=休憩時間 | 発生場所1=学校内・校舎内（園内・園舎内）,3,60,0.03790271636133923,0.625,6.145186335403726
発生場所1=学校内・校舎内（園内・園舎内） | 被災学年=4,被災学校種=小,3,19,0.012002526847757423,0.95,6.138163265306122
競技種目=ソフトボール,場合別1=各教科等 | 性別=男,3,47,0.02969046114971573,0.6266666666666667,6.123539094650207
場合別1=各教科等 | 性別=男,競技種目=ソフトボール,3,47,0.02969046114971573,0.29012345679012347,6.123539094650206
給付年度=2,和暦=令和 | 被災学校種=高,3,44,0.027795325331648767,0.6111111111111112,6.122714486638538
和暦=令和 | 被災学校種=高,給付年度=2,3,44,0.027795325331648767,0.27848101265822783,6.122714486638537
場合別2=下校（降園）中,被災学年=2 | 通学方法=自転車,3,36,0.022741629816803537,0.26666666666666666,6.1178743961352655
被災学年=2 | 通学方法=自転車,場合別2=下校（降園）中,3,36,0.022741629816803537,0.5217391304347826,6.1178743961352655
競技種目=ソフトボール,場合別2=体育（保健体育） | 被災学年=3,3,22,0.013897662665824383,0.29333333333333333,6.109824561403509
場合別2=体育（保健体育） | 被災学年=3,競技種目=ソフトボール,3,22,0.013897662665824383,0.2894736842105263,6.109824561403509
発生場所2=教室（保育室）,場合別2=休憩時間中 | 発生場所1=学校内・校舎内（園内・園舎内）,3,20,0.012634238787113077,0.24691358024691357,6.107253086419753
場合別2=休憩時間中 | 発生場所1=学校内・校舎内（園内・園舎内）,発生場所2=教室（保育室）,3,20,0.012634238787113077,0.3125,6.107253086419753
被災学年=6,被災学校種=小,2,51,0.032217308907138344,0.9444444444444444,6.102267573696145
被災学校種=小,被災学年=6,2,51,0.032217308907138344,0.20816326530612245,6.102267573696145
性別=男 | 発生場所2=道路,場合別2=下校（降園）中,3,90,0.056854074542008845,0.5202312138728323,6.10019267822736
場合別2=下校（降園）中,性別=男 | 発生場所2=道路,3,90,0.056854074542008845,0.6666666666666666,6.100192678227359
場合別1=通学中 | 発生場所2=道路,場合別2=下校（降園）中,3,132,0.08338597599494631,0.5196850393700787,6.093788276465442
場合別2=下校（降園）中,場合別1=通学中 | 発生場所2=道路,3,132,0.08338597599494631,0.9777777777777777,6.093788276465441
発生場所2=運動場・校庭（園庭） | 被災学校種=小,被災学年=6,3,16,0.01010739102969046,0.2077922077922078,6.0913900913900925
被災学年=6,発生場所2=運動場・校庭（園庭） | 被災学校種=小,3,16,0.01010739102969046,0.2962962962962963,6.091390091390091
場合別2=体育（保健体育）,和暦=平成 | 競技種目=ソフトボール,3,45,0.028427037271004423,0.234375,6.082223360655738
和暦=平成 | 競技種目=ソフトボール,場合別2=体育（保健体育）,3,45,0.028427037271004423,0.7377049180327869,6.082223360655738
発生場所2=運動場・校庭（園庭） | 被災学年=6,被災学校種=小,3,16,0.01010739102969046,0.9411764705882353,6.081152460984394
場合別2=登校（登園）中,被災学年=2 | 通学方法=自転車,3,31,0.01958307012002527,0.26495726495726496,6.078657252570296
被災学年=2 | 通学方法=自転車,場合別2=登校（登園）中,3,31,0.01958307012002527,0.4492753623188406,6.078657252570296
性別=男 | 通学方法=自転車,場合別2=下校（降園）中,3,71,0.04485154769425142,0.5182481751824818,6.076939713436064
場合別2=下校（降園）中,性別=男 | 通学方法=自転車,3,71,0.04485154769425142,0.5259259259259259,6.076939713436063
発生場所1=学校内・校舎内（園内・園舎内） | 競技種目=バレーボール,発生場所2=体育館・屋内運動場,3,31,0.01958307012002527,0.9393939393939394,6.0696351267779844
場合別1=通学中 | 性別=女,通学方法=自転車,3,81,0.051168667087807956,0.8350515463917526,6.063699990541947
通学方法=自転車,場合別1=通学中 | 性別=女,3,81,0.051168667087807956,0.37155963302752293,6.063699990541946
競技種目=ソフトボール,発生場所2=運動場・校庭（園庭） | 被災学校種=中,3,33,0.020846493998736577,0.44,6.0566956521739135
発生場所2=運動場・校庭（園庭） | 被災学校種=中,競技種目=ソフトボール,3,33,0.020846493998736577,0.28695652173913044,6.0566956521739135
給付年度=2,和暦=令和 | 性別=男,3,57,0.036007580543272265,0.7916666666666666,6.05414653784219
和暦=令和 | 性別=男,給付年度=2,3,57,0.036007580543272265,0.2753623188405797,6.05414653784219
被災学年=1 | 通学方法=自転車,場合別2=下校（降園）中,3,49,0.03095388502842704,0.5157894736842106,6.0481091617933735
場合別2=下校（降園）中,被災学年=1 | 通学方法=自転車,3,49,0.03095388502842704,0.362962962962963,6.048109161793373
給付年度=3,和暦=令和 | 性別=男,3,34,0.02147820593809223,0.7906976744186046,6.0467363217616
場合別1=通学中,通学方法=自転車,2,218,0.13771320277953253,0.8320610687022901,6.041984732824428
場合別1=通学中,発生場所1=学校外（園外） | 通学方法=自転車,3,218,0.13771320277953253,0.8320610687022901,6.041984732824428
場合別1=通学中 | 発生場所1=学校外（園外）,通学方法=自転車,3,218,0.13771320277953253,0.8320610687022901,6.041984732824428
場合別1=通学中,発生場所2=道路 | 通学方法=自転車,3,217,0.13708149084017687,0.8282442748091603,6.041984732824428
場合別1=通学中,和暦=平成 | 通学方法=自転車,3,173,0.10928616550852811,0.6603053435114504,6.041984732824428
場合別1=通学中,性別=男 | 通学方法=自転車,3,137,0.08654453569172457,0.5229007633587787,6.041984732824428
場合別1=通学中,場合別2=下校（降園）中,2,135,0.08528111181301326,0.5152671755725191,6.041984732824428
場合別1=通学中,場合別2=下校（降園）中 | 発生場所1=学校外（園外）,3,135,0.08528111181301326,0.5152671755725191,6.041984732824428
場合別1=通学中 | 発生場所1=学校外（園外）,場合別2=下校（降園）中,3,135,0.08528111181301326,0.5152671755725191,6.041984732824428
場合別1=通学中,場合別2=登校（登園）中,2,117,0.0739102969046115,0.44656488549618323,6.041984732824428
場合別1=通学中,場合別2=登校（登園）中 | 発生場所1=学校外（園外）,3,117,0.0739102969046115,0.44656488549618323,6.041984732824428
場合別1=通学中 | 発生場所1=学校外（園外）,場合別2=登校（登園）中,3,117,0.0739102969046115,0.44656488549618323,6.041984732824428
場合別1=通学中,和暦=平成 | 場合別2=下校（降園）中,3,115,0.07264687302590019,0.4389312977099237,6.041984732824428
場合別1=通学中,被災学年=1 | 通学方法=自転車,3,95,0.06001263423878711,0.36259541984732824,6.041984732824428
場合別1=通学中,和暦=平成 | 場合別2=登校（登園）中,3,89,0.05622236260265319,0.33969465648854963,6.041984732824428
場合別1=通学中,場合別2=登校（登園）中 | 被災学校種=高,3,82,0.05180037902716361,0.31297709923664124,6.041984732824428
場合別1=通学中,性別=女 | 通学方法=自転車,3,81,0.051168667087807956,0.30916030534351147,6.041984732824428
通学方法=自転車,場合別1=通学中,2,218,0.13771320277953253,1.0,6.041984732824427
通学方法=自転車,場合別1=通学中 | 発生場所1=学校外（園外）,3,218,0.13771320277953253,1.0,6.041984732824427
発生場所1=学校外（園外） | 通学方法=自転車,場合別1=通学中,3,218,0.13771320277953253,1.0,6.041984732824427
発生場所2=道路 | 通学方法=自転車,場合別1=通学中,3,217,0.13708149084017687,1.0,6.041984732824427
和暦=平成 | 通学方法=自転車,場合別1=通学中,3,173,0.10928616550852811,1.0,6.041984732824427
場合別1=通学中,被災学校種=高 | 通学方法=自転車,3,160,0.10107391029690461,0.6106870229007634,6.041984732824427
被災学校種=高 | 通学方法=自転車,場合別1=通学中,3,160,0.10107391029690461,1.0,6.041984732824427
性別=男 | 通学方法=自転車,場合別1=通学中,3,137,0.08654453569172457,1.0,6.041984732824427
場合別2=下校（降園）中,場合別1=通学中,2,135,0.08528111181301326,1.0,6.041984732824427
場合別2=下校（降園）中,場合別1=通学中 | 発生場所1=学校外（園外）,3,135,0.08528111181301326,1.0,6.041984732824427
場合別2=下校（降園）中 | 発生場所1=学校外（園外）,場合別1=通学中,3,135,0.08528111181301326,1.0,6.041984732824427
場合別2=下校（降園）中 | 発生場所2=道路,場合別1=通学中,3,132,0.08338597599494631,1.0,6.041984732824427
場合別2=登校（登園）中,場合別1=通学中,2,117,0.0739102969046115,1.0,6.041984732824427
場合別2=登校（登園）中,場合別1=通学中 | 発生場所1=学校外（園外）,3,117,0.0739102969046115,1.0,6.041984732824427
場合別2=登校（登園）中 | 発生場所1=学校外（園外）,場合別1=通学中,3,117,0.0739102969046115,1.0,6.041984732824427
和暦=平成 | 場合別2=下校（降園）中,場合別1=通学中,3,115,0.07264687302590019,1.0,6.041984732824427
場合別1=通学中,場合別2=登校（登園）中 | 発生場所2=道路,3,113,0.07138344914718889,0.4312977099236641,6.041984732824427
場合別2=登校（登園）中 | 発生場所2=道路,場合別1=通学中,3,113,0.07138344914718889,1.0,6.041984732824427
場合別1=通学中,場合別2=登校（登園）中 | 通学方法=自転車,3,106,0.06696146557169931,0.40458015267175573,6.041984732824427
場合別2=登校（登園）中 | 通学方法=自転車,場合別1=通学中,3,106,0.06696146557169931,1.0,6.041984732824427
場合別1=通学中,場合別2=下校（降園）中 | 通学方法=自転車,3,103,0.06506632975363234,0.3931297709923664,6.041984732824427
場合別2=下校（降園）中 | 通学方法=自転車,場合別1=通学中,3,103,0.06506632975363234,1.0,6.041984732824427
被災学年=1 | 通学方法=自転車,場合別1=通学中,3,95,0.06001263423878711,1.0,6.041984732824427
場合別1=通学中,場合別2=下校（降園）中 | 性別=男,3,91,0.0574857864813645,0.3473282442748092,6.041984732824427
場合別2=下校（降園）中 | 性別=男,場合別1=通学中,3,91,0.0574857864813645,1.0,6.041984732824427
和暦=平成 | 場合別2=登校（登園）中,場合別1=通学中,3,89,0.05622236260265319,1.0,6.041984732824427
場合別2=登校（登園）中 | 被災学校種=高,場合別1=通学中,3,82,0.05180037902716361,1.0,6.041984732824427
性別=女 | 通学方法=自転車,場合別1=通学中,3,81,0.051168667087807956,1.0,6.041984732824427
場合別1=通学中,場合別2=下校（降園）中 | 被災学校種=高,3,79,0.04990524320909665,0.3015267175572519,6.041984732824427
場合別2=下校（降園）中 | 被災学校種=高,場合別1=通学中,3,79,0.04990524320909665,1.0,6.041984732824427
場合別1=通学中,被災学年=2 | 通学方法=自転車,3,69,0.043588123815540114,0.2633587786259542,6.041984732824427
被災学年=2 | 通学方法=自転車,場合別1=通学中,3,69,0.043588123815540114,1.0,6.041984732824427
場合別2=登校（登園）中 | 性別=男,場合別1=通学中,3,66,0.041692987997473153,1.0,6.041984732824427
場合別1=通学中,場合別2=下校（降園）中 | 被災学年=1,3,53,0.033480732785849655,0.20229007633587787,6.041984732824427
場合別2=下校（降園）中 | 被災学年=1,場合別1=通学中,3,53,0.033480732785849655,1.0,6.041984732824427
場合別2=登校（登園）中 | 性別=女,場合別1=通学中,3,51,0.032217308907138344,1.0,6.041984732824427
被災学年=3 | 通学方法=自転車,場合別1=通学中,3,51,0.032217308907138344,1.0,6.041984732824427
被災学校種=中 | 通学方法=自転車,場合別1=通学中,3,48,0.030322173089071383,1.0,6.041984732824427
場合別2=下校（降園）中 | 被災学年=2,場合別1=通学中,3,46,0.029058749210360075,1.0,6.041984732824427
和暦=令和 | 通学方法=自転車,場合別1=通学中,3,45,0.028427037271004423,1.0,6.041984732824427
場合別2=下校（降園）中 | 性別=女,場合別1=通学中,3,44,0.027795325331648767,1.0,6.041984732824427
通学方法=徒歩,場合別1=通学中,2,43,0.027163613392293114,1.0,6.041984732824427
通学方法=徒歩,場合別1=通学中 | 発生場所1=学校外（園外）,3,43,0.027163613392293114,1.0,6.041984732824427
発生場所1=学校外（園外） | 通学方法=徒歩,場合別1=通学中,3,43,0.027163613392293114,1.0,6.041984732824427
場合別2=登校（登園）中 | 被災学年=1,場合別1=通学中,3,43,0.027163613392293114,1.0,6.041984732824427
和暦=平成 | 通学方法=徒歩,場合別1=通学中,3,39,0.024636765634870498,1.0,6.041984732824427
発生場所2=道路 | 通学方法=徒歩,場合別1=通学中,3,37,0.02337334175615919,1.0,6.041984732824427
場合別2=登校（登園）中 | 被災学年=2,場合別1=通学中,3,35,0.022109917877447885,1.0,6.041984732824427
場合別2=登校（登園）中 | 被災学年=3,場合別1=通学中,3,34,0.02147820593809223,1.0,6.041984732824427
場合別2=下校（降園）中 | 通学方法=徒歩,場合別1=通学中,3,32,0.02021478205938092,1.0,6.041984732824427
場合別2=下校（降園）中 | 被災学校種=中,場合別1=通学中,3,32,0.02021478205938092,1.0,6.041984732824427
性別=男 | 通学方法=徒歩,場合別1=通学中,3,28,0.017687934301958308,1.0,6.041984732824427
和暦=令和 | 場合別2=登校（登園）中,場合別1=通学中,3,28,0.017687934301958308,1.0,6.041984732824427
被災学校種=小 | 通学方法=徒歩,場合別1=通学中,3,26,0.016424510423247,1.0,6.041984732824427
場合別2=下校（降園）中 | 被災学年=3,場合別1=通学中,3,26,0.016424510423247,1.0,6.041984732824427
発生場所2=道路 | 給付年度=20,場合別1=通学中,3,25,0.015792798483891344,1.0,6.041984732824427
場合別2=登校（登園）中 | 被災学校種=中,場合別1=通学中,3,22,0.013897662665824383,1.0,6.041984732824427
場合別2=下校（降園）中 | 被災学校種=小,場合別1=通学中,3,21,0.013265950726468731,1.0,6.041984732824427
給付年度=20 | 通学方法=自転車,場合別1=通学中,3,20,0.012634238787113077,1.0,6.041984732824427
和暦=令和 | 場合別2=下校（降園）中,場合別1=通学中,3,20,0.012634238787113077,1.0,6.041984732824427
発生場所2=道路 | 給付年度=18,場合別1=通学中,3,19,0.012002526847757423,1.0,6.041984732824427
給付年度=18 | 通学方法=自転車,場合別1=通学中,3,19,0.012002526847757423,1.0,6.041984732824427
発生場所2=道路 | 給付年度=23,場合別1=通学中,3,17,0.010739102969046115,1.0,6.041984732824427
給付年度=23 | 通学方法=自転車,場合別1=通学中,3,16,0.01010739102969046,1.0,6.041984732824427
場合別1=通学中,場合別2=下校（降園）中 | 発生場所2=道路,3,132,0.08338597599494631,0.5038167938931297,6.041984732824426
場合別1=通学中,場合別2=登校（登園）中 | 性別=男,3,66,0.041692987997473153,0.25190839694656486,6.041984732824426
場合別1=各教科等 | 性別=女,場合別2=体育（保健体育）,3,52,0.032849020846494,0.7323943661971831,6.038438967136151
場合別2=体育（保健体育）,場合別1=各教科等 | 性別=女,3,52,0.032849020846494,0.2708333333333333,6.03843896713615
通学方法=自転車,場合別1=通学中 | 被災学年=2,3,69,0.043588123815540114,0.3165137614678899,6.036641980767105
場合別1=通学中 | 被災学年=2,通学方法=自転車,3,69,0.043588123815540114,0.8313253012048193,6.036641980767105
通学方法=自転車,場合別1=通学中 | 性別=男,3,137,0.08654453569172457,0.6284403669724771,6.029218793438977
場合別1=通学中 | 性別=男,通学方法=自転車,3,137,0.08654453569172457,0.8303030303030303,6.029218793438977
場合別2=登校（登園）中,場合別1=通学中 | 発生場所2=道路,3,113,0.07138344914718889,0.9658119658119658,6.019213944410795
場合別1=通学中 | 発生場所2=道路,場合別2=登校（登園）中,3,113,0.07138344914718889,0.4448818897637795,6.019213944410795
通学方法=自転車,場合別1=通学中 | 被災学校種=中,3,48,0.030322173089071383,0.22018348623853212,6.009490667510282
場合別1=通学中 | 被災学校種=中,通学方法=自転車,3,48,0.030322173089071383,0.8275862068965517,6.009490667510281
被災学年=4,被災学校種=小,2,50,0.03158559696778269,0.9259259259259259,5.982615268329554
被災学校種=小,被災学年=4,2,50,0.03158559696778269,0.20408163265306123,5.982615268329554
場合別2=登校（登園）中,被災学年=1 | 通学方法=自転車,3,42,0.026531901452937462,0.358974358974359,5.9816464237516875
被災学年=1 | 通学方法=自転車,場合別2=登校（登園）中,3,42,0.026531901452937462,0.4421052631578947,5.981646423751687
競技種目=ソフトボール | 被災学年=3,場合別1=各教科等,3,22,0.013897662665824383,0.88,5.978712446351931
場合別2=下校（降園）中,発生場所2=道路 | 被災学年=1,3,53,0.033480732785849655,0.3925925925925926,5.975712250712251
発生場所2=道路 | 被災学年=1,場合別2=下校（降園）中,3,53,0.033480732785849655,0.5096153846153846,5.975712250712251
場合別2=休憩時間中,場合別1=休憩時間 | 発生場所2=運動場・校庭（園庭）,3,29,0.01831964624131396,0.30851063829787234,5.955760249091853
場合別1=休憩時間 | 発生場所2=運動場・校庭（園庭）,場合別2=休憩時間中,3,29,0.01831964624131396,0.35365853658536583,5.955760249091852
給付年度=3,和暦=令和 | 発生場所2=運動場・校庭（園庭）,3,16,0.01010739102969046,0.37209302325581395,5.9497298567066
給付年度=1,和暦=令和 | 性別=男,3,49,0.03095388502842704,0.7777777777777778,5.947933440687064
和暦=令和 | 性別=男,給付年度=1,3,49,0.03095388502842704,0.23671497584541062,5.947933440687064
場合別2=下校（降園）中,発生場所2=道路 | 被災学年=2,3,43,0.027163613392293114,0.31851851851851853,5.9319389978213515
発生場所2=道路 | 被災学年=2,場合別2=下校（降園）中,3,43,0.027163613392293114,0.5058823529411764,5.931938997821351
給付年度=1,和暦=令和 | 発生場所1=学校内・校舎外（園内・園舎外）,3,25,0.015792798483891344,0.3968253968253968,5.926175501647199
和暦=令和 | 発生場所1=学校内・校舎外（園内・園舎外）,給付年度=1,3,25,0.015792798483891344,0.2358490566037736,5.926175501647199
競技種目=バレーボール,発生場所2=体育館・屋内運動場 | 被災学校種=高,3,23,0.014529374605180037,0.5348837209302325,5.921125386241665
被災学校種=中 | 通学方法=自転車,場合別2=登校（登園）中,3,21,0.013265950726468731,0.4375,5.9193376068376065
場合別2=昼食時休憩時間中,場合別1=休憩時間 | 発生場所1=学校内・校舎外（園内・園舎外）,3,25,0.015792798483891344,0.32894736842105265,5.917314593301436
場合別1=休憩時間 | 発生場所1=学校内・校舎外（園内・園舎外）,場合別2=昼食時休憩時間中,3,25,0.015792798483891344,0.2840909090909091,5.917314593301436
場合別2=昼食時休憩時間中,場合別1=休憩時間 | 発生場所2=廊下,3,17,0.010739102969046115,0.2236842105263158,5.901535087719298
場合別1=休憩時間 | 発生場所2=廊下,場合別2=昼食時休憩時間中,3,17,0.010739102969046115,0.2833333333333333,5.901535087719298
通学方法=自転車,和暦=平成 | 場合別1=通学中,3,173,0.10928616550852811,0.7935779816513762,5.897811948141448
和暦=平成 | 場合別1=通学中,通学方法=自転車,3,173,0.10928616550852811,0.812206572769953,5.897811948141448
給付年度=1,和暦=令和 | 発生場所1=学校内・校舎内（園内・園舎内）,3,19,0.012002526847757423,0.30158730158730157,5.893983931020968
和暦=令和 | 発生場所1=学校内・校舎内（園内・園舎内）,給付年度=1,3,19,0.012002526847757423,0.2345679012345679,5.893983931020967
和暦=平成 | 発生場所2=道路,場合別2=下校（降園）中,3,112,0.07075173720783323,0.5022421524663677,5.889254276698224
場合別2=下校（降園）中,和暦=平成 | 発生場所2=道路,3,112,0.07075173720783323,0.8296296296296296,5.889254276698223
和暦=平成 | 被災学年=4,被災学校種=小,3,41,0.025900189513581806,0.9111111111111111,5.886893424036281
性別=男 | 被災学年=4,被災学校種=小,3,30,0.018951358180669616,0.9090909090909091,5.873840445269017
場合別1=休憩時間 | 被災学年=5,被災学校種=小,3,20,0.012634238787113077,0.9090909090909091,5.873840445269017
場合別1=通学中,発生場所2=道路 | 被災学校種=高,3,164,0.10360075805432722,0.6259541984732825,5.863227788066309
発生場所2=道路 | 被災学校種=高,場合別1=通学中,3,164,0.10360075805432722,0.9704142011834319,5.863227788066308
給付年度=2,和暦=令和,2,72,0.045483259633607075,1.0,5.862962962962963
和暦=令和,給付年度=2,2,72,0.045483259633607075,0.26666666666666666,5.862962962962963
和暦=令和,給付年度=1,2,63,0.03979785217940619,0.23333333333333334,5.862962962962963
給付年度=1,和暦=令和,2,63,0.03979785217940619,1.0,5.862962962962963
和暦=令和,性別=男 | 給付年度=2,3,57,0.036007580543272265,0.2111111111111111,5.862962962962963
性別=男 | 給付年度=2,和暦=令和,3,57,0.036007580543272265,1.0,5.862962962962963
給付年度=4,和暦=令和,2,50,0.03158559696778269,1.0,5.862962962962963
性別=男 | 給付年度=1,和暦=令和,3,49,0.03095388502842704,1.0,5.862962962962963
給付年度=2 | 被災学校種=高,和暦=令和,3,44,0.027795325331648767,1.0,5.862962962962963
給付年度=3,和暦=令和,2,43,0.027163613392293114,1.0,5.862962962962963
給付年度=5,和暦=令和,2,42,0.026531901452937462,1.0,5.862962962962963
場合別1=課外指導 | 給付年度=2,和暦=令和,3,35,0.022109917877447885,1.0,5.862962962962963
性別=男 | 給付年度=4,和暦=令和,3,35,0.022109917877447885,1.0,5.862962962962963
場合別2=体育的部活動 | 給付年度=2,和暦=令和,3,34,0.02147820593809223,1.0,5.862962962962963
性別=男 | 給付年度=3,和暦=令和,3,34,0.02147820593809223,1.0,5.862962962962963
給付年度=4 | 被災学校種=高,和暦=令和,3,34,0.02147820593809223,1.0,5.862962962962963
発生場所1=学校内・校舎外（園内・園舎外） | 給付年度=2,和暦=令和,3,32,0.02021478205938092,1.0,5.862962962962963
性別=男 | 給付年度=5,和暦=令和,3,32,0.02021478205938092,1.0,5.862962962962963
給付年度=2 | 被災学年=1,和暦=令和,3,29,0.01831964624131396,1.0,5.862962962962963
発生場所2=運動場・校庭（園庭） | 給付年度=2,和暦=令和,3,28,0.017687934301958308,1.0,5.862962962962963
給付年度=3 | 被災学校種=高,和暦=令和,3,28,0.017687934301958308,1.0,5.862962962962963
給付年度=1 | 被災学校種=高,和暦=令和,3,26,0.016424510423247,1.0,5.862962962962963
給付年度=5 | 被災学校種=高,和暦=令和,3,26,0.016424510423247,1.0,5.862962962962963
発生場所1=学校内・校舎外（園内・園舎外） | 給付年度=1,和暦=令和,3,25,0.015792798483891344,1.0,5.862962962962963
場合別1=課外指導 | 給付年度=1,和暦=令和,3,24,0.015161086544535692,1.0,5.862962962962963
場合別2=体育的部活動 | 給付年度=1,和暦=令和,3,24,0.015161086544535692,1.0,5.862962962962963
給付年度=2 | 被災学年=2,和暦=令和,3,24,0.015161086544535692,1.0,5.862962962962963
発生場所2=運動場・校庭（園庭） | 給付年度=1,和暦=令和,3,23,0.014529374605180037,1.0,5.862962962962963
給付年度=2 | 被災学校種=中,和暦=令和,3,22,0.013897662665824383,1.0,5.862962962962963
給付年度=4 | 被災学年=1,和暦=令和,3,22,0.013897662665824383,1.0,5.862962962962963
給付年度=1 | 被災学校種=中,和暦=令和,3,21,0.013265950726468731,1.0,5.862962962962963
発生場所1=学校外（園外） | 給付年度=2,和暦=令和,3,21,0.013265950726468731,1.0,5.862962962962963
場合別1=課外指導 | 給付年度=5,和暦=令和,3,21,0.013265950726468731,1.0,5.862962962962963
給付年度=1 | 被災学年=1,和暦=令和,3,20,0.012634238787113077,1.0,5.862962962962963
場合別1=課外指導 | 給付年度=4,和暦=令和,3,20,0.012634238787113077,1.0,5.862962962962963
場合別2=体育的部活動 | 給付年度=4,和暦=令和,3,20,0.012634238787113077,1.0,5.862962962962963
発生場所1=学校内・校舎内（園内・園舎内） | 給付年度=1,和暦=令和,3,19,0.012002526847757423,1.0,5.862962962962963
発生場所1=学校外（園外） | 給付年度=1,和暦=令和,3,19,0.012002526847757423,1.0,5.862962962962963
発生場所1=学校内・校舎内（園内・園舎内） | 給付年度=2,和暦=令和,3,19,0.012002526847757423,1.0,5.862962962962963
場合別2=体育的部活動 | 給付年度=5,和暦=令和,3,19,0.012002526847757423,1.0,5.862962962962963
給付年度=1 | 被災学年=3,和暦=令和,3,18,0.011370814908401769,1.0,5.862962962962963
給付年度=1 | 被災学年=2,和暦=令和,3,18,0.011370814908401769,1.0,5.862962962962963
競技種目=野球（含軟式） | 給付年度=2,和暦=令和,3,18,0.011370814908401769,1.0,5.862962962962963
発生場所1=学校内・校舎外（園内・園舎外） | 給付年度=4,和暦=令和,3,18,0.011370814908401769,1.0,5.862962962962963
発生場所1=学校内・校舎内（園内・園舎内） | 給付年度=4,和暦=令和,3,17,0.010739102969046115,1.0,5.862962962962963
発生場所2=運動場・校庭（園庭） | 給付年度=4,和暦=令和,3,17,0.010739102969046115,1.0,5.862962962962963
給付年度=4 | 被災学年=2,和暦=令和,3,17,0.010739102969046115,1.0,5.862962962962963
給付年度=5 | 被災学年=2,和暦=令和,3,17,0.010739102969046115,1.0,5.862962962962963
発生場所1=学校内・校舎外（園内・園舎外） | 給付年度=3,和暦=令和,3,16,0.01010739102969046,1.0,5.862962962962963
発生場所2=運動場・校庭（園庭） | 給付年度=3,和暦=令和,3,16,0.01010739102969046,1.0,5.862962962962963
給付年度=3 | 被災学年=2,和暦=令和,3,16,0.01010739102969046,1.0,5.862962962962963
場合別1=課外指導 | 給付年度=3,和暦=令和,3,16,0.01010739102969046,1.0,5.862962962962963
場合別2=体育的部活動 | 給付年度=3,和暦=令和,3,16,0.01010739102969046,1.0,5.862962962962963
給付年度=4,和暦=令和 | 被災学年=2,3,17,0.010739102969046115,0.34,5.850217391304349
場合別2=授業終了後の特定時間中,場合別1=休憩時間 | 被災学校種=中,3,18,0.011370814908401769,0.32142857142857145,5.848522167487685
場合別1=休憩時間 | 被災学校種=中,場合別2=授業終了後の特定時間中,3,18,0.011370814908401769,0.20689655172413793,5.848522167487684
場合別2=授業終了後の特定時間中,和暦=平成 | 場合別1=休憩時間,3,43,0.027163613392293114,0.7678571428571429,5.843835851648352
和暦=平成 | 場合別1=休憩時間,場合別2=授業終了後の特定時間中,3,43,0.027163613392293114,0.20673076923076922,5.843835851648351
和暦=令和 | 発生場所2=運動場・校庭（園庭）,給付年度=1,3,23,0.014529374605180037,0.23232323232323232,5.837582170915504
給付年度=1,和暦=令和 | 発生場所2=運動場・校庭（園庭）,3,23,0.014529374605180037,0.36507936507936506,5.837582170915503
給付年度=5,和暦=令和 | 性別=男,3,32,0.02021478205938092,0.7619047619047619,5.826547043938348
場合別2=登校（登園）中,場合別1=通学中 | 被災学年=1,3,43,0.027163613392293114,0.36752136752136755,5.817863247863249
場合別1=通学中 | 被災学年=1,場合別2=登校（登園）中,3,43,0.027163613392293114,0.43,5.817863247863248
通学方法=自転車,性別=女 | 発生場所2=道路,3,80,0.05053695514845231,0.3669724770642202,5.809174311926607
性別=女 | 発生場所2=道路,通学方法=自転車,3,80,0.05053695514845231,0.8,5.809174311926606
通学方法=自転車,発生場所2=道路 | 被災学年=2,3,68,0.04295641187618446,0.3119266055045872,5.809174311926606
発生場所2=道路 | 被災学年=2,通学方法=自転車,3,68,0.04295641187618446,0.8,5.809174311926606
場合別1=通学中 | 給付年度=20,通学方法=自転車,3,20,0.012634238787113077,0.8,5.809174311926606
発生場所2=道路 | 給付年度=20,通学方法=自転車,3,20,0.012634238787113077,0.8,5.809174311926606
和暦=令和 | 発生場所2=道路,場合別1=通学中,3,48,0.030322173089071383,0.96,5.80030534351145
発生場所2=道路,場合別2=下校（降園）中 | 被災学校種=高,3,79,0.04990524320909665,0.2893772893772894,5.798534798534799
発生場所2=道路,性別=男 | 通学方法=自転車,3,137,0.08654453569172457,0.5018315018315018,5.798534798534798
性別=男 | 通学方法=自転車,発生場所2=道路,3,137,0.08654453569172457,1.0,5.798534798534798
発生場所2=道路,場合別2=下校（降園）中 | 通学方法=自転車,3,103,0.06506632975363234,0.3772893772893773,5.798534798534798
場合別2=下校（降園）中 | 通学方法=自転車,発生場所2=道路,3,103,0.06506632975363234,1.0,5.798534798534798
発生場所2=道路,被災学年=1 | 通学方法=自転車,3,95,0.06001263423878711,0.34798534798534797,5.798534798534798
被災学年=1 | 通学方法=自転車,発生場所2=道路,3,95,0.06001263423878711,1.0,5.798534798534798
場合別2=下校（降園）中 | 被災学校種=高,発生場所2=道路,3,79,0.04990524320909665,1.0,5.798534798534798
場合別2=下校（降園）中 | 被災学年=1,発生場所2=道路,3,53,0.033480732785849655,1.0,5.798534798534798
被災学年=3 | 通学方法=自転車,発生場所2=道路,3,51,0.032217308907138344,1.0,5.798534798534798
被災学校種=中 | 通学方法=自転車,発生場所2=道路,3,48,0.030322173089071383,1.0,5.798534798534798
和暦=令和 | 通学方法=自転車,発生場所2=道路,3,45,0.028427037271004423,1.0,5.798534798534798
場合別2=下校（降園）中 | 被災学年=3,発生場所2=道路,3,26,0.016424510423247,1.0,5.798534798534798
場合別1=通学中 | 給付年度=20,発生場所2=道路,3,25,0.015792798483891344,1.0,5.798534798534798
給付年度=20 | 通学方法=自転車,発生場所2=道路,3,20,0.012634238787113077,1.0,5.798534798534798
和暦=令和 | 場合別2=下校（降園）中,発生場所2=道路,3,20,0.012634238787113077,1.0,5.798534798534798
給付年度=23 | 通学方法=自転車,発生場所2=道路,3,16,0.01010739102969046,1.0,5.798534798534798
場合別1=特別活動（除学校行事）,発生場所1=学校内・校舎内（園内・園舎内） | 被災学校種=小,3,26,0.016424510423247,0.40625,5.793637387387387
発生場所1=学校内・校舎内（園内・園舎内） | 被災学校種=小,場合別1=特別活動（除学校行事）,3,26,0.016424510423247,0.23423423423423423,5.793637387387387
通学方法=自転車,場合別1=通学中 | 被災学年=3,3,51,0.032217308907138344,0.23394495412844038,5.786482224770643
場合別1=通学中 | 被災学年=3,通学方法=自転車,3,51,0.032217308907138344,0.796875,5.7864822247706424
被災学年=4,性別=男 | 被災学校種=小,3,30,0.018951358180669616,0.5555555555555556,5.7858187134502925
場合別1=休憩時間 | 被災学年=6,被災学校種=小,3,17,0.010739102969046115,0.8947368421052632,5.7810955961331905
通学方法=自転車,発生場所2=道路,2,217,0.13708149084017687,0.9954128440366973,5.771936015055282
場合別1=通学中 | 通学方法=自転車,発生場所2=道路,3,217,0.13708149084017687,0.9954128440366973,5.771936015055282
通学方法=自転車,発生場所1=学校外（園外） | 発生場所2=道路,3,217,0.13708149084017687,0.9954128440366973,5.771936015055282
発生場所1=学校外（園外） | 通学方法=自転車,発生場所2=道路,3,217,0.13708149084017687,0.9954128440366973,5.771936015055282
発生場所2=道路,通学方法=自転車,2,217,0.13708149084017687,0.7948717948717948,5.771936015055281
発生場所2=道路,場合別1=通学中 | 通学方法=自転車,3,217,0.13708149084017687,0.7948717948717948,5.771936015055281
発生場所2=道路,発生場所1=学校外（園外） | 通学方法=自転車,3,217,0.13708149084017687,0.7948717948717948,5.771936015055281
発生場所1=学校外（園外） | 発生場所2=道路,通学方法=自転車,3,217,0.13708149084017687,0.7948717948717948,5.771936015055281
場合別2=下校（降園）中,発生場所2=道路 | 被災学校種=中,3,31,0.01958307012002527,0.22962962962962963,5.769900058788948
発生場所2=道路 | 被災学校種=中,場合別2=下校（降園）中,3,31,0.01958307012002527,0.49206349206349204,5.769900058788948
性別=女 | 被災学年=6,被災学校種=小,3,25,0.015792798483891344,0.8928571428571429,5.768950437317785
発生場所2=道路,和暦=平成 | 通学方法=自転車,3,172,0.10865445356917246,0.63003663003663,5.765017256346736
和暦=平成 | 通学方法=自転車,発生場所2=道路,3,172,0.10865445356917246,0.9942196531791907,5.765017256346736
場合別1=通学中,発生場所2=道路 | 被災学年=3,3,62,0.03916614024005054,0.2366412213740458,5.763123899001762
発生場所2=道路 | 被災学年=3,場合別1=通学中,3,62,0.03916614024005054,0.9538461538461539,5.763123899001762
発生場所2=道路,被災学校種=高 | 通学方法=自転車,3,159,0.10044219835754896,0.5824175824175825,5.7622939560439566
被災学校種=高 | 通学方法=自転車,発生場所2=道路,3,159,0.10044219835754896,0.99375,5.7622939560439566
場合別2=下校（降園）中,和暦=平成 | 通学方法=自転車,3,85,0.05369551484523057,0.6296296296296297,5.7612930849925075
和暦=平成 | 通学方法=自転車,場合別2=下校（降園）中,3,85,0.05369551484523057,0.4913294797687861,5.7612930849925075
給付年度=1,和暦=令和 | 発生場所1=学校外（園外）,3,19,0.012002526847757423,0.30158730158730157,5.75196022183974
和暦=令和 | 発生場所1=学校外（園外）,給付年度=1,3,19,0.012002526847757423,0.2289156626506024,5.751960221839739
場合別1=通学中,発生場所2=道路 | 被災学年=1,3,99,0.06253948199620973,0.37786259541984735,5.751504697592484
発生場所2=道路 | 被災学年=1,場合別1=通学中,3,99,0.06253948199620973,0.9519230769230769,5.751504697592484
通学方法=自転車,性別=男 | 発生場所2=道路,3,137,0.08654453569172457,0.6284403669724771,5.75041098796203
性別=男 | 発生場所2=道路,通学方法=自転車,3,137,0.08654453569172457,0.791907514450867,5.75041098796203
競技種目=バスケットボール,発生場所2=体育館・屋内運動場 | 被災学年=1,3,24,0.015161086544535692,0.21428571428571427,5.749394673123486
発生場所2=体育館・屋内運動場 | 被災学年=1,競技種目=バスケットボール,3,24,0.015161086544535692,0.4067796610169492,5.749394673123486
場合別2=登校（登園）中 | 通学方法=自転車,発生場所2=道路,3,105,0.06632975363234365,0.9905660377358491,5.743831640058056
発生場所2=道路,場合別2=登校（登園）中 | 通学方法=自転車,3,105,0.06632975363234365,0.38461538461538464,5.743831640058055
場合別2=休憩時間中,場合別1=休憩時間 | 発生場所1=学校内・校舎外（園内・園舎外）,3,30,0.018951358180669616,0.3191489361702128,5.7410541586073505
場合別1=休憩時間 | 発生場所1=学校内・校舎外（園内・園舎外）,場合別2=休憩時間中,3,30,0.018951358180669616,0.3409090909090909,5.74105415860735
発生場所2=道路,場合別1=通学中 | 被災学年=1,3,99,0.06253948199620973,0.3626373626373626,5.740549450549451
場合別1=通学中 | 被災学年=1,発生場所2=道路,3,99,0.06253948199620973,0.99,5.740549450549451
競技種目=ソフトボール,場合別1=各教科等 | 被災学校種=高,3,28,0.017687934301958308,0.37333333333333335,5.737734627831715
場合別1=各教科等 | 被災学校種=高,競技種目=ソフトボール,3,28,0.017687934301958308,0.27184466019417475,5.737734627831715
給付年度=2,和暦=令和 | 被災学年=2,3,24,0.015161086544535692,0.3333333333333333,5.7355072463768115
和暦=令和 | 被災学年=2,給付年度=2,3,24,0.015161086544535692,0.2608695652173913,5.7355072463768115
発生場所2=道路,場合別2=下校（降園）中 | 性別=男,3,90,0.056854074542008845,0.32967032967032966,5.734814635913537
場合別2=下校（降園）中 | 性別=男,発生場所2=道路,3,90,0.056854074542008845,0.989010989010989,5.734814635913537
発生場所2=道路,場合別1=通学中 | 被災学校種=高,3,164,0.10360075805432722,0.6007326007326007,5.72867293349221
場合別1=通学中 | 被災学校種=高,発生場所2=道路,3,164,0.10360075805432722,0.9879518072289156,5.72867293349221
場合別2=登校（登園）中,性別=男 | 通学方法=自転車,3,58,0.03663929248262792,0.49572649572649574,5.7279930126645455
性別=男 | 通学方法=自転車,場合別2=登校（登園）中,3,58,0.03663929248262792,0.4233576642335766,5.7279930126645455
発生場所2=道路,場合別2=登校（登園）中 | 被災学校種=高,3,81,0.051168667087807956,0.2967032967032967,5.727820959528277
場合別2=登校（登園）中 | 被災学校種=高,発生場所2=道路,3,81,0.051168667087807956,0.9878048780487805,5.727820959528277
発生場所2=道路,性別=女 | 通学方法=自転車,3,80,0.05053695514845231,0.29304029304029305,5.726947949170172
性別=女 | 通学方法=自転車,発生場所2=道路,3,80,0.05053695514845231,0.9876543209876543,5.726947949170171
被災学年=2 | 通学方法=自転車,発生場所2=道路,3,68,0.04295641187618446,0.9855072463768116,5.71449806232415
発生場所2=道路,被災学年=2 | 通学方法=自転車,3,68,0.04295641187618446,0.2490842490842491,5.714498062324149
性別=男 | 被災学年=5,被災学校種=小,3,38,0.024005053695514846,0.8837209302325582,5.709919316563835
発生場所2=道路 | 給付年度=17,場合別1=通学中,3,17,0.010739102969046115,0.9444444444444444,5.706318914334181
場合別2=登校（登園）中,場合別1=通学中 | 被災学年=2,3,35,0.022109917877447885,0.29914529914529914,5.705385645144681
場合別1=通学中 | 被災学年=2,場合別2=登校（登園）中,3,35,0.022109917877447885,0.42168674698795183,5.705385645144681
通学方法=自転車,発生場所2=道路 | 被災学年=3,3,51,0.032217308907138344,0.23394495412844038,5.697459421312633
発生場所2=道路 | 被災学年=3,通学方法=自転車,3,51,0.032217308907138344,0.7846153846153846,5.697459421312632
場合別2=登校（登園）中 | 性別=女,発生場所2=道路,3,50,0.03158559696778269,0.9803921568627451,5.6848380377792145
場合別2=下校（降園）中 | 被災学年=2,通学方法=自転車,3,36,0.022741629816803537,0.782608695652174,5.682887913841245
和暦=令和 | 場合別1=通学中,発生場所2=道路,3,48,0.030322173089071383,0.9795918367346939,5.680197353666742
発生場所2=運動場・校庭（園庭） | 被災学校種=小,被災学年=5,3,16,0.01010739102969046,0.2077922077922078,5.671294223018362
被災学年=5,発生場所2=運動場・校庭（園庭） | 被災学校種=小,3,16,0.01010739102969046,0.27586206896551724,5.671294223018361
競技種目=バスケットボール,性別=男 | 発生場所2=体育館・屋内運動場,3,69,0.043588123815540114,0.6160714285714286,5.670006229235881
性別=男 | 発生場所2=体育館・屋内運動場,競技種目=バスケットボール,3,69,0.043588123815540114,0.4011627906976744,5.67000622923588
場合別2=下校（降園）中,発生場所2=道路,2,132,0.08338597599494631,0.9777777777777777,5.66967846967847
発生場所2=道路,場合別2=下校（降園）中,2,132,0.08338597599494631,0.4835164835164835,5.66967846967847
発生場所2=道路,場合別1=通学中 | 場合別2=下校（降園）中,3,132,0.08338597599494631,0.4835164835164835,5.66967846967847
場合別1=通学中 | 場合別2=下校（降園）中,発生場所2=道路,3,132,0.08338597599494631,0.9777777777777777,5.66967846967847
場合別2=下校（降園）中,発生場所1=学校外（園外） | 発生場所2=道路,3,132,0.08338597599494631,0.9777777777777777,5.66967846967847
発生場所2=道路,場合別2=下校（降園）中 | 発生場所1=学校外（園外）,3,132,0.08338597599494631,0.4835164835164835,5.66967846967847
場合別2=下校（降園）中 | 発生場所1=学校外（園外）,発生場所2=道路,3,132,0.08338597599494631,0.9777777777777777,5.66967846967847
発生場所1=学校外（園外） | 発生場所2=道路,場合別2=下校（降園）中,3,132,0.08338597599494631,0.4835164835164835,5.66967846967847
通学方法=自転車,場合別2=下校（降園）中 | 発生場所2=道路,3,103,0.06506632975363234,0.4724770642201835,5.666145398943564
場合別2=下校（降園）中 | 発生場所2=道路,通学方法=自転車,3,103,0.06506632975363234,0.7803030303030303,5.666145398943564
通学方法=自転車,場合別2=下校（降園）中 | 性別=男,3,71,0.04485154769425142,0.3256880733944954,5.665540881137211
場合別2=下校（降園）中 | 性別=男,通学方法=自転車,3,71,0.04485154769425142,0.7802197802197802,5.665540881137211
場合別2=登校（登園）中 | 被災学年=1,発生場所2=道路,3,42,0.026531901452937462,0.9767441860465116,5.663685152057245
発生場所2=道路,場合別1=通学中 | 性別=男,3,161,0.10170562223626027,0.5897435897435898,5.657964257964258
場合別1=通学中 | 性別=男,発生場所2=道路,3,161,0.10170562223626027,0.9757575757575757,5.657964257964258
発生場所2=体育館・屋内運動場,場合別2=体育的部活動 | 発生場所1=学校内・校舎内（園内・園舎内）,3,119,0.07517372078332281,0.4857142857142857,5.6535714285714285
場合別2=体育的部活動 | 発生場所1=学校内・校舎内（園内・園舎内）,発生場所2=体育館・屋内運動場,3,119,0.07517372078332281,0.875,5.6535714285714285
場合別2=登校（登園）中,和暦=平成 | 場合別1=通学中,3,89,0.05622236260265319,0.7606837606837606,5.653344568837526
和暦=平成 | 場合別1=通学中,場合別2=登校（登園）中,3,89,0.05622236260265319,0.41784037558685444,5.653344568837526
発生場所2=道路,和暦=平成 | 場合別2=下校（降園）中,3,112,0.07075173720783323,0.41025641025641024,5.64726867335563
和暦=平成 | 場合別2=下校（降園）中,発生場所2=道路,3,112,0.07075173720783323,0.9739130434782609,5.64726867335563
被災学校種=高 | 通学方法=自転車,場合別2=下校（降園）中,3,77,0.04864181933038535,0.48125,5.643101851851853
場合別2=下校（降園）中,被災学校種=高 | 通学方法=自転車,3,77,0.04864181933038535,0.5703703703703704,5.643101851851852
場合別2=登校（登園）中 | 被災学年=3,発生場所2=道路,3,33,0.020846493998736577,0.9705882352941176,5.6279896574014225
性別=男 | 発生場所2=道路,場合別1=通学中,3,161,0.10170562223626027,0.930635838150289,5.6228875259233115
場合別1=通学中,性別=男 | 発生場所2=道路,3,161,0.10170562223626027,0.6145038167938931,5.622887525923311
場合別1=通学中,発生場所2=道路,2,254,0.16045483259633608,0.9694656488549618,5.621480300869614
発生場所2=道路,場合別1=通学中,2,254,0.16045483259633608,0.9304029304029304,5.621480300869614
場合別1=通学中,発生場所1=学校外（園外） | 発生場所2=道路,3,254,0.16045483259633608,0.9694656488549618,5.621480300869614
発生場所2=道路,場合別1=通学中 | 発生場所1=学校外（園外）,3,254,0.16045483259633608,0.9304029304029304,5.621480300869614
場合別1=通学中 | 発生場所1=学校外（園外）,発生場所2=道路,3,254,0.16045483259633608,0.9694656488549618,5.621480300869614
発生場所1=学校外（園外） | 発生場所2=道路,場合別1=通学中,3,254,0.16045483259633608,0.9304029304029304,5.621480300869614
場合別1=通学中,性別=女 | 発生場所2=道路,3,93,0.058749210360075806,0.3549618320610687,5.619045801526718
性別=女 | 発生場所2=道路,場合別1=通学中,3,93,0.058749210360075806,0.93,5.619045801526718
被災学校種=中 | 通学方法=自転車,場合別2=下校（降園）中,3,23,0.014529374605180037,0.4791666666666667,5.618672839506173
発生場所2=道路,場合別1=通学中 | 被災学年=3,3,62,0.03916614024005054,0.2271062271062271,5.617330586080587
場合別1=通学中 | 被災学年=3,発生場所2=道路,3,62,0.03916614024005054,0.96875,5.617330586080587
場合別2=下校（降園）中 | 被災学校種=中,発生場所2=道路,3,31,0.01958307012002527,0.96875,5.617330586080587
通学方法=徒歩,和暦=平成 | 発生場所2=道路,3,34,0.02147820593809223,0.7906976744186046,5.612889769527583
発生場所2=道路,和暦=平成 | 場合別1=通学中,3,206,0.1301326595072647,0.7545787545787546,5.607972622057129
和暦=平成 | 場合別1=通学中,発生場所2=道路,3,206,0.1301326595072647,0.9671361502347418,5.607972622057129
給付年度=4,和暦=令和 | 場合別2=体育的部活動,3,20,0.012634238787113077,0.4,5.603539823008849
発生場所2=道路,和暦=平成 | 場合別2=登校（登園）中,3,86,0.05432722678458623,0.315018315018315,5.603078569370704
和暦=平成 | 場合別2=登校（登園）中,発生場所2=道路,3,86,0.05432722678458623,0.9662921348314607,5.603078569370704
通学方法=自転車,和暦=平成 | 発生場所2=道路,3,172,0.10865445356917246,0.7889908256880734,5.600773439749866
和暦=平成 | 発生場所2=道路,通学方法=自転車,3,172,0.10865445356917246,0.7713004484304933,5.600773439749866
場合別2=登校（登園）中,発生場所2=道路,2,113,0.07138344914718889,0.9658119658119658,5.600294292601985
場合別1=通学中 | 場合別2=登校（登園）中,発生場所2=道路,3,113,0.07138344914718889,0.9658119658119658,5.600294292601985
場合別2=登校（登園）中,発生場所1=学校外（園外） | 発生場所2=道路,3,113,0.07138344914718889,0.9658119658119658,5.600294292601985
場合別2=登校（登園）中 | 発生場所1=学校外（園外）,発生場所2=道路,3,113,0.07138344914718889,0.9658119658119658,5.600294292601985
発生場所2=道路,場合別2=登校（登園）中,2,113,0.07138344914718889,0.4139194139194139,5.600294292601984
発生場所2=道路,場合別1=通学中 | 場合別2=登校（登園）中,3,113,0.07138344914718889,0.4139194139194139,5.600294292601984
発生場所2=道路,場合別2=登校（登園）中 | 発生場所1=学校外（園外）,3,113,0.07138344914718889,0.4139194139194139,5.600294292601984
発生場所1=学校外（園外） | 発生場所2=道路,場合別2=登校（登園）中,3,113,0.07138344914718889,0.4139194139194139,5.600294292601984
場合別1=通学中 | 被災学校種=中,発生場所2=道路,3,56,0.035375868603916616,0.9655172413793104,5.598585322723254
発生場所2=道路,場合別1=通学中 | 被災学校種=中,3,56,0.035375868603916616,0.20512820512820512,5.598585322723253
和暦=令和 | 場合別2=登校（登園）中,発生場所2=道路,3,27,0.017056222362602652,0.9642857142857143,5.591444270015699
和暦=平成 | 発生場所2=道路,場合別1=通学中,3,206,0.1301326595072647,0.9237668161434978,5.581384999828844
場合別1=通学中,和暦=平成 | 発生場所2=道路,3,206,0.1301326595072647,0.7862595419847328,5.581384999828843
場合別1=通学中 | 被災学校種=高,場合別2=下校（降園）中,3,79,0.04990524320909665,0.4759036144578313,5.580410531012941
場合別2=下校（降園）中,場合別1=通学中 | 被災学校種=高,3,79,0.04990524320909665,0.5851851851851851,5.58041053101294
和暦=平成 | 被災学年=5,被災学校種=小,3,44,0.027795325331648767,0.8627450980392157,5.574389755902361
被災学年=5,被災学校種=小,2,50,0.03158559696778269,0.8620689655172413,5.570021111893033
被災学校種=小,被災学年=5,2,50,0.03158559696778269,0.20408163265306123,5.570021111893033
場合別2=下校（降園）中,発生場所2=道路 | 通学方法=自転車,3,103,0.06506632975363234,0.762962962962963,5.565762075439495
発生場所2=道路 | 通学方法=自転車,場合別2=下校（降園）中,3,103,0.06506632975363234,0.47465437788018433,5.565762075439495
被災学年=4,和暦=平成 | 被災学校種=小,3,41,0.025900189513581806,0.7592592592592593,5.564386145404664
給付年度=2,和暦=令和 | 発生場所1=学校外（園外）,3,21,0.013265950726468731,0.2916666666666667,5.562751004016064
和暦=令和 | 発生場所1=学校外（園外）,給付年度=2,3,21,0.013265950726468731,0.25301204819277107,5.5627510040160635
被災学年=5,和暦=平成 | 被災学校種=小,3,44,0.027795325331648767,0.7586206896551724,5.55970625798212
和暦=平成 | 被災学校種=小,被災学年=5,3,44,0.027795325331648767,0.2037037037037037,5.5597062579821195
場合別1=通学中 | 性別=女,発生場所2=道路,3,93,0.058749210360075806,0.9587628865979382,5.559419961481818
発生場所2=道路,場合別1=通学中 | 性別=女,3,93,0.058749210360075806,0.34065934065934067,5.559419961481817
給付年度=3,和暦=令和 | 発生場所1=学校内・校舎外（園内・園舎外）,3,16,0.01010739102969046,0.37209302325581395,5.556823168056164
場合別1=通学中,発生場所2=道路 | 被災学年=2,3,78,0.049273531269740996,0.29770992366412213,5.544409519533004
発生場所2=道路 | 被災学年=2,場合別1=通学中,3,78,0.049273531269740996,0.9176470588235294,5.544409519533004
通学方法=自転車,場合別2=下校（降園）中,2,103,0.06506632975363234,0.4724770642201835,5.540231056744819
通学方法=自転車,場合別1=通学中 | 場合別2=下校（降園）中,3,103,0.06506632975363234,0.4724770642201835,5.540231056744819
場合別1=通学中 | 通学方法=自転車,場合別2=下校（降園）中,3,103,0.06506632975363234,0.4724770642201835,5.540231056744819
通学方法=自転車,場合別2=下校（降園）中 | 発生場所1=学校外（園外）,3,103,0.06506632975363234,0.4724770642201835,5.540231056744819
発生場所1=学校外（園外） | 通学方法=自転車,場合別2=下校（降園）中,3,103,0.06506632975363234,0.4724770642201835,5.540231056744819
場合別2=下校（降園）中,通学方法=自転車,2,103,0.06506632975363234,0.762962962962963,5.540231056744818
場合別2=下校（降園）中,場合別1=通学中 | 通学方法=自転車,3,103,0.06506632975363234,0.762962962962963,5.540231056744818
場合別1=通学中 | 場合別2=下校（降園）中,通学方法=自転車,3,103,0.06506632975363234,0.762962962962963,5.540231056744818
場合別2=下校（降園）中,発生場所1=学校外（園外） | 通学方法=自転車,3,103,0.06506632975363234,0.762962962962963,5.540231056744818
場合別2=下校（降園）中 | 発生場所1=学校外（園外）,通学方法=自転車,3,103,0.06506632975363234,0.762962962962963,5.540231056744818
場合別1=休憩時間 | 性別=女,場合別2=休憩時間中,3,25,0.015792798483891344,0.32894736842105265,5.53961366181411
場合別2=休憩時間中,場合別1=休憩時間 | 性別=女,3,25,0.015792798483891344,0.26595744680851063,5.539613661814109
発生場所2=道路,場合別2=登校（登園）中 | 性別=男,3,63,0.03979785217940619,0.23076923076923078,5.534965034965035
場合別2=登校（登園）中 | 性別=男,発生場所2=道路,3,63,0.03979785217940619,0.9545454545454546,5.534965034965035
場合別2=下校（降園）中 | 性別=女,発生場所2=道路,3,42,0.026531901452937462,0.9545454545454546,5.534965034965035
場合別2=登校（登園）中 | 被災学校種=中,発生場所2=道路,3,21,0.013265950726468731,0.9545454545454546,5.534965034965035
通学方法=自転車,発生場所2=道路 | 被災学校種=中,3,48,0.030322173089071383,0.22018348623853212,5.532546963739624
発生場所2=道路 | 被災学校種=中,通学方法=自転車,3,48,0.030322173089071383,0.7619047619047619,5.532546963739624
発生場所1=学校内・校舎外（園内・園舎外） | 被災学校種=中,競技種目=ソフトボール,3,33,0.020846493998736577,0.2619047619047619,5.527936507936508
競技種目=ソフトボール,発生場所1=学校内・校舎外（園内・園舎外） | 被災学校種=中,3,33,0.020846493998736577,0.44,5.5279365079365075
場合別2=下校（降園）中 | 被災学校種=小,発生場所2=道路,3,20,0.012634238787113077,0.9523809523809523,5.522414093842665
場合別1=通学中 | 給付年度=18,発生場所2=道路,3,19,0.012002526847757423,0.95,5.508608058608059
場合別1=課外指導 | 発生場所1=学校内・校舎内（園内・園舎内）,発生場所2=体育館・屋内運動場,3,120,0.07580543272267846,0.851063829787234,5.4989144594007815
発生場所2=体育館・屋内運動場,場合別1=課外指導 | 発生場所1=学校内・校舎内（園内・園舎内）,3,120,0.07580543272267846,0.4897959183673469,5.498914459400781
場合別2=昼食時休憩時間中 | 発生場所1=学校内・校舎内（園内・園舎内）,発生場所2=廊下,3,17,0.010739102969046115,0.3333333333333333,5.496527777777778
給付年度=18 | 通学方法=自転車,発生場所2=道路,3,18,0.011370814908401769,0.9473684210526315,5.493348756506651
場合別2=下校（降園）中,発生場所2=道路 | 被災学校種=高,3,79,0.04990524320909665,0.5851851851851851,5.481349989042297
発生場所2=道路 | 被災学校種=高,場合別2=下校（降園）中,3,79,0.04990524320909665,0.46745562130177515,5.481349989042297
場合別1=通学中 | 給付年度=17,発生場所2=道路,3,17,0.010739102969046115,0.9444444444444444,5.476393976393976
場合別1=通学中 | 給付年度=23,発生場所2=道路,3,17,0.010739102969046115,0.9444444444444444,5.476393976393976
場合別2=登校（登園）中 | 被災学年=2,発生場所2=道路,3,33,0.020846493998736577,0.9428571428571428,5.4671899529042385
発生場所2=道路 | 被災学年=1,場合別2=登校（登園）中,3,42,0.026531901452937462,0.40384615384615385,5.464003944773176
場合別2=登校（登園）中,発生場所2=道路 | 被災学年=1,3,42,0.026531901452937462,0.358974358974359,5.464003944773175
給付年度=4,和暦=令和 | 場合別1=課外指導,3,20,0.012634238787113077,0.4,5.458620689655173
場合別1=通学中 | 給付年度=19,発生場所2=道路,3,16,0.01010739102969046,0.9411764705882353,5.457444516268046
場合別2=休憩時間中,場合別1=休憩時間 | 被災学年=3,3,23,0.014529374605180037,0.24468085106382978,5.455349115972431
場合別1=休憩時間 | 被災学年=3,場合別2=休憩時間中,3,23,0.014529374605180037,0.323943661971831,5.455349115972431
場合別1=通学中 | 被災学年=2,発生場所2=道路,3,78,0.049273531269740996,0.9397590361445783,5.449225473321859
発生場所2=道路,場合別1=通学中 | 被災学年=2,3,78,0.049273531269740996,0.2857142857142857,5.449225473321858
発生場所1=学校内・校舎外（園内・園舎外） | 被災学年=5,被災学校種=小,3,16,0.01010739102969046,0.8421052631578947,5.441031149301826
発生場所2=運動場・校庭（園庭） | 被災学年=5,被災学校種=小,3,16,0.01010739102969046,0.8421052631578947,5.441031149301826
給付年度=4,和暦=令和 | 発生場所2=運動場・校庭（園庭）,3,17,0.010739102969046115,0.34,5.436565656565657
発生場所2=体育館・屋内運動場 | 被災学校種=高,競技種目=バスケットボール,3,55,0.03474415666456096,0.38461538461538464,5.436126373626374
競技種目=バスケットボール,発生場所2=体育館・屋内運動場 | 被災学校種=高,3,55,0.03474415666456096,0.49107142857142855,5.436126373626373
発生場所1=学校内・校舎外（園内・園舎外） | 競技種目=ソフトボール,場合別1=各教科等,3,56,0.035375868603916616,0.8,5.4351931330472105
発生場所2=運動場・校庭（園庭） | 競技種目=ソフトボール,場合別1=各教科等,3,56,0.035375868603916616,0.8,5.4351931330472105
競技種目=ソフトボール | 被災学校種=高,場合別1=各教科等,3,28,0.017687934301958308,0.8,5.4351931330472105
場合別1=各教科等,発生場所1=学校内・校舎外（園内・園舎外） | 競技種目=ソフトボール,3,56,0.035375868603916616,0.24034334763948498,5.43519313304721
場合別1=各教科等,発生場所2=運動場・校庭（園庭） | 競技種目=ソフトボール,3,56,0.035375868603916616,0.24034334763948498,5.43519313304721
場合別2=下校（降園）中 | 被災学年=2,発生場所2=道路,3,43,0.027163613392293114,0.9347826086956522,5.420369485586877
場合別2=休憩時間中,場合別1=休憩時間 | 被災学校種=中,3,28,0.017687934301958308,0.2978723404255319,5.419907067742724
場合別1=休憩時間 | 被災学校種=中,場合別2=休憩時間中,3,28,0.017687934301958308,0.3218390804597701,5.419907067742724
発生場所1=学校内・校舎内（園内・園舎内） | 被災学年=5,被災学校種=小,3,26,0.016424510423247,0.8387096774193549,5.419091507570771
場合別2=登校（登園）中,場合別1=通学中 | 性別=男,3,66,0.041692987997473153,0.5641025641025641,5.411965811965812
場合別1=通学中 | 性別=男,場合別2=登校（登園）中,3,66,0.041692987997473153,0.4,5.411965811965812
給付年度=1,和暦=令和 | 被災学年=1,3,20,0.012634238787113077,0.31746031746031744,5.403652500426694
和暦=令和 | 被災学年=1,給付年度=1,3,20,0.012634238787113077,0.21505376344086022,5.403652500426694
場合別1=通学中 | 被災学校種=小,発生場所2=道路,3,27,0.017056222362602652,0.9310344827586207,5.398635846911709
場合別1=休憩時間 | 被災学校種=中,発生場所2=教室（保育室）,3,24,0.015161086544535692,0.27586206896551724,5.391230310770541
発生場所2=教室（保育室）,場合別1=休憩時間 | 被災学校種=中,3,24,0.015161086544535692,0.2962962962962963,5.39123031077054
競技種目=その他,場合別2=体育（保健体育）,2,17,0.010739102969046115,0.6538461538461539,5.39082532051282
競技種目=その他,場合別1=各教科等 | 場合別2=体育（保健体育）,3,17,0.010739102969046115,0.6538461538461539,5.39082532051282
場合別2=休憩時間中 | 性別=男,発生場所2=教室（保育室）,3,19,0.012002526847757423,0.2753623188405797,5.381463589193058
発生場所2=教室（保育室）,場合別2=休憩時間中 | 性別=男,3,19,0.012002526847757423,0.2345679012345679,5.381463589193057
給付年度=4,和暦=令和 | 発生場所1=学校内・校舎外（園内・園舎外）,3,18,0.011370814908401769,0.36,5.376226415094339
場合別1=通学中,発生場所2=道路 | 被災学校種=中,3,56,0.035375868603916616,0.21374045801526717,5.370653095843935
発生場所2=道路 | 被災学校種=中,場合別1=通学中,3,56,0.035375868603916616,0.8888888888888888,5.370653095843935
場合別1=各教科等 | 被災学校種=小,場合別2=体育（保健体育）,3,28,0.017687934301958308,0.6511627906976745,5.368701550387597
通学方法=自転車,和暦=平成 | 場合別2=下校（降園）中,3,85,0.05369551484523057,0.38990825688073394,5.367171918627842
和暦=平成 | 場合別2=下校（降園）中,通学方法=自転車,3,85,0.05369551484523057,0.7391304347826086,5.367171918627842
通学方法=徒歩,場合別1=通学中 | 発生場所2=道路,3,37,0.02337334175615919,0.8604651162790697,5.362662516022706
場合別2=授業終了後の特定時間中,場合別1=休憩時間 | 性別=男,3,33,0.020846493998736577,0.5892857142857143,5.3611453201970445
給付年度=4,和暦=令和 | 性別=男,3,35,0.022109917877447885,0.7,5.3531400966183575
被災学校種=小 | 通学方法=徒歩,発生場所2=道路,3,24,0.015161086544535692,0.9230769230769231,5.352493660185968
給付年度=1,和暦=令和 | 場合別2=体育的部活動,3,24,0.015161086544535692,0.38095238095238093,5.336704593341761
和暦=令和 | 場合別2=体育的部活動,給付年度=1,3,24,0.015161086544535692,0.21238938053097345,5.336704593341761
場合別2=休憩時間中,性別=男 | 発生場所2=教室（保育室）,3,19,0.012002526847757423,0.20212765957446807,5.332801418439716
性別=男 | 発生場所2=教室（保育室）,場合別2=休憩時間中,3,19,0.012002526847757423,0.31666666666666665,5.332801418439716
競技種目=バスケットボール | 被災学年=2,発生場所2=体育館・屋内運動場,3,33,0.020846493998736577,0.825,5.330510204081633
被災学年=4,場合別1=休憩時間 | 発生場所1=学校内・校舎外（園内・園舎外）,3,16,0.01010739102969046,0.2962962962962963,5.32996632996633
場合別2=下校（降園）中,場合別1=通学中 | 性別=女,3,44,0.027795325331648767,0.32592592592592595,5.318976708667431
場合別1=通学中 | 性別=女,場合別2=下校（降園）中,3,44,0.027795325331648767,0.4536082474226804,5.318976708667431
性別=男 | 発生場所2=廊下,場合別2=休憩時間中,3,18,0.011370814908401769,0.3157894736842105,5.318029115341544
場合別2=下校（降園）中 | 性別=女,通学方法=自転車,3,32,0.02021478205938092,0.7272727272727273,5.2810675562969145
場合別2=授業終了後の特定時間中,場合別1=休憩時間 | 発生場所1=学校内・校舎内（園内・園舎内）,3,30,0.018951358180669616,0.5357142857142857,5.267302573203194
発生場所2=道路 | 被災学校種=小,場合別1=通学中,3,27,0.017056222362602652,0.8709677419354839,5.26237379955676
場合別2=下校（降園）中 | 通学方法=徒歩,発生場所2=道路,3,29,0.01831964624131396,0.90625,5.2549221611721615
場合別2=登校（登園）中,発生場所2=道路 | 被災学年=2,3,33,0.020846493998736577,0.28205128205128205,5.252790346907994
発生場所2=道路 | 被災学年=2,場合別2=登校（登園）中,3,33,0.020846493998736577,0.38823529411764707,5.252790346907994
発生場所2=教室（保育室） | 被災学校種=中,場合別1=休憩時間,3,24,0.015161086544535692,0.8275862068965517,5.240275862068965
場合別2=下校（降園）中 | 被災学校種=中,通学方法=自転車,3,23,0.014529374605180037,0.71875,5.21918004587156
場合別2=登校（登園）中,和暦=平成 | 発生場所2=道路,3,86,0.05432722678458623,0.7350427350427351,5.217814572074662
和暦=平成 | 発生場所2=道路,場合別2=登校（登園）中,3,86,0.05432722678458623,0.38565022421524664,5.217814572074662
給付年度=3,和暦=令和 | 場合別2=体育的部活動,3,16,0.01010739102969046,0.37209302325581395,5.212595184194278
発生場所2=廊下,発生場所1=学校内・校舎内（園内・園舎内） | 被災学校種=小,3,35,0.022109917877447885,0.3645833333333333,5.199418168168168
発生場所1=学校内・校舎内（園内・園舎内） | 被災学校種=小,発生場所2=廊下,3,35,0.022109917877447885,0.3153153153153153,5.199418168168168
給付年度=1,和暦=令和 | 場合別1=課外指導,3,24,0.015161086544535692,0.38095238095238093,5.198686371100164
和暦=令和 | 場合別1=課外指導,給付年度=1,3,24,0.015161086544535692,0.20689655172413793,5.198686371100164
競技種目=バスケットボール,発生場所2=体育館・屋内運動場 | 被災学年=2,3,33,0.020846493998736577,0.29464285714285715,5.182440476190476
発生場所2=体育館・屋内運動場 | 被災学年=2,競技種目=バスケットボール,3,33,0.020846493998736577,0.36666666666666664,5.182440476190475
発生場所2=体育館・屋内運動場,場合別1=各教科等 | 発生場所1=学校内・校舎内（園内・園舎内）,3,89,0.05622236260265319,0.363265306122449,5.180621437764295
場合別1=各教科等 | 発生場所1=学校内・校舎内（園内・園舎内）,発生場所2=体育館・屋内運動場,3,89,0.05622236260265319,0.8018018018018018,5.180621437764295
場合別1=各教科等,競技種目=ソフトボール,2,57,0.036007580543272265,0.2446351931330472,5.16343347639485
競技種目=ソフトボール,場合別1=各教科等,2,57,0.036007580543272265,0.76,5.16343347639485
発生場所2=体育館・屋内運動場,発生場所1=学校内・校舎内（園内・園舎内） | 被災学校種=高,3,143,0.0903348073278585,0.5836734693877551,5.161760346596739
発生場所1=学校内・校舎内（園内・園舎内） | 被災学校種=高,発生場所2=体育館・屋内運動場,3,143,0.0903348073278585,0.7988826815642458,5.161760346596739
給付年度=2,和暦=令和 | 発生場所1=学校内・校舎内（園内・園舎内）,3,19,0.012002526847757423,0.2638888888888889,5.157235939643347
和暦=令和 | 発生場所1=学校内・校舎内（園内・園舎内）,給付年度=2,3,19,0.012002526847757423,0.2345679012345679,5.157235939643347
場合別2=授業終了後の特定時間中,場合別1=休憩時間 | 被災学校種=小,3,20,0.012634238787113077,0.35714285714285715,5.1396103896103895
被災学年=5,発生場所1=学校内・校舎外（園内・園舎外） | 被災学校種=小,3,16,0.01010739102969046,0.27586206896551724,5.137525354969574
場合別1=通学中 | 被災学校種=中,場合別2=登校（登園）中,3,22,0.013897662665824383,0.3793103448275862,5.132036545829649
性別=男 | 競技種目=バスケットボール,発生場所2=体育館・屋内運動場,3,69,0.043588123815540114,0.7931034482758621,5.124419422941591
競技種目=バレーボール | 被災学校種=高,発生場所2=体育館・屋内運動場,3,23,0.014529374605180037,0.7931034482758621,5.124419422941591
発生場所2=体育館・屋内運動場,性別=男 | 競技種目=バスケットボール,3,69,0.043588123815540114,0.2816326530612245,5.12441942294159
発生場所2=廊下,場合別1=休憩時間 | 被災学校種=中,3,27,0.017056222362602652,0.28125,5.117456896551724
場合別1=休憩時間 | 被災学校種=中,発生場所2=廊下,3,27,0.017056222362602652,0.3103448275862069,5.117456896551724
場合別2=休憩時間中,和暦=平成 | 発生場所2=廊下,3,24,0.015161086544535692,0.2553191489361702,5.116078642607056
和暦=平成 | 発生場所2=廊下,場合別2=休憩時間中,3,24,0.015161086544535692,0.3037974683544304,5.116078642607056
通学方法=徒歩,性別=男 | 発生場所2=道路,3,24,0.015161086544535692,0.5581395348837209,5.107138056190348
場合別2=休憩時間中,場合別1=休憩時間 | 被災学年=2,3,20,0.012634238787113077,0.2127659574468085,5.1031592520954225
場合別1=休憩時間 | 被災学年=2,場合別2=休憩時間中,3,20,0.012634238787113077,0.30303030303030304,5.1031592520954225
競技種目=ソフトボール | 被災学校種=中,場合別1=各教科等,3,27,0.017056222362602652,0.75,5.09549356223176
競技種目=ソフトボール | 被災学年=1,場合別1=各教科等,3,18,0.011370814908401769,0.75,5.09549356223176
給付年度=3,和暦=令和 | 場合別1=課外指導,3,16,0.01010739102969046,0.37209302325581395,5.077786688051323
和暦=平成 | 通学方法=徒歩,発生場所2=道路,3,34,0.02147820593809223,0.8717948717948718,5.055132901286748
競技種目=バスケットボール,発生場所2=体育館・屋内運動場 | 被災学校種=中,3,25,0.015792798483891344,0.22321428571428573,5.047831632653061
発生場所2=体育館・屋内運動場 | 被災学校種=中,競技種目=バスケットボール,3,25,0.015792798483891344,0.35714285714285715,5.047831632653061
場合別2=登校（登園）中,性別=女 | 発生場所1=学校外（園外）,3,51,0.032217308907138344,0.4358974358974359,5.036683511136066
性別=女 | 発生場所1=学校外（園外）,場合別2=登校（登園）中,3,51,0.032217308907138344,0.3722627737226277,5.036683511136066
発生場所1=学校外（園外） | 被災学校種=小,場合別2=下校（降園）中,3,21,0.013265950726468731,0.42857142857142855,5.025396825396825
被災学年=4,発生場所1=学校内・校舎内（園内・園舎内） | 被災学校種=小,3,19,0.012002526847757423,0.35185185185185186,5.017851184517851
場合別1=課外指導 | 競技種目=サッカー・フットサル,発生場所2=学校外運動場・競技場,3,23,0.014529374605180037,0.3770491803278688,5.015704642512742
場合別2=体育的部活動 | 競技種目=サッカー・フットサル,発生場所2=学校外運動場・競技場,3,23,0.014529374605180037,0.3770491803278688,5.015704642512742
被災学年=6,性別=男 | 被災学校種=小,3,26,0.016424510423247,0.48148148148148145,5.014376218323586
和暦=平成 | 競技種目=ソフトボール,場合別1=各教科等,3,45,0.028427037271004423,0.7377049180327869,5.011960880883699
和暦=平成 | 場合別2=休憩時間中,発生場所2=廊下,3,24,0.015161086544535692,0.3037974683544304,5.009493670886076
発生場所2=廊下,和暦=平成 | 場合別2=休憩時間中,3,24,0.015161086544535692,0.25,5.0094936708860756
競技種目=ソフトボール,和暦=平成 | 場合別1=各教科等,3,45,0.028427037271004423,0.6,4.998947368421053
和暦=平成 | 場合別1=各教科等,競技種目=ソフトボール,3,45,0.028427037271004423,0.23684210526315788,4.998947368421052
発生場所2=廊下,場合別1=休憩時間 | 被災学年=2,3,20,0.012634238787113077,0.20833333333333334,4.996843434343434
場合別1=休憩時間 | 被災学年=2,発生場所2=廊下,3,20,0.012634238787113077,0.30303030303030304,4.996843434343434
性別=女 | 発生場所2=運動場・校庭（園庭）,競技種目=ソフトボール,3,22,0.013897662665824383,0.23655913978494625,4.992974910394266
競技種目=ソフトボール,性別=女 | 発生場所2=運動場・校庭（園庭）,3,22,0.013897662665824383,0.29333333333333333,4.992974910394265
通学方法=徒歩,発生場所2=道路,2,37,0.02337334175615919,0.8604651162790697,4.989436919669478
場合別1=通学中 | 通学方法=徒歩,発生場所2=道路,3,37,0.02337334175615919,0.8604651162790697,4.989436919669478
通学方法=徒歩,発生場所1=学校外（園外） | 発生場所2=道路,3,37,0.02337334175615919,0.8604651162790697,4.989436919669478
発生場所1=学校外（園外） | 通学方法=徒歩,発生場所2=道路,3,37,0.02337334175615919,0.8604651162790697,4.989436919669478
性別=男 | 通学方法=徒歩,発生場所2=道路,3,24,0.015161086544535692,0.8571428571428571,4.970172684458398
被災学年=5,場合別1=休憩時間 | 被災学校種=小,3,20,0.012634238787113077,0.3448275862068966,4.962382445141066
競技種目=ソフトボール,場合別1=各教科等 | 被災学年=3,3,22,0.013897662665824383,0.29333333333333333,4.939858156028369
場合別1=各教科等 | 被災学年=3,競技種目=ソフトボール,3,22,0.013897662665824383,0.23404255319148937,4.939858156028369
場合別2=昼食時休憩時間中,場合別1=休憩時間 | 性別=女,3,18,0.011370814908401769,0.23684210526315788,4.933171745152354
場合別1=休憩時間 | 性別=女,場合別2=昼食時休憩時間中,3,18,0.011370814908401769,0.23684210526315788,4.933171745152354
場合別2=登校（登園）中,性別=男 | 発生場所2=道路,3,63,0.03979785217940619,0.5384615384615384,4.927078701645176
性別=男 | 発生場所2=道路,場合別2=登校（登園）中,3,63,0.03979785217940619,0.36416184971098264,4.927078701645176
場合別2=下校（降園）中,性別=女 | 発生場所2=道路,3,42,0.026531901452937462,0.3111111111111111,4.92488888888889
性別=女 | 発生場所2=道路,場合別2=下校（降園）中,3,42,0.026531901452937462,0.42,4.924888888888889
競技種目=バスケットボール,和暦=平成 | 発生場所2=体育館・屋内運動場,3,70,0.04421983575489577,0.625,4.922263681592041
和暦=平成 | 発生場所2=体育館・屋内運動場,競技種目=バスケットボール,3,70,0.04421983575489577,0.3482587064676617,4.92226368159204
給付年度=1,和暦=令和 | 被災学年=2,3,18,0.011370814908401769,0.2857142857142857,4.916149068322981
競技種目=バスケットボール | 被災学校種=中,発生場所2=体育館・屋内運動場,3,25,0.015792798483891344,0.7575757575757576,4.894867037724181
場合別1=特別活動（除学校行事）,発生場所2=教室（保育室）,2,16,0.01010739102969046,0.25,4.885802469135803
場合別1=特別活動（除学校行事）,発生場所1=学校内・校舎内（園内・園舎内） | 発生場所2=教室（保育室）,3,16,0.01010739102969046,0.25,4.885802469135803
競技種目=バレーボール,性別=女 | 発生場所1=学校内・校舎内（園内・園舎内）,3,20,0.012634238787113077,0.46511627906976744,4.843941248470012
発生場所2=道路 | 給付年度=19,場合別1=通学中,3,16,0.01010739102969046,0.8,4.833587786259542
和暦=令和 | 場合別1=通学中,場合別2=下校（降園）中,3,20,0.012634238787113077,0.40816326530612246,4.786092214663643
場合別1=通学中 | 被災学年=3,場合別2=下校（降園）中,3,26,0.016424510423247,0.40625,4.763657407407408
場合別2=下校（降園）中 | 被災学年=3,通学方法=自転車,3,17,0.010739102969046115,0.6538461538461539,4.747882851093861
場合別2=休憩時間中 | 発生場所1=学校内・校舎外（園内・園舎外）,被災学校種=小,3,22,0.013897662665824383,0.7333333333333333,4.738231292517007
場合別2=休憩時間中,発生場所2=廊下,2,27,0.017056222362602652,0.2872340425531915,4.736369680851064
場合別1=休憩時間 | 場合別2=休憩時間中,発生場所2=廊下,3,27,0.017056222362602652,0.2872340425531915,4.736369680851064
場合別2=休憩時間中,発生場所1=学校内・校舎内（園内・園舎内） | 発生場所2=廊下,3,27,0.017056222362602652,0.2872340425531915,4.736369680851064
発生場所2=廊下,場合別2=休憩時間中,2,27,0.017056222362602652,0.28125,4.736369680851063
発生場所2=廊下,場合別1=休憩時間 | 場合別2=休憩時間中,3,27,0.017056222362602652,0.28125,4.736369680851063
発生場所1=学校内・校舎内（園内・園舎内） | 発生場所2=廊下,場合別2=休憩時間中,3,27,0.017056222362602652,0.28125,4.736369680851063
場合別2=昼食時休憩時間中,場合別1=休憩時間 | 被災学校種=小,3,25,0.015792798483891344,0.32894736842105265,4.733851674641149
場合別1=休憩時間 | 被災学校種=小,場合別2=昼食時休憩時間中,3,25,0.015792798483891344,0.22727272727272727,4.733851674641148
発生場所2=体育館・屋内運動場,競技種目=バスケットボール,2,82,0.05180037902716361,0.3346938775510204,4.730539358600583
競技種目=バスケットボール,発生場所2=体育館・屋内運動場,2,82,0.05180037902716361,0.7321428571428571,4.730539358600583
競技種目=バスケットボール,発生場所1=学校内・校舎内（園内・園舎内） | 発生場所2=体育館・屋内運動場,3,82,0.05180037902716361,0.7321428571428571,4.730539358600583
発生場所1=学校内・校舎内（園内・園舎内） | 発生場所2=体育館・屋内運動場,競技種目=バスケットボール,3,82,0.05180037902716361,0.3346938775510204,4.730539358600583
競技種目=バレーボール,発生場所1=学校内・校舎内（園内・園舎内） | 被災学校種=高,3,23,0.014529374605180037,0.5348837209302325,4.730284526438872
場合別1=休憩時間 | 性別=男,発生場所2=教室（保育室）,3,42,0.026531901452937462,0.2413793103448276,4.717326521924224
発生場所2=教室（保育室）,場合別1=休憩時間 | 性別=男,3,42,0.026531901452937462,0.5185185185185185,4.717326521924223
場合別2=休憩時間中,発生場所1=学校内・校舎内（園内・園舎内） | 被災学校種=小,3,31,0.01958307012002527,0.32978723404255317,4.703181905309564
発生場所1=学校内・校舎内（園内・園舎内） | 被災学校種=小,場合別2=休憩時間中,3,31,0.01958307012002527,0.27927927927927926,4.703181905309564
和暦=平成 | 場合別2=休憩時間中,発生場所2=教室（保育室）,3,19,0.012002526847757423,0.24050632911392406,4.700265666510393
発生場所2=教室（保育室）,和暦=平成 | 場合別2=休憩時間中,3,19,0.012002526847757423,0.2345679012345679,4.700265666510392
和暦=平成 | 競技種目=バレーボール,発生場所2=体育館・屋内運動場,3,24,0.015161086544535692,0.7272727272727273,4.699072356215214
発生場所2=道路 | 被災学年=3,場合別2=下校（降園）中,3,26,0.016424510423247,0.4,4.6903703703703705
和暦=令和 | 発生場所2=道路,場合別2=下校（降園）中,3,20,0.012634238787113077,0.4,4.6903703703703705
和暦=令和 | 通学方法=自転車,場合別2=下校（降園）中,3,18,0.011370814908401769,0.4,4.6903703703703705
場合別2=休憩時間中 | 発生場所2=運動場・校庭（園庭）,被災学校種=小,3,21,0.013265950726468731,0.7241379310344828,4.678817733990148
競技種目=バスケットボール | 被災学校種=高,発生場所2=体育館・屋内運動場,3,55,0.03474415666456096,0.7236842105263158,4.675886143931257
発生場所2=体育館・屋内運動場,競技種目=バスケットボール | 被災学校種=高,3,55,0.03474415666456096,0.22448979591836735,4.6758861439312565
競技種目=バレーボール,発生場所2=体育館・屋内運動場,2,31,0.01958307012002527,0.7209302325581395,4.658092074038918
競技種目=バレーボール,発生場所1=学校内・校舎内（園内・園舎内） | 発生場所2=体育館・屋内運動場,3,31,0.01958307012002527,0.7209302325581395,4.658092074038918
場合別2=下校（降園）中,性別=女 | 通学方法=自転車,3,32,0.02021478205938092,0.23703703703703705,4.632464563328761
性別=女 | 通学方法=自転車,場合別2=下校（降園）中,3,32,0.02021478205938092,0.3950617283950617,4.632464563328761
場合別2=休憩時間中,発生場所2=運動場・校庭（園庭） | 被災学校種=小,3,21,0.013265950726468731,0.22340425531914893,4.5928433268858795
発生場所2=運動場・校庭（園庭） | 被災学校種=小,場合別2=休憩時間中,3,21,0.013265950726468731,0.2727272727272727,4.5928433268858795
競技種目=サッカー・フットサル | 被災学校種=高,発生場所2=学校外運動場・競技場,3,21,0.013265950726468731,0.3442622950819672,4.579556412729025
和暦=平成 | 競技種目=バスケットボール,発生場所2=体育館・屋内運動場,3,70,0.04421983575489577,0.7070707070707071,4.5685425685425685
発生場所2=体育館・屋内運動場,和暦=平成 | 競技種目=バスケットボール,3,70,0.04421983575489577,0.2857142857142857,4.568542568542568
場合別2=登校（登園）中,和暦=令和 | 発生場所1=学校外（園外）,3,28,0.017687934301958308,0.23931623931623933,4.564308516115745
和暦=令和 | 発生場所1=学校外（園外）,場合別2=登校（登園）中,3,28,0.017687934301958308,0.3373493975903614,4.564308516115744
競技種目=バスケットボール | 被災学年=3,発生場所2=体育館・屋内運動場,3,24,0.015161086544535692,0.7058823529411765,4.560864345738295
性別=男 | 発生場所2=廊下,場合別1=休憩時間,3,41,0.025900189513581806,0.7192982456140351,4.55459649122807
性別=女 | 競技種目=バレーボール,発生場所2=体育館・屋内運動場,3,19,0.012002526847757423,0.7037037037037037,4.546787603930461
被災学年=6,場合別1=休憩時間 | 被災学校種=小,3,17,0.010739102969046115,0.3148148148148148,4.530471380471381
発生場所2=道路 | 被災学校種=中,場合別2=登校（登園）中,3,21,0.013265950726468731,0.3333333333333333,4.50997150997151
競技種目=ソフトボール,性別=女 | 発生場所1=学校内・校舎外（園内・園舎外）,3,22,0.013897662665824383,0.29333333333333333,4.508220064724919
性別=女 | 発生場所1=学校内・校舎外（園内・園舎外）,競技種目=ソフトボール,3,22,0.013897662665824383,0.21359223300970873,4.508220064724919
場合別2=休憩時間中,和暦=平成 | 発生場所2=教室（保育室）,3,19,0.012002526847757423,0.20212765957446807,4.506592747977225
和暦=平成 | 発生場所2=教室（保育室）,場合別2=休憩時間中,3,19,0.012002526847757423,0.2676056338028169,4.5065927479772245
発生場所2=体育館・屋内運動場,場合別1=課外指導 | 競技種目=バスケットボール,3,60,0.03790271636133923,0.24489795918367346,4.4560168895144265
場合別1=課外指導 | 競技種目=バスケットボール,発生場所2=体育館・屋内運動場,3,60,0.03790271636133923,0.6896551724137931,4.4560168895144265
発生場所2=体育館・屋内運動場,場合別2=体育的部活動 | 競技種目=バスケットボール,3,60,0.03790271636133923,0.24489795918367346,4.4560168895144265
場合別2=体育的部活動 | 競技種目=バスケットボール,発生場所2=体育館・屋内運動場,3,60,0.03790271636133923,0.6896551724137931,4.4560168895144265
競技種目=その他,場合別1=各教科等,2,17,0.010739102969046115,0.6538461538461539,4.442225156817432
性別=男 | 発生場所2=教室（保育室）,場合別1=休憩時間,3,42,0.026531901452937462,0.7,4.4323999999999995
競技種目=バスケットボール | 被災学年=1,発生場所2=体育館・屋内運動場,3,24,0.015161086544535692,0.6857142857142857,4.4305539358600585
発生場所1=学校内・校舎外（園内・園舎外） | 被災学年=4,場合別1=休憩時間,3,16,0.01010739102969046,0.6956521739130435,4.404869565217391
競技種目=バレーボール,和暦=平成 | 発生場所2=体育館・屋内運動場,3,24,0.015161086544535692,0.5581395348837209,4.395695938910101
場合別2=昼食時休憩時間中,発生場所2=教室（保育室）,2,17,0.010739102969046115,0.2236842105263158,4.371507472384666
場合別1=休憩時間 | 場合別2=昼食時休憩時間中,発生場所2=教室（保育室）,3,17,0.010739102969046115,0.2236842105263158,4.371507472384666
場合別2=昼食時休憩時間中,発生場所1=学校内・校舎内（園内・園舎内） | 発生場所2=教室（保育室）,3,17,0.010739102969046115,0.2236842105263158,4.371507472384666
発生場所2=教室（保育室）,場合別2=昼食時休憩時間中,2,17,0.010739102969046115,0.20987654320987653,4.371507472384665
発生場所2=教室（保育室）,場合別1=休憩時間 | 場合別2=昼食時休憩時間中,3,17,0.010739102969046115,0.20987654320987653,4.371507472384665
発生場所1=学校内・校舎内（園内・園舎内） | 発生場所2=教室（保育室）,場合別2=昼食時休憩時間中,3,17,0.010739102969046115,0.20987654320987653,4.371507472384665
場合別2=休憩時間中,発生場所1=学校内・校舎外（園内・園舎外） | 被災学校種=小,3,22,0.013897662665824383,0.23404255319148937,4.358698372966208
発生場所1=学校内・校舎外（園内・園舎外） | 被災学校種=小,場合別2=休憩時間中,3,22,0.013897662665824383,0.25882352941176473,4.358698372966208
競技種目=バスケットボール,発生場所2=体育館・屋内運動場 | 被災学年=3,3,24,0.015161086544535692,0.21428571428571427,4.3489010989010985
発生場所2=体育館・屋内運動場 | 被災学年=3,競技種目=バスケットボール,3,24,0.015161086544535692,0.3076923076923077,4.3489010989010985
発生場所1=学校内・校舎内（園内・園舎内） | 被災学校種=高,競技種目=バスケットボール,3,55,0.03474415666456096,0.30726256983240224,4.342827214684757
競技種目=バスケットボール,発生場所1=学校内・校舎内（園内・園舎内） | 被災学校種=高,3,55,0.03474415666456096,0.49107142857142855,4.342827214684756
発生場所1=学校外（園外） | 給付年度=18,通学方法=自転車,3,19,0.012002526847757423,0.59375,4.311496559633028
場合別2=休憩時間中 | 性別=男,発生場所2=廊下,3,18,0.011370814908401769,0.2608695652173913,4.301630434782608
性別=女 | 発生場所1=学校外（園外）,通学方法=自転車,3,81,0.051168667087807956,0.5912408759124088,4.293276635639189
通学方法=自転車,性別=女 | 発生場所1=学校外（園外）,3,81,0.051168667087807956,0.37155963302752293,4.293276635639188
発生場所2=学校外運動場・競技場,発生場所1=学校外（園外） | 被災学校種=高,3,107,0.06759317751105495,0.8991596638655462,4.287258276804698
発生場所1=学校外（園外） | 被災学校種=高,発生場所2=学校外運動場・競技場,3,107,0.06759317751105495,0.32228915662650603,4.287258276804698
場合別1=通学中,性別=女 | 発生場所1=学校外（園外）,3,97,0.06127605811749842,0.3702290076335878,4.277901599153062
性別=女 | 発生場所1=学校外（園外）,場合別1=通学中,3,97,0.06127605811749842,0.708029197080292,4.277901599153062
通学方法=徒歩,和暦=平成 | 被災学校種=小,3,25,0.015792798483891344,0.5813953488372093,4.260874246339363
競技種目=サッカー・フットサル,性別=男 | 発生場所2=学校外運動場・競技場,3,23,0.014529374605180037,0.2987012987012987,4.2598572598572595
性別=男 | 発生場所2=学校外運動場・競技場,競技種目=サッカー・フットサル,3,23,0.014529374605180037,0.2072072072072072,4.2598572598572595
発生場所2=廊下,発生場所1=学校内・校舎内（園内・園舎内） | 被災学校種=中,3,42,0.026531901452937462,0.4375,4.248849693251534
発生場所1=学校内・校舎内（園内・園舎内） | 被災学校種=中,発生場所2=廊下,3,42,0.026531901452937462,0.25766871165644173,4.248849693251534
場合別1=課外指導 | 競技種目=バレーボール,発生場所2=体育館・屋内運動場,3,23,0.014529374605180037,0.6571428571428571,4.245947521865889
場合別2=体育的部活動 | 競技種目=バレーボール,発生場所2=体育館・屋内運動場,3,23,0.014529374605180037,0.6571428571428571,4.245947521865889
性別=女 | 発生場所1=学校外（園外）,発生場所2=道路,3,100,0.06317119393556538,0.7299270072992701,4.232507152215182
発生場所2=道路,性別=女 | 発生場所1=学校外（園外）,3,100,0.06317119393556538,0.3663003663003663,4.232507152215181
発生場所2=廊下,性別=女 | 発生場所1=学校内・校舎内（園内・園舎内）,3,39,0.024636765634870498,0.40625,4.2308799342105265
性別=女 | 発生場所1=学校内・校舎内（園内・園舎内）,発生場所2=廊下,3,39,0.024636765634870498,0.2565789473684211,4.2308799342105265
発生場所1=学校外（園外） | 給付年度=20,場合別1=通学中,3,25,0.015792798483891344,0.6944444444444444,4.195822731128074
発生場所2=道路 | 通学方法=徒歩,被災学校種=小,3,24,0.015161086544535692,0.6486486486486487,4.191064533921677
発生場所2=学校外運動場・競技場,発生場所1=学校外（園外） | 被災学年=2,3,57,0.036007580543272265,0.4789915966386555,4.189191698778959
発生場所1=学校外（園外） | 被災学年=2,発生場所2=学校外運動場・競技場,3,57,0.036007580543272265,0.3149171270718232,4.189191698778958
場合別2=休憩時間中,発生場所2=教室（保育室）,2,20,0.012634238787113077,0.2127659574468085,4.1581297609666406
場合別1=休憩時間 | 場合別2=休憩時間中,発生場所2=教室（保育室）,3,20,0.012634238787113077,0.2127659574468085,4.1581297609666406
場合別2=休憩時間中,発生場所1=学校内・校舎内（園内・園舎内） | 発生場所2=教室（保育室）,3,20,0.012634238787113077,0.2127659574468085,4.1581297609666406
発生場所2=教室（保育室）,場合別2=休憩時間中,2,20,0.012634238787113077,0.24691358024691357,4.15812976096664
発生場所2=教室（保育室）,場合別1=休憩時間 | 場合別2=休憩時間中,3,20,0.012634238787113077,0.24691358024691357,4.15812976096664
発生場所1=学校内・校舎内（園内・園舎内） | 発生場所2=教室（保育室）,場合別2=休憩時間中,3,20,0.012634238787113077,0.24691358024691357,4.15812976096664
和暦=平成 | 通学方法=徒歩,被災学校種=小,3,25,0.015792798483891344,0.6410256410256411,4.141810570382
場合別2=休憩時間中 | 性別=女,被災学校種=小,3,16,0.01010739102969046,0.64,4.135183673469388
給付年度=1,和暦=令和 | 被災学校種=高,3,26,0.016424510423247,0.4126984126984127,4.134820172794856
和暦=平成 | 場合別1=休憩時間,発生場所2=教室（保育室）,3,44,0.027795325331648767,0.21153846153846154,4.134140550807218
発生場所2=教室（保育室）,和暦=平成 | 場合別1=休憩時間,3,44,0.027795325331648767,0.5432098765432098,4.134140550807217
場合別1=休憩時間 | 性別=女,発生場所2=廊下,3,19,0.012002526847757423,0.25,4.122395833333333
発生場所2=学校外運動場・競技場,性別=男 | 発生場所1=学校外（園外）,3,111,0.07012002526847758,0.9327731092436975,4.101610644257703
性別=男 | 発生場所1=学校外（園外）,発生場所2=学校外運動場・競技場,3,111,0.07012002526847758,0.30833333333333335,4.101610644257703
場合別2=休憩時間中,性別=男 | 被災学校種=小,3,37,0.02337334175615919,0.39361702127659576,4.0993141097424415
性別=男 | 被災学校種=小,場合別2=休憩時間中,3,37,0.02337334175615919,0.24342105263157895,4.0993141097424415
性別=男 | 競技種目=サッカー・フットサル,発生場所2=学校外運動場・競技場,3,23,0.014529374605180037,0.30666666666666664,4.079439775910363
競技種目=サッカー・フットサル,場合別1=課外指導 | 発生場所2=学校外運動場・競技場,3,23,0.014529374605180037,0.2987012987012987,4.076242722794447
競技種目=サッカー・フットサル,場合別2=体育的部活動 | 発生場所2=学校外運動場・競技場,3,23,0.014529374605180037,0.2987012987012987,4.076242722794447
発生場所2=廊下 | 被災学校種=中,場合別1=休憩時間,3,27,0.017056222362602652,0.6428571428571429,4.070571428571429
発生場所2=学校外体育館,発生場所1=学校外（園外） | 被災学年=1,3,18,0.011370814908401769,0.45,4.070571428571428
発生場所2=階段,場合別1=休憩時間,2,16,0.01010739102969046,0.64,4.05248
発生場所1=学校内・校舎内（園内・園舎内） | 発生場所2=階段,場合別1=休憩時間,3,16,0.01010739102969046,0.64,4.05248
場合別2=下校（降園）中 | 通学方法=徒歩,被災学校種=小,3,20,0.012634238787113077,0.625,4.038265306122449
競技種目=サッカー・フットサル,発生場所2=学校外運動場・競技場 | 被災学校種=高,3,21,0.013265950726468731,0.2727272727272727,4.034834324553951
発生場所1=学校外（園外） | 給付年度=20,通学方法=自転車,3,20,0.012634238787113077,0.5555555555555556,4.03414882772681
発生場所1=学校外（園外） | 給付年度=20,発生場所2=道路,3,25,0.015792798483891344,0.6944444444444444,4.026760276760276
発生場所2=体育館・屋内運動場 | 被災学年=3,場合別2=体育（保健体育）,3,38,0.024005053695514846,0.48717948717948717,4.016693376068376
場合別1=休憩時間,和暦=平成 | 発生場所2=廊下,3,50,0.03158559696778269,0.2,4.007594936708861
和暦=平成 | 発生場所2=廊下,場合別1=休憩時間,3,50,0.03158559696778269,0.6329113924050633,4.007594936708861
場合別2=登校（登園）中,発生場所1=学校外（園外） | 被災学年=3,3,34,0.02147820593809223,0.2905982905982906,4.000148643626905
発生場所1=学校外（園外） | 被災学年=3,場合別2=登校（登園）中,3,34,0.02147820593809223,0.2956521739130435,4.000148643626905
発生場所2=教室（保育室）,場合別1=休憩時間,2,51,0.032217308907138344,0.6296296296296297,3.986814814814815
発生場所1=学校内・校舎内（園内・園舎内） | 発生場所2=教室（保育室）,場合別1=休憩時間,3,51,0.032217308907138344,0.6296296296296297,3.986814814814815
場合別1=休憩時間,発生場所2=教室（保育室）,2,51,0.032217308907138344,0.204,3.9868148148148146
場合別1=休憩時間,発生場所1=学校内・校舎内（園内・園舎内） | 発生場所2=教室（保育室）,3,51,0.032217308907138344,0.204,3.9868148148148146
競技種目=サッカー・フットサル,発生場所2=学校外運動場・競技場,2,23,0.014529374605180037,0.2987012987012987,3.973480301211393
競技種目=サッカー・フットサル,発生場所1=学校外（園外） | 発生場所2=学校外運動場・競技場,3,23,0.014529374605180037,0.2987012987012987,3.973480301211393
競技種目=バレーボール,性別=女 | 被災学校種=高,3,18,0.011370814908401769,0.4186046511627907,3.9679710346748363
発生場所2=廊下,和暦=平成 | 場合別1=休憩時間,3,50,0.03158559696778269,0.5208333333333334,3.963842147435898
和暦=平成 | 場合別1=休憩時間,発生場所2=廊下,3,50,0.03158559696778269,0.2403846153846154,3.963842147435898
場合別1=休憩時間,発生場所2=廊下,2,60,0.03790271636133923,0.24,3.9575
発生場所2=廊下,場合別1=休憩時間,2,60,0.03790271636133923,0.625,3.9575
場合別1=休憩時間,発生場所1=学校内・校舎内（園内・園舎内） | 発生場所2=廊下,3,60,0.03790271636133923,0.24,3.9575
発生場所1=学校内・校舎内（園内・園舎内） | 発生場所2=廊下,場合別1=休憩時間,3,60,0.03790271636133923,0.625,3.9575
通学方法=自転車,発生場所1=学校外（園外） | 被災学年=1,3,95,0.06001263423878711,0.43577981651376146,3.941939711664482
発生場所1=学校外（園外） | 被災学年=1,通学方法=自転車,3,95,0.06001263423878711,0.5428571428571428,3.941939711664482
競技種目=ソフトボール,発生場所2=運動場・校庭（園庭） | 被災学年=3,3,25,0.015792798483891344,0.3333333333333333,3.937810945273631
通学方法=自転車,和暦=令和 | 発生場所1=学校外（園外）,3,45,0.028427037271004423,0.20642201834862386,3.9369404222394166
和暦=令和 | 発生場所1=学校外（園外）,通学方法=自転車,3,45,0.028427037271004423,0.5421686746987951,3.936940422239416
和暦=平成 | 発生場所2=教室（保育室）,場合別1=休憩時間,3,44,0.027795325331648767,0.6197183098591549,3.9240563380281688
被災学年=3 | 通学方法=自転車,場合別2=下校（降園）中,3,17,0.010739102969046115,0.3333333333333333,3.908641975308642
通学方法=徒歩,被災学校種=小,2,26,0.016424510423247,0.6046511627906976,3.9067869008068343
場合別1=通学中 | 通学方法=徒歩,被災学校種=小,3,26,0.016424510423247,0.6046511627906976,3.9067869008068343
発生場所1=学校外（園外） | 通学方法=徒歩,被災学校種=小,3,26,0.016424510423247,0.6046511627906976,3.9067869008068343
発生場所2=廊下,場合別1=休憩時間 | 性別=男,3,41,0.025900189513581806,0.4270833333333333,3.8854765325670497
場合別1=休憩時間 | 性別=男,発生場所2=廊下,3,41,0.025900189513581806,0.23563218390804597,3.8854765325670497
和暦=平成 | 場合別1=特別活動（除学校行事）,被災学校種=小,3,33,0.020846493998736577,0.6,3.876734693877551
場合別2=下校（降園）中,発生場所1=学校外（園外） | 被災学校種=中,3,32,0.02021478205938092,0.23703703703703705,3.8683466972126768
発生場所1=学校外（園外） | 被災学校種=中,場合別2=下校（降園）中,3,32,0.02021478205938092,0.32989690721649484,3.8683466972126768
発生場所2=運動場・校庭（園庭） | 被災学校種=小,場合別1=休憩時間,3,47,0.02969046114971573,0.6103896103896104,3.864987012987013
発生場所2=廊下 | 被災学年=2,場合別1=休憩時間,3,20,0.012634238787113077,0.6060606060606061,3.8375757575757574
発生場所2=廊下 | 被災学校種=小,場合別1=休憩時間,3,21,0.013265950726468731,0.6,3.7992
場合別1=特別活動（除学校行事）,和暦=平成 | 被災学校種=小,3,33,0.020846493998736577,0.515625,3.7788628472222223
発生場所1=学校外（園外） | 給付年度=18,場合別1=通学中,3,20,0.012634238787113077,0.625,3.776240458015267
和暦=平成 | 競技種目=サッカー・フットサル,発生場所2=学校外運動場・競技場,3,17,0.010739102969046115,0.2833333333333333,3.7690476190476185
発生場所1=学校外（園外） | 被災学校種=中,発生場所2=道路,3,63,0.03979785217940619,0.6494845360824743,3.766058683584457
発生場所2=道路,発生場所1=学校外（園外） | 被災学校種=中,3,63,0.03979785217940619,0.23076923076923078,3.7660586835844567
場合別2=下校（降園）中,性別=女 | 発生場所1=学校外（園外）,3,44,0.027795325331648767,0.32592592592592595,3.765990808326575
性別=女 | 発生場所1=学校外（園外）,場合別2=下校（降園）中,3,44,0.027795325331648767,0.32116788321167883,3.765990808326575
和暦=令和 | 発生場所2=体育館・屋内運動場,場合別2=体育（保健体育）,3,20,0.012634238787113077,0.45454545454545453,3.7476325757575757
場合別1=特別活動（除学校行事）,被災学校種=小,2,37,0.02337334175615919,0.578125,3.7353954081632654
発生場所2=教室（保育室）,場合別1=休憩時間 | 被災学校種=小,3,21,0.013265950726468731,0.25925925925925924,3.7309764309764306
場合別1=休憩時間,発生場所1=学校内・校舎外（園内・園舎外） | 被災学校種=小,3,50,0.03158559696778269,0.2,3.7247058823529415
発生場所1=学校内・校舎外（園内・園舎外） | 被災学校種=小,場合別1=休憩時間,3,50,0.03158559696778269,0.5882352941176471,3.724705882352941
場合別1=休憩時間 | 発生場所2=運動場・校庭（園庭）,被災学校種=小,3,47,0.02969046114971573,0.573170731707317,3.7033847685415626
発生場所2=体育館・屋内運動場,発生場所1=学校内・校舎内（園内・園舎内） | 被災学年=1,3,59,0.037271004421983576,0.24081632653061225,3.701089756290866
発生場所1=学校内・校舎内（園内・園舎内） | 被災学年=1,発生場所2=体育館・屋内運動場,3,59,0.037271004421983576,0.5728155339805825,3.701089756290866
場合別2=昼食時休憩時間中,発生場所2=廊下,2,17,0.010739102969046115,0.2236842105263158,3.6884594298245617
場合別1=休憩時間 | 場合別2=昼食時休憩時間中,発生場所2=廊下,3,17,0.010739102969046115,0.2236842105263158,3.6884594298245617
場合別2=昼食時休憩時間中,発生場所1=学校内・校舎内（園内・園舎内） | 発生場所2=廊下,3,17,0.010739102969046115,0.2236842105263158,3.6884594298245617
場合別1=休憩時間 | 発生場所1=学校内・校舎外（園内・園舎外）,被災学校種=小,3,50,0.03158559696778269,0.5681818181818182,3.671150278293136
被災学校種=小,場合別1=休憩時間 | 発生場所1=学校内・校舎外（園内・園舎外）,3,50,0.03158559696778269,0.20408163265306123,3.6711502782931356
発生場所1=学校外（園外） | 被災学校種=小,発生場所2=道路,3,31,0.01958307012002527,0.6326530612244898,3.6684607909097706
発生場所1=学校内・校舎内（園内・園舎内） | 給付年度=22,発生場所2=体育館・屋内運動場,3,21,0.013265950726468731,0.5675675675675675,3.667181467181467
場合別2=休憩時間中,被災学校種=小,2,53,0.033480732785849655,0.5638297872340425,3.643030829353018
被災学校種=小,場合別2=休憩時間中,2,53,0.033480732785849655,0.2163265306122449,3.643030829353018
被災学校種=小,場合別1=休憩時間 | 場合別2=休憩時間中,3,53,0.033480732785849655,0.2163265306122449,3.643030829353018
場合別1=休憩時間 | 場合別2=休憩時間中,被災学校種=小,3,53,0.033480732785849655,0.5638297872340425,3.643030829353018
競技種目=バレーボール,発生場所1=学校内・校舎内（園内・園舎内） | 被災学年=2,3,16,0.01010739102969046,0.37209302325581395,3.635946023542923
発生場所1=学校外（園外） | 給付年度=23,通学方法=自転車,3,16,0.01010739102969046,0.5,3.6307339449541285
発生場所1=学校内・校舎内（園内・園舎内） | 給付年度=18,発生場所2=体育館・屋内運動場,3,23,0.014529374605180037,0.5609756097560976,3.6245893479342963
競技種目=ソフトボール,発生場所1=学校内・校舎外（園内・園舎外） | 被災学年=3,3,25,0.015792798483891344,0.3333333333333333,3.6141552511415522
場合別1=通学中,発生場所1=学校外（園外） | 被災学校種=中,3,58,0.03663929248262792,0.22137404580152673,3.612733139214606
発生場所1=学校外（園外） | 被災学校種=中,場合別1=通学中,3,58,0.03663929248262792,0.5979381443298969,3.612733139214606
発生場所2=山林野（含スキー場）,和暦=平成 | 発生場所1=学校外（園外）,3,16,0.01010739102969046,0.9411764705882353,3.59874964478545
発生場所2=教室（保育室） | 被災学校種=小,場合別1=休憩時間,3,21,0.013265950726468731,0.5675675675675675,3.5938378378378375
発生場所1=学校外（園外） | 被災学校種=中,通学方法=自転車,3,48,0.030322173089071383,0.4948453608247423,3.5933036980989317
通学方法=自転車,発生場所1=学校外（園外） | 被災学校種=中,3,48,0.030322173089071383,0.22018348623853212,3.5933036980989312
発生場所2=体育館・屋内運動場,発生場所1=学校内・校舎内（園内・園舎内） | 被災学年=2,3,90,0.056854074542008845,0.3673469387755102,3.589569160997733
発生場所1=学校内・校舎内（園内・園舎内） | 被災学年=2,発生場所2=体育館・屋内運動場,3,90,0.056854074542008845,0.5555555555555556,3.589569160997733
場合別1=特別活動（除学校行事）,性別=男 | 被災学校種=小,3,22,0.013897662665824383,0.34375,3.5799753289473686
発生場所1=学校外（園外） | 被災学校種=小,場合別1=通学中,3,29,0.01831964624131396,0.5918367346938775,3.575868515345069
競技種目=バスケットボール,発生場所1=学校内・校舎内（園内・園舎内） | 被災学年=1,3,26,0.016424510423247,0.23214285714285715,3.5677877947295427
発生場所1=学校内・校舎内（園内・園舎内） | 被災学年=1,競技種目=バスケットボール,3,26,0.016424510423247,0.2524271844660194,3.567787794729542
和暦=令和 | 発生場所1=学校外（園外）,場合別1=通学中,3,49,0.03095388502842704,0.5903614457831325,3.5669548422698427
発生場所1=学校外（園外） | 被災学年=1,場合別2=下校（降園）中,3,53,0.033480732785849655,0.3028571428571429,3.551280423280424
場合別2=下校（降園）中,発生場所1=学校外（園外） | 被災学年=1,3,53,0.033480732785849655,0.3925925925925926,3.5512804232804234
発生場所1=学校内・校舎内（園内・園舎内） | 被災学年=3,発生場所2=体育館・屋内運動場,3,78,0.049273531269740996,0.5492957746478874,3.54912331129635
発生場所2=体育館・屋内運動場,発生場所1=学校内・校舎内（園内・園舎内） | 被災学年=3,3,78,0.049273531269740996,0.3183673469387755,3.5491233112963494
被災学年=4 | 被災学校種=小,場合別1=休憩時間,3,28,0.017687934301958308,0.56,3.54592
発生場所2=教室（保育室）,性別=男 | 発生場所1=学校内・校舎内（園内・園舎内）,3,60,0.03790271636133923,0.7407407407407407,3.5319053993752787
和暦=平成 | 場合別2=休憩時間中,被災学校種=小,3,43,0.027163613392293114,0.5443037974683544,3.5168690260914492
和暦=令和 | 発生場所1=学校内・校舎内（園内・園舎内）,発生場所2=体育館・屋内運動場,3,44,0.027795325331648767,0.5432098765432098,3.509800957420005
通学方法=自転車,発生場所1=学校外（園外） | 被災学校種=高,3,160,0.10107391029690461,0.7339449541284404,3.4995025975461482
発生場所1=学校外（園外） | 被災学校種=高,通学方法=自転車,3,160,0.10107391029690461,0.4819277108433735,3.499502597546148
和暦=令和 | 発生場所1=学校外（園外）,発生場所2=道路,3,50,0.03158559696778269,0.6024096385542169,3.493093252129397
場合別2=体育（保健体育） | 性別=女,発生場所2=体育館・屋内運動場,3,28,0.017687934301958308,0.5384615384615384,3.479120879120879
発生場所1=学校外（園外） | 給付年度=21,発生場所2=道路,3,18,0.011370814908401769,0.6,3.479120879120879
発生場所2=教室（保育室）,発生場所1=学校内・校舎内（園内・園舎内） | 被災学校種=中,3,29,0.01831964624131396,0.35802469135802467,3.4770128001211846
通学方法=徒歩,和暦=平成 | 発生場所1=学校外（園外）,3,39,0.024636765634870498,0.9069767441860465,3.4679811257162116
場合別2=休憩時間中 | 性別=男,被災学校種=小,3,37,0.02337334175615919,0.5362318840579711,3.464714581484768
和暦=令和 | 発生場所1=学校内・校舎内（園内・園舎内）,発生場所2=廊下,3,17,0.010739102969046115,0.20987654320987653,3.460776748971193
競技種目=サッカー・フットサル,和暦=平成 | 発生場所2=学校外運動場・競技場,3,17,0.010739102969046115,0.22077922077922077,3.4603317474604602
場合別1=通学中,発生場所1=学校外（園外） | 被災学年=1,3,100,0.06317119393556538,0.3816793893129771,3.4525627044711014
発生場所1=学校外（園外） | 被災学年=1,場合別1=通学中,3,100,0.06317119393556538,0.5714285714285714,3.4525627044711014
場合別2=昼食時休憩時間中,発生場所1=学校内・校舎内（園内・園舎内） | 被災学校種=中,3,27,0.017056222362602652,0.35526315789473684,3.450193735873426
発生場所1=学校外（園外） | 被災学年=1,発生場所2=道路,3,104,0.065698041692988,0.5942857142857143,3.4459863945578233
発生場所1=学校内・校舎内（園内・園舎内） | 給付年度=17,発生場所2=体育館・屋内運動場,3,16,0.01010739102969046,0.5333333333333333,3.4459863945578233
発生場所2=道路,発生場所1=学校外（園外） | 被災学年=1,3,104,0.065698041692988,0.38095238095238093,3.445986394557823
発生場所2=教室（保育室）,和暦=平成 | 発生場所1=学校内・校舎内（園内・園舎内）,3,71,0.04485154769425142,0.8765432098765432,3.4430965291180344
発生場所1=学校外（園外） | 給付年度=18,発生場所2=道路,3,19,0.012002526847757423,0.59375,3.442880036630037
場合別1=特別活動（除学校行事） | 発生場所1=学校内・校舎内（園内・園舎内）,被災学校種=小,3,26,0.016424510423247,0.5306122448979592,3.4284048313202837
発生場所2=体育館・屋内運動場 | 被災学校種=中,場合別2=体育（保健体育）,3,29,0.01831964624131396,0.4142857142857143,3.415699404761905
発生場所2=学校外運動場・競技場,競技種目=野球（含軟式） | 被災学年=2,3,39,0.024636765634870498,0.3277310924369748,3.4131468376824414
競技種目=野球（含軟式） | 被災学年=2,発生場所2=学校外運動場・競技場,3,39,0.024636765634870498,0.2565789473684211,3.4131468376824414
発生場所1=学校外（園外） | 給付年度=23,場合別1=通学中,3,18,0.011370814908401769,0.5625,3.3986164122137406
発生場所2=体育館・屋内運動場 | 被災学年=3,場合別1=各教科等,3,39,0.024636765634870498,0.5,3.3969957081545066
発生場所1=学校内・校舎内（園内・園舎内） | 被災学校種=小,場合別1=休憩時間,3,59,0.037271004421983576,0.5315315315315315,3.365657657657658
場合別1=休憩時間,発生場所1=学校内・校舎内（園内・園舎内） | 被災学校種=小,3,59,0.037271004421983576,0.236,3.3656576576576573
場合別1=通学中,発生場所1=学校外（園外） | 被災学年=3,3,64,0.04042956411876184,0.24427480916030533,3.3624958513109857
発生場所1=学校外（園外） | 被災学年=3,場合別1=通学中,3,64,0.04042956411876184,0.5565217391304348,3.3624958513109857
発生場所2=廊下,発生場所1=学校内・校舎内（園内・園舎内） | 被災学年=2,3,33,0.020846493998736577,0.34375,3.3589891975308643
発生場所1=学校内・校舎内（園内・園舎内） | 被災学年=2,発生場所2=廊下,3,33,0.020846493998736577,0.2037037037037037,3.358989197530864
発生場所2=学校外運動場・競技場,発生場所1=学校外（園外） | 被災学年=3,3,29,0.01831964624131396,0.24369747899159663,3.354548776032152
発生場所1=学校外（園外） | 被災学年=3,発生場所2=学校外運動場・競技場,3,29,0.01831964624131396,0.25217391304347825,3.3545487760321517
場合別2=休憩時間中,和暦=平成 | 被災学校種=小,3,43,0.027163613392293114,0.4574468085106383,3.352492119779354
発生場所2=体育館・屋内運動場,性別=男 | 発生場所1=学校内・校舎内（園内・園舎内）,3,172,0.10865445356917246,0.7020408163265306,3.3473813621834276
性別=男 | 発生場所1=学校内・校舎内（園内・園舎内）,発生場所2=体育館・屋内運動場,3,172,0.10865445356917246,0.5180722891566265,3.3473813621834276
発生場所2=学校外体育館,和暦=平成 | 発生場所1=学校外（園外）,3,35,0.022109917877447885,0.875,3.3457125603864735
発生場所1=学校外（園外） | 被災学校種=高,場合別2=登校（登園）中,3,82,0.05180037902716361,0.2469879518072289,3.341725877870456
場合別2=登校（登園）中,発生場所1=学校外（園外） | 被災学校種=高,3,82,0.05180037902716361,0.7008547008547008,3.3417258778704557
発生場所2=学校外体育館,発生場所1=学校外（園外） | 被災学校種=高,3,28,0.017687934301958308,0.7,3.337650602409638
場合別2=登校（登園）中,発生場所1=学校外（園外） | 被災学年=1,3,43,0.027163613392293114,0.36752136752136755,3.3244932844932844
発生場所1=学校外（園外） | 被災学年=1,場合別2=登校（登園）中,3,43,0.027163613392293114,0.24571428571428572,3.3244932844932844
和暦=令和 | 場合別2=体育（保健体育）,発生場所2=体育館・屋内運動場,3,20,0.012634238787113077,0.5128205128205128,3.313448456305599
場合別2=体育（保健体育） | 発生場所2=体育館・屋内運動場,競技種目=バスケットボール,3,20,0.012634238787113077,0.23255813953488372,3.286960132890365
被災学年=4,場合別1=休憩時間,2,28,0.017687934301958308,0.5185185185185185,3.283259259259259
競技種目=野球（含軟式）,場合別1=課外指導 | 発生場所2=運動場・校庭（園庭）,3,258,0.16298168035375868,0.7329545454545454,3.2775905238828966
場合別1=課外指導 | 発生場所2=運動場・校庭（園庭）,競技種目=野球（含軟式）,3,258,0.16298168035375868,0.7288135593220338,3.2775905238828966
競技種目=野球（含軟式）,場合別2=体育的部活動 | 発生場所2=運動場・校庭（園庭）,3,258,0.16298168035375868,0.7329545454545454,3.2775905238828966
場合別2=体育的部活動 | 発生場所2=運動場・校庭（園庭）,競技種目=野球（含軟式）,3,258,0.16298168035375868,0.7288135593220338,3.2775905238828966
発生場所2=道路,発生場所1=学校外（園外） | 被災学年=3,3,65,0.0410612760581175,0.23809523809523808,3.277432712215321
発生場所1=学校外（園外） | 被災学年=3,発生場所2=道路,3,65,0.0410612760581175,0.5652173913043478,3.2774327122153206
和暦=平成 | 発生場所2=教室（保育室）,被災学校種=小,3,36,0.022741629816803537,0.5070422535211268,3.276113825812015
発生場所1=学校内・校舎内（園内・園舎内）,発生場所2=体育館・屋内運動場,2,245,0.15476942514213518,0.506198347107438,3.2706611570247937
発生場所2=体育館・屋内運動場,発生場所1=学校内・校舎内（園内・園舎内）,2,245,0.15476942514213518,1.0,3.2706611570247937
発生場所1=学校内・校舎内（園内・園舎内）,和暦=平成 | 発生場所2=体育館・屋内運動場,3,201,0.1269740998104864,0.4152892561983471,3.2706611570247937
和暦=平成 | 発生場所2=体育館・屋内運動場,発生場所1=学校内・校舎内（園内・園舎内）,3,201,0.1269740998104864,1.0,3.2706611570247937
性別=男 | 発生場所2=体育館・屋内運動場,発生場所1=学校内・校舎内（園内・園舎内）,3,172,0.10865445356917246,1.0,3.2706611570247937
発生場所1=学校内・校舎内（園内・園舎内）,発生場所2=体育館・屋内運動場 | 被災学校種=高,3,143,0.0903348073278585,0.29545454545454547,3.2706611570247937
発生場所2=体育館・屋内運動場 | 被災学校種=高,発生場所1=学校内・校舎内（園内・園舎内）,3,143,0.0903348073278585,1.0,3.2706611570247937
場合別1=課外指導 | 発生場所2=体育館・屋内運動場,発生場所1=学校内・校舎内（園内・園舎内）,3,120,0.07580543272267846,1.0,3.2706611570247937
場合別2=体育的部活動 | 発生場所2=体育館・屋内運動場,発生場所1=学校内・校舎内（園内・園舎内）,3,119,0.07517372078332281,1.0,3.2706611570247937
発生場所2=廊下,発生場所1=学校内・校舎内（園内・園舎内）,2,96,0.060644346178142766,1.0,3.2706611570247937
発生場所2=体育館・屋内運動場 | 被災学年=2,発生場所1=学校内・校舎内（園内・園舎内）,3,90,0.056854074542008845,1.0,3.2706611570247937
場合別1=各教科等 | 発生場所2=体育館・屋内運動場,発生場所1=学校内・校舎内（園内・園舎内）,3,89,0.05622236260265319,1.0,3.2706611570247937
場合別2=体育（保健体育） | 発生場所2=体育館・屋内運動場,発生場所1=学校内・校舎内（園内・園舎内）,3,86,0.05432722678458623,1.0,3.2706611570247937
発生場所2=体育館・屋内運動場 | 競技種目=バスケットボール,発生場所1=学校内・校舎内（園内・園舎内）,3,82,0.05180037902716361,1.0,3.2706611570247937
発生場所2=教室（保育室）,発生場所1=学校内・校舎内（園内・園舎内）,2,81,0.051168667087807956,1.0,3.2706611570247937
和暦=平成 | 発生場所2=廊下,発生場所1=学校内・校舎内（園内・園舎内）,3,79,0.04990524320909665,1.0,3.2706611570247937
発生場所2=体育館・屋内運動場 | 被災学年=3,発生場所1=学校内・校舎内（園内・園舎内）,3,78,0.049273531269740996,1.0,3.2706611570247937
性別=女 | 発生場所2=体育館・屋内運動場,発生場所1=学校内・校舎内（園内・園舎内）,3,73,0.04611497157296273,1.0,3.2706611570247937
和暦=平成 | 発生場所2=教室（保育室）,発生場所1=学校内・校舎内（園内・園舎内）,3,71,0.04485154769425142,1.0,3.2706611570247937
発生場所2=体育館・屋内運動場 | 被災学校種=中,発生場所1=学校内・校舎内（園内・園舎内）,3,70,0.04421983575489577,1.0,3.2706611570247937
性別=男 | 発生場所2=教室（保育室）,発生場所1=学校内・校舎内（園内・園舎内）,3,60,0.03790271636133923,1.0,3.2706611570247937
場合別1=休憩時間 | 発生場所2=廊下,発生場所1=学校内・校舎内（園内・園舎内）,3,60,0.03790271636133923,1.0,3.2706611570247937
発生場所2=体育館・屋内運動場 | 被災学年=1,発生場所1=学校内・校舎内（園内・園舎内）,3,59,0.037271004421983576,1.0,3.2706611570247937
性別=男 | 発生場所2=廊下,発生場所1=学校内・校舎内（園内・園舎内）,3,57,0.036007580543272265,1.0,3.2706611570247937
場合別1=休憩時間 | 発生場所2=教室（保育室）,発生場所1=学校内・校舎内（園内・園舎内）,3,51,0.032217308907138344,1.0,3.2706611570247937
和暦=令和 | 発生場所2=体育館・屋内運動場,発生場所1=学校内・校舎内（園内・園舎内）,3,44,0.027795325331648767,1.0,3.2706611570247937
発生場所2=廊下 | 被災学校種=中,発生場所1=学校内・校舎内（園内・園舎内）,3,42,0.026531901452937462,1.0,3.2706611570247937
性別=女 | 発生場所2=廊下,発生場所1=学校内・校舎内（園内・園舎内）,3,39,0.024636765634870498,1.0,3.2706611570247937
発生場所2=教室（保育室） | 被災学校種=小,発生場所1=学校内・校舎内（園内・園舎内）,3,37,0.02337334175615919,1.0,3.2706611570247937
発生場所2=廊下 | 被災学校種=小,発生場所1=学校内・校舎内（園内・園舎内）,3,35,0.022109917877447885,1.0,3.2706611570247937
発生場所2=廊下 | 被災学年=2,発生場所1=学校内・校舎内（園内・園舎内）,3,33,0.020846493998736577,1.0,3.2706611570247937
発生場所2=体育館・屋内運動場 | 競技種目=バレーボール,発生場所1=学校内・校舎内（園内・園舎内）,3,31,0.01958307012002527,1.0,3.2706611570247937
発生場所2=教室（保育室） | 被災学校種=中,発生場所1=学校内・校舎内（園内・園舎内）,3,29,0.01831964624131396,1.0,3.2706611570247937
場合別2=休憩時間中 | 発生場所2=廊下,発生場所1=学校内・校舎内（園内・園舎内）,3,27,0.017056222362602652,1.0,3.2706611570247937
発生場所2=階段,発生場所1=学校内・校舎内（園内・園舎内）,2,25,0.015792798483891344,1.0,3.2706611570247937
発生場所2=体育館・屋内運動場 | 被災学校種=小,発生場所1=学校内・校舎内（園内・園舎内）,3,24,0.015161086544535692,1.0,3.2706611570247937
発生場所2=教室（保育室） | 被災学年=3,発生場所1=学校内・校舎内（園内・園舎内）,3,23,0.014529374605180037,1.0,3.2706611570247937
発生場所2=体育館・屋内運動場 | 給付年度=18,発生場所1=学校内・校舎内（園内・園舎内）,3,23,0.014529374605180037,1.0,3.2706611570247937
性別=女 | 発生場所2=教室（保育室）,発生場所1=学校内・校舎内（園内・園舎内）,3,21,0.013265950726468731,1.0,3.2706611570247937
発生場所2=体育館・屋内運動場 | 給付年度=22,発生場所1=学校内・校舎内（園内・園舎内）,3,21,0.013265950726468731,1.0,3.2706611570247937
場合別2=休憩時間中 | 発生場所2=教室（保育室）,発生場所1=学校内・校舎内（園内・園舎内）,3,20,0.012634238787113077,1.0,3.2706611570247937
和暦=平成 | 発生場所2=階段,発生場所1=学校内・校舎内（園内・園舎内）,3,20,0.012634238787113077,1.0,3.2706611570247937
発生場所2=廊下 | 被災学年=1,発生場所1=学校内・校舎内（園内・園舎内）,3,20,0.012634238787113077,1.0,3.2706611570247937
発生場所2=廊下 | 被災学年=3,発生場所1=学校内・校舎内（園内・園舎内）,3,19,0.012002526847757423,1.0,3.2706611570247937
発生場所2=教室（保育室） | 被災学年=2,発生場所1=学校内・校舎内（園内・園舎内）,3,18,0.011370814908401769,1.0,3.2706611570247937
発生場所2=体育館・屋内運動場 | 給付年度=20,発生場所1=学校内・校舎内（園内・園舎内）,3,18,0.011370814908401769,1.0,3.2706611570247937
場合別1=休憩時間 | 発生場所2=体育館・屋内運動場,発生場所1=学校内・校舎内（園内・園舎内）,3,17,0.010739102969046115,1.0,3.2706611570247937
場合別2=昼食時休憩時間中 | 発生場所2=教室（保育室）,発生場所1=学校内・校舎内（園内・園舎内）,3,17,0.010739102969046115,1.0,3.2706611570247937
場合別2=昼食時休憩時間中 | 発生場所2=廊下,発生場所1=学校内・校舎内（園内・園舎内）,3,17,0.010739102969046115,1.0,3.2706611570247937
和暦=令和 | 発生場所2=廊下,発生場所1=学校内・校舎内（園内・園舎内）,3,17,0.010739102969046115,1.0,3.2706611570247937
発生場所2=体育館・屋内運動場 | 給付年度=17,発生場所1=学校内・校舎内（園内・園舎内）,3,16,0.01010739102969046,1.0,3.2706611570247937
場合別1=特別活動（除学校行事） | 発生場所2=教室（保育室）,発生場所1=学校内・校舎内（園内・園舎内）,3,16,0.01010739102969046,1.0,3.2706611570247937
場合別1=休憩時間 | 発生場所2=階段,発生場所1=学校内・校舎内（園内・園舎内）,3,16,0.01010739102969046,1.0,3.2706611570247937
性別=男 | 発生場所2=階段,発生場所1=学校内・校舎内（園内・園舎内）,3,16,0.01010739102969046,1.0,3.2706611570247937
発生場所2=体育館・屋内運動場 | 給付年度=19,発生場所1=学校内・校舎内（園内・園舎内）,3,16,0.01010739102969046,1.0,3.2706611570247937
発生場所1=学校内・校舎内（園内・園舎内）,性別=男 | 発生場所2=体育館・屋内運動場,3,172,0.10865445356917246,0.35537190082644626,3.270661157024793
発生場所1=学校内・校舎内（園内・園舎内）,場合別1=課外指導 | 発生場所2=体育館・屋内運動場,3,120,0.07580543272267846,0.24793388429752067,3.270661157024793
発生場所1=学校内・校舎内（園内・園舎内）,場合別2=体育的部活動 | 発生場所2=体育館・屋内運動場,3,119,0.07517372078332281,0.24586776859504134,3.270661157024793
性別=男 | 被災学年=4,場合別1=休憩時間,3,17,0.010739102969046115,0.5151515151515151,3.261939393939394
和暦=平成 | 発生場所1=学校外（園外）,場合別2=下校（降園）中,3,115,0.07264687302590019,0.2777777777777778,3.2572016460905355
場合別2=下校（降園）中,和暦=平成 | 発生場所1=学校外（園外）,3,115,0.07264687302590019,0.8518518518518519,3.257201646090535
発生場所2=教室（保育室）,和暦=平成 | 被災学校種=小,3,36,0.022741629816803537,0.4444444444444444,3.257201646090535
発生場所2=学校外運動場・競技場,和暦=平成 | 発生場所1=学校外（園外）,3,101,0.06380290587492103,0.8487394957983193,3.245301018958308
和暦=平成 | 発生場所1=学校外（園外）,発生場所2=学校外運動場・競技場,3,101,0.06380290587492103,0.24396135265700483,3.245301018958308
和暦=令和 | 発生場所2=体育館・屋内運動場,場合別1=各教科等,3,21,0.013265950726468731,0.4772727272727273,3.242586812329302
被災学年=4,和暦=平成 | 場合別1=休憩時間,3,23,0.014529374605180037,0.42592592592592593,3.241542022792023
和暦=平成 | 被災学年=4,場合別1=休憩時間,3,23,0.014529374605180037,0.5111111111111111,3.2363555555555554
発生場所2=廊下,和暦=平成 | 発生場所1=学校内・校舎内（園内・園舎内）,3,79,0.04990524320909665,0.8229166666666666,3.2324493382961124
場合別2=体育（保健体育） | 被災学年=3,発生場所2=体育館・屋内運動場,3,38,0.024005053695514846,0.5,3.2306122448979595
場合別1=特別活動（除学校行事） | 性別=男,被災学校種=小,3,22,0.013897662665824383,0.5,3.2306122448979595
発生場所1=学校内・校舎内（園内・園舎内） | 給付年度=20,発生場所2=体育館・屋内運動場,3,18,0.011370814908401769,0.5,3.2306122448979595
発生場所1=学校内・校舎内（園内・園舎内） | 給付年度=19,発生場所2=体育館・屋内運動場,3,16,0.01010739102969046,0.5,3.2306122448979595
和暦=平成 | 発生場所1=学校内・校舎内（園内・園舎内）,発生場所2=体育館・屋内運動場,3,201,0.1269740998104864,0.4987593052109181,3.2225958373423813
発生場所2=体育館・屋内運動場,和暦=平成 | 発生場所1=学校内・校舎内（園内・園舎内）,3,201,0.1269740998104864,0.8204081632653061,3.222595837342381
通学方法=自転車,発生場所1=学校外（園外） | 被災学年=3,3,51,0.032217308907138344,0.23394495412844038,3.2203031511767057
発生場所1=学校外（園外） | 被災学年=3,通学方法=自転車,3,51,0.032217308907138344,0.4434782608695652,3.2203031511767053
発生場所2=教室（保育室）,性別=男 | 被災学校種=小,3,25,0.015792798483891344,0.30864197530864196,3.2143437296946065
場合別2=体育（保健体育） | 発生場所1=学校内・校舎内（園内・園舎内）,競技種目=バスケットボール,3,20,0.012634238787113077,0.22727272727272727,3.2122564935064934
発生場所2=廊下,発生場所1=学校内・校舎内（園内・園舎内） | 被災学年=1,3,20,0.012634238787113077,0.20833333333333334,3.2018608414239482
場合別2=体育的部活動 | 発生場所1=学校内・校舎外（園内・園舎外）,競技種目=野球（含軟式）,3,259,0.16361339229311433,0.7115384615384616,3.1999016608391613
競技種目=野球（含軟式）,場合別2=体育的部活動 | 発生場所1=学校内・校舎外（園内・園舎外）,3,259,0.16361339229311433,0.7357954545454546,3.199901660839161
発生場所2=道路,発生場所1=学校外（園外）,2,273,0.1724573594440935,1.0,3.1851106639839037
発生場所1=学校外（園外）,発生場所2=道路,2,273,0.1724573594440935,0.5492957746478874,3.1851106639839037
場合別1=通学中,発生場所1=学校外（園外）,2,262,0.1655085281111813,1.0,3.1851106639839037
場合別1=通学中 | 発生場所2=道路,発生場所1=学校外（園外）,3,254,0.16045483259633608,1.0,3.1851106639839037
和暦=平成 | 発生場所2=道路,発生場所1=学校外（園外）,3,223,0.1408717624763108,1.0,3.1851106639839037
通学方法=自転車,発生場所1=学校外（園外）,2,218,0.13771320277953253,1.0,3.1851106639839037
場合別1=通学中 | 通学方法=自転車,発生場所1=学校外（園外）,3,218,0.13771320277953253,1.0,3.1851106639839037
発生場所2=道路 | 通学方法=自転車,発生場所1=学校外（園外）,3,217,0.13708149084017687,1.0,3.1851106639839037
和暦=平成 | 場合別1=通学中,発生場所1=学校外（園外）,3,213,0.13455464308275428,1.0,3.1851106639839037
和暦=平成 | 通学方法=自転車,発生場所1=学校外（園外）,3,173,0.10928616550852811,1.0,3.1851106639839037
性別=男 | 発生場所2=道路,発生場所1=学校外（園外）,3,173,0.10928616550852811,1.0,3.1851106639839037
発生場所1=学校外（園外）,発生場所2=道路 | 被災学校種=高,3,169,0.10675931775110549,0.34004024144869216,3.1851106639839037
発生場所2=道路 | 被災学校種=高,発生場所1=学校外（園外）,3,169,0.10675931775110549,1.0,3.1851106639839037
発生場所1=学校外（園外）,場合別1=通学中 | 被災学校種=高,3,166,0.10486418193303854,0.33400402414486924,3.1851106639839037
場合別1=通学中 | 被災学校種=高,発生場所1=学校外（園外）,3,166,0.10486418193303854,1.0,3.1851106639839037
発生場所1=学校外（園外）,場合別1=通学中 | 性別=男,3,165,0.10423246999368288,0.3319919517102616,3.1851106639839037
場合別1=通学中 | 性別=男,発生場所1=学校外（園外）,3,165,0.10423246999368288,1.0,3.1851106639839037
被災学校種=高 | 通学方法=自転車,発生場所1=学校外（園外）,3,160,0.10107391029690461,1.0,3.1851106639839037
性別=男 | 通学方法=自転車,発生場所1=学校外（園外）,3,137,0.08654453569172457,1.0,3.1851106639839037
場合別2=下校（降園）中,発生場所1=学校外（園外）,2,135,0.08528111181301326,1.0,3.1851106639839037
発生場所1=学校外（園外）,場合別2=下校（降園）中,2,135,0.08528111181301326,0.2716297786720322,3.1851106639839037
発生場所1=学校外（園外）,場合別1=通学中 | 場合別2=下校（降園）中,3,135,0.08528111181301326,0.2716297786720322,3.1851106639839037
場合別1=通学中 | 場合別2=下校（降園）中,発生場所1=学校外（園外）,3,135,0.08528111181301326,1.0,3.1851106639839037
発生場所1=学校外（園外）,場合別2=下校（降園）中 | 発生場所2=道路,3,132,0.08338597599494631,0.2655935613682093,3.1851106639839037
場合別2=下校（降園）中 | 発生場所2=道路,発生場所1=学校外（園外）,3,132,0.08338597599494631,1.0,3.1851106639839037
発生場所2=学校外運動場・競技場,発生場所1=学校外（園外）,2,119,0.07517372078332281,1.0,3.1851106639839037
場合別2=登校（登園）中,発生場所1=学校外（園外）,2,117,0.0739102969046115,1.0,3.1851106639839037
場合別1=通学中 | 場合別2=登校（登園）中,発生場所1=学校外（園外）,3,117,0.0739102969046115,1.0,3.1851106639839037
発生場所1=学校外（園外）,場合別1=課外指導 | 発生場所2=学校外運動場・競技場,3,116,0.07327858496525584,0.23340040241448692,3.1851106639839037
場合別1=課外指導 | 発生場所2=学校外運動場・競技場,発生場所1=学校外（園外）,3,116,0.07327858496525584,1.0,3.1851106639839037
発生場所1=学校外（園外）,場合別2=体育的部活動 | 発生場所2=学校外運動場・競技場,3,116,0.07327858496525584,0.23340040241448692,3.1851106639839037
場合別2=体育的部活動 | 発生場所2=学校外運動場・競技場,発生場所1=学校外（園外）,3,116,0.07327858496525584,1.0,3.1851106639839037
和暦=平成 | 場合別2=下校（降園）中,発生場所1=学校外（園外）,3,115,0.07264687302590019,1.0,3.1851106639839037
場合別2=登校（登園）中 | 発生場所2=道路,発生場所1=学校外（園外）,3,113,0.07138344914718889,1.0,3.1851106639839037
性別=男 | 発生場所2=学校外運動場・競技場,発生場所1=学校外（園外）,3,111,0.07012002526847758,1.0,3.1851106639839037
発生場所1=学校外（園外）,発生場所2=学校外運動場・競技場 | 被災学校種=高,3,107,0.06759317751105495,0.2152917505030181,3.1851106639839037
発生場所2=学校外運動場・競技場 | 被災学校種=高,発生場所1=学校外（園外）,3,107,0.06759317751105495,1.0,3.1851106639839037
場合別2=登校（登園）中 | 通学方法=自転車,発生場所1=学校外（園外）,3,106,0.06696146557169931,1.0,3.1851106639839037
発生場所2=道路 | 被災学年=1,発生場所1=学校外（園外）,3,104,0.065698041692988,1.0,3.1851106639839037
場合別2=下校（降園）中 | 通学方法=自転車,発生場所1=学校外（園外）,3,103,0.06506632975363234,1.0,3.1851106639839037
発生場所1=学校外（園外）,和暦=平成 | 発生場所2=学校外運動場・競技場,3,101,0.06380290587492103,0.20321931589537223,3.1851106639839037
和暦=平成 | 発生場所2=学校外運動場・競技場,発生場所1=学校外（園外）,3,101,0.06380290587492103,1.0,3.1851106639839037
発生場所1=学校外（園外）,性別=女 | 発生場所2=道路,3,100,0.06317119393556538,0.2012072434607646,3.1851106639839037
性別=女 | 発生場所2=道路,発生場所1=学校外（園外）,3,100,0.06317119393556538,1.0,3.1851106639839037
発生場所1=学校外（園外）,場合別1=通学中 | 被災学年=1,3,100,0.06317119393556538,0.2012072434607646,3.1851106639839037
場合別1=通学中 | 被災学年=1,発生場所1=学校外（園外）,3,100,0.06317119393556538,1.0,3.1851106639839037
場合別1=通学中 | 性別=女,発生場所1=学校外（園外）,3,97,0.06127605811749842,1.0,3.1851106639839037
被災学年=1 | 通学方法=自転車,発生場所1=学校外（園外）,3,95,0.06001263423878711,1.0,3.1851106639839037
場合別2=下校（降園）中 | 性別=男,発生場所1=学校外（園外）,3,91,0.0574857864813645,1.0,3.1851106639839037
和暦=平成 | 場合別2=登校（登園）中,発生場所1=学校外（園外）,3,89,0.05622236260265319,1.0,3.1851106639839037
発生場所2=道路 | 被災学年=2,発生場所1=学校外（園外）,3,85,0.05369551484523057,1.0,3.1851106639839037
場合別1=通学中 | 被災学年=2,発生場所1=学校外（園外）,3,83,0.05243209096651927,1.0,3.1851106639839037
場合別2=登校（登園）中 | 被災学校種=高,発生場所1=学校外（園外）,3,82,0.05180037902716361,1.0,3.1851106639839037
性別=女 | 通学方法=自転車,発生場所1=学校外（園外）,3,81,0.051168667087807956,1.0,3.1851106639839037
場合別2=下校（降園）中 | 被災学校種=高,発生場所1=学校外（園外）,3,79,0.04990524320909665,1.0,3.1851106639839037
発生場所2=学校外運動場・競技場 | 競技種目=野球（含軟式）,発生場所1=学校外（園外）,3,75,0.047378395451674035,1.0,3.1851106639839037
被災学年=2 | 通学方法=自転車,発生場所1=学校外（園外）,3,69,0.043588123815540114,1.0,3.1851106639839037
場合別2=登校（登園）中 | 性別=男,発生場所1=学校外（園外）,3,66,0.041692987997473153,1.0,3.1851106639839037
発生場所2=道路 | 被災学年=3,発生場所1=学校外（園外）,3,65,0.0410612760581175,1.0,3.1851106639839037
場合別1=通学中 | 被災学年=3,発生場所1=学校外（園外）,3,64,0.04042956411876184,1.0,3.1851106639839037
発生場所2=道路 | 被災学校種=中,発生場所1=学校外（園外）,3,63,0.03979785217940619,1.0,3.1851106639839037
場合別1=通学中 | 被災学校種=中,発生場所1=学校外（園外）,3,58,0.03663929248262792,1.0,3.1851106639839037
発生場所2=学校外運動場・競技場 | 被災学年=2,発生場所1=学校外（園外）,3,57,0.036007580543272265,1.0,3.1851106639839037
場合別2=下校（降園）中 | 被災学年=1,発生場所1=学校外（園外）,3,53,0.033480732785849655,1.0,3.1851106639839037
場合別2=登校（登園）中 | 性別=女,発生場所1=学校外（園外）,3,51,0.032217308907138344,1.0,3.1851106639839037
被災学年=3 | 通学方法=自転車,発生場所1=学校外（園外）,3,51,0.032217308907138344,1.0,3.1851106639839037
和暦=令和 | 発生場所2=道路,発生場所1=学校外（園外）,3,50,0.03158559696778269,1.0,3.1851106639839037
和暦=令和 | 場合別1=通学中,発生場所1=学校外（園外）,3,49,0.03095388502842704,1.0,3.1851106639839037
被災学校種=中 | 通学方法=自転車,発生場所1=学校外（園外）,3,48,0.030322173089071383,1.0,3.1851106639839037
場合別2=下校（降園）中 | 被災学年=2,発生場所1=学校外（園外）,3,46,0.029058749210360075,1.0,3.1851106639839037
和暦=令和 | 通学方法=自転車,発生場所1=学校外（園外）,3,45,0.028427037271004423,1.0,3.1851106639839037
場合別2=下校（降園）中 | 性別=女,発生場所1=学校外（園外）,3,44,0.027795325331648767,1.0,3.1851106639839037
通学方法=徒歩,発生場所1=学校外（園外）,2,43,0.027163613392293114,1.0,3.1851106639839037
場合別1=通学中 | 通学方法=徒歩,発生場所1=学校外（園外）,3,43,0.027163613392293114,1.0,3.1851106639839037
場合別2=登校（登園）中 | 被災学年=1,発生場所1=学校外（園外）,3,43,0.027163613392293114,1.0,3.1851106639839037
発生場所2=学校外体育館,発生場所1=学校外（園外）,2,40,0.025268477574226154,1.0,3.1851106639839037
和暦=平成 | 通学方法=徒歩,発生場所1=学校外（園外）,3,39,0.024636765634870498,1.0,3.1851106639839037
発生場所2=道路 | 通学方法=徒歩,発生場所1=学校外（園外）,3,37,0.02337334175615919,1.0,3.1851106639839037
場合別1=課外指導 | 発生場所2=学校外体育館,発生場所1=学校外（園外）,3,37,0.02337334175615919,1.0,3.1851106639839037
場合別2=体育的部活動 | 発生場所2=学校外体育館,発生場所1=学校外（園外）,3,37,0.02337334175615919,1.0,3.1851106639839037
和暦=平成 | 発生場所2=学校外体育館,発生場所1=学校外（園外）,3,35,0.022109917877447885,1.0,3.1851106639839037
場合別2=登校（登園）中 | 被災学年=2,発生場所1=学校外（園外）,3,35,0.022109917877447885,1.0,3.1851106639839037
場合別2=登校（登園）中 | 被災学年=3,発生場所1=学校外（園外）,3,34,0.02147820593809223,1.0,3.1851106639839037
発生場所2=学校外運動場・競技場 | 被災学年=1,発生場所1=学校外（園外）,3,33,0.020846493998736577,1.0,3.1851106639839037
場合別2=下校（降園）中 | 通学方法=徒歩,発生場所1=学校外（園外）,3,32,0.02021478205938092,1.0,3.1851106639839037
場合別2=下校（降園）中 | 被災学校種=中,発生場所1=学校外（園外）,3,32,0.02021478205938092,1.0,3.1851106639839037
発生場所2=道路 | 被災学校種=小,発生場所1=学校外（園外）,3,31,0.01958307012002527,1.0,3.1851106639839037
場合別1=通学中 | 被災学校種=小,発生場所1=学校外（園外）,3,29,0.01831964624131396,1.0,3.1851106639839037
発生場所2=学校外運動場・競技場 | 被災学年=3,発生場所1=学校外（園外）,3,29,0.01831964624131396,1.0,3.1851106639839037
性別=男 | 通学方法=徒歩,発生場所1=学校外（園外）,3,28,0.017687934301958308,1.0,3.1851106639839037
発生場所2=学校外体育館 | 被災学校種=高,発生場所1=学校外（園外）,3,28,0.017687934301958308,1.0,3.1851106639839037
和暦=令和 | 場合別2=登校（登園）中,発生場所1=学校外（園外）,3,28,0.017687934301958308,1.0,3.1851106639839037
被災学校種=小 | 通学方法=徒歩,発生場所1=学校外（園外）,3,26,0.016424510423247,1.0,3.1851106639839037
場合別2=下校（降園）中 | 被災学年=3,発生場所1=学校外（園外）,3,26,0.016424510423247,1.0,3.1851106639839037
性別=男 | 発生場所2=学校外体育館,発生場所1=学校外（園外）,3,25,0.015792798483891344,1.0,3.1851106639839037
場合別1=通学中 | 給付年度=20,発生場所1=学校外（園外）,3,25,0.015792798483891344,1.0,3.1851106639839037
発生場所2=道路 | 給付年度=20,発生場所1=学校外（園外）,3,25,0.015792798483891344,1.0,3.1851106639839037
発生場所2=学校外運動場・競技場 | 競技種目=サッカー・フットサル,発生場所1=学校外（園外）,3,23,0.014529374605180037,1.0,3.1851106639839037
場合別2=登校（登園）中 | 被災学校種=中,発生場所1=学校外（園外）,3,22,0.013897662665824383,1.0,3.1851106639839037
場合別2=下校（降園）中 | 被災学校種=小,発生場所1=学校外（園外）,3,21,0.013265950726468731,1.0,3.1851106639839037
発生場所2=学校外体育館 | 競技種目=バスケットボール,発生場所1=学校外（園外）,3,21,0.013265950726468731,1.0,3.1851106639839037
場合別1=通学中 | 給付年度=18,発生場所1=学校外（園外）,3,20,0.012634238787113077,1.0,3.1851106639839037
発生場所2=道路 | 給付年度=19,発生場所1=学校外（園外）,3,20,0.012634238787113077,1.0,3.1851106639839037
給付年度=20 | 通学方法=自転車,発生場所1=学校外（園外）,3,20,0.012634238787113077,1.0,3.1851106639839037
和暦=令和 | 場合別2=下校（降園）中,発生場所1=学校外（園外）,3,20,0.012634238787113077,1.0,3.1851106639839037
発生場所2=道路 | 給付年度=18,発生場所1=学校外（園外）,3,19,0.012002526847757423,1.0,3.1851106639839037
給付年度=18 | 通学方法=自転車,発生場所1=学校外（園外）,3,19,0.012002526847757423,1.0,3.1851106639839037
場合別1=通学中 | 給付年度=17,発生場所1=学校外（園外）,3,18,0.011370814908401769,1.0,3.1851106639839037
発生場所2=道路 | 給付年度=17,発生場所1=学校外（園外）,3,18,0.011370814908401769,1.0,3.1851106639839037
発生場所2=学校外体育館 | 被災学年=1,発生場所1=学校外（園外）,3,18,0.011370814908401769,1.0,3.1851106639839037
発生場所2=道路 | 給付年度=21,発生場所1=学校外（園外）,3,18,0.011370814908401769,1.0,3.1851106639839037
場合別1=通学中 | 給付年度=23,発生場所1=学校外（園外）,3,18,0.011370814908401769,1.0,3.1851106639839037
和暦=令和 | 発生場所2=学校外運動場・競技場,発生場所1=学校外（園外）,3,18,0.011370814908401769,1.0,3.1851106639839037
発生場所2=山林野（含スキー場）,発生場所1=学校外（園外）,2,17,0.010739102969046115,1.0,3.1851106639839037
場合別1=通学中 | 給付年度=19,発生場所1=学校外（園外）,3,17,0.010739102969046115,1.0,3.1851106639839037
発生場所2=道路 | 給付年度=22,発生場所1=学校外（園外）,3,17,0.010739102969046115,1.0,3.1851106639839037
発生場所2=道路 | 給付年度=23,発生場所1=学校外（園外）,3,17,0.010739102969046115,1.0,3.1851106639839037
和暦=平成 | 発生場所2=山林野（含スキー場）,発生場所1=学校外（園外）,3,16,0.01010739102969046,1.0,3.1851106639839037
給付年度=23 | 通学方法=自転車,発生場所1=学校外（園外）,3,16,0.01010739102969046,1.0,3.1851106639839037
発生場所2=道路 | 給付年度=26,発生場所1=学校外（園外）,3,16,0.01010739102969046,1.0,3.1851106639839037
発生場所1=学校外（園外）,場合別1=通学中,2,262,0.1655085281111813,0.5271629778672032,3.1851106639839033
発生場所1=学校外（園外）,場合別1=通学中 | 発生場所2=道路,3,254,0.16045483259633608,0.5110663983903421,3.1851106639839033
発生場所1=学校外（園外）,和暦=平成 | 発生場所2=道路,3,223,0.1408717624763108,0.448692152917505,3.1851106639839033
発生場所1=学校外（園外）,通学方法=自転車,2,218,0.13771320277953253,0.4386317907444668,3.1851106639839033
発生場所1=学校外（園外）,場合別1=通学中 | 通学方法=自転車,3,218,0.13771320277953253,0.4386317907444668,3.1851106639839033
発生場所1=学校外（園外）,発生場所2=道路 | 通学方法=自転車,3,217,0.13708149084017687,0.43661971830985913,3.1851106639839033
発生場所1=学校外（園外）,和暦=平成 | 通学方法=自転車,3,173,0.10928616550852811,0.34808853118712274,3.1851106639839033
発生場所1=学校外（園外）,性別=男 | 発生場所2=道路,3,173,0.10928616550852811,0.34808853118712274,3.1851106639839033
発生場所1=学校外（園外）,被災学校種=高 | 通学方法=自転車,3,160,0.10107391029690461,0.32193158953722334,3.1851106639839033
発生場所1=学校外（園外）,性別=男 | 通学方法=自転車,3,137,0.08654453569172457,0.27565392354124746,3.1851106639839033
発生場所1=学校外（園外）,場合別2=登校（登園）中,2,117,0.0739102969046115,0.23541247484909456,3.1851106639839033
発生場所1=学校外（園外）,場合別1=通学中 | 場合別2=登校（登園）中,3,117,0.0739102969046115,0.23541247484909456,3.1851106639839033
発生場所1=学校外（園外）,和暦=平成 | 場合別2=下校（降園）中,3,115,0.07264687302590019,0.23138832997987926,3.1851106639839033
発生場所1=学校外（園外）,性別=男 | 発生場所2=学校外運動場・競技場,3,111,0.07012002526847758,0.22334004024144868,3.1851106639839033
発生場所1=学校外（園外）,場合別2=登校（登園）中 | 通学方法=自転車,3,106,0.06696146557169931,0.21327967806841047,3.1851106639839033
発生場所1=学校外（園外）,発生場所2=道路 | 被災学年=1,3,104,0.065698041692988,0.20925553319919518,3.1851106639839033
発生場所1=学校外（園外）,場合別2=下校（降園）中 | 通学方法=自転車,3,103,0.06506632975363234,0.20724346076458752,3.1851106639839033
発生場所1=学校外（園外）,和暦=平成 | 場合別1=通学中,3,213,0.13455464308275428,0.42857142857142855,3.185110663983903
発生場所1=学校外（園外）,発生場所2=学校外運動場・競技場,2,119,0.07517372078332281,0.23943661971830985,3.185110663983903
発生場所1=学校外（園外）,場合別2=登校（登園）中 | 発生場所2=道路,3,113,0.07138344914718889,0.22736418511066397,3.185110663983903
場合別1=各教科等 | 発生場所2=体育館・屋内運動場,競技種目=バスケットボール,3,20,0.012634238787113077,0.2247191011235955,3.176163723916533
競技種目=野球（含軟式）,場合別1=課外指導 | 発生場所1=学校内・校舎外（園内・園舎外）,3,259,0.16361339229311433,0.7357954545454546,3.1737444265543724
場合別1=課外指導 | 発生場所1=学校内・校舎外（園内・園舎外）,競技種目=野球（含軟式）,3,259,0.16361339229311433,0.7057220708446866,3.173744426554372
発生場所2=教室（保育室）,発生場所1=学校内・校舎内（園内・園舎内） | 被災学年=3,3,23,0.014529374605180037,0.2839506172839506,3.165449487045731
性別=女 | 発生場所2=体育館・屋内運動場,場合別2=体育（保健体育）,3,28,0.017687934301958308,0.3835616438356164,3.1623858447488584
和暦=令和 | 場合別1=各教科等,発生場所2=体育館・屋内運動場,3,21,0.013265950726468731,0.4883720930232558,3.1554817275747506
発生場所2=廊下,場合別1=休憩時間 | 被災学校種=小,3,21,0.013265950726468731,0.21875,3.1480113636363636
場合別1=休憩時間 | 性別=女,被災学校種=小,3,37,0.02337334175615919,0.4868421052631579,3.1455961331901183
発生場所2=階段,和暦=平成 | 発生場所1=学校内・校舎内（園内・園舎内）,3,20,0.012634238787113077,0.8,3.1424317617866007
場合別2=休憩時間中 | 発生場所1=学校内・校舎内（園内・園舎内）,被災学校種=小,3,31,0.01958307012002527,0.484375,3.129655612244898
発生場所2=道路,和暦=平成 | 発生場所1=学校外（園外）,3,223,0.1408717624763108,0.8168498168498168,3.123365362495797
和暦=平成 | 発生場所1=学校外（園外）,発生場所2=道路,3,223,0.1408717624763108,0.538647342995169,3.123365362495797
場合別1=各教科等 | 競技種目=バスケットボール,発生場所1=学校内・校舎内（園内・園舎内）,3,20,0.012634238787113077,0.9523809523809523,3.1149153876426605
場合別2=体育（保健体育） | 競技種目=バスケットボール,発生場所1=学校内・校舎内（園内・園舎内）,3,20,0.012634238787113077,0.9523809523809523,3.1149153876426605
場合別1=通学中,和暦=平成 | 発生場所1=学校外（園外）,3,213,0.13455464308275428,0.8129770992366412,3.108557362540104
和暦=平成 | 発生場所1=学校外（園外）,場合別1=通学中,3,213,0.13455464308275428,0.5144927536231884,3.1085573625401035
発生場所2=体育館・屋内運動場,性別=女 | 発生場所1=学校内・校舎内（園内・園舎内）,3,73,0.04611497157296273,0.2979591836734694,3.103088077336198
性別=女 | 発生場所1=学校内・校舎内（園内・園舎内）,発生場所2=体育館・屋内運動場,3,73,0.04611497157296273,0.48026315789473684,3.1030880773361975
性別=女 | 発生場所2=廊下,場合別1=休憩時間,3,19,0.012002526847757423,0.48717948717948717,3.084820512820513
発生場所1=学校外（園外） | 給付年度=22,発生場所2=道路,3,17,0.010739102969046115,0.53125,3.0804716117216118
発生場所1=学校外（園外） | 給付年度=23,発生場所2=道路,3,17,0.010739102969046115,0.53125,3.0804716117216118
発生場所2=学校外運動場・競技場 | 被災学年=2,競技種目=野球（含軟式）,3,39,0.024636765634870498,0.6842105263157895,3.077003588516747
発生場所1=学校外（園外） | 被災学校種=中,場合別2=登校（登園）中,3,22,0.013897662665824383,0.2268041237113402,3.0686404088465946
競技種目=バスケットボール,場合別2=体育的部活動 | 被災学校種=中,3,28,0.017687934301958308,0.25,3.067829457364341
場合別2=体育的部活動 | 被災学校種=中,競技種目=バスケットボール,3,28,0.017687934301958308,0.21705426356589147,3.0678294573643408
発生場所2=階段,性別=男 | 発生場所1=学校内・校舎内（園内・園舎内）,3,16,0.01010739102969046,0.64,3.051566265060241
性別=男 | 被災学校種=小,場合別1=休憩時間,3,73,0.04611497157296273,0.48026315789473684,3.0410263157894737
場合別1=休憩時間,性別=男 | 被災学校種=小,3,73,0.04611497157296273,0.292,3.0410263157894732
競技種目=野球（含軟式）,性別=男 | 発生場所2=学校外運動場・競技場,3,75,0.047378395451674035,0.21306818181818182,3.0386210073710074
性別=男 | 発生場所2=学校外運動場・競技場,競技種目=野球（含軟式）,3,75,0.047378395451674035,0.6756756756756757,3.0386210073710074
発生場所2=学校外運動場・競技場,和暦=平成 | 競技種目=野球（含軟式）,3,66,0.041692987997473153,0.5546218487394958,3.037945974237446
和暦=平成 | 競技種目=野球（含軟式）,発生場所2=学校外運動場・競技場,3,66,0.041692987997473153,0.22837370242214533,3.0379459742374455
和暦=平成 | 発生場所1=学校外（園外）,通学方法=自転車,3,173,0.10928616550852811,0.4178743961352657,3.0343815095510354
通学方法=自転車,和暦=平成 | 発生場所1=学校外（園外）,3,173,0.10928616550852811,0.7935779816513762,3.034381509551035
場合別1=通学中,発生場所1=学校外（園外） | 被災学校種=高,3,166,0.10486418193303854,0.6335877862595419,3.0209923664122136
発生場所1=学校外（園外） | 被災学校種=高,場合別1=通学中,3,166,0.10486418193303854,0.5,3.0209923664122136
発生場所1=学校外（園外） | 給付年度=17,場合別1=通学中,3,18,0.011370814908401769,0.5,3.0209923664122136
発生場所2=学校外運動場・競技場,競技種目=野球（含軟式） | 被災学校種=高,3,69,0.043588123815540114,0.5798319327731093,3.009422785507646
競技種目=野球（含軟式） | 被災学校種=高,発生場所2=学校外運動場・競技場,3,69,0.043588123815540114,0.2262295081967213,3.0094227855076454
発生場所2=学校外運動場・競技場 | 被災学年=1,競技種目=野球（含軟式）,3,22,0.013897662665824383,0.6666666666666666,2.9981060606060606
被災学年=5,場合別1=休憩時間 | 性別=男,3,19,0.012002526847757423,0.3275862068965517,2.980281411018628
発生場所1=学校外（園外） | 被災学年=2,場合別2=下校（降園）中,3,46,0.029058749210360075,0.2541436464088398,2.980069572334766
場合別2=下校（降園）中,発生場所1=学校外（園外） | 被災学年=2,3,46,0.029058749210360075,0.34074074074074073,2.9800695723347657
競技種目=バスケットボール,性別=男 | 発生場所1=学校内・校舎内（園内・園舎内）,3,70,0.04421983575489577,0.625,2.9800451807228914
性別=男 | 発生場所1=学校内・校舎内（園内・園舎内）,競技種目=バスケットボール,3,70,0.04421983575489577,0.21084337349397592,2.9800451807228914
場合別2=下校（降園）中,性別=男 | 発生場所1=学校外（園外）,3,91,0.0574857864813645,0.674074074074074,2.9640534979423867
性別=男 | 発生場所1=学校外（園外）,場合別2=下校（降園）中,3,91,0.0574857864813645,0.25277777777777777,2.9640534979423867
競技種目=ホッケー,場合別2=体育的部活動 | 被災学校種=高,3,20,0.012634238787113077,1.0,2.958878504672897
場合別2=体育（保健体育） | 被災学校種=高,発生場所2=体育館・屋内運動場,3,43,0.027163613392293114,0.4574468085106383,2.9556665219279203
被災学年=3 | 被災学校種=小,場合別1=休憩時間,3,21,0.013265950726468731,0.4666666666666667,2.9549333333333334
競技種目=バスケットボール,場合別1=課外指導 | 被災学校種=中,3,28,0.017687934301958308,0.25,2.9533582089552235
場合別1=課外指導 | 被災学校種=中,競技種目=バスケットボール,3,28,0.017687934301958308,0.208955223880597,2.9533582089552235
発生場所2=道路,発生場所1=学校外（園外） | 被災学校種=高,3,169,0.10675931775110549,0.6190476190476191,2.9516637980493403
発生場所1=学校外（園外） | 被災学校種=高,発生場所2=道路,3,169,0.10675931775110549,0.5090361445783133,2.9516637980493403
発生場所2=教室（保育室）,被災学校種=小,2,37,0.02337334175615919,0.4567901234567901,2.9514235323759133
発生場所1=学校内・校舎内（園内・園舎内） | 発生場所2=教室（保育室）,被災学校種=小,3,37,0.02337334175615919,0.4567901234567901,2.9514235323759133
被災学校種=小,和暦=平成 | 場合別1=休憩時間,3,95,0.06001263423878711,0.3877551020408163,2.951040031397174
和暦=平成 | 場合別1=休憩時間,被災学校種=小,3,95,0.06001263423878711,0.4567307692307692,2.951040031397174
和暦=平成 | 発生場所2=学校外運動場・競技場,競技種目=野球（含軟式）,3,66,0.041692987997473153,0.6534653465346535,2.9387376237623766
発生場所2=体育館・屋内運動場 | 被災学年=1,場合別2=体育（保健体育）,3,21,0.013265950726468731,0.3559322033898305,2.93458686440678
発生場所2=学校外体育館,場合別2=体育的部活動 | 被災学年=1,3,18,0.011370814908401769,0.45,2.9314814814814816
場合別2=体育（保健体育） | 被災学校種=中,発生場所2=体育館・屋内運動場,3,29,0.01831964624131396,0.453125,2.9277423469387758
競技種目=ホッケー,場合別1=課外指導 | 被災学校種=高,3,20,0.012634238787113077,1.0,2.9260628465804066
和暦=平成 | 発生場所1=学校外（園外）,場合別2=登校（登園）中,3,89,0.05622236260265319,0.21497584541062803,2.908604814401916
場合別2=登校（登園）中,和暦=平成 | 発生場所1=学校外（園外）,3,89,0.05622236260265319,0.7606837606837606,2.9086048144019157
競技種目=野球（含軟式）,場合別1=課外指導 | 発生場所2=学校外運動場・競技場,3,75,0.047378395451674035,0.21306818181818182,2.9076459639498435
場合別1=課外指導 | 発生場所2=学校外運動場・競技場,競技種目=野球（含軟式）,3,75,0.047378395451674035,0.646551724137931,2.9076459639498435
競技種目=野球（含軟式）,場合別2=体育的部活動 | 発生場所2=学校外運動場・競技場,3,75,0.047378395451674035,0.21306818181818182,2.9076459639498435
場合別2=体育的部活動 | 発生場所2=学校外運動場・競技場,競技種目=野球（含軟式）,3,75,0.047378395451674035,0.646551724137931,2.9076459639498435
発生場所2=学校外運動場・競技場 | 被災学校種=高,競技種目=野球（含軟式）,3,69,0.043588123815540114,0.6448598130841121,2.9000371707731523
発生場所1=学校外（園外） | 給付年度=17,発生場所2=道路,3,18,0.011370814908401769,0.5,2.899267399267399
発生場所2=学校外体育館,場合別1=課外指導 | 被災学年=1,3,18,0.011370814908401769,0.45,2.8957317073170734
発生場所2=体育館・屋内運動場,場合別2=体育（保健体育）,2,86,0.05432722678458623,0.3510204081632653,2.894090136054422
場合別2=体育（保健体育）,発生場所2=体育館・屋内運動場,2,86,0.05432722678458623,0.4479166666666667,2.894090136054422
発生場所2=体育館・屋内運動場,場合別1=各教科等 | 場合別2=体育（保健体育）,3,86,0.05432722678458623,0.3510204081632653,2.894090136054422
場合別1=各教科等 | 場合別2=体育（保健体育）,発生場所2=体育館・屋内運動場,3,86,0.05432722678458623,0.4479166666666667,2.894090136054422
場合別2=体育（保健体育）,発生場所1=学校内・校舎内（園内・園舎内） | 発生場所2=体育館・屋内運動場,3,86,0.05432722678458623,0.4479166666666667,2.894090136054422
発生場所1=学校内・校舎内（園内・園舎内） | 発生場所2=体育館・屋内運動場,場合別2=体育（保健体育）,3,86,0.05432722678458623,0.3510204081632653,2.894090136054422
発生場所2=学校外運動場・競技場,場合別2=体育的部活動 | 被災学年=3,3,28,0.017687934301958308,0.23529411764705882,2.8873689010487915
場合別2=体育的部活動 | 被災学年=3,発生場所2=学校外運動場・競技場,3,28,0.017687934301958308,0.21705426356589147,2.8873689010487915
場合別2=体育（保健体育） | 被災学年=1,発生場所2=体育館・屋内運動場,3,21,0.013265950726468731,0.44680851063829785,2.8869300911854103
和暦=令和 | 発生場所1=学校外（園外）,発生場所2=学校外運動場・競技場,3,18,0.011370814908401769,0.21686746987951808,2.8848840741115724
場合別2=体育的部活動 | 性別=女,競技種目=バスケットボール,3,20,0.012634238787113077,0.20408163265306123,2.884475218658892
競技種目=バスケットボール,発生場所1=学校内・校舎内（園内・園舎内） | 被災学年=2,3,33,0.020846493998736577,0.29464285714285715,2.879133597883598
発生場所1=学校内・校舎内（園内・園舎内） | 被災学年=2,競技種目=バスケットボール,3,33,0.020846493998736577,0.2037037037037037,2.8791335978835977
発生場所2=学校外運動場・競技場,性別=男 | 競技種目=野球（含軟式）,3,75,0.047378395451674035,0.6302521008403361,2.8751846559949628
性別=男 | 競技種目=野球（含軟式）,発生場所2=学校外運動場・競技場,3,75,0.047378395451674035,0.21613832853025935,2.8751846559949623
場合別2=日常の清掃,和暦=平成 | 発生場所1=学校内・校舎内（園内・園舎内）,3,19,0.012002526847757423,0.7307692307692307,2.8704905516319905
発生場所2=学校外運動場・競技場,場合別1=課外指導 | 競技種目=野球（含軟式）,3,75,0.047378395451674035,0.6302521008403361,2.866922631121414
発生場所2=学校外運動場・競技場,場合別2=体育的部活動 | 競技種目=野球（含軟式）,3,75,0.047378395451674035,0.6302521008403361,2.866922631121414
場合別1=課外指導 | 競技種目=野球（含軟式）,発生場所2=学校外運動場・競技場,3,75,0.047378395451674035,0.21551724137931033,2.8669226311214135
場合別2=体育的部活動 | 競技種目=野球（含軟式）,発生場所2=学校外運動場・競技場,3,75,0.047378395451674035,0.21551724137931033,2.8669226311214135
被災学年=4,場合別1=休憩時間 | 性別=男,3,17,0.010739102969046115,0.3148148148148148,2.86409110259685
通学方法=徒歩,性別=男 | 発生場所1=学校外（園外）,3,28,0.017687934301958308,0.6511627906976745,2.8633074935400518
発生場所2=運動場・校庭（園庭） | 被災学校種=高,競技種目=野球（含軟式）,3,229,0.14466203411244472,0.6343490304709142,2.8527685091916397
競技種目=野球（含軟式）,発生場所2=運動場・校庭（園庭） | 被災学校種=高,3,229,0.14466203411244472,0.6505681818181818,2.8527685091916393
発生場所2=学校外運動場・競技場,場合別1=課外指導 | 被災学年=3,3,28,0.017687934301958308,0.23529411764705882,2.8432869330938484
場合別1=課外指導 | 被災学年=3,発生場所2=学校外運動場・競技場,3,28,0.017687934301958308,0.21374045801526717,2.843286933093848
場合別1=休憩時間,被災学校種=小,2,110,0.06948831332912192,0.44,2.8429387755102042
被災学校種=小,場合別1=休憩時間,2,110,0.06948831332912192,0.4489795918367347,2.842938775510204
競技種目=サッカー・フットサル,場合別2=体育的部活動 | 発生場所1=学校外（園外）,3,24,0.015161086544535692,0.3116883116883117,2.8356471115091804
競技種目=野球（含軟式）,発生場所2=学校外運動場・競技場,2,75,0.047378395451674035,0.21306818181818182,2.834343964858671
発生場所2=学校外運動場・競技場,競技種目=野球（含軟式）,2,75,0.047378395451674035,0.6302521008403361,2.834343964858671
競技種目=野球（含軟式）,発生場所1=学校外（園外） | 発生場所2=学校外運動場・競技場,3,75,0.047378395451674035,0.21306818181818182,2.834343964858671
発生場所1=学校外（園外） | 発生場所2=学校外運動場・競技場,競技種目=野球（含軟式）,3,75,0.047378395451674035,0.6302521008403361,2.834343964858671
発生場所2=廊下,性別=男 | 発生場所1=学校内・校舎内（園内・園舎内）,3,57,0.036007580543272265,0.59375,2.831042921686747
和暦=令和 | 発生場所1=学校外（園外）,場合別2=下校（降園）中,3,20,0.012634238787113077,0.24096385542168675,2.8255243195002233
発生場所2=体育館・屋内運動場 | 被災学校種=中,場合別1=各教科等,3,29,0.01831964624131396,0.4142857142857143,2.814653586756591
性別=男 | 被災学年=5,場合別1=休憩時間,3,19,0.012002526847757423,0.4418604651162791,2.797860465116279
発生場所1=学校内・校舎外（園内・園舎外） | 競技種目=ソフトボール,発生場所2=運動場・校庭（園庭）,3,70,0.04421983575489577,1.0,2.7918871252204585
発生場所1=学校内・校舎外（園内・園舎外） | 給付年度=18,発生場所2=運動場・校庭（園庭）,3,42,0.026531901452937462,1.0,2.7918871252204585
発生場所1=学校内・校舎外（園内・園舎外） | 給付年度=22,発生場所2=運動場・校庭（園庭）,3,36,0.022741629816803537,1.0,2.7918871252204585
発生場所1=学校内・校舎外（園内・園舎外） | 給付年度=25,発生場所2=運動場・校庭（園庭）,3,31,0.01958307012002527,1.0,2.7918871252204585
場合別2=昼食時休憩時間中 | 発生場所1=学校内・校舎外（園内・園舎外）,発生場所2=運動場・校庭（園庭）,3,25,0.015792798483891344,1.0,2.7918871252204585
競技種目=ソフトボール | 被災学年=3,発生場所2=運動場・校庭（園庭）,3,25,0.015792798483891344,1.0,2.7918871252204585
発生場所1=学校内・校舎外（園内・園舎外） | 給付年度=30,発生場所2=運動場・校庭（園庭）,3,20,0.012634238787113077,1.0,2.7918871252204585
発生場所1=学校内・校舎外（園内・園舎外） | 被災学年=5,発生場所2=運動場・校庭（園庭）,3,19,0.012002526847757423,1.0,2.7918871252204585
発生場所1=学校内・校舎外（園内・園舎外） | 給付年度=3,発生場所2=運動場・校庭（園庭）,3,16,0.01010739102969046,1.0,2.7918871252204585
発生場所1=学校外（園外） | 被災学校種=高,場合別2=下校（降園）中,3,79,0.04990524320909665,0.23795180722891565,2.7902052655064704
場合別2=下校（降園）中,発生場所1=学校外（園外） | 被災学校種=高,3,79,0.04990524320909665,0.5851851851851851,2.79020526550647
発生場所2=体育館・屋内運動場,和暦=平成 | 場合別2=体育（保健体育）,3,66,0.041692987997473153,0.2693877551020408,2.7871948779511806
和暦=平成 | 場合別2=体育（保健体育）,発生場所2=体育館・屋内運動場,3,66,0.041692987997473153,0.43137254901960786,2.7871948779511806
性別=男 | 発生場所1=学校外（園外）,発生場所2=道路,3,173,0.10928616550852811,0.48055555555555557,2.7865181115181117
発生場所2=道路,性別=男 | 発生場所1=学校外（園外）,3,173,0.10928616550852811,0.6336996336996337,2.7865181115181112
場合別1=休憩時間,和暦=平成 | 被災学校種=小,3,95,0.06001263423878711,0.38,2.784907407407408
和暦=平成 | 被災学校種=小,場合別1=休憩時間,3,95,0.06001263423878711,0.4398148148148148,2.7849074074074074
場合別1=課外指導 | 給付年度=20,競技種目=野球（含軟式）,3,26,0.016424510423247,0.6190476190476191,2.783955627705628
場合別2=体育的部活動 | 給付年度=20,競技種目=野球（含軟式）,3,26,0.016424510423247,0.6190476190476191,2.783955627705628
場合別2=体育（保健体育）,性別=男 | 発生場所2=体育館・屋内運動場,3,58,0.03663929248262792,0.3020833333333333,2.780220445736434
性別=男 | 発生場所2=体育館・屋内運動場,場合別2=体育（保健体育）,3,58,0.03663929248262792,0.3372093023255814,2.780220445736434
発生場所1=学校内・校舎内（園内・園舎内） | 被災学校種=中,発生場所2=体育館・屋内運動場,3,70,0.04421983575489577,0.4294478527607362,2.7747589833479407
発生場所2=体育館・屋内運動場,発生場所1=学校内・校舎内（園内・園舎内） | 被災学校種=中,3,70,0.04421983575489577,0.2857142857142857,2.7747589833479402
発生場所1=学校内・校舎外（園内・園舎外） | 競技種目=野球（含軟式）,発生場所2=運動場・校庭（園庭）,3,261,0.16487681617182565,0.9923954372623575,2.770656044420303
発生場所2=運動場・校庭（園庭）,発生場所1=学校内・校舎外（園内・園舎外） | 競技種目=野球（含軟式）,3,261,0.16487681617182565,0.4603174603174603,2.7706560444203028
場合別1=通学中,発生場所1=学校外（園外） | 被災学年=2,3,83,0.05243209096651927,0.31679389312977096,2.7706338830078865
発生場所1=学校外（園外） | 被災学年=2,場合別1=通学中,3,83,0.05243209096651927,0.4585635359116022,2.7706338830078865
場合別1=通学中,性別=男 | 発生場所1=学校外（園外）,3,165,0.10423246999368288,0.6297709923664122,2.7692430025445294
性別=男 | 発生場所1=学校外（園外）,場合別1=通学中,3,165,0.10423246999368288,0.4583333333333333,2.769243002544529
場合別1=課外指導 | 競技種目=バレーボール,性別=女,3,24,0.015161086544535692,0.6857142857142857,2.7690962099125365
場合別2=体育的部活動 | 競技種目=バレーボール,性別=女,3,24,0.015161086544535692,0.6857142857142857,2.7690962099125365
発生場所1=学校外（園外） | 被災学年=2,通学方法=自転車,3,69,0.043588123815540114,0.3812154696132597,2.768183891732982
通学方法=自転車,発生場所1=学校外（園外） | 被災学年=2,3,69,0.043588123815540114,0.3165137614678899,2.7681838917329817
場合別2=日常の清掃,発生場所1=学校内・校舎内（園内・園舎内）,2,22,0.013897662665824383,0.8461538461538461,2.7674825174825175
場合別1=特別活動（除学校行事） | 場合別2=日常の清掃,発生場所1=学校内・校舎内（園内・園舎内）,3,22,0.013897662665824383,0.8461538461538461,2.7674825174825175
通学方法=自転車,性別=男 | 発生場所1=学校外（園外）,3,137,0.08654453569172457,0.6284403669724771,2.7633919469928645
性別=男 | 発生場所1=学校外（園外）,通学方法=自転車,3,137,0.08654453569172457,0.38055555555555554,2.7633919469928645
競技種目=サッカー・フットサル,場合別1=課外指導 | 発生場所1=学校外（園外）,3,24,0.015161086544535692,0.3116883116883117,2.7564390916346224
場合別2=体育的部活動 | 給付年度=24,競技種目=野球（含軟式）,3,19,0.012002526847757423,0.6129032258064516,2.7563233137829912
場合別2=登校（登園）中,性別=女 | 被災学校種=高,3,34,0.02147820593809223,0.2905982905982906,2.7545933773478684
性別=女 | 被災学校種=高,場合別2=登校（登園）中,3,34,0.02147820593809223,0.20359281437125748,2.7545933773478684
発生場所2=学校外体育館,性別=男 | 発生場所1=学校外（園外）,3,25,0.015792798483891344,0.625,2.748263888888889
場合別1=各教科等 | 競技種目=ソフトボール,発生場所2=運動場・校庭（園庭）,3,56,0.035375868603916616,0.9824561403508771,2.742906649339398
場合別2=体育（保健体育） | 競技種目=ソフトボール,発生場所2=運動場・校庭（園庭）,3,56,0.035375868603916616,0.9824561403508771,2.742906649339398
性別=男 | 競技種目=ソフトボール,発生場所2=運動場・校庭（園庭）,3,48,0.030322173089071383,0.9795918367346939,2.7349098369506533
競技種目=野球（含軟式）,発生場所1=学校内・校舎外（園内・園舎外） | 被災学校種=高,3,228,0.14403032217308906,0.6477272727272727,2.734272727272727
発生場所1=学校内・校舎外（園内・園舎外） | 被災学校種=高,競技種目=野球（含軟式）,3,228,0.14403032217308906,0.608,2.734272727272727
発生場所2=廊下 | 被災学年=2,被災学校種=中,3,22,0.013897662665824383,0.6666666666666666,2.734024179620034
発生場所1=学校内・校舎外（園内・園舎外） | 給付年度=21,発生場所2=運動場・校庭（園庭）,3,44,0.027795325331648767,0.9777777777777777,2.729845189104448
発生場所1=学校外（園外） | 被災学年=2,発生場所2=道路,3,85,0.05369551484523057,0.4696132596685083,2.723068828041204
発生場所2=道路,発生場所1=学校外（園外） | 被災学年=2,3,85,0.05369551484523057,0.31135531135531136,2.7230688280412036
発生場所1=学校内・校舎外（園内・園舎外） | 給付年度=17,発生場所2=運動場・校庭（園庭）,3,39,0.024636765634870498,0.975,2.722089947089947
発生場所2=運動場・校庭（園庭）,発生場所1=学校内・校舎外（園内・園舎外） | 被災学年=1,3,183,0.11560328490208464,0.32275132275132273,2.71763480806034
発生場所1=学校内・校舎外（園内・園舎外） | 被災学年=1,発生場所2=運動場・校庭（園庭）,3,183,0.11560328490208464,0.973404255319149,2.71763480806034
場合別1=各教科等 | 被災学校種=中,発生場所2=体育館・屋内運動場,3,29,0.01831964624131396,0.42028985507246375,2.71558710440698
発生場所1=学校内・校舎外（園内・園舎外） | 給付年度=20,発生場所2=運動場・校庭（園庭）,3,34,0.02147820593809223,0.9714285714285714,2.7121189216427313
被災学校種=小,場合別1=休憩時間 | 性別=男,3,73,0.04611497157296273,0.2979591836734694,2.710743607787943
場合別1=休憩時間 | 性別=男,被災学校種=小,3,73,0.04611497157296273,0.41954022988505746,2.710743607787943
発生場所2=運動場・校庭（園庭）,場合別2=体育的部活動 | 発生場所1=学校内・校舎外（園内・園舎外）,3,353,0.2229943145925458,0.6225749559082893,2.7075169098978624
場合別2=体育的部活動 | 発生場所1=学校内・校舎外（園内・園舎外）,発生場所2=運動場・校庭（園庭）,3,353,0.2229943145925458,0.9697802197802198,2.7075169098978624
場合別2=体育（保健体育）,和暦=平成 | 発生場所2=体育館・屋内運動場,3,66,0.041692987997473153,0.34375,2.707245024875622
和暦=平成 | 発生場所2=体育館・屋内運動場,場合別2=体育（保健体育）,3,66,0.041692987997473153,0.3283582089552239,2.707245024875622
性別=女 | 被災学年=1,場合別2=登校（登園）中,3,20,0.012634238787113077,0.2,2.705982905982906
和暦=平成 | 場合別2=日常の清掃,発生場所1=学校内・校舎内（園内・園舎内）,3,19,0.012002526847757423,0.8260869565217391,2.7018505210204817
発生場所1=学校内・校舎外（園内・園舎外） | 給付年度=29,発生場所2=運動場・校庭（園庭）,3,30,0.018951358180669616,0.967741935483871,2.701826250213347
発生場所2=教室（保育室）,性別=女 | 発生場所1=学校内・校舎内（園内・園舎内）,3,21,0.013265950726468731,0.25925925925925924,2.7000487329434697
性別=女 | 発生場所2=体育館・屋内運動場,場合別1=各教科等,3,29,0.01831964624131396,0.3972602739726027,2.6989828914104295
場合別2=休憩時間中 | 発生場所1=学校内・校舎外（園内・園舎外）,発生場所2=運動場・校庭（園庭）,3,29,0.01831964624131396,0.9666666666666667,2.698824221046443
競技種目=バスケットボール | 被災学年=2,発生場所1=学校内・校舎内（園内・園舎内）,3,33,0.020846493998736577,0.825,2.6982954545454545
場合別1=課外指導 | 給付年度=25,競技種目=野球（含軟式）,3,21,0.013265950726468731,0.6,2.6982954545454545
場合別2=体育的部活動 | 給付年度=25,競技種目=野球（含軟式）,3,21,0.013265950726468731,0.6,2.6982954545454545
場合別1=各教科等 | 被災学校種=高,発生場所2=体育館・屋内運動場,3,43,0.027163613392293114,0.4174757281553398,2.697404398652665
性別=男 | 発生場所2=教室（保育室）,被災学校種=小,3,25,0.015792798483891344,0.4166666666666667,2.6921768707482996
場合別2=体育（保健体育） | 被災学年=2,発生場所2=体育館・屋内運動場,3,20,0.012634238787113077,0.4166666666666667,2.6921768707482996
和暦=平成 | 競技種目=バレーボール,性別=女,3,22,0.013897662665824383,0.6666666666666666,2.692176870748299
性別=女 | 被災学年=1,通学方法=自転車,3,37,0.02337334175615919,0.37,2.686743119266055
発生場所1=学校内・校舎外（園内・園舎外） | 競技種目=サッカー・フットサル,発生場所2=運動場・校庭（園庭）,3,51,0.032217308907138344,0.9622641509433962,2.686532894080064
競技種目=野球（含軟式）,場合別2=体育的部活動 | 性別=男,3,344,0.21730890713834491,0.9772727272727273,2.685803345959596
場合別2=体育的部活動 | 性別=男,競技種目=野球（含軟式）,3,344,0.21730890713834491,0.5972222222222222,2.685803345959596
発生場所2=運動場・校庭（園庭）,場合別1=課外指導 | 発生場所1=学校内・校舎外（園内・園舎外）,3,353,0.2229943145925458,0.6225749559082893,2.6853846190812587
場合別1=課外指導 | 発生場所1=学校内・校舎外（園内・園舎外）,発生場所2=運動場・校庭（園庭）,3,353,0.2229943145925458,0.9618528610354223,2.6853846190812583
場合別1=各教科等 | 被災学年=3,発生場所2=体育館・屋内運動場,3,39,0.024636765634870498,0.4148936170212766,2.680720798957881
発生場所2=運動場・校庭（園庭）,発生場所1=学校内・校舎外（園内・園舎外） | 被災学校種=高,3,360,0.22741629816803538,0.6349206349206349,2.68021164021164
発生場所1=学校内・校舎外（園内・園舎外） | 被災学校種=高,発生場所2=運動場・校庭（園庭）,3,360,0.22741629816803538,0.96,2.68021164021164
発生場所1=学校内・校舎外（園内・園舎外） | 給付年度=27,発生場所2=運動場・校庭（園庭）,3,47,0.02969046114971573,0.9591836734693877,2.6779325486808476
場合別2=体育（保健体育） | 性別=男,発生場所2=体育館・屋内運動場,3,58,0.03663929248262792,0.4142857142857143,2.6767930029154523
発生場所2=体育館・屋内運動場,場合別2=体育（保健体育） | 性別=男,3,58,0.03663929248262792,0.23673469387755103,2.676793002915452
競技種目=バスケットボール | 被災学校種=中,発生場所1=学校内・校舎内（園内・園舎内）,3,27,0.017056222362602652,0.8181818181818182,2.675995492111195
場合別1=学校行事 | 発生場所1=学校内・校舎外（園内・園舎外）,発生場所2=運動場・校庭（園庭）,3,22,0.013897662665824383,0.9565217391304348,2.670500728471743
場合別1=課外指導 | 給付年度=24,競技種目=野球（含軟式）,3,19,0.012002526847757423,0.59375,2.670188210227273
発生場所2=運動場・校庭（園庭） | 被災学年=1,競技種目=野球（含軟式）,3,109,0.06885660138976626,0.592391304347826,2.6640779397233203
競技種目=野球（含軟式）,発生場所2=運動場・校庭（園庭） | 被災学年=1,3,109,0.06885660138976626,0.3096590909090909,2.66407793972332
場合別1=休憩時間 | 発生場所2=教室（保育室）,被災学校種=小,3,21,0.013265950726468731,0.4117647058823529,2.660504201680672
場合別1=各教科等 | 被災学年=1,発生場所2=体育館・屋内運動場,3,21,0.013265950726468731,0.4117647058823529,2.660504201680672
和暦=平成 | 競技種目=ソフトボール,発生場所2=運動場・校庭（園庭）,3,58,0.03663929248262792,0.9508196721311475,2.654581201029288
発生場所1=学校外（園外） | 被災学年=3,場合別2=下校（降園）中,3,26,0.016424510423247,0.22608695652173913,2.6510789049919485
発生場所2=運動場・校庭（園庭）,性別=男 | 発生場所1=学校内・校舎外（園内・園舎外）,3,473,0.29879974731522424,0.8342151675485009,2.6464180565716973
性別=男 | 発生場所1=学校内・校舎外（園内・園舎外）,発生場所2=運動場・校庭（園庭）,3,473,0.29879974731522424,0.9478957915831663,2.646418056571697
競技種目=野球（含軟式）,場合別1=課外指導 | 性別=男,3,344,0.21730890713834491,0.9772727272727273,2.6444832944832948
場合別1=課外指導 | 性別=男,競技種目=野球（含軟式）,3,344,0.21730890713834491,0.588034188034188,2.6444832944832948
場合別2=昼食時休憩時間中,発生場所1=学校内・校舎内（園内・園舎内） | 被災学年=3,3,18,0.011370814908401769,0.23684210526315788,2.6402891030392883
場合別1=各教科等 | 性別=女,発生場所2=体育館・屋内運動場,3,29,0.01831964624131396,0.4084507042253521,2.6390916930152346
競技種目=野球（含軟式） | 給付年度=17,発生場所2=運動場・校庭（園庭）,3,17,0.010739102969046115,0.9444444444444444,2.6367822849304328
発生場所2=学校外運動場・競技場,場合別2=体育的部活動 | 被災学校種=高,3,106,0.06696146557169931,0.8907563025210085,2.6356396764313206
和暦=平成 | 発生場所1=学校内・校舎外（園内・園舎外）,発生場所2=運動場・校庭（園庭）,3,468,0.295641187618446,0.9435483870967742,2.6342805939580134
発生場所2=運動場・校庭（園庭）,和暦=平成 | 発生場所1=学校内・校舎外（園内・園舎外）,3,468,0.295641187618446,0.8253968253968254,2.634280593958013
競技種目=ソフトボール | 被災学校種=高,発生場所2=運動場・校庭（園庭）,3,33,0.020846493998736577,0.9428571428571428,2.6323507180650036
性別=男 | 競技種目=バスケットボール,発生場所1=学校内・校舎内（園内・園舎内）,3,70,0.04421983575489577,0.8045977011494253,2.6315664481808687
発生場所1=学校内・校舎外（園内・園舎外） | 被災学年=1,競技種目=野球（含軟式）,3,110,0.06948831332912192,0.5851063829787234,2.6313164893617023
競技種目=野球（含軟式）,発生場所1=学校内・校舎外（園内・園舎外） | 被災学年=1,3,110,0.06948831332912192,0.3125,2.631316489361702
発生場所1=学校内・校舎外（園内・園舎外）,和暦=平成 | 発生場所2=運動場・校庭（園庭）,3,468,0.295641187618446,0.7774086378737541,2.629568106312292
和暦=平成 | 発生場所2=運動場・校庭（園庭）,発生場所1=学校内・校舎外（園内・園舎外）,3,468,0.295641187618446,1.0,2.629568106312292
発生場所1=学校内・校舎外（園内・園舎外）,発生場所2=運動場・校庭（園庭） | 被災学年=2,3,193,0.12192040429564119,0.32059800664451826,2.629568106312292
発生場所2=運動場・校庭（園庭） | 被災学年=2,発生場所1=学校内・校舎外（園内・園舎外）,3,193,0.12192040429564119,1.0,2.629568106312292
発生場所1=学校内・校舎外（園内・園舎外）,発生場所2=運動場・校庭（園庭） | 被災学年=3,3,134,0.08464939987365762,0.22259136212624583,2.629568106312292
発生場所2=運動場・校庭（園庭） | 被災学年=3,発生場所1=学校内・校舎外（園内・園舎外）,3,134,0.08464939987365762,1.0,2.629568106312292
発生場所2=運動場・校庭（園庭） | 被災学校種=中,発生場所1=学校内・校舎外（園内・園舎外）,3,115,0.07264687302590019,1.0,2.629568106312292
場合別1=各教科等 | 発生場所2=運動場・校庭（園庭）,発生場所1=学校内・校舎外（園内・園舎外）,3,95,0.06001263423878711,1.0,2.629568106312292
性別=女 | 発生場所2=運動場・校庭（園庭）,発生場所1=学校内・校舎外（園内・園舎外）,3,93,0.058749210360075806,1.0,2.629568106312292
場合別2=体育（保健体育） | 発生場所2=運動場・校庭（園庭）,発生場所1=学校内・校舎外（園内・園舎外）,3,89,0.05622236260265319,1.0,2.629568106312292
場合別1=休憩時間 | 発生場所2=運動場・校庭（園庭）,発生場所1=学校内・校舎外（園内・園舎外）,3,82,0.05180037902716361,1.0,2.629568106312292
発生場所2=運動場・校庭（園庭） | 被災学校種=小,発生場所1=学校内・校舎外（園内・園舎外）,3,77,0.04864181933038535,1.0,2.629568106312292
発生場所2=運動場・校庭（園庭） | 競技種目=ソフトボール,発生場所1=学校内・校舎外（園内・園舎外）,3,70,0.04421983575489577,1.0,2.629568106312292
発生場所2=運動場・校庭（園庭） | 競技種目=サッカー・フットサル,発生場所1=学校内・校舎外（園内・園舎外）,3,51,0.032217308907138344,1.0,2.629568106312292
発生場所2=運動場・校庭（園庭） | 給付年度=27,発生場所1=学校内・校舎外（園内・園舎外）,3,47,0.02969046114971573,1.0,2.629568106312292
発生場所2=運動場・校庭（園庭） | 給付年度=19,発生場所1=学校内・校舎外（園内・園舎外）,3,44,0.027795325331648767,1.0,2.629568106312292
発生場所2=運動場・校庭（園庭） | 給付年度=21,発生場所1=学校内・校舎外（園内・園舎外）,3,44,0.027795325331648767,1.0,2.629568106312292
発生場所2=運動場・校庭（園庭） | 給付年度=18,発生場所1=学校内・校舎外（園内・園舎外）,3,42,0.026531901452937462,1.0,2.629568106312292
発生場所2=運動場・校庭（園庭） | 給付年度=17,発生場所1=学校内・校舎外（園内・園舎外）,3,39,0.024636765634870498,1.0,2.629568106312292
発生場所2=運動場・校庭（園庭） | 給付年度=22,発生場所1=学校内・校舎外（園内・園舎外）,3,36,0.022741629816803537,1.0,2.629568106312292
発生場所2=運動場・校庭（園庭） | 給付年度=20,発生場所1=学校内・校舎外（園内・園舎外）,3,34,0.02147820593809223,1.0,2.629568106312292
発生場所2=運動場・校庭（園庭） | 給付年度=25,発生場所1=学校内・校舎外（園内・園舎外）,3,31,0.01958307012002527,1.0,2.629568106312292
発生場所2=運動場・校庭（園庭） | 給付年度=29,発生場所1=学校内・校舎外（園内・園舎外）,3,30,0.018951358180669616,1.0,2.629568106312292
場合別2=休憩時間中 | 発生場所2=運動場・校庭（園庭）,発生場所1=学校内・校舎外（園内・園舎外）,3,29,0.01831964624131396,1.0,2.629568106312292
発生場所2=運動場・校庭（園庭） | 給付年度=2,発生場所1=学校内・校舎外（園内・園舎外）,3,28,0.017687934301958308,1.0,2.629568106312292
発生場所2=運動場・校庭（園庭） | 給付年度=23,発生場所1=学校内・校舎外（園内・園舎外）,3,27,0.017056222362602652,1.0,2.629568106312292
発生場所2=運動場・校庭（園庭） | 給付年度=24,発生場所1=学校内・校舎外（園内・園舎外）,3,26,0.016424510423247,1.0,2.629568106312292
発生場所2=運動場・校庭（園庭） | 給付年度=28,発生場所1=学校内・校舎外（園内・園舎外）,3,26,0.016424510423247,1.0,2.629568106312292
場合別2=昼食時休憩時間中 | 発生場所2=運動場・校庭（園庭）,発生場所1=学校内・校舎外（園内・園舎外）,3,25,0.015792798483891344,1.0,2.629568106312292
競技種目=ソフトボール | 被災学年=3,発生場所1=学校内・校舎外（園内・園舎外）,3,25,0.015792798483891344,1.0,2.629568106312292
発生場所2=運動場・校庭（園庭） | 給付年度=1,発生場所1=学校内・校舎外（園内・園舎外）,3,23,0.014529374605180037,1.0,2.629568106312292
場合別1=学校行事 | 発生場所2=運動場・校庭（園庭）,発生場所1=学校内・校舎外（園内・園舎外）,3,22,0.013897662665824383,1.0,2.629568106312292
発生場所2=運動場・校庭（園庭） | 給付年度=26,発生場所1=学校内・校舎外（園内・園舎外）,3,22,0.013897662665824383,1.0,2.629568106312292
場合別2=授業終了後の特定時間中 | 発生場所2=運動場・校庭（園庭）,発生場所1=学校内・校舎外（園内・園舎外）,3,21,0.013265950726468731,1.0,2.629568106312292
発生場所2=運動場・校庭（園庭） | 被災学年=4,発生場所1=学校内・校舎外（園内・園舎外）,3,20,0.012634238787113077,1.0,2.629568106312292
発生場所2=運動場・校庭（園庭） | 給付年度=30,発生場所1=学校内・校舎外（園内・園舎外）,3,20,0.012634238787113077,1.0,2.629568106312292
発生場所2=運動場・校庭（園庭） | 被災学年=5,発生場所1=学校内・校舎外（園内・園舎外）,3,19,0.012002526847757423,1.0,2.629568106312292
発生場所2=運動場・校庭（園庭） | 被災学年=6,発生場所1=学校内・校舎外（園内・園舎外）,3,17,0.010739102969046115,1.0,2.629568106312292
発生場所2=プール,発生場所1=学校内・校舎外（園内・園舎外）,2,16,0.01010739102969046,1.0,2.629568106312292
発生場所2=運動場・校庭（園庭） | 給付年度=3,発生場所1=学校内・校舎外（園内・園舎外）,3,16,0.01010739102969046,1.0,2.629568106312292
発生場所2=運動場・校庭（園庭）,発生場所1=学校内・校舎外（園内・園舎外） | 被災学年=2,3,193,0.12192040429564119,0.3403880070546737,2.628459586183163
発生場所1=学校内・校舎外（園内・園舎外） | 被災学年=2,発生場所2=運動場・校庭（園庭）,3,193,0.12192040429564119,0.9414634146341463,2.628459586183163
発生場所2=運動場・校庭（園庭）,発生場所1=学校内・校舎外（園内・園舎外）,2,566,0.35754895767530004,0.9982363315696648,2.6249304200577734
発生場所1=学校内・校舎外（園内・園舎外）,発生場所2=運動場・校庭（園庭）,2,566,0.35754895767530004,0.9401993355481728,2.6249304200577734
性別=男 | 発生場所2=運動場・校庭（園庭）,発生場所1=学校内・校舎外（園内・園舎外）,3,473,0.29879974731522424,0.9978902953586498,2.624020494273659
発生場所1=学校内・校舎外（園内・園舎外）,性別=男 | 発生場所2=運動場・校庭（園庭）,3,473,0.29879974731522424,0.7857142857142857,2.6240204942736587
発生場所1=学校内・校舎外（園内・園舎外）,発生場所2=運動場・校庭（園庭） | 被災学校種=高,3,360,0.22741629816803538,0.5980066445182725,2.622283984134142
発生場所2=運動場・校庭（園庭） | 被災学校種=高,発生場所1=学校内・校舎外（園内・園舎外）,3,360,0.22741629816803538,0.997229916897507,2.622283984134142
発生場所1=学校内・校舎外（園内・園舎外）,場合別1=課外指導 | 発生場所2=運動場・校庭（園庭）,3,353,0.2229943145925458,0.5863787375415282,2.622139947819885
発生場所1=学校内・校舎外（園内・園舎外）,場合別2=体育的部活動 | 発生場所2=運動場・校庭（園庭）,3,353,0.2229943145925458,0.5863787375415282,2.622139947819885
場合別1=課外指導 | 発生場所2=運動場・校庭（園庭）,発生場所1=学校内・校舎外（園内・園舎外）,3,353,0.2229943145925458,0.9971751412429378,2.6221399478198846
場合別2=体育的部活動 | 発生場所2=運動場・校庭（園庭）,発生場所1=学校内・校舎外（園内・園舎外）,3,353,0.2229943145925458,0.9971751412429378,2.6221399478198846
発生場所1=学校内・校舎外（園内・園舎外）,発生場所2=運動場・校庭（園庭） | 競技種目=野球（含軟式）,3,261,0.16487681617182565,0.4335548172757475,2.619531586822551
発生場所2=運動場・校庭（園庭） | 競技種目=野球（含軟式）,発生場所1=学校内・校舎外（園内・園舎外）,3,261,0.16487681617182565,0.9961832061068703,2.619531586822551
場合別1=特別活動（除学校行事） | 性別=女,発生場所1=学校内・校舎内（園内・園舎内）,3,16,0.01010739102969046,0.8,2.616528925619835
場合別2=登校（登園）中,発生場所1=学校外（園外） | 被災学年=2,3,35,0.022109917877447885,0.29914529914529914,2.6162818151768428
競技種目=ソフトボール,和暦=平成 | 発生場所2=運動場・校庭（園庭）,3,58,0.03663929248262792,0.7733333333333333,2.6157834757834757
発生場所1=学校内・校舎外（園内・園舎外）,発生場所2=運動場・校庭（園庭） | 被災学年=1,3,183,0.11560328490208464,0.30398671096345514,2.6152769752997256
発生場所2=運動場・校庭（園庭） | 被災学年=1,発生場所1=学校内・校舎外（園内・園舎外）,3,183,0.11560328490208464,0.9945652173913043,2.6152769752997256
競技種目=ソフトボール,発生場所1=学校内・校舎外（園内・園舎外） | 発生場所2=運動場・校庭（園庭）,3,70,0.04421983575489577,0.9333333333333333,2.610365135453475
通学方法=自転車,性別=女 | 被災学校種=高,3,60,0.03790271636133923,0.27522935779816515,2.6089106191287152
性別=女 | 被災学校種=高,通学方法=自転車,3,60,0.03790271636133923,0.3592814371257485,2.6089106191287152
発生場所2=学校外運動場・競技場,場合別1=課外指導 | 被災学校種=高,3,106,0.06696146557169931,0.8907563025210085,2.60640892216406
競技種目=ソフトボール,発生場所2=運動場・校庭（園庭）,2,70,0.04421983575489577,0.9333333333333333,2.605761316872428
場合別2=昼食時休憩時間中,性別=男 | 被災学校種=小,3,19,0.012002526847757423,0.25,2.6036184210526314
場合別1=特別活動（除学校行事）,性別=女 | 発生場所1=学校内・校舎内（園内・園舎内）,3,16,0.01010739102969046,0.25,2.6036184210526314
和暦=令和 | 発生場所2=運動場・校庭（園庭）,発生場所1=学校内・校舎外（園内・園舎外）,3,98,0.06190777005685408,0.98989898989899,2.603006812309138
場合別1=休憩時間 | 発生場所1=学校内・校舎外（園内・園舎外）,発生場所2=運動場・校庭（園庭）,3,82,0.05180037902716361,0.9318181818181818,2.601531184864518
場合別2=昼食時休憩時間中 | 被災学校種=中,発生場所1=学校内・校舎内（園内・園舎内）,3,27,0.017056222362602652,0.7941176470588235,2.5972897423432184
競技種目=バレーボール | 被災学校種=高,発生場所1=学校内・校舎内（園内・園舎内）,3,23,0.014529374605180037,0.7931034482758621,2.5939726417782847
場合別2=体育（保健体育） | 発生場所1=学校内・校舎外（園内・園舎外）,発生場所2=運動場・校庭（園庭）,3,89,0.05622236260265319,0.9270833333333334,2.5883120223398004
場合別1=各教科等 | 競技種目=ソフトボール,発生場所1=学校内・校舎外（園内・園舎外）,3,56,0.035375868603916616,0.9824561403508771,2.5834353325173396
場合別2=体育（保健体育） | 競技種目=ソフトボール,発生場所1=学校内・校舎外（園内・園舎外）,3,56,0.035375868603916616,0.9824561403508771,2.5834353325173396
和暦=令和 | 発生場所1=学校内・校舎外（園内・園舎外）,発生場所2=運動場・校庭（園庭）,3,98,0.06190777005685408,0.9245283018867925,2.5811786629396694
発生場所1=学校外（園外） | 給付年度=19,発生場所2=道路,3,20,0.012634238787113077,0.4444444444444444,2.577126577126577
発生場所1=学校外（園外） | 給付年度=26,発生場所2=道路,3,16,0.01010739102969046,0.4444444444444444,2.577126577126577
性別=男 | 競技種目=ソフトボール,発生場所1=学校内・校舎外（園内・園舎外）,3,48,0.030322173089071383,0.9795918367346939,2.5759034510814294
場合別1=課外指導 | 給付年度=30,競技種目=野球（含軟式）,3,20,0.012634238787113077,0.5714285714285714,2.5698051948051948
場合別2=体育的部活動 | 給付年度=30,競技種目=野球（含軟式）,3,20,0.012634238787113077,0.5714285714285714,2.5698051948051948
発生場所2=運動場・校庭（園庭） | 給付年度=2,競技種目=野球（含軟式）,3,16,0.01010739102969046,0.5714285714285714,2.5698051948051948
発生場所1=学校内・校舎外（園内・園舎外） | 給付年度=1,発生場所2=運動場・校庭（園庭）,3,23,0.014529374605180037,0.92,2.568536155202822
競技種目=野球（含軟式）,場合別2=体育的部活動 | 被災学校種=高,3,305,0.19267214150347442,0.8664772727272727,2.563800977060323
場合別2=体育的部活動 | 被災学校種=高,競技種目=野球（含軟式）,3,305,0.19267214150347442,0.5700934579439252,2.563800977060323
発生場所1=学校内・校舎外（園内・園舎外） | 被災学年=3,発生場所2=運動場・校庭（園庭）,3,134,0.08464939987365762,0.9178082191780822,2.5624169505448045
発生場所2=運動場・校庭（園庭）,発生場所1=学校内・校舎外（園内・園舎外） | 被災学年=3,3,134,0.08464939987365762,0.23633156966490299,2.562416950544804
競技種目=ソフトボール | 被災学校種=中,発生場所2=運動場・校庭（園庭）,3,33,0.020846493998736577,0.9166666666666666,2.5592298647854204
発生場所1=学校内・校舎外（園内・園舎外） | 給付年度=26,発生場所2=運動場・校庭（園庭）,3,22,0.013897662665824383,0.9166666666666666,2.5592298647854204
和暦=平成 | 場合別2=授業終了後の特定時間中,被災学校種=小,3,17,0.010739102969046115,0.3953488372093023,2.554437588989084
発生場所2=学校外運動場・競技場,場合別2=体育的部活動 | 被災学年=2,3,57,0.036007580543272265,0.4789915966386555,2.5530090824208473
発生場所2=運動場・校庭（園庭）,発生場所1=学校内・校舎外（園内・園舎外） | 被災学校種=中,3,115,0.07264687302590019,0.20282186948853614,2.548150947621847
発生場所1=学校内・校舎外（園内・園舎外） | 被災学校種=中,発生場所2=運動場・校庭（園庭）,3,115,0.07264687302590019,0.9126984126984127,2.548150947621847
競技種目=ホッケー,和暦=平成 | 場合別2=体育的部活動,3,18,0.011370814908401769,0.9,2.539572192513369
競技種目=ソフトボール | 被災学年=2,発生場所2=運動場・校庭（園庭）,3,20,0.012634238787113077,0.9090909090909091,2.538079204745871
場合別2=休憩時間中,性別=男 | 発生場所1=学校内・校舎内（園内・園舎内）,3,50,0.03158559696778269,0.5319148936170213,2.536208664445014
競技種目=バレーボール,性別=女,2,27,0.017056222362602652,0.627906976744186,2.535654959658282
場合別1=課外指導 | 被災学校種=高,競技種目=野球（含軟式）,3,305,0.19267214150347442,0.5637707948243993,2.535366955133591
競技種目=野球（含軟式）,場合別1=課外指導 | 被災学校種=高,3,305,0.19267214150347442,0.8664772727272727,2.5353669551335907
被災学年=5 | 被災学校種=小,場合別1=休憩時間,3,20,0.012634238787113077,0.4,2.5328
発生場所1=学校内・校舎外（園内・園舎外） | 被災学校種=小,発生場所2=運動場・校庭（園庭）,3,77,0.04864181933038535,0.9058823529411765,2.529121278140886
場合別1=各教科等 | 発生場所1=学校内・校舎外（園内・園舎外）,発生場所2=運動場・校庭（園庭）,3,95,0.06001263423878711,0.9047619047619048,2.5259931132947004
競技種目=バスケットボール,和暦=平成 | 発生場所1=学校内・校舎内（園内・園舎内）,3,72,0.045483259633607075,0.6428571428571429,2.5251683800070897
性別=女 | 発生場所1=学校内・校舎外（園内・園舎外）,発生場所2=運動場・校庭（園庭）,3,93,0.058749210360075806,0.9029126213592233,2.5208301227718706
競技種目=バスケットボール,場合別2=体育的部活動 | 被災学年=3,3,23,0.014529374605180037,0.20535714285714285,2.52000276854928
性別=女 | 被災学校種=小,場合別1=休憩時間,3,37,0.02337334175615919,0.3978494623655914,2.5191827956989243
発生場所2=学校外運動場・競技場,場合別2=体育的部活動 | 性別=男,3,109,0.06885660138976626,0.9159663865546218,2.517317343604108
場合別1=特別活動（除学校行事）,和暦=平成 | 発生場所1=学校内・校舎内（園内・園舎内）,3,41,0.025900189513581806,0.640625,2.516400434243176
発生場所2=運動場・校庭（園庭） | 給付年度=20,競技種目=野球（含軟式）,3,19,0.012002526847757423,0.5588235294117647,2.5131183155080214
場合別1=各教科等 | 被災学年=2,発生場所2=体育館・屋内運動場,3,21,0.013265950726468731,0.3888888888888889,2.5126984126984127
競技種目=バレーボール,発生場所1=学校内・校舎内（園内・園舎内）,2,33,0.020846493998736577,0.7674418604651163,2.5100422832980978
発生場所2=学校外運動場・競技場,発生場所1=学校外（園外） | 被災学年=1,3,33,0.020846493998736577,0.2773109243697479,2.5084753901560624
和暦=令和 | 場合別2=体育的部活動,競技種目=野球（含軟式）,3,63,0.03979785217940619,0.5575221238938053,2.5072656878519712
競技種目=バレーボール | 被災学校種=高,性別=女,3,18,0.011370814908401769,0.6206896551724138,2.5065095003518647
場合別1=特別活動（除学校行事）,発生場所1=学校内・校舎内（園内・園舎内）,2,49,0.03095388502842704,0.765625,2.5040999483471076
和暦=平成 | 競技種目=ソフトボール,発生場所1=学校内・校舎外（園内・園舎外）,3,58,0.03663929248262792,0.9508196721311475,2.500245084690376
競技種目=野球（含軟式）,場合別2=体育的部活動 | 被災学年=1,3,135,0.08528111181301326,0.3835227272727273,2.4984217171717176
場合別2=体育的部活動 | 被災学年=1,競技種目=野球（含軟式）,3,135,0.08528111181301326,0.5555555555555556,2.4984217171717176
競技種目=ホッケー,和暦=平成 | 場合別1=課外指導,3,18,0.011370814908401769,0.9,2.495096322241681
発生場所2=学校外運動場・競技場,場合別1=課外指導 | 被災学年=2,3,57,0.036007580543272265,0.4789915966386555,2.4942226890756305
性別=男 | 発生場所2=廊下,被災学校種=小,3,22,0.013897662665824383,0.38596491228070173,2.4938059434300035
被災学年=5,和暦=平成 | 場合別1=休憩時間,3,19,0.012002526847757423,0.3275862068965517,2.4931200265251987
競技種目=バレーボール | 被災学年=2,発生場所1=学校内・校舎内（園内・園舎内）,3,16,0.01010739102969046,0.7619047619047619,2.4919323101141284
場合別1=休憩時間,発生場所1=学校内・校舎内（園内・園舎内） | 被災学校種=中,3,64,0.04042956411876184,0.256,2.4861840490797547
発生場所1=学校内・校舎内（園内・園舎内） | 被災学校種=中,場合別1=休憩時間,3,64,0.04042956411876184,0.39263803680981596,2.4861840490797547
競技種目=その他,性別=女,2,16,0.01010739102969046,0.6153846153846154,2.4850863422291996
発生場所2=廊下,被災学年=2 | 被災学校種=中,3,22,0.013897662665824383,0.22916666666666666,2.484731735159817
競技種目=野球（含軟式） | 給付年度=17,発生場所1=学校内・校舎外（園内・園舎外）,3,17,0.010739102969046115,0.9444444444444444,2.483480989294943
競技種目=野球（含軟式） | 給付年度=2,発生場所2=運動場・校庭（園庭）,3,16,0.01010739102969046,0.8888888888888888,2.4816774446404075
発生場所1=学校内・校舎外（園内・園舎外） | 給付年度=4,発生場所2=運動場・校庭（園庭）,3,16,0.01010739102969046,0.8888888888888888,2.4816774446404075
競技種目=バスケットボール,場合別1=課外指導 | 被災学年=3,3,23,0.014529374605180037,0.20535714285714285,2.481529443838604
場合別2=登校（登園）中,性別=男 | 発生場所1=学校外（園外）,3,66,0.041692987997473153,0.5641025641025641,2.4804843304843303
競技種目=ソフトボール | 被災学校種=高,発生場所1=学校内・校舎外（園内・園舎外）,3,33,0.020846493998736577,0.9428571428571428,2.479307071665876
場合別2=体育（保健体育）,発生場所2=体育館・屋内運動場 | 被災学校種=高,3,43,0.027163613392293114,0.22395833333333334,2.479203088578089
発生場所2=体育館・屋内運動場 | 被災学校種=高,場合別2=体育（保健体育）,3,43,0.027163613392293114,0.3006993006993007,2.4792030885780885
発生場所2=学校外運動場・競技場,場合別1=課外指導 | 性別=男,3,109,0.06885660138976626,0.9159663865546218,2.4785893844717375
和暦=平成 | 競技種目=バレーボール,発生場所1=学校内・校舎内（園内・園舎内）,3,25,0.015792798483891344,0.7575757575757576,2.477773603806662
発生場所2=体育館・屋内運動場 | 競技種目=バレーボール,性別=女,3,19,0.012002526847757423,0.6129032258064516,2.475065832784727
発生場所2=運動場・校庭（園庭） | 給付年度=4,発生場所1=学校内・校舎外（園内・園舎外）,3,16,0.01010739102969046,0.9411764705882353,2.474887629470393
競技種目=ソフトボール,和暦=平成 | 発生場所1=学校内・校舎外（園内・園舎外）,3,58,0.03663929248262792,0.7733333333333333,2.4681182795698926
発生場所2=体育館・屋内運動場,場合別1=各教科等,2,89,0.05622236260265319,0.363265306122449,2.4680213716387844
場合別1=各教科等,発生場所2=体育館・屋内運動場,2,89,0.05622236260265319,0.38197424892703863,2.4680213716387844
場合別1=各教科等,発生場所1=学校内・校舎内（園内・園舎内） | 発生場所2=体育館・屋内運動場,3,89,0.05622236260265319,0.38197424892703863,2.4680213716387844
発生場所1=学校内・校舎内（園内・園舎内） | 発生場所2=体育館・屋内運動場,場合別1=各教科等,3,89,0.05622236260265319,0.363265306122449,2.4680213716387844
競技種目=野球（含軟式）,場合別1=課外指導 | 被災学年=1,3,135,0.08528111181301326,0.3835227272727273,2.467953159645233
場合別1=課外指導 | 被災学年=1,競技種目=野球（含軟式）,3,135,0.08528111181301326,0.5487804878048781,2.467953159645233
競技種目=バレーボール,和暦=平成 | 性別=女,3,22,0.013897662665824383,0.5116279069767442,2.461723333568955
場合別1=特別活動（除学校行事）,性別=男 | 発生場所1=学校内・校舎内（園内・園舎内）,3,33,0.020846493998736577,0.515625,2.4585372740963853
発生場所1=学校内・校舎外（園内・園舎外） | 給付年度=19,発生場所2=運動場・校庭（園庭）,3,44,0.027795325331648767,0.88,2.4568606701940037
競技種目=ソフトボール,発生場所1=学校内・校舎外（園内・園舎外）,2,70,0.04421983575489577,0.9333333333333333,2.454263565891473
和暦=平成 | 発生場所2=廊下,被災学校種=小,3,30,0.018951358180669616,0.379746835443038,2.4536295530870578
競技種目=バスケットボール,発生場所1=学校内・校舎内（園内・園舎内）,2,84,0.053063802905874924,0.75,2.4529958677685952
場合別1=特別活動（除学校行事） | 性別=男,発生場所1=学校内・校舎内（園内・園舎内）,3,33,0.020846493998736577,0.75,2.4529958677685952
場合別2=休憩時間中 | 被災学校種=中,発生場所1=学校内・校舎内（園内・園舎内）,3,21,0.013265950726468731,0.75,2.4529958677685952
発生場所1=学校内・校舎内（園内・園舎内） | 競技種目=バレーボール,性別=女,3,20,0.012634238787113077,0.6060606060606061,2.4474335188620904
場合別2=昼食時休憩時間中,性別=男 | 発生場所1=学校内・校舎内（園内・園舎内）,3,39,0.024636765634870498,0.5131578947368421,2.44677393785669
発生場所1=学校内・校舎外（園内・園舎外） | 給付年度=2,発生場所2=運動場・校庭（園庭）,3,28,0.017687934301958308,0.875,2.442901234567901
競技種目=ソフトボール | 被災学年=1,発生場所2=運動場・校庭（園庭）,3,21,0.013265950726468731,0.875,2.442901234567901
和暦=令和 | 場合別1=課外指導,競技種目=野球（含軟式）,3,63,0.03979785217940619,0.5431034482758621,2.4424226097178687
発生場所1=学校内・校舎外（園内・園舎外） | 給付年度=20,競技種目=野球（含軟式）,3,19,0.012002526847757423,0.5428571428571428,2.441314935064935
性別=男 | 発生場所2=運動場・校庭（園庭）,競技種目=野球（含軟式）,3,257,0.16234996841440302,0.5421940928270043,2.43833309359417
競技種目=野球（含軟式）,性別=男 | 発生場所2=運動場・校庭（園庭）,3,257,0.16234996841440302,0.7301136363636364,2.4383330935941694
和暦=平成 | 場合別1=特別活動（除学校行事）,発生場所1=学校内・校舎内（園内・園舎内）,3,41,0.025900189513581806,0.7454545454545455,2.4381292261457554
競技種目=バスケットボール | 被災学年=1,発生場所1=学校内・校舎内（園内・園舎内）,3,26,0.016424510423247,0.7428571428571429,2.4296340023612752
発生場所1=学校内・校舎外（園内・園舎外） | 被災学年=4,発生場所2=運動場・校庭（園庭）,3,20,0.012634238787113077,0.8695652173913043,2.4277279349743117
競技種目=野球（含軟式） | 給付年度=27,発生場所2=運動場・校庭（園庭）,3,20,0.012634238787113077,0.8695652173913043,2.4277279349743117
場合別2=休憩時間中,和暦=平成 | 発生場所1=学校内・校舎内（園内・園舎内）,3,58,0.03663929248262792,0.6170212765957447,2.423684071590729
性別=女 | 競技種目=バレーボール,発生場所1=学校内・校舎内（園内・園舎内）,3,20,0.012634238787113077,0.7407407407407407,2.4227119681665137
発生場所1=学校内・校舎外（園内・園舎外） | 給付年度=24,発生場所2=運動場・校庭（園庭）,3,26,0.016424510423247,0.8666666666666667,2.4196355085243972
発生場所2=体育館・屋内運動場 | 被災学年=1,場合別1=各教科等,3,21,0.013265950726468731,0.3559322033898305,2.4182003346184624
競技種目=ソフトボール | 被災学校種=中,発生場所1=学校内・校舎外（園内・園舎外）,3,33,0.020846493998736577,0.9166666666666666,2.410437430786268
競技種目=ソフトボール,発生場所2=運動場・校庭（園庭） | 被災学年=1,3,21,0.013265950726468731,0.28,2.408913043478261
場合別1=休憩時間 | 被災学校種=中,発生場所1=学校内・校舎内（園内・園舎内）,3,64,0.04042956411876184,0.735632183908046,2.4060036097653654
被災学年=5,場合別1=休憩時間,2,22,0.013897662665824383,0.3793103448275862,2.401793103448276
和暦=平成 | 場合別2=休憩時間中,発生場所1=学校内・校舎内（園内・園舎内）,3,58,0.03663929248262792,0.7341772151898734,2.4012449000941523
競技種目=野球（含軟式）,発生場所2=運動場・校庭（園庭） | 被災学年=2,3,103,0.06506632975363234,0.29261363636363635,2.400038271314178
発生場所2=運動場・校庭（園庭） | 被災学年=2,競技種目=野球（含軟式）,3,103,0.06506632975363234,0.533678756476684,2.400038271314178
被災学年=6,和暦=平成 | 場合別1=休憩時間,3,17,0.010739102969046115,0.3148148148148148,2.395922364672365
発生場所2=体育館・屋内運動場,場合別1=各教科等 | 性別=男,3,60,0.03790271636133923,0.24489795918367346,2.3930461073318217
場合別1=各教科等 | 性別=男,発生場所2=体育館・屋内運動場,3,60,0.03790271636133923,0.37037037037037035,2.3930461073318217
競技種目=ソフトボール | 被災学年=2,発生場所1=学校内・校舎外（園内・園舎外）,3,20,0.012634238787113077,0.9090909090909091,2.390516460283902
競技種目=バスケットボール,発生場所1=学校内・校舎内（園内・園舎内） | 被災学年=3,3,24,0.015161086544535692,0.21428571428571427,2.3888329979879277
発生場所2=廊下,性別=男 | 被災学校種=小,3,22,0.013897662665824383,0.22916666666666666,2.3866502192982453
場合別2=体育的部活動 | 給付年度=2,競技種目=野球（含軟式）,3,18,0.011370814908401769,0.5294117647058824,2.3808489304812834
和暦=平成 | 競技種目=バスケットボール,発生場所1=学校内・校舎内（園内・園舎内）,3,72,0.045483259633607075,0.7272727272727273,2.3786626596543954
場合別2=休憩時間中 | 性別=男,発生場所1=学校内・校舎内（園内・園舎内）,3,50,0.03158559696778269,0.7246376811594203,2.3700443166846332
場合別1=各教科等,性別=男 | 発生場所2=体育館・屋内運動場,3,60,0.03790271636133923,0.2575107296137339,2.3699970056891906
性別=男 | 発生場所2=体育館・屋内運動場,場合別1=各教科等,3,60,0.03790271636133923,0.3488372093023256,2.3699970056891906
場合別1=休憩時間 | 発生場所1=学校内・校舎内（園内・園舎内）,被災学校種=小,3,59,0.037271004421983576,0.36645962732919257,2.367777918620865
被災学校種=小,場合別1=休憩時間 | 発生場所1=学校内・校舎内（園内・園舎内）,3,59,0.037271004421983576,0.24081632653061225,2.3677779186208645
競技種目=バスケットボール | 被災学校種=高,発生場所1=学校内・校舎内（園内・園舎内）,3,55,0.03474415666456096,0.7236842105263158,2.3669258373205744
発生場所2=運動場・校庭（園庭） | 被災学校種=中,場合別2=体育（保健体育）,3,33,0.020846493998736577,0.28695652173913044,2.365896739130435
性別=女 | 競技種目=ソフトボール,発生場所2=運動場・校庭（園庭）,3,22,0.013897662665824383,0.8461538461538461,2.3623660290326955
和暦=平成 | 被災学年=5,場合別1=休憩時間,3,19,0.012002526847757423,0.37254901960784315,2.358980392156863
競技種目=ソフトボール,発生場所1=学校内・校舎外（園内・園舎外） | 被災学年=1,3,21,0.013265950726468731,0.28,2.357659574468085
場合別2=体育的部活動 | 給付年度=22,競技種目=野球（含軟式）,3,22,0.013897662665824383,0.5238095238095238,2.3556547619047623
発生場所2=廊下,被災学校種=小,2,35,0.022109917877447885,0.3645833333333333,2.355654761904762
発生場所1=学校内・校舎内（園内・園舎内） | 発生場所2=廊下,被災学校種=小,3,35,0.022109917877447885,0.3645833333333333,2.355654761904762
発生場所1=学校内・校舎外（園内・園舎外） | 給付年度=23,発生場所2=運動場・校庭（園庭）,3,27,0.017056222362602652,0.84375,2.355654761904762
競技種目=バレーボール,場合別2=体育的部活動 | 被災学年=2,3,19,0.012002526847757423,0.4418604651162791,2.35510140161303
和暦=平成 | 場合別2=昼食時休憩時間中,被災学校種=小,3,24,0.015161086544535692,0.36363636363636365,2.349536178107607
場合別2=体育的部活動,場合別1=課外指導 | 発生場所2=運動場・校庭（園庭）,3,354,0.22362602653190145,0.5252225519287834,2.3486646884273
場合別2=体育的部活動,競技種目=野球（含軟式） | 被災学校種=高,3,305,0.19267214150347442,0.45252225519287836,2.3486646884273
場合別1=課外指導 | 発生場所2=運動場・校庭（園庭）,場合別2=体育的部活動,3,354,0.22362602653190145,1.0,2.3486646884272995
場合別2=体育的部活動,場合別1=課外指導 | 競技種目=野球（含軟式）,3,348,0.21983575489576754,0.516320474777448,2.3486646884272995
場合別1=課外指導 | 競技種目=野球（含軟式）,場合別2=体育的部活動,3,348,0.21983575489576754,1.0,2.3486646884272995
競技種目=野球（含軟式） | 被災学校種=高,場合別2=体育的部活動,3,305,0.19267214150347442,1.0,2.3486646884272995
場合別2=体育的部活動,競技種目=野球（含軟式） | 被災学年=2,3,152,0.09602021478205938,0.22551928783382788,2.3486646884272995
競技種目=野球（含軟式） | 被災学年=2,場合別2=体育的部活動,3,152,0.09602021478205938,1.0,2.3486646884272995
場合別1=課外指導 | 発生場所2=学校外運動場・競技場,場合別2=体育的部活動,3,116,0.07327858496525584,1.0,2.3486646884272995
場合別1=課外指導 | 競技種目=バスケットボール,場合別2=体育的部活動,3,87,0.054958938723941884,1.0,2.3486646884272995
発生場所1=学校外（園外） | 競技種目=野球（含軟式）,場合別2=体育的部活動,3,78,0.049273531269740996,1.0,2.3486646884272995
発生場所2=学校外運動場・競技場 | 競技種目=野球（含軟式）,場合別2=体育的部活動,3,75,0.047378395451674035,1.0,2.3486646884272995
和暦=令和 | 競技種目=野球（含軟式）,場合別2=体育的部活動,3,63,0.03979785217940619,1.0,2.3486646884272995
場合別1=課外指導 | 競技種目=サッカー・フットサル,場合別2=体育的部活動,3,61,0.03853442830069488,1.0,2.3486646884272995
発生場所2=学校外運動場・競技場 | 被災学年=2,場合別2=体育的部活動,3,57,0.036007580543272265,1.0,2.3486646884272995
場合別1=課外指導 | 給付年度=20,場合別2=体育的部活動,3,42,0.026531901452937462,1.0,2.3486646884272995
場合別1=課外指導 | 給付年度=21,場合別2=体育的部活動,3,40,0.025268477574226154,1.0,2.3486646884272995
場合別1=課外指導 | 給付年度=23,場合別2=体育的部活動,3,39,0.024636765634870498,1.0,2.3486646884272995
場合別1=課外指導 | 給付年度=26,場合別2=体育的部活動,3,39,0.024636765634870498,1.0,2.3486646884272995
場合別1=課外指導 | 発生場所2=学校外体育館,場合別2=体育的部活動,3,37,0.02337334175615919,1.0,2.3486646884272995
場合別1=課外指導 | 競技種目=バレーボール,場合別2=体育的部活動,3,35,0.022109917877447885,1.0,2.3486646884272995
場合別1=課外指導 | 給付年度=25,場合別2=体育的部活動,3,35,0.022109917877447885,1.0,2.3486646884272995
場合別1=課外指導 | 給付年度=30,場合別2=体育的部活動,3,35,0.022109917877447885,1.0,2.3486646884272995
場合別1=課外指導 | 給付年度=28,場合別2=体育的部活動,3,34,0.02147820593809223,1.0,2.3486646884272995
競技種目=野球（含軟式） | 給付年度=19,場合別2=体育的部活動,3,26,0.016424510423247,1.0,2.3486646884272995
競技種目=野球（含軟式） | 給付年度=20,場合別2=体育的部活動,3,26,0.016424510423247,1.0,2.3486646884272995
発生場所1=学校外（園外） | 競技種目=サッカー・フットサル,場合別2=体育的部活動,3,24,0.015161086544535692,1.0,2.3486646884272995
場合別1=課外指導 | 給付年度=1,場合別2=体育的部活動,3,24,0.015161086544535692,1.0,2.3486646884272995
発生場所2=学校外運動場・競技場 | 競技種目=サッカー・フットサル,場合別2=体育的部活動,3,23,0.014529374605180037,1.0,2.3486646884272995
競技種目=野球（含軟式） | 給付年度=27,場合別2=体育的部活動,3,23,0.014529374605180037,1.0,2.3486646884272995
競技種目=野球（含軟式） | 給付年度=22,場合別2=体育的部活動,3,22,0.013897662665824383,1.0,2.3486646884272995
競技種目=野球（含軟式） | 給付年度=25,場合別2=体育的部活動,3,21,0.013265950726468731,1.0,2.3486646884272995
競技種目=ホッケー,場合別2=体育的部活動,2,20,0.012634238787113077,1.0,2.3486646884272995
競技種目=ホッケー,場合別1=課外指導 | 場合別2=体育的部活動,3,20,0.012634238787113077,1.0,2.3486646884272995
場合別1=課外指導 | 競技種目=ホッケー,場合別2=体育的部活動,3,20,0.012634238787113077,1.0,2.3486646884272995
競技種目=ホッケー | 被災学校種=高,場合別2=体育的部活動,3,20,0.012634238787113077,1.0,2.3486646884272995
競技種目=野球（含軟式） | 給付年度=26,場合別2=体育的部活動,3,20,0.012634238787113077,1.0,2.3486646884272995
場合別1=課外指導 | 給付年度=4,場合別2=体育的部活動,3,20,0.012634238787113077,1.0,2.3486646884272995
競技種目=野球（含軟式） | 給付年度=24,場合別2=体育的部活動,3,19,0.012002526847757423,1.0,2.3486646884272995
競技種目=野球（含軟式） | 給付年度=17,場合別2=体育的部活動,3,18,0.011370814908401769,1.0,2.3486646884272995
発生場所2=学校外体育館 | 被災学年=1,場合別2=体育的部活動,3,18,0.011370814908401769,1.0,2.3486646884272995
和暦=平成 | 競技種目=ホッケー,場合別2=体育的部活動,3,18,0.011370814908401769,1.0,2.3486646884272995
競技種目=野球（含軟式） | 給付年度=23,場合別2=体育的部活動,3,18,0.011370814908401769,1.0,2.3486646884272995
競技種目=野球（含軟式） | 給付年度=2,場合別2=体育的部活動,3,18,0.011370814908401769,1.0,2.3486646884272995
場合別1=課外指導 | 給付年度=3,場合別2=体育的部活動,3,16,0.01010739102969046,1.0,2.3486646884272995
発生場所2=学校外運動場・競技場,和暦=平成 | 場合別2=体育的部活動,3,99,0.06253948199620973,0.8319327731092437,2.3475037073652993
場合別2=授業終了後の特定時間中 | 発生場所1=学校内・校舎外（園内・園舎外）,発生場所2=運動場・校庭（園庭）,3,21,0.013265950726468731,0.84,2.3451851851851853
場合別1=各教科等,発生場所1=学校内・校舎内（園内・園舎内） | 被災学年=3,3,49,0.03095388502842704,0.21030042918454936,2.3444054887263497
発生場所1=学校内・校舎内（園内・園舎内） | 被災学年=3,場合別1=各教科等,3,49,0.03095388502842704,0.34507042253521125,2.3444054887263492
発生場所1=学校内・校舎外（園内・園舎外） | 給付年度=28,発生場所2=運動場・校庭（園庭）,3,26,0.016424510423247,0.8387096774193549,2.3415827501849007
競技種目=バスケットボール,発生場所1=学校内・校舎内（園内・園舎内） | 被災学校種=中,3,27,0.017056222362602652,0.24107142857142858,2.3412028921998247
競技種目=野球（含軟式） | 給付年度=2,発生場所1=学校内・校舎外（園内・園舎外）,3,16,0.01010739102969046,0.8888888888888888,2.3373938722775933
場合別1=課外指導 | 競技種目=バレーボール,発生場所1=学校内・校舎内（園内・園舎内）,3,25,0.015792798483891344,0.7142857142857143,2.3361865407319957
場合別2=体育的部活動 | 競技種目=バレーボール,発生場所1=学校内・校舎内（園内・園舎内）,3,25,0.015792798483891344,0.7142857142857143,2.3361865407319957
場合別2=体育的部活動,競技種目=野球（含軟式） | 被災学年=1,3,135,0.08528111181301326,0.20029673590504452,2.3313950951300404
競技種目=野球（含軟式） | 被災学年=1,場合別2=体育的部活動,3,135,0.08528111181301326,0.9926470588235294,2.33139509513004
場合別1=課外指導 | 競技種目=バスケットボール,発生場所1=学校内・校舎内（園内・園舎内）,3,62,0.03916614024005054,0.7126436781609196,2.330815996960198
場合別2=体育的部活動 | 競技種目=バスケットボール,発生場所1=学校内・校舎内（園内・園舎内）,3,62,0.03916614024005054,0.7126436781609196,2.330815996960198
場合別2=体育的部活動,場合別1=課外指導 | 発生場所1=学校内・校舎外（園内・園舎外）,3,364,0.229943145925458,0.5400593471810089,2.32946579451645
場合別1=課外指導 | 発生場所1=学校内・校舎外（園内・園舎外）,場合別2=体育的部活動,3,364,0.229943145925458,0.9918256130790191,2.32946579451645
場合別1=課外指導 | 発生場所2=体育館・屋内運動場,場合別2=体育的部活動,3,119,0.07517372078332281,0.9916666666666667,2.3290924826904056
場合別2=体育的部活動,性別=男 | 競技種目=野球（含軟式）,3,344,0.21730890713834491,0.5103857566765578,2.3283592300259106
性別=男 | 競技種目=野球（含軟式）,場合別2=体育的部活動,3,344,0.21730890713834491,0.9913544668587896,2.3283592300259106
発生場所2=学校外運動場・競技場 | 被災学校種=高,場合別2=体育的部活動,3,106,0.06696146557169931,0.9906542056074766,2.326714551152278
競技種目=野球（含軟式）,性別=男 | 発生場所1=学校内・校舎外（園内・園舎外）,3,258,0.16298168035375868,0.7329545454545454,2.3251844598287486
性別=男 | 発生場所1=学校内・校舎外（園内・園舎外）,競技種目=野球（含軟式）,3,258,0.16298168035375868,0.5170340681362725,2.3251844598287486
場合別2=体育的部活動,場合別1=課外指導 | 被災学校種=高,3,535,0.3379658875552748,0.7937685459940653,2.3226166512173854
場合別1=課外指導 | 被災学校種=高,場合別2=体育的部活動,3,535,0.3379658875552748,0.988909426987061,2.322616651217385
場合別2=体育的部活動,競技種目=野球（含軟式）,2,348,0.21983575489576754,0.516320474777448,2.3219753169678983
競技種目=野球（含軟式）,場合別2=体育的部活動,2,348,0.21983575489576754,0.9886363636363636,2.3219753169678983
競技種目=野球（含軟式）,場合別1=課外指導 | 場合別2=体育的部活動,3,348,0.21983575489576754,0.9886363636363636,2.3219753169678983
場合別1=課外指導 | 場合別2=体育的部活動,競技種目=野球（含軟式）,3,348,0.21983575489576754,0.516320474777448,2.3219753169678983
場合別2=体育的部活動,場合別1=課外指導 | 被災学年=1,3,243,0.15350600126342387,0.36053412462908013,2.3200224361294057
場合別1=課外指導 | 被災学年=1,場合別2=体育的部活動,3,243,0.15350600126342387,0.9878048780487805,2.3200224361294057
被災学年=6,和暦=平成 | 性別=女,3,26,0.016424510423247,0.48148148148148145,2.3166722953956995
場合別2=体育的部活動,和暦=平成 | 競技種目=野球（含軟式）,3,285,0.18003790271636133,0.4228486646884273,2.3161572186912815
和暦=平成 | 競技種目=野球（含軟式）,場合別2=体育的部活動,3,285,0.18003790271636133,0.986159169550173,2.3161572186912815
場合別2=昼食時休憩時間中,和暦=平成 | 被災学校種=小,3,24,0.015161086544535692,0.3157894736842105,2.314327485380117
場合別2=体育的部活動,発生場所1=学校内・校舎外（園内・園舎外） | 競技種目=野球（含軟式）,3,259,0.16361339229311433,0.38427299703264095,2.3129435524816375
発生場所1=学校内・校舎外（園内・園舎外） | 競技種目=野球（含軟式）,場合別2=体育的部活動,3,259,0.16361339229311433,0.9847908745247148,2.312943552481637
場合別1=課外指導 | 給付年度=2,競技種目=野球（含軟式）,3,18,0.011370814908401769,0.5142857142857142,2.3128246753246753
場合別2=体育的部活動,発生場所2=運動場・校庭（園庭） | 競技種目=野球（含軟式）,3,258,0.16298168035375868,0.3827893175074184,2.3128072122681043
発生場所2=運動場・校庭（園庭） | 競技種目=野球（含軟式）,場合別2=体育的部活動,3,258,0.16298168035375868,0.9847328244274809,2.3128072122681043
場合別1=課外指導 | 被災学年=3,場合別2=体育的部活動,3,129,0.08149084017687934,0.9847328244274809,2.3128072122681043
場合別2=体育的部活動,場合別1=課外指導 | 性別=男,3,576,0.3638660770688566,0.8545994065281899,2.312531385528418
場合別1=課外指導 | 性別=男,場合別2=体育的部活動,3,576,0.3638660770688566,0.9846153846153847,2.312531385528418
発生場所2=体育館・屋内運動場,和暦=平成 | 場合別1=各教科等,3,68,0.04295641187618446,0.27755102040816326,2.312438238453276
和暦=平成 | 場合別1=各教科等,発生場所2=体育館・屋内運動場,3,68,0.04295641187618446,0.35789473684210527,2.312438238453276
競技種目=野球（含軟式） | 被災学年=3,場合別2=体育的部活動,3,60,0.03790271636133923,0.9836065573770492,2.3101619886170157
競技種目=バスケットボール | 被災学年=3,発生場所1=学校内・校舎内（園内・園舎内）,3,24,0.015161086544535692,0.7058823529411765,2.308701993193972
場合別2=授業終了後の特定時間中,被災学校種=小,2,20,0.012634238787113077,0.35714285714285715,2.307580174927114
場合別1=休憩時間 | 場合別2=授業終了後の特定時間中,被災学校種=小,3,20,0.012634238787113077,0.35714285714285715,2.307580174927114
場合別2=体育的部活動,和暦=平成 | 場合別1=課外指導,3,561,0.3543903979785218,0.8323442136498517,2.3075322070187654
和暦=平成 | 場合別1=課外指導,場合別2=体育的部活動,3,561,0.3543903979785218,0.9824868651488616,2.3075322070187654
発生場所2=学校外運動場・競技場,和暦=平成 | 場合別1=課外指導,3,99,0.06253948199620973,0.8319327731092437,2.3063915583746635
性別=男 | 発生場所2=学校外運動場・競技場,場合別2=体育的部活動,3,109,0.06885660138976626,0.9819819819819819,2.306346405752934
場合別1=課外指導 | 給付年度=26,競技種目=野球（含軟式）,3,20,0.012634238787113077,0.5128205128205128,2.306235431235431
場合別2=体育的部活動 | 給付年度=26,競技種目=野球（含軟式）,3,20,0.012634238787113077,0.5128205128205128,2.306235431235431
場合別1=課外指導,和暦=平成 | 場合別2=体育的部活動,3,561,0.3543903979785218,0.8165938864628821,2.3042212518195053
場合別1=課外指導,場合別2=体育的部活動 | 発生場所1=学校内・校舎外（園内・園舎外）,3,364,0.229943145925458,0.529839883551674,2.3042212518195053
場合別1=課外指導,場合別2=体育的部活動 | 被災学年=2,3,297,0.18761844598862917,0.43231441048034935,2.3042212518195053
場合別1=課外指導,場合別2=体育的部活動 | 被災学年=1,3,243,0.15350600126342387,0.3537117903930131,2.3042212518195053
場合別1=課外指導,競技種目=野球（含軟式） | 被災学年=2,3,152,0.09602021478205938,0.22125181950509462,2.3042212518195053
場合別2=体育的部活動,場合別1=課外指導,2,674,0.4257738471257107,1.0,2.304221251819505
場合別1=課外指導,場合別2=体育的部活動,2,674,0.4257738471257107,0.9810771470160117,2.304221251819505
場合別1=課外指導,場合別2=体育的部活動 | 性別=男,3,576,0.3638660770688566,0.8384279475982532,2.304221251819505
場合別2=体育的部活動 | 性別=男,場合別1=課外指導,3,576,0.3638660770688566,1.0,2.304221251819505
和暦=平成 | 場合別2=体育的部活動,場合別1=課外指導,3,561,0.3543903979785218,1.0,2.304221251819505
場合別1=課外指導,場合別2=体育的部活動 | 被災学校種=高,3,535,0.3379658875552748,0.7787481804949054,2.304221251819505
場合別2=体育的部活動 | 被災学校種=高,場合別1=課外指導,3,535,0.3379658875552748,1.0,2.304221251819505
場合別2=体育的部活動 | 発生場所1=学校内・校舎外（園内・園舎外）,場合別1=課外指導,3,364,0.229943145925458,1.0,2.304221251819505
場合別1=課外指導,場合別2=体育的部活動 | 発生場所2=運動場・校庭（園庭）,3,354,0.22362602653190145,0.5152838427947598,2.304221251819505
場合別2=体育的部活動 | 発生場所2=運動場・校庭（園庭）,場合別1=課外指導,3,354,0.22362602653190145,1.0,2.304221251819505
場合別1=課外指導,場合別2=体育的部活動 | 競技種目=野球（含軟式）,3,348,0.21983575489576754,0.5065502183406113,2.304221251819505
場合別2=体育的部活動 | 競技種目=野球（含軟式）,場合別1=課外指導,3,348,0.21983575489576754,1.0,2.304221251819505
場合別1=課外指導,競技種目=野球（含軟式） | 被災学校種=高,3,305,0.19267214150347442,0.44395924308588064,2.304221251819505
競技種目=野球（含軟式） | 被災学校種=高,場合別1=課外指導,3,305,0.19267214150347442,1.0,2.304221251819505
場合別2=体育的部活動 | 被災学年=2,場合別1=課外指導,3,297,0.18761844598862917,1.0,2.304221251819505
場合別2=体育的部活動 | 被災学年=1,場合別1=課外指導,3,243,0.15350600126342387,1.0,2.304221251819505
場合別1=課外指導,場合別2=体育的部活動 | 発生場所1=学校外（園外）,3,174,0.10991787744788377,0.25327510917030566,2.304221251819505
場合別2=体育的部活動 | 発生場所1=学校外（園外）,場合別1=課外指導,3,174,0.10991787744788377,1.0,2.304221251819505
競技種目=野球（含軟式） | 被災学年=2,場合別1=課外指導,3,152,0.09602021478205938,1.0,2.304221251819505
場合別2=体育的部活動 | 発生場所1=学校内・校舎内（園内・園舎内）,場合別1=課外指導,3,136,0.08591282375236892,1.0,2.304221251819505
場合別2=体育的部活動 | 被災学校種=中,場合別1=課外指導,3,129,0.08149084017687934,1.0,2.304221251819505
場合別2=体育的部活動 | 被災学年=3,場合別1=課外指導,3,129,0.08149084017687934,1.0,2.304221251819505
場合別2=体育的部活動 | 発生場所2=体育館・屋内運動場,場合別1=課外指導,3,119,0.07517372078332281,1.0,2.304221251819505
場合別2=体育的部活動 | 発生場所2=学校外運動場・競技場,場合別1=課外指導,3,116,0.07327858496525584,1.0,2.304221251819505
和暦=令和 | 場合別2=体育的部活動,場合別1=課外指導,3,113,0.07138344914718889,1.0,2.304221251819505
場合別2=体育的部活動 | 性別=女,場合別1=課外指導,3,98,0.06190777005685408,1.0,2.304221251819505
場合別2=体育的部活動 | 競技種目=バスケットボール,場合別1=課外指導,3,87,0.054958938723941884,1.0,2.304221251819505
発生場所1=学校外（園外） | 競技種目=野球（含軟式）,場合別1=課外指導,3,78,0.049273531269740996,1.0,2.304221251819505
発生場所2=学校外運動場・競技場 | 競技種目=野球（含軟式）,場合別1=課外指導,3,75,0.047378395451674035,1.0,2.304221251819505
和暦=令和 | 競技種目=野球（含軟式）,場合別1=課外指導,3,63,0.03979785217940619,1.0,2.304221251819505
場合別2=体育的部活動 | 競技種目=サッカー・フットサル,場合別1=課外指導,3,61,0.03853442830069488,1.0,2.304221251819505
発生場所2=学校外運動場・競技場 | 被災学年=2,場合別1=課外指導,3,57,0.036007580543272265,1.0,2.304221251819505
場合別2=体育的部活動 | 給付年度=19,場合別1=課外指導,3,53,0.033480732785849655,1.0,2.304221251819505
場合別2=体育的部活動 | 給付年度=18,場合別1=課外指導,3,49,0.03095388502842704,1.0,2.304221251819505
場合別2=体育的部活動 | 給付年度=27,場合別1=課外指導,3,49,0.03095388502842704,1.0,2.304221251819505
場合別2=体育的部活動 | 給付年度=17,場合別1=課外指導,3,46,0.029058749210360075,1.0,2.304221251819505
場合別2=体育的部活動 | 給付年度=20,場合別1=課外指導,3,42,0.026531901452937462,1.0,2.304221251819505
場合別2=体育的部活動 | 給付年度=22,場合別1=課外指導,3,42,0.026531901452937462,1.0,2.304221251819505
場合別2=体育的部活動 | 給付年度=21,場合別1=課外指導,3,40,0.025268477574226154,1.0,2.304221251819505
場合別2=体育的部活動 | 給付年度=23,場合別1=課外指導,3,39,0.024636765634870498,1.0,2.304221251819505
場合別2=体育的部活動 | 給付年度=26,場合別1=課外指導,3,39,0.024636765634870498,1.0,2.304221251819505
場合別2=体育的部活動 | 発生場所2=学校外体育館,場合別1=課外指導,3,37,0.02337334175615919,1.0,2.304221251819505
場合別2=体育的部活動 | 競技種目=バレーボール,場合別1=課外指導,3,35,0.022109917877447885,1.0,2.304221251819505
場合別2=体育的部活動 | 給付年度=25,場合別1=課外指導,3,35,0.022109917877447885,1.0,2.304221251819505
場合別2=体育的部活動 | 給付年度=30,場合別1=課外指導,3,35,0.022109917877447885,1.0,2.304221251819505
場合別2=体育的部活動 | 給付年度=28,場合別1=課外指導,3,34,0.02147820593809223,1.0,2.304221251819505
場合別2=体育的部活動 | 給付年度=2,場合別1=課外指導,3,34,0.02147820593809223,1.0,2.304221251819505
場合別2=体育的部活動 | 給付年度=24,場合別1=課外指導,3,31,0.01958307012002527,1.0,2.304221251819505
場合別2=体育的部活動 | 給付年度=29,場合別1=課外指導,3,27,0.017056222362602652,1.0,2.304221251819505
競技種目=野球（含軟式） | 給付年度=19,場合別1=課外指導,3,26,0.016424510423247,1.0,2.304221251819505
競技種目=野球（含軟式） | 給付年度=20,場合別1=課外指導,3,26,0.016424510423247,1.0,2.304221251819505
発生場所1=学校外（園外） | 競技種目=サッカー・フットサル,場合別1=課外指導,3,24,0.015161086544535692,1.0,2.304221251819505
場合別2=体育的部活動 | 給付年度=1,場合別1=課外指導,3,24,0.015161086544535692,1.0,2.304221251819505
発生場所2=学校外運動場・競技場 | 競技種目=サッカー・フットサル,場合別1=課外指導,3,23,0.014529374605180037,1.0,2.304221251819505
競技種目=野球（含軟式） | 給付年度=27,場合別1=課外指導,3,23,0.014529374605180037,1.0,2.304221251819505
競技種目=野球（含軟式） | 給付年度=22,場合別1=課外指導,3,22,0.013897662665824383,1.0,2.304221251819505
競技種目=野球（含軟式） | 給付年度=25,場合別1=課外指導,3,21,0.013265950726468731,1.0,2.304221251819505
競技種目=ホッケー,場合別1=課外指導,2,20,0.012634238787113077,1.0,2.304221251819505
場合別2=体育的部活動 | 競技種目=ホッケー,場合別1=課外指導,3,20,0.012634238787113077,1.0,2.304221251819505
競技種目=ホッケー | 被災学校種=高,場合別1=課外指導,3,20,0.012634238787113077,1.0,2.304221251819505
競技種目=野球（含軟式） | 給付年度=26,場合別1=課外指導,3,20,0.012634238787113077,1.0,2.304221251819505
場合別2=体育的部活動 | 給付年度=4,場合別1=課外指導,3,20,0.012634238787113077,1.0,2.304221251819505
場合別2=体育的部活動 | 発生場所2=その他,場合別1=課外指導,3,19,0.012002526847757423,1.0,2.304221251819505
競技種目=野球（含軟式） | 給付年度=24,場合別1=課外指導,3,19,0.012002526847757423,1.0,2.304221251819505
場合別2=体育的部活動 | 給付年度=5,場合別1=課外指導,3,19,0.012002526847757423,1.0,2.304221251819505
競技種目=野球（含軟式） | 給付年度=17,場合別1=課外指導,3,18,0.011370814908401769,1.0,2.304221251819505
発生場所2=学校外体育館 | 被災学年=1,場合別1=課外指導,3,18,0.011370814908401769,1.0,2.304221251819505
和暦=平成 | 競技種目=ホッケー,場合別1=課外指導,3,18,0.011370814908401769,1.0,2.304221251819505
競技種目=野球（含軟式） | 給付年度=23,場合別1=課外指導,3,18,0.011370814908401769,1.0,2.304221251819505
競技種目=野球（含軟式） | 給付年度=2,場合別1=課外指導,3,18,0.011370814908401769,1.0,2.304221251819505
場合別2=体育的部活動 | 給付年度=3,場合別1=課外指導,3,16,0.01010739102969046,1.0,2.304221251819505
和暦=平成 | 発生場所2=学校外運動場・競技場,場合別2=体育的部活動,3,99,0.06253948199620973,0.9801980198019802,2.3021564767752736
場合別1=課外指導 | 給付年度=18,場合別2=体育的部活動,3,49,0.03095388502842704,0.98,2.3016913946587536
場合別1=課外指導 | 給付年度=27,場合別2=体育的部活動,3,49,0.03095388502842704,0.98,2.3016913946587536
競技種目=野球（含軟式）,場合別2=体育的部活動 | 被災学年=2,3,152,0.09602021478205938,0.4318181818181818,2.301576369758188
場合別2=体育的部活動 | 被災学年=2,競技種目=野球（含軟式）,3,152,0.09602021478205938,0.5117845117845118,2.301576369758188
場合別1=課外指導 | 給付年度=22,競技種目=野球（含軟式）,3,22,0.013897662665824383,0.5116279069767442,2.3008720930232562
競技種目=ソフトボール | 被災学年=1,発生場所1=学校内・校舎外（園内・園舎外）,3,21,0.013265950726468731,0.875,2.300872093023256
競技種目=バレーボール,場合別1=課外指導 | 被災学年=2,3,19,0.012002526847757423,0.4418604651162791,2.300872093023256
場合別1=課外指導 | 給付年度=17,場合別2=体育的部活動,3,46,0.029058749210360075,0.9787234042553191,2.298693099311825
場合別1=各教科等,和暦=平成 | 発生場所2=体育館・屋内運動場,3,68,0.04295641187618446,0.2918454935622318,2.298464757756283
和暦=平成 | 発生場所2=体育館・屋内運動場,場合別1=各教科等,3,68,0.04295641187618446,0.3383084577114428,2.298464757756283
場合別1=特別活動（除学校行事） | 被災学校種=小,発生場所1=学校内・校舎内（園内・園舎内）,3,26,0.016424510423247,0.7027027027027027,2.298302434666071
場合別2=体育的部活動,場合別1=課外指導 | 被災学年=2,3,297,0.18761844598862917,0.4406528189910979,2.294583593627987
場合別1=課外指導 | 被災学年=2,場合別2=体育的部活動,3,297,0.18761844598862917,0.9769736842105263,2.2945835936279866
場合別1=課外指導 | 給付年度=22,場合別2=体育的部活動,3,42,0.026531901452937462,0.9767441860465116,2.2940445793941064
発生場所2=廊下,和暦=平成 | 被災学校種=小,3,30,0.018951358180669616,0.3125,2.2902199074074074
発生場所2=学校外運動場・競技場,場合別2=体育的部活動,2,116,0.07327858496525584,0.9747899159663865,2.289454654265267
発生場所2=学校外運動場・競技場,場合別1=課外指導 | 場合別2=体育的部活動,3,116,0.07327858496525584,0.9747899159663865,2.289454654265267
発生場所1=学校外（園外） | 発生場所2=学校外運動場・競技場,場合別2=体育的部活動,3,116,0.07327858496525584,0.9747899159663865,2.289454654265267
和暦=令和 | 場合別1=課外指導,場合別2=体育的部活動,3,113,0.07138344914718889,0.9741379310344828,2.2879233602783176
競技種目=野球（含軟式） | 被災学年=1,場合別1=課外指導,3,135,0.08528111181301326,0.9926470588235294,2.287278448497303
競技種目=野球（含軟式） | 給付年度=27,発生場所1=学校内・校舎外（園内・園舎外）,3,20,0.012634238787113077,0.8695652173913043,2.286580962010689
競技種目=野球（含軟式）,和暦=平成 | 場合別2=体育的部活動,3,285,0.18003790271636133,0.8096590909090909,2.2846530140982013
和暦=平成 | 場合別2=体育的部活動,競技種目=野球（含軟式）,3,285,0.18003790271636133,0.5080213903743316,2.2846530140982013
場合別1=課外指導,性別=男 | 競技種目=野球（含軟式）,3,344,0.21730890713834491,0.5007278020378457,2.2843000306222185
性別=男 | 競技種目=野球（含軟式）,場合別1=課外指導,3,344,0.21730890713834491,0.9913544668587896,2.284300030622218
競技種目=バレーボール,和暦=平成 | 発生場所1=学校内・校舎内（園内・園舎内）,3,25,0.015792798483891344,0.5813953488372093,2.2837440129263085
場合別2=体育的部活動,場合別1=課外指導 | 発生場所1=学校外（園外）,3,174,0.10991787744788377,0.258160237388724,2.2830595295326823
場合別1=課外指導 | 発生場所1=学校外（園外）,場合別2=体育的部活動,3,174,0.10991787744788377,0.9720670391061452,2.2830595295326823
発生場所2=学校外運動場・競技場 | 被災学校種=高,場合別1=課外指導,3,106,0.06696146557169931,0.9906542056074766,2.282686473765117
発生場所1=学校外（園外） | 給付年度=19,場合別1=通学中,3,17,0.010739102969046115,0.37777777777777777,2.2825275657336723
場合別1=課外指導 | 給付年度=2,場合別2=体育的部活動,3,34,0.02147820593809223,0.9714285714285714,2.2815599830436626
場合別1=休憩時間 | 被災学年=2,発生場所1=学校内・校舎内（園内・園舎内）,3,46,0.029058749210360075,0.696969696969697,2.279551715502129
競技種目=野球（含軟式）,場合別1=課外指導,2,348,0.21983575489576754,0.9886363636363636,2.278036919412465
場合別1=課外指導,競技種目=野球（含軟式）,2,348,0.21983575489576754,0.5065502183406113,2.278036919412465
場合別1=課外指導 | 給付年度=24,場合別2=体育的部活動,3,31,0.01958307012002527,0.96875,2.2752689169139466
場合別2=休憩時間中 | 被災学年=3,発生場所1=学校内・校舎内（園内・園舎内）,3,16,0.01010739102969046,0.6956521739130435,2.2752425440172477
場合別1=課外指導,和暦=平成 | 競技種目=野球（含軟式）,3,285,0.18003790271636133,0.4148471615720524,2.2723289161541835
和暦=平成 | 競技種目=野球（含軟式）,場合別1=課外指導,3,285,0.18003790271636133,0.986159169550173,2.272328916154183
和暦=令和 | 発生場所2=運動場・校庭（園庭）,競技種目=野球（含軟式）,3,50,0.03158559696778269,0.5050505050505051,2.271292470156107
場合別1=課外指導,発生場所1=学校内・校舎外（園内・園舎外） | 競技種目=野球（含軟式）,3,259,0.16361339229311433,0.37700145560407566,2.269176061677763
発生場所1=学校内・校舎外（園内・園舎外） | 競技種目=野球（含軟式）,場合別1=課外指導,3,259,0.16361339229311433,0.9847908745247148,2.269176061677763
場合別1=課外指導,発生場所2=運動場・校庭（園庭） | 競技種目=野球（含軟式）,3,258,0.16298168035375868,0.37554585152838427,2.269042301410047
発生場所2=運動場・校庭（園庭） | 競技種目=野球（含軟式）,場合別1=課外指導,3,258,0.16298168035375868,0.9847328244274809,2.269042301410047
発生場所2=学校外運動場・競技場 | 被災学年=3,場合別2=体育的部活動,3,28,0.017687934301958308,0.9655172413793104,2.267676250895324
競技種目=野球（含軟式） | 被災学年=3,場合別1=課外指導,3,60,0.03790271636133923,0.9836065573770492,2.266447132937218
場合別2=体育的部活動,場合別1=課外指導 | 発生場所1=学校内・校舎内（園内・園舎内）,3,136,0.08591282375236892,0.20178041543026706,2.2653787065681756
場合別1=課外指導 | 発生場所1=学校内・校舎内（園内・園舎内）,場合別2=体育的部活動,3,136,0.08591282375236892,0.9645390070921985,2.265378706568175
発生場所2=学校外体育館 | 被災学校種=高,場合別2=体育的部活動,3,27,0.017056222362602652,0.9642857142857143,2.264783806697753
性別=男 | 発生場所2=学校外運動場・競技場,場合別1=課外指導,3,109,0.06885660138976626,0.9819819819819819,2.262703751786721
場合別1=休憩時間 | 発生場所2=廊下,被災学校種=小,3,21,0.013265950726468731,0.35,2.2614285714285716
場合別1=課外指導 | 被災学校種=中,場合別2=体育的部活動,3,129,0.08149084017687934,0.9626865671641791,2.2610279463218035
発生場所1=学校内・校舎外（園内・園舎外） | 被災学年=6,発生場所2=運動場・校庭（園庭）,3,17,0.010739102969046115,0.8095238095238095,2.2600991013689424
発生場所1=学校内・校舎外（園内・園舎外） | 被災学年=2,競技種目=野球（含軟式）,3,103,0.06506632975363234,0.5024390243902439,2.25954822616408
競技種目=野球（含軟式）,発生場所1=学校内・校舎外（園内・園舎外） | 被災学年=2,3,103,0.06506632975363234,0.29261363636363635,2.2595482261640796
和暦=平成 | 発生場所2=学校外運動場・競技場,場合別1=課外指導,3,99,0.06253948199620973,0.9801980198019802,2.258593108219119
発生場所2=学校外体育館,和暦=平成 | 場合別2=体育的部活動,3,32,0.02021478205938092,0.8,2.2573975044563284
場合別2=登校（登園）中 | 被災学年=3,性別=女,3,19,0.012002526847757423,0.5588235294117647,2.2566776710684273
場合別1=課外指導 | 性別=女,場合別2=体育的部活動,3,98,0.06190777005685408,0.9607843137254902,2.2565601908419155
競技種目=野球（含軟式） | 給付年度=18,場合別2=体育的部活動,3,24,0.015161086544535692,0.96,2.2547181008902073
発生場所1=学校外（園外） | 競技種目=バスケットボール,場合別2=体育的部活動,3,23,0.014529374605180037,0.9583333333333334,2.2508036597428287
場合別1=休憩時間,性別=男 | 発生場所1=学校内・校舎内（園内・園舎内）,3,118,0.07454200884396715,0.472,2.2505301204819275
性別=男 | 発生場所1=学校内・校舎内（園内・園舎内）,場合別1=休憩時間,3,118,0.07454200884396715,0.35542168674698793,2.2505301204819275
競技種目=野球（含軟式）,場合別1=課外指導 | 被災学年=2,3,152,0.09602021478205938,0.4318181818181818,2.2485795454545454
場合別1=課外指導 | 被災学年=2,競技種目=野球（含軟式）,3,152,0.09602021478205938,0.5,2.2485795454545454
場合別1=課外指導 | 給付年度=21,競技種目=野球（含軟式）,3,20,0.012634238787113077,0.5,2.2485795454545454
場合別2=体育的部活動 | 給付年度=21,競技種目=野球（含軟式）,3,20,0.012634238787113077,0.5,2.2485795454545454
発生場所1=学校内・校舎外（園内・園舎外） | 給付年度=2,競技種目=野球（含軟式）,3,16,0.01010739102969046,0.5,2.2485795454545454
発生場所2=学校外運動場・競技場,場合別1=課外指導,2,116,0.07327858496525584,0.9747899159663865,2.2461316404290974
発生場所1=学校外（園外） | 発生場所2=学校外運動場・競技場,場合別1=課外指導,3,116,0.07327858496525584,0.9747899159663865,2.2461316404290974
和暦=平成 | 場合別1=課外指導,競技種目=野球（含軟式）,3,285,0.18003790271636133,0.4991243432574431,2.24464157777424
競技種目=野球（含軟式）,和暦=平成 | 場合別1=課外指導,3,285,0.18003790271636133,0.8096590909090909,2.2446415777742397
場合別1=通学中,性別=女 | 被災学校種=高,3,62,0.03916614024005054,0.2366412213740458,2.2431320564976915
性別=女 | 被災学校種=高,場合別1=通学中,3,62,0.03916614024005054,0.3712574850299401,2.2431320564976915
場合別2=体育的部活動 | 性別=女,発生場所2=体育館・屋内運動場,3,34,0.02147820593809223,0.3469387755102041,2.2416493127863393
場合別1=休憩時間 | 被災学校種=高,発生場所1=学校内・校舎内（園内・園舎内）,3,26,0.016424510423247,0.6842105263157895,2.237820791648543
競技種目=野球（含軟式） | 被災学年=1,発生場所2=運動場・校庭（園庭）,3,109,0.06885660138976626,0.8014705882352942,2.2376154165369853
場合別1=休憩時間 | 被災学年=1,被災学校種=中,3,24,0.015161086544535692,0.5454545454545454,2.2369288742345734
発生場所2=学校外体育館 | 競技種目=バスケットボール,場合別2=体育的部活動,3,20,0.012634238787113077,0.9523809523809523,2.2368235127879044
競技種目=野球（含軟式） | 給付年度=21,場合別2=体育的部活動,3,20,0.012634238787113077,0.9523809523809523,2.2368235127879044
競技種目=野球（含軟式） | 給付年度=30,場合別2=体育的部活動,3,20,0.012634238787113077,0.9523809523809523,2.2368235127879044
性別=女 | 被災学年=1,場合別1=通学中,3,37,0.02337334175615919,0.37,2.2355343511450383
競技種目=野球（含軟式） | 被災学校種=中,場合別2=体育的部活動,3,39,0.024636765634870498,0.9512195121951219,2.234095679235724
競技種目=野球（含軟式） | 給付年度=18,発生場所2=運動場・校庭（園庭）,3,20,0.012634238787113077,0.8,2.233509700176367
被災学年=6,場合別1=休憩時間,2,19,0.012002526847757423,0.35185185185185186,2.227925925925926
場合別2=休憩時間中,発生場所1=学校内・校舎内（園内・園舎内）,2,64,0.04042956411876184,0.6808510638297872,2.2268331281870934
場合別1=休憩時間 | 場合別2=休憩時間中,発生場所1=学校内・校舎内（園内・園舎内）,3,64,0.04042956411876184,0.6808510638297872,2.2268331281870934
性別=女 | 競技種目=ソフトボール,発生場所1=学校内・校舎外（園内・園舎外）,3,22,0.013897662665824383,0.8461538461538461,2.225019166879632
発生場所1=学校内・校舎外（園内・園舎外） | 被災学校種=中,場合別2=体育（保健体育）,3,34,0.02147820593809223,0.2698412698412698,2.224785052910053
場合別2=授業終了後の特定時間中,和暦=平成 | 被災学校種=小,3,17,0.010739102969046115,0.30357142857142855,2.224785052910053
発生場所2=学校外運動場・競技場 | 被災学年=3,場合別1=課外指導,3,28,0.017687934301958308,0.9655172413793104,2.2247653465843498
場合別1=課外指導 | 給付年度=19,場合別2=体育的部活動,3,53,0.033480732785849655,0.9464285714285714,2.22284336583298
発生場所2=学校外体育館 | 被災学校種=高,場合別1=課外指導,3,27,0.017056222362602652,0.9642857142857143,2.221927635683094
和暦=令和 | 発生場所2=学校外運動場・競技場,場合別2=体育的部活動,3,17,0.010739102969046115,0.9444444444444444,2.218183316848005
発生場所1=学校内・校舎内（園内・園舎内）,場合別1=休憩時間 | 性別=男,3,118,0.07454200884396715,0.24380165289256198,2.218034577752446
場合別1=休憩時間 | 性別=男,発生場所1=学校内・校舎内（園内・園舎内）,3,118,0.07454200884396715,0.6781609195402298,2.218034577752446
発生場所2=学校外体育館,和暦=平成 | 場合別1=課外指導,3,32,0.02021478205938092,0.8,2.217863397548161
和暦=令和 | 競技種目=野球（含軟式）,発生場所2=運動場・校庭（園庭）,3,50,0.03158559696778269,0.7936507936507936,2.2157834327146495
競技種目=野球（含軟式） | 給付年度=18,場合別1=課外指導,3,24,0.015161086544535692,0.96,2.2120524017467247
場合別1=休憩時間 | 被災学年=3,発生場所1=学校内・校舎内（園内・園舎内）,3,48,0.030322173089071383,0.676056338028169,2.2111512047491564
発生場所1=学校外（園外） | 競技種目=バスケットボール,場合別1=課外指導,3,23,0.014529374605180037,0.9583333333333334,2.2082120329936923
発生場所1=学校内・校舎内（園内・園舎内） | 被災学年=3,場合別2=体育（保健体育）,3,38,0.024005053695514846,0.2676056338028169,2.206352699530516
発生場所2=学校外運動場・競技場 | 被災学年=1,場合別2=体育的部活動,3,31,0.01958307012002527,0.9393939393939394,2.2063213739771603
場合別2=体育的部活動 | 給付年度=19,競技種目=野球（含軟式）,3,26,0.016424510423247,0.49056603773584906,2.206153516295026
性別=女 | 被災学年=1,発生場所2=道路,3,38,0.024005053695514846,0.38,2.2034432234432235
場合別2=体育的部活動 | 給付年度=18,競技種目=野球（含軟式）,3,24,0.015161086544535692,0.4897959183673469,2.202690166975881
場合別2=昼食時休憩時間中 | 性別=男,発生場所1=学校内・校舎内（園内・園舎内）,3,39,0.024636765634870498,0.6724137931034483,2.1992376745511546
場合別2=昼食時休憩時間中,発生場所1=学校内・校舎内（園内・園舎内）,2,51,0.032217308907138344,0.6710526315789473,2.1947857764245327
場合別1=休憩時間 | 場合別2=昼食時休憩時間中,発生場所1=学校内・校舎内（園内・園舎内）,3,51,0.032217308907138344,0.6710526315789473,2.1947857764245327
発生場所2=学校外体育館 | 競技種目=バスケットボール,場合別1=課外指導,3,20,0.012634238787113077,0.9523809523809523,2.1944964303042904
競技種目=野球（含軟式） | 給付年度=21,場合別1=課外指導,3,20,0.012634238787113077,0.9523809523809523,2.1944964303042904
競技種目=野球（含軟式） | 給付年度=30,場合別1=課外指導,3,20,0.012634238787113077,0.9523809523809523,2.1944964303042904
競技種目=サッカー・フットサル,発生場所1=学校内・校舎外（園内・園舎外） | 被災学校種=高,3,40,0.025268477574226154,0.5194805194805194,2.1929004329004327
競技種目=野球（含軟式） | 被災学校種=中,場合別1=課外指導,3,39,0.024636765634870498,0.9512195121951219,2.1918202151453827
競技種目=ソフトボール,発生場所2=運動場・校庭（園庭） | 被災学年=2,3,20,0.012634238787113077,0.26666666666666666,2.1872193436960274
競技種目=サッカー・フットサル | 被災学年=2,場合別2=体育的部活動,3,27,0.017056222362602652,0.9310344827586207,2.186687813363348
場合別1=課外指導 | 給付年度=29,場合別2=体育的部活動,3,27,0.017056222362602652,0.9310344827586207,2.186687813363348
場合別2=昼食時休憩時間中 | 被災学年=3,発生場所1=学校内・校舎内（園内・園舎内）,3,18,0.011370814908401769,0.6666666666666666,2.180440771349862
場合別2=始業前の特定時間中,発生場所1=学校内・校舎内（園内・園舎内）,2,16,0.01010739102969046,0.6666666666666666,2.180440771349862
場合別1=休憩時間 | 場合別2=始業前の特定時間中,発生場所1=学校内・校舎内（園内・園舎内）,3,16,0.01010739102969046,0.6666666666666666,2.180440771349862
給付年度=29,和暦=平成 | 場合別2=体育（保健体育）,3,16,0.01010739102969046,0.21052631578947367,2.178190574475404
和暦=令和 | 発生場所2=学校外運動場・競技場,場合別1=課外指導,3,17,0.010739102969046115,0.9444444444444444,2.1762089600517545
場合別2=昼食時休憩時間中,性別=男 | 被災学校種=中,3,29,0.01831964624131396,0.3815789473684211,2.1728038621734194
発生場所2=学校外体育館,場合別2=体育的部活動,2,37,0.02337334175615919,0.925,2.1725148367952523
発生場所2=学校外体育館,場合別1=課外指導 | 場合別2=体育的部活動,3,37,0.02337334175615919,0.925,2.1725148367952523
発生場所1=学校外（園外） | 発生場所2=学校外体育館,場合別2=体育的部活動,3,37,0.02337334175615919,0.925,2.1725148367952523
発生場所2=教室（保育室）,発生場所1=学校内・校舎内（園内・園舎内） | 被災学年=2,3,18,0.011370814908401769,0.2222222222222222,2.1714677640603566
場合別2=昼食時休憩時間中 | 発生場所1=学校内・校舎内（園内・園舎内）,被災学校種=中,3,27,0.017056222362602652,0.5294117647058824,2.171136848521792
場合別2=昼食時休憩時間中,和暦=平成 | 発生場所1=学校内・校舎内（園内・園舎内）,3,42,0.026531901452937462,0.5526315789473685,2.1707587828131123
場合別2=休憩時間中,発生場所1=学校内・校舎内（園内・園舎内） | 被災学校種=中,3,21,0.013265950726468731,0.22340425531914893,2.169625375277379
発生場所2=学校外運動場・競技場 | 被災学年=1,場合別1=課外指導,3,31,0.01958307012002527,0.9393939393939394,2.1645714789819595
競技種目=サッカー・フットサル,発生場所2=運動場・校庭（園庭） | 被災学校種=高,3,38,0.024005053695514846,0.4935064935064935,2.1640464798359536
性別=男 | 発生場所2=学校外体育館,場合別2=体育的部活動,3,23,0.014529374605180037,0.92,2.1607715133531156
被災学年=3 | 被災学校種=中,場合別2=体育（保健体育）,3,33,0.020846493998736577,0.2619047619047619,2.1593501984126986
場合別1=課外指導 | 給付年度=18,競技種目=野球（含軟式）,3,24,0.015161086544535692,0.48,2.1586363636363637
場合別1=休憩時間 | 被災学年=1,発生場所1=学校内・校舎内（園内・園舎内）,3,29,0.01831964624131396,0.6590909090909091,2.155663035311796
場合別1=課外指導 | 性別=女,発生場所2=体育館・屋内運動場,3,34,0.02147820593809223,0.3333333333333333,2.1537414965986392
発生場所2=運動場・校庭（園庭） | 被災学年=3,場合別2=体育（保健体育）,3,35,0.022109917877447885,0.26119402985074625,2.1534903606965172
競技種目=野球（含軟式） | 被災学年=3,発生場所2=運動場・校庭（園庭）,3,47,0.02969046114971573,0.7704918032786885,2.1511261456616646
競技種目=野球（含軟式） | 給付年度=19,発生場所2=運動場・校庭（園庭）,3,20,0.012634238787113077,0.7692307692307693,2.1476054809388145
和暦=平成 | 発生場所2=学校外体育館,場合別2=体育的部活動,3,32,0.02021478205938092,0.9142857142857143,2.147350572276388
競技種目=サッカー・フットサル | 被災学年=2,場合別1=課外指導,3,27,0.017056222362602652,0.9310344827586207,2.145309441349194
競技種目=サッカー・フットサル,場合別2=体育的部活動 | 性別=男,3,60,0.03790271636133923,0.7792207792207793,2.141504329004329
発生場所1=学校内・校舎外（園内・園舎外） | 給付年度=18,競技種目=野球（含軟式）,3,20,0.012634238787113077,0.47619047619047616,2.141504329004329
発生場所2=運動場・校庭（園庭） | 給付年度=18,競技種目=野球（含軟式）,3,20,0.012634238787113077,0.47619047619047616,2.141504329004329
発生場所1=学校内・校舎内（園内・園舎内） | 被災学年=3,場合別1=休憩時間,3,48,0.030322173089071383,0.3380281690140845,2.140394366197183
競技種目=ソフトボール,性別=男 | 発生場所2=運動場・校庭（園庭）,3,48,0.030322173089071383,0.64,2.137383966244726
発生場所2=学校外体育館,場合別1=課外指導,2,37,0.02337334175615919,0.925,2.131404657933042
発生場所1=学校外（園外） | 発生場所2=学校外体育館,場合別1=課外指導,3,37,0.02337334175615919,0.925,2.131404657933042
競技種目=サッカー・フットサル,発生場所2=運動場・校庭（園庭） | 被災学年=2,3,20,0.012634238787113077,0.2597402597402597,2.1304084516519746
競技種目=野球（含軟式） | 被災学年=1,発生場所1=学校内・校舎外（園内・園舎外）,3,110,0.06948831332912192,0.8088235294117647,2.126856556576119
場合別2=昼食時休憩時間中,被災学校種=小,2,25,0.015792798483891344,0.32894736842105265,2.125402792696026
場合別1=休憩時間 | 場合別2=昼食時休憩時間中,被災学校種=小,3,25,0.015792798483891344,0.32894736842105265,2.125402792696026
競技種目=サッカー・フットサル,性別=男 | 発生場所2=運動場・校庭（園庭）,3,49,0.03095388502842704,0.6363636363636364,2.12523973916379
競技種目=バレーボール | 被災学年=2,場合別2=体育的部活動,3,19,0.012002526847757423,0.9047619047619048,2.1249823371485093
場合別1=課外指導 | 給付年度=5,場合別2=体育的部活動,3,19,0.012002526847757423,0.9047619047619048,2.1249823371485093
発生場所1=学校内・校舎内（園内・園舎内）,和暦=平成 | 場合別1=休憩時間,3,135,0.08528111181301326,0.27892561983471076,2.1227848855689766
和暦=平成 | 場合別1=休憩時間,発生場所1=学校内・校舎内（園内・園舎内）,3,135,0.08528111181301326,0.6490384615384616,2.1227848855689766
和暦=令和 | 発生場所1=学校内・校舎外（園内・園舎外）,競技種目=野球（含軟式）,3,50,0.03158559696778269,0.4716981132075472,2.1213014579759863
場合別1=休憩時間,和暦=平成 | 発生場所1=学校内・校舎内（園内・園舎内）,3,135,0.08528111181301326,0.54,2.1211414392059553
和暦=平成 | 発生場所1=学校内・校舎内（園内・園舎内）,場合別1=休憩時間,3,135,0.08528111181301326,0.3349875930521092,2.1211414392059553
性別=男 | 発生場所2=学校外体育館,場合別1=課外指導,3,23,0.014529374605180037,0.92,2.1198835516739445
場合別2=昼食時休憩時間中 | 性別=男,被災学校種=小,3,19,0.012002526847757423,0.3275862068965517,2.1166080225193524
場合別1=休憩時間 | 被災学年=2,被災学校種=中,3,34,0.02147820593809223,0.5151515151515151,2.1126550478882082
場合別2=体育的部活動 | 給付年度=27,競技種目=野球（含軟式）,3,23,0.014529374605180037,0.46938775510204084,2.110911410018553
和暦=平成 | 被災学年=6,場合別1=休憩時間,3,17,0.010739102969046115,0.3333333333333333,2.1106666666666665
被災学年=6 | 被災学校種=小,場合別1=休憩時間,3,17,0.010739102969046115,0.3333333333333333,2.1106666666666665
競技種目=サッカー・フットサル,場合別1=課外指導 | 性別=男,3,60,0.03790271636133923,0.7792207792207793,2.1085581085581087
和暦=平成 | 発生場所2=学校外体育館,場合別1=課外指導,3,32,0.02021478205938092,0.9142857142857143,2.1067165730921187
場合別1=各教科等 | 被災学校種=中,被災学年=3,3,37,0.02337334175615919,0.5362318840579711,2.1063401301830478
発生場所1=学校内・校舎内（園内・園舎内）,場合別1=休憩時間,2,161,0.10170562223626027,0.33264462809917356,2.106305785123967
場合別1=休憩時間,発生場所1=学校内・校舎内（園内・園舎内）,2,161,0.10170562223626027,0.644,2.106305785123967
競技種目=サッカー・フットサル,発生場所1=学校内・校舎外（園内・園舎外） | 被災学年=2,3,21,0.013265950726468731,0.2727272727272727,2.1059866962305986
競技種目=野球（含軟式） | 給付年度=18,発生場所1=学校内・校舎外（園内・園舎外）,3,20,0.012634238787113077,0.8,2.103654485049834
競技種目=サッカー・フットサル,性別=男 | 発生場所1=学校内・校舎外（園内・園舎外）,3,51,0.032217308907138344,0.6623376623376623,2.101163365692424
発生場所2=運動場・校庭（園庭）,競技種目=野球（含軟式） | 被災学校種=高,3,229,0.14466203411244472,0.4038800705467372,2.0962037759851966
競技種目=野球（含軟式） | 被災学校種=高,発生場所2=運動場・校庭（園庭）,3,229,0.14466203411244472,0.7508196721311475,2.0962037759851966
被災学年=6,性別=女,2,28,0.017687934301958308,0.5185185185185185,2.0939153439153437
場合別2=体育的部活動 | 被災学年=3,競技種目=野球（含軟式）,3,60,0.03790271636133923,0.46511627906976744,2.0917019027484143
競技種目=サッカー・フットサル,場合別2=体育的部活動 | 発生場所1=学校内・校舎外（園内・園舎外）,3,37,0.02337334175615919,0.4805194805194805,2.089731696874554
発生場所1=学校内・校舎外（園内・園舎外） | 被災学年=3,場合別2=体育（保健体育）,3,37,0.02337334175615919,0.2534246575342466,2.0894335045662102
場合別1=課外指導 | 給付年度=19,競技種目=野球（含軟式）,3,26,0.016424510423247,0.4642857142857143,2.087966720779221
性別=女 | 競技種目=バレーボール,場合別2=体育的部活動,3,24,0.015161086544535692,0.8888888888888888,2.0877019452687104
和暦=令和 | 競技種目=野球（含軟式）,発生場所1=学校内・校舎外（園内・園舎外）,3,50,0.03158559696778269,0.7936507936507936,2.086958814533565
競技種目=バレーボール | 被災学年=2,場合別1=課外指導,3,19,0.012002526847757423,0.9047619047619048,2.084771608789076
給付年度=25 | 被災学校種=高,競技種目=野球（含軟式）,3,19,0.012002526847757423,0.4634146341463415,2.0840493348115303
性別=女 | 被災学校種=高,発生場所2=道路,3,60,0.03790271636133923,0.3592814371257485,2.0833059156412452
発生場所2=道路,性別=女 | 被災学校種=高,3,60,0.03790271636133923,0.21978021978021978,2.083305915641245
給付年度=29,和暦=平成 | 場合別1=各教科等,3,19,0.012002526847757423,0.25,2.0828947368421056
和暦=平成 | 場合別2=昼食時休憩時間中,発生場所1=学校内・校舎内（園内・園舎内）,3,42,0.026531901452937462,0.6363636363636364,2.081329827197596
発生場所2=運動場・校庭（園庭）,競技種目=野球（含軟式）,2,262,0.1655085281111813,0.4620811287477954,2.078052348885682
競技種目=野球（含軟式）,発生場所2=運動場・校庭（園庭）,2,262,0.1655085281111813,0.7443181818181818,2.078052348885682
場合別1=課外指導 | 給付年度=23,競技種目=野球（含軟式）,3,18,0.011370814908401769,0.46153846153846156,2.0756118881118883
場合別2=体育的部活動 | 給付年度=23,競技種目=野球（含軟式）,3,18,0.011370814908401769,0.46153846153846156,2.0756118881118883
競技種目=野球（含軟式）,発生場所1=学校内・校舎外（園内・園舎外） | 発生場所2=運動場・校庭（園庭）,3,261,0.16487681617182565,0.7414772727272727,2.073778308705429
発生場所1=学校内・校舎外（園内・園舎外） | 発生場所2=運動場・校庭（園庭）,競技種目=野球（含軟式）,3,261,0.16487681617182565,0.46113074204946997,2.073778308705429
競技種目=サッカー・フットサル,場合別1=課外指導 | 発生場所1=学校内・校舎外（園内・園舎外）,3,37,0.02337334175615919,0.4805194805194805,2.0726494214232636
発生場所2=運動場・校庭（園庭）,場合別1=課外指導 | 競技種目=野球（含軟式）,3,258,0.16298168035375868,0.455026455026455,2.0698473514565467
場合別1=課外指導 | 競技種目=野球（含軟式）,発生場所2=運動場・校庭（園庭）,3,258,0.16298168035375868,0.7413793103448276,2.0698473514565467
発生場所2=運動場・校庭（園庭）,場合別2=体育的部活動 | 競技種目=野球（含軟式）,3,258,0.16298168035375868,0.455026455026455,2.0698473514565467
場合別2=体育的部活動 | 競技種目=野球（含軟式）,発生場所2=運動場・校庭（園庭）,3,258,0.16298168035375868,0.7413793103448276,2.0698473514565467
場合別1=課外指導 | 給付年度=27,競技種目=野球（含軟式）,3,23,0.014529374605180037,0.46,2.068693181818182
発生場所2=運動場・校庭（園庭）,性別=男 | 競技種目=野球（含軟式）,3,257,0.16234996841440302,0.4532627865961199,2.0677665451920975
性別=男 | 競技種目=野球（含軟式）,発生場所2=運動場・校庭（園庭）,3,257,0.16234996841440302,0.7406340057636888,2.0677665451920975
和暦=令和 | 被災学校種=中,場合別2=体育（保健体育）,3,18,0.011370814908401769,0.25,2.0611979166666665
場合別1=課外指導 | 被災学年=3,競技種目=野球（含軟式）,3,60,0.03790271636133923,0.4580152671755725,2.059767522553782
競技種目=ソフトボール,発生場所1=学校内・校舎外（園内・園舎外） | 被災学年=2,3,20,0.012634238787113077,0.26666666666666666,2.0591869918699186
和暦=平成 | 被災学年=6,性別=女,3,26,0.016424510423247,0.5098039215686274,2.058723489395758
競技種目=バスケットボール | 被災学年=2,場合別2=体育的部活動,3,35,0.022109917877447885,0.875,2.055081602373887
場合別2=昼食時休憩時間中 | 性別=男,被災学校種=中,3,29,0.01831964624131396,0.5,2.050518134715026
性別=女 | 競技種目=バレーボール,場合別1=課外指導,3,24,0.015161086544535692,0.8888888888888888,2.0481966682840045
発生場所2=運動場・校庭（園庭）,和暦=平成 | 競技種目=野球（含軟式）,3,212,0.13392293114339862,0.37389770723104054,2.048027925767257
和暦=平成 | 競技種目=野球（含軟式）,発生場所2=運動場・校庭（園庭）,3,212,0.13392293114339862,0.7335640138408305,2.048027925767257
発生場所2=運動場・校庭（園庭） | 給付年度=19,競技種目=野球（含軟式）,3,20,0.012634238787113077,0.45454545454545453,2.044163223140496
発生場所2=体育館・屋内運動場 | 被災学校種=高,場合別1=各教科等,3,43,0.027163613392293114,0.3006993006993007,2.0429484678411716
競技種目=野球（含軟式） | 給付年度=20,発生場所2=運動場・校庭（園庭）,3,19,0.012002526847757423,0.7307692307692307,2.0402252068918734
競技種目=野球（含軟式）,和暦=平成 | 発生場所2=運動場・校庭（園庭）,3,212,0.13392293114339862,0.6022727272727273,2.037174630924631
和暦=平成 | 発生場所2=運動場・校庭（園庭）,競技種目=野球（含軟式）,3,212,0.13392293114339862,0.452991452991453,2.037174630924631
和暦=令和 | 発生場所1=学校内・校舎内（園内・園舎内）,場合別2=体育（保健体育）,3,20,0.012634238787113077,0.24691358024691357,2.035751028806584
競技種目=サッカー・フットサル,場合別1=課外指導 | 発生場所2=運動場・校庭（園庭）,3,35,0.022109917877447885,0.45454545454545453,2.03261427837699
競技種目=サッカー・フットサル,場合別2=体育的部活動 | 発生場所2=運動場・校庭（園庭）,3,35,0.022109917877447885,0.45454545454545453,2.03261427837699
和暦=令和 | 発生場所1=学校内・校舎内（園内・園舎内）,場合別1=休憩時間,3,26,0.016424510423247,0.32098765432098764,2.0324938271604935
競技種目=野球（含軟式） | 給付年度=22,発生場所2=運動場・校庭（園庭）,3,16,0.01010739102969046,0.7272727272727273,2.0304633637966973
競技種目=ソフトボール,性別=男 | 発生場所1=学校内・校舎外（園内・園舎外）,3,48,0.030322173089071383,0.64,2.030300601202405
場合別1=課外指導 | 発生場所2=その他,場合別2=体育的部活動,3,19,0.012002526847757423,0.8636363636363636,2.028392230914486
競技種目=野球（含軟式） | 被災学年=3,発生場所1=学校内・校舎外（園内・園舎外）,3,47,0.02969046114971573,0.7704918032786885,2.0260606720766843
場合別2=体育（保健体育） | 被災学校種=中,被災学年=3,3,33,0.020846493998736577,0.515625,2.02539547146402
和暦=令和 | 場合別1=休憩時間,発生場所1=学校内・校舎内（園内・園舎内）,3,26,0.016424510423247,0.6190476190476191,2.0246950019677294
競技種目=野球（含軟式） | 給付年度=19,発生場所1=学校内・校舎外（園内・園舎外）,3,20,0.012634238787113077,0.7692307692307693,2.022744697163302
発生場所2=学校外運動場・競技場,被災学年=2 | 被災学校種=高,3,53,0.033480732785849655,0.44537815126050423,2.02015362018733
競技種目=バスケットボール | 被災学年=2,場合別1=課外指導,3,35,0.022109917877447885,0.875,2.0161935953420667
場合別2=体育的部活動 | 発生場所1=学校外（園外）,競技種目=野球（含軟式）,3,78,0.049273531269740996,0.4482758620689655,2.0159678683385582
競技種目=野球（含軟式）,場合別2=体育的部活動 | 発生場所1=学校外（園外）,3,78,0.049273531269740996,0.2215909090909091,2.015967868338558
発生場所2=体育館・屋内運動場 | 競技種目=バスケットボール,場合別2=体育（保健体育）,3,20,0.012634238787113077,0.24390243902439024,2.0109247967479673
和暦=令和 | 被災学年=3,場合別2=体育（保健体育）,3,16,0.01010739102969046,0.24242424242424243,1.998737373737374
発生場所1=学校内・校舎外（園内・園舎外） | 給付年度=22,競技種目=野球（含軟式）,3,16,0.01010739102969046,0.4444444444444444,1.9987373737373737
発生場所2=運動場・校庭（園庭） | 給付年度=22,競技種目=野球（含軟式）,3,16,0.01010739102969046,0.4444444444444444,1.9987373737373737
発生場所2=学校外体育館,場合別2=体育的部活動 | 被災学校種=高,3,27,0.017056222362602652,0.675,1.9972429906542057
被災学年=3 | 被災学校種=中,場合別1=各教科等,3,37,0.02337334175615919,0.29365079365079366,1.9950609714558214
和暦=平成 | 競技種目=バレーボール,場合別2=体育的部活動,3,28,0.017687934301958308,0.8484848484848485,1.9928064023019512
競技種目=バスケットボール | 被災学校種=中,場合別2=体育的部活動,3,28,0.017687934301958308,0.8484848484848485,1.9928064023019512
場合別1=各教科等 | 性別=女,発生場所1=学校内・校舎内（園内・園舎内）,3,43,0.027163613392293114,0.6056338028169014,1.9808229542544524
場合別2=体育（保健体育）,発生場所1=学校内・校舎内（園内・園舎内） | 被災学校種=高,3,43,0.027163613392293114,0.22395833333333334,1.980592411545624
発生場所1=学校内・校舎内（園内・園舎内） | 被災学校種=高,場合別2=体育（保健体育）,3,43,0.027163613392293114,0.24022346368715083,1.980592411545624
被災学年=6 | 被災学校種=小,性別=女,3,25,0.015792798483891344,0.49019607843137253,1.9795418167266905
競技種目=サッカー・フットサル | 被災学年=1,発生場所2=運動場・校庭（園庭）,3,17,0.010739102969046115,0.7083333333333334,1.977586713697825
発生場所2=学校外体育館,場合別1=課外指導 | 被災学校種=高,3,27,0.017056222362602652,0.675,1.9750924214417747
性別=女 | 発生場所2=運動場・校庭（園庭）,場合別1=休憩時間,3,29,0.01831964624131396,0.3118279569892473,1.974494623655914
競技種目=ソフトボール,被災学校種=中,2,36,0.022741629816803537,0.48,1.9684974093264247
性別=女 | 発生場所1=学校内・校舎外（園内・園舎外）,場合別1=休憩時間,3,32,0.02021478205938092,0.3106796116504854,1.9672233009708735
競技種目=野球（含軟式） | 被災学校種=高,発生場所1=学校内・校舎外（園内・園舎外）,3,228,0.14403032217308906,0.7475409836065574,1.9657099286531237
発生場所1=学校内・校舎外（園内・園舎外）,競技種目=野球（含軟式） | 被災学校種=高,3,228,0.14403032217308906,0.3787375415282392,1.9657099286531234
競技種目=バスケットボール,和暦=平成 | 場合別2=体育的部活動,3,78,0.049273531269740996,0.6964285714285714,1.9651451489686784
競技種目=野球（含軟式）,発生場所1=学校内・校舎外（園内・園舎外）,2,263,0.16614024005053696,0.7471590909090909,1.964705715795832
発生場所1=学校内・校舎外（園内・園舎外）,競技種目=野球（含軟式）,2,263,0.16614024005053696,0.4368770764119601,1.964705715795832
発生場所1=学校内・校舎内（園内・園舎内） | 競技種目=バスケットボール,場合別2=体育（保健体育）,3,20,0.012634238787113077,0.23809523809523808,1.9630456349206349
発生場所2=運動場・校庭（園庭） | 給付年度=17,競技種目=野球（含軟式）,3,17,0.010739102969046115,0.4358974358974359,1.9603001165501166
給付年度=30 | 被災学校種=高,競技種目=野球（含軟式）,3,17,0.010739102969046115,0.4358974358974359,1.9603001165501166
競技種目=野球（含軟式）,場合別1=課外指導 | 発生場所1=学校外（園外）,3,78,0.049273531269740996,0.2215909090909091,1.9596559167089893
場合別1=課外指導 | 発生場所1=学校外（園外）,競技種目=野球（含軟式）,3,78,0.049273531269740996,0.43575418994413406,1.9596559167089893
競技種目=サッカー・フットサル | 被災学年=1,場合別2=体育的部活動,3,20,0.012634238787113077,0.8333333333333334,1.9572205736894164
場合別1=課外指導 | 競技種目=野球（含軟式）,発生場所1=学校内・校舎外（園内・園舎外）,3,259,0.16361339229311433,0.7442528735632183,1.9570636193531141
場合別2=体育的部活動 | 競技種目=野球（含軟式）,発生場所1=学校内・校舎外（園内・園舎外）,3,259,0.16361339229311433,0.7442528735632183,1.9570636193531141
発生場所1=学校内・校舎外（園内・園舎外）,場合別1=課外指導 | 競技種目=野球（含軟式）,3,259,0.16361339229311433,0.43023255813953487,1.957063619353114
発生場所1=学校内・校舎外（園内・園舎外）,場合別2=体育的部活動 | 競技種目=野球（含軟式）,3,259,0.16361339229311433,0.43023255813953487,1.957063619353114
競技種目=ホッケー,和暦=平成 | 被災学校種=高,3,18,0.011370814908401769,0.9,1.9570054945054944
性別=男 | 競技種目=野球（含軟式）,発生場所1=学校内・校舎外（園内・園舎外）,3,258,0.16298168035375868,0.7435158501440923,1.955125566076575
発生場所1=学校内・校舎外（園内・園舎外）,性別=男 | 競技種目=野球（含軟式）,3,258,0.16298168035375868,0.42857142857142855,1.9551255660765745
和暦=平成 | 競技種目=バレーボール,場合別1=課外指導,3,28,0.017687934301958308,0.8484848484848485,1.9550968197256406
競技種目=バスケットボール | 被災学校種=中,場合別1=課外指導,3,28,0.017687934301958308,0.8484848484848485,1.9550968197256406
給付年度=20 | 被災学校種=高,通学方法=自転車,3,18,0.011370814908401769,0.26865671641791045,1.9508421196768453
発生場所2=運動場・校庭（園庭） | 被災学校種=中,場合別1=各教科等,3,33,0.020846493998736577,0.28695652173913044,1.949580145549543
競技種目=バスケットボール | 被災学年=1,場合別2=体育的部活動,3,29,0.01831964624131396,0.8285714285714286,1.9460364561254768
場合別1=各教科等 | 競技種目=ソフトボール,被災学校種=中,3,27,0.017056222362602652,0.47368421052631576,1.9425961276247612
場合別2=体育（保健体育） | 競技種目=ソフトボール,被災学校種=中,3,27,0.017056222362602652,0.47368421052631576,1.9425961276247612
発生場所1=学校内・校舎外（園内・園舎外）,和暦=平成 | 競技種目=野球（含軟式）,3,213,0.13455464308275428,0.3538205980066445,1.938055386313212
和暦=平成 | 競技種目=野球（含軟式）,発生場所1=学校内・校舎外（園内・園舎外）,3,213,0.13455464308275428,0.7370242214532872,1.938055386313212
発生場所1=学校内・校舎外（園内・園舎外） | 競技種目=ソフトボール,被災学校種=中,3,33,0.020846493998736577,0.4714285714285714,1.9333456698741673
発生場所2=運動場・校庭（園庭） | 競技種目=ソフトボール,被災学校種=中,3,33,0.020846493998736577,0.4714285714285714,1.9333456698741673
和暦=平成 | 発生場所1=学校内・校舎外（園内・園舎外）,競技種目=野球（含軟式）,3,213,0.13455464308275428,0.42943548387096775,1.931239690249267
競技種目=野球（含軟式）,和暦=平成 | 発生場所1=学校内・校舎外（園内・園舎外）,3,213,0.13455464308275428,0.6051136363636364,1.9312396902492668
競技種目=バスケットボール,和暦=平成 | 場合別1=課外指導,3,78,0.049273531269740996,0.6964285714285714,1.9307292969727294
場合別1=休憩時間 | 発生場所2=教室（保育室）,被災学校種=中,3,24,0.015161086544535692,0.47058823529411764,1.9298994209082596
競技種目=ソフトボール,発生場所2=運動場・校庭（園庭） | 被災学校種=高,3,33,0.020846493998736577,0.44,1.9294182825484765
発生場所2=運動場・校庭（園庭） | 給付年度=2,場合別2=体育的部活動,3,23,0.014529374605180037,0.8214285714285714,1.9292602797795675
競技種目=サッカー・フットサル | 被災学年=2,発生場所2=運動場・校庭（園庭）,3,20,0.012634238787113077,0.6896551724137931,1.9254393967037646
競技種目=野球（含軟式） | 被災学校種=中,発生場所1=学校内・校舎外（園内・園舎外）,3,30,0.018951358180669616,0.7317073170731707,1.9240742241309456
性別=女 | 発生場所1=学校内・校舎内（園内・園舎内）,場合別1=各教科等,3,43,0.027163613392293114,0.28289473684210525,1.92198441382426
競技種目=野球（含軟式） | 給付年度=20,発生場所1=学校内・校舎外（園内・園舎外）,3,19,0.012002526847757423,0.7307692307692307,1.9216074623051367
競技種目=サッカー・フットサル | 被災学年=1,場合別1=課外指導,3,20,0.012634238787113077,0.8333333333333334,1.9201843765162543
発生場所2=運動場・校庭（園庭） | 給付年度=27,競技種目=野球（含軟式）,3,20,0.012634238787113077,0.425531914893617,1.9136847195357836
場合別2=休憩時間中 | 被災学校種=小,発生場所1=学校内・校舎内（園内・園舎内）,3,31,0.01958307012002527,0.5849056603773585,1.9130282239201624
場合別2=体育的部活動,発生場所2=運動場・校庭（園庭） | 被災学校種=高,3,294,0.18572331017056223,0.4362017804154303,1.9127629318493797
発生場所2=運動場・校庭（園庭） | 被災学校種=高,場合別2=体育的部活動,3,294,0.18572331017056223,0.814404432132964,1.9127629318493797
競技種目=野球（含軟式） | 給付年度=22,発生場所1=学校内・校舎外（園内・園舎外）,3,16,0.01010739102969046,0.7272727272727273,1.9124131682271217
競技種目=バレーボール,場合別2=体育的部活動,2,35,0.022109917877447885,0.813953488372093,1.9117038161617554
競技種目=バレーボール,場合別1=課外指導 | 場合別2=体育的部活動,3,35,0.022109917877447885,0.813953488372093,1.9117038161617554
発生場所1=学校内・校舎外（園内・園舎外） | 給付年度=17,競技種目=野球（含軟式）,3,17,0.010739102969046115,0.425,1.9112926136363637
場合別1=休憩時間 | 被災学年=3,被災学校種=小,3,21,0.013265950726468731,0.29577464788732394,1.911066398390342
競技種目=バスケットボール | 被災学年=1,場合別1=課外指導,3,29,0.01831964624131396,0.8285714285714286,1.9092118943647327
発生場所1=学校内・校舎外（園内・園舎外） | 被災学年=3,場合別1=各教科等,3,41,0.025900189513581806,0.2808219178082192,1.9079016991004762
和暦=平成 | 競技種目=サッカー・フットサル,発生場所2=運動場・校庭（園庭）,3,41,0.025900189513581806,0.6833333333333333,1.9077895355673133
競技種目=野球（含軟式） | 被災学校種=中,発生場所2=運動場・校庭（園庭）,3,28,0.017687934301958308,0.6829268292682927,1.9066546221017766
和暦=平成 | 場合別2=登校（登園）中,性別=女,3,42,0.026531901452937462,0.47191011235955055,1.9056982343499196
競技種目=サッカー・フットサル | 被災学年=2,発生場所1=学校内・校舎外（園内・園舎外）,3,21,0.013265950726468731,0.7241379310344828,1.9041700080192463
競技種目=サッカー・フットサル,発生場所2=運動場・校庭（園庭） | 被災学年=1,3,17,0.010739102969046115,0.22077922077922077,1.89942123094297
被災学年=5,和暦=平成 | 発生場所1=学校内・校舎内（園内・園舎内）,3,28,0.017687934301958308,0.4827586206896552,1.8962950286643279
性別=女 | 発生場所2=廊下,被災学校種=中,3,18,0.011370814908401769,0.46153846153846156,1.8927859705061778
和暦=令和 | 場合別2=体育（保健体育）,被災学校種=中,3,18,0.011370814908401769,0.46153846153846156,1.8927859705061778
発生場所2=運動場・校庭（園庭） | 給付年度=2,場合別1=課外指導,3,23,0.014529374605180037,0.8214285714285714,1.8927531711374503
競技種目=野球（含軟式） | 被災学年=2,発生場所2=運動場・校庭（園庭）,3,103,0.06506632975363234,0.6776315789473685,1.8918708809059688
被災学年=5,性別=男 | 発生場所1=学校内・校舎内（園内・園舎内）,3,23,0.014529374605180037,0.39655172413793105,1.8907872870793518
場合別2=体育的部活動 | 給付年度=2,発生場所2=運動場・校庭（園庭）,3,23,0.014529374605180037,0.6764705882352942,1.888629525884428
発生場所2=学校外運動場・競技場,性別=男 | 被災学校種=高,3,102,0.06443461781427669,0.8571428571428571,1.8871448440294059
場合別2=体育（保健体育） | 性別=女,発生場所1=学校内・校舎内（園内・園舎内）,3,30,0.018951358180669616,0.5769230769230769,1.8869198982835347
競技種目=サッカー・フットサル | 被災学校種=高,場合別2=体育的部活動,3,49,0.03095388502842704,0.8032786885245902,1.8866322907038964
和暦=平成 | 競技種目=サッカー・フットサル,発生場所1=学校内・校舎外（園内・園舎外）,3,43,0.027163613392293114,0.7166666666666667,1.8845238095238095
給付年度=22,和暦=平成 | 被災学校種=小,3,27,0.017056222362602652,0.2571428571428571,1.8845238095238095
競技種目=サッカー・フットサル,場合別2=体育的部活動 | 被災学校種=高,3,49,0.03095388502842704,0.6363636363636364,1.8829226847918437
性別=男 | 被災学校種=高,競技種目=野球（含軟式）,3,301,0.1901452937460518,0.41863699582753827,1.882677171576685
競技種目=野球（含軟式）,性別=男 | 被災学校種=高,3,301,0.1901452937460518,0.8551136363636364,1.8826771715766848
性別=女 | 発生場所1=学校内・校舎外（園内・園舎外）,被災学校種=小,3,30,0.018951358180669616,0.2912621359223301,1.8819100455716267
性別=男 | 競技種目=サッカー・フットサル,場合別2=体育的部活動,3,60,0.03790271636133923,0.8,1.8789317507418397
性別=女 | 競技種目=バスケットボール,場合別2=体育的部活動,3,20,0.012634238787113077,0.8,1.8789317507418397
発生場所1=学校内・校舎外（園内・園舎外） | 給付年度=30,場合別2=体育的部活動,3,16,0.01010739102969046,0.8,1.8789317507418397
発生場所2=運動場・校庭（園庭） | 給付年度=30,場合別2=体育的部活動,3,16,0.01010739102969046,0.8,1.8789317507418397
場合別1=課外指導 | 給付年度=2,発生場所1=学校内・校舎外（園内・園舎外）,3,25,0.015792798483891344,0.7142857142857143,1.878262933080209
場合別2=登校（登園）中 | 被災学年=1,性別=女,3,20,0.012634238787113077,0.46511627906976744,1.8782629330802088
場合別1=課外指導,発生場所2=運動場・校庭（園庭） | 被災学校種=高,3,294,0.18572331017056223,0.4279475982532751,1.8765680000967715
発生場所2=運動場・校庭（園庭） | 被災学校種=高,場合別1=課外指導,3,294,0.18572331017056223,0.814404432132964,1.8765680000967713
発生場所2=運動場・校庭（園庭） | 被災学年=3,場合別1=各教科等,3,37,0.02337334175615919,0.27611940298507465,1.8759528537569663
競技種目=バレーボール,場合別1=課外指導,2,35,0.022109917877447885,0.813953488372093,1.875528925899597
場合別2=体育的部活動,発生場所1=学校内・校舎外（園内・園舎外） | 被災学校種=高,3,299,0.18888186986734049,0.443620178041543,1.8726686449060335
発生場所1=学校内・校舎外（園内・園舎外） | 被災学校種=高,場合別2=体育的部活動,3,299,0.18888186986734049,0.7973333333333333,1.8726686449060335
性別=女 | 発生場所1=学校内・校舎内（園内・園舎内）,被災学校種=小,3,44,0.027795325331648767,0.2894736842105263,1.8703544575725028
競技種目=サッカー・フットサル,場合別2=体育的部活動 | 被災学年=2,3,27,0.017056222362602652,0.35064935064935066,1.8689492325855963
競技種目=バスケットボール,場合別2=体育的部活動 | 発生場所1=学校外（園外）,3,23,0.014529374605180037,0.20535714285714285,1.8682779146141213
競技種目=バレーボール | 被災学校種=高,場合別2=体育的部活動,3,23,0.014529374605180037,0.7931034482758621,1.8627340632354445
競技種目=サッカー・フットサル | 被災学年=1,発生場所1=学校内・校舎外（園内・園舎外）,3,17,0.010739102969046115,0.7083333333333334,1.8626107419712072
競技種目=サッカー・フットサル,場合別1=課外指導 | 被災学校種=高,3,49,0.03095388502842704,0.6363636363636364,1.8620399932784406
競技種目=サッカー・フットサル,場合別2=体育的部活動,2,61,0.03853442830069488,0.7922077922077922,1.8606304674553933
競技種目=サッカー・フットサル,場合別1=課外指導 | 場合別2=体育的部活動,3,61,0.03853442830069488,0.7922077922077922,1.8606304674553933
競技種目=サッカー・フットサル,発生場所1=学校内・校舎外（園内・園舎外） | 被災学年=1,3,17,0.010739102969046115,0.22077922077922077,1.8590080132633322
競技種目=ソフトボール,発生場所1=学校内・校舎外（園内・園舎外） | 被災学校種=高,3,33,0.020846493998736577,0.44,1.8573866666666665
場合別2=体育的部活動 | 給付年度=2,発生場所1=学校内・校舎外（園内・園舎外）,3,24,0.015161086544535692,0.7058823529411765,1.8561657221027947
給付年度=2 | 被災学校種=高,被災学年=1,3,24,0.015161086544535692,0.5454545454545454,1.8529067499024579
和暦=令和 | 被災学年=3,場合別1=各教科等,3,18,0.011370814908401769,0.2727272727272727,1.8529067499024579
競技種目=サッカー・フットサル,発生場所1=学校内・校舎外（園内・園舎外） | 発生場所2=運動場・校庭（園庭）,3,51,0.032217308907138344,0.6623376623376623,1.8524390803542747
競技種目=サッカー・フットサル | 被災学校種=高,場合別1=課外指導,3,49,0.03095388502842704,0.8032786885245902,1.8509318252320615
場合別1=休憩時間 | 性別=女,発生場所1=学校内・校舎内（園内・園舎内）,3,43,0.027163613392293114,0.5657894736842105,1.850505654632449
和暦=平成 | 競技種目=バスケットボール,場合別2=体育的部活動,3,78,0.049273531269740996,0.7878787878787878,1.8504630878518118
競技種目=サッカー・フットサル,発生場所2=運動場・校庭（園庭）,2,51,0.032217308907138344,0.6623376623376623,1.849171992029135
場合別1=休憩時間 | 発生場所2=廊下,被災学校種=中,3,27,0.017056222362602652,0.45,1.8454663212435234
和暦=令和 | 発生場所1=学校内・校舎内（園内・園舎内）,場合別1=各教科等,3,22,0.013897662665824383,0.2716049382716049,1.8452816192444232
性別=男 | 競技種目=サッカー・フットサル,場合別1=課外指導,3,60,0.03790271636133923,0.8,1.8433770014556041
性別=女 | 競技種目=バスケットボール,場合別1=課外指導,3,20,0.012634238787113077,0.8,1.8433770014556041
発生場所1=学校内・校舎外（園内・園舎外） | 給付年度=30,場合別1=課外指導,3,16,0.01010739102969046,0.8,1.8433770014556041
発生場所2=運動場・校庭（園庭） | 給付年度=30,場合別1=課外指導,3,16,0.01010739102969046,0.8,1.8433770014556041
性別=男 | 競技種目=ソフトボール,被災学校種=中,3,22,0.013897662665824383,0.4489795918367347,1.8412815903563498
給付年度=26,場合別2=体育的部活動 | 発生場所1=学校外（園外）,3,18,0.011370814908401769,0.20224719101123595,1.8399845021309569
和暦=平成 | 競技種目=サッカー・フットサル,場合別2=体育的部活動,3,47,0.02969046114971573,0.7833333333333333,1.8397873392680513
場合別2=体育的部活動,発生場所2=運動場・校庭（園庭） | 被災学年=1,3,144,0.09096651926721415,0.21364985163204747,1.8380854083344085
発生場所2=運動場・校庭（園庭） | 被災学年=1,場合別2=体育的部活動,3,144,0.09096651926721415,0.782608695652174,1.8380854083344085
競技種目=バレーボール,和暦=平成 | 場合別2=体育的部活動,3,28,0.017687934301958308,0.6511627906976745,1.8374165733946857
場合別1=課外指導,発生場所1=学校内・校舎外（園内・園舎外） | 被災学校種=高,3,299,0.18888186986734049,0.43522561863173215,1.837232411450752
発生場所1=学校内・校舎外（園内・園舎外） | 被災学校種=高,場合別1=課外指導,3,299,0.18888186986734049,0.7973333333333333,1.837232411450752
発生場所1=学校内・校舎外（園内・園舎外） | 給付年度=27,競技種目=野球（含軟式）,3,20,0.012634238787113077,0.40816326530612246,1.8355751391465678
場合別2=昼食時休憩時間中,被災学校種=中,2,34,0.02147820593809223,0.4473684210526316,1.834674120534497
場合別1=休憩時間 | 場合別2=昼食時休憩時間中,被災学校種=中,3,34,0.02147820593809223,0.4473684210526316,1.834674120534497
場合別1=課外指導 | 給付年度=2,発生場所2=運動場・校庭（園庭）,3,23,0.014529374605180037,0.6571428571428571,1.8346686822877298
発生場所1=学校内・校舎外（園内・園舎外） | 被災学校種=中,場合別1=各教科等,3,34,0.02147820593809223,0.2698412698412698,1.8332992710675113
発生場所2=体育館・屋内運動場 | 被災学年=2,場合別2=体育（保健体育）,3,20,0.012634238787113077,0.2222222222222222,1.8321759259259258
場合別2=登校（登園）中 | 通学方法=自転車,性別=女,3,48,0.030322173089071383,0.4528301886792453,1.8286484405082788
競技種目=バレーボール | 被災学校種=高,場合別1=課外指導,3,23,0.014529374605180037,0.7931034482758621,1.8274858204085729
給付年度=25,和暦=平成 | 被災学年=1,3,31,0.01958307012002527,0.4305555555555556,1.827263926124516
競技種目=サッカー・フットサル,場合別1=課外指導 | 被災学年=2,3,27,0.017056222362602652,0.35064935064935066,1.8259142173615859
競技種目=サッカー・フットサル,場合別1=課外指導,2,61,0.03853442830069488,0.7922077922077922,1.8254220306622053
競技種目=バスケットボール,場合別2=体育的部活動,2,87,0.054958938723941884,0.7767857142857143,1.8244091776176345
競技種目=バスケットボール,場合別1=課外指導 | 場合別2=体育的部活動,3,87,0.054958938723941884,0.7767857142857143,1.8244091776176345
性別=男 | 競技種目=サッカー・フットサル,発生場所2=運動場・校庭（園庭）,3,49,0.03095388502842704,0.6533333333333333,1.8240329218106994
被災学年=3 | 通学方法=自転車,性別=女,3,23,0.014529374605180037,0.45098039215686275,1.8211784713885553
競技種目=バスケットボール,場合別1=課外指導 | 発生場所1=学校外（園外）,3,23,0.014529374605180037,0.20535714285714285,1.8160913806863528
和暦=平成 | 競技種目=バスケットボール,場合別1=課外指導,3,78,0.049273531269740996,0.7878787878787878,1.8154470468880948
和暦=平成 | 競技種目=ソフトボール,被災学校種=中,3,27,0.017056222362602652,0.4426229508196721,1.8152127749936295
競技種目=ソフトボール,和暦=平成 | 被災学校種=中,3,27,0.017056222362602652,0.36,1.8149044585987262
給付年度=30 | 被災学年=2,場合別2=体育的部活動,3,17,0.010739102969046115,0.7727272727272727,1.8148772592392768
発生場所1=学校内・校舎外（園内・園舎外） | 被災学年=1,場合別2=体育的部活動,3,145,0.0915982312065698,0.7712765957446809,1.8114701054359492
場合別2=体育的部活動,発生場所1=学校内・校舎外（園内・園舎外） | 被災学年=1,3,145,0.0915982312065698,0.21513353115727002,1.811470105435949
競技種目=サッカー・フットサル,発生場所1=学校内・校舎外（園内・園舎外）,2,53,0.033480732785849655,0.6883116883116883,1.809962462786383
性別=男 | 競技種目=バスケットボール,場合別2=体育的部活動,3,67,0.04232469993682881,0.7701149425287356,1.8087417715474605
性別=女 | 発生場所2=運動場・校庭（園庭）,被災学校種=小,3,26,0.016424510423247,0.27956989247311825,1.8063638358569234
競技種目=バレーボール,和暦=平成 | 場合別1=課外指導,3,28,0.017687934301958308,0.6511627906976745,1.805237649167108
和暦=平成 | 競技種目=サッカー・フットサル,場合別1=課外指導,3,47,0.02969046114971573,0.7833333333333333,1.8049733139252788
発生場所2=学校外体育館,和暦=平成 | 被災学年=1,3,17,0.010739102969046115,0.425,1.803686327077748
給付年度=20 | 被災学校種=高,場合別1=通学中,3,20,0.012634238787113077,0.29850746268656714,1.803577532186396
場合別1=課外指導,発生場所2=運動場・校庭（園庭） | 被災学年=1,3,144,0.09096651926721415,0.2096069868995633,1.8033035883804822
発生場所2=運動場・校庭（園庭） | 被災学年=1,場合別1=課外指導,3,144,0.09096651926721415,0.782608695652174,1.8033035883804822
競技種目=サッカー・フットサル,和暦=平成 | 発生場所2=運動場・校庭（園庭）,3,41,0.025900189513581806,0.5324675324675324,1.801060051060051
発生場所1=学校内・校舎外（園内・園舎外） | 給付年度=2,場合別1=課外指導,3,25,0.015792798483891344,0.78125,1.8001728529839882
発生場所1=学校内・校舎外（園内・園舎外） | 給付年度=19,競技種目=野球（含軟式）,3,20,0.012634238787113077,0.4,1.7988636363636366
給付年度=4 | 被災学校種=高,被災学年=1,3,18,0.011370814908401769,0.5294117647058824,1.798409492552386
発生場所1=学校内・校舎内（園内・園舎内） | 被災学年=2,場合別1=休憩時間,3,46,0.029058749210360075,0.2839506172839506,1.7979753086419752
和暦=平成 | 被災学年=5,発生場所1=学校内・校舎内（園内・園舎内）,3,28,0.017687934301958308,0.5490196078431373,1.795657105817534
発生場所2=廊下,被災学校種=中,2,42,0.026531901452937462,0.4375,1.7942033678756477
発生場所1=学校内・校舎内（園内・園舎内） | 発生場所2=廊下,被災学校種=中,3,42,0.026531901452937462,0.4375,1.7942033678756477
競技種目=バスケットボール | 被災学校種=高,場合別2=体育的部活動,3,58,0.03663929248262792,0.7631578947368421,1.7924019990629392
性別=女 | 発生場所1=学校内・校舎内（園内・園舎内）,場合別1=休憩時間,3,43,0.027163613392293114,0.28289473684210525,1.7912894736842104
性別=女 | 被災学年=3,場合別1=各教科等,3,29,0.01831964624131396,0.2636363636363636,1.791143191572376
場合別2=昼食時休憩時間中,和暦=平成 | 被災学校種=中,3,27,0.017056222362602652,0.35526315789473684,1.7910241367750588
競技種目=バスケットボール,場合別1=課外指導,2,87,0.054958938723941884,0.7767857142857143,1.7898861509669368
給付年度=26,場合別1=課外指導 | 発生場所1=学校外（園外）,3,18,0.011370814908401769,0.20224719101123595,1.7885882869876342
性別=男 | 競技種目=サッカー・フットサル,発生場所1=学校内・校舎外（園内・園舎外）,3,51,0.032217308907138344,0.68,1.788106312292359
場合別2=登校（登園）中 | 発生場所2=道路,性別=女,3,50,0.03158559696778269,0.4424778761061947,1.7868430558063932
競技種目=ホッケー,被災学校種=高,2,20,0.012634238787113077,1.0,1.786681715575621
場合別1=課外指導 | 競技種目=ホッケー,被災学校種=高,3,20,0.012634238787113077,1.0,1.786681715575621
場合別2=体育的部活動 | 競技種目=ホッケー,被災学校種=高,3,20,0.012634238787113077,1.0,1.786681715575621
和暦=平成 | 競技種目=ホッケー,被災学校種=高,3,18,0.011370814908401769,1.0,1.786681715575621
場合別1=各教科等 | 被災学校種=小,性別=女,3,19,0.012002526847757423,0.4418604651162791,1.7843497864261983
場合別2=授業終了後の特定時間中 | 性別=男,発生場所1=学校内・校舎内（園内・園舎内）,3,18,0.011370814908401769,0.5454545454545454,1.7839969947407963
発生場所1=学校内・校舎内（園内・園舎内） | 被災学年=1,場合別1=休憩時間,3,29,0.01831964624131396,0.2815533980582524,1.7827961165048543
競技種目=サッカー・フットサル,和暦=平成 | 発生場所1=学校内・校舎外（園内・園舎外）,3,43,0.027163613392293114,0.5584415584415584,1.7822842480100543
競技種目=野球（含軟式） | 被災学年=2,発生場所1=学校内・校舎外（園内・園舎外）,3,103,0.06506632975363234,0.6776315789473685,1.7818783878300404
給付年度=4,被災学年=1 | 被災学校種=高,3,18,0.011370814908401769,0.36,1.7808749999999998
場合別2=体育（保健体育） | 被災学年=3,被災学校種=中,3,33,0.020846493998736577,0.4342105263157895,1.7807131169893646
給付年度=30 | 被災学年=2,場合別1=課外指導,3,17,0.010739102969046115,0.7727272727272727,1.7805346036787084
発生場所1=学校内・校舎内（園内・園舎内） | 競技種目=バレーボール,場合別2=体育的部活動,3,25,0.015792798483891344,0.7575757575757576,1.779291430626742
給付年度=27 | 被災学年=2,場合別2=体育的部活動,3,25,0.015792798483891344,0.7575757575757576,1.779291430626742
給付年度=24 | 被災学校種=高,競技種目=野球（含軟式）,3,17,0.010739102969046115,0.3953488372093023,1.7779466173361522
場合別1=課外指導,発生場所1=学校内・校舎外（園内・園舎外） | 被災学年=1,3,145,0.0915982312065698,0.21106259097525473,1.7771919229458948
発生場所1=学校内・校舎外（園内・園舎外） | 被災学年=1,場合別1=課外指導,3,145,0.0915982312065698,0.7712765957446809,1.7771919229458948
性別=男 | 競技種目=バスケットボール,場合別1=課外指導,3,67,0.04232469993682881,0.7701149425287356,1.7745152169184693
給付年度=22 | 被災学校種=高,競技種目=野球（含軟式）,3,20,0.012634238787113077,0.39215686274509803,1.7635918003565063
発生場所1=学校内・校舎外（園内・園舎外） | 給付年度=2,場合別2=体育的部活動,3,24,0.015161086544535692,0.75,1.7614985163204746
場合別2=登校（登園）中,性別=女,2,51,0.032217308907138344,0.4358974358974359,1.7602694924123494
場合別1=通学中 | 場合別2=登校（登園）中,性別=女,3,51,0.032217308907138344,0.4358974358974359,1.7602694924123494
場合別2=登校（登園）中 | 発生場所1=学校外（園外）,性別=女,3,51,0.032217308907138344,0.4358974358974359,1.7602694924123494
場合別2=体育的部活動 | 給付年度=17,競技種目=野球（含軟式）,3,18,0.011370814908401769,0.391304347826087,1.75975790513834
競技種目=バスケットボール | 被災学校種=高,場合別1=課外指導,3,58,0.03663929248262792,0.7631578947368421,1.7584846395464644
発生場所2=教室（保育室）,性別=男 | 被災学校種=中,3,25,0.015792798483891344,0.30864197530864196,1.7574829025668353
場合別1=休憩時間 | 被災学校種=小,発生場所1=学校内・校舎内（園内・園舎内）,3,59,0.037271004421983576,0.5363636363636364,1.7542637114951167
場合別2=体育的部活動,発生場所2=運動場・校庭（園庭） | 被災学年=2,3,144,0.09096651926721415,0.21364985163204747,1.752371581002752
発生場所2=運動場・校庭（園庭） | 被災学年=2,場合別2=体育的部活動,3,144,0.09096651926721415,0.7461139896373057,1.752371581002752
場合別2=授業終了後の特定時間中,発生場所1=学校内・校舎内（園内・園舎内）,2,30,0.018951358180669616,0.5357142857142857,1.7521399055489966
場合別1=休憩時間 | 場合別2=授業終了後の特定時間中,発生場所1=学校内・校舎内（園内・園舎内）,3,30,0.018951358180669616,0.5357142857142857,1.7521399055489966
発生場所1=学校内・校舎内（園内・園舎内） | 被災学年=1,被災学校種=中,3,44,0.027795325331648767,0.42718446601941745,1.7518989888827405
性別=男 | 被災学年=5,発生場所1=学校内・校舎内（園内・園舎内）,3,23,0.014529374605180037,0.5348837209302325,1.7494234095714012
性別=男 | 給付年度=25,競技種目=野球（含軟式）,3,21,0.013265950726468731,0.3888888888888889,1.7488952020202022
被災学年=5,発生場所1=学校内・校舎内（園内・園舎内）,2,31,0.01958307012002527,0.5344827586206896,1.7481119977201482
発生場所1=学校内・校舎内（園内・園舎内） | 給付年度=22,性別=女,3,16,0.01010739102969046,0.43243243243243246,1.746276889134032
被災学年=6,和暦=平成 | 発生場所1=学校内・校舎内（園内・園舎内）,3,24,0.015161086544535692,0.4444444444444444,1.7457954232147779
発生場所1=学校内・校舎内（園内・園舎内） | 競技種目=バレーボール,場合別1=課外指導,3,25,0.015792798483891344,0.7575757575757576,1.7456221604693218
給付年度=27 | 被災学年=2,場合別1=課外指導,3,25,0.015792798483891344,0.7575757575757576,1.7456221604693218
給付年度=18 | 被災学年=3,発生場所1=学校内・校舎内（園内・園舎内）,3,16,0.01010739102969046,0.5333333333333333,1.74435261707989
発生場所2=体育館・屋内運動場 | 競技種目=バレーボール,場合別2=体育的部活動,3,23,0.014529374605180037,0.7419354838709677,1.7425576720589642
給付年度=19 | 被災学校種=高,競技種目=野球（含軟式）,3,24,0.015161086544535692,0.3870967741935484,1.7408357771260998
給付年度=28,和暦=平成 | 被災学校種=小,3,19,0.012002526847757423,0.2375,1.7405671296296297
競技種目=野球（含軟式）,被災学年=2 | 被災学校種=高,3,135,0.08528111181301326,0.3835227272727273,1.7395887600937745
被災学年=2 | 被災学校種=高,競技種目=野球（含軟式）,3,135,0.08528111181301326,0.3868194842406877,1.7395887600937745
競技種目=サッカー・フットサル | 被災学校種=高,発生場所2=運動場・校庭（園庭）,3,38,0.024005053695514846,0.6229508196721312,1.7392083730881545
和暦=平成 | 発生場所2=廊下,性別=女,3,34,0.02147820593809223,0.43037974683544306,1.7379876001033325
給付年度=20,和暦=平成 | 場合別1=通学中,3,25,0.015792798483891344,0.2336448598130841,1.7364310473432494
給付年度=29,場合別2=体育（保健体育）,2,16,0.01010739102969046,0.21052631578947367,1.7357456140350875
和暦=平成 | 給付年度=29,場合別2=体育（保健体育）,3,16,0.01010739102969046,0.21052631578947367,1.7357456140350875
給付年度=29,場合別1=各教科等 | 場合別2=体育（保健体育）,3,16,0.01010739102969046,0.21052631578947367,1.7357456140350875
場合別2=体育（保健体育） | 発生場所2=体育館・屋内運動場,被災学年=3,3,38,0.024005053695514846,0.4418604651162791,1.7356454498239944
場合別1=各教科等 | 発生場所1=学校内・校舎内（園内・園舎内）,被災学年=3,3,49,0.03095388502842704,0.44144144144144143,1.7339995081930564
発生場所1=学校内・校舎内（園内・園舎内） | 競技種目=バスケットボール,場合別2=体育的部活動,3,62,0.03916614024005054,0.7380952380952381,1.733538222410626
給付年度=26 | 被災学校種=高,発生場所1=学校外（園外）,3,25,0.015792798483891344,0.5434782608695652,1.731038404339078
給付年度=20 | 被災学校種=高,発生場所2=道路,3,20,0.012634238787113077,0.29850746268656714,1.7309059100103874
発生場所2=廊下 | 被災学校種=中,性別=女,3,18,0.011370814908401769,0.42857142857142855,1.730685131195335
場合別1=各教科等 | 性別=女,被災学校種=小,3,19,0.012002526847757423,0.2676056338028169,1.729060074734119
場合別2=登校（登園）中,和暦=平成 | 性別=女,3,42,0.026531901452937462,0.358974358974359,1.7272231314784507
性別=男 | 発生場所2=廊下,被災学校種=中,3,24,0.015161086544535692,0.42105263157894735,1.7267521134442323
和暦=令和 | 競技種目=野球（含軟式）,被災学年=1,3,32,0.02021478205938092,0.5079365079365079,1.7254581374753049
競技種目=サッカー・フットサル | 被災学校種=高,発生場所1=学校内・校舎外（園内・園舎外）,3,40,0.025268477574226154,0.6557377049180327,1.72430695495888
競技種目=サッカー・フットサル,和暦=平成 | 場合別2=体育的部活動,3,47,0.02969046114971573,0.6103896103896104,1.722364979049471
場合別1=課外指導 | 給付年度=17,競技種目=野球（含軟式）,3,18,0.011370814908401769,0.3829787234042553,1.7223162475822051
場合別1=各教科等 | 発生場所2=体育館・屋内運動場,被災学年=3,3,39,0.024636765634870498,0.43820224719101125,1.721275824574121
競技種目=サッカー・フットサル,被災学年=3 | 被災学校種=高,3,18,0.011370814908401769,0.23376623376623376,1.7211718514044096
場合別1=課外指導,発生場所2=運動場・校庭（園庭） | 被災学年=2,3,144,0.09096651926721415,0.2096069868995633,1.7192117112021177
発生場所2=運動場・校庭（園庭） | 被災学年=2,場合別1=課外指導,3,144,0.09096651926721415,0.7461139896373057,1.7192117112021177
発生場所2=体育館・屋内運動場 | 競技種目=バスケットボール,場合別2=体育的部活動,3,60,0.03790271636133923,0.7317073170731707,1.7185351378736338
給付年度=25 | 被災学校種=高,場合別2=体育的部活動,3,30,0.018951358180669616,0.7317073170731707,1.7185351378736338
場合別1=学校行事,被災学校種=小,2,21,0.013265950726468731,0.26582278481012656,1.7175406871609402
和暦=令和 | 場合別1=各教科等,被災学校種=中,3,18,0.011370814908401769,0.4186046511627907,1.7167128569707195
場合別1=各教科等 | 被災学校種=高,被災学年=3,3,45,0.028427037271004423,0.4368932038834951,1.716133850490255
競技種目=野球（含軟式） | 給付年度=18,被災学校種=高,3,24,0.015161086544535692,0.96,1.715214446952596
場合別1=学校行事 | 性別=男,発生場所1=学校外（園外）,3,29,0.01831964624131396,0.5370370370370371,1.7105223936209855
発生場所2=体育館・屋内運動場 | 競技種目=バレーボール,場合別1=課外指導,3,23,0.014529374605180037,0.7419354838709677,1.7095835094144713
給付年度=27,和暦=平成 | 発生場所2=運動場・校庭（園庭）,3,47,0.02969046114971573,0.5053763440860215,1.7094246852311368
場合別2=体育的部活動 | 給付年度=27,発生場所2=運動場・校庭（園庭）,3,30,0.018951358180669616,0.6122448979591837,1.7093186480941582
性別=男 | 発生場所2=教室（保育室）,被災学校種=中,3,25,0.015792798483891344,0.4166666666666667,1.7087651122625216
発生場所1=学校内・校舎内（園内・園舎内） | 被災学校種=高,場合別1=各教科等,3,45,0.028427037271004423,0.25139664804469275,1.7079866689045005
場合別2=体育的部活動,発生場所1=学校内・校舎外（園内・園舎外） | 被災学年=2,3,149,0.09412507896399241,0.22106824925816024,1.7070782369544764
発生場所1=学校内・校舎外（園内・園舎外） | 被災学年=2,場合別2=体育的部活動,3,149,0.09412507896399241,0.7268292682926829,1.7070782369544761
被災学年=3 | 被災学校種=小,性別=女,3,19,0.012002526847757423,0.4222222222222222,1.7050453514739228
場合別1=各教科等 | 被災学年=3,発生場所1=学校内・校舎内（園内・園舎内）,3,49,0.03095388502842704,0.5212765957446809,1.7049191137682436
発生場所2=廊下,和暦=平成 | 性別=女,3,34,0.02147820593809223,0.3541666666666667,1.7040906788247214
被災学年=5 | 被災学校種=小,発生場所1=学校内・校舎内（園内・園舎内）,3,26,0.016424510423247,0.52,1.7007438016528929
発生場所1=学校内・校舎内（園内・園舎内） | 競技種目=バスケットボール,場合別1=課外指導,3,62,0.03916614024005054,0.7380952380952381,1.7007347334858252
給付年度=29,場合別1=各教科等,2,19,0.012002526847757423,0.25,1.6984978540772533
和暦=平成 | 給付年度=29,場合別1=各教科等,3,19,0.012002526847757423,0.25,1.6984978540772533
和暦=令和 | 被災学校種=中,場合別1=各教科等,3,18,0.011370814908401769,0.25,1.6984978540772533
場合別2=体育的部活動 | 給付年度=2,被災学年=1,3,17,0.010739102969046115,0.5,1.6984978540772533
場合別1=課外指導 | 給付年度=4,被災学校種=高,3,19,0.012002526847757423,0.95,1.6973476297968397
場合別2=体育的部活動 | 給付年度=4,被災学校種=高,3,19,0.012002526847757423,0.95,1.6973476297968397
場合別1=課外指導,発生場所1=学校内・校舎外（園内・園舎外） | 被災学年=2,3,151,0.09538850284270373,0.2197962154294032,1.6972556537792451
発生場所1=学校内・校舎外（園内・園舎外） | 被災学年=2,場合別1=課外指導,3,151,0.09538850284270373,0.7365853658536585,1.6972556537792451
発生場所2=学校外運動場・競技場,場合別2=体育的部活動 | 被災学年=1,3,31,0.01958307012002527,0.2605042016806723,1.697029429055573
場合別2=体育（保健体育） | 発生場所1=学校内・校舎内（園内・園舎内）,被災学年=3,3,38,0.024005053695514846,0.4318181818181818,1.6961989623279945
発生場所1=学校内・校舎内（園内・園舎内） | 被災学年=2,被災学校種=中,3,67,0.04232469993682881,0.41358024691358025,1.6961075929124287
競技種目=サッカー・フットサル | 被災学年=3,被災学校種=高,3,18,0.011370814908401769,0.9473684210526315,1.6926458358084828
競技種目=サッカー・フットサル,和暦=平成 | 場合別1=課外指導,3,47,0.02969046114971573,0.6103896103896104,1.6922009689084994
競技種目=サッカー・フットサル,場合別2=体育的部活動 | 被災学年=1,3,20,0.012634238787113077,0.2597402597402597,1.6920528031639142
給付年度=30,和暦=平成 | 競技種目=野球（含軟式）,3,21,0.013265950726468731,0.3088235294117647,1.6915835538367596
被災学校種=特高,発生場所1=学校内・校舎内（園内・園舎内）,2,16,0.01010739102969046,0.5161290322580645,1.6880831778192482
場合別2=登校（登園）中 | 性別=男,和暦=令和,3,19,0.012002526847757423,0.2878787878787879,1.6878226711560047
競技種目=サッカー・フットサル,性別=男 | 被災学校種=高,3,59,0.037271004421983576,0.7662337662337663,1.6869931181474993
競技種目=バスケットボール,場合別2=体育的部活動 | 被災学年=1,3,29,0.01831964624131396,0.25892857142857145,1.6867651381540274
発生場所2=体育館・屋内運動場 | 競技種目=バスケットボール,場合別1=課外指導,3,60,0.03790271636133923,0.7317073170731707,1.6860155501118328
給付年度=25 | 被災学校種=高,場合別1=課外指導,3,30,0.018951358180669616,0.7317073170731707,1.6860155501118328
給付年度=18 | 被災学校種=高,通学方法=自転車,3,16,0.01010739102969046,0.2318840579710145,1.6838186411381466
給付年度=27,和暦=平成 | 発生場所1=学校内・校舎外（園内・園舎外）,3,49,0.03095388502842704,0.5268817204301075,1.681560006937218
発生場所1=学校内・校舎内（園内・園舎内） | 被災学年=1,場合別2=体育（保健体育）,3,21,0.013265950726468731,0.20388349514563106,1.6809769417475728
発生場所2=廊下,和暦=平成 | 被災学校種=中,3,32,0.02021478205938092,0.3333333333333333,1.6804670912951167
和暦=平成 | 場合別2=昼食時休憩時間中,被災学校種=中,3,27,0.017056222362602652,0.4090909090909091,1.6776966556759303
発生場所2=道路 | 被災学年=3,性別=女,3,27,0.017056222362602652,0.4153846153846154,1.6774332810047097
和暦=令和 | 場合別2=体育（保健体育）,発生場所1=学校内・校舎内（園内・園舎内）,3,20,0.012634238787113077,0.5128205128205128,1.6772621318075864
発生場所2=学校外運動場・競技場,場合別1=課外指導 | 被災学年=1,3,31,0.01958307012002527,0.2605042016806723,1.6763339482134318
給付年度=27,発生場所2=運動場・校庭（園庭） | 被災学年=2,3,19,0.012002526847757423,0.20430107526881722,1.6756922391219569
場合別1=課外指導 | 給付年度=27,発生場所2=運動場・校庭（園庭）,3,30,0.018951358180669616,0.6,1.675132275132275
場合別1=休憩時間 | 被災学年=3,被災学校種=中,3,29,0.01831964624131396,0.4084507042253521,1.6750711523024155
場合別2=登校（登園）中 | 被災学校種=高,性別=女,3,34,0.02147820593809223,0.4146341463414634,1.6744026879044298
発生場所1=学校内・校舎内（園内・園舎内） | 給付年度=18,性別=女,3,17,0.010739102969046115,0.4146341463414634,1.6744026879044298
和暦=平成 | 場合別2=授業終了後の特定時間中,発生場所1=学校内・校舎内（園内・園舎内）,3,22,0.013897662665824383,0.5116279069767442,1.6733615221987317
和暦=令和 | 場合別1=各教科等,発生場所1=学校内・校舎内（園内・園舎内）,3,22,0.013897662665824383,0.5116279069767442,1.6733615221987317
場合別2=体育（保健体育） | 被災学校種=高,被災学年=3,3,40,0.025268477574226154,0.425531914893617,1.6715062562694682
競技種目=サッカー・フットサル,場合別1=課外指導 | 被災学年=1,3,20,0.012634238787113077,0.2597402597402597,1.6714180128814273
発生場所2=学校外運動場・競技場,被災学年=3 | 被災学校種=高,3,27,0.017056222362602652,0.226890756302521,1.6705491498925154
競技種目=ソフトボール,性別=男 | 被災学校種=中,3,22,0.013897662665824383,0.29333333333333333,1.6703117505995204
給付年度=19 | 被災学校種=高,場合別2=体育的部活動,3,44,0.027795325331648767,0.7096774193548387,1.6667942950129224
競技種目=バスケットボール,場合別1=課外指導 | 被災学年=1,3,29,0.01831964624131396,0.25892857142857145,1.6661948315911732
競技種目=バスケットボール,場合別2=体育的部活動 | 被災学年=2,3,35,0.022109917877447885,0.3125,1.6656144781144782
和暦=令和 | 被災学年=3,発生場所2=体育館・屋内運動場,3,17,0.010739102969046115,0.25757575757575757,1.6642547928262215
場合別2=体育的部活動 | 給付年度=27,発生場所1=学校内・校舎外（園内・園舎外）,3,31,0.01958307012002527,0.6326530612244898,1.6636043121567565
発生場所2=学校外運動場・競技場 | 被災学年=3,被災学校種=高,3,27,0.017056222362602652,0.9310344827586207,1.6634622869152331
発生場所2=学校外運動場・競技場,和暦=平成 | 被災学校種=高,3,91,0.0574857864813645,0.7647058823529411,1.66281512605042
場合別2=体育（保健体育） | 性別=女,被災学年=3,3,22,0.013897662665824383,0.4230769230769231,1.6618629509448368
場合別2=体育的部活動 | 給付年度=22,発生場所2=運動場・校庭（園庭）,3,25,0.015792798483891344,0.5952380952380952,1.6618375745359872
給付年度=22,被災学校種=小,2,27,0.017056222362602652,0.2571428571428571,1.6614577259475218
和暦=平成 | 給付年度=22,被災学校種=小,3,27,0.017056222362602652,0.2571428571428571,1.6614577259475218
発生場所2=学校外運動場・競技場 | 被災学年=2,被災学校種=高,3,53,0.033480732785849655,0.9298245614035088,1.6613005425527703
和暦=平成 | 発生場所2=廊下,被災学校種=中,3,32,0.02021478205938092,0.4050632911392405,1.6611792483767298
和暦=令和 | 場合別1=休憩時間,被災学校種=中,3,17,0.010739102969046115,0.40476190476190477,1.6599432519121637
競技種目=野球（含軟式）,性別=男 | 被災学年=1,3,135,0.08528111181301326,0.3835227272727273,1.658788189269747
性別=男 | 被災学年=1,競技種目=野球（含軟式）,3,135,0.08528111181301326,0.36885245901639346,1.658788189269747
場合別2=授業終了後の特定時間中,性別=女,2,23,0.014529374605180037,0.4107142857142857,1.6585732507288629
場合別1=休憩時間 | 場合別2=授業終了後の特定時間中,性別=女,3,23,0.014529374605180037,0.4107142857142857,1.6585732507288629
給付年度=20,和暦=平成 | 発生場所2=道路,3,25,0.015792798483891344,0.2336448598130841,1.6585641842336867
発生場所2=体育館・屋内運動場 | 競技種目=バスケットボール,場合別1=各教科等,3,20,0.012634238787113077,0.24390243902439024,1.6570710771485397
給付年度=25 | 被災学校種=高,被災学年=1,3,20,0.012634238787113077,0.4878048780487805,1.6570710771485397
性別=男 | 給付年度=30,競技種目=野球（含軟式）,3,21,0.013265950726468731,0.3684210526315789,1.656848086124402
被災学年=1 | 被災学校種=高,通学方法=自転車,3,73,0.04611497157296273,0.228125,1.6565223623853211
通学方法=自転車,被災学年=1 | 被災学校種=高,3,73,0.04611497157296273,0.3348623853211009,1.656522362385321
発生場所2=運動場・校庭（園庭）,場合別2=体育的部活動 | 被災学年=1,3,144,0.09096651926721415,0.25396825396825395,1.6544516297602718
場合別2=体育的部活動 | 被災学年=1,発生場所2=運動場・校庭（園庭）,3,144,0.09096651926721415,0.5925925925925926,1.6544516297602716
場合別2=体育的部活動 | 給付年度=29,発生場所2=運動場・校庭（園庭）,3,16,0.01010739102969046,0.5925925925925926,1.6544516297602716
場合別1=課外指導 | 発生場所2=学校外体育館,被災学年=1,3,18,0.011370814908401769,0.4864864864864865,1.65259250666976
場合別2=体育的部活動 | 発生場所2=学校外体育館,被災学年=1,3,18,0.011370814908401769,0.4864864864864865,1.65259250666976
場合別2=体育的部活動 | 給付年度=22,被災学年=2,3,24,0.015161086544535692,0.5714285714285714,1.6506777893639206
和暦=平成 | 発生場所2=学校外体育館,被災学年=1,3,17,0.010739102969046115,0.4857142857142857,1.6499693439607603
場合別1=課外指導 | 給付年度=2,被災学年=1,3,17,0.010739102969046115,0.4857142857142857,1.6499693439607603
競技種目=野球（含軟式） | 給付年度=19,被災学校種=高,3,24,0.015161086544535692,0.9230769230769231,1.6492446605313424
性別=女 | 被災学年=3,場合別2=体育（保健体育）,3,22,0.013897662665824383,0.2,1.6489583333333335
場合別2=体育（保健体育） | 被災学校種=中,和暦=令和,3,18,0.011370814908401769,0.28125,1.6489583333333335
給付年度=2,被災学年=1 | 被災学校種=高,3,24,0.015161086544535692,0.3333333333333333,1.648958333333333
給付年度=29,和暦=平成 | 性別=女,3,26,0.016424510423247,0.34210526315789475,1.6460566309390499
和暦=令和 | 場合別1=各教科等,被災学年=3,3,18,0.011370814908401769,0.4186046511627907,1.6442956893069423
競技種目=野球（含軟式）,被災学年=1 | 被災学校種=高,3,117,0.0739102969046115,0.33238636363636365,1.6442737926136364
被災学年=1 | 被災学校種=高,競技種目=野球（含軟式）,3,117,0.0739102969046115,0.365625,1.6442737926136364
競技種目=バスケットボール,場合別2=体育的部活動 | 性別=男,3,67,0.04232469993682881,0.5982142857142857,1.6440507192460316
性別=女 | 給付年度=19,発生場所1=学校外（園外）,3,16,0.01010739102969046,0.5161290322580645,1.6439280846368534
発生場所2=学校外運動場・競技場 | 競技種目=野球（含軟式）,被災学校種=高,3,69,0.043588123815540114,0.92,1.6437471783295714
性別=男 | 発生場所2=学校外運動場・競技場,被災学校種=高,3,102,0.06443461781427669,0.918918918918919,1.641815630528949
発生場所2=廊下,性別=女,2,39,0.024636765634870498,0.40625,1.640545280612245
発生場所1=学校内・校舎内（園内・園舎内） | 発生場所2=廊下,性別=女,3,39,0.024636765634870498,0.40625,1.640545280612245
場合別1=通学中 | 被災学年=3,性別=女,3,26,0.016424510423247,0.40625,1.640545280612245
和暦=令和 | 被災学年=1,通学方法=自転車,3,21,0.013265950726468731,0.22580645161290322,1.6396862977212192
発生場所1=学校内・校舎外（園内・園舎外） | 競技種目=サッカー・フットサル,場合別2=体育的部活動,3,37,0.02337334175615919,0.6981132075471698,1.639633839090756
発生場所2=学校外運動場・競技場,性別=男 | 被災学年=2,3,53,0.033480732785849655,0.44537815126050423,1.6396130545241354
給付年度=28 | 被災学校種=高,場合別2=体育的部活動,3,30,0.018951358180669616,0.6976744186046512,1.6386032709957905
給付年度=23,和暦=平成 | 場合別1=休憩時間,3,20,0.012634238787113077,0.21505376344086022,1.6366832092638544
場合別2=体育（保健体育） | 被災学年=3,発生場所1=学校内・校舎内（園内・園舎内）,3,38,0.024005053695514846,0.5,1.6353305785123968
性別=女 | 給付年度=18,発生場所1=学校内・校舎内（園内・園舎内）,3,17,0.010739102969046115,0.5,1.6353305785123968
給付年度=19 | 被災学校種=高,場合別1=課外指導,3,44,0.027795325331648767,0.7096774193548387,1.6352537916138423
発生場所2=運動場・校庭（園庭）,場合別1=課外指導 | 被災学年=1,3,144,0.09096651926721415,0.25396825396825395,1.6342753903729512
場合別1=課外指導 | 被災学年=1,発生場所2=運動場・校庭（園庭）,3,144,0.09096651926721415,0.5853658536585366,1.6342753903729512
場合別1=課外指導 | 発生場所2=学校外運動場・競技場,被災学校種=高,3,106,0.06696146557169931,0.9137931034482759,1.6326574297501364
場合別2=体育的部活動 | 発生場所2=学校外運動場・競技場,被災学校種=高,3,106,0.06696146557169931,0.9137931034482759,1.6326574297501364
発生場所2=学校外運動場・競技場 | 競技種目=サッカー・フットサル,被災学校種=高,3,21,0.013265950726468731,0.9130434782608695,1.6313180881342624
発生場所1=学校内・校舎外（園内・園舎外） | 給付年度=22,場合別2=体育的部活動,3,25,0.015792798483891344,0.6944444444444444,1.63101714474118
発生場所2=運動場・校庭（園庭） | 給付年度=22,場合別2=体育的部活動,3,25,0.015792798483891344,0.6944444444444444,1.63101714474118
和暦=令和 | 性別=女,場合別1=通学中,3,17,0.010739102969046115,0.2698412698412698,1.6303768326669088
場合別1=課外指導 | 給付年度=27,発生場所1=学校内・校舎外（園内・園舎外）,3,31,0.01958307012002527,0.62,1.6303322259136213
場合別1=休憩時間 | 発生場所1=学校内・校舎内（園内・園舎内）,被災学校種=中,3,64,0.04042956411876184,0.39751552795031053,1.630225597785859
和暦=平成 | 性別=女,被災学校種=小,3,83,0.05243209096651927,0.25227963525835867,1.630035357608089
被災学校種=小,和暦=平成 | 性別=女,3,83,0.05243209096651927,0.33877551020408164,1.6300353576080888
競技種目=バスケットボール,場合別1=課外指導 | 被災学年=2,3,35,0.022109917877447885,0.3125,1.6272615131578947
給付年度=30 | 被災学校種=高,場合別2=体育的部活動,3,27,0.017056222362602652,0.6923076923076923,1.625998630449669
給付年度=19 | 被災学年=1,場合別2=体育的部活動,3,18,0.011370814908401769,0.6923076923076923,1.625998630449669
給付年度=1 | 被災学校種=高,場合別2=体育的部活動,3,18,0.011370814908401769,0.6923076923076923,1.625998630449669
競技種目=野球（含軟式） | 給付年度=22,被災学校種=高,3,20,0.012634238787113077,0.9090909090909091,1.6242561050687463
場合別1=課外指導 | 給付年度=22,発生場所2=運動場・校庭（園庭）,3,25,0.015792798483891344,0.5813953488372093,1.623190189081662
給付年度=27 | 被災学校種=高,場合別2=体育的部活動,3,38,0.024005053695514846,0.6909090909090909,1.622713784731589
和暦=令和 | 発生場所1=学校内・校舎内（園内・園舎内）,被災学校種=中,3,32,0.02021478205938092,0.3950617283950617,1.6201624768118723
競技種目=バスケットボール,場合別1=課外指導 | 性別=男,3,67,0.04232469993682881,0.5982142857142857,1.6187576312576313
発生場所2=体育館・屋内運動場 | 被災学年=2,場合別2=体育的部活動,3,62,0.03916614024005054,0.6888888888888889,1.6179690075832507
発生場所1=学校内・校舎内（園内・園舎内） | 競技種目=バスケットボール,場合別1=各教科等,3,20,0.012634238787113077,0.23809523809523808,1.6176170038830981
競技種目=野球（含軟式） | 給付年度=25,被災学校種=高,3,19,0.012002526847757423,0.9047619047619048,1.6165215521874665
場合別2=下校（降園）中 | 通学方法=自転車,被災学年=1,3,49,0.03095388502842704,0.47572815533980584,1.6160465019375807
被災学年=4 | 被災学校種=小,性別=女,3,20,0.012634238787113077,0.4,1.6153061224489795
和暦=平成 | 被災学年=4,性別=女,3,18,0.011370814908401769,0.4,1.6153061224489795
場合別1=各教科等 | 被災学年=3,被災学校種=中,3,37,0.02337334175615919,0.39361702127659576,1.6142376805203396
場合別1=学校行事,性別=男 | 発生場所1=学校外（園外）,3,29,0.01831964624131396,0.3670886075949367,1.6141701828410688
発生場所2=体育館・屋内運動場 | 被災学年=2,場合別1=課外指導,3,63,0.03979785217940619,0.7,1.6129548762736534
場合別1=課外指導 | 給付年度=22,被災学年=2,3,24,0.015161086544535692,0.5581395348837209,1.612289933797318
発生場所2=運動場・校庭（園庭） | 競技種目=サッカー・フットサル,場合別2=体育的部活動,3,35,0.022109917877447885,0.6862745098039216,1.6118287077442253
場合別1=各教科等 | 被災学校種=中,発生場所1=学校内・校舎内（園内・園舎内）,3,34,0.02147820593809223,0.4927536231884058,1.6116301353455507
発生場所2=運動場・校庭（園庭） | 給付年度=17,被災学年=3,3,16,0.01010739102969046,0.41025641025641024,1.6115034675828719
和暦=令和 | 場合別2=体育（保健体育）,被災学年=3,3,16,0.01010739102969046,0.41025641025641024,1.6115034675828719
和暦=平成 | 発生場所2=学校外運動場・競技場,被災学校種=高,3,91,0.0574857864813645,0.900990099009901,1.6097825358156586
発生場所1=学校内・校舎外（園内・園舎外） | 競技種目=サッカー・フットサル,場合別1=課外指導,3,37,0.02337334175615919,0.6981132075471698,1.6086072890060694
給付年度=20 | 通学方法=自転車,被災学校種=高,3,18,0.011370814908401769,0.9,1.608013544018059
給付年度=28 | 被災学校種=高,場合別1=課外指導,3,30,0.018951358180669616,0.6976744186046512,1.6075962221996547
給付年度=27 | 被災学年=2,発生場所2=運動場・校庭（園庭）,3,19,0.012002526847757423,0.5757575757575758,1.6074501630057187
発生場所2=学校外運動場・競技場,被災学校種=高,2,107,0.06759317751105495,0.8991596638655462,1.6065121308116928
発生場所1=学校外（園外） | 発生場所2=学校外運動場・競技場,被災学校種=高,3,107,0.06759317751105495,0.8991596638655462,1.6065121308116928
場合別1=課外指導 | 給付年度=21,発生場所2=運動場・校庭（園庭）,3,23,0.014529374605180037,0.575,1.6053350970017635
場合別2=体育的部活動 | 給付年度=21,発生場所2=運動場・校庭（園庭）,3,23,0.014529374605180037,0.575,1.6053350970017635
場合別1=各教科等 | 性別=女,被災学年=3,3,29,0.01831964624131396,0.4084507042253521,1.6044105826023136
給付年度=22,和暦=平成 | 性別=女,3,35,0.022109917877447885,0.3333333333333333,1.6038500506585611
被災学年=4,和暦=平成 | 性別=女,3,18,0.011370814908401769,0.3333333333333333,1.6038500506585611
発生場所1=学校外（園外） | 競技種目=野球（含軟式）,被災学校種=高,3,70,0.04421983575489577,0.8974358974358975,1.6034323088499163
被災学年=6 | 被災学校種=小,発生場所1=学校内・校舎内（園内・園舎内）,3,25,0.015792798483891344,0.49019607843137253,1.6032652730513695
場合別1=課外指導 | 競技種目=サッカー・フットサル,発生場所2=運動場・校庭（園庭）,3,35,0.022109917877447885,0.5737704918032787,1.6019024488969844
場合別2=体育的部活動 | 競技種目=サッカー・フットサル,発生場所2=運動場・校庭（園庭）,3,35,0.022109917877447885,0.5737704918032787,1.6019024488969844
発生場所1=学校内・校舎内（園内・園舎内） | 被災学校種=小,性別=女,3,44,0.027795325331648767,0.3963963963963964,1.6007538150395293
場合別2=体育的部活動,性別=男 | 発生場所2=運動場・校庭（園庭）,3,323,0.2040429564118762,0.4792284866468843,1.600461380510586
性別=男 | 発生場所2=運動場・校庭（園庭）,場合別2=体育的部活動,3,323,0.2040429564118762,0.6814345991561181,1.600461380510586
発生場所1=学校内・校舎外（園内・園舎外） | 給付年度=22,場合別1=課外指導,3,25,0.015792798483891344,0.6944444444444444,1.6001536470968785
発生場所2=運動場・校庭（園庭） | 給付年度=22,場合別1=課外指導,3,25,0.015792798483891344,0.6944444444444444,1.6001536470968785
被災学年=3 | 被災学校種=小,発生場所1=学校内・校舎内（園内・園舎内）,3,22,0.013897662665824383,0.4888888888888889,1.598989898989899
競技種目=野球（含軟式） | 給付年度=24,被災学校種=高,3,17,0.010739102969046115,0.8947368421052632,1.5986099560413451
給付年度=25,和暦=平成 | 競技種目=野球（含軟式）,3,21,0.013265950726468731,0.2916666666666667,1.5976066897347174
場合別1=各教科等 | 被災学校種=小,発生場所1=学校内・校舎内（園内・園舎内）,3,21,0.013265950726468731,0.4883720930232558,1.597299634826062
給付年度=30 | 被災学校種=高,場合別1=課外指導,3,27,0.017056222362602652,0.6923076923076923,1.5952300974135034
給付年度=19 | 被災学年=1,場合別1=課外指導,3,18,0.011370814908401769,0.6923076923076923,1.5952300974135034
給付年度=1 | 被災学校種=高,場合別1=課外指導,3,18,0.011370814908401769,0.6923076923076923,1.5952300974135034
給付年度=5 | 被災学校種=高,場合別1=課外指導,3,18,0.011370814908401769,0.6923076923076923,1.5952300974135034
場合別1=課外指導 | 競技種目=サッカー・フットサル,発生場所1=学校内・校舎外（園内・園舎外）,3,37,0.02337334175615919,0.6065573770491803,1.5949839333369642
場合別2=体育的部活動 | 競技種目=サッカー・フットサル,発生場所1=学校内・校舎外（園内・園舎外）,3,37,0.02337334175615919,0.6065573770491803,1.5949839333369642
場合別2=体育的部活動,被災学年=2 | 被災学校種=高,3,237,0.14971572962728996,0.3516320474777448,1.594938484691318
被災学年=2 | 被災学校種=高,場合別2=体育的部活動,3,237,0.14971572962728996,0.6790830945558739,1.594938484691318
性別=女 | 被災学年=1,発生場所1=学校外（園外）,3,50,0.03158559696778269,0.5,1.5925553319919519
給付年度=27 | 被災学校種=高,場合別1=課外指導,3,38,0.024005053695514846,0.6909090909090909,1.5920074103480217
和暦=平成 | 場合別1=学校行事,被災学校種=小,3,17,0.010739102969046115,0.2463768115942029,1.5918958887902988
場合別1=課外指導,被災学年=2 | 被災学校種=高,3,241,0.15224257738471256,0.3508005822416303,1.591167110855303
被災学年=2 | 被災学校種=高,場合別1=課外指導,3,241,0.15224257738471256,0.6905444126074498,1.5911671108553027
場合別2=体育的部活動 | 性別=女,被災学校種=中,3,38,0.024005053695514846,0.3877551020408163,1.5901977371259384
競技種目=サッカー・フットサル,和暦=令和 | 性別=男,3,16,0.01010739102969046,0.2077922077922078,1.5890582847104586
競技種目=バスケットボール | 被災学年=3,場合別2=体育的部活動,3,23,0.014529374605180037,0.6764705882352942,1.5888025833478792
発生場所2=運動場・校庭（園庭） | 給付年度=20,場合別2=体育的部活動,3,23,0.014529374605180037,0.6764705882352942,1.5888025833478792
競技種目=野球（含軟式） | 給付年度=17,被災学校種=高,3,16,0.01010739102969046,0.8888888888888888,1.5881615249561074
和暦=令和 | 発生場所2=学校外運動場・競技場,被災学校種=高,3,16,0.01010739102969046,0.8888888888888888,1.5881615249561074
被災学校種=小,和暦=平成 | 発生場所1=学校内・校舎内（園内・園舎内）,3,99,0.06253948199620973,0.40408163265306124,1.5872486960044563
和暦=平成 | 発生場所1=学校内・校舎内（園内・園舎内）,被災学校種=小,3,99,0.06253948199620973,0.2456575682382134,1.5872486960044563
競技種目=野球（含軟式） | 被災学年=2,被災学校種=高,3,135,0.08528111181301326,0.8881578947368421,1.5868554710704528
発生場所2=体育館・屋内運動場 | 被災学年=2,場合別1=各教科等,3,21,0.013265950726468731,0.23333333333333334,1.5852646638054364
和暦=令和 | 通学方法=自転車,被災学年=1,3,21,0.013265950726468731,0.4666666666666667,1.5852646638054364
被災学年=3,場合別1=各教科等,2,94,0.05938092229943146,0.23325062034739455,1.584702712488951
場合別1=各教科等,被災学年=3,2,94,0.05938092229943146,0.4034334763948498,1.5847027124889508
性別=女 | 被災学校種=高,発生場所1=学校外（園外）,3,83,0.05243209096651927,0.49700598802395207,1.5830190725189461
競技種目=バレーボール,場合別2=体育的部活動 | 被災学校種=高,3,23,0.014529374605180037,0.5348837209302325,1.5826559443599215
場合別1=課外指導 | 給付年度=20,被災学年=2,3,23,0.014529374605180037,0.5476190476190477,1.5818995481404243
場合別2=体育的部活動 | 給付年度=20,被災学年=2,3,23,0.014529374605180037,0.5476190476190477,1.5818995481404243
発生場所2=運動場・校庭（園庭） | 競技種目=サッカー・フットサル,場合別1=課外指導,3,35,0.022109917877447885,0.6862745098039216,1.5813283100722093
和暦=令和 | 場合別2=体育的部活動,発生場所2=運動場・校庭（園庭）,3,64,0.04042956411876184,0.5663716814159292,1.581245805434596
発生場所2=学校外体育館,場合別2=体育的部活動 | 性別=男,3,23,0.014529374605180037,0.575,1.580251736111111
給付年度=27,発生場所1=学校内・校舎外（園内・園舎外） | 被災学年=2,3,19,0.012002526847757423,0.20430107526881722,1.5776029373196958
発生場所2=運動場・校庭（園庭） | 被災学年=3,競技種目=野球（含軟式）,3,47,0.02969046114971573,0.35074626865671643,1.5773617706919947
場合別1=学校行事,和暦=平成 | 被災学校種=小,3,17,0.010739102969046115,0.21518987341772153,1.577062822315987
場合別1=課外指導 | 給付年度=28,被災学校種=高,3,30,0.018951358180669616,0.8823529411764706,1.5764838666843712
場合別2=体育的部活動 | 給付年度=28,被災学校種=高,3,30,0.018951358180669616,0.8823529411764706,1.5764838666843712
場合別1=各教科等 | 性別=男,被災学年=3,3,65,0.0410612760581175,0.4012345679012346,1.5760653126244524
給付年度=18,和暦=平成 | 発生場所2=体育館・屋内運動場,3,23,0.014529374605180037,0.2,1.575124378109453
給付年度=22,和暦=平成 | 発生場所2=体育館・屋内運動場,3,21,0.013265950726468731,0.2,1.575124378109453
被災学年=6,発生場所1=学校内・校舎内（園内・園舎内）,2,26,0.016424510423247,0.48148148148148145,1.574762779308234
給付年度=29 | 被災学校種=高,被災学年=1,3,19,0.012002526847757423,0.4634146341463415,1.5742175232911129
給付年度=27 | 被災学校種=高,発生場所2=運動場・校庭（園庭）,3,31,0.01958307012002527,0.5636363636363636,1.57360910694244
被災学年=1 | 通学方法=自転車,性別=女,3,37,0.02337334175615919,0.3894736842105263,1.572798066595059
和暦=平成 | 場合別1=各教科等,被災学年=3,3,76,0.04801010739102969,0.4,1.5712158808933003
発生場所1=学校内・校舎外（園内・園舎外） | 給付年度=17,被災学年=3,3,16,0.01010739102969046,0.4,1.5712158808933003
被災学年=4,性別=女,2,21,0.013265950726468731,0.3888888888888889,1.570436507936508
場合別1=課外指導,性別=男 | 発生場所2=運動場・校庭（園庭）,3,323,0.2040429564118762,0.47016011644832606,1.5701760851006332
性別=男 | 発生場所2=運動場・校庭（園庭）,場合別1=課外指導,3,323,0.2040429564118762,0.6814345991561181,1.5701760851006332
性別=男 | 給付年度=22,被災学校種=小,3,17,0.010739102969046115,0.24285714285714285,1.5691545189504374
発生場所1=学校内・校舎外（園内・園舎外）,場合別2=体育的部活動 | 被災学年=1,3,145,0.0915982312065698,0.24086378737541528,1.5690838494456065
場合別2=体育的部活動 | 被災学年=1,発生場所1=学校内・校舎外（園内・園舎外）,3,145,0.0915982312065698,0.5967078189300411,1.5690838494456065
競技種目=野球（含軟式）,性別=男 | 被災学年=2,3,150,0.09475679090334807,0.42613636363636365,1.568776427061311
性別=男 | 被災学年=2,競技種目=野球（含軟式）,3,150,0.09475679090334807,0.3488372093023256,1.568776427061311
場合別1=課外指導 | 競技種目=バレーボール,被災学年=2,3,19,0.012002526847757423,0.5428571428571428,1.5681438998957247
場合別2=体育的部活動 | 競技種目=バレーボール,被災学年=2,3,19,0.012002526847757423,0.5428571428571428,1.5681438998957247
場合別1=課外指導 | 性別=女,被災学校種=中,3,39,0.024636765634870498,0.38235294117647056,1.5680432794879609
場合別1=課外指導 | 競技種目=野球（含軟式）,被災学校種=高,3,305,0.19267214150347442,0.8764367816091954,1.565913572559093
場合別2=体育的部活動 | 競技種目=野球（含軟式）,被災学校種=高,3,305,0.19267214150347442,0.8764367816091954,1.565913572559093
被災学校種=高,場合別1=課外指導 | 競技種目=野球（含軟式）,3,305,0.19267214150347442,0.3442437923250564,1.5659135725590927
被災学校種=高,場合別2=体育的部活動 | 競技種目=野球（含軟式）,3,305,0.19267214150347442,0.3442437923250564,1.5659135725590927
発生場所1=学校外（園外） | 被災学校種=小,性別=女,3,19,0.012002526847757423,0.3877551020408163,1.5658579758433984
発生場所2=運動場・校庭（園庭）,場合別2=体育的部活動 | 性別=男,3,323,0.2040429564118762,0.5696649029982364,1.5655894816774447
場合別2=体育的部活動 | 性別=男,発生場所2=運動場・校庭（園庭）,3,323,0.2040429564118762,0.5607638888888888,1.5655894816774445
場合別2=体育的部活動 | 給付年度=22,発生場所1=学校内・校舎外（園内・園舎外）,3,25,0.015792798483891344,0.5952380952380952,1.565219110900174
競技種目=バレーボール,場合別1=課外指導 | 被災学校種=高,3,23,0.014529374605180037,0.5348837209302325,1.565103383054636
和暦=令和 | 性別=女,発生場所2=道路,3,17,0.010739102969046115,0.2698412698412698,1.5646839932554217
場合別1=各教科等 | 発生場所1=学校内・校舎内（園内・園舎内）,性別=女,3,43,0.027163613392293114,0.38738738738738737,1.5643730465159036
給付年度=18 | 被災学校種=高,競技種目=野球（含軟式）,3,24,0.015161086544535692,0.34782608695652173,1.5642292490118577
競技種目=サッカー・フットサル | 被災学年=1,被災学校種=高,3,21,0.013265950726468731,0.875,1.5633465011286682
発生場所1=学校外（園外） | 競技種目=サッカー・フットサル,被災学校種=高,3,21,0.013265950726468731,0.875,1.5633465011286682
和暦=令和 | 被災学校種=高,通学方法=自転車,3,34,0.02147820593809223,0.21518987341772153,1.5625943560562072
被災学校種=高,発生場所2=運動場・校庭（園庭） | 競技種目=野球（含軟式）,3,229,0.14466203411244472,0.2584650112866817,1.5616416521634242
発生場所2=運動場・校庭（園庭） | 競技種目=野球（含軟式）,被災学校種=高,3,229,0.14466203411244472,0.8740458015267175,1.5616416521634242
競技種目=バスケットボール | 被災学年=3,場合別1=課外指導,3,23,0.014529374605180037,0.6764705882352942,1.5587379056426063
発生場所2=運動場・校庭（園庭） | 給付年度=20,場合別1=課外指導,3,23,0.014529374605180037,0.6764705882352942,1.5587379056426063
場合別2=体育的部活動 | 給付年度=29,発生場所1=学校内・校舎外（園内・園舎外）,3,16,0.01010739102969046,0.5925925925925926,1.5582625815183955
発生場所1=学校内・校舎内（園内・園舎内）,場合別1=各教科等,2,111,0.07012002526847758,0.22933884297520662,1.5581261305997944
場合別1=各教科等,発生場所1=学校内・校舎内（園内・園舎内）,2,111,0.07012002526847758,0.47639484978540775,1.5581261305997944
場合別2=体育的部活動,性別=男 | 発生場所1=学校内・校舎外（園内・園舎外）,3,331,0.20909665192672142,0.4910979228486647,1.5579318875139003
性別=男 | 発生場所1=学校内・校舎外（園内・園舎外）,場合別2=体育的部活動,3,331,0.20909665192672142,0.6633266533066132,1.5579318875139
発生場所2=教室（保育室）,和暦=平成 | 被災学校種=中,3,25,0.015792798483891344,0.30864197530864196,1.5559880474954784
発生場所2=学校外体育館,場合別1=課外指導 | 性別=男,3,23,0.014529374605180037,0.575,1.5559401709401708
場合別1=休憩時間 | 性別=男,被災学校種=中,3,66,0.041692987997473153,0.3793103448275862,1.5555654815079507
発生場所2=その他,和暦=平成 | 発生場所1=学校外（園外）,3,24,0.015161086544535692,0.4067796610169492,1.55539179562761
場合別2=体育（保健体育）,被災学年=3,2,76,0.04801010739102969,0.3958333333333333,1.5548490488006617
場合別1=各教科等 | 場合別2=体育（保健体育）,被災学年=3,3,76,0.04801010739102969,0.3958333333333333,1.5548490488006617
給付年度=27 | 被災学校種=高,競技種目=野球（含軟式）,3,19,0.012002526847757423,0.34545454545454546,1.5535640495867769
場合別1=課外指導 | 給付年度=25,被災学年=1,3,16,0.01010739102969046,0.45714285714285713,1.5529123237277744
場合別2=体育的部活動 | 給付年度=25,被災学年=1,3,16,0.01010739102969046,0.45714285714285713,1.5529123237277744
場合別2=体育的部活動 | 被災学校種=中,発生場所2=体育館・屋内運動場,3,31,0.01958307012002527,0.24031007751937986,1.5526973580129728
競技種目=野球（含軟式） | 被災学年=3,被災学校種=高,3,53,0.033480732785849655,0.8688524590163934,1.5523628020575067
和暦=平成 | 競技種目=野球（含軟式）,被災学校種=高,3,251,0.15855969677826912,0.8685121107266436,1.5517547079912832
被災学校種=高,和暦=平成 | 競技種目=野球（含軟式）,3,251,0.15855969677826912,0.2832957110609481,1.551754707991283
性別=女,和暦=平成 | 被災学校種=小,3,83,0.05243209096651927,0.21173469387755103,1.5517408352229782
和暦=平成 | 被災学校種=小,性別=女,3,83,0.05243209096651927,0.38425925925925924,1.551740835222978
性別=男 | 発生場所2=その他,発生場所1=学校外（園外）,3,19,0.012002526847757423,0.48717948717948717,1.551720579889594
性別=女 | 通学方法=自転車,被災学年=1,3,37,0.02337334175615919,0.4567901234567901,1.5517140889100831
場合別2=体育的部活動,性別=男 | 被災学校種=高,3,475,0.30006317119393555,0.7047477744807121,1.5516213171112203
性別=男 | 被災学校種=高,場合別2=体育的部活動,3,475,0.30006317119393555,0.6606397774687065,1.55162131711122
和暦=平成 | 被災学校種=高,競技種目=野球（含軟式）,3,251,0.15855969677826912,0.3447802197802198,1.5505314997502497
競技種目=野球（含軟式）,和暦=平成 | 被災学校種=高,3,251,0.15855969677826912,0.7130681818181818,1.5505314997502495
発生場所1=学校内・校舎外（園内・園舎外）,場合別1=課外指導 | 被災学年=1,3,145,0.0915982312065698,0.24086378737541528,1.5499486805499285
場合別1=課外指導 | 被災学年=1,発生場所1=学校内・校舎外（園内・園舎外）,3,145,0.0915982312065698,0.5894308943089431,1.5499486805499285
被災学校種=高 | 通学方法=自転車,被災学年=1,3,73,0.04611497157296273,0.45625,1.5498792918454936
性別=男 | 競技種目=野球（含軟式）,被災学校種=高,3,301,0.1901452937460518,0.8674351585014409,1.5498305371419652
被災学校種=高,性別=男 | 競技種目=野球（含軟式）,3,301,0.1901452937460518,0.3397291196388262,1.549830537141965
発生場所1=学校内・校舎外（園内・園舎外） | 競技種目=野球（含軟式）,被災学校種=高,3,228,0.14403032217308906,0.8669201520912547,1.5489103846054812
被災学校種=高,発生場所1=学校内・校舎外（園内・園舎外） | 競技種目=野球（含軟式）,3,228,0.14403032217308906,0.25733634311512416,1.548910384605481
競技種目=野球（含軟式）,被災学校種=高,2,305,0.19267214150347442,0.8664772727272727,1.5481191001436487
被災学校種=高,競技種目=野球（含軟式）,2,305,0.19267214150347442,0.3442437923250564,1.5481191001436487
場合別2=下校（降園）中 | 被災学校種=高,被災学年=1,3,36,0.022741629816803537,0.45569620253164556,1.5479980442223067
性別=女 | 被災学校種=小,発生場所1=学校内・校舎内（園内・園舎内）,3,44,0.027795325331648767,0.4731182795698925,1.5474095796676444
和暦=令和 | 被災学年=1,競技種目=野球（含軟式）,3,32,0.02021478205938092,0.34408602150537637,1.5474095796676444
給付年度=26,和暦=平成 | 発生場所1=学校外（園外）,3,36,0.022741629816803537,0.4044943820224719,1.5466536394723986
発生場所2=学校外運動場・競技場,和暦=平成 | 被災学年=2,3,53,0.033480732785849655,0.44537815126050423,1.5461263452749523
場合別2=体育（保健体育） | 発生場所2=運動場・校庭（園庭）,被災学年=3,3,35,0.022109917877447885,0.39325842696629215,1.5447347143613908
発生場所1=学校内・校舎外（園内・園舎外） | 給付年度=20,場合別2=体育的部活動,3,23,0.014529374605180037,0.6571428571428571,1.543408223823654
場合別2=授業終了後の特定時間中,和暦=平成 | 発生場所1=学校内・校舎内（園内・園舎内）,3,22,0.013897662665824383,0.39285714285714285,1.5431584544487769
給付年度=30 | 被災学年=2,被災学校種=高,3,19,0.012002526847757423,0.8636363636363636,1.543043299815309
発生場所2=運動場・校庭（園庭）,場合別1=課外指導 | 性別=男,3,323,0.2040429564118762,0.5696649029982364,1.541503489651638
場合別1=課外指導 | 性別=男,発生場所2=運動場・校庭（園庭）,3,323,0.2040429564118762,0.5521367521367522,1.541503489651638
場合別1=課外指導 | 給付年度=29,発生場所1=学校内・校舎外（園内・園舎外）,3,17,0.010739102969046115,0.5862068965517241,1.541470958872723
和暦=平成 | 通学方法=自転車,性別=女,3,66,0.041692987997473153,0.3815028901734104,1.540609885572726
和暦=平成 | 場合別2=体育（保健体育）,被災学年=3,3,60,0.03790271636133923,0.39215686274509803,1.5404077263659806
和暦=令和 | 場合別1=課外指導,発生場所2=運動場・校庭（園庭）,3,64,0.04042956411876184,0.5517241379310345,1.5403515173630116
場合別1=課外指導 | 給付年度=29,発生場所2=運動場・校庭（園庭）,3,16,0.01010739102969046,0.5517241379310345,1.5403515173630116
和暦=平成 | 被災学年=6,発生場所1=学校内・校舎内（園内・園舎内）,3,24,0.015161086544535692,0.47058823529411764,1.5391346621293147
発生場所1=学校外（園外） | 給付年度=20,被災学校種=高,3,31,0.01958307012002527,0.8611111111111112,1.5385314773012293
場合別2=体育的部活動 | 給付年度=18,発生場所2=運動場・校庭（園庭）,3,27,0.017056222362602652,0.5510204081632653,1.5383867832847422
給付年度=2,場合別2=体育的部活動 | 被災学年=1,3,17,0.010739102969046115,0.2361111111111111,1.5381229995427528
場合別1=課外指導,性別=男 | 発生場所1=学校内・校舎外（園内・園舎外）,3,333,0.21036007580543273,0.4847161572052402,1.5376867271661228
性別=男 | 発生場所1=学校内・校舎外（園内・園舎外）,場合別1=課外指導,3,333,0.21036007580543273,0.6673346693386774,1.5376867271661225
性別=男 | 給付年度=27,発生場所2=運動場・校庭（園庭）,3,38,0.024005053695514846,0.5507246376811594,1.5375610254837309
競技種目=野球（含軟式） | 被災学年=1,被災学校種=高,3,117,0.0739102969046115,0.8602941176470589,1.5370717700172623
和暦=令和 | 被災学校種=高,競技種目=野球（含軟式）,3,54,0.034112444725205304,0.34177215189873417,1.537003739930955
給付年度=20,和暦=平成 | 被災学年=3,3,35,0.022109917877447885,0.32710280373831774,1.5365096092515043
和暦=令和 | 場合別2=体育的部活動,発生場所1=学校内・校舎外（園内・園舎外）,3,66,0.041692987997473153,0.584070796460177,1.5358539382001
発生場所2=運動場・校庭（園庭） | 給付年度=24,場合別2=体育的部活動,3,17,0.010739102969046115,0.6538461538461539,1.5356653732024652
場合別1=課外指導,性別=男 | 被災学校種=高,3,479,0.3025900189513582,0.6972343522561864,1.535079248430519
性別=男 | 被災学校種=高,場合別1=課外指導,3,479,0.3025900189513582,0.6662030598052852,1.5350792484305187
給付年度=28,被災学校種=小,2,19,0.012002526847757423,0.2375,1.5345408163265306
和暦=平成 | 給付年度=28,被災学校種=小,3,19,0.012002526847757423,0.2375,1.5345408163265306
場合別2=体育的部活動 | 被災学校種=高,発生場所2=運動場・校庭（園庭）,3,294,0.18572331017056223,0.5495327102803739,1.5342332987192802
発生場所2=運動場・校庭（園庭）,場合別2=体育的部活動 | 被災学校種=高,3,294,0.18572331017056223,0.5185185185185185,1.53423329871928
場合別2=体育（保健体育）,被災学年=3 | 被災学校種=高,3,40,0.025268477574226154,0.20833333333333334,1.5339147286821708
場合別1=各教科等 | 発生場所1=学校内・校舎外（園内・園舎外）,被災学年=3,3,41,0.025900189513581806,0.3904761904761905,1.5338059789672693
発生場所1=学校内・校舎内（園内・園舎内） | 給付年度=18,被災学年=3,3,16,0.01010739102969046,0.3902439024390244,1.532893542334927
性別=女,被災学校種=小,2,93,0.058749210360075806,0.2372448979591837,1.5328925447730113
被災学校種=小,性別=女,2,93,0.058749210360075806,0.3795918367346939,1.532892544773011
場合別2=授業終了後の特定時間中,性別=男 | 発生場所1=学校内・校舎内（園内・園舎内）,3,18,0.011370814908401769,0.32142857142857145,1.532594664371773
競技種目=バスケットボール,場合別2=体育的部活動 | 被災学校種=高,3,58,0.03663929248262792,0.5178571428571429,1.5322763684913219
場合別1=各教科等,和暦=平成 | 被災学年=3,3,76,0.04801010739102969,0.3261802575107296,1.5321761057551482
和暦=平成 | 被災学年=3,場合別1=各教科等,3,76,0.04801010739102969,0.22551928783382788,1.5321761057551482
和暦=平成 | 場合別1=各教科等,発生場所1=学校内・校舎内（園内・園舎内）,3,89,0.05622236260265319,0.46842105263157896,1.5320465419747717
和暦=令和 | 競技種目=野球（含軟式）,被災学校種=高,3,54,0.034112444725205304,0.8571428571428571,1.5314414704933892
場合別1=課外指導 | 給付年度=25,被災学校種=高,3,30,0.018951358180669616,0.8571428571428571,1.5314414704933892
場合別2=体育的部活動 | 給付年度=25,被災学校種=高,3,30,0.018951358180669616,0.8571428571428571,1.5314414704933892
場合別1=課外指導 | 給付年度=5,被災学校種=高,3,18,0.011370814908401769,0.8571428571428571,1.5314414704933892
場合別2=体育的部活動 | 給付年度=24,発生場所2=運動場・校庭（園庭）,3,17,0.010739102969046115,0.5483870967741935,1.5310348751208964
給付年度=27 | 被災学校種=高,発生場所1=学校内・校舎外（園内・園舎外）,3,32,0.02021478205938092,0.5818181818181818,1.5299305345816974
場合別1=各教科等 | 発生場所2=運動場・校庭（園庭）,被災学年=3,3,37,0.02337334175615919,0.3894736842105263,1.5298680945540029
場合別1=各教科等 | 被災学校種=中,和暦=令和,3,18,0.011370814908401769,0.2608695652173913,1.5294685990338164
性別=女 | 被災学年=2,被災学校種=中,3,44,0.027795325331648767,0.3728813559322034,1.5291999648722228
場合別1=課外指導 | 給付年度=20,発生場所2=運動場・校庭（園庭）,3,23,0.014529374605180037,0.5476190476190477,1.5288905685731085
場合別2=体育的部活動 | 給付年度=20,発生場所2=運動場・校庭（園庭）,3,23,0.014529374605180037,0.5476190476190477,1.5288905685731085
和暦=平成 | 発生場所2=その他,発生場所1=学校外（園外）,3,24,0.015161086544535692,0.48,1.5288531187122738
場合別1=課外指導 | 給付年度=22,発生場所1=学校内・校舎外（園内・園舎外）,3,25,0.015792798483891344,0.5813953488372093,1.5288186664606351
発生場所2=学校外体育館,被災学年=1,2,18,0.011370814908401769,0.45,1.5286480686695278
発生場所1=学校外（園外） | 発生場所2=学校外体育館,被災学年=1,3,18,0.011370814908401769,0.45,1.5286480686695278
場合別2=体育的部活動 | 給付年度=24,発生場所1=学校内・校舎外（園内・園舎外）,3,18,0.011370814908401769,0.5806451612903226,1.5268459972135893
性別=男 | 給付年度=27,発生場所1=学校内・校舎外（園内・園舎外）,3,40,0.025268477574226154,0.5797101449275363,1.5243873080071262
給付年度=24,和暦=平成 | 場合別1=休憩時間,3,16,0.01010739102969046,0.2,1.5221153846153848
場合別2=体育（保健体育） | 発生場所2=運動場・校庭（園庭）,被災学校種=中,3,33,0.020846493998736577,0.3707865168539326,1.5206089538336147
場合別2=体育（保健体育）,性別=男 | 被災学年=3,3,54,0.034112444725205304,0.28125,1.519517918088737
給付年度=2,場合別1=課外指導 | 被災学年=1,3,17,0.010739102969046115,0.2361111111111111,1.5193654019873533
和暦=令和 | 場合別1=課外指導,発生場所1=学校内・校舎外（園内・園舎外）,3,67,0.04232469993682881,0.5775862068965517,1.5188022683010654
発生場所1=学校外（園外） | 競技種目=野球（含軟式）,被災学年=2,3,41,0.025900189513581806,0.5256410256410257,1.5184119408571963
和暦=令和 | 発生場所2=運動場・校庭（園庭）,場合別2=体育的部活動,3,64,0.04042956411876184,0.6464646464646465,1.5183286874681534
性別=女 | 被災学年=3,通学方法=自転車,3,23,0.014529374605180037,0.20909090909090908,1.5183069224353627
和暦=令和 | 発生場所2=体育館・屋内運動場,被災学年=3,3,17,0.010739102969046115,0.38636363636363635,1.517651703135574
場合別2=体育的部活動 | 給付年度=17,発生場所2=運動場・校庭（園庭）,3,25,0.015792798483891344,0.5434782608695652,1.5173299593589447
発生場所2=運動場・校庭（園庭）,場合別1=課外指導 | 被災学校種=高,3,294,0.18572331017056223,0.5185185185185185,1.5172177723009515
場合別1=課外指導 | 被災学校種=高,発生場所2=運動場・校庭（園庭）,3,294,0.18572331017056223,0.5434380776340111,1.5172177723009515
発生場所1=学校内・校舎内（園内・園舎内） | 被災学年=1,場合別1=各教科等,3,23,0.014529374605180037,0.22330097087378642,1.517104879369974
性別=女,和暦=平成 | 場合別1=通学中,3,80,0.05053695514845231,0.20408163265306123,1.5167193638018586
和暦=平成 | 場合別1=通学中,性別=女,3,80,0.05053695514845231,0.3755868544600939,1.5167193638018586
場合別1=課外指導 | 発生場所2=体育館・屋内運動場,被災学年=2,3,63,0.03979785217940619,0.525,1.5165602189781022
場合別1=各教科等 | 競技種目=ソフトボール,被災学年=3,3,22,0.013897662665824383,0.38596491228070173,1.5160854991075703
場合別2=体育（保健体育） | 競技種目=ソフトボール,被災学年=3,3,22,0.013897662665824383,0.38596491228070173,1.5160854991075703
和暦=平成 | 発生場所2=学校外運動場・競技場,被災学年=2,3,53,0.033480732785849655,0.5247524752475248,1.5158451976584522
場合別1=課外指導 | 給付年度=25,発生場所2=運動場・校庭（園庭）,3,19,0.012002526847757423,0.5428571428571428,1.5155958679768202
場合別2=体育的部活動 | 給付年度=25,発生場所2=運動場・校庭（園庭）,3,19,0.012002526847757423,0.5428571428571428,1.5155958679768202
競技種目=バスケットボール,場合別1=課外指導 | 被災学校種=高,3,58,0.03663929248262792,0.5178571428571429,1.5152825455505678
場合別2=体育（保健体育） | 性別=男,被災学年=3,3,54,0.034112444725205304,0.38571428571428573,1.5151010280042538
被災学校種=高 | 通学方法=自転車,性別=女,3,60,0.03790271636133923,0.375,1.5143494897959182
発生場所1=学校内・校舎外（園内・園舎外） | 給付年度=20,場合別1=課外指導,3,23,0.014529374605180037,0.6571428571428571,1.5142025369099603
性別=女 | 被災学校種=中,発生場所1=学校内・校舎内（園内・園舎内）,3,50,0.03158559696778269,0.46296296296296297,1.514194980104071
給付年度=27 | 被災学年=2,発生場所1=学校内・校舎外（園内・園舎外）,3,19,0.012002526847757423,0.5757575757575758,1.5139937581798049
場合別2=体育（保健体育） | 発生場所1=学校内・校舎外（園内・園舎外）,被災学年=3,3,37,0.02337334175615919,0.3854166666666667,1.5139319685690653
発生場所2=廊下 | 被災学校種=中,被災学年=2,3,22,0.013897662665824383,0.5238095238095238,1.5131213069169274
場合別1=課外指導 | 給付年度=21,発生場所1=学校内・校舎外（園内・園舎外）,3,23,0.014529374605180037,0.575,1.512001661129568
場合別2=体育的部活動 | 給付年度=21,発生場所1=学校内・校舎外（園内・園舎外）,3,23,0.014529374605180037,0.575,1.512001661129568
競技種目=野球（含軟式） | 給付年度=20,被災学校種=高,3,22,0.013897662665824383,0.8461538461538461,1.511807605487064
発生場所2=その他,発生場所1=学校外（園外）,2,28,0.017687934301958308,0.4745762711864407,1.5115779422296491
場合別2=体育的部活動 | 性別=男,発生場所1=学校内・校舎外（園内・園舎外）,3,331,0.20909665192672142,0.5746527777777778,1.5110886166482098
発生場所1=学校内・校舎外（園内・園舎外）,場合別2=体育的部活動 | 性別=男,3,331,0.20909665192672142,0.5498338870431894,1.5110886166482096
発生場所1=学校内・校舎外（園内・園舎外） | 給付年度=18,場合別2=体育的部活動,3,27,0.017056222362602652,0.6428571428571429,1.5098558711318355
発生場所2=運動場・校庭（園庭） | 給付年度=18,場合別2=体育的部活動,3,27,0.017056222362602652,0.6428571428571429,1.5098558711318355
場合別2=体育的部活動 | 発生場所1=学校外（園外）,被災学校種=高,3,147,0.09286165508528112,0.8448275862068966,1.5094380010897488
性別=女 | 被災学校種=高,発生場所2=体育館・屋内運動場,3,39,0.024636765634870498,0.23353293413173654,1.5089087131858732
場合別1=通学中 | 被災学校種=高,性別=女,3,62,0.03916614024005054,0.37349397590361444,1.5082677649373
場合別1=課外指導 | 給付年度=18,発生場所2=運動場・校庭（園庭）,3,27,0.017056222362602652,0.54,1.5076190476190476
発生場所2=道路 | 被災学校種=高,被災学年=1,3,75,0.047378395451674035,0.4437869822485207,1.507542474033065
性別=男 | 被災学年=3,場合別1=各教科等,3,65,0.0410612760581175,0.22184300341296928,1.5071994609559243
場合別1=各教科等,性別=男 | 被災学年=3,3,65,0.0410612760581175,0.27896995708154504,1.507199460955924
発生場所2=運動場・校庭（園庭） | 給付年度=24,場合別1=課外指導,3,17,0.010739102969046115,0.6538461538461539,1.5066062031127532
発生場所2=運動場・校庭（園庭） | 給付年度=17,場合別2=体育的部活動,3,25,0.015792798483891344,0.6410256410256411,1.5055542874533974
場合別2=体育的部活動 | 発生場所2=体育館・屋内運動場,被災学年=2,3,62,0.03916614024005054,0.5210084033613446,1.505029749125928
給付年度=18 | 通学方法=自転車,被災学校種=高,3,16,0.01010739102969046,0.8421052631578947,1.504574076274207
場合別2=体育的部活動 | 給付年度=5,被災学校種=高,3,16,0.01010739102969046,0.8421052631578947,1.504574076274207
場合別1=休憩時間,性別=男 | 被災学校種=中,3,66,0.041692987997473153,0.264,1.5032805755395684
性別=男 | 被災学校種=中,場合別1=休憩時間,3,66,0.041692987997473153,0.23741007194244604,1.5032805755395682
性別=女,和暦=平成 | 発生場所2=道路,3,83,0.05243209096651927,0.21173469387755103,1.5030314816509565
和暦=平成 | 発生場所2=道路,性別=女,3,83,0.05243209096651927,0.3721973094170404,1.5030314816509562
場合別1=休憩時間 | 被災学年=4,発生場所1=学校内・校舎外（園内・園舎外）,3,16,0.01010739102969046,0.5714285714285714,1.502610346464167
和暦=平成 | 場合別2=授業終了後の特定時間中,性別=女,3,16,0.01010739102969046,0.37209302325581395,1.502610346464167
発生場所2=学校外運動場・競技場 | 競技種目=野球（含軟式）,被災学年=2,3,39,0.024636765634870498,0.52,1.502116788321168
発生場所1=学校内・校舎内（園内・園舎内） | 被災学年=3,被災学校種=中,3,52,0.032849020846494,0.36619718309859156,1.5017879296504415
給付年度=2,性別=男 | 被災学年=1,3,25,0.015792798483891344,0.3472222222222222,1.501783545840923
被災学年=2 | 被災学校種=中,発生場所1=学校内・校舎内（園内・園舎内）,3,67,0.04232469993682881,0.4589041095890411,1.500919846031926
性別=女,通学方法=自転車,2,81,0.051168667087807956,0.2066326530612245,1.5004563752106348
性別=女,場合別1=通学中 | 通学方法=自転車,3,81,0.051168667087807956,0.2066326530612245,1.5004563752106348
性別=女,発生場所1=学校外（園外） | 通学方法=自転車,3,81,0.051168667087807956,0.2066326530612245,1.5004563752106348
通学方法=自転車,性別=女,2,81,0.051168667087807956,0.37155963302752293,1.5004563752106346
場合別1=通学中 | 通学方法=自転車,性別=女,3,81,0.051168667087807956,0.37155963302752293,1.5004563752106346
発生場所1=学校外（園外） | 通学方法=自転車,性別=女,3,81,0.051168667087807956,0.37155963302752293,1.5004563752106346
場合別1=各教科等,和暦=平成 | 発生場所1=学校内・校舎内（園内・園舎内）,3,89,0.05622236260265319,0.38197424892703863,1.5004100150161344
和暦=平成 | 発生場所1=学校内・校舎内（園内・園舎内）,場合別1=各教科等,3,89,0.05622236260265319,0.22084367245657568,1.5004100150161344
発生場所2=運動場・校庭（園庭） | 給付年度=27,場合別2=体育的部活動,3,30,0.018951358180669616,0.6382978723404256,1.499147673464234
発生場所1=学校内・校舎内（園内・園舎内）,和暦=平成 | 被災学校種=小,3,99,0.06253948199620973,0.20454545454545456,1.4990530303030305
和暦=平成 | 被災学校種=小,発生場所1=学校内・校舎内（園内・園舎内）,3,99,0.06253948199620973,0.4583333333333333,1.4990530303030303
場合別2=体育（保健体育）,発生場所1=学校内・校舎内（園内・園舎内）,2,88,0.05559065066329753,0.4583333333333333,1.4990530303030303
場合別1=各教科等 | 場合別2=体育（保健体育）,発生場所1=学校内・校舎内（園内・園舎内）,3,88,0.05559065066329753,0.4583333333333333,1.4990530303030303
性別=男 | 給付年度=20,競技種目=野球（含軟式）,3,25,0.015792798483891344,0.3333333333333333,1.4990530303030303
性別=男 | 給付年度=27,競技種目=野球（含軟式）,3,23,0.014529374605180037,0.3333333333333333,1.4990530303030303
給付年度=26 | 被災学年=2,発生場所1=学校外（園外）,3,16,0.01010739102969046,0.47058823529411764,1.4988756065806605
給付年度=29,和暦=平成 | 発生場所1=学校内・校舎内（園内・園舎内）,3,29,0.01831964624131396,0.3815789473684211,1.4988572547995298
給付年度=30,和暦=平成 | 被災学年=1,3,24,0.015161086544535692,0.35294117647058826,1.4978709982652578
給付年度=2,場合別1=課外指導 | 発生場所1=学校内・校舎外（園内・園舎外）,3,25,0.015792798483891344,0.3472222222222222,1.4976914925825007
発生場所1=学校内・校舎外（園内・園舎外）,場合別1=課外指導 | 性別=男,3,333,0.21036007580543273,0.553156146179402,1.4968310759008434
場合別1=課外指導 | 性別=男,発生場所1=学校内・校舎外（園内・園舎外）,3,333,0.21036007580543273,0.5692307692307692,1.4968310759008434
場合別2=体育（保健体育） | 被災学校種=高,発生場所1=学校内・校舎内（園内・園舎内）,3,43,0.027163613392293114,0.4574468085106383,1.4961535080007033
場合別1=課外指導 | 発生場所1=学校内・校舎内（園内・園舎内）,被災学年=2,3,73,0.04611497157296273,0.5177304964539007,1.4955609049024174
性別=女 | 給付年度=22,発生場所1=学校内・校舎内（園内・園舎内）,3,16,0.01010739102969046,0.45714285714285713,1.495159386068477
場合別1=通学中,性別=女,2,97,0.06127605811749842,0.3702290076335878,1.4950829568468609
性別=女,場合別1=通学中,2,97,0.06127605811749842,0.24744897959183673,1.4950829568468609
性別=女,場合別1=通学中 | 発生場所1=学校外（園外）,3,97,0.06127605811749842,0.24744897959183673,1.4950829568468609
場合別1=通学中 | 発生場所1=学校外（園外）,性別=女,3,97,0.06127605811749842,0.3702290076335878,1.4950829568468609
和暦=令和 | 被災学校種=中,場合別1=休憩時間,3,17,0.010739102969046115,0.2361111111111111,1.4950555555555556
場合別1=課外指導 | 被災学校種=中,発生場所2=体育館・屋内運動場,3,31,0.01958307012002527,0.23134328358208955,1.4947608894303992
給付年度=4,被災学年=1,2,22,0.013897662665824383,0.44,1.4946781115879828
和暦=令和 | 発生場所2=道路,被災学年=1,3,22,0.013897662665824383,0.44,1.4946781115879828
和暦=令和 | 給付年度=4,被災学年=1,3,22,0.013897662665824383,0.44,1.4946781115879828
場合別1=通学中 | 被災学年=1,性別=女,3,37,0.02337334175615919,0.37,1.494158163265306
場合別1=通学中 | 被災学校種=高,被災学年=1,3,73,0.04611497157296273,0.4397590361445783,1.493859558405295
給付年度=27,和暦=平成 | 場合別1=課外指導,3,50,0.03158559696778269,0.5376344086021505,1.4904995951264521
性別=男 | 給付年度=2,被災学年=1,3,25,0.015792798483891344,0.43859649122807015,1.48991039831338
和暦=令和 | 発生場所2=運動場・校庭（園庭）,場合別1=課外指導,3,64,0.04042956411876184,0.6464646464646465,1.4895975769338214
性別=女,発生場所2=道路 | 通学方法=自転車,3,80,0.05053695514845231,0.20408163265306123,1.488761403178783
発生場所2=道路 | 通学方法=自転車,性別=女,3,80,0.05053695514845231,0.3686635944700461,1.488761403178783
場合別1=課外指導 | 発生場所1=学校外（園外）,被災学校種=高,3,149,0.09412507896399241,0.8324022346368715,1.487237852629986
被災学年=1,発生場所2=道路 | 通学方法=自転車,3,95,0.06001263423878711,0.20386266094420602,1.4871640196989777
発生場所2=道路 | 通学方法=自転車,被災学年=1,3,95,0.06001263423878711,0.4377880184331797,1.4871640196989775
場合別2=体育的部活動 | 発生場所1=学校内・校舎内（園内・園舎内）,被災学年=2,3,70,0.04421983575489577,0.5147058823529411,1.4868237440961785
給付年度=27,和暦=平成 | 場合別2=体育的部活動,3,49,0.03095388502842704,0.5268817204301075,1.4867268510532268
被災学校種=中 | 通学方法=自転車,被災学年=1,3,21,0.013265950726468731,0.4375,1.4861856223175967
発生場所1=学校内・校舎外（園内・園舎外） | 給付年度=27,場合別2=体育的部活動,3,31,0.01958307012002527,0.6326530612244898,1.4858899049233938
場合別1=課外指導 | 給付年度=17,発生場所2=運動場・校庭（園庭）,3,25,0.015792798483891344,0.5319148936170213,1.4850463432023715
被災学校種=高,場合別1=課外指導 | 発生場所2=運動場・校庭（園庭）,3,294,0.18572331017056223,0.33182844243792325,1.483854306156024
場合別1=課外指導 | 発生場所2=運動場・校庭（園庭）,被災学校種=高,3,294,0.18572331017056223,0.8305084745762712,1.483854306156024
被災学校種=高,場合別2=体育的部活動 | 発生場所2=運動場・校庭（園庭）,3,294,0.18572331017056223,0.33182844243792325,1.483854306156024
場合別2=体育的部活動 | 発生場所2=運動場・校庭（園庭）,被災学校種=高,3,294,0.18572331017056223,0.8305084745762712,1.483854306156024
場合別2=昼食時休憩時間中,和暦=平成 | 被災学年=3,3,24,0.015161086544535692,0.3157894736842105,1.4833671716382943
場合別2=体育的部活動 | 給付年度=19,被災学校種=高,3,44,0.027795325331648767,0.8301886792452831,1.4832829336854212
場合別1=課外指導 | 給付年度=24,発生場所2=運動場・校庭（園庭）,3,17,0.010739102969046115,0.53125,1.4831900352733687
場合別2=体育（保健体育）,性別=男 | 被災学校種=中,3,50,0.03158559696778269,0.2604166666666667,1.4828761990407675
場合別2=体育（保健体育） | 被災学校種=中,発生場所1=学校内・校舎内（園内・園舎内）,3,29,0.01831964624131396,0.453125,1.4820183367768596
発生場所1=学校内・校舎内（園内・園舎内）,被災学校種=小,2,111,0.07012002526847758,0.22933884297520662,1.4818097486928656
被災学校種=小,発生場所1=学校内・校舎内（園内・園舎内）,2,111,0.07012002526847758,0.4530612244897959,1.4818097486928656
発生場所1=学校内・校舎外（園内・園舎外） | 給付年度=18,場合別1=課外指導,3,27,0.017056222362602652,0.6428571428571429,1.4812850904553962
発生場所2=運動場・校庭（園庭） | 給付年度=18,場合別1=課外指導,3,27,0.017056222362602652,0.6428571428571429,1.4812850904553962
場合別1=課外指導 | 給付年度=26,被災学年=1,3,17,0.010739102969046115,0.4358974358974359,1.4807417189391439
場合別2=体育的部活動 | 給付年度=26,被災学年=1,3,17,0.010739102969046115,0.4358974358974359,1.4807417189391439
被災学年=1,通学方法=自転車,2,95,0.06001263423878711,0.20386266094420602,1.4803421663976062
被災学年=1,場合別1=通学中 | 通学方法=自転車,3,95,0.06001263423878711,0.20386266094420602,1.4803421663976062
被災学年=1,発生場所1=学校外（園外） | 通学方法=自転車,3,95,0.06001263423878711,0.20386266094420602,1.4803421663976062
通学方法=自転車,被災学年=1,2,95,0.06001263423878711,0.43577981651376146,1.480342166397606
場合別1=通学中 | 通学方法=自転車,被災学年=1,3,95,0.06001263423878711,0.43577981651376146,1.480342166397606
発生場所1=学校外（園外） | 通学方法=自転車,被災学年=1,3,95,0.06001263423878711,0.43577981651376146,1.480342166397606
場合別2=登校（登園）中,被災学年=1 | 被災学校種=高,3,35,0.022109917877447885,0.29914529914529914,1.4798344017094016
性別=女,発生場所2=道路,2,100,0.06317119393556538,0.25510204081632654,1.479218060850714
性別=女,発生場所1=学校外（園外） | 発生場所2=道路,3,100,0.06317119393556538,0.25510204081632654,1.479218060850714
発生場所2=道路,性別=女,2,100,0.06317119393556538,0.3663003663003663,1.4792180608507137
発生場所1=学校外（園外） | 発生場所2=道路,性別=女,3,100,0.06317119393556538,0.3663003663003663,1.4792180608507137
場合別1=課外指導 | 給付年度=24,発生場所1=学校内・校舎外（園内・園舎外）,3,18,0.011370814908401769,0.5625,1.4791320598006645
給付年度=2 | 被災学年=1,被災学校種=高,3,24,0.015161086544535692,0.8275862068965517,1.4786331439246518
性別=女,場合別1=通学中 | 発生場所2=道路,3,93,0.058749210360075806,0.2372448979591837,1.4785774546038888
場合別1=通学中 | 発生場所2=道路,性別=女,3,93,0.058749210360075806,0.3661417322834646,1.4785774546038888
発生場所2=運動場・校庭（園庭） | 給付年度=17,場合別1=課外指導,3,25,0.015792798483891344,0.6410256410256411,1.4770649050125033
給付年度=20 | 被災学校種=高,競技種目=野球（含軟式）,3,22,0.013897662665824383,0.3283582089552239,1.476679104477612
競技種目=野球（含軟式） | 給付年度=27,被災学校種=高,3,19,0.012002526847757423,0.8260869565217391,1.4759544606929043
発生場所2=道路 | 被災学年=1,性別=女,3,38,0.024005053695514846,0.36538461538461536,1.475520015698587
場合別1=各教科等 | 被災学年=1,発生場所1=学校内・校舎内（園内・園舎内）,3,23,0.014529374605180037,0.45098039215686275,1.47500405120726
被災学年=2 | 被災学校種=中,場合別1=休憩時間,3,34,0.02147820593809223,0.2328767123287671,1.4745753424657533
場合別2=体育的部活動 | 給付年度=18,被災学年=2,3,25,0.015792798483891344,0.5102040816326531,1.473819454789215
場合別2=体育的部活動 | 給付年度=27,被災学年=2,3,25,0.015792798483891344,0.5102040816326531,1.473819454789215
給付年度=20 | 被災学校種=高,発生場所1=学校外（園外）,3,31,0.01958307012002527,0.4626865671641791,1.4737079191567315
被災学校種=高,場合別2=体育的部活動 | 性別=男,3,475,0.30006317119393555,0.536117381489842,1.4733920397542013
場合別2=体育的部活動 | 性別=男,被災学校種=高,3,475,0.30006317119393555,0.8246527777777778,1.4733920397542013
給付年度=26,和暦=平成 | 被災学校種=中,3,26,0.016424510423247,0.29213483146067415,1.4727689114721247
発生場所2=運動場・校庭（園庭） | 給付年度=27,場合別1=課外指導,3,30,0.018951358180669616,0.6382978723404256,1.470779522437982
場合別1=課外指導 | 給付年度=26,発生場所1=学校外（園外）,3,18,0.011370814908401769,0.46153846153846156,1.4700510756848788
場合別2=体育的部活動 | 給付年度=26,発生場所1=学校外（園外）,3,18,0.011370814908401769,0.46153846153846156,1.4700510756848788
発生場所1=学校内・校舎外（園内・園舎外）,場合別2=体育的部活動 | 被災学校種=高,3,299,0.18888186986734049,0.49667774086378735,1.469609091191356
場合別2=体育的部活動 | 被災学校種=高,発生場所1=学校内・校舎外（園内・園舎外）,3,299,0.18888186986734049,0.5588785046728972,1.469609091191356
場合別1=通学中,和暦=平成 | 性別=女,3,80,0.05053695514845231,0.3053435114503817,1.469175618923873
和暦=平成 | 性別=女,場合別1=通学中,3,80,0.05053695514845231,0.24316109422492402,1.469175618923873
場合別1=休憩時間 | 発生場所1=学校内・校舎外（園内・園舎外）,性別=女,3,32,0.02021478205938092,0.36363636363636365,1.4684601113172542
性別=女 | 被災学年=3,発生場所2=体育館・屋内運動場,3,25,0.015792798483891344,0.22727272727272727,1.4684601113172542
発生場所2=教室（保育室）,被災学校種=中,2,29,0.01831964624131396,0.35802469135802467,1.4682722446107592
発生場所1=学校内・校舎内（園内・園舎内） | 発生場所2=教室（保育室）,被災学校種=中,3,29,0.01831964624131396,0.35802469135802467,1.4682722446107592
場合別2=体育（保健体育）,和暦=平成 | 被災学年=3,3,60,0.03790271636133923,0.3125,1.4679154302670623
発生場所1=学校内・校舎外（園内・園舎外） | 給付年度=17,場合別2=体育的部活動,3,25,0.015792798483891344,0.625,1.4679154302670623
給付年度=18 | 被災学年=2,場合別2=体育的部活動,3,25,0.015792798483891344,0.625,1.4679154302670623
場合別2=体育的部活動 | 発生場所1=学校内・校舎外（園内・園舎外）,被災学校種=高,3,299,0.18888186986734049,0.8214285714285714,1.4676314092228313
被災学校種=高,場合別2=体育的部活動 | 発生場所1=学校内・校舎外（園内・園舎外）,3,299,0.18888186986734049,0.33747178329571104,1.467631409222831
場合別2=体育的部活動,発生場所2=運動場・校庭（園庭）,2,354,0.22362602653190145,0.5252225519287834,1.466362080605404
場合別1=課外指導 | 場合別2=体育的部活動,発生場所2=運動場・校庭（園庭）,3,354,0.22362602653190145,0.5252225519287834,1.466362080605404
発生場所2=運動場・校庭（園庭）,場合別2=体育的部活動,2,354,0.22362602653190145,0.6243386243386243,1.4663620806054039
発生場所2=運動場・校庭（園庭）,場合別1=課外指導 | 場合別2=体育的部活動,3,354,0.22362602653190145,0.6243386243386243,1.4663620806054039
場合別2=体育的部活動,発生場所1=学校内・校舎外（園内・園舎外） | 発生場所2=運動場・校庭（園庭）,3,353,0.2229943145925458,0.5237388724035609,1.4648032420756836
発生場所1=学校内・校舎外（園内・園舎外） | 発生場所2=運動場・校庭（園庭）,場合別2=体育的部活動,3,353,0.2229943145925458,0.6236749116607774,1.4648032420756834
場合別2=体育（保健体育） | 性別=男,被災学校種=中,3,50,0.03158559696778269,0.35714285714285715,1.4646558105107328
場合別2=登校（登園）中 | 性別=女,被災学年=3,3,19,0.012002526847757423,0.37254901960784315,1.4633873400476816
場合別1=課外指導 | 性別=男,被災学校種=高,3,479,0.3025900189513582,0.8188034188034188,1.462941097026876
被災学校種=高,場合別1=課外指導 | 性別=男,3,479,0.3025900189513582,0.5406320541760722,1.4629410970268757
和暦=平成 | 性別=女,発生場所2=道路,3,83,0.05243209096651927,0.25227963525835867,1.4628522440072593
発生場所2=道路,和暦=平成 | 性別=女,3,83,0.05243209096651927,0.304029304029304,1.462852244007259
給付年度=25,被災学年=1,2,31,0.01958307012002527,0.4305555555555556,1.4625953743443014
和暦=平成 | 給付年度=25,被災学年=1,3,31,0.01958307012002527,0.4305555555555556,1.4625953743443014
和暦=令和 | 発生場所1=学校内・校舎外（園内・園舎外）,場合別2=体育的部活動,3,66,0.041692987997473153,0.6226415094339622,1.4623761267566204
和暦=令和 | 被災学校種=高,被災学年=1,3,68,0.04295641187618446,0.43037974683544306,1.461998152876623
発生場所2=学校外運動場・競技場 | 被災学年=1,被災学校種=高,3,27,0.017056222362602652,0.8181818181818182,1.4618304945618716
発生場所1=学校外（園外） | 給付年度=27,被災学校種=高,3,18,0.011370814908401769,0.8181818181818182,1.4618304945618716
給付年度=4 | 被災学年=1,被災学校種=高,3,18,0.011370814908401769,0.8181818181818182,1.4618304945618716
給付年度=27,発生場所2=運動場・校庭（園庭） | 被災学校種=高,3,31,0.01958307012002527,0.3333333333333333,1.461680517082179
場合別2=体育（保健体育） | 被災学年=1,発生場所1=学校内・校舎内（園内・園舎内）,3,21,0.013265950726468731,0.44680851063829785,1.46135924037278
給付年度=21,和暦=平成 | 発生場所2=運動場・校庭（園庭）,3,44,0.027795325331648767,0.43137254901960786,1.459108429696665
発生場所2=体育館・屋内運動場 | 被災学校種=中,被災学年=3,3,26,0.016424510423247,0.37142857142857144,1.4589861751152073
発生場所1=学校内・校舎外（園内・園舎外） | 給付年度=27,場合別1=課外指導,3,31,0.01958307012002527,0.6326530612244898,1.457772628702136
被災学年=3 | 被災学校種=中,場合別1=休憩時間,3,29,0.01831964624131396,0.23015873015873015,1.4573650793650792
通学方法=自転車,和暦=平成 | 性別=女,3,66,0.041692987997473153,0.30275229357798167,1.4567078441761245
和暦=平成 | 性別=女,通学方法=自転車,3,66,0.041692987997473153,0.2006079027355623,1.4567078441761245
和暦=令和 | 発生場所1=学校内・校舎外（園内・園舎外）,場合別1=課外指導,3,67,0.04232469993682881,0.6320754716981132,1.4564417346406304
給付年度=25,和暦=平成 | 発生場所2=運動場・校庭（園庭）,3,31,0.01958307012002527,0.4305555555555556,1.4563449667616335
給付年度=20,場合別1=通学中 | 発生場所2=道路,3,25,0.015792798483891344,0.2336448598130841,1.4561409963941423
和暦=令和 | 場合別1=通学中,被災学年=1,3,21,0.013265950726468731,0.42857142857142855,1.4558553034947883
場合別1=課外指導 | 発生場所1=学校内・校舎外（園内・園舎外）,被災学校種=高,3,299,0.18888186986734049,0.8147138964577657,1.4556344222264597
被災学校種=高,場合別1=課外指導 | 発生場所1=学校内・校舎外（園内・園舎外）,3,299,0.18888186986734049,0.33747178329571104,1.4556344222264594
場合別2=体育的部活動,和暦=平成 | 発生場所2=運動場・校庭（園庭）,3,290,0.1831964624131396,0.43026706231454004,1.455369144538284
和暦=平成 | 発生場所2=運動場・校庭（園庭）,場合別2=体育的部活動,3,290,0.1831964624131396,0.6196581196581197,1.455369144538284
場合別2=登校（登園）中 | 被災学年=1,被災学校種=高,3,35,0.022109917877447885,0.813953488372093,1.4542758150034123
和暦=平成 | 場合別2=体育（保健体育）,発生場所1=学校内・校舎内（園内・園舎内）,3,68,0.04295641187618446,0.4444444444444444,1.4536271808999082
和暦=令和 | 被災学校種=中,発生場所1=学校内・校舎内（園内・園舎内）,3,32,0.02021478205938092,0.4444444444444444,1.4536271808999082
発生場所1=学校内・校舎外（園内・園舎外）,場合別1=課外指導 | 被災学校種=高,3,299,0.18888186986734049,0.49667774086378735,1.4533102842650192
場合別1=課外指導 | 被災学校種=高,発生場所1=学校内・校舎外（園内・園舎外）,3,299,0.18888186986734049,0.5526802218114603,1.4533102842650192
和暦=平成 | 通学方法=自転車,被災学年=1,3,74,0.04674668351231838,0.4277456647398844,1.4530501873030837
給付年度=27,発生場所1=学校内・校舎外（園内・園舎外） | 被災学校種=高,3,32,0.02021478205938092,0.34408602150537637,1.4525017921146954
場合別2=体育（保健体育） | 発生場所1=学校内・校舎外（園内・園舎外）,被災学校種=中,3,34,0.02147820593809223,0.3541666666666667,1.4524503454231434
場合別2=体育（保健体育） | 被災学年=2,被災学校種=中,3,17,0.010739102969046115,0.3541666666666667,1.4524503454231434
給付年度=30,和暦=平成 | 場合別2=体育的部活動,3,35,0.022109917877447885,0.5147058823529411,1.452369717940652
場合別1=課外指導 | 給付年度=24,被災学校種=高,3,26,0.016424510423247,0.8125,1.451678893905192
性別=女 | 発生場所1=学校内・校舎外（園内・園舎外）,場合別1=各教科等,3,22,0.013897662665824383,0.21359223300970873,1.4511437976582358
場合別2=登校（登園）中 | 被災学校種=高,被災学年=1,3,35,0.022109917877447885,0.4268292682926829,1.4499371925049722
給付年度=27,場合別2=体育的部活動 | 発生場所1=学校内・校舎外（園内・園舎外）,3,31,0.01958307012002527,0.3333333333333333,1.4496336996336994
給付年度=2,場合別2=体育的部活動 | 発生場所1=学校内・校舎外（園内・園舎外）,3,24,0.015161086544535692,0.3333333333333333,1.4496336996336994
場合別2=体育的部活動 | 給付年度=18,発生場所1=学校内・校舎外（園内・園舎外）,3,27,0.017056222362602652,0.5510204081632653,1.4489456912333039
発生場所1=学校内・校舎外（園内・園舎外） | 被災学年=3,競技種目=野球（含軟式）,3,47,0.02969046114971573,0.3219178082191781,1.4477155977584062
給付年度=25,場合別2=体育的部活動 | 被災学年=1,3,16,0.01010739102969046,0.2222222222222222,1.4476451760402378
性別=男 | 給付年度=25,発生場所2=運動場・校庭（園庭）,3,28,0.017687934301958308,0.5185185185185185,1.4476451760402376
性別=男 | 給付年度=25,被災学年=1,3,23,0.014529374605180037,0.42592592592592593,1.4468685423621046
競技種目=野球（含軟式） | 給付年度=21,被災学校種=高,3,17,0.010739102969046115,0.8095238095238095,1.446361388799312
競技種目=野球（含軟式） | 給付年度=30,被災学校種=高,3,17,0.010739102969046115,0.8095238095238095,1.446361388799312
場合別2=体育（保健体育） | 性別=男,発生場所1=学校内・校舎外（園内・園舎外）,3,77,0.04864181933038535,0.55,1.446262458471761
給付年度=22 | 被災学校種=高,場合別1=課外指導,3,32,0.02021478205938092,0.6274509803921569,1.4457858834945914
場合別1=課外指導 | 給付年度=17,被災学年=1,3,20,0.012634238787113077,0.425531914893617,1.4455300885763858
給付年度=22 | 被災学年=2,場合別2=体育的部活動,3,24,0.015161086544535692,0.6153846153846154,1.4453321159552615
給付年度=5 | 被災学校種=高,場合別2=体育的部活動,3,16,0.01010739102969046,0.6153846153846154,1.4453321159552615
場合別1=課外指導 | 給付年度=18,被災学年=2,3,25,0.015792798483891344,0.5,1.4443430656934306
場合別1=課外指導 | 給付年度=27,被災学年=2,3,25,0.015792798483891344,0.5,1.4443430656934306
場合別1=課外指導 | 給付年度=21,被災学年=2,3,20,0.012634238787113077,0.5,1.4443430656934306
場合別2=体育的部活動 | 給付年度=21,被災学年=2,3,20,0.012634238787113077,0.5,1.4443430656934306
和暦=平成 | 発生場所2=教室（保育室）,被災学校種=中,3,25,0.015792798483891344,0.352112676056338,1.4440268554331168
和暦=平成 | 場合別2=体育的部活動,発生場所2=運動場・校庭（園庭）,3,290,0.1831964624131396,0.5169340463458111,1.4432215085809859
発生場所2=運動場・校庭（園庭）,和暦=平成 | 場合別2=体育的部活動,3,290,0.1831964624131396,0.5114638447971781,1.4432215085809856
性別=男 | 競技種目=ソフトボール,被災学年=3,3,18,0.011370814908401769,0.3673469387755102,1.4429533600040514
給付年度=27,場合別1=課外指導 | 発生場所2=運動場・校庭（園庭）,3,30,0.018951358180669616,0.3225806451612903,1.4425004556223802
給付年度=27,場合別2=体育的部活動 | 発生場所2=運動場・校庭（園庭）,3,30,0.018951358180669616,0.3225806451612903,1.4425004556223802
性別=男 | 被災学校種=小,発生場所1=学校内・校舎内（園内・園舎内）,3,67,0.04232469993682881,0.4407894736842105,1.4416730100043498
発生場所2=運動場・校庭（園庭） | 給付年度=19,場合別2=体育的部活動,3,27,0.017056222362602652,0.6136363636363636,1.441226058807661
和暦=令和 | 発生場所2=運動場・校庭（園庭）,被災学年=1,3,42,0.026531901452937462,0.42424242424242425,1.4411496943685786
場合別2=体育的部活動 | 給付年度=24,被災学校種=高,3,25,0.015792798483891344,0.8064516129032258,1.440872351270662
通学方法=自転車,和暦=平成 | 被災学年=1,3,74,0.04674668351231838,0.3394495412844037,1.4406129325823351
場合別2=体育（保健体育）,性別=男 | 発生場所1=学校内・校舎内（園内・園舎内）,3,58,0.03663929248262792,0.3020833333333333,1.440355170682731
発生場所1=学校内・校舎外（園内・園舎外） | 給付年度=17,場合別1=課外指導,3,25,0.015792798483891344,0.625,1.4401382823871907
給付年度=18 | 被災学年=2,場合別1=課外指導,3,25,0.015792798483891344,0.625,1.4401382823871907
場合別1=課外指導 | 給付年度=20,発生場所1=学校内・校舎外（園内・園舎外）,3,23,0.014529374605180037,0.5476190476190477,1.4400015820281602
場合別2=体育的部活動 | 給付年度=20,発生場所1=学校内・校舎外（園内・園舎外）,3,23,0.014529374605180037,0.5476190476190477,1.4400015820281602
場合別2=体育（保健体育） | 被災学校種=中,発生場所2=運動場・校庭（園庭）,3,33,0.020846493998736577,0.515625,1.4395667989417988
発生場所1=学校内・校舎外（園内・園舎外） | 給付年度=25,場合別2=体育的部活動,3,19,0.012002526847757423,0.6129032258064516,1.4395041638747965
発生場所2=運動場・校庭（園庭） | 給付年度=25,場合別2=体育的部活動,3,19,0.012002526847757423,0.6129032258064516,1.4395041638747965
給付年度=20,和暦=平成 | 性別=女,3,32,0.02021478205938092,0.29906542056074764,1.4389682697497372
和暦=令和 | 場合別2=体育的部活動,被災学校種=高,3,91,0.0574857864813645,0.8053097345132744,1.438832178029925
発生場所2=運動場・校庭（園庭）,場合別1=課外指導,2,354,0.22362602653190145,0.6243386243386243,1.4386143265328126
場合別1=課外指導,発生場所2=運動場・校庭（園庭）,2,354,0.22362602653190145,0.5152838427947598,1.4386143265328126
性別=男 | 通学方法=自転車,被災学年=1,3,58,0.03663929248262792,0.4233576642335766,1.4381441684157763
場合別2=登校（登園）中 | 通学方法=自転車,和暦=令和,3,26,0.016424510423247,0.24528301886792453,1.4380852550663872
給付年度=27,場合別1=課外指導 | 発生場所1=学校内・校舎外（園内・園舎外）,3,31,0.01958307012002527,0.3333333333333333,1.4377838328792008
場合別2=体育的部活動 | 給付年度=17,被災学校種=高,3,37,0.02337334175615919,0.8043478260869565,1.4371135538325648
場合別1=課外指導,発生場所1=学校内・校舎外（園内・園舎外） | 発生場所2=運動場・校庭（園庭）,3,353,0.2229943145925458,0.5138282387190685,1.437084985675416
発生場所1=学校内・校舎外（園内・園舎外） | 発生場所2=運動場・校庭（園庭）,場合別1=課外指導,3,353,0.2229943145925458,0.6236749116607774,1.4370849856754155
発生場所1=学校外（園外） | 給付年度=19,性別=女,3,16,0.01010739102969046,0.35555555555555557,1.435827664399093
場合別1=課外指導 | 競技種目=サッカー・フットサル,被災学校種=高,3,49,0.03095388502842704,0.8032786885245902,1.4352033452984496
場合別2=体育的部活動 | 競技種目=サッカー・フットサル,被災学校種=高,3,49,0.03095388502842704,0.8032786885245902,1.4352033452984496
発生場所1=学校内・校舎外（園内・園舎外） | 被災学校種=中,被災学年=3,3,46,0.029058749210360075,0.36507936507936506,1.4340462404978533
給付年度=25,和暦=平成 | 発生場所1=学校外（園外）,3,27,0.017056222362602652,0.375,1.4338768115942029
発生場所2=道路 | 被災学校種=高,性別=女,3,60,0.03790271636133923,0.35502958579881655,1.433703658978384
給付年度=21,和暦=平成 | 被災学校種=中,3,29,0.01831964624131396,0.28431372549019607,1.4333395778693643
給付年度=27,場合別2=体育的部活動 | 被災学年=2,3,25,0.015792798483891344,0.26881720430107525,1.4327866478404112
和暦=平成 | 被災学校種=高,場合別2=体育的部活動,3,444,0.2804801010739103,0.6098901098901099,1.4324273649199466
場合別2=体育的部活動,和暦=平成 | 被災学校種=高,3,444,0.2804801010739103,0.658753709198813,1.4324273649199464
和暦=令和 | 場合別1=課外指導,被災学校種=高,3,93,0.058749210360075806,0.8017241379310345,1.4324258581770064
発生場所2=学校外運動場・競技場 | 被災学校種=高,被災学年=2,3,53,0.033480732785849655,0.4953271028037383,1.430844532369193
被災学校種=中 | 通学方法=自転車,性別=女,3,17,0.010739102969046115,0.3541666666666667,1.4302189625850341
場合別2=登校（登園）中 | 被災学校種=高,和暦=令和,3,20,0.012634238787113077,0.24390243902439024,1.4299909665763324
給付年度=25,場合別1=課外指導 | 被災学年=1,3,16,0.01010739102969046,0.2222222222222222,1.4299909665763324
給付年度=26 | 被災学校種=高,場合別2=体育的部活動,3,28,0.017687934301958308,0.6086956521739131,1.4296219842600955
場合別1=課外指導 | 給付年度=18,被災学校種=高,3,40,0.025268477574226154,0.8,1.4293453724604968
性別=男 | 給付年度=4,被災学校種=高,3,28,0.017687934301958308,0.8,1.4293453724604968
場合別1=通学中 | 給付年度=20,被災学校種=高,3,20,0.012634238787113077,0.8,1.4293453724604968
発生場所2=道路 | 給付年度=20,被災学校種=高,3,20,0.012634238787113077,0.8,1.4293453724604968
場合別1=通学中 | 給付年度=18,被災学校種=高,3,16,0.01010739102969046,0.8,1.4293453724604968
場合別2=体育的部活動 | 給付年度=17,発生場所1=学校内・校舎外（園内・園舎外）,3,25,0.015792798483891344,0.5434782608695652,1.4291131012566807
場合別1=各教科等 | 被災学校種=高,発生場所1=学校内・校舎内（園内・園舎内）,3,45,0.028427037271004423,0.4368932038834951,1.4289296317098612
給付年度=2,場合別1=課外指導 | 発生場所2=運動場・校庭（園庭）,3,23,0.014529374605180037,0.3194444444444444,1.4284761456371626
給付年度=2,場合別2=体育的部活動 | 発生場所2=運動場・校庭（園庭）,3,23,0.014529374605180037,0.3194444444444444,1.4284761456371626
和暦=平成 | 場合別2=昼食時休憩時間中,被災学年=3,3,24,0.015161086544535692,0.36363636363636365,1.4283780735393639
場合別1=休憩時間 | 発生場所2=運動場・校庭（園庭）,性別=女,3,29,0.01831964624131396,0.35365853658536583,1.4281669985067196
性別=女 | 被災学年=3,場合別1=通学中,3,26,0.016424510423247,0.23636363636363636,1.4281054823039556
場合別1=課外指導,和暦=平成 | 発生場所2=運動場・校庭（園庭）,3,290,0.1831964624131396,0.42212518195050946,1.4278294081787533
和暦=平成 | 発生場所2=運動場・校庭（園庭）,場合別1=課外指導,3,290,0.1831964624131396,0.6196581196581197,1.427829408178753
給付年度=22 | 被災学校種=高,場合別2=体育的部活動,3,31,0.01958307012002527,0.6078431372549019,1.4276197125734564
場合別1=課外指導 | 給付年度=25,発生場所1=学校内・校舎外（園内・園舎外）,3,19,0.012002526847757423,0.5428571428571428,1.4274798291409587
場合別2=体育的部活動 | 給付年度=25,発生場所1=学校内・校舎外（園内・園舎外）,3,19,0.012002526847757423,0.5428571428571428,1.4274798291409587
被災学校種=中,場合別1=休憩時間,2,87,0.054958938723941884,0.22538860103626943,1.427160621761658
場合別1=休憩時間,被災学校種=中,2,87,0.054958938723941884,0.348,1.427160621761658
場合別1=学校行事,和暦=平成 | 被災学年=3,3,24,0.015161086544535692,0.3037974683544304,1.4270367727153213
給付年度=30,和暦=平成 | 場合別1=課外指導,3,35,0.022109917877447885,0.5147058823529411,1.4269341712166477
場合別2=体育的部活動 | 被災学年=3,被災学校種=高,3,103,0.06506632975363234,0.7984496124031008,1.4265753232890617
被災学校種=高,場合別2=体育的部活動 | 被災学年=1,3,194,0.12255211623499684,0.21896162528216703,1.4264043325994669
場合別2=体育的部活動 | 被災学年=1,被災学校種=高,3,194,0.12255211623499684,0.7983539094650206,1.4264043325994669
被災学校種=高,場合別2=体育的部活動 | 被災学年=2,3,237,0.14971572962728996,0.26749435665914223,1.425735914449233
場合別2=体育的部活動 | 被災学年=2,被災学校種=高,3,237,0.14971572962728996,0.797979797979798,1.425735914449233
発生場所1=学校内・校舎外（園内・園舎外） | 被災学校種=小,性別=女,3,30,0.018951358180669616,0.35294117647058826,1.4252701080432173
場合別1=各教科等 | 発生場所2=運動場・校庭（園庭）,被災学校種=中,3,33,0.020846493998736577,0.3473684210526316,1.4245704935914918
場合別2=体育的部活動,被災学年=1 | 被災学校種=高,3,194,0.12255211623499684,0.2878338278931751,1.4238779673590505
被災学年=1 | 被災学校種=高,場合別2=体育的部活動,3,194,0.12255211623499684,0.60625,1.4238779673590503
発生場所2=廊下,性別=男 | 被災学校種=中,3,24,0.015161086544535692,0.25,1.4235611510791366
性別=女 | 被災学年=3,発生場所2=道路,3,27,0.017056222362602652,0.24545454545454545,1.4232767232767234
給付年度=18,和暦=平成 | 性別=女,3,34,0.02147820593809223,0.2956521739130435,1.4225452623232457
場合別2=体育的部活動 | 給付年度=19,発生場所2=運動場・校庭（園庭）,3,27,0.017056222362602652,0.5094339622641509,1.422282120395328
場合別2=体育的部活動 | 給付年度=18,被災学校種=高,3,39,0.024636765634870498,0.7959183673469388,1.4220527940295757
被災学年=3 | 被災学校種=高,場合別1=各教科等,3,45,0.028427037271004423,0.20930232558139536,1.4219982034135144
発生場所1=学校内・校舎外（園内・園舎外） | 競技種目=野球（含軟式）,被災学年=1,3,110,0.06948831332912192,0.41825095057034223,1.4207966840189952
被災学年=1,発生場所1=学校内・校舎外（園内・園舎外） | 競技種目=野球（含軟式）,3,110,0.06948831332912192,0.23605150214592274,1.420796684018995
場合別1=課外指導 | 給付年度=23,被災学校種=高,3,31,0.01958307012002527,0.7948717948717948,1.4201829021242114
場合別2=体育的部活動 | 給付年度=23,被災学校種=高,3,31,0.01958307012002527,0.7948717948717948,1.4201829021242114
性別=男 | 給付年度=2,競技種目=野球（含軟式）,3,18,0.011370814908401769,0.3157894736842105,1.4201555023923444
場合別2=体育的部活動,発生場所1=学校内・校舎外（園内・園舎外）,2,364,0.229943145925458,0.5400593471810089,1.4201228348630184
場合別1=課外指導 | 場合別2=体育的部活動,発生場所1=学校内・校舎外（園内・園舎外）,3,364,0.229943145925458,0.5400593471810089,1.4201228348630184
発生場所1=学校内・校舎外（園内・園舎外）,場合別2=体育的部活動,2,364,0.229943145925458,0.6046511627906976,1.4201228348630182
発生場所1=学校内・校舎外（園内・園舎外）,場合別1=課外指導 | 場合別2=体育的部活動,3,364,0.229943145925458,0.6046511627906976,1.4201228348630182
場合別1=課外指導 | 給付年度=18,発生場所1=学校内・校舎外（園内・園舎外）,3,27,0.017056222362602652,0.54,1.419966777408638
場合別1=課外指導 | 発生場所2=学校外運動場・競技場,被災学年=2,3,57,0.036007580543272265,0.49137931034482757,1.419440599043544
場合別2=体育的部活動 | 発生場所2=学校外運動場・競技場,被災学年=2,3,57,0.036007580543272265,0.49137931034482757,1.419440599043544
場合別1=課外指導 | 被災学年=3,被災学校種=高,3,104,0.065698041692988,0.7938931297709924,1.4184343390829357
場合別2=体育的部活動,被災学校種=高,2,535,0.3379658875552748,0.7937685459940653,1.4182117475266427
場合別1=課外指導 | 場合別2=体育的部活動,被災学校種=高,3,535,0.3379658875552748,0.7937685459940653,1.4182117475266427
被災学校種=高,場合別2=体育的部活動,2,535,0.3379658875552748,0.6038374717832957,1.4182117475266425
被災学校種=高,場合別1=課外指導 | 場合別2=体育的部活動,3,535,0.3379658875552748,0.6038374717832957,1.4182117475266425
給付年度=17,和暦=平成 | 被災学年=3,3,32,0.02021478205938092,0.3018867924528302,1.4180616986730865
場合別1=課外指導,和暦=平成 | 被災学校種=高,3,448,0.2830069488313329,0.6521106259097526,1.4179823088120032
和暦=平成 | 被災学校種=高,場合別1=課外指導,3,448,0.2830069488313329,0.6153846153846154,1.4179823088120032
給付年度=22 | 被災学年=2,場合別1=課外指導,3,24,0.015161086544535692,0.6153846153846154,1.4179823088120032
発生場所2=運動場・校庭（園庭）,和暦=平成 | 場合別1=課外指導,3,290,0.1831964624131396,0.5114638447971781,1.4179461756811433
和暦=平成 | 場合別1=課外指導,発生場所2=運動場・校庭（園庭）,3,290,0.1831964624131396,0.5078809106830122,1.4179461756811433
発生場所1=学校内・校舎内（園内・園舎内） | 被災学校種=中,場合別1=各教科等,3,34,0.02147820593809223,0.2085889570552147,1.4171515837699782
被災学校種=高,場合別1=課外指導 | 被災学年=2,3,241,0.15224257738471256,0.27200902934537247,1.4164154389925152
場合別1=課外指導 | 被災学年=2,被災学校種=高,3,241,0.15224257738471256,0.7927631578947368,1.4164154389925152
被災学校種=高,場合別1=課外指導 | 被災学年=1,3,195,0.1231838281743525,0.2200902934537246,1.4162720916148215
場合別1=課外指導 | 被災学年=1,被災学校種=高,3,195,0.1231838281743525,0.7926829268292683,1.4162720916148215
発生場所2=その他,性別=男 | 発生場所1=学校外（園外）,3,19,0.012002526847757423,0.3220338983050847,1.4160546139359698
場合別2=体育（保健体育） | 性別=男,発生場所2=運動場・校庭（園庭）,3,71,0.04485154769425142,0.5071428571428571,1.4158856135046611
給付年度=21 | 被災学校種=高,競技種目=野球（含軟式）,3,17,0.010739102969046115,0.3148148148148148,1.4157723063973064
競技種目=サッカー・フットサル,被災学校種=高,2,61,0.03853442830069488,0.7922077922077922,1.4154231772741932
給付年度=22 | 被災学年=1,被災学校種=高,3,19,0.012002526847757423,0.7916666666666666,1.4144563581640333
給付年度=29 | 被災学年=1,被災学校種=高,3,19,0.012002526847757423,0.7916666666666666,1.4144563581640333
和暦=平成 | 場合別2=体育的部活動,被災学校種=高,3,444,0.2804801010739103,0.7914438502673797,1.4140582561774968
被災学校種=高,和暦=平成 | 場合別2=体育的部活動,3,444,0.2804801010739103,0.5011286681715575,1.4140582561774966
発生場所2=運動場・校庭（園庭） | 給付年度=19,場合別1=課外指導,3,27,0.017056222362602652,0.6136363636363636,1.4139539499801508
給付年度=27,発生場所1=学校内・校舎外（園内・園舎外） | 発生場所2=運動場・校庭（園庭）,3,47,0.02969046114971573,0.5053763440860215,1.4134465595197387
性別=男 | 給付年度=22,競技種目=野球（含軟式）,3,22,0.013897662665824383,0.3142857142857143,1.4133928571428571
被災学年=1,発生場所2=運動場・校庭（園庭） | 競技種目=野球（含軟式）,3,109,0.06885660138976626,0.23390557939914164,1.4132539396520658
発生場所2=運動場・校庭（園庭） | 競技種目=野球（含軟式）,被災学年=1,3,109,0.06885660138976626,0.41603053435114506,1.4132539396520658
発生場所2=体育館・屋内運動場 | 被災学校種=高,場合別2=体育的部活動,3,86,0.05432722678458623,0.6013986013986014,1.4124836587744598
発生場所1=学校内・校舎外（園内・園舎外） | 給付年度=25,場合別1=課外指導,3,19,0.012002526847757423,0.6129032258064516,1.4122646382119546
発生場所2=運動場・校庭（園庭） | 給付年度=25,場合別1=課外指導,3,19,0.012002526847757423,0.6129032258064516,1.4122646382119546
給付年度=20,場合別1=通学中,2,25,0.015792798483891344,0.2336448598130841,1.4116786758935578
和暦=平成 | 給付年度=20,場合別1=通学中,3,25,0.015792798483891344,0.2336448598130841,1.4116786758935578
給付年度=20,場合別1=通学中 | 発生場所1=学校外（園外）,3,25,0.015792798483891344,0.2336448598130841,1.4116786758935578
場合別1=休憩時間,和暦=平成 | 被災学校種=中,3,70,0.04421983575489577,0.28,1.4115923566878983
和暦=平成 | 被災学校種=中,場合別1=休憩時間,3,70,0.04421983575489577,0.2229299363057325,1.411592356687898
場合別1=学校行事,発生場所1=学校外（園外）,2,35,0.022109917877447885,0.4430379746835443,1.4111249777143877
場合別2=体育的部活動,和暦=平成 | 発生場所1=学校内・校舎外（園内・園舎外）,3,298,0.18825015792798483,0.4421364985163205,1.411092897482531
和暦=平成 | 発生場所1=学校内・校舎外（園内・園舎外）,場合別2=体育的部活動,3,298,0.18825015792798483,0.6008064516129032,1.4110928974825308
給付年度=27,発生場所2=運動場・校庭（園庭）,2,47,0.02969046114971573,0.5053763440860215,1.4109537084447479
和暦=平成 | 給付年度=27,発生場所2=運動場・校庭（園庭）,3,47,0.02969046114971573,0.5053763440860215,1.4109537084447479
競技種目=バレーボール,被災学年=2,2,21,0.013265950726468731,0.4883720930232558,1.410753692072653
発生場所1=学校内・校舎外（園内・園舎外） | 給付年度=24,場合別2=体育的部活動,3,18,0.011370814908401769,0.6,1.4091988130563797
給付年度=30,性別=男 | 競技種目=野球（含軟式）,3,21,0.013265950726468731,0.3088235294117647,1.4088404814375317
競技種目=野球（含軟式） | 被災学校種=中,被災学年=1,3,17,0.010739102969046115,0.4146341463414634,1.4085104155762587
給付年度=21,和暦=平成 | 発生場所1=学校内・校舎外（園内・園舎外）,3,45,0.028427037271004423,0.4411764705882353,1.408028937381404
発生場所2=運動場・校庭（園庭） | 被災学年=1,被災学校種=高,3,145,0.0915982312065698,0.7880434782608695,1.40798287368731
場合別1=課外指導 | 給付年度=23,被災学年=2,3,19,0.012002526847757423,0.48717948717948717,1.4073086281115479
場合別2=体育的部活動 | 給付年度=23,被災学年=2,3,19,0.012002526847757423,0.48717948717948717,1.4073086281115479
給付年度=30 | 被災学校種=高,被災学年=2,3,19,0.012002526847757423,0.48717948717948717,1.4073086281115479
場合別1=課外指導,被災学校種=高,2,541,0.3417561591914087,0.7874818049490538,1.406979342250962
被災学校種=高,場合別1=課外指導,2,541,0.3417561591914087,0.6106094808126411,1.4069793422509618
場合別1=課外指導 | 給付年度=17,被災学校種=高,3,37,0.02337334175615919,0.7872340425531915,1.4065366697084676
給付年度=30,和暦=平成 | 発生場所1=学校外（園外）,3,25,0.015792798483891344,0.36764705882352944,1.4057615799943166
性別=男 | 競技種目=サッカー・フットサル,被災学校種=高,3,59,0.037271004421983576,0.7866666666666666,1.405522949586155
発生場所1=学校内・校舎外（園内・園舎外）,場合別1=課外指導,2,367,0.23183828174352494,0.6096345514950167,1.4047328893982698
場合別1=課外指導,発生場所1=学校内・校舎外（園内・園舎外）,2,367,0.23183828174352494,0.5342066957787481,1.4047328893982696
場合別1=課外指導,被災学年=1 | 被災学校種=高,3,195,0.1231838281743525,0.2838427947598253,1.4041348253275108
被災学年=1 | 被災学校種=高,場合別1=課外指導,3,195,0.1231838281743525,0.609375,1.4041348253275108
場合別1=学校行事,和暦=平成 | 被災学校種=中,3,22,0.013897662665824383,0.27848101265822783,1.4039345319680723
場合別1=課外指導 | 給付年度=19,被災学校種=高,3,44,0.027795325331648767,0.7857142857142857,1.4038213479522736
場合別1=課外指導 | 給付年度=20,被災学校種=高,3,33,0.020846493998736577,0.7857142857142857,1.4038213479522736
場合別2=体育的部活動 | 給付年度=20,被災学校種=高,3,33,0.020846493998736577,0.7857142857142857,1.4038213479522736
場合別2=体育的部活動 | 給付年度=17,被災学年=1,3,19,0.012002526847757423,0.41304347826086957,1.403106922933383
場合別2=登校（登園）中,和暦=令和,2,28,0.017687934301958308,0.23931623931623933,1.403102247546692
場合別1=通学中 | 場合別2=登校（登園）中,和暦=令和,3,28,0.017687934301958308,0.23931623931623933,1.403102247546692
場合別2=登校（登園）中 | 発生場所1=学校外（園外）,和暦=令和,3,28,0.017687934301958308,0.23931623931623933,1.403102247546692
場合別1=課外指導 | 給付年度=30,被災学年=2,3,17,0.010739102969046115,0.4857142857142857,1.4030761209593325
場合別2=体育的部活動 | 給付年度=30,被災学年=2,3,17,0.010739102969046115,0.4857142857142857,1.4030761209593325
発生場所1=学校内・校舎外（園内・園舎外） | 競技種目=ソフトボール,被災学年=3,3,25,0.015792798483891344,0.35714285714285715,1.4028713222261608
発生場所2=運動場・校庭（園庭） | 競技種目=ソフトボール,被災学年=3,3,25,0.015792798483891344,0.35714285714285715,1.4028713222261608
給付年度=26 | 被災学校種=高,場合別1=課外指導,3,28,0.017687934301958308,0.6086956521739131,1.402569457629264
発生場所2=体育館・屋内運動場 | 被災学校種=高,場合別1=課外指導,3,87,0.054958938723941884,0.6083916083916084,1.401868873484594
和暦=平成 | 場合別1=課外指導,被災学校種=高,3,448,0.2830069488313329,0.7845884413309983,1.4018098223780704
被災学校種=高,和暦=平成 | 場合別1=課外指導,3,448,0.2830069488313329,0.5056433408577878,1.4018098223780702
給付年度=18 | 被災学校種=高,場合別1=通学中,3,16,0.01010739102969046,0.2318840579710145,1.4010399380462442
和暦=令和 | 場合別1=通学中,性別=女,3,17,0.010739102969046115,0.3469387755102041,1.4010308204914619
性別=男 | 給付年度=30,場合別2=体育的部活動,3,34,0.02147820593809223,0.5964912280701754,1.4009578843250559
場合別2=登校（登園）中 | 発生場所2=道路,和暦=令和,3,27,0.017056222362602652,0.23893805309734514,1.4008849557522125
和暦=平成 | 競技種目=バレーボール,被災学年=2,3,16,0.01010739102969046,0.48484848484848486,1.400575094005751
発生場所1=学校内・校舎内（園内・園舎内） | 競技種目=バレーボール,被災学年=2,3,16,0.01010739102969046,0.48484848484848486,1.400575094005751
給付年度=18,和暦=平成 | 発生場所1=学校内・校舎内（園内・園舎内）,3,41,0.025900189513581806,0.3565217391304348,1.4004315460135937
競技種目=ソフトボール,性別=女,2,26,0.016424510423247,0.3466666666666667,1.3999319727891155
給付年度=27,場合別1=課外指導 | 被災学年=2,3,25,0.015792798483891344,0.26881720430107525,1.3997948500282964
場合別1=課外指導 | 給付年度=17,発生場所1=学校内・校舎外（園内・園舎外）,3,25,0.015792798483891344,0.5319148936170213,1.398706439527815
被災学年=2 | 通学方法=自転車,被災学校種=高,3,54,0.034112444725205304,0.782608695652174,1.398272646972225
発生場所1=学校内・校舎内（園内・園舎内） | 被災学校種=小,発生場所2=体育館・屋内運動場,3,24,0.015161086544535692,0.21621621621621623,1.3970215113072257
場合別2=体育（保健体育） | 被災学校種=中,発生場所1=学校内・校舎外（園内・園舎外）,3,34,0.02147820593809223,0.53125,1.3969580564784054
発生場所1=学校内・校舎外（園内・園舎外）,和暦=平成 | 場合別2=体育的部活動,3,298,0.18825015792798483,0.4950166112956811,1.3968115787541233
和暦=平成 | 場合別2=体育的部活動,発生場所1=学校内・校舎外（園内・園舎外）,3,298,0.18825015792798483,0.5311942959001783,1.3968115787541233
給付年度=17 | 被災学年=1,場合別1=課外指導,3,20,0.012634238787113077,0.6060606060606061,1.3964977283754576
給付年度=17 | 被災学年=3,発生場所2=運動場・校庭（園庭）,3,16,0.01010739102969046,0.5,1.3959435626102292
発生場所1=学校外（園外） | 給付年度=18,被災学校種=高,3,25,0.015792798483891344,0.78125,1.3958450902934538
被災学校種=中,性別=男 | 発生場所1=学校内・校舎内（園内・園舎内）,3,113,0.07138344914718889,0.2927461139896373,1.3958346338722767
性別=男 | 発生場所1=学校内・校舎内（園内・園舎内）,被災学校種=中,3,113,0.07138344914718889,0.34036144578313254,1.3958346338722767
場合別2=昼食時休憩時間中,被災学年=3,2,27,0.017056222362602652,0.35526315789473684,1.3954877889512864
場合別1=休憩時間 | 場合別2=昼食時休憩時間中,被災学年=3,3,27,0.017056222362602652,0.35526315789473684,1.3954877889512864
発生場所1=学校内・校舎外（園内・園舎外） | 給付年度=23,場合別2=体育的部活動,3,19,0.012002526847757423,0.59375,1.3945196587537092
給付年度=23 | 被災学年=2,場合別2=体育的部活動,3,19,0.012002526847757423,0.59375,1.3945196587537092
給付年度=20 | 被災学年=2,被災学校種=高,3,32,0.02021478205938092,0.7804878048780488,1.3944832902053628
場合別1=課外指導,和暦=平成 | 発生場所1=学校内・校舎外（園内・園舎外）,3,300,0.18951358180669614,0.4366812227074236,1.3936822087617975
和暦=平成 | 発生場所1=学校内・校舎外（園内・園舎外）,場合別1=課外指導,3,300,0.18951358180669614,0.6048387096774194,1.3936822087617975
場合別2=休憩時間中,性別=男 | 被災学校種=中,3,23,0.014529374605180037,0.24468085106382978,1.3932726159497932
給付年度=24 | 被災学校種=高,場合別1=課外指導,3,26,0.016424510423247,0.6046511627906976,1.3932500592397006
発生場所2=運動場・校庭（園庭） | 給付年度=23,場合別2=体育的部活動,3,16,0.01010739102969046,0.5925925925925926,1.3918012968458071
場合別1=各教科等,性別=男 | 発生場所1=学校内・校舎内（園内・園舎内）,3,68,0.04295641187618446,0.2918454935622318,1.3915404105693159
性別=男 | 発生場所1=学校内・校舎内（園内・園舎内）,場合別1=各教科等,3,68,0.04295641187618446,0.20481927710843373,1.3915404105693159
場合別2=体育（保健体育）,和暦=平成 | 発生場所1=学校内・校舎内（園内・園舎内）,3,68,0.04295641187618446,0.3541666666666667,1.3911807278742763
和暦=平成 | 競技種目=ソフトボール,性別=女,3,21,0.013265950726468731,0.3442622950819672,1.390222482435597
場合別2=体育的部活動 | 給付年度=29,被災学校種=高,3,21,0.013265950726468731,0.7777777777777778,1.389641334336594
給付年度=30,競技種目=野球（含軟式）,2,21,0.013265950726468731,0.3088235294117647,1.3888285427807487
和暦=平成 | 給付年度=30,競技種目=野球（含軟式）,3,21,0.013265950726468731,0.3088235294117647,1.3888285427807487
給付年度=24,和暦=平成 | 被災学年=2,3,32,0.02021478205938092,0.4,1.3885964912280704
給付年度=30 | 被災学校種=高,発生場所1=学校外（園外）,3,17,0.010739102969046115,0.4358974358974359,1.388381571480163
性別=女 | 発生場所2=運動場・校庭（園庭）,場合別1=各教科等,3,19,0.012002526847757423,0.20430107526881722,1.3880197517190458
性別=女 | 被災学校種=小,場合別1=各教科等,3,19,0.012002526847757423,0.20430107526881722,1.3880197517190458
発生場所1=学校内・校舎外（園内・園舎外） | 被災学年=1,被災学校種=高,3,146,0.09222994314592546,0.776595744680851,1.3875294174151098
給付年度=24,和暦=平成 | 被災学校種=中,3,22,0.013897662665824383,0.275,1.3863853503184715
発生場所2=その他,和暦=平成 | 性別=女,3,17,0.010739102969046115,0.288135593220339,1.386378857348926
場合別2=昼食時休憩時間中 | 発生場所1=学校内・校舎内（園内・園舎内）,被災学年=3,3,18,0.011370814908401769,0.35294117647058826,1.3863669537293826
場合別2=体育的部活動 | 給付年度=27,被災学校種=高,3,38,0.024005053695514846,0.7755102040816326,1.3855899018749713
給付年度=27,発生場所1=学校内・校舎外（園内・園舎外）,2,49,0.03095388502842704,0.5268817204301075,1.3854713678419603
和暦=平成 | 給付年度=27,発生場所1=学校内・校舎外（園内・園舎外）,3,49,0.03095388502842704,0.5268817204301075,1.3854713678419603
場合別2=体育的部活動 | 性別=女,被災学年=2,3,47,0.02969046114971573,0.47959183673469385,1.385390287501862
給付年度=22,和暦=平成 | 発生場所1=学校内・校舎内（園内・園舎内）,3,37,0.02337334175615919,0.3523809523809524,1.3841663712631456
発生場所2=学校外運動場・競技場,被災学年=2,2,57,0.036007580543272265,0.4789915966386555,1.3836563822609336
発生場所1=学校外（園外） | 発生場所2=学校外運動場・競技場,被災学年=2,3,57,0.036007580543272265,0.4789915966386555,1.3836563822609336
場合別1=各教科等 | 発生場所2=体育館・屋内運動場,和暦=令和,3,21,0.013265950726468731,0.23595505617977527,1.3833957553058678
給付年度=26,性別=男 | 発生場所1=学校外（園外）,3,28,0.017687934301958308,0.3146067415730337,1.3833957553058676
場合別2=下校（降園）中,和暦=平成 | 被災学年=1,3,44,0.027795325331648767,0.32592592592592595,1.383219144077053
場合別2=体育（保健体育） | 発生場所2=体育館・屋内運動場,被災学校種=中,3,29,0.01831964624131396,0.3372093023255814,1.3829075792264127
給付年度=26,和暦=平成 | 被災学年=1,3,29,0.01831964624131396,0.3258426966292135,1.3828659216194235
和暦=令和 | 場合別2=体育的部活動,被災学年=1,3,46,0.029058749210360075,0.40707964601769914,1.3828478103991797
発生場所1=学校内・校舎外（園内・園舎外） | 給付年度=24,場合別1=課外指導,3,18,0.011370814908401769,0.6,1.382532751091703
被災学年=1,場合別1=課外指導 | 発生場所2=運動場・校庭（園庭）,3,144,0.09096651926721415,0.3090128755364807,1.3818287626391215
場合別1=課外指導 | 発生場所2=運動場・校庭（園庭）,被災学年=1,3,144,0.09096651926721415,0.4067796610169492,1.3818287626391215
被災学年=1,場合別2=体育的部活動 | 発生場所2=運動場・校庭（園庭）,3,144,0.09096651926721415,0.3090128755364807,1.3818287626391215
場合別2=体育的部活動 | 発生場所2=運動場・校庭（園庭）,被災学年=1,3,144,0.09096651926721415,0.4067796610169492,1.3818287626391215
給付年度=25,性別=男 | 被災学年=1,3,23,0.014529374605180037,0.3194444444444444,1.3816408621736491
発生場所1=学校内・校舎外（園内・園舎外）,和暦=平成 | 場合別1=課外指導,3,300,0.18951358180669614,0.4983388704318937,1.3815594253829906
和暦=平成 | 場合別1=課外指導,発生場所1=学校内・校舎外（園内・園舎外）,3,300,0.18951358180669614,0.5253940455341506,1.3815594253829906
給付年度=29,性別=女,2,26,0.016424510423247,0.34210526315789475,1.3815118152524166
和暦=平成 | 給付年度=29,性別=女,3,26,0.016424510423247,0.34210526315789475,1.3815118152524166
給付年度=20,発生場所1=学校外（園外） | 被災学校種=高,3,31,0.01958307012002527,0.2897196261682243,1.3814041211575272
発生場所1=学校内・校舎内（園内・園舎内）,被災学校種=中,2,163,0.10296904611497157,0.3367768595041322,1.3811341155311951
被災学校種=中,発生場所1=学校内・校舎内（園内・園舎内）,2,163,0.10296904611497157,0.422279792746114,1.3811341155311951
給付年度=20 | 被災学年=1,被災学校種=高,3,17,0.010739102969046115,0.7727272727272727,1.3806176893084343
和暦=平成 | 場合別1=休憩時間,被災学校種=中,3,70,0.04421983575489577,0.33653846153846156,1.3801564368274213
給付年度=20 | 被災学校種=高,被災学年=2,3,32,0.02021478205938092,0.47761194029850745,1.3796709881250682
競技種目=野球（含軟式） | 被災学年=1,和暦=令和,3,32,0.02021478205938092,0.23529411764705882,1.379520697167756
性別=男 | 発生場所2=学校外運動場・競技場,被災学年=2,3,53,0.033480732785849655,0.4774774774774775,1.3792825672387716
場合別1=通学中,被災学年=1 | 被災学校種=高,3,73,0.04611497157296273,0.2786259541984733,1.3783277671755725
被災学年=1 | 被災学校種=高,場合別1=通学中,3,73,0.04611497157296273,0.228125,1.3783277671755725
場合別1=課外指導 | 給付年度=30,被災学校種=高,3,27,0.017056222362602652,0.7714285714285715,1.3782973234440505
場合別2=体育的部活動 | 給付年度=30,被災学校種=高,3,27,0.017056222362602652,0.7714285714285715,1.3782973234440505
和暦=令和 | 発生場所1=学校内・校舎外（園内・園舎外）,被災学年=1,3,43,0.027163613392293114,0.4056603773584906,1.37802656085513
給付年度=26 | 被災学年=1,場合別2=体育的部活動,3,17,0.010739102969046115,0.5862068965517241,1.3768034380435892
給付年度=2 | 被災学年=1,場合別2=体育的部活動,3,17,0.010739102969046115,0.5862068965517241,1.3768034380435892
場合別2=体育（保健体育） | 発生場所1=学校内・校舎内（園内・園舎内）,性別=女,3,30,0.018951358180669616,0.3409090909090909,1.3766813543599257
性別=女 | 被災学校種=中,発生場所2=体育館・屋内運動場,3,23,0.014529374605180037,0.21296296296296297,1.3760015117157975
給付年度=24,和暦=平成 | 発生場所1=学校内・校舎内（園内・園舎内）,3,28,0.017687934301958308,0.35,1.3748138957816376
場合別2=授業終了後の特定時間中,和暦=平成 | 性別=女,3,16,0.01010739102969046,0.2857142857142857,1.3747286148501954
性別=男 | 給付年度=30,場合別1=課外指導,3,34,0.02147820593809223,0.5964912280701754,1.3744477642432134
給付年度=30,場合別2=体育的部活動 | 性別=男,3,34,0.02147820593809223,0.5,1.3741319444444444
給付年度=25,和暦=平成 | 発生場所1=学校内・校舎外（園内・園舎外）,3,31,0.01958307012002527,0.4305555555555556,1.3741319444444444
給付年度=25,被災学年=1 | 被災学校種=高,3,20,0.012634238787113077,0.2777777777777778,1.3741319444444444
給付年度=23 | 被災学校種=高,場合別2=体育的部活動,3,31,0.01958307012002527,0.5849056603773585,1.3737472705895526
和暦=平成 | 発生場所2=その他,性別=女,3,17,0.010739102969046115,0.34,1.3730102040816328
和暦=令和 | 発生場所2=道路,性別=女,3,17,0.010739102969046115,0.34,1.3730102040816328
被災学年=1 | 通学方法=自転車,被災学校種=高,3,73,0.04611497157296273,0.7684210526315789,1.3729238446002139
場合別1=各教科等 | 性別=男,発生場所1=学校内・校舎内（園内・園舎内）,3,68,0.04295641187618446,0.41975308641975306,1.3728701152943577
場合別1=課外指導,性別=男 | 被災学年=2,3,256,0.16171825647504737,0.3726346433770015,1.3718154429437055
性別=男 | 被災学年=2,場合別1=課外指導,3,256,0.16171825647504737,0.5953488372093023,1.3718154429437053
和暦=令和 | 被災学年=1,発生場所2=道路,3,22,0.013897662665824383,0.23655913978494625,1.3716964039544686
給付年度=25,和暦=平成 | 場合別2=体育的部活動,3,35,0.022109917877447885,0.4861111111111111,1.3716825113883937
競技種目=サッカー・フットサル,性別=男 | 発生場所1=学校外（園外）,3,24,0.015161086544535692,0.3116883116883117,1.3705627705627705
和暦=平成 | 競技種目=サッカー・フットサル,被災学校種=高,3,46,0.029058749210360075,0.7666666666666667,1.3697893152746428
給付年度=25,競技種目=野球（含軟式） | 被災学校種=高,3,19,0.012002526847757423,0.2638888888888889,1.3696265938069216
場合別2=体育（保健体育） | 被災学年=2,発生場所1=学校内・校舎外（園内・園舎外）,3,25,0.015792798483891344,0.5208333333333334,1.3695667220376524
発生場所2=その他,性別=女,2,20,0.012634238787113077,0.3389830508474576,1.36890349360083
給付年度=2,被災学年=1,2,29,0.01831964624131396,0.4027777777777778,1.3682343824511207
和暦=令和 | 給付年度=2,被災学年=1,3,29,0.01831964624131396,0.4027777777777778,1.3682343824511207
発生場所1=学校内・校舎外（園内・園舎外） | 給付年度=23,場合別1=課外指導,3,19,0.012002526847757423,0.59375,1.368131368267831
給付年度=23 | 被災学年=2,場合別1=課外指導,3,19,0.012002526847757423,0.59375,1.368131368267831
性別=女 | 被災学年=3,発生場所1=学校内・校舎内（園内・園舎内）,3,46,0.029058749210360075,0.41818181818181815,1.3677310293012772
場合別2=体育（保健体育）,被災学校種=中,2,64,0.04042956411876184,0.3333333333333333,1.367012089810017
場合別1=各教科等 | 場合別2=体育（保健体育）,被災学校種=中,3,64,0.04042956411876184,0.3333333333333333,1.367012089810017
発生場所2=体育館・屋内運動場 | 被災学年=2,被災学校種=中,3,30,0.018951358180669616,0.3333333333333333,1.367012089810017
発生場所2=体育館・屋内運動場 | 被災学年=3,被災学校種=中,3,26,0.016424510423247,0.3333333333333333,1.367012089810017
場合別2=休憩時間中 | 性別=男,被災学校種=中,3,23,0.014529374605180037,0.3333333333333333,1.367012089810017
和暦=令和 | 被災学年=3,被災学校種=中,3,22,0.013897662665824383,0.3333333333333333,1.367012089810017
給付年度=1,被災学校種=中,2,21,0.013265950726468731,0.3333333333333333,1.367012089810017
和暦=令和 | 給付年度=1,被災学校種=中,3,21,0.013265950726468731,0.3333333333333333,1.367012089810017
場合別1=各教科等 | 被災学年=2,被災学校種=中,3,18,0.011370814908401769,0.3333333333333333,1.367012089810017
発生場所2=運動場・校庭（園庭） | 被災学校種=中,被災学年=3,3,40,0.025268477574226154,0.34782608695652173,1.3662746790376523
和暦=平成 | 場合別1=学校行事,被災学年=3,3,24,0.015161086544535692,0.34782608695652173,1.3662746790376523
場合別2=体育的部活動 | 被災学年=3,発生場所1=学校内・校舎外（園内・園舎外）,3,67,0.04232469993682881,0.5193798449612403,1.3657446753715008
場合別2=体育的部活動,性別=男 | 被災学年=2,3,250,0.15792798483891346,0.37091988130563797,1.3655027258298253
性別=男 | 被災学年=2,場合別2=体育的部活動,3,250,0.15792798483891346,0.5813953488372093,1.3655027258298253
給付年度=24 | 被災学校種=高,場合別2=体育的部活動,3,25,0.015792798483891344,0.5813953488372093,1.3655027258298253
発生場所2=運動場・校庭（園庭） | 給付年度=23,場合別1=課外指導,3,16,0.01010739102969046,0.5925925925925926,1.3654644455226694
給付年度=27 | 被災学年=1,場合別1=課外指導,3,16,0.01010739102969046,0.5925925925925926,1.3654644455226694
給付年度=27,性別=男 | 発生場所2=運動場・校庭（園庭）,3,38,0.024005053695514846,0.40860215053763443,1.3645932580191462
発生場所1=学校内・校舎内（園内・園舎内）,和暦=平成 | 被災学校種=中,3,131,0.08275426405559065,0.2706611570247934,1.3645115018160763
和暦=平成 | 被災学校種=中,発生場所1=学校内・校舎内（園内・園舎内）,3,131,0.08275426405559065,0.4171974522292994,1.3645115018160763
給付年度=27,性別=男 | 発生場所1=学校内・校舎外（園内・園舎外）,3,40,0.025268477574226154,0.43010752688172044,1.3644493287650572
被災学年=1,発生場所2=運動場・校庭（園庭） | 被災学校種=高,3,145,0.0915982312065698,0.3111587982832618,1.3644442595080428
発生場所2=運動場・校庭（園庭） | 被災学校種=高,被災学年=1,3,145,0.0915982312065698,0.40166204986149584,1.3644442595080428
和暦=令和 | 被災学年=1,場合別1=通学中,3,21,0.013265950726468731,0.22580645161290322,1.364319133218419
発生場所1=学校外（園外） | 給付年度=20,被災学年=2,3,17,0.010739102969046115,0.4722222222222222,1.364101784266018
場合別2=下校（降園）中 | 発生場所2=道路,被災学年=1,3,53,0.033480732785849655,0.4015151515151515,1.363945246455976
発生場所2=運動場・校庭（園庭） | 被災学校種=小,性別=女,3,26,0.016424510423247,0.33766233766233766,1.3635701033660217
場合別2=体育的部活動 | 被災学年=3,発生場所2=運動場・校庭（園庭）,3,63,0.03979785217940619,0.4883720930232558,1.363479758828596
性別=男 | 給付年度=25,発生場所1=学校内・校舎外（園内・園舎外）,3,28,0.017687934301958308,0.5185185185185185,1.363479758828596
場合別2=体育（保健体育） | 発生場所2=体育館・屋内運動場,和暦=令和,3,20,0.012634238787113077,0.23255813953488372,1.363479758828596
場合別2=体育（保健体育） | 被災学年=2,発生場所1=学校内・校舎内（園内・園舎内）,3,20,0.012634238787113077,0.4166666666666667,1.3627754820936642
給付年度=25 | 被災学校種=高,発生場所2=運動場・校庭（園庭）,3,20,0.012634238787113077,0.4878048780487805,1.361896158644126
給付年度=23,場合別1=休憩時間,2,20,0.012634238787113077,0.21505376344086022,1.361720430107527
和暦=平成 | 給付年度=23,場合別1=休憩時間,3,20,0.012634238787113077,0.21505376344086022,1.361720430107527
給付年度=20,和暦=平成 | 被災学校種=高,3,67,0.04232469993682881,0.6261682242990654,1.3615718393755776
発生場所1=学校外（園外） | 給付年度=2,被災学校種=高,3,16,0.01010739102969046,0.7619047619047619,1.361281307105235
場合別2=体育的部活動,性別=男 | 被災学年=1,3,212,0.13392293114339862,0.314540059347181,1.3604287266300206
性別=男 | 被災学年=1,場合別2=体育的部活動,3,212,0.13392293114339862,0.5792349726775956,1.3604287266300203
場合別2=体育的部活動 | 被災学校種=中,競技種目=野球（含軟式）,3,39,0.024636765634870498,0.3023255813953488,1.3596062367864694
場合別1=課外指導 | 性別=女,被災学年=2,3,48,0.030322173089071383,0.47058823529411764,1.3593817088879347
発生場所2=道路,被災学年=1 | 被災学校種=高,3,75,0.047378395451674035,0.27472527472527475,1.3590315934065935
被災学年=1 | 被災学校種=高,発生場所2=道路,3,75,0.047378395451674035,0.234375,1.3590315934065935
発生場所2=学校外体育館,和暦=平成 | 被災学校種=高,3,25,0.015792798483891344,0.625,1.3590315934065933
発生場所1=学校内・校舎外（園内・園舎外） | 被災学校種=小,場合別1=各教科等,3,17,0.010739102969046115,0.2,1.3587982832618026
場合別1=休憩時間 | 被災学校種=小,性別=女,3,37,0.02337334175615919,0.33636363636363636,1.35832560296846
性別=女 | 被災学年=2,発生場所1=学校内・校舎内（園内・園舎内）,3,49,0.03095388502842704,0.4152542372881356,1.3581559041882618
給付年度=30,性別=男 | 発生場所1=学校外（園外）,3,21,0.013265950726468731,0.3088235294117647,1.3579656862745098
場合別1=課外指導 | 給付年度=27,被災学校種=高,3,38,0.024005053695514846,0.76,1.3578781038374719
給付年度=17 | 被災学校種=高,場合別2=体育的部活動,3,37,0.02337334175615919,0.578125,1.3578217729970326
場合別2=体育的部活動 | 発生場所1=学校内・校舎内（園内・園舎内）,被災学校種=中,3,45,0.028427037271004423,0.33088235294117646,1.35696053032612
給付年度=20,被災学年=2 | 被災学校種=高,3,32,0.02021478205938092,0.29906542056074764,1.3565059047210988
和暦=令和 | 被災学校種=高,場合別1=課外指導,3,93,0.058749210360075806,0.5886075949367089,1.3562821292355314
給付年度=21 | 被災学年=2,発生場所2=運動場・校庭（園庭）,3,17,0.010739102969046115,0.4857142857142857,1.3560594608213656
競技種目=サッカー・フットサル | 被災学年=2,被災学校種=高,3,22,0.013897662665824383,0.7586206896551724,1.355413715264264
場合別1=課外指導 | 給付年度=29,被災学校種=高,3,22,0.013897662665824383,0.7586206896551724,1.355413715264264
給付年度=19 | 被災学年=2,発生場所1=学校外（園外）,3,20,0.012634238787113077,0.425531914893617,1.3553662399931505
場合別1=学校行事,和暦=平成 | 発生場所1=学校外（園外）,3,28,0.017687934301958308,0.35443037974683544,1.35522534091604
場合別2=体育（保健体育） | 性別=男,発生場所1=学校内・校舎内（園内・園舎内）,3,58,0.03663929248262792,0.4142857142857143,1.3549881936245574
給付年度=19,和暦=平成 | 発生場所1=学校外（園外）,3,45,0.028427037271004423,0.3543307086614173,1.3548442314275932
給付年度=20,発生場所2=道路,2,25,0.015792798483891344,0.2336448598130841,1.354797850124953
和暦=平成 | 給付年度=20,発生場所2=道路,3,25,0.015792798483891344,0.2336448598130841,1.354797850124953
給付年度=20,発生場所1=学校外（園外） | 発生場所2=道路,3,25,0.015792798483891344,0.2336448598130841,1.354797850124953
給付年度=27,和暦=平成 | 競技種目=野球（含軟式）,3,23,0.014529374605180037,0.24731182795698925,1.354652677010083
発生場所2=運動場・校庭（園庭）,場合別2=体育的部活動 | 被災学年=2,3,144,0.09096651926721415,0.25396825396825395,1.3536422425311314
場合別2=体育的部活動 | 被災学年=2,発生場所2=運動場・校庭（園庭）,3,144,0.09096651926721415,0.48484848484848486,1.3536422425311314
給付年度=17 | 被災学年=1,被災学校種=高,3,25,0.015792798483891344,0.7575757575757576,1.3535467542239552
場合別1=特別活動（除学校行事）,和暦=平成 | 性別=女,3,18,0.011370814908401769,0.28125,1.353248480243161
被災学年=1,場合別2=体育的部活動 | 発生場所1=学校内・校舎外（園内・園舎外）,3,145,0.0915982312065698,0.3111587982832618,1.3531988397868226
場合別2=体育的部活動 | 発生場所1=学校内・校舎外（園内・園舎外）,被災学年=1,3,145,0.0915982312065698,0.3983516483516483,1.3531988397868226
給付年度=30,場合別1=課外指導 | 性別=男,3,34,0.02147820593809223,0.5,1.352991452991453
和暦=令和 | 被災学校種=高,場合別2=体育的部活動,3,91,0.0574857864813645,0.5759493670886076,1.3527119408030648
被災学年=3 | 被災学校種=高,発生場所2=体育館・屋内運動場,3,45,0.028427037271004423,0.20930232558139536,1.3523493118177505
給付年度=17 | 被災学年=1,場合別2=体育的部活動,3,19,0.012002526847757423,0.5757575757575758,1.3522614872763241
場合別2=体育（保健体育） | 発生場所1=学校内・校舎内（園内・園舎内）,被災学校種=中,3,29,0.01831964624131396,0.32954545454545453,1.3514778615167216
給付年度=26 | 被災学年=1,場合別1=課外指導,3,17,0.010739102969046115,0.5862068965517241,1.3507503889976407
給付年度=2 | 被災学年=1,場合別1=課外指導,3,17,0.010739102969046115,0.5862068965517241,1.3507503889976407
場合別2=昼食時休憩時間中,性別=男 | 被災学年=3,3,19,0.012002526847757423,0.25,1.3506825938566551
和暦=令和 | 発生場所1=学校外（園外）,被災学年=1,3,33,0.020846493998736577,0.39759036144578314,1.3506127514349242
給付年度=28,和暦=平成 | 被災学年=3,3,23,0.014529374605180037,0.2875,1.3504821958456972
競技種目=バスケットボール,和暦=平成 | 被災学校種=中,3,30,0.018951358180669616,0.26785714285714285,1.3503753412192903
和暦=令和 | 通学方法=自転車,被災学校種=高,3,34,0.02147820593809223,0.7555555555555555,1.3499372962126914
被災学年=3 | 被災学校種=中,発生場所1=学校内・校舎内（園内・園舎内）,3,52,0.032849020846494,0.4126984126984127,1.3497966679784863
競技種目=サッカー・フットサル,被災学年=1 | 被災学校種=高,3,21,0.013265950726468731,0.2727272727272727,1.349147727272727
性別=女 | 発生場所1=学校内・校舎内（園内・園舎内）,被災学校種=中,3,50,0.03158559696778269,0.32894736842105265,1.3490250886283066
発生場所2=体育館・屋内運動場,場合別2=体育的部活動 | 被災学年=2,3,62,0.03916614024005054,0.2530612244897959,1.3488078059506632
場合別2=体育的部活動 | 被災学年=2,発生場所2=体育館・屋内運動場,3,62,0.03916614024005054,0.20875420875420875,1.3488078059506632
給付年度=30,和暦=平成 | 性別=男,3,57,0.036007580543272265,0.8382352941176471,1.3485025107604018
発生場所1=学校内・校舎外（園内・園舎外） | 競技種目=サッカー・フットサル,被災学校種=高,3,40,0.025268477574226154,0.7547169811320755,1.3484390306231102
性別=男 | 給付年度=25,場合別2=体育的部活動,3,31,0.01958307012002527,0.5740740740740741,1.3483075063193757
競技種目=サッカー・フットサル,性別=男 | 被災学年=1,3,24,0.015161086544535692,0.3116883116883117,1.3480945284223973
発生場所2=道路 | 被災学校種=中,被災学年=1,3,25,0.015792798483891344,0.3968253968253968,1.3480141699025818
給付年度=23 | 被災学校種=高,場合別1=課外指導,3,31,0.01958307012002527,0.5849056603773585,1.3477520529510312
給付年度=25,和暦=平成 | 場合別1=課外指導,3,35,0.022109917877447885,0.4861111111111111,1.3476600505935006
場合別1=課外指導,性別=男 | 被災学年=1,3,214,0.1351863550221099,0.31149927219796214,1.3472769068015686
性別=男 | 被災学年=1,場合別1=課外指導,3,214,0.1351863550221099,0.5846994535519126,1.3472769068015684
場合別1=各教科等 | 性別=男,発生場所1=学校内・校舎外（園内・園舎外）,3,83,0.05243209096651927,0.5123456790123457,1.3472478569377795
競技種目=ソフトボール,和暦=平成 | 性別=女,3,21,0.013265950726468731,0.28,1.3472340425531917
和暦=令和 | 場合別1=課外指導,被災学年=1,3,46,0.029058749210360075,0.39655172413793105,1.3470845049578215
場合別1=通学中 | 被災学校種=中,被災学年=1,3,23,0.014529374605180037,0.39655172413793105,1.3470845049578215
性別=男 | 給付年度=19,被災学校種=小,3,20,0.012634238787113077,0.20833333333333334,1.3460884353741498
給付年度=22,性別=女,2,35,0.022109917877447885,0.3333333333333333,1.3460884353741496
和暦=平成 | 給付年度=22,性別=女,3,35,0.022109917877447885,0.3333333333333333,1.3460884353741496
場合別1=課外指導 | 給付年度=19,発生場所2=運動場・校庭（園庭）,3,27,0.017056222362602652,0.48214285714285715,1.3460884353741496
場合別2=登校（登園）中 | 通学方法=自転車,被災学年=1,3,42,0.026531901452937462,0.39622641509433965,1.3459794315329177
場合別2=休憩時間中 | 発生場所1=学校内・校舎内（園内・園舎内）,被災学校種=中,3,21,0.013265950726468731,0.328125,1.3456525259067358
性別=女 | 発生場所2=体育館・屋内運動場,被災学年=3,3,25,0.015792798483891344,0.3424657534246575,1.3452190761072775
場合別1=課外指導 | 被災学年=3,発生場所1=学校内・校舎外（園内・園舎外）,3,67,0.04232469993682881,0.5114503816793893,1.344893611625371
給付年度=2,性別=男 | 被災学校種=中,3,17,0.010739102969046115,0.2361111111111111,1.344474420463629
給付年度=21 | 被災学校種=高,発生場所2=運動場・校庭（園庭）,3,26,0.016424510423247,0.48148148148148145,1.3442419491802207
場合別2=下校（降園）中 | 性別=男,被災学年=1,3,36,0.022741629816803537,0.3956043956043956,1.3438664339951893
場合別1=課外指導 | 被災学年=3,発生場所2=運動場・校庭（園庭）,3,63,0.03979785217940619,0.48091603053435117,1.3426632739609838
給付年度=2,発生場所2=運動場・校庭（園庭） | 競技種目=野球（含軟式）,3,16,0.01010739102969046,0.2222222222222222,1.3426632739609838
性別=男 | 給付年度=26,競技種目=野球（含軟式）,3,20,0.012634238787113077,0.29850746268656714,1.3424355495251017
被災学年=1,場合別1=課外指導 | 発生場所1=学校内・校舎外（園内・園舎外）,3,145,0.0915982312065698,0.3111587982832618,1.3421372688893827
場合別1=課外指導 | 発生場所1=学校内・校舎外（園内・園舎外）,被災学年=1,3,145,0.0915982312065698,0.39509536784741145,1.3421372688893827
給付年度=21 | 被災学年=2,場合別2=体育的部活動,3,20,0.012634238787113077,0.5714285714285714,1.3420941076727426
発生場所1=学校内・校舎外（園内・園舎外） | 被災学年=1,和暦=令和,3,43,0.027163613392293114,0.22872340425531915,1.3409968479117416
場合別2=休憩時間中,和暦=平成 | 被災学校種=中,3,25,0.015792798483891344,0.26595744680851063,1.3407982111397208
和暦=平成 | 場合別2=体育（保健体育）,発生場所1=学校内・校舎外（園内・園舎外）,3,78,0.049273531269740996,0.5098039215686274,1.3405641326297961
給付年度=29,和暦=平成 | 被災学年=1,3,24,0.015161086544535692,0.3157894736842105,1.3402003668689149
給付年度=18 | 被災学年=2,被災学校種=高,3,30,0.018951358180669616,0.75,1.3400112866817158
場合別1=課外指導 | 給付年度=21,被災学校種=高,3,30,0.018951358180669616,0.75,1.3400112866817158
場合別2=体育的部活動 | 給付年度=21,被災学校種=高,3,30,0.018951358180669616,0.75,1.3400112866817158
発生場所2=運動場・校庭（園庭） | 給付年度=2,被災学校種=高,3,21,0.013265950726468731,0.75,1.3400112866817158
発生場所1=学校外（園外） | 競技種目=バスケットボール,被災学校種=高,3,18,0.011370814908401769,0.75,1.3400112866817158
場合別1=課外指導 | 給付年度=1,被災学校種=高,3,18,0.011370814908401769,0.75,1.3400112866817158
場合別2=体育的部活動 | 給付年度=1,被災学校種=高,3,18,0.011370814908401769,0.75,1.3400112866817158
場合別1=学校行事,和暦=平成 | 性別=女,3,22,0.013897662665824383,0.27848101265822783,1.3399253587780384
場合別2=体育的部活動 | 給付年度=19,発生場所1=学校内・校舎外（園内・園舎外）,3,27,0.017056222362602652,0.5094339622641509,1.3395912994421113
給付年度=26,発生場所1=学校外（園外） | 被災学校種=高,3,25,0.015792798483891344,0.2808988764044944,1.339346148639502
場合別1=課外指導 | 被災学年=2,発生場所2=体育館・屋内運動場,3,63,0.03979785217940619,0.20723684210526316,1.3390037593984963
発生場所2=体育館・屋内運動場,場合別1=課外指導 | 被災学年=2,3,63,0.03979785217940619,0.2571428571428571,1.339003759398496
競技種目=サッカー・フットサル,性別=男 | 被災学年=2,3,28,0.017687934301958308,0.36363636363636365,1.3386892177589853
発生場所2=運動場・校庭（園庭） | 被災学年=1,和暦=令和,3,42,0.026531901452937462,0.22826086956521738,1.3382850241545894
場合別1=課外指導 | 発生場所1=学校内・校舎内（園内・園舎内）,被災学校種=中,3,46,0.029058749210360075,0.3262411347517731,1.3379267261970382
給付年度=30,場合別1=課外指導 | 競技種目=野球（含軟式）,3,20,0.012634238787113077,0.29411764705882354,1.3378972278566599
給付年度=30,場合別2=体育的部活動 | 競技種目=野球（含軟式）,3,20,0.012634238787113077,0.29411764705882354,1.3378972278566599
給付年度=2,発生場所1=学校内・校舎外（園内・園舎外） | 競技種目=野球（含軟式）,3,16,0.01010739102969046,0.2222222222222222,1.3375580904098014
場合別1=課外指導 | 被災学校種=中,被災学年=2,3,62,0.03916614024005054,0.4626865671641791,1.3365562697461597
場合別1=各教科等 | 発生場所2=体育館・屋内運動場,被災学校種=中,3,29,0.01831964624131396,0.3258426966292135,1.3362927170052978
給付年度=18 | 被災学校種=高,場合別1=課外指導,3,40,0.025268477574226154,0.5797101449275363,1.3357804358373941
性別=男 | 給付年度=27,場合別1=課外指導,3,40,0.025268477574226154,0.5797101449275363,1.3357804358373941
給付年度=30,性別=男 | 被災学年=1,3,21,0.013265950726468731,0.3088235294117647,1.3357039537126327
場合別2=下校（降園）中 | 通学方法=自転車,被災学校種=高,3,77,0.04864181933038535,0.7475728155339806,1.3356746805759496
場合別1=各教科等 | 被災学校種=中,発生場所2=運動場・校庭（園庭）,3,33,0.020846493998736577,0.4782608695652174,1.3352503642358715
給付年度=29,和暦=平成 | 発生場所2=運動場・校庭（園庭）,3,30,0.018951358180669616,0.39473684210526316,1.3351889338731444
場合別2=体育的部活動 | 性別=女,発生場所1=学校内・校舎内（園内・園舎内）,3,40,0.025268477574226154,0.40816326530612246,1.3349637375611403
給付年度=2 | 被災学校種=高,場合別2=体育的部活動,3,25,0.015792798483891344,0.5681818181818182,1.3344685729700567
場合別2=下校（降園）中,被災学年=1,2,53,0.033480732785849655,0.3925925925925926,1.3336353520902877
場合別1=通学中 | 場合別2=下校（降園）中,被災学年=1,3,53,0.033480732785849655,0.3925925925925926,1.3336353520902877
場合別2=下校（降園）中 | 発生場所1=学校外（園外）,被災学年=1,3,53,0.033480732785849655,0.3925925925925926,1.3336353520902877
被災学年=3 | 被災学校種=中,発生場所2=体育館・屋内運動場,3,26,0.016424510423247,0.20634920634920634,1.3332685455134434
被災学校種=中,和暦=平成 | 発生場所1=学校内・校舎内（園内・園舎内）,3,131,0.08275426405559065,0.3393782383419689,1.3330911942812327
和暦=平成 | 発生場所1=学校内・校舎内（園内・園舎内）,被災学校種=中,3,131,0.08275426405559065,0.3250620347394541,1.3330911942812327
被災学年=1 | 被災学校種=中,場合別1=休憩時間,3,24,0.015161086544535692,0.21052631578947367,1.3330526315789473
発生場所1=学校外（園外） | 被災学年=2,被災学校種=高,3,135,0.08528111181301326,0.7458563535911602,1.332607909407231
場合別1=各教科等 | 被災学年=2,発生場所1=学校内・校舎内（園内・園舎内）,3,22,0.013897662665824383,0.4074074074074074,1.3324915824915826
給付年度=2 | 被災学校種=高,発生場所2=運動場・校庭（園庭）,3,21,0.013265950726468731,0.4772727272727273,1.3324915824915826
場合別2=体育（保健体育） | 発生場所1=学校内・校舎内（園内・園舎内）,和暦=令和,3,20,0.012634238787113077,0.22727272727272727,1.3324915824915826
給付年度=30,場合別2=体育的部活動 | 被災学年=2,3,17,0.010739102969046115,0.25,1.3324915824915826
性別=男 | 給付年度=18,競技種目=野球（含軟式）,3,24,0.015161086544535692,0.2962962962962963,1.3324915824915824
場合別2=登校（登園）中 | 性別=女,被災学年=1,3,20,0.012634238787113077,0.39215686274509803,1.3321551796684339
給付年度=17 | 被災学校種=高,場合別1=課外指導,3,37,0.02337334175615919,0.578125,1.3321279112081512
和暦=平成 | 場合別2=体育（保健体育）,発生場所2=運動場・校庭（園庭）,3,73,0.04611497157296273,0.477124183006536,1.3320768636672777
場合別2=登校（登園）中 | 通学方法=自転車,被災学校種=高,3,79,0.04990524320909665,0.7452830188679245,1.331583542740321
給付年度=19,和暦=平成 | 被災学年=3,3,36,0.022741629816803537,0.28346456692913385,1.3315264375335871
発生場所2=運動場・校庭（園庭） | 競技種目=サッカー・フットサル,被災学校種=高,3,38,0.024005053695514846,0.7450980392156863,1.3312530429779137
性別=男 | 給付年度=26,発生場所1=学校外（園外）,3,28,0.017687934301958308,0.417910447761194,1.331091023754467
給付年度=20,和暦=平成 | 競技種目=野球（含軟式）,3,26,0.016424510423247,0.24299065420560748,1.3309834104064935
給付年度=25,性別=男 | 競技種目=野球（含軟式）,3,21,0.013265950726468731,0.2916666666666667,1.3305715658021133
給付年度=20,和暦=平成 | 被災学年=2,3,41,0.025900189513581806,0.38317757009345793,1.330197573372684
場合別1=課外指導 | 給付年度=22,被災学校種=高,3,32,0.02021478205938092,0.7441860465116279,1.3296236022888341
性別=男 | 被災学校種=中,発生場所1=学校内・校舎内（園内・園舎内）,3,113,0.07138344914718889,0.4064748201438849,1.3294414055532435
発生場所1=学校内・校舎内（園内・園舎内）,性別=男 | 被災学校種=中,3,113,0.07138344914718889,0.2334710743801653,1.3294414055532433
発生場所1=学校外（園外） | 競技種目=野球（含軟式）,性別=男,3,78,0.049273531269740996,1.0,1.329135180520571
発生場所2=学校外運動場・競技場 | 競技種目=野球（含軟式）,性別=男,3,75,0.047378395451674035,1.0,1.329135180520571
競技種目=野球（含軟式） | 給付年度=19,性別=男,3,26,0.016424510423247,1.0,1.329135180520571
競技種目=サッカー・フットサル | 被災学年=1,性別=男,3,24,0.015161086544535692,1.0,1.329135180520571
発生場所1=学校外（園外） | 競技種目=サッカー・フットサル,性別=男,3,24,0.015161086544535692,1.0,1.329135180520571
発生場所2=学校外運動場・競技場 | 競技種目=サッカー・フットサル,性別=男,3,23,0.014529374605180037,1.0,1.329135180520571
競技種目=野球（含軟式） | 給付年度=27,性別=男,3,23,0.014529374605180037,1.0,1.329135180520571
競技種目=野球（含軟式） | 給付年度=22,性別=男,3,22,0.013897662665824383,1.0,1.329135180520571
競技種目=野球（含軟式） | 給付年度=21,性別=男,3,21,0.013265950726468731,1.0,1.329135180520571
競技種目=野球（含軟式） | 給付年度=25,性別=男,3,21,0.013265950726468731,1.0,1.329135180520571
競技種目=野球（含軟式） | 給付年度=30,性別=男,3,21,0.013265950726468731,1.0,1.329135180520571
競技種目=野球（含軟式） | 給付年度=26,性別=男,3,20,0.012634238787113077,1.0,1.329135180520571
競技種目=野球（含軟式） | 給付年度=17,性別=男,3,18,0.011370814908401769,1.0,1.329135180520571
競技種目=野球（含軟式） | 給付年度=23,性別=男,3,18,0.011370814908401769,1.0,1.329135180520571
競技種目=野球（含軟式） | 給付年度=2,性別=男,3,18,0.011370814908401769,1.0,1.329135180520571
場合別2=下校（降園）中 | 被災学校種=高,性別=女,3,26,0.016424510423247,0.3291139240506329,1.3290493412554893
給付年度=30,和暦=平成 | 発生場所1=学校内・校舎内（園内・園舎内）,3,23,0.014529374605180037,0.3382352941176471,1.3286016639906584
給付年度=18,和暦=平成 | 被災学年=1,3,36,0.022741629816803537,0.3130434782608696,1.3285464506352722
場合別1=各教科等 | 発生場所1=学校内・校舎外（園内・園舎外）,被災学校種=中,3,34,0.02147820593809223,0.3238095238095238,1.3279546015297312
被災学年=2 | 被災学校種=中,発生場所2=体育館・屋内運動場,3,30,0.018951358180669616,0.2054794520547945,1.3276488677662845
給付年度=18 | 被災学校種=高,場合別2=体育的部活動,3,39,0.024636765634870498,0.5652173913043478,1.327506128241517
性別=男 | 給付年度=27,場合別2=体育的部活動,3,39,0.024636765634870498,0.5652173913043478,1.327506128241517
場合別2=登校（登園）中 | 被災学年=2,被災学校種=高,3,26,0.016424510423247,0.7428571428571429,1.327249274427604
給付年度=17 | 被災学校種=高,被災学年=1,3,25,0.015792798483891344,0.390625,1.3269514484978542
発生場所2=体育館・屋内運動場 | 被災学校種=中,性別=女,3,23,0.014529374605180037,0.32857142857142857,1.3268586005830902
給付年度=25,場合別1=課外指導 | 競技種目=野球（含軟式）,3,21,0.013265950726468731,0.2916666666666667,1.3267480842911878
給付年度=25,場合別2=体育的部活動 | 競技種目=野球（含軟式）,3,21,0.013265950726468731,0.2916666666666667,1.3267480842911878
和暦=平成 | 場合別1=各教科等,被災学校種=小,3,39,0.024636765634870498,0.20526315789473684,1.3262513426423201
給付年度=26,和暦=平成 | 被災学年=2,3,34,0.02147820593809223,0.38202247191011235,1.32618766016164
給付年度=18 | 被災学年=2,発生場所2=運動場・校庭（園庭）,3,19,0.012002526847757423,0.475,1.3261463844797177
発生場所2=体育館・屋内運動場 | 競技種目=バレーボール,被災学校種=高,3,23,0.014529374605180037,0.7419354838709677,1.3256025631690092
和暦=令和 | 性別=男,競技種目=野球（含軟式）,3,61,0.03853442830069488,0.2946859903381642,1.3252497804128238
給付年度=17,性別=男 | 被災学年=3,3,26,0.016424510423247,0.24528301886792453,1.3251980166140769
場合別1=通学中 | 発生場所2=道路,被災学年=1,3,99,0.06253948199620973,0.38976377952755903,1.3240258862491974
被災学年=1,場合別1=通学中 | 発生場所2=道路,3,99,0.06253948199620973,0.21244635193133046,1.3240258862491971
性別=女 | 通学方法=自転車,被災学校種=高,3,60,0.03790271636133923,0.7407407407407407,1.3234679374634228
性別=男 | 給付年度=25,場合別1=課外指導,3,31,0.01958307012002527,0.5740740740740741,1.3227936816000863
性別=女,和暦=平成 | 発生場所1=学校内・校舎内（園内・園舎内）,3,132,0.08338597599494631,0.336734693877551,1.3227072466703802
和暦=平成 | 発生場所1=学校内・校舎内（園内・園舎内）,性別=女,3,132,0.08338597599494631,0.32754342431761785,1.3227072466703802
被災学年=1,発生場所1=学校内・校舎外（園内・園舎外） | 被災学校種=高,3,146,0.09222994314592546,0.3133047210300429,1.3225636623748211
発生場所1=学校内・校舎外（園内・園舎外） | 被災学校種=高,被災学年=1,3,146,0.09222994314592546,0.3893333333333333,1.3225636623748211
発生場所2=運動場・校庭（園庭）,場合別1=課外指導 | 被災学年=2,3,144,0.09096651926721415,0.25396825396825395,1.3224728487886381
場合別1=課外指導 | 被災学年=2,発生場所2=運動場・校庭（園庭）,3,144,0.09096651926721415,0.47368421052631576,1.3224728487886381
和暦=平成 | 場合別1=特別活動（除学校行事）,性別=女,3,18,0.011370814908401769,0.32727272727272727,1.3216141001855286
被災学年=1,性別=男 | 競技種目=野球（含軟式）,3,135,0.08528111181301326,0.28969957081545067,1.3215977538929637
性別=男 | 競技種目=野球（含軟式）,被災学年=1,3,135,0.08528111181301326,0.38904899135446686,1.3215977538929635
給付年度=20,和暦=平成 | 発生場所1=学校内・校舎内（園内・園舎内）,3,36,0.022741629816803537,0.3364485981308411,1.3215834512186637
給付年度=17,和暦=平成 | 被災学年=1,3,33,0.020846493998736577,0.3113207547169811,1.321235267337751
場合別2=体育的部活動 | 被災学校種=中,被災学年=2,3,59,0.037271004421983576,0.4573643410852713,1.3211820290839134
給付年度=20 | 被災学年=2,発生場所1=学校外（園外）,3,17,0.010739102969046115,0.4146341463414634,1.3206556411640575
場合別1=課外指導 | 競技種目=バスケットボール,被災学校種=中,3,28,0.017687934301958308,0.3218390804597701,1.319873741885534
場合別2=体育的部活動 | 競技種目=バスケットボール,被災学校種=中,3,28,0.017687934301958308,0.3218390804597701,1.319873741885534
被災学年=2,和暦=平成 | 競技種目=野球（含軟式）,3,132,0.08338597599494631,0.24087591240875914,1.3193998939206426
和暦=平成 | 競技種目=野球（含軟式）,被災学年=2,3,132,0.08338597599494631,0.45674740484429066,1.3193998939206426
競技種目=野球（含軟式） | 被災学年=1,性別=男,3,135,0.08528111181301326,0.9926470588235294,1.3193621277226257
発生場所1=学校内・校舎外（園内・園舎外）,場合別2=体育的部活動 | 被災学年=2,3,149,0.09412507896399241,0.24750830564784054,1.3192109354900055
場合別2=体育的部活動 | 被災学年=2,発生場所1=学校内・校舎外（園内・園舎外）,3,149,0.09412507896399241,0.5016835016835017,1.3192109354900055
場合別2=下校（降園）中,被災学年=1 | 被災学校種=高,3,36,0.022741629816803537,0.26666666666666666,1.3191666666666666
給付年度=26 | 被災学校種=高,被災学年=2,3,21,0.013265950726468731,0.45652173913043476,1.3187480165026975
場合別2=体育的部活動 | 給付年度=22,被災学校種=高,3,31,0.01958307012002527,0.7380952380952381,1.3187412662581965
場合別1=特別活動（除学校行事） | 発生場所1=学校内・校舎内（園内・園舎内）,性別=女,3,16,0.01010739102969046,0.32653061224489793,1.3186172428154934
発生場所1=学校内・校舎内（園内・園舎内） | 競技種目=バスケットボール,被災学校種=中,3,27,0.017056222362602652,0.32142857142857145,1.3181902294596597
場合別2=授業終了後の特定時間中,被災学校種=中,2,18,0.011370814908401769,0.32142857142857145,1.3181902294596597
場合別1=休憩時間 | 場合別2=授業終了後の特定時間中,被災学校種=中,3,18,0.011370814908401769,0.32142857142857145,1.3181902294596597
被災学年=1,場合別1=課外指導 | 競技種目=野球（含軟式）,3,135,0.08528111181301326,0.28969957081545067,1.317800059197869
場合別1=課外指導 | 競技種目=野球（含軟式）,被災学年=1,3,135,0.08528111181301326,0.3879310344827586,1.317800059197869
被災学年=1,場合別2=体育的部活動 | 競技種目=野球（含軟式）,3,135,0.08528111181301326,0.28969957081545067,1.317800059197869
場合別2=体育的部活動 | 競技種目=野球（含軟式）,被災学年=1,3,135,0.08528111181301326,0.3879310344827586,1.317800059197869
給付年度=20 | 被災学年=2,場合別2=体育的部活動,3,23,0.014529374605180037,0.5609756097560976,1.3175436057031193
給付年度=21 | 被災学年=2,場合別1=課外指導,3,20,0.012634238787113077,0.5714285714285714,1.3166978581825741
場合別1=各教科等 | 性別=男,被災学校種=中,3,52,0.032849020846494,0.32098765432098764,1.3163820124096461
場合別2=下校（降園）中,性別=女,2,44,0.027795325331648767,0.32592592592592595,1.3161753590325018
場合別1=通学中 | 場合別2=下校（降園）中,性別=女,3,44,0.027795325331648767,0.32592592592592595,1.3161753590325018
場合別2=下校（降園）中 | 発生場所1=学校外（園外）,性別=女,3,44,0.027795325331648767,0.32592592592592595,1.3161753590325018
場合別1=各教科等 | 発生場所2=体育館・屋内運動場,性別=女,3,29,0.01831964624131396,0.3258426966292135,1.315839257051135
給付年度=23,和暦=平成 | 発生場所1=学校外（園外）,3,32,0.02021478205938092,0.34408602150537637,1.315671913147369
性別=男,和暦=平成 | 競技種目=野球（含軟式）,3,286,0.180669614655717,0.2401343408900084,1.315337929511707
和暦=平成 | 競技種目=野球（含軟式）,性別=男,3,286,0.180669614655717,0.9896193771626297,1.315337929511707
場合別2=体育（保健体育）,発生場所1=学校内・校舎外（園内・園舎外）,2,96,0.060644346178142766,0.5,1.314784053156146
場合別1=各教科等 | 場合別2=体育（保健体育）,発生場所1=学校内・校舎外（園内・園舎外）,3,96,0.060644346178142766,0.5,1.314784053156146
場合別2=体育（保健体育） | 被災学校種=高,発生場所1=学校内・校舎外（園内・園舎外）,3,47,0.02969046114971573,0.5,1.314784053156146
場合別2=体育（保健体育） | 発生場所2=体育館・屋内運動場,性別=女,3,28,0.017687934301958308,0.32558139534883723,1.314784053156146
場合別1=課外指導 | 給付年度=19,発生場所1=学校内・校舎外（園内・園舎外）,3,28,0.017687934301958308,0.5,1.314784053156146
場合別1=各教科等 | 被災学年=2,発生場所1=学校内・校舎外（園内・園舎外）,3,27,0.017056222362602652,0.5,1.314784053156146
給付年度=21 | 被災学校種=高,発生場所1=学校内・校舎外（園内・園舎外）,3,27,0.017056222362602652,0.5,1.314784053156146
給付年度=2 | 被災学校種=高,発生場所1=学校内・校舎外（園内・園舎外）,3,22,0.013897662665824383,0.5,1.314784053156146
場合別1=課外指導 | 給付年度=28,発生場所1=学校内・校舎外（園内・園舎外）,3,17,0.010739102969046115,0.5,1.314784053156146
場合別2=体育的部活動 | 給付年度=28,発生場所1=学校内・校舎外（園内・園舎外）,3,17,0.010739102969046115,0.5,1.314784053156146
給付年度=17 | 被災学年=3,発生場所1=学校内・校舎外（園内・園舎外）,3,16,0.01010739102969046,0.5,1.314784053156146
場合別1=課外指導 | 性別=女,発生場所1=学校内・校舎内（園内・園舎内）,3,41,0.025900189513581806,0.4019607843137255,1.314677523902123
性別=女 | 被災学年=2,発生場所2=体育館・屋内運動場,3,24,0.015161086544535692,0.2033898305084746,1.3141473538567972
性別=男,場合別1=課外指導 | 競技種目=野球（含軟式）,3,344,0.21730890713834491,0.28883291351805207,1.3138577646525185
場合別1=課外指導 | 競技種目=野球（含軟式）,性別=男,3,344,0.21730890713834491,0.9885057471264368,1.3138577646525185
性別=男,場合別2=体育的部活動 | 競技種目=野球（含軟式）,3,344,0.21730890713834491,0.28883291351805207,1.3138577646525185
場合別2=体育的部活動 | 競技種目=野球（含軟式）,性別=男,3,344,0.21730890713834491,0.9885057471264368,1.3138577646525185
場合別2=体育的部活動 | 給付年度=2,被災学校種=高,3,25,0.015792798483891344,0.7352941176470589,1.3137365555703095
発生場所2=体育館・屋内運動場 | 被災学年=1,場合別2=体育的部活動,3,33,0.020846493998736577,0.559322033898305,1.313659910476286
給付年度=17,和暦=平成 | 被災学校種=高,3,64,0.04042956411876184,0.6037735849056604,1.312875803441841
給付年度=4 | 被災学校種=高,場合別2=体育的部活動,3,19,0.012002526847757423,0.5588235294117647,1.3124890905917264
被災学年=1,競技種目=野球（含軟式）,2,136,0.08591282375236892,0.2918454935622318,1.3124756145142413
競技種目=野球（含軟式）,被災学年=1,2,136,0.08591282375236892,0.38636363636363635,1.312475614514241
場合別2=下校（降園）中 | 性別=女,被災学年=1,3,17,0.010739102969046115,0.38636363636363635,1.312475614514241
和暦=平成 | 性別=女,発生場所1=学校内・校舎内（園内・園舎内）,3,132,0.08338597599494631,0.4012158054711246,1.312240950538823
発生場所1=学校内・校舎内（園内・園舎内）,和暦=平成 | 性別=女,3,132,0.08338597599494631,0.2727272727272727,1.3122409505388228
性別=男,競技種目=野球（含軟式） | 被災学校種=高,3,301,0.1901452937460518,0.25272879932829556,1.3117038994645636
競技種目=野球（含軟式） | 被災学校種=高,性別=男,3,301,0.1901452937460518,0.9868852459016394,1.3117038994645636
給付年度=25,競技種目=野球（含軟式）,2,21,0.013265950726468731,0.2916666666666667,1.3116714015151516
和暦=平成 | 給付年度=25,競技種目=野球（含軟式）,3,21,0.013265950726468731,0.2916666666666667,1.3116714015151516
競技種目=野球（含軟式） | 被災学年=2,性別=男,3,150,0.09475679090334807,0.9868421052631579,1.3116465597242477
通学方法=自転車,被災学校種=高,2,160,0.10107391029690461,0.7339449541284404,1.3113260297802722
場合別1=通学中 | 通学方法=自転車,被災学校種=高,3,160,0.10107391029690461,0.7339449541284404,1.3113260297802722
発生場所1=学校外（園外） | 通学方法=自転車,被災学校種=高,3,160,0.10107391029690461,0.7339449541284404,1.3113260297802722
給付年度=24,性別=男 | 発生場所1=学校内・校舎内（園内・園舎内）,3,22,0.013897662665824383,0.275,1.3112198795180723
性別=男,競技種目=野球（含軟式）,2,347,0.21920404295641188,0.29135180520570947,1.310255419433631
競技種目=野球（含軟式）,性別=男,2,347,0.21920404295641188,0.9857954545454546,1.310255419433631
給付年度=19,和暦=平成 | 被災学校種=中,3,33,0.020846493998736577,0.25984251968503935,1.3099704097497367
場合別1=各教科等 | 性別=男,発生場所2=運動場・校庭（園庭）,3,76,0.04801010739102969,0.4691358024691358,1.3097742068935483
場合別1=休憩時間 | 被災学校種=中,被災学年=3,3,29,0.01831964624131396,0.3333333333333333,1.3093465674110834
競技種目=ソフトボール,被災学年=3,2,25,0.015792798483891344,0.3333333333333333,1.3093465674110834
場合別1=学校行事 | 性別=男,被災学年=3,3,18,0.011370814908401769,0.3333333333333333,1.3093465674110834
給付年度=2 | 被災学校種=高,場合別1=課外指導,3,25,0.015792798483891344,0.5681818181818182,1.3092166203519915
発生場所2=道路 | 通学方法=自転車,被災学校種=高,3,159,0.10044219835754896,0.7327188940092166,1.3091354505830588
場合別1=課外指導 | 被災学校種=中,競技種目=野球（含軟式）,3,39,0.024636765634870498,0.291044776119403,1.3088746607869743
発生場所1=学校内・校舎内（園内・園舎内） | 被災学年=3,性別=女,3,46,0.029058749210360075,0.323943661971831,1.3081704512791033
和暦=平成 | 場合別1=学校行事,被災学校種=中,3,22,0.013897662665824383,0.3188405797101449,1.3075767815574078
場合別1=課外指導 | 競技種目=サッカー・フットサル,性別=男,3,60,0.03790271636133923,0.9836065573770492,1.3073460792005616
場合別2=体育的部活動 | 競技種目=サッカー・フットサル,性別=男,3,60,0.03790271636133923,0.9836065573770492,1.3073460792005616
競技種目=野球（含軟式）,和暦=平成 | 性別=男,3,286,0.180669614655717,0.8125,1.3071011178861789
和暦=平成 | 性別=男,競技種目=野球（含軟式）,3,286,0.180669614655717,0.29065040650406504,1.3071011178861789
給付年度=24,和暦=平成 | 性別=男,3,65,0.0410612760581175,0.8125,1.3071011178861789
給付年度=28,和暦=平成 | 性別=男,3,65,0.0410612760581175,0.8125,1.3071011178861789
和暦=平成 | 競技種目=サッカー・フットサル,性別=男,3,59,0.037271004421983576,0.9833333333333333,1.3069829275118947
場合別2=体育（保健体育） | 被災学校種=高,発生場所2=運動場・校庭（園庭）,3,44,0.027795325331648767,0.46808510638297873,1.306840782018087
発生場所1=学校内・校舎外（園内・園舎外） | 給付年度=18,被災学年=2,3,19,0.012002526847757423,0.4523809523809524,1.3067865832464374
発生場所2=運動場・校庭（園庭） | 給付年度=18,被災学年=2,3,19,0.012002526847757423,0.4523809523809524,1.3067865832464374
和暦=令和 | 被災学年=1,被災学校種=高,3,68,0.04295641187618446,0.7311827956989247,1.3063909318187337
場合別1=課外指導 | 被災学年=2,発生場所1=学校内・校舎外（園内・園舎外）,3,151,0.09538850284270373,0.4967105263157895,1.3061341580695927
発生場所1=学校内・校舎外（園内・園舎外）,場合別1=課外指導 | 被災学年=2,3,151,0.09538850284270373,0.25083056478405313,1.3061341580695924
給付年度=19 | 被災学年=1,被災学校種=高,3,19,0.012002526847757423,0.7307692307692307,1.305652022920646
被災学年=2,和暦=平成 | 場合別1=課外指導,3,258,0.16298168035375868,0.4708029197080292,1.3052207038490546
和暦=平成 | 場合別1=課外指導,被災学年=2,3,258,0.16298168035375868,0.45183887915936954,1.3052207038490546
性別=女 | 被災学年=3,被災学校種=中,3,35,0.022109917877447885,0.3181818181818182,1.3048751766368347
給付年度=21 | 被災学校種=高,場合別2=体育的部活動,3,30,0.018951358180669616,0.5555555555555556,1.3048137157929443
給付年度=18,和暦=平成 | 被災学校種=高,3,69,0.043588123815540114,0.6,1.3046703296703295
場合別1=通学中 | 被災学年=1,被災学校種=高,3,73,0.04611497157296273,0.73,1.3042776523702033
性別=男 | 通学方法=自転車,被災学校種=高,3,100,0.06317119393556538,0.7299270072992701,1.3041472376464387
被災学校種=小,性別=男 | 発生場所1=学校内・校舎内（園内・園舎内）,3,67,0.04232469993682881,0.27346938775510204,1.3039218096877305
性別=男 | 発生場所1=学校内・校舎内（園内・園舎内）,被災学校種=小,3,67,0.04232469993682881,0.20180722891566266,1.3039218096877305
性別=男,発生場所1=学校内・校舎外（園内・園舎外） | 競技種目=野球（含軟式）,3,258,0.16298168035375868,0.21662468513853905,1.3038664508528794
発生場所1=学校内・校舎外（園内・園舎外） | 競技種目=野球（含軟式）,性別=男,3,258,0.16298168035375868,0.9809885931558935,1.3038664508528794
場合別1=課外指導 | 発生場所2=学校外体育館,被災学校種=高,3,27,0.017056222362602652,0.7297297297297297,1.3037947654200477
場合別2=体育的部活動 | 発生場所2=学校外体育館,被災学校種=高,3,27,0.017056222362602652,0.7297297297297297,1.3037947654200477
性別=男,発生場所2=運動場・校庭（園庭） | 競技種目=野球（含軟式）,3,257,0.16234996841440302,0.21578505457598657,1.3037700053197967
発生場所2=運動場・校庭（園庭） | 競技種目=野球（含軟式）,性別=男,3,257,0.16234996841440302,0.9809160305343512,1.3037700053197967
場合別1=課外指導,和暦=平成 | 被災学年=2,3,258,0.16298168035375868,0.37554585152838427,1.3037041293189306
和暦=平成 | 被災学年=2,場合別1=課外指導,3,258,0.16298168035375868,0.5657894736842105,1.3037041293189304
被災学年=1,競技種目=野球（含軟式） | 被災学校種=高,3,117,0.0739102969046115,0.2510729613733906,1.3031098290297616
競技種目=野球（含軟式） | 被災学校種=高,被災学年=1,3,117,0.0739102969046115,0.3836065573770492,1.3031098290297616
場合別2=体育的部活動,和暦=平成 | 被災学年=2,3,253,0.15982312065698043,0.37537091988130566,1.3030968556405853
和暦=平成 | 被災学年=2,場合別2=体育的部活動,3,253,0.15982312065698043,0.5548245614035088,1.303096855640585
被災学年=2,和暦=平成 | 場合別2=体育的部活動,3,253,0.15982312065698043,0.46167883211678834,1.3027408043509376
和暦=平成 | 場合別2=体育的部活動,被災学年=2,3,253,0.15982312065698043,0.45098039215686275,1.3027408043509374
競技種目=バスケットボール,性別=男 | 被災学年=3,3,27,0.017056222362602652,0.24107142857142858,1.302443929790346
場合別1=各教科等 | 被災学校種=高,発生場所1=学校内・校舎外（園内・園舎外）,3,51,0.032217308907138344,0.49514563106796117,1.3020191594361836
競技種目=野球（含軟式）,和暦=平成 | 被災学年=2,3,132,0.08338597599494631,0.375,1.301809210526316
和暦=平成 | 被災学年=2,競技種目=野球（含軟式）,3,132,0.08338597599494631,0.2894736842105263,1.301809210526316
給付年度=29,和暦=平成 | 発生場所1=学校内・校舎外（園内・園舎外）,3,31,0.01958307012002527,0.40789473684210525,1.3018092105263157
給付年度=30,場合別1=課外指導 | 被災学年=2,3,17,0.010739102969046115,0.25,1.3018092105263157
和暦=平成 | 通学方法=自転車,被災学校種=高,3,126,0.07959570435881239,0.7283236994219653,1.3012826367776198
被災学年=3,和暦=平成 | 被災学校種=中,3,104,0.065698041692988,0.25806451612903225,1.3010067803575098
和暦=平成 | 被災学校種=中,被災学年=3,3,104,0.065698041692988,0.33121019108280253,1.3010067803575096
給付年度=24,和暦=平成 | 競技種目=野球（含軟式）,3,19,0.012002526847757423,0.2375,1.3009083044982699
競技種目=サッカー・フットサル,発生場所1=学校外（園外） | 被災学校種=高,3,21,0.013265950726468731,0.2727272727272727,1.3003833515881706
和暦=令和 | 被災学校種=高,場合別1=通学中,3,34,0.02147820593809223,0.21518987341772153,1.3001739298482946
和暦=平成 | 場合別2=下校（降園）中,被災学年=1,3,44,0.027795325331648767,0.3826086956521739,1.2997200970330287
場合別2=登校（登園）中 | 性別=男,被災学校種=高,3,48,0.030322173089071383,0.7272727272727273,1.299404884054997
給付年度=27 | 被災学年=2,被災学校種=高,3,24,0.015161086544535692,0.7272727272727273,1.299404884054997
給付年度=27,発生場所2=運動場・校庭（園庭） | 競技種目=野球（含軟式）,3,20,0.012634238787113077,0.21505376344086022,1.2993515554461135
競技種目=サッカー・フットサル,和暦=平成 | 被災学校種=高,3,46,0.029058749210360075,0.5974025974025974,1.299022406165263
給付年度=25,性別=男 | 発生場所2=運動場・校庭（園庭）,3,28,0.017687934301958308,0.3888888888888889,1.2987576183778715
給付年度=17,和暦=平成 | 発生場所1=学校外（園外）,3,36,0.022741629816803537,0.33962264150943394,1.298605414273995
和暦=平成 | 場合別2=休憩時間中,被災学校種=中,3,25,0.015792798483891344,0.31645569620253167,1.2977962877943203
給付年度=30,競技種目=野球（含軟式） | 被災学校種=高,3,17,0.010739102969046115,0.25,1.2975409836065575
場合別1=通学中 | 性別=男,被災学年=1,3,63,0.03979785217940619,0.38181818181818183,1.2970347249317207
競技種目=野球（含軟式） | 被災学校種=中,性別=男,3,40,0.025268477574226154,0.975609756097561,1.2967172492883619
競技種目=ソフトボール,性別=男 | 被災学年=3,3,18,0.011370814908401769,0.24,1.296655290102389
場合別1=通学中,被災学年=1,2,100,0.06317119393556538,0.3816793893129771,1.2965632473872164
場合別1=通学中 | 発生場所1=学校外（園外）,被災学年=1,3,100,0.06317119393556538,0.3816793893129771,1.2965632473872164
被災学年=1,場合別1=通学中,2,100,0.06317119393556538,0.2145922746781116,1.2965632473872162
被災学年=1,場合別1=通学中 | 発生場所1=学校外（園外）,3,100,0.06317119393556538,0.2145922746781116,1.2965632473872162
場合別2=体育（保健体育）,和暦=平成 | 発生場所1=学校内・校舎外（園内・園舎外）,3,78,0.049273531269740996,0.40625,1.2965599798387097
場合別2=体育（保健体育）,発生場所1=学校内・校舎外（園内・園舎外） | 発生場所2=運動場・校庭（園庭）,3,89,0.05622236260265319,0.4635416666666667,1.2964425058892817
性別=男 | 給付年度=5,場合別1=課外指導,3,18,0.011370814908401769,0.5625,1.2961244541484715
被災学年=1 | 通学方法=自転車,和暦=令和,3,21,0.013265950726468731,0.22105263157894736,1.2960233918128656
性別=男 | 発生場所2=道路,被災学年=1,3,66,0.041692987997473153,0.3815028901734104,1.2959636805676151
競技種目=サッカー・フットサル,被災学年=2 | 被災学校種=高,3,22,0.013897662665824383,0.2857142857142857,1.2959476054031926
場合別1=通学中 | 性別=女,被災学年=1,3,37,0.02337334175615919,0.38144329896907214,1.2957612495022344
場合別1=各教科等 | 被災学校種=中,発生場所1=学校内・校舎外（園内・園舎外）,3,34,0.02147820593809223,0.4927536231884058,1.2957292118060573
場合別1=課外指導 | 発生場所2=体育館・屋内運動場,被災学校種=高,3,87,0.054958938723941884,0.725,1.295344243792325
競技種目=バスケットボール | 被災学年=2,被災学校種=高,3,29,0.01831964624131396,0.725,1.295344243792325
場合別2=下校（降園）中 | 被災学年=1,性別=女,3,17,0.010739102969046115,0.32075471698113206,1.2952926453600306
場合別2=体育的部活動 | 発生場所1=学校外（園外）,被災学年=2,3,78,0.049273531269740996,0.4482758620689655,1.2949282657941104
競技種目=サッカー・フットサル,性別=男,2,75,0.047378395451674035,0.974025974025974,1.2946121888187379
競技種目=サッカー・フットサル,和暦=令和,2,17,0.010739102969046115,0.22077922077922077,1.2944203944203945
給付年度=27,発生場所1=学校内・校舎外（園内・園舎外） | 競技種目=野球（含軟式）,3,20,0.012634238787113077,0.21505376344086022,1.2944110552352917
発生場所2=体育館・屋内運動場 | 被災学年=3,性別=女,3,25,0.015792798483891344,0.32051282051282054,1.2943158032443747
場合別2=体育（保健体育）,発生場所2=運動場・校庭（園庭）,2,89,0.05622236260265319,0.4635416666666667,1.2941560111699002
場合別1=各教科等 | 場合別2=体育（保健体育）,発生場所2=運動場・校庭（園庭）,3,89,0.05622236260265319,0.4635416666666667,1.2941560111699002
発生場所2=道路,被災学年=1,2,104,0.065698041692988,0.38095238095238093,1.2940936031064787
被災学年=1,発生場所2=道路,2,104,0.065698041692988,0.22317596566523606,1.2940936031064787
被災学年=1,発生場所1=学校外（園外） | 発生場所2=道路,3,104,0.065698041692988,0.22317596566523606,1.2940936031064787
発生場所1=学校外（園外） | 発生場所2=道路,被災学年=1,3,104,0.065698041692988,0.38095238095238093,1.2940936031064787
給付年度=29 | 被災学校種=高,発生場所2=運動場・校庭（園庭）,3,19,0.012002526847757423,0.4634146341463415,1.29380135071192
場合別1=学校行事,被災学年=3,2,26,0.016424510423247,0.3291139240506329,1.2927725602286646
和暦=令和 | 被災学年=2,被災学校種=中,3,29,0.01831964624131396,0.31521739130434784,1.2927179544942555
給付年度=20 | 被災学年=2,場合別1=課外指導,3,23,0.014529374605180037,0.5609756097560976,1.2926119217524052
和暦=平成 | 場合別1=学校行事,発生場所1=学校外（園外）,3,28,0.017687934301958308,0.4057971014492754,1.2925086752398451
給付年度=18,発生場所2=体育館・屋内運動場,2,23,0.014529374605180037,0.2,1.2922448979591838
和暦=平成 | 給付年度=18,発生場所2=体育館・屋内運動場,3,23,0.014529374605180037,0.2,1.2922448979591838
給付年度=18,発生場所1=学校内・校舎内（園内・園舎内） | 発生場所2=体育館・屋内運動場,3,23,0.014529374605180037,0.2,1.2922448979591838
給付年度=22,発生場所2=体育館・屋内運動場,2,21,0.013265950726468731,0.2,1.2922448979591838
和暦=平成 | 給付年度=22,発生場所2=体育館・屋内運動場,3,21,0.013265950726468731,0.2,1.2922448979591838
給付年度=22,発生場所1=学校内・校舎内（園内・園舎内） | 発生場所2=体育館・屋内運動場,3,21,0.013265950726468731,0.2,1.2922448979591838
発生場所1=学校内・校舎外（園内・園舎外） | 被災学年=3,被災学校種=中,3,46,0.029058749210360075,0.3150684931506849,1.2921073177656326
性別=女 | 発生場所2=体育館・屋内運動場,被災学校種=中,3,23,0.014529374605180037,0.3150684931506849,1.2921073177656326
給付年度=24,和暦=平成 | 被災学年=3,3,22,0.013897662665824383,0.275,1.2917655786350148
競技種目=バレーボール,和暦=平成 | 被災学年=2,3,16,0.01010739102969046,0.37209302325581395,1.29171766625867
場合別2=体育的部活動 | 発生場所2=体育館・屋内運動場,被災学校種=高,3,86,0.05432722678458623,0.7226890756302521,1.2912153574748184
場合別1=課外指導 | 給付年度=30,性別=男,3,34,0.02147820593809223,0.9714285714285714,1.2911598896485545
場合別2=体育的部活動 | 給付年度=30,性別=男,3,34,0.02147820593809223,0.9714285714285714,1.2911598896485545
場合別1=課外指導 | 発生場所1=学校外（園外）,被災学年=2,3,80,0.05053695514845231,0.44692737430167595,1.291032907882396
性別=女 | 発生場所2=道路,被災学年=1,3,38,0.024005053695514846,0.38,1.2908583690987125
発生場所1=学校内・校舎外（園内・園舎外） | 給付年度=19,場合別1=課外指導,3,28,0.017687934301958308,0.56,1.290363901018923
給付年度=2,発生場所1=学校内・校舎外（園内・園舎外） | 被災学校種=高,3,22,0.013897662665824383,0.3055555555555556,1.289851851851852
給付年度=22,和暦=平成 | 被災学年=2,3,39,0.024636765634870498,0.37142857142857144,1.2894110275689226
給付年度=17 | 被災学校種=高,被災学年=3,3,21,0.013265950726468731,0.328125,1.2888880272952854
発生場所2=体育館・屋内運動場 | 被災学年=1,場合別1=課外指導,3,33,0.020846493998736577,0.559322033898305,1.288801717119384
給付年度=24,性別=男 | 被災学年=2,3,28,0.017687934301958308,0.35,1.2884883720930234
発生場所2=道路 | 被災学年=1,被災学校種=高,3,75,0.047378395451674035,0.7211538461538461,1.2884723910401112
給付年度=26,発生場所1=学校外（園外）,2,36,0.022741629816803537,0.4044943820224719,1.2883593697013542
和暦=平成 | 給付年度=26,発生場所1=学校外（園外）,3,36,0.022741629816803537,0.4044943820224719,1.2883593697013542
発生場所1=学校内・校舎外（園内・園舎外） | 給付年度=28,場合別2=体育的部活動,3,17,0.010739102969046115,0.5483870967741935,1.2879774097827126
給付年度=4 | 被災学校種=高,場合別1=課外指導,3,19,0.012002526847757423,0.5588235294117647,1.2876530524873704
場合別1=課外指導 | 給付年度=24,性別=男,3,31,0.01958307012002527,0.96875,1.2875997061293032
和暦=平成 | 場合別1=学校行事,性別=女,3,22,0.013897662665824383,0.3188405797101449,1.2875628512274473
和暦=令和 | 競技種目=野球（含軟式）,性別=男,3,61,0.03853442830069488,0.9682539682539683,1.2869404128849973
被災学年=2,場合別1=課外指導 | 被災学校種=高,3,241,0.15224257738471256,0.4397810218978102,1.2868269088063466
場合別1=課外指導 | 被災学校種=高,被災学年=2,3,241,0.15224257738471256,0.4454713493530499,1.2868269088063466
場合別2=昼食時休憩時間中 | 性別=男,被災学年=3,3,19,0.012002526847757423,0.3275862068965517,1.286771626593651
場合別1=通学中 | 被災学校種=中,被災学年=3,3,19,0.012002526847757423,0.3275862068965517,1.286771626593651
給付年度=20,和暦=平成 | 発生場所1=学校外（園外）,3,36,0.022741629816803537,0.3364485981308411,1.2864689150751727
場合別2=体育的部活動 | 給付年度=24,性別=男,3,30,0.018951358180669616,0.967741935483871,1.2862598521166817
場合別2=体育（保健体育）,和暦=平成 | 発生場所2=運動場・校庭（園庭）,3,73,0.04611497157296273,0.3802083333333333,1.2860465633903133
給付年度=27,和暦=平成 | 被災学校種=高,3,55,0.03474415666456096,0.5913978494623656,1.2859653787073142
被災学年=3,性別=男 | 被災学校種=中,3,91,0.0574857864813645,0.22580645161290322,1.2857971687166396
性別=男 | 被災学校種=中,被災学年=3,3,91,0.0574857864813645,0.3273381294964029,1.2857971687166396
場合別2=体育（保健体育） | 被災学年=3,発生場所2=運動場・校庭（園庭）,3,35,0.022109917877447885,0.4605263157894737,1.2857374918778428
競技種目=野球（含軟式） | 被災学年=3,性別=男,3,59,0.037271004421983576,0.9672131147540983,1.2855569778805522
競技種目=サッカー・フットサル | 被災学校種=高,性別=男,3,59,0.037271004421983576,0.9672131147540983,1.2855569778805522
場合別2=下校（降園）中 | 発生場所2=道路,性別=女,3,42,0.026531901452937462,0.3181818181818182,1.2849025974025974
場合別1=休憩時間 | 被災学年=2,性別=女,3,21,0.013265950726468731,0.3181818181818182,1.2849025974025974
給付年度=20,被災学年=3,2,35,0.022109917877447885,0.32710280373831774,1.284872799795923
和暦=平成 | 給付年度=20,被災学年=3,3,35,0.022109917877447885,0.32710280373831774,1.284872799795923
給付年度=19,和暦=平成 | 被災学年=2,3,47,0.02969046114971573,0.3700787401574803,1.2847251001519548
給付年度=19 | 被災学校種=高,発生場所1=学校外（園外）,3,25,0.015792798483891344,0.4032258064516129,1.2843188161225416
発生場所2=学校外運動場・競技場,和暦=平成 | 性別=男,3,95,0.06001263423878711,0.7983193277310925,1.284288105486097
給付年度=28 | 被災学校種=高,発生場所1=学校内・校舎外（園内・園舎外）,3,21,0.013265950726468731,0.4883720930232558,1.2842076798269335
給付年度=23 | 被災学年=2,被災学校種=高,3,23,0.014529374605180037,0.71875,1.2841774830699775
性別=男 | 通学方法=自転車,和暦=令和,3,30,0.018951358180669616,0.21897810218978103,1.2838605028386052
発生場所1=学校外（園外） | 給付年度=19,被災学年=2,3,20,0.012634238787113077,0.4444444444444444,1.283860502838605
発生場所1=学校外（園外） | 給付年度=26,被災学年=2,3,16,0.01010739102969046,0.4444444444444444,1.283860502838605
競技種目=サッカー・フットサル | 被災学年=2,性別=男,3,28,0.017687934301958308,0.9655172413793104,1.2833029329164134
場合別2=下校（降園）中,和暦=平成 | 性別=女,3,36,0.022741629816803537,0.26666666666666666,1.283080040526849
場合別1=課外指導 | 給付年度=26,被災学校種=高,3,28,0.017687934301958308,0.717948717948718,1.2827458470799329
場合別2=体育的部活動 | 給付年度=26,被災学校種=高,3,28,0.017687934301958308,0.717948717948718,1.2827458470799329
給付年度=25 | 被災学校種=高,発生場所1=学校内・校舎外（園内・園舎外）,3,20,0.012634238787113077,0.4878048780487805,1.2827161494206305
被災学年=3,被災学校種=中,2,126,0.07959570435881239,0.31265508684863524,1.282209850988056
被災学校種=中,被災学年=3,2,126,0.07959570435881239,0.32642487046632124,1.2822098509880557
発生場所2=道路 | 被災学校種=中,性別=女,3,20,0.012634238787113077,0.31746031746031744,1.2819889860706186
競技種目=バスケットボール,和暦=平成 | 被災学校種=高,3,66,0.041692987997473153,0.5892857142857143,1.281372645211931
場合別1=課外指導 | 給付年度=23,発生場所1=学校内・校舎外（園内・園舎外）,3,19,0.012002526847757423,0.48717948717948717,1.2810716415367578
場合別2=体育的部活動 | 給付年度=23,発生場所1=学校内・校舎外（園内・園舎外）,3,19,0.012002526847757423,0.48717948717948717,1.2810716415367578
場合別2=登校（登園）中 | 発生場所2=道路,被災学校種=高,3,81,0.051168667087807956,0.7168141592920354,1.2807187518727903
場合別2=体育（保健体育） | 被災学年=3,発生場所1=学校内・校舎外（園内・園舎外）,3,37,0.02337334175615919,0.4868421052631579,1.2801844728099319
給付年度=21 | 被災学校種=高,場合別1=課外指導,3,30,0.018951358180669616,0.5555555555555556,1.2801229176775029
性別=女 | 被災学年=2,場合別1=通学中,3,25,0.015792798483891344,0.211864406779661,1.280081511191616
給付年度=26,和暦=平成 | 発生場所1=学校内・校舎内（園内・園舎内）,3,29,0.01831964624131396,0.3258426966292135,1.2799230490422953
場合別1=通学中,和暦=平成 | 被災学年=1,3,79,0.04990524320909665,0.3015267175572519,1.2796696887215275
和暦=平成 | 被災学年=1,場合別1=通学中,3,79,0.04990524320909665,0.21179624664879357,1.2796696887215275
被災学年=2,場合別2=体育的部活動 | 被災学校種=高,3,237,0.14971572962728996,0.4324817518248175,1.279660959137731
場合別2=体育的部活動 | 被災学校種=高,被災学年=2,3,237,0.14971572962728996,0.44299065420560746,1.279660959137731
場合別2=体育（保健体育） | 被災学年=2,発生場所2=運動場・校庭（園庭）,3,22,0.013897662665824383,0.4583333333333333,1.2796149323927102
給付年度=26,性別=男 | 被災学校種=中,3,20,0.012634238787113077,0.2247191011235955,1.279605529059898
発生場所1=学校外（園外） | 被災学校種=高,被災学年=1,3,125,0.07896399241945673,0.37650602409638556,1.278989347949739
被災学年=1,発生場所1=学校外（園外） | 被災学校種=高,3,125,0.07896399241945673,0.26824034334763946,1.2789893479497387
発生場所1=学校内・校舎外（園内・園舎外） | 競技種目=サッカー・フットサル,性別=男,3,51,0.032217308907138344,0.9622641509433962,1.2789791359726248
給付年度=2,発生場所2=運動場・校庭（園庭） | 被災学校種=高,3,21,0.013265950726468731,0.2916666666666667,1.2789704524469068
性別=女 | 発生場所2=運動場・校庭（園庭）,被災学校種=中,3,29,0.01831964624131396,0.3118279569892473,1.2788177614351774
場合別1=休憩時間 | 発生場所2=廊下,性別=女,3,19,0.012002526847757423,0.31666666666666665,1.278784013605442
被災学年=2,競技種目=野球（含軟式） | 被災学校種=高,3,135,0.08528111181301326,0.24635036496350365,1.2785987794663156
競技種目=野球（含軟式） | 被災学校種=高,被災学年=2,3,135,0.08528111181301326,0.4426229508196721,1.2785987794663156
場合別1=課外指導 | 競技種目=サッカー・フットサル,被災学年=2,3,27,0.017056222362602652,0.4426229508196721,1.2785987794663156
場合別2=体育的部活動 | 競技種目=サッカー・フットサル,被災学年=2,3,27,0.017056222362602652,0.4426229508196721,1.2785987794663156
場合別1=課外指導,被災学年=2,2,304,0.19204042956411876,0.44250363901018924,1.2782541250969517
被災学年=2,場合別1=課外指導,2,304,0.19204042956411876,0.5547445255474452,1.2782541250969517
競技種目=野球（含軟式） | 給付年度=20,性別=男,3,25,0.015792798483891344,0.9615384615384616,1.2780145966543952
場合別1=学校行事,性別=女,2,25,0.015792798483891344,0.31645569620253167,1.2779320588995091
発生場所2=体育館・屋内運動場 | 被災学年=3,和暦=令和,3,17,0.010739102969046115,0.21794871794871795,1.2778252611585945
給付年度=21 | 被災学年=2,発生場所1=学校内・校舎外（園内・園舎外）,3,17,0.010739102969046115,0.4857142857142857,1.2772187944945421
発生場所2=運動場・校庭（園庭） | 競技種目=サッカー・フットサル,性別=男,3,49,0.03095388502842704,0.9607843137254902,1.2770122322648623
給付年度=28,和暦=平成 | 発生場所1=学校内・校舎内（園内・園舎内）,3,26,0.016424510423247,0.325,1.2766129032258065
場合別1=課外指導 | 給付年度=30,発生場所2=運動場・校庭（園庭）,3,16,0.01010739102969046,0.45714285714285713,1.2762912572436382
場合別2=体育的部活動 | 給付年度=30,発生場所2=運動場・校庭（園庭）,3,16,0.01010739102969046,0.45714285714285713,1.2762912572436382
発生場所1=学校外（園外） | 被災学年=1,被災学校種=高,3,125,0.07896399241945673,0.7142857142857143,1.2762012254111579
競技種目=バスケットボール | 被災学年=1,被災学校種=高,3,25,0.015792798483891344,0.7142857142857143,1.2762012254111579
和暦=平成 | 発生場所2=学校外体育館,被災学校種=高,3,25,0.015792798483891344,0.7142857142857143,1.2762012254111579
場合別1=課外指導 | 給付年度=2,被災学校種=高,3,25,0.015792798483891344,0.7142857142857143,1.2762012254111579
和暦=令和 | 場合別2=登校（登園）中,被災学校種=高,3,20,0.012634238787113077,0.7142857142857143,1.2762012254111579
競技種目=野球（含軟式） | 給付年度=18,性別=男,3,24,0.015161086544535692,0.96,1.2759697732997481
和暦=平成 | 場合別1=各教科等,性別=女,3,60,0.03790271636133923,0.3157894736842105,1.2752416756176153
性別=男 | 給付年度=4,場合別2=体育的部活動,3,19,0.012002526847757423,0.5428571428571428,1.2749894022891053
和暦=平成 | 被災学年=1,発生場所2=道路,3,82,0.05180037902716361,0.21983914209115282,1.2747449154955859
発生場所2=道路,和暦=平成 | 被災学年=1,3,82,0.05180037902716361,0.30036630036630035,1.2747449154955857
被災学校種=中,性別=男 | 被災学年=3,3,91,0.0574857864813645,0.23575129533678757,1.2737006843622345
性別=男 | 被災学年=3,被災学校種=中,3,91,0.0574857864813645,0.310580204778157,1.2737006843622345
性別=女 | 被災学校種=中,被災学年=3,3,35,0.022109917877447885,0.32407407407407407,1.2729758294274423
場合別2=体育的部活動,被災学年=2,2,297,0.18761844598862917,0.4406528189910979,1.2729076869761096
場合別1=課外指導 | 場合別2=体育的部活動,被災学年=2,3,297,0.18761844598862917,0.4406528189910979,1.2729076869761096
被災学年=2,場合別2=体育的部活動,2,297,0.18761844598862917,0.541970802919708,1.2729076869761093
被災学年=2,場合別1=課外指導 | 場合別2=体育的部活動,3,297,0.18761844598862917,0.541970802919708,1.2729076869761093
発生場所1=学校内・校舎内（園内・園舎内） | 被災学校種=高,被災学年=3,3,58,0.03663929248262792,0.3240223463687151,1.2727726409470868
場合別2=体育（保健体育）,性別=男 | 発生場所1=学校内・校舎外（園内・園舎外）,3,77,0.04864181933038535,0.4010416666666667,1.272242401469606
被災学年=1 | 被災学校種=中,発生場所2=道路,3,25,0.015792798483891344,0.21929824561403508,1.2716085084506137
給付年度=18,和暦=平成 | 被災学校種=中,3,29,0.01831964624131396,0.25217391304347825,1.2713098864580448
給付年度=21,性別=男 | 被災学年=3,3,24,0.015161086544535692,0.23529411764705882,1.2712306765709696
場合別1=各教科等,性別=男 | 被災学校種=中,3,52,0.032849020846494,0.22317596566523606,1.2708185383024053
発生場所1=学校内・校舎外（園内・園舎外） | 競技種目=ソフトボール,性別=女,3,22,0.013897662665824383,0.3142857142857143,1.2691690962099125
発生場所2=運動場・校庭（園庭） | 競技種目=ソフトボール,性別=女,3,22,0.013897662665824383,0.3142857142857143,1.2691690962099125
発生場所1=学校内・校舎外（園内・園舎外） | 給付年度=19,場合別2=体育的部活動,3,27,0.017056222362602652,0.54,1.268278931750742
性別=女,発生場所1=学校内・校舎内（園内・園舎内）,2,152,0.09602021478205938,0.3877551020408163,1.2682155506830832
発生場所1=学校内・校舎内（園内・園舎内）,性別=女,2,152,0.09602021478205938,0.3140495867768595,1.2682155506830832
給付年度=30,被災学年=2 | 被災学校種=高,3,19,0.012002526847757423,0.27941176470588236,1.26736052587224
発生場所2=学校外運動場・競技場 | 被災学校種=高,性別=男,3,102,0.06443461781427669,0.9532710280373832,1.2670260599354977
給付年度=24,場合別1=休憩時間,2,16,0.01010739102969046,0.2,1.2664
和暦=平成 | 給付年度=24,場合別1=休憩時間,3,16,0.01010739102969046,0.2,1.2664
発生場所2=運動場・校庭（園庭）,性別=男 | 被災学校種=高,3,326,0.20593809222994314,0.5749559082892416,1.2658625908510006
性別=男 | 被災学校種=高,発生場所2=運動場・校庭（園庭）,3,326,0.20593809222994314,0.4534075104311544,1.2658625908510006
和暦=平成 | 発生場所2=体育館・屋内運動場,性別=女,3,63,0.03979785217940619,0.31343283582089554,1.265724946695096
被災学校種=中,和暦=平成 | 被災学年=3,3,104,0.065698041692988,0.2694300518134715,1.2656016973908766
和暦=平成 | 被災学年=3,被災学校種=中,3,104,0.065698041692988,0.3086053412462908,1.2656016973908766
給付年度=22 | 被災学校種=高,被災学年=1,3,19,0.012002526847757423,0.37254901960784315,1.2655474206850124
発生場所2=運動場・校庭（園庭）,被災学年=1 | 被災学校種=高,3,145,0.0915982312065698,0.25573192239858905,1.2650738536155202
被災学年=1 | 被災学校種=高,発生場所2=運動場・校庭（園庭）,3,145,0.0915982312065698,0.453125,1.2650738536155202
被災学校種=高,性別=男 | 被災学年=1,3,259,0.16361339229311433,0.29232505643340856,1.2643458041914912
性別=男 | 被災学年=1,被災学校種=高,3,259,0.16361339229311433,0.7076502732240437,1.2643458041914912
和暦=平成 | 場合別2=下校（降園）中,性別=女,3,36,0.022741629816803537,0.3130434782608696,1.2641526175687667
被災学年=2,場合別1=課外指導 | 性別=男,3,256,0.16171825647504737,0.46715328467153283,1.264108802794934
場合別1=課外指導 | 性別=男,被災学年=2,3,256,0.16171825647504737,0.4376068376068376,1.264108802794934
給付年度=28 | 被災学校種=高,被災学年=1,3,16,0.01010739102969046,0.37209302325581395,1.263998403034235
発生場所1=学校内・校舎外（園内・園舎外） | 給付年度=28,場合別1=課外指導,3,17,0.010739102969046115,0.5483870967741935,1.263605202610696
発生場所1=学校内・校舎外（園内・園舎外） | 給付年度=29,場合別1=課外指導,3,17,0.010739102969046115,0.5483870967741935,1.263605202610696
競技種目=サッカー・フットサル,性別=男 | 被災学年=3,3,18,0.011370814908401769,0.23376623376623376,1.2629759319179115
給付年度=23,和暦=平成 | 性別=男,3,73,0.04611497157296273,0.7849462365591398,1.2627742809686162
給付年度=27,和暦=平成 | 被災学年=3,3,25,0.015792798483891344,0.26881720430107525,1.2627229507673652
場合別2=休憩時間中 | 発生場所2=教室（保育室）,性別=男,3,19,0.012002526847757423,0.95,1.2626784214945423
発生場所1=学校内・校舎外（園内・園舎外） | 給付年度=30,性別=男,3,19,0.012002526847757423,0.95,1.2626784214945423
発生場所2=運動場・校庭（園庭） | 給付年度=30,性別=男,3,19,0.012002526847757423,0.95,1.2626784214945423
場合別1=課外指導 | 給付年度=4,性別=男,3,19,0.012002526847757423,0.95,1.2626784214945423
場合別2=体育的部活動 | 給付年度=4,性別=男,3,19,0.012002526847757423,0.95,1.2626784214945423
場合別2=登校（登園）中 | 発生場所2=道路,被災学年=1,3,42,0.026531901452937462,0.37168141592920356,1.2626001747122946
被災学年=1 | 被災学校種=中,発生場所1=学校内・校舎内（園内・園舎内）,3,44,0.027795325331648767,0.38596491228070173,1.262360446570973
場合別1=特別活動（除学校行事）,性別=女,2,20,0.012634238787113077,0.3125,1.2619579081632653
給付年度=21,和暦=平成 | 性別=男,3,80,0.05053695514845231,0.7843137254901961,1.261756735214411
場合別1=課外指導 | 競技種目=野球（含軟式）,被災学年=2,3,152,0.09602021478205938,0.4367816091954023,1.2617249769275947
場合別2=体育的部活動 | 競技種目=野球（含軟式）,被災学年=2,3,152,0.09602021478205938,0.4367816091954023,1.2617249769275947
被災学年=2,場合別1=課外指導 | 競技種目=野球（含軟式）,3,152,0.09602021478205938,0.2773722627737226,1.2617249769275944
被災学年=2,場合別2=体育的部活動 | 競技種目=野球（含軟式）,3,152,0.09602021478205938,0.2773722627737226,1.2617249769275944
和暦=令和 | 被災学年=1,発生場所2=運動場・校庭（園庭）,3,42,0.026531901452937462,0.45161290322580644,1.2608522500995618
発生場所1=学校外（園外） | 被災学校種=中,被災学年=1,3,36,0.022741629816803537,0.3711340206185567,1.2607406751913632
給付年度=27 | 被災学校種=高,被災学年=2,3,24,0.015161086544535692,0.43636363636363634,1.2605175846051757
和暦=平成 | 場合別1=通学中,被災学年=1,3,79,0.04990524320909665,0.37089201877934275,1.259918595982188
競技種目=サッカー・フットサル | 被災学年=3,性別=男,3,18,0.011370814908401769,0.9473684210526315,1.2591806973352777
競技種目=野球（含軟式） | 給付年度=24,性別=男,3,18,0.011370814908401769,0.9473684210526315,1.2591806973352777
発生場所2=運動場・校庭（園庭） | 給付年度=23,被災学校種=高,3,19,0.012002526847757423,0.7037037037037037,1.2572945405902518
性別=男 | 給付年度=20,被災学年=3,3,24,0.015161086544535692,0.32,1.2569727047146402
通学方法=自転車,和暦=平成 | 被災学校種=高,3,126,0.07959570435881239,0.5779816513761468,1.2567925194071983
給付年度=19,和暦=平成 | 発生場所1=学校内・校舎外（園内・園舎外）,3,50,0.03158559696778269,0.3937007874015748,1.256508763017526
場合別1=各教科等 | 発生場所1=学校内・校舎内（園内・園舎内）,被災学校種=中,3,34,0.02147820593809223,0.3063063063063063,1.256173271717313
給付年度=18 | 被災学校種=高,被災学年=2,3,30,0.018951358180669616,0.43478260869565216,1.255950491907331
給付年度=26 | 被災学校種=高,被災学年=1,3,17,0.010739102969046115,0.3695652173913043,1.2554114573614479
場合別2=下校（降園）中 | 通学方法=自転車,性別=女,3,32,0.02021478205938092,0.3106796116504854,1.254606697047751
給付年度=5,場合別1=課外指導 | 被災学校種=高,3,18,0.011370814908401769,0.42857142857142855,1.2540269342487456
競技種目=野球（含軟式）,和暦=平成 | 被災学年=1,3,104,0.065698041692988,0.29545454545454547,1.2538995856690227
和暦=平成 | 被災学年=1,競技種目=野球（含軟式）,3,104,0.065698041692988,0.27882037533512066,1.2538995856690227
被災学年=2,場合別2=体育的部活動 | 性別=男,3,250,0.15792798483891346,0.4562043795620438,1.2537700223033252
場合別2=体育的部活動 | 性別=男,被災学年=2,3,250,0.15792798483891346,0.4340277777777778,1.2537700223033252
給付年度=23 | 被災学校種=高,被災学年=2,3,23,0.014529374605180037,0.4339622641509434,1.253580773998072
場合別1=通学中 | 被災学校種=中,性別=女,3,18,0.011370814908401769,0.3103448275862069,1.2532547501759324
場合別1=課外指導 | 競技種目=サッカー・フットサル,発生場所1=学校外（園外）,3,24,0.015161086544535692,0.39344262295081966,1.2531582940264538
場合別2=体育的部活動 | 競技種目=サッカー・フットサル,発生場所1=学校外（園外）,3,24,0.015161086544535692,0.39344262295081966,1.2531582940264538
発生場所1=学校内・校舎内（園内・園舎内） | 被災学校種=中,被災学年=3,3,52,0.032849020846494,0.31901840490797545,1.2531169602216505
給付年度=2,被災学校種=中,2,22,0.013897662665824383,0.3055555555555556,1.2530944156591826
和暦=令和 | 給付年度=2,被災学校種=中,3,22,0.013897662665824383,0.3055555555555556,1.2530944156591826
性別=男 | 競技種目=バスケットボール,被災学校種=高,3,61,0.03853442830069488,0.7011494252873564,1.2527308580472745
発生場所2=運動場・校庭（園庭） | 給付年度=29,場合別2=体育的部活動,3,16,0.01010739102969046,0.5333333333333333,1.2526211671612264
場合別2=登校（登園）中,被災学校種=高,2,82,0.05180037902716361,0.7008547008547008,1.2522042792923154
場合別1=通学中 | 場合別2=登校（登園）中,被災学校種=高,3,82,0.05180037902716361,0.7008547008547008,1.2522042792923154
場合別2=登校（登園）中 | 発生場所1=学校外（園外）,被災学校種=高,3,82,0.05180037902716361,0.7008547008547008,1.2522042792923154
性別=男 | 給付年度=30,被災学年=1,3,21,0.013265950726468731,0.3684210526315789,1.2515247345832392
和暦=令和 | 競技種目=サッカー・フットサル,性別=男,3,16,0.01010739102969046,0.9411764705882353,1.2509507581370078
性別=男 | 給付年度=4,場合別1=課外指導,3,19,0.012002526847757423,0.5428571428571428,1.2508629652734455
性別=男 | 競技種目=サッカー・フットサル,和暦=令和,3,16,0.01010739102969046,0.21333333333333335,1.2507654320987656
発生場所2=学校外体育館,被災学校種=高,2,28,0.017687934301958308,0.7,1.2506772009029345
発生場所1=学校外（園外） | 発生場所2=学校外体育館,被災学校種=高,3,28,0.017687934301958308,0.7,1.2506772009029345
発生場所2=体育館・屋内運動場,被災学年=3,2,78,0.049273531269740996,0.3183673469387755,1.2505595786701778
発生場所1=学校内・校舎内（園内・園舎内） | 発生場所2=体育館・屋内運動場,被災学年=3,3,78,0.049273531269740996,0.3183673469387755,1.2505595786701778
競技種目=バスケットボール,和暦=平成 | 被災学年=1,3,33,0.020846493998736577,0.29464285714285715,1.2504548065875143
発生場所2=体育館・屋内運動場 | 競技種目=バスケットボール,被災学校種=中,3,25,0.015792798483891344,0.3048780487804878,1.250315935801845
被災学年=1,場合別2=体育的部活動 | 性別=男,3,212,0.13392293114339862,0.45493562231759654,1.2502831425846448
場合別2=体育的部活動 | 性別=男,被災学年=1,3,212,0.13392293114339862,0.3680555555555556,1.2502831425846448
和暦=平成 | 発生場所2=学校外運動場・競技場,性別=男,3,95,0.06001263423878711,0.9405940594059405,1.2501766549450914
発生場所2=運動場・校庭（園庭） | 被災学年=2,被災学校種=高,3,135,0.08528111181301326,0.6994818652849741,1.249751459081393
和暦=平成 | 発生場所2=道路,被災学年=1,3,82,0.05180037902716361,0.36771300448430494,1.2491194980657827
給付年度=18 | 被災学年=2,発生場所1=学校内・校舎外（園内・園舎外）,3,19,0.012002526847757423,0.475,1.249044850498339
場合別1=課外指導 | 発生場所2=学校外運動場・競技場,性別=男,3,109,0.06885660138976626,0.9396551724137931,1.2489287472132953
場合別2=体育的部活動 | 発生場所2=学校外運動場・競技場,性別=男,3,109,0.06885660138976626,0.9396551724137931,1.2489287472132953
被災学年=2,性別=男 | 競技種目=野球（含軟式）,3,150,0.09475679090334807,0.2737226277372263,1.2487115841729948
性別=男 | 競技種目=野球（含軟式）,被災学年=2,3,150,0.09475679090334807,0.4322766570605187,1.2487115841729948
発生場所2=学校外運動場・競技場 | 被災学年=1,性別=男,3,31,0.01958307012002527,0.9393939393939394,1.248581533216294
場合別1=通学中 | 被災学年=2,被災学校種=高,3,58,0.03663929248262792,0.6987951807228916,1.248524572329952
和暦=令和 | 発生場所1=学校外（園外）,被災学校種=高,3,58,0.03663929248262792,0.6987951807228916,1.248524572329952
場合別2=登校（登園）中,被災学年=1,2,43,0.027163613392293114,0.36752136752136755,1.2484685081251605
場合別1=通学中 | 場合別2=登校（登園）中,被災学年=1,3,43,0.027163613392293114,0.36752136752136755,1.2484685081251605
場合別2=登校（登園）中 | 発生場所1=学校外（園外）,被災学年=1,3,43,0.027163613392293114,0.36752136752136755,1.2484685081251605
給付年度=29,発生場所1=学校内・校舎内（園内・園舎内）,2,29,0.01831964624131396,0.3815789473684211,1.248015441496303
和暦=平成 | 給付年度=29,発生場所1=学校内・校舎内（園内・園舎内）,3,29,0.01831964624131396,0.3815789473684211,1.248015441496303
和暦=令和 | 被災学校種=高,発生場所2=道路,3,34,0.02147820593809223,0.21518987341772153,1.2477859693049567
性別=男 | 給付年度=5,場合別2=体育的部活動,3,17,0.010739102969046115,0.53125,1.2477281157270028
場合別2=体育（保健体育） | 被災学年=1,発生場所2=運動場・校庭（園庭）,3,21,0.013265950726468731,0.44680851063829785,1.247438928289992
競技種目=野球（含軟式）,被災学年=2,2,152,0.09602021478205938,0.4318181818181818,1.247387193098872
被災学年=2,競技種目=野球（含軟式）,2,152,0.09602021478205938,0.2773722627737226,1.247387193098872
給付年度=30,和暦=平成 | 被災学校種=高,3,39,0.024636765634870498,0.5735294117647058,1.247111344537815
給付年度=27,和暦=平成 | 被災学校種=中,3,23,0.014529374605180037,0.24731182795698925,1.2467981645092803
被災学年=1 | 被災学校種=高,和暦=令和,3,68,0.04295641187618446,0.2125,1.2458796296296297
被災学校種=高 | 通学方法=自転車,和暦=令和,3,34,0.02147820593809223,0.2125,1.2458796296296297
和暦=令和,被災学年=1 | 被災学校種=高,3,68,0.04295641187618446,0.2518518518518518,1.2458796296296295
場合別1=各教科等 | 被災学年=3,性別=女,3,29,0.01831964624131396,0.30851063829787234,1.2458478072079895
性別=男 | 給付年度=17,被災学年=3,3,26,0.016424510423247,0.3170731707317073,1.2454760031471281
性別=男 | 給付年度=24,競技種目=野球（含軟式）,3,18,0.011370814908401769,0.27692307692307694,1.245367132867133
発生場所1=学校内・校舎内（園内・園舎内） | 競技種目=バレーボール,被災学校種=高,3,23,0.014529374605180037,0.696969696969697,1.245263013886039
和暦=平成 | 場合別2=登校（登園）中,被災学校種=高,3,62,0.03916614024005054,0.6966292134831461,1.244654678266163
給付年度=17,和暦=平成 | 性別=男,3,82,0.05180037902716361,0.7735849056603774,1.2444968553459121
給付年度=17,和暦=平成 | 発生場所2=運動場・校庭（園庭）,3,39,0.024636765634870498,0.36792452830188677,1.244496855345912
性別=男 | 給付年度=24,被災学年=2,3,28,0.017687934301958308,0.4307692307692308,1.2443571027512634
被災学年=1 | 被災学校種=高,発生場所1=学校外（園外）,3,125,0.07896399241945673,0.390625,1.2441838531187124
給付年度=17 | 被災学校種=高,発生場所1=学校外（園外）,3,25,0.015792798483891344,0.390625,1.2441838531187124
発生場所1=学校外（園外）,被災学年=1 | 被災学校種=高,3,125,0.07896399241945673,0.2515090543259557,1.2441838531187122
発生場所1=学校内・校舎外（園内・園舎外） | 給付年度=28,性別=男,3,29,0.01831964624131396,0.9354838709677419,1.243384523712792
給付年度=28 | 被災学年=1,被災学校種=高,3,16,0.01010739102969046,0.6956521739130435,1.2429090195308667
被災学年=4 | 被災学校種=小,発生場所1=学校内・校舎内（園内・園舎内）,3,19,0.012002526847757423,0.38,1.2428512396694216
和暦=平成 | 競技種目=バスケットボール,被災学校種=中,3,30,0.018951358180669616,0.30303030303030304,1.2427382634636521
被災学年=1,場合別1=課外指導 | 性別=男,3,214,0.1351863550221099,0.4592274678111588,1.242661677854811
場合別1=課外指導 | 性別=男,被災学年=1,3,214,0.1351863550221099,0.3658119658119658,1.2426616778548107
和暦=平成 | 場合別1=休憩時間,性別=女,3,64,0.04042956411876184,0.3076923076923077,1.2425431711145998
給付年度=27,和暦=平成 | 性別=女,3,24,0.015161086544535692,0.25806451612903225,1.2416903618001764
発生場所2=体育館・屋内運動場 | 被災学年=1,被災学校種=高,3,41,0.025900189513581806,0.6949152542372882,1.2415923786203469
発生場所2=道路 | 被災学年=2,和暦=令和,3,18,0.011370814908401769,0.21176470588235294,1.2415686274509805
性別=女 | 被災学校種=高,被災学年=1,3,61,0.03853442830069488,0.3652694610778443,1.2408187916013467
発生場所1=学校外（園外） | 給付年度=17,被災学校種=高,3,25,0.015792798483891344,0.6944444444444444,1.2407511913719589
発生場所1=学校外（園外） | 給付年度=26,被災学校種=高,3,25,0.015792798483891344,0.6944444444444444,1.2407511913719589
場合別2=体育的部活動,和暦=平成 | 被災学年=1,3,197,0.1244472520530638,0.2922848664688427,1.240447570027287
和暦=平成 | 被災学年=1,場合別2=体育的部活動,3,197,0.1244472520530638,0.5281501340482574,1.240447570027287
発生場所2=道路 | 被災学年=1,和暦=令和,3,22,0.013897662665824383,0.21153846153846154,1.2402421652421654
発生場所2=道路 | 被災学年=2,被災学校種=高,3,59,0.037271004421983576,0.6941176470588235,1.2401673084583722
発生場所2=学校外運動場・競技場,性別=男,2,111,0.07012002526847758,0.9327731092436975,1.239781554939356
発生場所1=学校外（園外） | 発生場所2=学校外運動場・競技場,性別=男,3,111,0.07012002526847758,0.9327731092436975,1.239781554939356
性別=女 | 発生場所1=学校外（園外）,被災学年=1,3,50,0.03158559696778269,0.36496350364963503,1.2397794555308417
和暦=令和 | 場合別1=通学中,被災学校種=高,3,34,0.02147820593809223,0.6938775510204082,1.2397383332565532
給付年度=23,和暦=平成 | 被災学校種=高,3,53,0.033480732785849655,0.5698924731182796,1.2392030012997755
場合別1=各教科等,和暦=平成 | 性別=女,3,60,0.03790271636133923,0.2575107296137339,1.2390257902083306
和暦=令和 | 被災学年=3,発生場所1=学校内・校舎内（園内・園舎内）,3,25,0.015792798483891344,0.3787878787878788,1.238886801903331
給付年度=27,場合別1=課外指導,2,50,0.03158559696778269,0.5376344086021505,1.2388286300104865
和暦=平成 | 給付年度=27,場合別1=課外指導,3,50,0.03158559696778269,0.5376344086021505,1.2388286300104865
発生場所1=学校内・校舎内（園内・園舎内） | 被災学校種=中,性別=女,3,50,0.03158559696778269,0.3067484662576687,1.2387316889946163
給付年度=25,和暦=平成 | 被災学校種=高,3,41,0.025900189513581806,0.5694444444444444,1.238228785103785
発生場所2=体育館・屋内運動場 | 被災学校種=中,被災学年=2,3,30,0.018951358180669616,0.42857142857142855,1.2380083420229404
場合別1=課外指導 | 給付年度=19,被災学年=2,3,24,0.015161086544535692,0.42857142857142855,1.2380083420229404
発生場所1=学校内・校舎外（園内・園舎外） | 被災学年=2,被災学校種=高,3,142,0.08970309538850284,0.6926829268292682,1.2376039200572593
発生場所2=学校外運動場・競技場 | 被災学年=3,性別=男,3,27,0.017056222362602652,0.9310344827586207,1.2374706853122557
給付年度=27,場合別2=体育的部活動,2,49,0.03095388502842704,0.5268817204301075,1.237468491752018
和暦=平成 | 給付年度=27,場合別2=体育的部活動,3,49,0.03095388502842704,0.5268817204301075,1.237468491752018
給付年度=27,場合別1=課外指導 | 場合別2=体育的部活動,3,49,0.03095388502842704,0.5268817204301075,1.237468491752018
発生場所2=体育館・屋内運動場,和暦=平成 | 性別=女,3,63,0.03979785217940619,0.2571428571428571,1.2372557533651758
発生場所2=運動場・校庭（園庭） | 給付年度=17,被災学校種=高,3,27,0.017056222362602652,0.6923076923076923,1.2369334953985067
発生場所2=運動場・校庭（園庭） | 給付年度=24,被災学校種=高,3,18,0.011370814908401769,0.6923076923076923,1.2369334953985067
発生場所2=運動場・校庭（園庭） | 給付年度=28,被災学校種=高,3,18,0.011370814908401769,0.6923076923076923,1.2369334953985067
和暦=令和 | 性別=女,被災学校種=中,3,19,0.012002526847757423,0.30158730158730157,1.2368204622090633
給付年度=28,和暦=平成 | 発生場所1=学校内・校舎外（園内・園舎外）,3,31,0.01958307012002527,0.3875,1.23671875
給付年度=29,被災学年=1 | 被災学校種=高,3,19,0.012002526847757423,0.25,1.2367187499999999
被災学年=4,和暦=平成 | 発生場所1=学校内・校舎内（園内・園舎内）,3,17,0.010739102969046115,0.3148148148148148,1.2366050914438012
給付年度=26,和暦=平成 | 場合別2=体育的部活動,3,39,0.024636765634870498,0.43820224719101125,1.2364958240701798
給付年度=29 | 被災学校種=高,場合別1=課外指導,3,22,0.013897662665824383,0.5365853658536586,1.2364114034153442
給付年度=28 | 被災学校種=高,性別=男,3,40,0.025268477574226154,0.9302325581395349,1.2364048190889032
性別=男 | 給付年度=2,場合別2=体育的部活動,3,30,0.018951358180669616,0.5263157894736842,1.2361393096985787
発生場所2=体育館・屋内運動場 | 被災学校種=高,被災学年=3,3,45,0.028427037271004423,0.3146853146853147,1.2360964097936802
発生場所2=学校外運動場・競技場 | 被災学年=2,性別=男,3,53,0.033480732785849655,0.9298245614035088,1.2358625362735134
性別=男 | 発生場所1=学校外（園外）,被災学校種=高,3,249,0.1572962728995578,0.6916666666666667,1.235788186606471
被災学校種=高,性別=男 | 発生場所1=学校外（園外）,3,249,0.1572962728995578,0.28103837471783294,1.2357881866064708
発生場所2=運動場・校庭（園庭）,性別=男 | 被災学年=1,3,162,0.10233733417561591,0.2857142857142857,1.2357533177205309
性別=男 | 被災学年=1,発生場所2=運動場・校庭（園庭）,3,162,0.10233733417561591,0.4426229508196721,1.2357533177205309
和暦=平成 | 被災学年=4,発生場所1=学校内・校舎内（園内・園舎内）,3,17,0.010739102969046115,0.37777777777777777,1.235583103764922
和暦=平成 | 被災学年=1,場合別1=課外指導,3,200,0.12634238787113075,0.5361930294906166,1.2355073736297615
場合別1=課外指導,和暦=平成 | 被災学年=1,3,200,0.12634238787113075,0.29112081513828236,1.2355073736297613
給付年度=18,和暦=平成 | 発生場所2=運動場・校庭（園庭）,3,42,0.026531901452937462,0.3652173913043478,1.235340022296544
場合別2=体育（保健体育）,性別=男 | 発生場所2=運動場・校庭（園庭）,3,71,0.04485154769425142,0.3697916666666667,1.2349793424753868
場合別2=体育（保健体育） | 被災学年=3,和暦=令和,3,16,0.01010739102969046,0.21052631578947367,1.2343079922027291
性別=女 | 発生場所1=学校内・校舎外（園内・園舎外）,被災学校種=中,3,31,0.01958307012002527,0.30097087378640774,1.2342924694401125
給付年度=25,性別=男 | 発生場所1=学校内・校舎外（園内・園舎外）,3,28,0.017687934301958308,0.3888888888888889,1.2336896014250724
和暦=平成 | 場合別2=体育（保健体育）,被災学校種=中,3,46,0.029058749210360075,0.3006535947712418,1.232991296691388
給付年度=4,性別=男 | 被災学校種=高,3,28,0.017687934301958308,0.56,1.2329346314325453
給付年度=25,場合別2=体育的部活動 | 被災学校種=高,3,30,0.018951358180669616,0.4166666666666667,1.2328660436137073
競技種目=サッカー・フットサル,和暦=平成 | 性別=男,3,59,0.037271004421983576,0.7662337662337663,1.2326707845000529
給付年度=27,和暦=平成 | 被災学年=1,3,27,0.017056222362602652,0.2903225806451613,1.232119692121422
被災学年=2 | 被災学校種=高,発生場所1=学校外（園外）,3,135,0.08528111181301326,0.3868194842406877,1.232062864291768
発生場所1=学校外（園外）,被災学年=2 | 被災学校種=高,3,135,0.08528111181301326,0.2716297786720322,1.2320628642917677
発生場所2=体育館・屋内運動場 | 被災学年=1,性別=女,3,18,0.011370814908401769,0.3050847457627119,1.2320131442407471
給付年度=27,和暦=平成 | 被災学年=2,3,33,0.020846493998736577,0.3548387096774194,1.231819468024901
場合別2=体育的部活動 | 被災学校種=高,被災学年=1,3,194,0.12255211623499684,0.36261682242990656,1.2318077894990174
被災学年=1,場合別2=体育的部活動 | 被災学校種=高,3,194,0.12255211623499684,0.41630901287553645,1.2318077894990171
場合別1=休憩時間,和暦=平成 | 性別=女,3,64,0.04042956411876184,0.256,1.2317568389057751
場合別1=通学中 | 被災学年=1,和暦=令和,3,21,0.013265950726468731,0.21,1.2312222222222222
場合別1=学校行事,性別=男 | 被災学年=3,3,18,0.011370814908401769,0.22784810126582278,1.2310018576921415
給付年度=26,和暦=平成 | 競技種目=野球（含軟式）,3,20,0.012634238787113077,0.2247191011235955,1.2309008203413552
場合別2=体育（保健体育） | 被災学年=1,発生場所1=学校内・校舎外（園内・園舎外）,3,22,0.013897662665824383,0.46808510638297873,1.2308616667844774
和暦=令和 | 性別=男,被災学年=1,3,75,0.047378395451674035,0.36231884057971014,1.2307955464327922
場合別1=各教科等,性別=女,2,71,0.04485154769425142,0.30472103004291845,1.230544363668214
給付年度=21 | 被災学校種=高,被災学年=2,3,23,0.014529374605180037,0.42592592592592593,1.23036631522033
給付年度=17,和暦=平成 | 場合別1=課外指導,3,47,0.02969046114971573,0.44339622641509435,1.2292403264712686
発生場所2=運動場・校庭（園庭） | 給付年度=29,場合別1=課外指導,3,16,0.01010739102969046,0.5333333333333333,1.2289180009704026
発生場所1=学校内・校舎外（園内・園舎外）,性別=男 | 被災学校種=高,3,336,0.2122552116234997,0.5581395348837209,1.2288385030889155
性別=男 | 被災学校種=高,発生場所1=学校内・校舎外（園内・園舎外）,3,336,0.2122552116234997,0.4673157162726008,1.2288385030889155
性別=男 | 発生場所2=運動場・校庭（園庭）,被災学校種=高,3,326,0.20593809222994314,0.6877637130801688,1.2288148507967351
被災学校種=高,性別=男 | 発生場所2=運動場・校庭（園庭）,3,326,0.20593809222994314,0.36794582392776526,1.228814850796735
発生場所1=学校内・校舎外（園内・園舎外） | 給付年度=23,被災学校種=高,3,22,0.013897662665824383,0.6875,1.2283436794582394
発生場所1=学校内・校舎外（園内・園舎外） | 給付年度=2,被災学校種=高,3,22,0.013897662665824383,0.6875,1.2283436794582394
給付年度=21,性別=男 | 被災学校種=中,3,22,0.013897662665824383,0.21568627450980393,1.2281704048525885
発生場所2=運動場・校庭（園庭） | 給付年度=21,場合別2=体育的部活動,3,23,0.014529374605180037,0.5227272727272727,1.227711087132452
場合別1=休憩時間,性別=女,2,76,0.04801010739102969,0.304,1.2276326530612245
被災学年=1,被災学校種=高,2,320,0.20214782059380923,0.6866952789699571,1.2269058991077224
被災学校種=高,被災学年=1,2,320,0.20214782059380923,0.3611738148984199,1.2269058991077224
給付年度=21 | 被災学年=3,性別=男,3,24,0.015161086544535692,0.9230769230769231,1.2268940127882195
発生場所2=運動場・校庭（園庭） | 給付年度=24,性別=男,3,24,0.015161086544535692,0.9230769230769231,1.2268940127882195
発生場所2=運動場・校庭（園庭） | 給付年度=28,性別=男,3,24,0.015161086544535692,0.9230769230769231,1.2268940127882195
発生場所2=学校外運動場・競技場,性別=男 | 被災学年=3,3,27,0.017056222362602652,0.226890756302521,1.2258295809791493
給付年度=18,和暦=平成 | 被災学年=3,3,30,0.018951358180669616,0.2608695652173913,1.2253902722229388
給付年度=23,和暦=平成 | 発生場所1=学校内・校舎内（園内・園舎内）,3,29,0.01831964624131396,0.3118279569892473,1.2248725953200459
場合別2=体育的部活動,被災学年=1,2,243,0.15350600126342387,0.36053412462908013,1.224732874008227
被災学年=1,場合別2=体育的部活動,2,243,0.15350600126342387,0.5214592274678111,1.224732874008227
被災学年=1,場合別1=課外指導 | 場合別2=体育的部活動,3,243,0.15350600126342387,0.5214592274678111,1.224732874008227
場合別1=課外指導 | 場合別2=体育的部活動,被災学年=1,3,243,0.15350600126342387,0.36053412462908013,1.224732874008227
給付年度=17,和暦=平成 | 場合別2=体育的部活動,3,46,0.029058749210360075,0.4339622641509434,1.2245316651531968
被災学年=1,場合別1=課外指導 | 被災学校種=高,3,195,0.1231838281743525,0.4184549356223176,1.2244254400926595
場合別1=課外指導 | 被災学校種=高,被災学年=1,3,195,0.1231838281743525,0.36044362292051757,1.2244254400926595
発生場所2=運動場・校庭（園庭） | 被災学年=3,被災学校種=中,3,40,0.025268477574226154,0.29850746268656714,1.2241899311731497
性別=男 | 給付年度=26,被災学校種=中,3,20,0.012634238787113077,0.29850746268656714,1.2241899311731497
被災学年=1,性別=男 | 被災学校種=高,3,259,0.16361339229311433,0.555793991416309,1.2236743927844467
性別=男 | 被災学校種=高,被災学年=1,3,259,0.16361339229311433,0.36022253129346316,1.2236743927844467
和暦=平成 | 競技種目=ソフトボール,被災学年=3,3,19,0.012002526847757423,0.3114754098360656,1.2234877761054388
性別=男 | 給付年度=2,被災学校種=中,3,17,0.010739102969046115,0.2982456140350877,1.2231160803563312
和暦=平成 | 場合別2=授業終了後の特定時間中,発生場所1=学校内・校舎外（園内・園舎外）,3,20,0.012634238787113077,0.46511627906976744,1.223054933168508
和暦=令和 | 場合別1=各教科等,発生場所1=学校内・校舎外（園内・園舎外）,3,20,0.012634238787113077,0.46511627906976744,1.223054933168508
被災学年=1,和暦=平成 | 競技種目=野球（含軟式）,3,104,0.065698041692988,0.22317596566523606,1.2224482825192688
和暦=平成 | 競技種目=野球（含軟式）,被災学年=1,3,104,0.065698041692988,0.35986159169550175,1.2224482825192688
給付年度=19,和暦=平成 | 場合別1=課外指導,3,56,0.035375868603916616,0.4409448818897638,1.2224443923493802
場合別2=休憩時間中,被災学校種=中,2,28,0.017687934301958308,0.2978723404255319,1.2215852717451217
場合別1=休憩時間 | 場合別2=休憩時間中,被災学校種=中,3,28,0.017687934301958308,0.2978723404255319,1.2215852717451217
発生場所1=学校内・校舎内（園内・園舎内） | 被災学年=2,性別=女,3,49,0.03095388502842704,0.30246913580246915,1.2214506172839505
性別=男 | 給付年度=21,発生場所2=運動場・校庭（園庭）,3,35,0.022109917877447885,0.4375,1.2214506172839505
競技種目=バスケットボール,性別=男 | 被災学校種=中,3,24,0.015161086544535692,0.21428571428571427,1.2201952723535456
給付年度=28,和暦=平成 | 被災学年=1,3,23,0.014529374605180037,0.2875,1.220140750670241
場合別1=各教科等 | 被災学校種=高,発生場所2=運動場・校庭（園庭）,3,45,0.028427037271004423,0.4368932038834951,1.2197565110186468
給付年度=25,場合別1=課外指導 | 被災学校種=高,3,30,0.018951358180669616,0.4166666666666667,1.219192852741836
場合別2=休憩時間中 | 被災学校種=小,性別=女,3,16,0.01010739102969046,0.3018867924528302,1.2190989603388525
性別=男 | 競技種目=バスケットボール,被災学年=3,3,27,0.017056222362602652,0.3103448275862069,1.2190468041413536
被災学年=1 | 被災学校種=中,場合別1=通学中,3,23,0.014529374605180037,0.20175438596491227,1.218996919780367
給付年度=29 | 被災学校種=高,発生場所1=学校内・校舎外（園内・園舎外）,3,19,0.012002526847757423,0.4634146341463415,1.218580341949599
給付年度=22,場合別2=体育的部活動 | 被災学年=2,3,24,0.015161086544535692,0.22857142857142856,1.2182780182780184
給付年度=25,発生場所2=運動場・校庭（園庭） | 被災学校種=高,3,20,0.012634238787113077,0.2777777777777778,1.2180670975684826
性別=男 | 給付年度=19,競技種目=野球（含軟式）,3,26,0.016424510423247,0.2708333333333333,1.2179805871212122
発生場所2=教室（保育室）,和暦=平成 | 被災学年=3,3,21,0.013265950726468731,0.25925925925925924,1.2178261347400812
場合別1=通学中 | 被災学年=3,被災学校種=中,3,19,0.012002526847757423,0.296875,1.2174951424870466
被災学校種=高,性別=男 | 被災学年=2,3,293,0.18509159823120658,0.3306997742663657,1.2174366108457138
性別=男 | 被災学年=2,被災学校種=高,3,293,0.18509159823120658,0.6813953488372093,1.2174366108457138
被災学年=2 | 被災学校種=中,性別=女,3,44,0.027795325331648767,0.3013698630136986,1.2170114621190942
性別=男 | 給付年度=26,被災学年=1,3,24,0.015161086544535692,0.3582089552238806,1.2168342835180321
被災学年=1,場合別1=課外指導,2,246,0.15540113708149084,0.5278969957081545,1.2163914762823997
場合別1=課外指導,被災学年=1,2,246,0.15540113708149084,0.35807860262008734,1.2163914762823997
場合別1=通学中 | 被災学年=2,性別=女,3,25,0.015792798483891344,0.30120481927710846,1.2163449717236292
給付年度=19,和暦=平成 | 性別=男,3,96,0.060644346178142766,0.7559055118110236,1.2160553101594007
発生場所2=道路 | 通学方法=自転車,和暦=令和,3,45,0.028427037271004423,0.2073732718894009,1.215821812596006
和暦=令和 | 被災学年=1,発生場所1=学校内・校舎外（園内・園舎外）,3,43,0.027163613392293114,0.46236559139784944,1.215821812596006
給付年度=28,性別=男 | 被災学年=3,3,18,0.011370814908401769,0.225,1.2156143344709898
給付年度=4,被災学校種=高,2,34,0.02147820593809223,0.68,1.2149435665914223
和暦=令和 | 発生場所2=道路,被災学校種=高,3,34,0.02147820593809223,0.68,1.2149435665914223
和暦=令和 | 給付年度=4,被災学校種=高,3,34,0.02147820593809223,0.68,1.2149435665914223
性別=男 | 発生場所2=学校外体育館,被災学校種=高,3,17,0.010739102969046115,0.68,1.2149435665914223
発生場所1=学校外（園外） | 給付年度=30,被災学校種=高,3,17,0.010739102969046115,0.68,1.2149435665914223
給付年度=26,和暦=平成 | 場合別1=課外指導,3,39,0.024636765634870498,0.43820224719101125,1.214840905960369
場合別2=体育（保健体育） | 性別=男,和暦=令和,3,29,0.01831964624131396,0.20714285714285716,1.2144708994708997
場合別1=各教科等,被災学校種=中,2,69,0.043588123815540114,0.296137339055794,1.2144699682003157
和暦=令和 | 場合別2=体育（保健体育）,発生場所1=学校内・校舎外（園内・園舎外）,3,18,0.011370814908401769,0.46153846153846156,1.2136468182979812
場合別2=下校（降園）中 | 被災学年=1,被災学校種=高,3,36,0.022741629816803537,0.6792452830188679,1.213595127560799
発生場所1=学校内・校舎外（園内・園舎外） | 給付年度=19,被災学年=2,3,21,0.013265950726468731,0.42,1.2132481751824817
性別=男 | 給付年度=2,場合別1=課外指導,3,30,0.018951358180669616,0.5263157894736842,1.2127480272734237
性別=男,場合別1=課外指導 | 発生場所2=運動場・校庭（園庭）,3,323,0.2040429564118762,0.27120067170445006,1.2127419867461708
性別=男,場合別2=体育的部活動 | 発生場所2=運動場・校庭（園庭）,3,323,0.2040429564118762,0.27120067170445006,1.2127419867461708
場合別1=課外指導 | 発生場所2=運動場・校庭（園庭）,性別=男,3,323,0.2040429564118762,0.9124293785310734,1.2127419867461706
場合別2=体育的部活動 | 発生場所2=運動場・校庭（園庭）,性別=男,3,323,0.2040429564118762,0.9124293785310734,1.2127419867461706
発生場所1=学校外（園外）,和暦=平成 | 被災学年=1,3,142,0.08970309538850284,0.2857142857142857,1.212562236690923
和暦=平成 | 被災学年=1,発生場所1=学校外（園外）,3,142,0.08970309538850284,0.3806970509383378,1.212562236690923
競技種目=バスケットボール,被災学校種=高,2,76,0.04801010739102969,0.6785714285714286,1.2123911641406
和暦=令和 | 発生場所1=学校内・校舎内（園内・園舎内）,被災学年=3,3,25,0.015792798483891344,0.30864197530864196,1.2123579327880403
給付年度=25 | 被災学年=1,場合別2=体育的部活動,3,16,0.01010739102969046,0.5161290322580645,1.2122140327366706
発生場所1=学校内・校舎外（園内・園舎外） | 給付年度=29,場合別2=体育的部活動,3,16,0.01010739102969046,0.5161290322580645,1.2122140327366706
給付年度=20,性別=男 | 被災学年=3,3,24,0.015161086544535692,0.22429906542056074,1.2118273739274663
被災学年=4,発生場所1=学校内・校舎内（園内・園舎内）,2,20,0.012634238787113077,0.37037037037037035,1.2113559840832568
給付年度=26,和暦=平成 | 性別=男,3,67,0.04232469993682881,0.7528089887640449,1.2110738101763039
性別=男 | 発生場所2=体育館・屋内運動場,被災学年=3,3,53,0.033480732785849655,0.3081395348837209,1.2103843268509435
発生場所1=学校内・校舎外（園内・園舎外） | 給付年度=28,被災学校種=高,3,21,0.013265950726468731,0.6774193548387096,1.210332775067356
通学方法=自転車,和暦=令和,2,45,0.028427037271004423,0.20642201834862386,1.210244648318043
場合別1=通学中 | 通学方法=自転車,和暦=令和,3,45,0.028427037271004423,0.20642201834862386,1.210244648318043
発生場所1=学校外（園外） | 通学方法=自転車,和暦=令和,3,45,0.028427037271004423,0.20642201834862386,1.210244648318043
被災学年=4 | 被災学校種=小,発生場所1=学校内・校舎外（園内・園舎外）,3,23,0.014529374605180037,0.46,1.2096013289036545
給付年度=24 | 被災学校種=高,被災学年=2,3,18,0.011370814908401769,0.4186046511627907,1.2092174503479884
給付年度=27,場合別2=体育的部活動 | 被災学校種=高,3,38,0.024005053695514846,0.40860215053763443,1.209004120188926
給付年度=30,場合別2=体育的部活動,2,35,0.022109917877447885,0.5147058823529411,1.2088715308081688
和暦=平成 | 給付年度=30,場合別2=体育的部活動,3,35,0.022109917877447885,0.5147058823529411,1.2088715308081688
給付年度=30,場合別1=課外指導 | 場合別2=体育的部活動,3,35,0.022109917877447885,0.5147058823529411,1.2088715308081688
性別=男,場合別2=体育的部活動 | 発生場所1=学校内・校舎外（園内・園舎外）,3,331,0.20909665192672142,0.2779177162048699,1.2086366614074422
場合別2=体育的部活動 | 発生場所1=学校内・校舎外（園内・園舎外）,性別=男,3,331,0.20909665192672142,0.9093406593406593,1.2086366614074422
競技種目=バスケットボール,被災学校種=中,2,33,0.020846493998736577,0.29464285714285715,1.2083410436713546
給付年度=30 | 被災学年=2,性別=男,3,20,0.012634238787113077,0.9090909090909091,1.2083047095641555
場合別2=体育（保健体育）,和暦=平成 | 被災学校種=中,3,46,0.029058749210360075,0.23958333333333334,1.2078357218683653
給付年度=20,性別=女,2,32,0.02021478205938092,0.29906542056074764,1.2077055121113864
和暦=平成 | 給付年度=20,性別=女,3,32,0.02021478205938092,0.29906542056074764,1.2077055121113864
給付年度=18,和暦=平成 | 被災学年=2,3,40,0.025268477574226154,0.34782608695652173,1.2074752097635393
和暦=平成 | 被災学年=1,被災学校種=高,3,252,0.15919140871762477,0.675603217158177,1.2070879150805804
被災学校種=高,和暦=平成 | 被災学年=1,3,252,0.15919140871762477,0.28442437923250563,1.2070879150805802
給付年度=21,和暦=平成 | 被災学年=1,3,29,0.01831964624131396,0.28431372549019607,1.2066183041581242
給付年度=25,和暦=平成 | 性別=男,3,54,0.034112444725205304,0.75,1.2065548780487805
給付年度=21,発生場所1=学校内・校舎外（園内・園舎外） | 発生場所2=運動場・校庭（園庭）,3,44,0.027795325331648767,0.43137254901960786,1.2064712810919422
給付年度=21 | 被災学校種=高,性別=男,3,49,0.03095388502842704,0.9074074074074074,1.2060671082501477
発生場所1=学校内・校舎外（園内・園舎外） | 給付年度=17,被災学校種=高,3,27,0.017056222362602652,0.675,1.2060101580135443
性別=男,場合別1=課外指導 | 発生場所1=学校内・校舎外（園内・園舎外）,3,333,0.21036007580543273,0.2795969773299748,1.2060000411807905
場合別1=課外指導 | 発生場所1=学校内・校舎外（園内・園舎外）,性別=男,3,333,0.21036007580543273,0.9073569482288828,1.2060000411807905
給付年度=19,和暦=平成,2,127,0.08022741629816804,1.0,1.2056359482102057
給付年度=18,和暦=平成,2,115,0.07264687302590019,1.0,1.2056359482102057
給付年度=20,和暦=平成,2,107,0.06759317751105495,1.0,1.2056359482102057
給付年度=17,和暦=平成,2,106,0.06696146557169931,1.0,1.2056359482102057
給付年度=22,和暦=平成,2,105,0.06632975363234365,1.0,1.2056359482102057
給付年度=21,和暦=平成,2,102,0.06443461781427669,1.0,1.2056359482102057
性別=男 | 給付年度=19,和暦=平成,3,96,0.060644346178142766,1.0,1.2056359482102057
給付年度=23,和暦=平成,2,93,0.058749210360075806,1.0,1.2056359482102057
給付年度=27,和暦=平成,2,93,0.058749210360075806,1.0,1.2056359482102057
給付年度=26,和暦=平成,2,89,0.05622236260265319,1.0,1.2056359482102057
性別=男 | 給付年度=17,和暦=平成,3,82,0.05180037902716361,1.0,1.2056359482102057
性別=男 | 給付年度=18,和暦=平成,3,81,0.051168667087807956,1.0,1.2056359482102057
給付年度=24,和暦=平成,2,80,0.05053695514845231,1.0,1.2056359482102057
給付年度=28,和暦=平成,2,80,0.05053695514845231,1.0,1.2056359482102057
性別=男 | 給付年度=21,和暦=平成,3,80,0.05053695514845231,1.0,1.2056359482102057
給付年度=29,和暦=平成,2,76,0.04801010739102969,1.0,1.2056359482102057
性別=男 | 給付年度=20,和暦=平成,3,75,0.047378395451674035,1.0,1.2056359482102057
性別=男 | 給付年度=23,和暦=平成,3,73,0.04611497157296273,1.0,1.2056359482102057
給付年度=25,和暦=平成,2,72,0.045483259633607075,1.0,1.2056359482102057
性別=男 | 給付年度=22,和暦=平成,3,70,0.04421983575489577,1.0,1.2056359482102057
給付年度=18 | 被災学校種=高,和暦=平成,3,69,0.043588123815540114,1.0,1.2056359482102057
性別=男 | 給付年度=27,和暦=平成,3,69,0.043588123815540114,1.0,1.2056359482102057
給付年度=30,和暦=平成,2,68,0.04295641187618446,1.0,1.2056359482102057
給付年度=20 | 被災学校種=高,和暦=平成,3,67,0.04232469993682881,1.0,1.2056359482102057
性別=男 | 給付年度=26,和暦=平成,3,67,0.04232469993682881,1.0,1.2056359482102057
性別=男 | 給付年度=24,和暦=平成,3,65,0.0410612760581175,1.0,1.2056359482102057
性別=男 | 給付年度=28,和暦=平成,3,65,0.0410612760581175,1.0,1.2056359482102057
給付年度=17 | 被災学校種=高,和暦=平成,3,64,0.04042956411876184,1.0,1.2056359482102057
給付年度=19 | 被災学校種=高,和暦=平成,3,62,0.03916614024005054,1.0,1.2056359482102057
性別=男 | 給付年度=30,和暦=平成,3,57,0.036007580543272265,1.0,1.2056359482102057
場合別1=課外指導 | 給付年度=19,和暦=平成,3,56,0.035375868603916616,1.0,1.2056359482102057
給付年度=27 | 被災学校種=高,和暦=平成,3,55,0.03474415666456096,1.0,1.2056359482102057
給付年度=21 | 被災学校種=高,和暦=平成,3,54,0.034112444725205304,1.0,1.2056359482102057
性別=男 | 給付年度=25,和暦=平成,3,54,0.034112444725205304,1.0,1.2056359482102057
場合別2=体育的部活動 | 給付年度=19,和暦=平成,3,53,0.033480732785849655,1.0,1.2056359482102057
給付年度=23 | 被災学校種=高,和暦=平成,3,53,0.033480732785849655,1.0,1.2056359482102057
給付年度=22 | 被災学校種=高,和暦=平成,3,51,0.032217308907138344,1.0,1.2056359482102057
場合別1=課外指導 | 給付年度=18,和暦=平成,3,50,0.03158559696778269,1.0,1.2056359482102057
発生場所1=学校内・校舎外（園内・園舎外） | 給付年度=19,和暦=平成,3,50,0.03158559696778269,1.0,1.2056359482102057
場合別1=課外指導 | 給付年度=27,和暦=平成,3,50,0.03158559696778269,1.0,1.2056359482102057
性別=男 | 給付年度=29,和暦=平成,3,50,0.03158559696778269,1.0,1.2056359482102057
場合別2=体育的部活動 | 給付年度=18,和暦=平成,3,49,0.03095388502842704,1.0,1.2056359482102057
発生場所1=学校内・校舎外（園内・園舎外） | 給付年度=27,和暦=平成,3,49,0.03095388502842704,1.0,1.2056359482102057
場合別2=体育的部活動 | 給付年度=27,和暦=平成,3,49,0.03095388502842704,1.0,1.2056359482102057
場合別1=課外指導 | 給付年度=17,和暦=平成,3,47,0.02969046114971573,1.0,1.2056359482102057
給付年度=19 | 被災学年=2,和暦=平成,3,47,0.02969046114971573,1.0,1.2056359482102057
発生場所2=運動場・校庭（園庭） | 給付年度=27,和暦=平成,3,47,0.02969046114971573,1.0,1.2056359482102057
場合別2=体育的部活動 | 給付年度=17,和暦=平成,3,46,0.029058749210360075,1.0,1.2056359482102057
給付年度=26 | 被災学校種=高,和暦=平成,3,46,0.029058749210360075,1.0,1.2056359482102057
発生場所1=学校外（園外） | 給付年度=19,和暦=平成,3,45,0.028427037271004423,1.0,1.2056359482102057
発生場所1=学校内・校舎外（園内・園舎外） | 給付年度=21,和暦=平成,3,45,0.028427037271004423,1.0,1.2056359482102057
発生場所2=運動場・校庭（園庭） | 給付年度=19,和暦=平成,3,44,0.027795325331648767,1.0,1.2056359482102057
発生場所2=運動場・校庭（園庭） | 給付年度=21,和暦=平成,3,44,0.027795325331648767,1.0,1.2056359482102057
場合別1=課外指導 | 給付年度=22,和暦=平成,3,43,0.027163613392293114,1.0,1.2056359482102057
給付年度=24 | 被災学校種=高,和暦=平成,3,43,0.027163613392293114,1.0,1.2056359482102057
給付年度=28 | 被災学校種=高,和暦=平成,3,43,0.027163613392293114,1.0,1.2056359482102057
発生場所1=学校内・校舎外（園内・園舎外） | 給付年度=18,和暦=平成,3,42,0.026531901452937462,1.0,1.2056359482102057
発生場所2=運動場・校庭（園庭） | 給付年度=18,和暦=平成,3,42,0.026531901452937462,1.0,1.2056359482102057
場合別1=課外指導 | 給付年度=20,和暦=平成,3,42,0.026531901452937462,1.0,1.2056359482102057
場合別2=体育的部活動 | 給付年度=20,和暦=平成,3,42,0.026531901452937462,1.0,1.2056359482102057
場合別2=体育的部活動 | 給付年度=22,和暦=平成,3,42,0.026531901452937462,1.0,1.2056359482102057
発生場所1=学校内・校舎内（園内・園舎内） | 給付年度=18,和暦=平成,3,41,0.025900189513581806,1.0,1.2056359482102057
給付年度=20 | 被災学年=2,和暦=平成,3,41,0.025900189513581806,1.0,1.2056359482102057
給付年度=25 | 被災学校種=高,和暦=平成,3,41,0.025900189513581806,1.0,1.2056359482102057
給付年度=29 | 被災学校種=高,和暦=平成,3,41,0.025900189513581806,1.0,1.2056359482102057
発生場所1=学校内・校舎外（園内・園舎外） | 給付年度=17,和暦=平成,3,40,0.025268477574226154,1.0,1.2056359482102057
給付年度=18 | 被災学年=2,和暦=平成,3,40,0.025268477574226154,1.0,1.2056359482102057
場合別1=課外指導 | 給付年度=21,和暦=平成,3,40,0.025268477574226154,1.0,1.2056359482102057
場合別2=体育的部活動 | 給付年度=21,和暦=平成,3,40,0.025268477574226154,1.0,1.2056359482102057
発生場所2=運動場・校庭（園庭） | 給付年度=17,和暦=平成,3,39,0.024636765634870498,1.0,1.2056359482102057
給付年度=22 | 被災学年=2,和暦=平成,3,39,0.024636765634870498,1.0,1.2056359482102057
場合別1=課外指導 | 給付年度=23,和暦=平成,3,39,0.024636765634870498,1.0,1.2056359482102057
場合別2=体育的部活動 | 給付年度=23,和暦=平成,3,39,0.024636765634870498,1.0,1.2056359482102057
場合別1=課外指導 | 給付年度=26,和暦=平成,3,39,0.024636765634870498,1.0,1.2056359482102057
場合別2=体育的部活動 | 給付年度=26,和暦=平成,3,39,0.024636765634870498,1.0,1.2056359482102057
給付年度=30 | 被災学校種=高,和暦=平成,3,39,0.024636765634870498,1.0,1.2056359482102057
発生場所1=学校内・校舎内（園内・園舎内） | 給付年度=22,和暦=平成,3,37,0.02337334175615919,1.0,1.2056359482102057
発生場所1=学校外（園外） | 給付年度=17,和暦=平成,3,36,0.022741629816803537,1.0,1.2056359482102057
給付年度=18 | 被災学年=1,和暦=平成,3,36,0.022741629816803537,1.0,1.2056359482102057
給付年度=19 | 被災学年=3,和暦=平成,3,36,0.022741629816803537,1.0,1.2056359482102057
発生場所1=学校内・校舎内（園内・園舎内） | 給付年度=20,和暦=平成,3,36,0.022741629816803537,1.0,1.2056359482102057
発生場所1=学校外（園外） | 給付年度=20,和暦=平成,3,36,0.022741629816803537,1.0,1.2056359482102057
発生場所1=学校内・校舎外（園内・園舎外） | 給付年度=22,和暦=平成,3,36,0.022741629816803537,1.0,1.2056359482102057
発生場所2=運動場・校庭（園庭） | 給付年度=22,和暦=平成,3,36,0.022741629816803537,1.0,1.2056359482102057
発生場所1=学校外（園外） | 給付年度=26,和暦=平成,3,36,0.022741629816803537,1.0,1.2056359482102057
発生場所1=学校内・校舎外（園内・園舎外） | 給付年度=20,和暦=平成,3,35,0.022109917877447885,1.0,1.2056359482102057
給付年度=20 | 被災学年=3,和暦=平成,3,35,0.022109917877447885,1.0,1.2056359482102057
給付年度=21 | 被災学年=2,和暦=平成,3,35,0.022109917877447885,1.0,1.2056359482102057
性別=女 | 給付年度=22,和暦=平成,3,35,0.022109917877447885,1.0,1.2056359482102057
場合別1=課外指導 | 給付年度=25,和暦=平成,3,35,0.022109917877447885,1.0,1.2056359482102057
場合別2=体育的部活動 | 給付年度=25,和暦=平成,3,35,0.022109917877447885,1.0,1.2056359482102057
場合別1=課外指導 | 給付年度=30,和暦=平成,3,35,0.022109917877447885,1.0,1.2056359482102057
場合別2=体育的部活動 | 給付年度=30,和暦=平成,3,35,0.022109917877447885,1.0,1.2056359482102057
性別=女 | 給付年度=18,和暦=平成,3,34,0.02147820593809223,1.0,1.2056359482102057
発生場所2=運動場・校庭（園庭） | 給付年度=20,和暦=平成,3,34,0.02147820593809223,1.0,1.2056359482102057
給付年度=26 | 被災学年=2,和暦=平成,3,34,0.02147820593809223,1.0,1.2056359482102057
場合別1=課外指導 | 給付年度=28,和暦=平成,3,34,0.02147820593809223,1.0,1.2056359482102057
場合別2=体育的部活動 | 給付年度=28,和暦=平成,3,34,0.02147820593809223,1.0,1.2056359482102057
給付年度=17 | 被災学年=1,和暦=平成,3,33,0.020846493998736577,1.0,1.2056359482102057
給付年度=19 | 被災学校種=中,和暦=平成,3,33,0.020846493998736577,1.0,1.2056359482102057
給付年度=27 | 被災学年=2,和暦=平成,3,33,0.020846493998736577,1.0,1.2056359482102057
給付年度=17 | 被災学年=3,和暦=平成,3,32,0.02021478205938092,1.0,1.2056359482102057
発生場所1=学校外（園外） | 給付年度=18,和暦=平成,3,32,0.02021478205938092,1.0,1.2056359482102057
発生場所1=学校内・校舎内（園内・園舎内） | 給付年度=19,和暦=平成,3,32,0.02021478205938092,1.0,1.2056359482102057
性別=女 | 給付年度=20,和暦=平成,3,32,0.02021478205938092,1.0,1.2056359482102057
発生場所1=学校外（園外） | 給付年度=22,和暦=平成,3,32,0.02021478205938092,1.0,1.2056359482102057
発生場所1=学校内・校舎外（園内・園舎外） | 給付年度=23,和暦=平成,3,32,0.02021478205938092,1.0,1.2056359482102057
給付年度=23 | 被災学年=2,和暦=平成,3,32,0.02021478205938092,1.0,1.2056359482102057
発生場所1=学校外（園外） | 給付年度=23,和暦=平成,3,32,0.02021478205938092,1.0,1.2056359482102057
給付年度=24 | 被災学年=2,和暦=平成,3,32,0.02021478205938092,1.0,1.2056359482102057
場合別1=課外指導 | 給付年度=24,和暦=平成,3,32,0.02021478205938092,1.0,1.2056359482102057
性別=女 | 給付年度=19,和暦=平成,3,31,0.01958307012002527,1.0,1.2056359482102057
場合別2=体育的部活動 | 給付年度=24,和暦=平成,3,31,0.01958307012002527,1.0,1.2056359482102057
発生場所1=学校内・校舎外（園内・園舎外） | 給付年度=25,和暦=平成,3,31,0.01958307012002527,1.0,1.2056359482102057
発生場所2=運動場・校庭（園庭） | 給付年度=25,和暦=平成,3,31,0.01958307012002527,1.0,1.2056359482102057
給付年度=25 | 被災学年=1,和暦=平成,3,31,0.01958307012002527,1.0,1.2056359482102057
発生場所1=学校内・校舎外（園内・園舎外） | 給付年度=28,和暦=平成,3,31,0.01958307012002527,1.0,1.2056359482102057
発生場所1=学校内・校舎外（園内・園舎外） | 給付年度=29,和暦=平成,3,31,0.01958307012002527,1.0,1.2056359482102057
発生場所1=学校内・校舎内（園内・園舎内） | 給付年度=17,和暦=平成,3,30,0.018951358180669616,1.0,1.2056359482102057
給付年度=18 | 被災学年=3,和暦=平成,3,30,0.018951358180669616,1.0,1.2056359482102057
発生場所1=学校外（園外） | 給付年度=21,和暦=平成,3,30,0.018951358180669616,1.0,1.2056359482102057
発生場所1=学校内・校舎外（園内・園舎外） | 給付年度=24,和暦=平成,3,30,0.018951358180669616,1.0,1.2056359482102057
発生場所2=運動場・校庭（園庭） | 給付年度=29,和暦=平成,3,30,0.018951358180669616,1.0,1.2056359482102057
給付年度=17 | 被災学年=2,和暦=平成,3,29,0.01831964624131396,1.0,1.2056359482102057
給付年度=18 | 被災学校種=中,和暦=平成,3,29,0.01831964624131396,1.0,1.2056359482102057
給付年度=21 | 被災学校種=中,和暦=平成,3,29,0.01831964624131396,1.0,1.2056359482102057
給付年度=21 | 被災学年=1,和暦=平成,3,29,0.01831964624131396,1.0,1.2056359482102057
発生場所1=学校内・校舎内（園内・園舎内） | 給付年度=23,和暦=平成,3,29,0.01831964624131396,1.0,1.2056359482102057
発生場所1=学校内・校舎内（園内・園舎内） | 給付年度=26,和暦=平成,3,29,0.01831964624131396,1.0,1.2056359482102057
給付年度=26 | 被災学年=1,和暦=平成,3,29,0.01831964624131396,1.0,1.2056359482102057
発生場所1=学校内・校舎内（園内・園舎内） | 給付年度=29,和暦=平成,3,29,0.01831964624131396,1.0,1.2056359482102057
場合別1=課外指導 | 給付年度=29,和暦=平成,3,29,0.01831964624131396,1.0,1.2056359482102057
発生場所1=学校内・校舎内（園内・園舎内） | 給付年度=24,和暦=平成,3,28,0.017687934301958308,1.0,1.2056359482102057
発生場所1=学校内・校舎内（園内・園舎内） | 給付年度=21,和暦=平成,3,27,0.017056222362602652,1.0,1.2056359482102057
給付年度=22 | 被災学校種=小,和暦=平成,3,27,0.017056222362602652,1.0,1.2056359482102057
発生場所2=運動場・校庭（園庭） | 給付年度=23,和暦=平成,3,27,0.017056222362602652,1.0,1.2056359482102057
発生場所1=学校外（園外） | 給付年度=25,和暦=平成,3,27,0.017056222362602652,1.0,1.2056359482102057
給付年度=27 | 被災学年=1,和暦=平成,3,27,0.017056222362602652,1.0,1.2056359482102057
場合別2=体育的部活動 | 給付年度=29,和暦=平成,3,27,0.017056222362602652,1.0,1.2056359482102057
競技種目=野球（含軟式） | 給付年度=19,和暦=平成,3,26,0.016424510423247,1.0,1.2056359482102057
給付年度=19 | 被災学年=1,和暦=平成,3,26,0.016424510423247,1.0,1.2056359482102057
競技種目=野球（含軟式） | 給付年度=20,和暦=平成,3,26,0.016424510423247,1.0,1.2056359482102057
給付年度=21 | 被災学年=3,和暦=平成,3,26,0.016424510423247,1.0,1.2056359482102057
給付年度=22 | 被災学年=3,和暦=平成,3,26,0.016424510423247,1.0,1.2056359482102057
給付年度=23 | 被災学年=1,和暦=平成,3,26,0.016424510423247,1.0,1.2056359482102057
発生場所2=運動場・校庭（園庭） | 給付年度=24,和暦=平成,3,26,0.016424510423247,1.0,1.2056359482102057
給付年度=26 | 被災学校種=中,和暦=平成,3,26,0.016424510423247,1.0,1.2056359482102057
発生場所2=運動場・校庭（園庭） | 給付年度=28,和暦=平成,3,26,0.016424510423247,1.0,1.2056359482102057
発生場所1=学校内・校舎内（園内・園舎内） | 給付年度=28,和暦=平成,3,26,0.016424510423247,1.0,1.2056359482102057
性別=女 | 給付年度=29,和暦=平成,3,26,0.016424510423247,1.0,1.2056359482102057
給付年度=29 | 被災学年=2,和暦=平成,3,26,0.016424510423247,1.0,1.2056359482102057
競技種目=野球（含軟式） | 給付年度=18,和暦=平成,3,25,0.015792798483891344,1.0,1.2056359482102057
給付年度=19 | 被災学校種=小,和暦=平成,3,25,0.015792798483891344,1.0,1.2056359482102057
場合別1=通学中 | 給付年度=20,和暦=平成,3,25,0.015792798483891344,1.0,1.2056359482102057
発生場所2=道路 | 給付年度=20,和暦=平成,3,25,0.015792798483891344,1.0,1.2056359482102057
給付年度=25 | 被災学年=2,和暦=平成,3,25,0.015792798483891344,1.0,1.2056359482102057
給付年度=27 | 被災学年=3,和暦=平成,3,25,0.015792798483891344,1.0,1.2056359482102057
発生場所1=学校外（園外） | 給付年度=30,和暦=平成,3,25,0.015792798483891344,1.0,1.2056359482102057
性別=女 | 給付年度=17,和暦=平成,3,24,0.015161086544535692,1.0,1.2056359482102057
給付年度=22 | 被災学年=1,和暦=平成,3,24,0.015161086544535692,1.0,1.2056359482102057
給付年度=22 | 被災学校種=中,和暦=平成,3,24,0.015161086544535692,1.0,1.2056359482102057
発生場所1=学校内・校舎外（園内・園舎外） | 給付年度=26,和暦=平成,3,24,0.015161086544535692,1.0,1.2056359482102057
性別=女 | 給付年度=27,和暦=平成,3,24,0.015161086544535692,1.0,1.2056359482102057
給付年度=29 | 被災学年=1,和暦=平成,3,24,0.015161086544535692,1.0,1.2056359482102057
給付年度=30 | 被災学年=1,和暦=平成,3,24,0.015161086544535692,1.0,1.2056359482102057
給付年度=17 | 被災学校種=中,和暦=平成,3,23,0.014529374605180037,1.0,1.2056359482102057
発生場所2=体育館・屋内運動場 | 給付年度=18,和暦=平成,3,23,0.014529374605180037,1.0,1.2056359482102057
給付年度=23 | 被災学年=3,和暦=平成,3,23,0.014529374605180037,1.0,1.2056359482102057
給付年度=27 | 被災学校種=中,和暦=平成,3,23,0.014529374605180037,1.0,1.2056359482102057
競技種目=野球（含軟式） | 給付年度=27,和暦=平成,3,23,0.014529374605180037,1.0,1.2056359482102057
給付年度=28 | 被災学年=3,和暦=平成,3,23,0.014529374605180037,1.0,1.2056359482102057
発生場所1=学校外（園外） | 給付年度=28,和暦=平成,3,23,0.014529374605180037,1.0,1.2056359482102057
給付年度=28 | 被災学年=1,和暦=平成,3,23,0.014529374605180037,1.0,1.2056359482102057
発生場所1=学校内・校舎内（園内・園舎内） | 給付年度=30,和暦=平成,3,23,0.014529374605180037,1.0,1.2056359482102057
場合別1=学校行事 | 被災学校種=中,和暦=平成,3,22,0.013897662665824383,1.0,1.2056359482102057
給付年度=20 | 被災学年=1,和暦=平成,3,22,0.013897662665824383,1.0,1.2056359482102057
給付年度=20 | 被災学校種=中,和暦=平成,3,22,0.013897662665824383,1.0,1.2056359482102057
性別=女 | 給付年度=21,和暦=平成,3,22,0.013897662665824383,1.0,1.2056359482102057
競技種目=野球（含軟式） | 給付年度=22,和暦=平成,3,22,0.013897662665824383,1.0,1.2056359482102057
発生場所1=学校外（園外） | 給付年度=24,和暦=平成,3,22,0.013897662665824383,1.0,1.2056359482102057
給付年度=24 | 被災学年=3,和暦=平成,3,22,0.013897662665824383,1.0,1.2056359482102057
給付年度=24 | 被災学校種=中,和暦=平成,3,22,0.013897662665824383,1.0,1.2056359482102057
性別=女 | 給付年度=26,和暦=平成,3,22,0.013897662665824383,1.0,1.2056359482102057
発生場所2=運動場・校庭（園庭） | 給付年度=26,和暦=平成,3,22,0.013897662665824383,1.0,1.2056359482102057
発生場所1=学校内・校舎内（園内・園舎内） | 給付年度=27,和暦=平成,3,22,0.013897662665824383,1.0,1.2056359482102057
発生場所1=学校外（園外） | 給付年度=27,和暦=平成,3,22,0.013897662665824383,1.0,1.2056359482102057
給付年度=30 | 被災学年=2,和暦=平成,3,22,0.013897662665824383,1.0,1.2056359482102057
場合別2=下校（降園）中 | 被災学校種=小,和暦=平成,3,21,0.013265950726468731,1.0,1.2056359482102057
場合別1=休憩時間 | 給付年度=19,和暦=平成,3,21,0.013265950726468731,1.0,1.2056359482102057
競技種目=野球（含軟式） | 給付年度=21,和暦=平成,3,21,0.013265950726468731,1.0,1.2056359482102057
発生場所2=体育館・屋内運動場 | 給付年度=22,和暦=平成,3,21,0.013265950726468731,1.0,1.2056359482102057
競技種目=野球（含軟式） | 給付年度=25,和暦=平成,3,21,0.013265950726468731,1.0,1.2056359482102057
給付年度=28 | 被災学年=2,和暦=平成,3,21,0.013265950726468731,1.0,1.2056359482102057
競技種目=野球（含軟式） | 給付年度=30,和暦=平成,3,21,0.013265950726468731,1.0,1.2056359482102057
場合別1=通学中 | 給付年度=18,和暦=平成,3,20,0.012634238787113077,1.0,1.2056359482102057
発生場所2=道路 | 給付年度=19,和暦=平成,3,20,0.012634238787113077,1.0,1.2056359482102057
給付年度=20 | 通学方法=自転車,和暦=平成,3,20,0.012634238787113077,1.0,1.2056359482102057
場合別1=休憩時間 | 給付年度=23,和暦=平成,3,20,0.012634238787113077,1.0,1.2056359482102057
性別=女 | 給付年度=23,和暦=平成,3,20,0.012634238787113077,1.0,1.2056359482102057
給付年度=26 | 被災学年=3,和暦=平成,3,20,0.012634238787113077,1.0,1.2056359482102057
競技種目=野球（含軟式） | 給付年度=26,和暦=平成,3,20,0.012634238787113077,1.0,1.2056359482102057
発生場所1=学校内・校舎外（園内・園舎外） | 給付年度=30,和暦=平成,3,20,0.012634238787113077,1.0,1.2056359482102057
発生場所2=運動場・校庭（園庭） | 給付年度=30,和暦=平成,3,20,0.012634238787113077,1.0,1.2056359482102057
発生場所2=道路 | 給付年度=18,和暦=平成,3,19,0.012002526847757423,1.0,1.2056359482102057
給付年度=18 | 通学方法=自転車,和暦=平成,3,19,0.012002526847757423,1.0,1.2056359482102057
場合別1=休憩時間 | 給付年度=22,和暦=平成,3,19,0.012002526847757423,1.0,1.2056359482102057
給付年度=24 | 被災学年=1,和暦=平成,3,19,0.012002526847757423,1.0,1.2056359482102057
競技種目=野球（含軟式） | 給付年度=24,和暦=平成,3,19,0.012002526847757423,1.0,1.2056359482102057
給付年度=28 | 被災学校種=小,和暦=平成,3,19,0.012002526847757423,1.0,1.2056359482102057
場合別1=各教科等 | 給付年度=29,和暦=平成,3,19,0.012002526847757423,1.0,1.2056359482102057
場合別1=通学中 | 給付年度=17,和暦=平成,3,18,0.011370814908401769,1.0,1.2056359482102057
発生場所2=道路 | 給付年度=17,和暦=平成,3,18,0.011370814908401769,1.0,1.2056359482102057
競技種目=野球（含軟式） | 給付年度=17,和暦=平成,3,18,0.011370814908401769,1.0,1.2056359482102057
場合別1=各教科等 | 給付年度=18,和暦=平成,3,18,0.011370814908401769,1.0,1.2056359482102057
発生場所2=体育館・屋内運動場 | 給付年度=20,和暦=平成,3,18,0.011370814908401769,1.0,1.2056359482102057
場合別1=各教科等 | 給付年度=21,和暦=平成,3,18,0.011370814908401769,1.0,1.2056359482102057
発生場所2=道路 | 給付年度=21,和暦=平成,3,18,0.011370814908401769,1.0,1.2056359482102057
給付年度=23 | 被災学校種=小,和暦=平成,3,18,0.011370814908401769,1.0,1.2056359482102057
場合別1=通学中 | 給付年度=23,和暦=平成,3,18,0.011370814908401769,1.0,1.2056359482102057
給付年度=23 | 被災学校種=中,和暦=平成,3,18,0.011370814908401769,1.0,1.2056359482102057
競技種目=野球（含軟式） | 給付年度=23,和暦=平成,3,18,0.011370814908401769,1.0,1.2056359482102057
性別=女 | 給付年度=25,和暦=平成,3,18,0.011370814908401769,1.0,1.2056359482102057
場合別1=各教科等 | 給付年度=19,和暦=平成,3,17,0.010739102969046115,1.0,1.2056359482102057
場合別1=通学中 | 給付年度=19,和暦=平成,3,17,0.010739102969046115,1.0,1.2056359482102057
場合別1=休憩時間 | 給付年度=21,和暦=平成,3,17,0.010739102969046115,1.0,1.2056359482102057
発生場所2=道路 | 給付年度=22,和暦=平成,3,17,0.010739102969046115,1.0,1.2056359482102057
発生場所2=道路 | 給付年度=23,和暦=平成,3,17,0.010739102969046115,1.0,1.2056359482102057
給付年度=25 | 被災学校種=中,和暦=平成,3,17,0.010739102969046115,1.0,1.2056359482102057
場合別1=休憩時間 | 給付年度=26,和暦=平成,3,17,0.010739102969046115,1.0,1.2056359482102057
場合別1=各教科等 | 給付年度=27,和暦=平成,3,17,0.010739102969046115,1.0,1.2056359482102057
発生場所2=体育館・屋内運動場 | 給付年度=17,和暦=平成,3,16,0.01010739102969046,1.0,1.2056359482102057
場合別1=休憩時間 | 給付年度=17,和暦=平成,3,16,0.01010739102969046,1.0,1.2056359482102057
場合別2=体育（保健体育） | 給付年度=18,和暦=平成,3,16,0.01010739102969046,1.0,1.2056359482102057
発生場所2=体育館・屋内運動場 | 給付年度=19,和暦=平成,3,16,0.01010739102969046,1.0,1.2056359482102057
給付年度=23 | 通学方法=自転車,和暦=平成,3,16,0.01010739102969046,1.0,1.2056359482102057
場合別1=休憩時間 | 給付年度=24,和暦=平成,3,16,0.01010739102969046,1.0,1.2056359482102057
発生場所2=道路 | 給付年度=26,和暦=平成,3,16,0.01010739102969046,1.0,1.2056359482102057
給付年度=28 | 被災学校種=中,和暦=平成,3,16,0.01010739102969046,1.0,1.2056359482102057
場合別2=体育（保健体育） | 給付年度=29,和暦=平成,3,16,0.01010739102969046,1.0,1.2056359482102057
発生場所1=学校外（園外） | 給付年度=29,和暦=平成,3,16,0.01010739102969046,1.0,1.2056359482102057
給付年度=29 | 被災学校種=中,和暦=平成,3,16,0.01010739102969046,1.0,1.2056359482102057
給付年度=30 | 被災学校種=中,和暦=平成,3,16,0.01010739102969046,1.0,1.2056359482102057
給付年度=24 | 被災学校種=高,性別=男,3,39,0.024636765634870498,0.9069767441860465,1.2054946986116806
給付年度=25,和暦=平成 | 被災学年=2,3,25,0.015792798483891344,0.3472222222222222,1.2053788986354776
給付年度=18,和暦=平成 | 場合別1=課外指導,3,50,0.03158559696778269,0.43478260869565216,1.2053605421457396
競技種目=バレーボール,被災学校種=高,2,29,0.01831964624131396,0.6744186046511628,1.204971389574256
発生場所2=運動場・校庭（園庭） | 給付年度=21,場合別1=課外指導,3,23,0.014529374605180037,0.5227272727272727,1.2044792907238322
給付年度=17,和暦=平成 | 発生場所1=学校内・校舎外（園内・園舎外）,3,40,0.025268477574226154,0.37735849056603776,1.2043517954960439
給付年度=21,発生場所2=運動場・校庭（園庭）,2,44,0.027795325331648767,0.43137254901960786,1.2043434657813743
和暦=平成 | 給付年度=21,発生場所2=運動場・校庭（園庭）,3,44,0.027795325331648767,0.43137254901960786,1.2043434657813743
場合別1=各教科等 | 被災学年=1,発生場所2=運動場・校庭（園庭）,3,22,0.013897662665824383,0.43137254901960786,1.2043434657813743
給付年度=25,発生場所1=学校内・校舎外（園内・園舎外） | 発生場所2=運動場・校庭（園庭）,3,31,0.01958307012002527,0.4305555555555556,1.2041862976050257
場合別2=下校（降園）中 | 被災学年=2,被災学校種=高,3,31,0.01958307012002527,0.6739130434782609,1.204068112670527
発生場所2=体育館・屋内運動場,性別=女,2,73,0.04611497157296273,0.2979591836734694,1.2032382340691379
発生場所1=学校内・校舎内（園内・園舎内） | 発生場所2=体育館・屋内運動場,性別=女,3,73,0.04611497157296273,0.2979591836734694,1.2032382340691379
被災学校種=高,性別=男 | 発生場所1=学校内・校舎外（園内・園舎外）,3,336,0.2122552116234997,0.3792325056433409,1.2030562253174522
性別=男 | 発生場所1=学校内・校舎外（園内・園舎外）,被災学校種=高,3,336,0.2122552116234997,0.6733466933867736,1.2030562253174522
給付年度=29 | 被災学校種=高,場合別2=体育的部活動,3,21,0.013265950726468731,0.5121951219512195,1.2029745965115437
給付年度=25,和暦=平成 | 性別=女,3,18,0.011370814908401769,0.25,1.202887537993921
給付年度=18,和暦=平成 | 場合別2=体育的部活動,3,49,0.03095388502842704,0.4260869565217391,1.2023095404169573
場合別1=課外指導 | 給付年度=30,発生場所1=学校内・校舎外（園内・園舎外）,3,16,0.01010739102969046,0.45714285714285713,1.2020882771713337
場合別2=体育的部活動 | 給付年度=30,発生場所1=学校内・校舎外（園内・園舎外）,3,16,0.01010739102969046,0.45714285714285713,1.2020882771713337
給付年度=25,発生場所2=運動場・校庭（園庭）,2,31,0.01958307012002527,0.4305555555555556,1.2020625122476976
和暦=平成 | 給付年度=25,発生場所2=運動場・校庭（園庭）,3,31,0.01958307012002527,0.4305555555555556,1.2020625122476976
給付年度=23 | 被災学校種=高,発生場所1=学校外（園外）,3,20,0.012634238787113077,0.37735849056603776,1.2019285524467562
和暦=令和,性別=男 | 被災学年=1,3,75,0.047378395451674035,0.2777777777777778,1.2014268366727385
性別=男 | 被災学年=1,和暦=令和,3,75,0.047378395451674035,0.20491803278688525,1.2014268366727385
場合別1=通学中 | 被災学校種=高,和暦=令和,3,34,0.02147820593809223,0.20481927710843373,1.200847835787595
場合別1=通学中 | 被災学年=2,和暦=令和,3,17,0.010739102969046115,0.20481927710843373,1.200847835787595
発生場所1=学校内・校舎外（園内・園舎外） | 給付年度=25,性別=男,3,28,0.017687934301958308,0.9032258064516129,1.2005091953089029
発生場所2=運動場・校庭（園庭） | 給付年度=25,性別=男,3,28,0.017687934301958308,0.9032258064516129,1.2005091953089029
発生場所1=学校内・校舎外（園内・園舎外） | 給付年度=21,場合別2=体育的部活動,3,23,0.014529374605180037,0.5111111111111111,1.2004286185295086
性別=男,発生場所2=運動場・校庭（園庭） | 被災学校種=高,3,326,0.20593809222994314,0.27371956339210746,1.2002716588634519
発生場所2=運動場・校庭（園庭） | 被災学校種=高,性別=男,3,326,0.20593809222994314,0.9030470914127424,1.2002716588634519
和暦=令和 | 被災学校種=中,被災学年=3,3,22,0.013897662665824383,0.3055555555555556,1.20023435346016
