記号,希少性スコア,5件以下カテゴリ数,文字数,文長頑健zスコア,希少性上位1%,|文長z|≥3.5,確認候補
18障13,31.68553091425947,0,36,-1.1562698733884489,True,False,True
2019障349,31.4787524261733,0,154,2.6337258227181337,True,False,True
2019障352,30.628810655775336,1,43,-0.9314396202295838,True,False,True
2022障259,30.626204617660946,1,50,-0.7066093670707188,True,False,True
2022障257,30.578195398474584,1,122,1.605930379706179,True,False,True
2022障258,30.52990138911563,1,53,-0.610253544288348,True,False,True
2021障321,29.388603010437116,0,95,0.7387279746648423,True,False,True
19障49,29.034954938192016,0,96,0.770846582258966,True,False,True
21障44,28.828188776837912,0,99,0.8672024050413367,True,False,True
17障418,28.76019911335643,0,95,0.7387279746648423,True,False,True
17障438,28.69806215455047,0,60,-0.385423291129483,True,False,True
2022障245,28.564646302883475,0,125,1.7022862024885497,True,False,True
30障396,28.20194735106785,0,52,-0.6423721518824717,True,False,True
25障126,28.19930874121809,0,99,0.8672024050413367,True,False,True
27障427,27.741046863666842,0,78,0.1927116455647415,True,False,True
30障32,27.71626222775003,0,27,-1.445337341735561,True,False,True
19障472,27.555175999092537,0,49,-0.7387279746648423,True,False,True
21障420,27.51559528547315,0,86,0.44966050631773014,True,False,True
26障388,27.28725831952173,0,92,0.6423721518824717,True,False,True
26障30,27.238007028992865,0,42,-0.9635582278237074,True,False,True
22障456,27.081162384245996,0,129,1.830760632865044,True,False,True
2019障340,26.97390274212327,0,54,-0.5781349366942244,True,False,True
17障255,26.932045412507758,0,92,0.6423721518824717,True,False,True
27障3,26.7192652378598,0,133,1.9592350632415385,True,False,True
2019障186,26.57748195829899,1,91,0.610253544288348,True,False,True
18障138,26.4063583048023,1,51,-0.6744907594765952,True,False,True
20障34,26.34746443155745,0,105,1.0599140506060782,True,False,True
29障398,26.28516101818263,0,183,3.5651654429477175,True,True,True
2022障151,26.277491669250217,0,137,2.087709493618033,True,False,True
29障385,26.152910419392633,0,82,0.3211860759412358,True,False,True
2022障232,26.101604861742302,0,95,0.7387279746648423,True,False,True
22障21,25.969570703616952,0,89,0.5460163291001009,True,False,True
23障355,25.956607730478204,1,65,-0.22483025315886507,True,False,True
2021障6,25.953301977948506,0,58,-0.44966050631773014,True,False,True
25障30,25.941495678833366,0,64,-0.2569488607529887,True,False,True
30障376,25.878069977888167,0,59,-0.41754189872360653,True,False,True
17障47,25.86405851516459,1,64,-0.2569488607529887,True,False,True
25障370,25.85056218034431,1,40,-1.0277954430119547,True,False,True
2019障218,25.84789241660089,0,119,1.5095745569238084,True,False,True
2022障30,25.769628289651934,0,99,0.8672024050413367,True,False,True
22障125,25.623139924187797,1,103,0.995676835417831,True,False,True
29障364,25.311433111541245,0,174,3.276097974600605,True,False,True
25障377,25.30067047893058,0,31,-1.3168629113590669,True,False,True
21障39,25.282321721390172,0,151,2.537369999935763,True,False,True
27障411,25.256450921108968,0,338,8.543549620036872,True,True,True
22障444,25.219900529032742,0,63,-0.2890674683471122,True,False,True
22障35,25.189943309207592,0,39,-1.0599140506060782,True,False,True
18障54,25.155549550055518,0,67,-0.1605930379706179,True,False,True
22障431,25.147418401300985,0,94,0.7066093670707188,True,False,True
17障421,25.134616894600995,0,63,-0.2890674683471122,True,False,True
30障400,25.128628852756375,0,59,-0.41754189872360653,True,False,True
19障478,25.125559607488487,0,40,-1.0277954430119547,True,False,True
24障408,25.12285405643322,0,60,-0.385423291129483,True,False,True
17障256,25.114949944389963,0,91,0.610253544288348,True,False,True
22障36,25.093640080662276,0,55,-0.5460163291001009,True,False,True
21障261,25.034214476037526,0,93,0.6744907594765952,True,False,True
25障351,25.02375103908946,0,40,-1.0277954430119547,True,False,True
27障16,25.015904528453714,0,57,-0.4817791139118537,True,False,True
2020障368,24.982409698933022,0,110,1.220507088576696,True,False,True
29障367,24.97993185191138,1,105,1.0599140506060782,True,False,True
24障409,24.922953376331012,1,57,-0.4817791139118537,True,False,True
28障368,24.23878545596474,0,330,8.286600759283884,False,True,True
28障367,23.192929807636546,0,185,3.6294026581359646,False,True,True
17障436,22.586678524708134,0,184,3.597284050541841,False,True,True
2020障380,22.216678513305887,0,193,3.8863515188889535,False,True,True
21障433,21.853464791404846,0,184,3.597284050541841,False,True,True
27障12,21.303951170088673,0,221,4.785672531524414,False,True,True
17障9,20.015810563775023,0,188,3.7257584809183353,False,True,True
27障410,19.780348772998448,0,206,4.30389341761256,False,True,True
2020障152,19.47593352051122,0,219,4.721435316336167,False,True,True
2021障18,19.409265719639947,0,189,3.757877088512459,False,True,True
23障367,19.381877499414124,0,193,3.8863515188889535,False,True,True
30障96,19.057874622729518,0,221,4.785672531524414,False,True,True
17障161,19.036777249216673,0,188,3.7257584809183353,False,True,True
27障69,19.026169915509335,0,196,3.982707341671324,False,True,True
28障14,18.976847767598088,0,196,3.982707341671324,False,True,True
2020障180,18.892626910825513,0,189,3.757877088512459,False,True,True
30障4,18.744070464278316,0,226,4.946265569495031,False,True,True
2022障10,18.570317732966668,0,200,4.111181772047819,False,True,True
24障404,18.1707594730043,0,212,4.496605063177301,False,True,True
29障241,18.163073494303365,0,219,4.721435316336167,False,True,True
22障6,18.079781315904036,0,258,5.974061012506986,False,True,True
26障346,17.862554501726837,0,186,3.661521265730088,False,True,True
28障234,17.850629677158572,0,240,5.395926075812762,False,True,True
2023障182,17.76169833523906,0,189,3.757877088512459,False,True,True
25障115,17.734614980596003,0,207,4.336012025206683,False,True,True
28障24,17.694530813442107,0,248,5.65287493656575,False,True,True
27障129,17.639290836934133,0,224,4.882028354306784,False,True,True
2023障26,17.56503626518425,0,181,3.5009282277594704,False,True,True
25障357,17.56220041695571,0,226,4.946265569495031,False,True,True
2021障308,17.480171921532364,0,188,3.7257584809183353,False,True,True
23障159,17.43651877148823,0,208,4.368130632800807,False,True,True
27障133,17.418633009475986,0,183,3.5651654429477175,False,True,True
2021障93,17.24949828029949,0,184,3.597284050541841,False,True,True
27障118,16.962078763614844,0,255,5.877705189724615,False,True,True
24障247,16.934800418578153,0,219,4.721435316336167,False,True,True
28障115,16.86953016743764,0,184,3.597284050541841,False,True,True
26障239,16.63314281777023,0,196,3.982707341671324,False,True,True
24障19,16.451618981316262,0,225,4.914146961900908,False,True,True
2021障202,16.37710628259434,0,190,3.7899956961065824,False,True,True
24障152,16.317063460880497,0,260,6.0382982276952335,False,True,True
2023障80,16.313381583477288,0,183,3.5651654429477175,False,True,True
2023障127,16.257322878257092,0,194,3.918470126483077,False,True,True
2021障189,15.995823850639853,0,327,8.190244936501513,False,True,True
28障197,15.908206722313532,0,217,4.6571981011479195,False,True,True
2021障194,15.80459577747931,0,327,8.190244936501513,False,True,True
24障245,15.706446312955006,0,188,3.7257584809183353,False,True,True
23障98,15.667995853790416,0,188,3.7257584809183353,False,True,True
22障287,15.596523605368956,0,201,4.143300379641942,False,True,True
2019障194,15.559012978643047,0,193,3.8863515188889535,False,True,True
28障210,15.486402110980201,0,186,3.661521265730088,False,True,True
2022障48,15.455461326565013,0,200,4.111181772047819,False,True,True
28障180,15.406489202394168,0,322,8.029651898530895,False,True,True
24障360,15.343000324445013,0,226,4.946265569495031,False,True,True
22障253,15.295615470264503,0,194,3.918470126483077,False,True,True
2019障284,15.208286485185866,0,194,3.918470126483077,False,True,True
2019障67,15.202690134812004,0,188,3.7257584809183353,False,True,True
29障140,15.113638815288857,0,212,4.496605063177301,False,True,True
24障281,14.961439992397144,0,181,3.5009282277594704,False,True,True
26障272,14.811740510045588,0,204,4.239656202424313,False,True,True
2021障260,14.586155428502423,0,266,6.231009873259975,False,True,True
2021障147,14.585729592476586,0,197,4.014825949265448,False,True,True
24障309,14.368936337616885,0,191,3.822114303700706,False,True,True
28障330,14.368796483221063,0,183,3.5651654429477175,False,True,True
2019障307,14.350264661435688,0,184,3.597284050541841,False,True,True
21障378,14.24151697492113,0,195,3.9505887340772006,False,True,True
2023障245,14.229568167697828,0,195,3.9505887340772006,False,True,True
24障89,14.178886399353356,0,207,4.336012025206683,False,True,True
27障355,13.983787576333327,0,184,3.597284050541841,False,True,True
28障108,13.890482878731437,0,234,5.20321443024802,False,True,True
17障386,13.85775139998474,0,320,7.965414683342648,False,True,True
2022障162,13.79930236514365,0,183,3.5651654429477175,False,True,True
28障305,13.772544274497431,0,311,7.676347214995536,False,True,True
2023障48,13.752186155786708,0,195,3.9505887340772006,False,True,True
2023障131,13.539258176749822,0,181,3.5009282277594704,False,True,True
17障233,13.502076422184516,0,199,4.079063164453695,False,True,True
27障387,13.185254150075918,0,210,4.432367847989054,False,True,True
2021障232,12.691211723039137,0,196,3.982707341671324,False,True,True
2019障128,12.610875972104363,0,236,5.267451645436267,False,True,True
27障142,12.491612551277544,0,219,4.721435316336167,False,True,True
20障315,12.438299850329074,0,186,3.661521265730088,False,True,True
22障200,12.206021632142392,0,208,4.368130632800807,False,True,True
2023障120,12.138658483198606,0,192,3.8542329112948295,False,True,True
2021障245,12.056427035479205,0,202,4.175418987236066,False,True,True
29障156,12.023951043598018,0,197,4.014825949265448,False,True,True
26障302,11.839379356213948,0,194,3.918470126483077,False,True,True
20障318,11.803515162769141,0,207,4.336012025206683,False,True,True
27障323,11.784654456524702,0,199,4.079063164453695,False,True,True
25障375,24.895205370822417,0,164,2.954911898659369,False,False,False
25障356,24.88485707174281,0,141,2.216183923994527,False,False,False
2023障274,24.864128340078796,0,111,1.2526256961708195,False,False,False
29障394,24.81252594383929,0,53,-0.610253544288348,False,False,False
22障417,24.771606652249567,0,56,-0.5138977215059773,False,False,False
2023障169,24.739622311868153,0,86,0.44966050631773014,False,False,False
27障221,24.704624715849,0,78,0.1927116455647415,False,False,False
19障475,24.702307546609166,0,51,-0.6744907594765952,False,False,False
2019障354,24.619937701519014,0,79,0.22483025315886507,False,False,False
20障430,24.552593956009265,0,54,-0.5781349366942244,False,False,False
19障463,24.503911442612544,0,59,-0.41754189872360653,False,False,False
18障461,24.47891708887513,0,62,-0.3211860759412358,False,False,False
2019障39,24.460219490423597,0,61,-0.3533046835353594,False,False,False
17障437,24.423623920895462,0,65,-0.22483025315886507,False,False,False
17障399,24.412757353946848,0,111,1.2526256961708195,False,False,False
30障357,24.384943243906157,1,110,1.220507088576696,False,False,False
2019障7,24.37718084122653,0,93,0.6744907594765952,False,False,False
21障153,24.358919955717,1,45,-0.8672024050413367,False,False,False
20障464,24.351233424475204,0,49,-0.7387279746648423,False,False,False
24障383,24.346343018657695,0,60,-0.385423291129483,False,False,False
2022障124,24.340162317259377,0,95,0.7387279746648423,False,False,False
30障132,24.322192156662513,0,56,-0.5138977215059773,False,False,False
25障359,24.315133253126863,0,76,0.12847443037649434,False,False,False
27障405,24.29244491835486,0,106,1.0920326582002018,False,False,False
20障9,24.2600815308339,0,57,-0.4817791139118537,False,False,False
30障34,24.241388313924023,1,62,-0.3211860759412358,False,False,False
2023障175,24.238089392281513,0,139,2.15194670880628,False,False,False
22障442,24.234324368956262,0,58,-0.44966050631773014,False,False,False
17障439,24.211050320930987,0,78,0.1927116455647415,False,False,False
28障191,24.186257321175447,0,56,-0.5138977215059773,False,False,False
2022障1,24.171454785001025,0,103,0.995676835417831,False,False,False
22障421,24.170813551287658,0,66,-0.1927116455647415,False,False,False
17障422,24.162756311572032,0,53,-0.610253544288348,False,False,False
19障477,24.15369902445952,0,57,-0.4817791139118537,False,False,False
27障397,24.14206791058378,0,44,-0.8993210126354603,False,False,False
2020障384,24.12634865622674,0,82,0.3211860759412358,False,False,False
25障361,24.110990764311357,0,107,1.1241512657943253,False,False,False
2023障283,24.105871432987723,0,130,1.8628792404591676,False,False,False
23障84,24.07416593368482,0,19,-1.7022862024885497,False,False,False
20障431,24.063020194838764,0,56,-0.5138977215059773,False,False,False
19障481,24.057395795914204,0,71,-0.032118607594123584,False,False,False
30障131,24.04898713997448,0,71,-0.032118607594123584,False,False,False
27障36,24.02195284707431,0,41,-0.995676835417831,False,False,False
2021障297,24.01676881272309,0,81,0.2890674683471122,False,False,False
19障451,23.975263003266406,0,101,0.9314396202295838,False,False,False
24障403,23.97022755448046,0,110,1.220507088576696,False,False,False
2019障92,23.937040710619247,0,62,-0.3211860759412358,False,False,False
17障416,23.931837271869576,0,43,-0.9314396202295838,False,False,False
17障112,23.92898392384032,0,104,1.0277954430119547,False,False,False
23障352,23.919579355566185,0,70,-0.06423721518824717,False,False,False
27障404,23.916933866367003,0,118,1.4774559493296846,False,False,False
25障376,23.91437611781069,0,59,-0.41754189872360653,False,False,False
2022障238,23.908071748714708,0,83,0.3533046835353594,False,False,False
2022障239,23.908071748714708,0,88,0.5138977215059773,False,False,False
2023障22,23.886055093027892,0,109,1.1883884809825724,False,False,False
2020障379,23.87294880328371,0,96,0.770846582258966,False,False,False
23障236,23.861425798193736,0,63,-0.2890674683471122,False,False,False
20障459,23.850954291373192,0,52,-0.6423721518824717,False,False,False
22障120,23.845482201994994,0,41,-0.995676835417831,False,False,False
30障375,23.83025939458866,0,51,-0.6744907594765952,False,False,False
19障137,23.823623408182495,0,49,-0.7387279746648423,False,False,False
28障37,23.819103291231595,0,47,-0.8029651898530895,False,False,False
27障82,23.81777728979243,0,97,0.8029651898530895,False,False,False
2020障382,23.78033120439553,0,62,-0.3211860759412358,False,False,False
2023障59,23.770475937085244,0,99,0.8672024050413367,False,False,False
20障428,23.763856940013024,0,50,-0.7066093670707188,False,False,False
19障483,23.756663832868828,0,57,-0.4817791139118537,False,False,False
18障474,23.753285116239972,0,41,-0.995676835417831,False,False,False
22障429,23.743337087409937,0,92,0.6423721518824717,False,False,False
17障419,23.730535580709947,0,79,0.22483025315886507,False,False,False
2021障80,23.729362245921152,0,67,-0.1605930379706179,False,False,False
2022障19,23.71199594775334,1,114,1.3489815189531904,False,False,False
26障213,23.69605098461219,0,15,-1.830760632865044,False,False,False
21障421,23.69366187736925,0,58,-0.44966050631773014,False,False,False
25障2,23.687386025446944,0,51,-0.6744907594765952,False,False,False
28障92,23.674892795824576,0,29,-1.381100126547314,False,False,False
23障329,23.671028482436917,1,88,0.5138977215059773,False,False,False
19障450,23.669036830063863,0,104,1.0277954430119547,False,False,False
18障431,23.663395502135266,1,94,0.7066093670707188,False,False,False
20障16,23.660468542081396,0,104,1.0277954430119547,False,False,False
2020障241,23.65664192665435,0,87,0.4817791139118537,False,False,False
23障11,23.649221251133742,0,63,-0.2890674683471122,False,False,False
26障389,23.64636982111013,0,37,-1.1241512657943253,False,False,False
23障378,23.644954566897354,0,43,-0.9314396202295838,False,False,False
25障94,23.626883576638214,0,37,-1.1241512657943253,False,False,False
20障445,23.626396385975113,0,35,-1.1883884809825724,False,False,False
26障386,23.616589012310495,0,97,0.8029651898530895,False,False,False
2019障357,23.616578331458264,0,62,-0.3211860759412358,False,False,False
17障162,23.61554626867191,0,62,-0.3211860759412358,False,False,False
21障119,23.609755918341936,0,77,0.1605930379706179,False,False,False
2021障34,23.59167172910228,0,99,0.8672024050413367,False,False,False
30障94,23.590862046973083,0,89,0.5460163291001009,False,False,False
26障95,23.588662363818017,0,118,1.4774559493296846,False,False,False
29障90,23.58243181406738,0,102,0.9635582278237074,False,False,False
25障13,23.582081948296114,0,55,-0.5460163291001009,False,False,False
24障120,23.575980426247938,0,53,-0.610253544288348,False,False,False
19障144,23.560899024532045,0,42,-0.9635582278237074,False,False,False
24障122,23.554864984234726,0,50,-0.7066093670707188,False,False,False
21障157,23.551555051049405,0,128,1.7986420252709205,False,False,False
2022障58,23.529707348697595,0,93,0.6744907594765952,False,False,False
22障130,23.51334836697238,0,12,-1.9271164556474147,False,False,False
19障9,23.503982802782247,0,80,0.2569488607529887,False,False,False
29障11,23.48962096653892,0,173,3.2439793670064816,False,False,False
21障50,23.468364473721532,0,104,1.0277954430119547,False,False,False
2022障251,23.45331735653287,0,67,-0.1605930379706179,False,False,False
26障36,23.450971846999145,0,91,0.610253544288348,False,False,False
2019障356,23.4495242467951,0,27,-1.445337341735561,False,False,False
29障365,23.432477238169866,0,74,0.06423721518824717,False,False,False
20障126,23.428156363852132,0,52,-0.6423721518824717,False,False,False
21障255,23.421608418456785,0,118,1.4774559493296846,False,False,False
21障257,23.421608418456785,0,140,2.1840653164004036,False,False,False
21障456,23.41903708870042,0,110,1.220507088576696,False,False,False
19障145,23.39518634461456,0,80,0.2569488607529887,False,False,False
20障15,23.383639525682625,0,99,0.8672024050413367,False,False,False
2019障35,23.372434683288084,0,54,-0.5781349366942244,False,False,False
28障388,23.372083017927586,0,92,0.6423721518824717,False,False,False
20障297,23.35843420601937,0,42,-0.9635582278237074,False,False,False
22障170,23.35167820318616,0,122,1.605930379706179,False,False,False
30障250,23.337634354748523,0,34,-1.220507088576696,False,False,False
2023障306,23.308771604972957,0,92,0.6423721518824717,False,False,False
28障39,23.307622551280726,0,113,1.3168629113590669,False,False,False
2023障291,23.307352381992008,1,120,1.541693164517932,False,False,False
23障372,23.29490142290627,0,157,2.7300816455005044,False,False,False
25障31,23.29392521233698,0,83,0.3533046835353594,False,False,False
23障368,23.280756601060478,0,30,-1.3489815189531904,False,False,False
2023障301,23.25098299406545,0,78,0.1927116455647415,False,False,False
28障381,23.25019320031855,0,64,-0.2569488607529887,False,False,False
22障467,23.246822874279097,0,80,0.2569488607529887,False,False,False
24障154,23.24342958900029,0,107,1.1241512657943253,False,False,False
18障459,23.23832122372891,0,88,0.5138977215059773,False,False,False
18障460,23.23832122372891,0,55,-0.5460163291001009,False,False,False
17障35,23.225449210322367,0,45,-0.8672024050413367,False,False,False
23障376,23.21273383603527,0,69,-0.09635582278237075,False,False,False
17障116,23.205549627744986,0,84,0.385423291129483,False,False,False
20障404,23.20060150500359,0,93,0.6744907594765952,False,False,False
2023障308,23.192982869487363,0,111,1.2526256961708195,False,False,False
2022障150,23.19089486184687,0,129,1.830760632865044,False,False,False
29障393,23.188154147616437,0,51,-0.6744907594765952,False,False,False
23障380,23.181013424259756,0,82,0.3211860759412358,False,False,False
22障37,23.180674792843742,0,112,1.2847443037649433,False,False,False
17障45,23.177505834358684,0,41,-0.995676835417831,False,False,False
26障216,23.166654329008036,0,86,0.44966050631773014,False,False,False
26障217,23.166654329008036,0,47,-0.8029651898530895,False,False,False
24障390,23.149124370476716,0,127,1.766523417676797,False,False,False
25障368,23.122991461561526,0,60,-0.385423291129483,False,False,False
27障23,23.118914146773236,0,79,0.22483025315886507,False,False,False
2020障378,23.103453825561644,0,98,0.8350837974472131,False,False,False
18障447,23.086984003501545,0,51,-0.6744907594765952,False,False,False
30障383,23.07671815894864,1,125,1.7022862024885497,False,False,False
24障114,23.069923225285343,0,53,-0.610253544288348,False,False,False
27障414,23.06780279529069,1,88,0.5138977215059773,False,False,False
22障460,23.0672448628032,0,84,0.385423291129483,False,False,False
26障390,23.056167401661654,0,49,-0.7387279746648423,False,False,False
18障50,23.055317435325193,0,80,0.2569488607529887,False,False,False
22障457,23.04863292111525,0,62,-0.3211860759412358,False,False,False
25障92,23.045638589143515,0,65,-0.22483025315886507,False,False,False
25障29,23.039611499027483,0,160,2.826437468282875,False,False,False
17障435,23.03583141441526,0,51,-0.6744907594765952,False,False,False
18障331,23.02733179558866,0,61,-0.3533046835353594,False,False,False
2022障37,23.02018201812873,0,96,0.770846582258966,False,False,False
21障422,23.007990723658462,0,121,1.5738117721120555,False,False,False
29障130,22.99572380150263,0,42,-0.9635582278237074,False,False,False
21障430,22.986016990358777,0,130,1.8628792404591676,False,False,False
21障112,22.983163642329526,0,98,0.8350837974472131,False,False,False
22障418,22.980932726144243,0,79,0.22483025315886507,False,False,False
21障459,22.97752450628265,0,71,-0.032118607594123584,False,False,False
17障113,22.967595882136646,0,50,-0.7066093670707188,False,False,False
22障463,22.936040885159084,0,35,-1.1883884809825724,False,False,False
18障484,22.922141130788344,1,109,1.1883884809825724,False,False,False
30障18,22.916559699662592,0,61,-0.3533046835353594,False,False,False
21障440,22.911607388495675,0,73,0.032118607594123584,False,False,False
18障135,22.903334040677038,0,72,0.0,False,False,False
18障137,22.903334040677038,0,43,-0.9314396202295838,False,False,False
27障14,22.902243662317765,0,89,0.5460163291001009,False,False,False
25障131,22.885812349114378,0,136,2.0555908860239094,False,False,False
2019障120,22.88576218116769,0,87,0.4817791139118537,False,False,False
19障492,22.88214860285941,0,72,0.0,False,False,False
20障457,22.881495915134,0,65,-0.22483025315886507,False,False,False
20障444,22.876255029589082,0,43,-0.9314396202295838,False,False,False
2022障143,22.870817267740502,0,150,2.505251392341639,False,False,False
20障463,22.86710940291062,0,46,-0.8350837974472131,False,False,False
2021障79,22.86427743276279,0,65,-0.22483025315886507,False,False,False
19障138,22.862235366478817,0,23,-1.5738117721120555,False,False,False
23障99,22.86156304015461,0,81,0.2890674683471122,False,False,False
19障135,22.854204509320493,1,39,-1.0599140506060782,False,False,False
2020障393,22.846944726393073,0,72,0.0,False,False,False
2019障99,22.83612529098359,0,74,0.06423721518824717,False,False,False
18障473,22.83177778684319,0,107,1.1241512657943253,False,False,False
26障236,22.820341575899395,0,96,0.770846582258966,False,False,False
2021障81,22.815983423403836,0,46,-0.8350837974472131,False,False,False
21障42,22.808567390723066,0,62,-0.3211860759412358,False,False,False
18障36,22.8035722335651,0,135,2.0234722784297854,False,False,False
20障454,22.798549328873182,0,69,-0.09635582278237075,False,False,False
18障501,22.793321341549337,0,83,0.3533046835353594,False,False,False
2019障93,22.788116071797226,0,55,-0.5460163291001009,False,False,False
23障87,22.780644056958526,0,73,0.032118607594123584,False,False,False
2019障345,22.77939432575223,0,116,1.4132187341414375,False,False,False
25障178,22.7654797934095,1,81,0.2890674683471122,False,False,False
29障89,22.76535622009538,0,25,-1.5095745569238084,False,False,False
24障4,22.750282619885095,0,116,1.4132187341414375,False,False,False
25障91,22.74030994757796,0,81,0.2890674683471122,False,False,False
24障119,22.737789390262726,0,34,-1.220507088576696,False,False,False
22障435,22.730743126990465,0,121,1.5738117721120555,False,False,False
30障93,22.725777233814725,0,38,-1.0920326582002018,False,False,False
29障381,22.723051395387937,0,63,-0.2890674683471122,False,False,False
27障85,22.71686187015677,0,68,-0.12847443037649434,False,False,False
2021障318,22.715274704146033,0,97,0.8029651898530895,False,False,False
27障254,22.707383789775957,0,128,1.7986420252709205,False,False,False
17障124,22.683756056472983,0,53,-0.610253544288348,False,False,False
2019障221,22.670099904605507,0,61,-0.3533046835353594,False,False,False
29障376,22.656849388091075,0,107,1.1241512657943253,False,False,False
21障117,22.65102980730691,0,60,-0.385423291129483,False,False,False
22障119,22.64817497009793,0,31,-1.3168629113590669,False,False,False
2020障364,22.639301598469437,0,92,0.6423721518824717,False,False,False
22障261,22.633552949746267,0,43,-0.9314396202295838,False,False,False
2021障32,22.627622297006877,0,85,0.41754189872360653,False,False,False
19障143,22.62640476000152,0,116,1.4132187341414375,False,False,False
28障41,22.62410824666098,0,128,1.7986420252709205,False,False,False
27障86,22.620558641611453,0,74,0.06423721518824717,False,False,False
21障38,22.614225263877906,0,84,0.385423291129483,False,False,False
24障155,22.613897782277608,0,58,-0.44966050631773014,False,False,False
17障408,22.60260023161901,0,71,-0.032118607594123584,False,False,False
18障145,22.59260043784023,0,45,-0.8672024050413367,False,False,False
27障396,22.587696826116435,0,65,-0.22483025315886507,False,False,False
26障37,22.585887033840784,0,52,-0.6423721518824717,False,False,False
17障432,22.582762547042588,0,42,-0.9635582278237074,False,False,False
21障111,22.581531772218653,0,50,-0.7066093670707188,False,False,False
18障144,22.571200205654424,0,38,-1.0920326582002018,False,False,False
18障143,22.571200205654424,0,40,-1.0277954430119547,False,False,False
17障296,22.565739889281264,0,70,-0.06423721518824717,False,False,False
20障125,22.563071550693774,0,28,-1.4132187341414375,False,False,False
20障439,22.552314446335576,0,39,-1.0599140506060782,False,False,False
24障411,22.540777442459607,0,76,0.12847443037649434,False,False,False
22障34,22.535841046809495,0,45,-0.8672024050413367,False,False,False
2023障273,22.528083157992018,0,76,0.12847443037649434,False,False,False
21障419,22.52186476326657,0,93,0.6744907594765952,False,False,False
22障408,22.51909850977368,0,45,-0.8672024050413367,False,False,False
2019障342,22.517184329467277,0,138,2.1198281012121565,False,False,False
23障83,22.508285995589848,0,38,-1.0920326582002018,False,False,False
22障464,22.503176802862804,0,76,0.12847443037649434,False,False,False
22障458,22.49926082519726,0,54,-0.5781349366942244,False,False,False
2019障219,22.496372248510433,0,146,2.376776961965145,False,False,False
25障208,22.495934123772727,0,141,2.216183923994527,False,False,False
2019障360,22.492323617395105,0,38,-1.0920326582002018,False,False,False
28障372,22.484196050952278,0,81,0.2890674683471122,False,False,False
17障417,22.480079418312492,0,57,-0.4817791139118537,False,False,False
26障1,22.478751357902826,0,47,-0.8029651898530895,False,False,False
2023障307,22.47093649162012,0,65,-0.22483025315886507,False,False,False
21障280,22.465535940529342,0,74,0.06423721518824717,False,False,False
21障48,22.462565151655717,0,56,-0.5138977215059773,False,False,False
22障43,22.462563817808785,0,139,2.15194670880628,False,False,False
29障397,22.46254644219839,0,40,-1.0277954430119547,False,False,False
22障420,22.458469105128156,0,128,1.7986420252709205,False,False,False
22障422,22.453697986945063,0,55,-0.5460163291001009,False,False,False
2023障272,22.451735360829897,0,87,0.4817791139118537,False,False,False
23障344,22.44861898663777,0,52,-0.6423721518824717,False,False,False
23障346,22.44861898663777,0,121,1.5738117721120555,False,False,False
17障42,22.44710092071707,0,96,0.770846582258966,False,False,False
28障371,22.444799408261034,0,52,-0.6423721518824717,False,False,False
28障91,22.44114669275222,0,48,-0.770846582258966,False,False,False
17障11,22.438929863716155,0,53,-0.610253544288348,False,False,False
18障176,22.432426953402448,0,75,0.09635582278237075,False,False,False
2023障139,22.424539283739456,0,98,0.8350837974472131,False,False,False
2022障61,22.42043059157625,0,89,0.5460163291001009,False,False,False
24障394,22.42011009134055,0,123,1.6380489873003026,False,False,False
29障214,22.418511781005012,0,45,-0.8672024050413367,False,False,False
27障220,22.402988011263282,0,93,0.6744907594765952,False,False,False
27障418,22.391249938442833,0,61,-0.3533046835353594,False,False,False
28障360,22.38147968380014,0,167,3.0512677214417403,False,False,False
26障214,22.38136511379041,0,78,0.1927116455647415,False,False,False
30障395,22.374673446558777,0,57,-0.4817791139118537,False,False,False
26障91,22.369954899735145,0,62,-0.3211860759412358,False,False,False
17障111,22.36310398574535,0,37,-1.1241512657943253,False,False,False
28障120,22.349743074121495,0,58,-0.44966050631773014,False,False,False
26障362,22.343258470979944,0,79,0.22483025315886507,False,False,False
26障363,22.343258470979944,0,96,0.770846582258966,False,False,False
17障251,22.341543619603737,0,59,-0.41754189872360653,False,False,False
21障249,22.337155948413418,0,114,1.3489815189531904,False,False,False
2019障335,22.331449194955393,0,63,-0.2890674683471122,False,False,False
20障36,22.326701205110453,0,69,-0.09635582278237075,False,False,False
18障19,22.32232850473145,0,56,-0.5138977215059773,False,False,False
18障177,22.31985138697979,0,62,-0.3211860759412358,False,False,False
2019障361,22.315122466932245,0,59,-0.41754189872360653,False,False,False
20障248,22.312530340148722,0,145,2.3446583543710213,False,False,False
2023障142,22.310403762941984,0,136,2.0555908860239094,False,False,False
24障377,22.309461091396653,0,60,-0.385423291129483,False,False,False
2021障55,22.30049607939825,1,87,0.4817791139118537,False,False,False
30障85,22.28076814673861,0,24,-1.541693164517932,False,False,False
2023障300,22.279604046970043,0,63,-0.2890674683471122,False,False,False
22障118,22.279602263900024,0,65,-0.22483025315886507,False,False,False
20障35,22.278407195751498,0,62,-0.3211860759412358,False,False,False
17障108,22.266417844418374,0,89,0.5460163291001009,False,False,False
2020障366,22.26379054648158,0,78,0.1927116455647415,False,False,False
20障122,22.25774290912822,0,31,-1.3168629113590669,False,False,False
18障290,22.257326346760934,0,94,0.7066093670707188,False,False,False
2023障63,22.25561633192148,0,54,-0.5781349366942244,False,False,False
22障290,22.24782457129134,0,81,0.2890674683471122,False,False,False
2020障342,22.245333725481665,1,156,2.697963037906381,False,False,False
30障253,22.24106656358659,0,82,0.3211860759412358,False,False,False
21障413,22.222701508440835,0,132,1.9271164556474147,False,False,False
22障39,22.217608824164564,0,119,1.5095745569238084,False,False,False
17障158,22.217480971419512,0,136,2.0555908860239094,False,False,False
2021障83,22.211491527012544,0,45,-0.8672024050413367,False,False,False
2021障84,22.211491527012544,0,58,-0.44966050631773014,False,False,False
24障406,22.205976244102608,0,32,-1.2847443037649433,False,False,False
22障259,22.18580083206755,0,62,-0.3211860759412358,False,False,False
23障225,22.1811870418494,0,86,0.44966050631773014,False,False,False
2023障62,22.17926853475936,0,62,-0.3211860759412358,False,False,False
23障85,22.176152160567234,0,28,-1.4132187341414375,False,False,False
18障327,22.170761223131745,0,48,-0.770846582258966,False,False,False
26障368,22.168637373720042,0,35,-1.1883884809825724,False,False,False
22障46,22.16446718381627,0,95,0.7387279746648423,False,False,False
20障405,22.158805414682156,0,89,0.5460163291001009,False,False,False
2021障30,22.1583305490313,0,117,1.445337341735561,False,False,False
21障11,22.156587089667575,0,93,0.6744907594765952,False,False,False
21障415,22.146353711278714,0,88,0.5138977215059773,False,False,False
21障416,22.146353711278714,0,44,-0.8993210126354603,False,False,False
22障407,22.143587457785824,0,46,-0.8350837974472131,False,False,False
19障495,22.140929794763547,0,94,0.7066093670707188,False,False,False
18障56,22.14054547600497,0,51,-0.6744907594765952,False,False,False
2019障96,22.13533016604698,0,44,-0.8993210126354603,False,False,False
2021障82,22.135143729850423,0,66,-0.1927116455647415,False,False,False
17障373,22.13264645165331,0,62,-0.3211860759412358,False,False,False
2020障7,22.130605958164054,1,63,-0.2890674683471122,False,False,False
26障219,22.125579075929913,0,65,-0.22483025315886507,False,False,False
28障385,22.122231958789055,0,35,-1.1883884809825724,False,False,False
2022障241,22.122136259061598,0,85,0.41754189872360653,False,False,False
2019障217,22.120861196522576,0,158,2.762200253094628,False,False,False
2023障281,22.11960152580728,0,72,0.0,False,False,False
29障213,22.119348526179277,0,62,-0.3211860759412358,False,False,False
22障434,22.1164504076539,0,55,-0.5460163291001009,False,False,False
26障401,22.115154341024514,0,72,0.0,False,False,False
18障311,22.095759873612657,0,57,-0.4817791139118537,False,False,False
22障461,22.08724487941157,0,36,-1.1562698733884489,False,False,False
17障149,22.08486534825141,0,64,-0.2569488607529887,False,False,False
21障385,22.08232832940671,0,78,0.1927116455647415,False,False,False
2019障338,22.0756631570949,0,85,0.41754189872360653,False,False,False
25障373,22.07054107685745,0,52,-0.6423721518824717,False,False,False
30障389,22.069344804993218,0,37,-1.1241512657943253,False,False,False
2020障76,22.067671517573164,0,79,0.22483025315886507,False,False,False
18障457,22.06652410962623,0,87,0.4817791139118537,False,False,False
2021障298,22.06400951552311,0,132,1.9271164556474147,False,False,False
21障158,22.056459424276802,0,95,0.7387279746648423,False,False,False
25障355,22.049345848777527,0,124,1.6701675948944261,False,False,False
19障482,22.04658239465504,0,42,-0.9635582278237074,False,False,False
2022障3,22.039653288573426,0,126,1.7344048100826734,False,False,False
24障116,22.03699426532612,0,94,0.7066093670707188,False,False,False
17障118,22.030970150722737,0,45,-0.8672024050413367,False,False,False
30障88,22.024982108878113,0,28,-1.4132187341414375,False,False,False
24障392,22.02311717607012,0,145,2.3446583543710213,False,False,False
24障225,22.01954063065576,0,110,1.220507088576696,False,False,False
2022障121,22.01861484162313,0,75,0.09635582278237075,False,False,False
2022障122,22.01861484162313,0,64,-0.2569488607529887,False,False,False
26障370,22.01112463595733,0,84,0.385423291129483,False,False,False
17障254,22.00940978458112,0,47,-0.8029651898530895,False,False,False
27障262,22.001597775695757,0,91,0.610253544288348,False,False,False
22障441,21.99909376991075,0,54,-0.5781349366942244,False,False,False
17障43,21.99500343242813,0,60,-0.385423291129483,False,False,False
26障87,21.994443847747288,0,101,0.9314396202295838,False,False,False
26障89,21.994443847747288,0,90,0.5781349366942244,False,False,False
29障88,21.98821329799665,0,34,-1.220507088576696,False,False,False
17障50,21.97187236214305,0,87,0.4817791139118537,False,False,False
30障373,21.965315099926034,0,56,-0.5138977215059773,False,False,False
2022障60,21.963827410602622,0,72,0.0,False,False,False
19障462,21.9632695988831,0,84,0.385423291129483,False,False,False
2023障269,21.962161599659392,0,74,0.06423721518824717,False,False,False
20障117,21.95857965430248,0,97,0.8029651898530895,False,False,False
20障118,21.95857965430248,0,31,-1.3168629113590669,False,False,False
17障120,21.954622353560616,0,68,-0.12847443037649434,False,False,False
30障89,21.948634311715992,0,79,0.22483025315886507,False,False,False
17障252,21.944107064680214,0,74,0.06423721518824717,False,False,False
28障377,21.94346066669821,0,132,1.9271164556474147,False,False,False
27障263,21.940911835646236,0,75,0.09635582278237075,False,False,False
27障84,21.93971894805804,0,76,0.12847443037649434,False,False,False
21障434,21.938397277034273,0,101,0.9314396202295838,False,False,False
30障212,21.938119022835593,0,69,-0.09635582278237075,False,False,False
25障358,21.935704322433878,0,165,2.987030506253493,False,False,False
19障142,21.92560963506491,0,51,-0.6744907594765952,False,False,False
19障141,21.92560963506491,0,28,-1.4132187341414375,False,False,False
18障294,21.92519251173832,0,42,-0.9635582278237074,False,False,False
2022障233,21.904160401650543,0,114,1.3489815189531904,False,False,False
18障3,21.902853741723376,0,34,-1.220507088576696,False,False,False
2022障255,21.892383798382816,0,80,0.2569488607529887,False,False,False
29障129,21.888301501656333,0,57,-0.4817791139118537,False,False,False
2022障59,21.8874796134405,0,149,2.4731327847475155,False,False,False
20障120,21.882231857140358,0,51,-0.6744907594765952,False,False,False
23障363,21.881357777527594,0,35,-1.1883884809825724,False,False,False
26障405,21.876494191122273,0,59,-0.41754189872360653,False,False,False
21障116,21.87388688520818,0,105,1.0599140506060782,False,False,False
2019障343,21.872779319080927,0,72,0.0,False,False,False
18障140,21.86346673492786,0,48,-0.770846582258966,False,False,False
30障211,21.84598181658861,0,60,-0.385423291129483,False,False,False
20障433,21.837900306607317,0,121,1.5738117721120555,False,False,False
20障423,21.82256484818828,0,41,-0.995676835417831,False,False,False
25障348,21.81555812546752,0,99,0.8672024050413367,False,False,False
25障349,21.81555812546752,0,46,-0.8350837974472131,False,False,False
21障428,21.8142198762561,0,69,-0.09635582278237075,False,False,False
21障427,21.8142198762561,0,63,-0.2890674683471122,False,False,False
29障131,21.811953704494215,0,120,1.541693164517932,False,False,False
27障29,21.811755210576298,0,55,-0.5460163291001009,False,False,False
22障415,21.81145362276321,0,106,1.0920326582002018,False,False,False
2019障51,21.804323375586854,0,94,0.7066093670707188,False,False,False
2020障117,21.79838520749181,0,88,0.5138977215059773,False,False,False
2020障387,21.7963214964479,0,37,-1.1241512657943253,False,False,False
18障139,21.794057283555695,0,41,-0.995676835417831,False,False,False
18障141,21.794057283555695,0,70,-0.06423721518824717,False,False,False
26障249,21.780077611434386,0,62,-0.3211860759412358,False,False,False
26障248,21.780077611434386,0,67,-0.1605930379706179,False,False,False
20障39,21.776156430263644,0,53,-0.610253544288348,False,False,False
21障252,21.771234390080796,0,60,-0.385423291129483,False,False,False
29障36３,21.771106362896685,0,61,-0.3533046835353594,False,False,False
17障25,21.75759598769468,0,89,0.5460163291001009,False,False,False
2023障288,21.747524970111243,0,83,0.3533046835353594,False,False,False
24障381,21.74353953306403,0,22,-1.605930379706179,False,False,False
24障382,21.74353953306403,0,56,-0.5138977215059773,False,False,False
24障380,21.74353953306403,0,92,0.6423721518824717,False,False,False
26障376,21.743190136767055,0,32,-1.2847443037649433,False,False,False
17障405,21.73751541846065,0,73,0.032118607594123584,False,False,False
24障44,21.732573304466193,1,52,-0.6423721518824717,False,False,False
2023障297,21.726318069294546,0,71,-0.032118607594123584,False,False,False
27障395,21.722612012958074,0,51,-0.6744907594765952,False,False,False
17障430,21.717677733884223,0,73,0.032118607594123584,False,False,False
18障179,21.694145487215376,0,47,-0.8029651898530895,False,False,False
29障237,21.694084924453083,0,68,-0.12847443037649434,False,False,False
23障13,21.694017725827287,0,54,-0.5781349366942244,False,False,False
2023障61,21.689694773588858,0,68,-0.12847443037649434,False,False,False
2023障60,21.689694773588858,0,112,1.2847443037649433,False,False,False
2021障78,21.678540548876796,0,53,-0.610253544288348,False,False,False
2023障270,21.662998344833657,0,74,0.06423721518824717,False,False,False
2023障271,21.662998344833657,0,82,0.3211860759412358,False,False,False
2023障268,21.662998344833657,0,110,1.220507088576696,False,False,False
2019障185,21.65716661893174,0,59,-0.41754189872360653,False,False,False
2021障172,21.656980182735182,0,109,1.1883884809825724,False,False,False
22障440,21.656867746544957,0,76,0.12847443037649434,False,False,False
2020障115,21.652033010676778,0,108,1.1562698733884489,False,False,False
20障288,21.636047987638513,0,127,1.766523417676797,False,False,False
2021障293,21.618873539924717,0,57,-0.4817791139118537,False,False,False
2021障292,21.618873539924717,0,117,1.445337341735561,False,False,False
20障111,21.61662460729154,0,81,0.2890674683471122,False,False,False
23障86,21.61023060223461,0,51,-0.6744907594765952,False,False,False
2021障296,21.58590295972784,0,100,0.8993210126354603,False,False,False
18障312,21.576276707174248,0,56,-0.5138977215059773,False,False,False
2020障116,21.575685213514657,0,85,0.41754189872360653,False,False,False
2022障237,21.57202656662793,0,74,0.06423721518824717,False,False,False
2020障35,21.571351021979755,0,56,-0.5138977215059773,False,False,False
2019障98,21.569408607714355,0,67,-0.1605930379706179,False,False,False
2019障95,21.569408607714355,0,46,-0.8350837974472131,False,False,False
2019障94,21.569408607714355,0,60,-0.385423291129483,False,False,False
27障1,21.558941645055217,0,101,0.9314396202295838,False,False,False
24障221,21.558830718210878,0,90,0.5781349366942244,False,False,False
23障362,21.55056359328253,0,79,0.22483025315886507,False,False,False
18障486,21.549464719502637,0,57,-0.4817791139118537,False,False,False
2021障33,21.54713765776917,0,66,-0.1927116455647415,False,False,False
18障133,21.546236986478032,0,75,0.09635582278237075,False,False,False
18障134,21.546236986478032,0,44,-0.8993210126354603,False,False,False
27障219,21.53790319810492,0,90,0.5781349366942244,False,False,False
18障35,21.536855550295865,0,73,0.032118607594123584,False,False,False
29障87,21.531610117023025,0,103,0.995676835417831,False,False,False
25障343,21.51639487064178,0,70,-0.06423721518824717,False,False,False
28障357,21.51639487064178,0,80,0.2569488607529887,False,False,False
28障359,21.51639487064178,0,89,0.5460163291001009,False,False,False
2022障13,21.516022547875586,0,96,0.770846582258966,False,False,False
25障35,21.5140684398584,0,103,0.995676835417831,False,False,False
2019障339,21.509741598762275,0,45,-0.8672024050413367,False,False,False
23障348,21.50718637631729,0,28,-1.4132187341414375,False,False,False
26障90,21.504870086576783,0,75,0.09635582278237075,False,False,False
21障47,21.502208196135847,0,76,0.12847443037649434,False,False,False
25障89,21.499714082431737,0,93,0.6744907594765952,False,False,False
20障115,21.4950381275389,0,94,0.7066093670707188,False,False,False
30障83,21.49203113074237,0,113,1.3168629113590669,False,False,False
22障2,21.490343328712466,0,47,-0.8029651898530895,False,False,False
21障289,21.483707352767773,0,62,-0.3211860759412358,False,False,False
17障250,21.476458806445375,0,50,-0.7066093670707188,False,False,False
2020障365,21.47505353048534,0,73,0.032118607594123584,False,False,False
18障240,21.473079555754065,0,57,-0.4817791139118537,False,False,False
21障247,21.47207113525506,0,40,-1.0277954430119547,False,False,False
21障248,21.47207113525506,0,109,1.1883884809825724,False,False,False
24障118,21.471072706993493,0,75,0.09635582278237075,False,False,False
17障123,21.46504859239011,0,42,-0.9635582278237074,False,False,False
30障90,21.45906055054549,0,111,1.2526256961708195,False,False,False
30障91,21.45906055054549,0,77,0.1605930379706179,False,False,False
29障210,21.444747030980505,0,65,-0.22483025315886507,False,False,False
24障376,21.44437627823829,0,107,1.1241512657943253,False,False,False
2020障376,21.442082950288462,0,59,-0.41754189872360653,False,False,False
25障346,21.440047073479658,0,153,2.60160721512401,False,False,False
28障361,21.440047073479658,0,69,-0.09635582278237075,False,False,False
21障260,21.43910055505818,0,49,-0.7387279746648423,False,False,False
29障374,21.438972527874068,0,60,-0.385423291129483,False,False,False
29障211,21.43780868519055,0,159,2.7943188606887515,False,False,False
26障384,21.42844972872545,0,148,2.441014177153392,False,False,False
20障114,21.425628676166735,0,57,-0.4817791139118537,False,False,False
20障163,21.424033735825176,0,17,-1.766523417676797,False,False,False
26障403,21.421026991449683,0,55,-0.5460163291001009,False,False,False
17障385,21.41909111365851,0,66,-0.1927116455647415,False,False,False
30障84,21.415683333580247,0,45,-0.8672024050413367,False,False,False
2020障214,21.414886873198018,0,65,-0.22483025315886507,False,False,False
19障293,21.41447550775279,0,79,0.22483025315886507,False,False,False
27障81,21.406767969922296,0,57,-0.4817791139118537,False,False,False
26障367,21.40182586065946,0,64,-0.2569488607529887,False,False,False
18障330,21.399652953674245,0,67,-0.1605930379706179,False,False,False
20障121,21.392658095969857,0,104,1.0277954430119547,False,False,False
22障126,21.381546870544785,0,69,-0.09635582278237075,False,False,False
23障1,21.379700037702396,0,77,0.1605930379706179,False,False,False
2021障10,21.373143021162967,0,90,0.5781349366942244,False,False,False
30障215,21.372197464502968,0,102,0.9635582278237074,False,False,False
30障213,21.372197464502968,0,87,0.4817791139118537,False,False,False
26障379,21.370557324857284,0,97,0.8029651898530895,False,False,False
20障86,21.36816588373951,1,61,-0.3533046835353594,False,False,False
20障408,21.365961667214656,0,69,-0.09635582278237075,False,False,False
22障262,21.36409323587443,0,68,-0.12847443037649434,False,False,False
2020障36,21.36281775231623,0,77,0.1605930379706179,False,False,False
21障410,21.357616695282474,0,55,-0.5460163291001009,False,False,False
21障409,21.357616695282474,0,118,1.4774559493296846,False,False,False
2022障83,21.356655632718706,0,101,0.9314396202295838,False,False,False
22障404,21.354850441789583,0,54,-0.5781349366942244,False,False,False
2019障62,21.34470367053666,1,107,1.1241512657943253,False,False,False
21障110,21.34093590707243,0,52,-0.6423721518824717,False,False,False
2021障299,21.337079749353606,0,49,-0.7387279746648423,False,False,False
19障444,21.332991647977085,0,67,-0.1605930379706179,False,False,False
2023障279,21.33086450981104,0,67,-0.1605930379706179,False,False,False
2023障278,21.33086450981104,0,89,0.5460163291001009,False,False,False
2020障2,21.319228613894687,0,159,2.7943188606887515,False,False,False
30障390,21.31005782192873,0,39,-1.0599140506060782,False,False,False
2023障255,21.308320678892624,0,86,0.44966050631773014,False,False,False
22障69,21.307299758854437,0,65,-0.22483025315886507,False,False,False
19障285,21.305795570886644,0,80,0.2569488607529887,False,False,False
18障142,21.30448352238519,0,50,-0.7066093670707188,False,False,False
21障256,21.297450037995155,0,79,0.22483025315886507,False,False,False
2021障294,21.286739704902104,0,75,0.09635582278237075,False,False,False
2021障295,21.286739704902104,0,29,-1.381100126547314,False,False,False
20障42,21.282697673796797,0,51,-0.6744907594765952,False,False,False
21障414,21.281268898120352,0,50,-0.7066093670707188,False,False,False
22障405,21.278502644627462,0,78,0.1927116455647415,False,False,False
18障449,21.27778709362999,0,54,-0.5781349366942244,False,False,False
26障347,21.27706718637712,1,62,-0.3211860759412358,False,False,False
18障55,21.27546066284661,0,64,-0.2569488607529887,False,False,False
2020障215,21.25737413543531,0,61,-0.3533046835353594,False,False,False
19障445,21.256643850814964,0,56,-0.5138977215059773,False,False,False
2023障280,21.25451671264892,0,69,-0.09635582278237075,False,False,False
2023障277,21.25451671264892,0,108,1.1562698733884489,False,False,False
23障356,21.251400338456794,0,111,1.2526256961708195,False,False,False
21障22,21.238119107238813,0,34,-1.220507088576696,False,False,False
17障17,21.228819778155266,1,82,0.3211860759412358,False,False,False
29障132,21.222130396912167,1,52,-0.6423721518824717,False,False,False
17障253,21.22067276858488,0,49,-0.7387279746648423,False,False,False
29障1,21.219814962934976,0,76,0.12847443037649434,False,False,False
2019障341,21.21057834393654,0,48,-0.770846582258966,False,False,False
26障378,21.209667913554355,0,85,0.41754189872360653,False,False,False
21障447,21.206122628802067,0,93,0.6744907594765952,False,False,False
20障4,21.2022912993118,0,81,0.2890674683471122,False,False,False
18障454,21.201439296467868,0,77,0.1605930379706179,False,False,False
2019障97,21.193897555726497,0,90,0.5781349366942244,False,False,False
24障3,21.192248133102318,0,18,-1.7344048100826734,False,False,False
25障352,21.184261035619166,0,61,-0.3533046835353594,False,False,False
21障436,21.173652565156058,0,85,0.41754189872360653,False,False,False
24障115,21.171909452167757,0,112,1.2847443037649433,False,False,False
17障117,21.165885337564376,0,73,0.032118607594123584,False,False,False
19障21,21.16548484074706,0,84,0.385423291129483,False,False,False
20障393,21.164855195770194,1,44,-0.8993210126354603,False,False,False
30障86,21.15989729571975,0,51,-0.6744907594765952,False,False,False
25障209,21.157064958528725,0,120,1.541693164517932,False,False,False
28障184,21.157064958528725,0,83,0.3533046835353594,False,False,False
18障495,21.15548079376843,0,83,0.3533046835353594,False,False,False
27障83,21.1509819320618,0,58,-0.44966050631773014,False,False,False
25障211,21.15012661273877,0,168,3.083386329035864,False,False,False
25障316,21.143796314607023,0,117,1.445337341735561,False,False,False
29障369,21.139809273048332,0,44,-0.8993210126354603,False,False,False
29障368,21.139809273048332,0,115,1.381100126547314,False,False,False
22障263,21.137171046739553,0,53,-0.610253544288348,False,False,False
2019障337,21.13423054677442,0,89,0.5460163291001009,False,False,False
19障140,21.129934273278714,0,138,2.1198281012121565,False,False,False
26障86,21.129359034588926,0,107,1.1241512657943253,False,False,False
19障48,21.128181677933576,0,28,-1.4132187341414375,False,False,False
18障483,21.126293027149583,0,58,-0.44966050631773014,False,False,False
2020障75,21.12623890725268,0,73,0.032118607594123584,False,False,False
21障2,21.1175985302175,0,60,-0.385423291129483,False,False,False
2019障40,21.114844335763614,0,59,-0.41754189872360653,False,False,False
23障353,21.10974982139377,0,91,0.610253544288348,False,False,False
23障354,21.10974982139377,0,37,-1.1241512657943253,False,False,False
29障212,21.105674850167937,0,168,3.083386329035864,False,False,False
18障462,21.103165996370084,0,69,-0.09635582278237075,False,False,False
30障382,21.098969503306495,0,38,-1.0920326582002018,False,False,False
27障70,21.095749867452742,0,106,1.0920326582002018,False,False,False
24障117,21.095561655005636,0,104,1.0277954430119547,False,False,False
17障119,21.089537540402254,0,80,0.2569488607529887,False,False,False
21障114,21.08514986921194,0,61,-0.3533046835353594,False,False,False
21障115,21.08514986921194,0,57,-0.4817791139118537,False,False,False
2019障358,21.083933642476378,0,83,0.3533046835353594,False,False,False
17障298,21.07408501250355,1,82,0.3211860759412358,False,False,False
20障247,21.071934475002504,0,47,-0.8029651898530895,False,False,False
18障57,21.07103061529845,0,31,-1.3168629113590669,False,False,False
26障373,21.069692025636847,0,60,-0.385423291129483,False,False,False
26障371,21.069692025636847,0,37,-1.1241512657943253,False,False,False
2020障377,21.0665718983006,0,71,-0.032118607594123584,False,False,False
19障139,21.060524821906547,0,103,0.995676835417831,False,False,False
18障45,21.054392169419515,0,80,0.2569488607529887,False,False,False
20障80,21.036800897556155,1,76,0.12847443037649434,False,False,False
17障412,21.029870531450175,0,61,-0.3533046835353594,False,False,False
28障32,21.026232462567204,0,163,2.9227932910652457,False,False,False
21障426,21.02548286025986,0,83,0.3533046835353594,False,False,False
21障423,21.02548286025986,0,59,-0.41754189872360653,False,False,False
18障49,21.024683114227525,0,72,0.0,False,False,False
2020障27,21.023297362384657,0,94,0.7066093670707188,False,False,False
20障119,21.017147043981996,0,69,-0.09635582278237075,False,False,False
18障463,21.015062709979542,0,94,0.7066093670707188,False,False,False
27障401,21.0149671259476,0,47,-0.8029651898530895,False,False,False
22障289,21.00722870614512,0,20,-1.6701675948944261,False,False,False
22障123,21.006035818556928,0,59,-0.41754189872360653,False,False,False
2021障320,21.002605040265696,0,52,-0.6423721518824717,False,False,False
19障452,21.000857812954468,0,34,-1.220507088576696,False,False,False
20障246,20.999693409311643,0,116,1.4132187341414375,False,False,False
21障254,20.99828678316942,0,87,0.4817791139118537,False,False,False
28障366,20.99648797393494,0,96,0.770846582258966,False,False,False
27障73,20.993272004655807,0,108,1.1562698733884489,False,False,False
27障222,20.98777104885716,0,165,2.987030506253493,False,False,False
17障30,20.98659599553423,0,149,2.4731327847475155,False,False,False
19障291,20.966723390074073,0,95,0.7387279746648423,False,False,False
23障237,20.963918681497404,0,93,0.6744907594765952,False,False,False
26障345,20.963591525308715,0,84,0.385423291129483,False,False,False
20障421,20.957480035029917,0,67,-0.1605930379706179,False,False,False
18障32,20.95318838621773,0,56,-0.5138977215059773,False,False,False
24障400,20.946558926388875,0,127,1.766523417676797,False,False,False
22障413,20.94636880960485,0,64,-0.2569488607529887,False,False,False
30障380,20.946281246603355,0,115,1.381100126547314,False,False,False
25障124,20.931586355791804,0,33,-1.2526256961708195,False,False,False
24障156,20.9193020615032,0,84,0.385423291129483,False,False,False
2021障282,20.918000804807544,0,54,-0.5781349366942244,False,False,False
29障13,20.91587644380822,0,62,-0.3211860759412358,False,False,False
21障33,20.915748296566857,0,85,0.41754189872360653,False,False,False
18障291,20.911518835726977,0,130,1.8628792404591676,False,False,False
21障377,20.907800796888253,0,136,2.0555908860239094,False,False,False
20障442,20.902535419555203,0,83,0.3533046835353594,False,False,False
27障124,20.898374541397242,0,97,0.8029651898530895,False,False,False
22障166,20.87785617154664,0,132,1.9271164556474147,False,False,False
20障27,20.875799259140084,0,90,0.5781349366942244,False,False,False
18障78,20.870383303556725,1,65,-0.22483025315886507,False,False,False
2019障347,20.869682871082183,0,88,0.5138977215059773,False,False,False
17障41,20.8662812418907,0,70,-0.06423721518824717,False,False,False
18障47,20.860853245635298,0,35,-1.1883884809825724,False,False,False
2021障304,20.831743792183044,0,59,-0.41754189872360653,False,False,False
22障24,20.830788739231732,0,110,1.220507088576696,False,False,False
2022障74,20.83062200802965,1,104,1.0277954430119547,False,False,False
22障173,20.82977622505449,0,55,-0.5460163291001009,False,False,False
22障428,20.828680315186833,0,96,0.770846582258966,False,False,False
17障154,20.82723437108644,0,78,0.1927116455647415,False,False,False
30障35,20.82631290198038,0,175,3.3082165821947287,False,False,False
18障39,20.82603092552931,0,50,-0.7066093670707188,False,False,False
28障375,20.823778573820636,0,32,-1.2847443037649433,False,False,False
27障415,20.807180258473316,0,48,-0.770846582258966,False,False,False
25障379,20.80201855979928,0,36,-1.1562698733884489,False,False,False
28障387,20.80201855979928,0,41,-0.995676835417831,False,False,False
28障40,20.79590155833679,0,101,0.9314396202295838,False,False,False
20障165,20.78812890328825,0,57,-0.4817791139118537,False,False,False
21障40,20.780728908352014,1,38,-1.0920326582002018,False,False,False
27障122,20.778432178871718,0,172,3.211860759412358,False,False,False
27障257,20.775862378172743,0,108,1.1562698733884489,False,False,False
19障471,20.76841528140044,0,106,1.0920326582002018,False,False,False
30障377,20.76490785040719,0,30,-1.3489815189531904,False,False,False
25障130,20.763536723035973,0,92,0.6423721518824717,False,False,False
26障377,20.741975575580682,0,120,1.541693164517932,False,False,False
29障260,20.738262271637584,0,41,-0.995676835417831,False,False,False
29障35,20.723161274975663,0,116,1.4132187341414375,False,False,False
26障408,20.715503337620124,0,50,-0.7066093670707188,False,False,False
17障150,20.712292943525274,0,89,0.5460163291001009,False,False,False
20障113,20.710844986392686,0,57,-0.4817791139118537,False,False,False
26障35,20.70938633615764,0,143,2.2804211391827742,False,False,False
2020障34,20.706266208821397,0,57,-0.4817791139118537,False,False,False
25障72,20.70119347282773,0,93,0.6744907594765952,False,False,False
19障466,20.70092084895064,0,50,-0.7066093670707188,False,False,False
27障5,20.6957000033412,0,72,0.0,False,False,False
2020障15,20.67151957316569,0,147,2.4088955695592684,False,False,False
17障46,20.669564841970967,0,71,-0.032118607594123584,False,False,False
2021障196,20.664408181840983,1,155,2.6658444303122573,False,False,False
27障428,20.66077843793088,0,44,-0.8993210126354603,False,False,False
23障80,20.656260653848157,0,103,0.995676835417831,False,False,False
18障44,20.652760299308643,0,85,0.41754189872360653,False,False,False
25障127,20.65006243171715,0,61,-0.3533046835353594,False,False,False
2023障137,20.64957631969905,1,109,1.1883884809825724,False,False,False
2019障224,20.648458526954744,0,89,0.5460163291001009,False,False,False
27障260,20.64730318228824,0,77,0.1605930379706179,False,False,False
2021障302,20.646172393802058,0,170,3.147623544224111,False,False,False
26障399,20.64388406935095,0,50,-0.7066093670707188,False,False,False
17障292,20.637934369589356,0,134,1.991353670835662,False,False,False
27障62,20.63698042318202,0,73,0.032118607594123584,False,False,False
2022障31,20.6237415099646,0,122,1.605930379706179,False,False,False
26障245,20.622404446666454,0,69,-0.09635582278237075,False,False,False
2019障36,20.618781898017023,0,62,-0.3211860759412358,False,False,False
30障77,20.61076604020753,0,53,-0.610253544288348,False,False,False
29障392,20.60917127771241,0,36,-1.1562698733884489,False,False,False
2022障16,20.60793140388309,0,136,2.0555908860239094,False,False,False
17障425,20.60406257516428,0,119,1.5095745569238084,False,False,False
26障45,20.599325455845673,1,58,-0.44966050631773014,False,False,False
21障445,20.594946375081015,0,53,-0.610253544288348,False,False,False
19障115,20.59453253221313,0,48,-0.770846582258966,False,False,False
21障46,20.58882937361853,0,159,2.7943188606887515,False,False,False
22障42,20.58606312012564,0,126,1.7344048100826734,False,False,False
21障156,20.56763205351996,0,76,0.12847443037649434,False,False,False
23障32,20.551174433892573,0,59,-0.41754189872360653,False,False,False
2023障284,20.54135378463671,0,119,1.5095745569238084,False,False,False
18障485,20.54060482170232,0,55,-0.5460163291001009,False,False,False
25障235,20.535607991744563,0,58,-0.44966050631773014,False,False,False
2023障172,20.50806587885279,0,87,0.4817791139118537,False,False,False
25障45,20.507456146002955,0,96,0.770846582258966,False,False,False
30障24,20.499341132165164,0,93,0.6744907594765952,False,False,False
22障97,20.491355034616575,0,76,0.12847443037649434,False,False,False
2023障292,20.48080828684201,0,48,-0.770846582258966,False,False,False
2019障222,20.474913923072307,0,77,0.1605930379706179,False,False,False
22障294,20.465917398506296,0,71,-0.032118607594123584,False,False,False
17障280,20.465651017512254,0,108,1.1562698733884489,False,False,False
2022障152,20.465059159273114,0,99,0.8672024050413367,False,False,False
19障54,20.45900034332236,0,75,0.09635582278237075,False,False,False
24障402,20.45698516521837,0,74,0.06423721518824717,False,False,False
17障40,20.455111457849167,0,73,0.032118607594123584,False,False,False
30障388,20.44497300877037,0,69,-0.09635582278237075,False,False,False
23障65,20.44344318760458,0,99,0.8672024050413367,False,False,False
2023障15,20.435539981673763,0,154,2.6337258227181337,False,False,False
2021障77,20.432036200165918,0,99,0.8672024050413367,False,False,False
2019障320,20.424178444690813,1,112,1.2847443037649433,False,False,False
30障125,20.414990597892796,1,57,-0.4817791139118537,False,False,False
19障333,20.41340363319318,0,58,-0.44966050631773014,False,False,False
18障24,20.399312021840732,0,60,-0.385423291129483,False,False,False
25障1,20.399181912347448,0,162,2.890674683471122,False,False,False
19障432,20.398523750734984,0,121,1.5738117721120555,False,False,False
2021障20,20.391656838810952,0,71,-0.032118607594123584,False,False,False
24障18,20.387546032371443,0,100,0.8993210126354603,False,False,False
2020障26,20.38738370622248,0,87,0.4817791139118537,False,False,False
19障458,20.386242013191755,0,82,0.3211860759412358,False,False,False
17障20,20.38152191776806,0,75,0.09635582278237075,False,False,False
27障385,20.380051952833757,0,64,-0.2569488607529887,False,False,False
18障58,20.37764580779662,0,59,-0.41754189872360653,False,False,False
21障143,20.37411309909756,0,94,0.7066093670707188,False,False,False
29障42,20.36323557132199,0,83,0.3533046835353594,False,False,False
24障45,20.344388634810006,0,119,1.5095745569238084,False,False,False
2019障82,20.33945593379591,0,93,0.6744907594765952,False,False,False
17障285,20.336819982620394,0,46,-0.8350837974472131,False,False,False
29障32,20.33597927444913,0,96,0.770846582258966,False,False,False
23障19,20.335314394898315,0,68,-0.12847443037649434,False,False,False
25障7,20.33217860990608,0,81,0.2890674683471122,False,False,False
2021障19,20.322644542157263,0,94,0.7066093670707188,False,False,False
25障40,20.319910540093783,0,77,0.1605930379706179,False,False,False
17障286,20.316707603437965,0,114,1.3489815189531904,False,False,False
2022障28,20.30304418802378,0,99,0.8672024050413367,False,False,False
20障211,20.292889501431944,0,88,0.5138977215059773,False,False,False
23障377,20.28807345918508,0,55,-0.5460163291001009,False,False,False
2021障150,20.27704278541111,0,94,0.7066093670707188,False,False,False
2020障30,20.273018878569136,0,66,-0.1927116455647415,False,False,False
2020障12,20.269840082738376,0,74,0.06423721518824717,False,False,False
18障102,20.267416761787548,1,46,-0.8350837974472131,False,False,False
2019障79,20.266117082370844,0,69,-0.09635582278237075,False,False,False
25障32,20.26606620936662,0,118,1.4774559493296846,False,False,False
2021障12,20.2627196465906,0,98,0.8350837974472131,False,False,False
27障67,20.2514247251545,0,146,2.376776961965145,False,False,False
29障253,20.246777635444253,0,148,2.441014177153392,False,False,False
18障60,20.245427354043155,0,57,-0.4817791139118537,False,False,False
25障378,20.24233438853326,0,35,-1.1883884809825724,False,False,False
18障27,20.23812648855349,0,107,1.1241512657943253,False,False,False
18障28,20.23812648855349,0,130,1.8628792404591676,False,False,False
25障363,20.229840502796122,0,62,-0.3211860759412358,False,False,False
19障7,20.21577868968275,0,35,-1.1883884809825724,False,False,False
26障250,20.20274016857698,0,67,-0.1605930379706179,False,False,False
2023障9,20.201483935841715,0,78,0.1927116455647415,False,False,False
29障250,20.196509618826344,0,49,-0.7387279746648423,False,False,False
29障4,20.192434815318475,0,61,-0.3533046835353594,False,False,False
17障31,20.190858600932657,0,88,0.5138977215059773,False,False,False
2019障223,20.19010520003308,1,75,0.09635582278237075,False,False,False
25障6,20.18987040744394,0,48,-0.770846582258966,False,False,False
2022障51,20.184872032874864,0,170,3.147623544224111,False,False,False
21障154,20.18030452565224,0,133,1.9592350632415385,False,False,False
2020障17,20.178824532717883,0,88,0.5138977215059773,False,False,False
27障425,20.175835619232068,0,14,-1.8628792404591676,False,False,False
29障24,20.175714110303492,0,152,2.5694886075298866,False,False,False
22障87,20.17455857374659,0,83,0.3533046835353594,False,False,False
30障27,20.163817149890203,0,104,1.0277954430119547,False,False,False
2019障121,20.145692248491404,0,128,1.7986420252709205,False,False,False
17障8,20.142123165867456,0,73,0.032118607594123584,False,False,False
23障116,20.140616596394644,0,142,2.2483025315886507,False,False,False
26障409,20.134257290375995,0,71,-0.032118607594123584,False,False,False
28障226,20.13280535043776,0,46,-0.8350837974472131,False,False,False
2020障392,20.131137163039753,0,50,-0.7066093670707188,False,False,False
2020障16,20.130530523358928,0,143,2.2804211391827742,False,False,False
29障396,20.12802674062536,0,62,-0.3211860759412358,False,False,False
23障117,20.123391869381653,0,96,0.770846582258966,False,False,False
2021障208,20.123367632285245,0,90,0.5781349366942244,False,False,False
28障4,20.11903747068649,0,70,-0.06423721518824717,False,False,False
20障99,20.113894926563283,0,97,0.8029651898530895,False,False,False
26障325,20.112476716040703,0,52,-0.6423721518824717,False,False,False
26障14,20.107836687900406,0,78,0.1927116455647415,False,False,False
30障119,20.10041404068041,1,77,0.1605930379706179,False,False,False
19障337,20.099850004805102,0,81,0.2890674683471122,False,False,False
17障420,20.094435796189323,0,58,-0.44966050631773014,False,False,False
28障2,20.09385327078189,0,86,0.44966050631773014,False,False,False
30障399,20.088447754344703,0,79,0.22483025315886507,False,False,False
30障398,20.088447754344703,0,35,-1.1883884809825724,False,False,False
27障123,20.087206973204253,0,108,1.1562698733884489,False,False,False
19障476,20.085378509076815,0,44,-0.8993210126354603,False,False,False
28障126,20.073477293557016,0,149,2.4731327847475155,False,False,False
2023障16,20.07331697598979,0,84,0.385423291129483,False,False,False
22障445,20.068296073943927,0,91,0.610253544288348,False,False,False
17障4,20.068015193713734,0,55,-0.5460163291001009,False,False,False
17障5,20.068015193713734,0,94,0.7066093670707188,False,False,False
25障46,20.065623393723918,0,54,-0.5781349366942244,False,False,False
30障359,20.065470756212598,0,71,-0.032118607594123584,False,False,False
22障426,20.048891497370587,0,49,-0.7387279746648423,False,False,False
18障318,20.038836227420393,0,77,0.1605930379706179,False,False,False
19障40,20.037204075915877,0,50,-0.7066093670707188,False,False,False
29障128,20.029025530986182,0,46,-0.8350837974472131,False,False,False
24障2,20.0218346783784,0,73,0.032118607594123584,False,False,False
17障2,20.019721184354776,0,56,-0.5138977215059773,False,False,False
28障339,20.016005415067056,0,65,-0.22483025315886507,False,False,False
2023障8,20.015965679518324,0,132,1.9271164556474147,False,False,False
21障446,20.013700327836887,0,35,-1.1883884809825724,False,False,False
21障20,20.01309368815606,0,139,2.15194670880628,False,False,False
22障438,20.010934074343997,0,75,0.09635582278237075,False,False,False
23障241,20.008937429409066,0,37,-1.1241512657943253,False,False,False
24障33,20.006823388617246,0,72,0.0,False,False,False
28障364,20.00564555212804,0,75,0.09635582278237075,False,False,False
30障62,19.993109881089723,0,67,-0.1605930379706179,False,False,False
19障480,19.989075280531498,0,54,-0.5781349366942244,False,False,False
23障33,19.985252875559947,0,106,1.0920326582002018,False,False,False
18障2,19.981558095862535,0,56,-0.5138977215059773,False,False,False
20障296,19.976732119941122,0,40,-1.0277954430119547,False,False,False
22障33,19.976528552091217,0,107,1.1241512657943253,False,False,False
2021障5,19.971840874609388,0,56,-0.5138977215059773,False,False,False
26障242,19.97083464196365,1,66,-0.1927116455647415,False,False,False
2020障29,19.964808760701427,0,121,1.5738117721120555,False,False,False
30障31,19.962934443546082,0,57,-0.4817791139118537,False,False,False
19障2,19.962654678055905,0,140,2.1840653164004036,False,False,False
23障26,19.962627521158783,0,108,1.1562698733884489,False,False,False
2021障317,19.95790537826962,0,48,-0.770846582258966,False,False,False
17障55,19.94270457826118,0,71,-0.032118607594123584,False,False,False
17障57,19.94270457826118,0,64,-0.2569488607529887,False,False,False
18障480,19.933870726184402,0,33,-1.2526256961708195,False,False,False
2023障6,19.93350816960518,0,133,1.9592350632415385,False,False,False
30障135,19.920037093333356,0,45,-0.8672024050413367,False,False,False
2019障190,19.91885305308416,0,173,3.2439793670064816,False,False,False
25障128,19.910495318009737,0,119,1.5095745569238084,False,False,False
20障166,19.905819363116898,0,66,-0.1927116455647415,False,False,False
28障370,19.903118677738853,0,64,-0.2569488607529887,False,False,False
2022障23,19.90311175487037,0,92,0.6423721518824717,False,False,False
19障181,19.89007407089232,0,35,-1.1883884809825724,False,False,False
25障78,19.888817078002546,0,144,2.3125397467768978,False,False,False
25障67,19.88411787885573,0,142,2.2483025315886507,False,False,False
2021障11,19.879249387311575,0,124,1.6701675948944261,False,False,False
30障385,19.874663011810785,0,47,-0.8029651898530895,False,False,False
24障58,19.872380895702438,0,79,0.22483025315886507,False,False,False
24障410,19.86491515423743,0,59,-0.41754189872360653,False,False,False
2023障256,19.863445634433194,0,91,0.610253544288348,False,False,False
20障432,19.86048784180728,0,111,1.2526256961708195,False,False,False
24障266,19.860154424227574,0,117,1.445337341735561,False,False,False
2022障146,19.855735786360768,0,81,0.2890674683471122,False,False,False
28障349,19.855168447190113,1,60,-0.385423291129483,False,False,False
22障49,19.8539610294483,0,121,1.5738117721120555,False,False,False
25障234,19.853306559413912,0,96,0.770846582258966,False,False,False
30障402,19.852902997789425,0,39,-1.0599140506060782,False,False,False
30障403,19.852902997789425,0,54,-0.5781349366942244,False,False,False
24障348,19.85163903838435,0,50,-0.7066093670707188,False,False,False
26障407,19.850418524461762,0,36,-1.1562698733884489,False,False,False
29障388,19.844259975037915,0,84,0.385423291129483,False,False,False
20障443,19.834509762400153,0,44,-0.8993210126354603,False,False,False
27障258,19.83279171245292,0,113,1.3168629113590669,False,False,False
17障32,19.830917200567253,0,104,1.0277954430119547,False,False,False
24障396,19.82991436004084,0,167,3.0512677214417403,False,False,False
20障436,19.82784754617932,0,119,1.5095745569238084,False,False,False
2023障95,19.82230167920008,0,111,1.2526256961708195,False,False,False
26障21,19.80935810657331,0,91,0.610253544288348,False,False,False
28障10,19.80482368418888,0,71,-0.032118607594123584,False,False,False
24障21,19.80009861742583,0,97,0.8029651898530895,False,False,False
25障16,19.79976688097741,0,81,0.2890674683471122,False,False,False
19障183,19.796501546717206,0,65,-0.22483025315886507,False,False,False
30障79,19.79270122396756,0,57,-0.4817791139118537,False,False,False
22障448,19.79128348649444,0,58,-0.44966050631773014,False,False,False
20障280,19.780627031920382,0,52,-0.6423721518824717,False,False,False
29障20,19.780328174644165,0,99,0.8672024050413367,False,False,False
18障446,19.776729252287307,0,44,-0.8993210126354603,False,False,False
19障335,19.775619630919735,0,118,1.4774559493296846,False,False,False
24障36,19.775460406731305,0,108,1.1562698733884489,False,False,False
19障240,19.77221627584924,0,57,-0.4817791139118537,False,False,False
30障354,19.757134309689857,0,100,0.8993210126354603,False,False,False
2020障112,19.756998221359357,0,109,1.1883884809825724,False,False,False
29障65,19.752654739295266,0,138,2.1198281012121565,False,False,False
21障43,19.748296596031505,0,83,0.3533046835353594,False,False,False
22障432,19.74501429720534,0,46,-0.8350837974472131,False,False,False
22障430,19.74501429720534,0,63,-0.2890674683471122,False,False,False
2019障68,19.743381102509936,0,62,-0.3211860759412358,False,False,False
2019障69,19.743381102509936,0,108,1.1562698733884489,False,False,False
20障2,19.742524335497322,0,73,0.032118607594123584,False,False,False
17障427,19.741259579229713,0,70,-0.06423721518824717,False,False,False
18障316,19.739672972594654,0,94,0.7066093670707188,False,False,False
25障360,19.733587844396112,0,86,0.44966050631773014,False,False,False
2019障34,19.732336371894807,0,74,0.06423721518824717,False,False,False
21障444,19.729861561922654,0,86,0.44966050631773014,False,False,False
24障22,19.72774828857392,0,68,-0.12847443037649434,False,False,False
26障70,19.727164877270383,0,167,3.0512677214417403,False,False,False
20障451,19.726046914757386,0,59,-0.41754189872360653,False,False,False
22障90,19.722573450003534,0,128,1.7986420252709205,False,False,False
17障24,19.721142282768966,0,88,0.5138977215059773,False,False,False
2021障111,19.720542391356666,0,137,2.087709493618033,False,False,False
17障157,19.720296854508934,0,106,1.0920326582002018,False,False,False
17障89,19.71906379485923,0,109,1.1883884809825724,False,False,False
28障338,19.71684216024132,0,41,-0.995676835417831,False,False,False
28障354,19.71617377447336,0,22,-1.605930379706179,False,False,False
22障171,19.71528702532052,0,51,-0.6744907594765952,False,False,False
30障23,19.715154240924345,0,92,0.6423721518824717,False,False,False
30障190,19.715022315288824,0,59,-0.41754189872360653,False,False,False
22障450,19.714935689332318,0,114,1.3489815189531904,False,False,False
23障366,19.710561849281696,0,88,0.5138977215059773,False,False,False
19障326,19.70621017954757,0,44,-0.8993210126354603,False,False,False
19障479,19.705236514617265,0,39,-1.0599140506060782,False,False,False
17障243,19.698991947687226,1,68,-0.12847443037649434,False,False,False
27障31,19.69536945685381,0,121,1.5738117721120555,False,False,False
22障44,19.693053874516178,0,83,0.3533046835353594,False,False,False
27障259,19.690546083056255,0,61,-0.3533046835353594,False,False,False
23障67,19.687899868484873,0,58,-0.44966050631773014,False,False,False
17障37,19.686329873236126,0,69,-0.09635582278237075,False,False,False
18障121,19.686133414993623,0,84,0.385423291129483,False,False,False
27障266,19.68401264974235,0,55,-0.5460163291001009,False,False,False
19障36,19.664075776470096,0,99,0.8672024050413367,False,False,False
30障133,19.663433452926416,0,99,0.8672024050413367,False,False,False
2020障108,19.656624901412716,0,61,-0.3533046835353594,False,False,False
23障240,19.650651104434203,0,141,2.216183923994527,False,False,False
2020障33,19.650418784844618,0,99,0.8672024050413367,False,False,False
2021障301,19.649164700558153,0,105,1.0599140506060782,False,False,False
20障20,19.64875178634871,0,93,0.6744907594765952,False,False,False
24障85,19.645045201789074,0,32,-1.2847443037649433,False,False,False
28障76,19.64093972564098,1,108,1.1562698733884489,False,False,False
2022障219,19.639103864593277,1,92,0.6423721518824717,False,False,False
2019障14,19.63670360627558,0,119,1.5095745569238084,False,False,False
21障1,19.635911840596847,0,116,1.4132187341414375,False,False,False
30障226,19.635414092449196,0,79,0.22483025315886507,False,False,False
24障10,19.63423973442365,0,59,-0.41754189872360653,False,False,False
27障19,19.632670372305252,0,134,1.991353670835662,False,False,False
30障134,19.631537418335128,0,103,0.995676835417831,False,False,False
23障238,19.62838306787325,0,61,-0.3533046835353594,False,False,False
17障105,19.621881049038493,0,75,0.09635582278237075,False,False,False
19障5,19.61128679329146,0,50,-0.7066093670707188,False,False,False
2023障20,19.61030927608749,0,133,1.9592350632415385,False,False,False
22障375,19.60967948102869,0,59,-0.41754189872360653,False,False,False
19障42,19.60491234669856,0,59,-0.41754189872360653,False,False,False
19障328,19.593555539587097,0,79,0.22483025315886507,False,False,False
2019障10,19.589655754116436,0,74,0.06423721518824717,False,False,False
28障228,19.583511801596572,0,27,-1.445337341735561,False,False,False
23障239,19.581241653062037,0,77,0.1605930379706179,False,False,False
2019障319,19.579800294406944,0,75,0.09635582278237075,False,False,False
2022障52,19.57855188051612,0,82,0.3211860759412358,False,False,False
27障267,19.57757706607676,0,119,1.5095745569238084,False,False,False
26障11,19.573411242337823,0,96,0.770846582258966,False,False,False
2020障9,19.57029111500158,0,92,0.6423721518824717,False,False,False
20障394,19.566408956814193,0,79,0.22483025315886507,False,False,False
20障403,19.565740571046234,0,76,0.12847443037649434,False,False,False
2021障203,19.552722515167126,0,72,0.0,False,False,False
20障164,19.54753303814203,0,63,-0.2890674683471122,False,False,False
27障394,19.546879864801795,0,96,0.770846582258966,False,False,False
23障357,19.542953237542456,0,38,-1.0920326582002018,False,False,False
24障17,19.539613862754532,0,97,0.8029651898530895,False,False,False
29障389,19.53885933314557,0,49,-0.7387279746648423,False,False,False
2022障149,19.538846122067213,0,155,2.6658444303122573,False,False,False
25障77,19.535995703379804,0,146,2.376776961965145,False,False,False
23障364,19.534645646966236,0,38,-1.0920326582002018,False,False,False
21障146,19.531677491426866,0,70,-0.06423721518824717,False,False,False
2020障345,19.525641346692666,0,94,0.7066093670707188,False,False,False
27障7,19.51868634264858,0,56,-0.5138977215059773,False,False,False
2021障312,19.515670189414642,0,48,-0.770846582258966,False,False,False
24障260,19.514831241391303,0,111,1.2526256961708195,False,False,False
28障374,19.51320068562089,0,95,0.7387279746648423,False,False,False
27障380,19.51262193364641,0,119,1.5095745569238084,False,False,False
2020障340,19.512141645933127,0,111,1.2526256961708195,False,False,False
17障423,19.51150577577614,0,126,1.7344048100826734,False,False,False
28障382,19.50949474867702,0,86,0.44966050631773014,False,False,False
29障344,19.509031223518736,0,55,-0.5460163291001009,False,False,False
20障28,19.507291850791347,0,61,-0.3533046835353594,False,False,False
24障1,19.496932570933268,0,44,-0.8993210126354603,False,False,False
24障275,19.494964094445617,0,51,-0.6744907594765952,False,False,False
23障20,19.491232659207284,0,71,-0.032118607594123584,False,False,False
17障291,19.48871828416489,0,85,0.41754189872360653,False,False,False
22障388,19.478949934227003,0,60,-0.385423291129483,False,False,False
2023障293,19.47889707240603,0,142,2.2483025315886507,False,False,False
17障284,19.471735169462033,0,50,-0.7066093670707188,False,False,False
26障391,19.471273535856824,0,37,-1.1241512657943253,False,False,False
25障117,19.469792666975035,0,71,-0.032118607594123584,False,False,False
19障295,19.469304344027623,0,66,-0.1927116455647415,False,False,False
17障21,19.4680328262636,0,100,0.8993210126354603,False,False,False
29障395,19.465042986106187,0,48,-0.770846582258966,False,False,False
25障380,19.46148552949066,0,54,-0.5781349366942244,False,False,False
28障46,19.461131497332623,0,150,2.505251392341639,False,False,False
2021障17,19.457559728998902,0,66,-0.1927116455647415,False,False,False
2023障302,19.45399716422971,0,85,0.41754189872360653,False,False,False
2023障18,19.453390524548883,0,121,1.5738117721120555,False,False,False
24障35,19.443327631458118,0,61,-0.3533046835353594,False,False,False
20障10,19.441600203261196,0,70,-0.06423721518824717,False,False,False
2021障201,19.44092874829499,0,90,0.5781349366942244,False,False,False
23障248,19.43913563411334,0,40,-1.0277954430119547,False,False,False
24障407,19.437476156273533,0,102,0.9635582278237074,False,False,False
2021障31,19.43493880998207,0,74,0.06423721518824717,False,False,False
30障218,19.432993943927436,0,147,2.4088955695592684,False,False,False
30障21,19.431315475010113,0,107,1.1241512657943253,False,False,False
30障22,19.431315475010113,0,87,0.4817791139118537,False,False,False
19障464,19.430498228737537,0,58,-0.44966050631773014,False,False,False
22障295,19.429391745275367,0,118,1.4774559493296846,False,False,False
21障160,19.42516350916406,0,73,0.032118607594123584,False,False,False
21障293,19.424733626237266,0,148,2.441014177153392,False,False,False
25障19,19.424093356369657,0,64,-0.2569488607529887,False,False,False
2023障289,19.41837751268948,0,147,2.4088955695592684,False,False,False
27障426,19.416548636167576,0,100,0.8993210126354603,False,False,False
21障98,19.407519226135907,0,87,0.4817791139118537,False,False,False
21障29,19.404862057861255,0,121,1.5738117721120555,False,False,False
18障405,19.39612714557798,0,80,0.2569488607529887,False,False,False
2019障76,19.390559727887194,0,124,1.6701675948944261,False,False,False
19障90,19.388320980156056,0,80,0.2569488607529887,False,False,False
30障246,19.38393950650051,0,62,-0.3211860759412358,False,False,False
26障32,19.375229567396072,0,87,0.4817791139118537,False,False,False
2020障25,19.374355242552813,0,89,0.5460163291001009,False,False,False
23障18,19.373926353194637,0,74,0.06423721518824717,False,False,False
2022障227,19.370077374758296,0,22,-1.605930379706179,False,False,False
21障21,19.361618409555668,0,87,0.4817791139118537,False,False,False
2020障332,19.361479080538636,0,82,0.3211860759412358,False,False,False
23障12,19.359068117075612,0,60,-0.385423291129483,False,False,False
20障456,19.359061545249894,0,104,1.0277954430119547,False,False,False
2022障7,19.358928474369833,0,73,0.032118607594123584,False,False,False
22障26,19.35380179500941,0,59,-0.41754189872360653,False,False,False
21障457,19.350716573317715,0,84,0.385423291129483,False,False,False
21障458,19.350716573317715,0,147,2.4088955695592684,False,False,False
19障185,19.349219631619324,0,97,0.8029651898530895,False,False,False
22障459,19.347950319824825,0,37,-1.1241512657943253,False,False,False
2023障21,19.335962771250337,0,100,0.8993210126354603,False,False,False
28障384,19.332293598214157,0,41,-0.995676835417831,False,False,False
21障155,19.331552832852093,0,67,-0.1605930379706179,False,False,False
28障70,19.329838852439238,0,62,-0.3211860759412358,False,False,False
25障17,19.328982306748603,0,159,2.7943188606887515,False,False,False
20障384,19.321627451628025,0,48,-0.770846582258966,False,False,False
27障430,19.32024540762226,0,132,1.9271164556474147,False,False,False
30障391,19.319666169731658,0,38,-1.0920326582002018,False,False,False
2019障41,19.316543971130308,0,81,0.2890674683471122,False,False,False
27障34,19.31534883980525,0,158,2.762200253094628,False,False,False
24障57,19.312765107767014,0,121,1.5738117721120555,False,False,False
25障372,19.307393690037834,0,23,-1.5738117721120555,False,False,False
2019障16,19.307290395879615,0,55,-0.5460163291001009,False,False,False
28障22,19.30678705035701,0,71,-0.032118607594123584,False,False,False
20障434,19.303785094397597,0,100,0.8993210126354603,False,False,False
2021障207,19.302537367960234,1,67,-0.1605930379706179,False,False,False
22障465,19.299941100638463,0,75,0.09635582278237075,False,False,False
17障104,19.295792736612817,0,79,0.22483025315886507,False,False,False
29障17,19.29548627085351,0,77,0.1605930379706179,False,False,False
21障291,19.291465670524882,0,66,-0.1927116455647415,False,False,False
23障381,19.290904122148874,0,72,0.0,False,False,False
2019障220,19.288397818527258,0,43,-0.9314396202295838,False,False,False
21障51,19.287383289074388,0,81,0.2890674683471122,False,False,False
30障30,19.286860416945984,0,77,0.1605930379706179,False,False,False
2020障5,19.28344425412914,0,74,0.06423721518824717,False,False,False
2023障252,19.281524088983474,0,77,0.1605930379706179,False,False,False
19障233,19.279177604854404,0,49,-0.7387279746648423,False,False,False
17障279,19.275501604859713,0,161,2.8585560758769986,False,False,False
24障43,19.2732699752371,1,104,1.0277954430119547,False,False,False
27障419,19.272906835306735,0,94,0.7066093670707188,False,False,False
28障383,19.271774038497608,0,47,-0.8029651898530895,False,False,False
2019障122,19.27145722429601,0,89,0.5460163291001009,False,False,False
2023障14,19.268633251634462,0,120,1.541693164517932,False,False,False
2023障13,19.268633251634462,0,121,1.5738117721120555,False,False,False
24障14,19.267919441020855,0,85,0.41754189872360653,False,False,False
19障129,19.26678001811711,0,50,-0.7066093670707188,False,False,False
2023障53,19.265719502210654,0,79,0.22483025315886507,False,False,False
20障460,19.262758316704577,0,17,-1.766523417676797,False,False,False
2020障114,19.258845812863907,0,133,1.9592350632415385,False,False,False
21障462,19.2544133447724,0,71,-0.032118607594123584,False,False,False
30障10,19.244951557897114,0,73,0.032118607594123584,False,False,False
21障441,19.24491874322384,0,53,-0.610253544288348,False,False,False
21障442,19.24491874322384,0,67,-0.1605930379706179,False,False,False
2021障85,19.244384040863945,0,59,-0.41754189872360653,False,False,False
17障218,19.240537291652032,0,60,-0.385423291129483,False,False,False
28障365,19.238390399414374,0,45,-0.8672024050413367,False,False,False
2020障238,19.237649089683888,0,126,1.7344048100826734,False,False,False
22障258,19.234385109695655,0,82,0.3211860759412358,False,False,False
26障404,19.233552825677407,0,43,-0.9314396202295838,False,False,False
29障244,19.232744752133627,0,161,2.8585560758769986,False,False,False
30障378,19.230707447725003,0,82,0.3211860759412358,False,False,False
2023障68,19.23036994781251,0,99,0.8672024050413367,False,False,False
19障496,19.229788297467007,0,64,-0.2569488607529887,False,False,False
18障322,19.227597718572135,0,63,-0.2890674683471122,False,False,False
30障394,19.22336294118634,0,33,-1.2526256961708195,False,False,False
19障474,19.220293695918453,0,118,1.4774559493296846,False,False,False
25障53,19.212055816782854,0,71,-0.032118607594123584,False,False,False
25障54,19.212055816782854,0,88,0.5138977215059773,False,False,False
24障375,19.20945650617178,0,54,-0.5781349366942244,False,False,False
23障89,19.20904467441864,0,55,-0.5460163291001009,False,False,False
23障365,19.20770004180731,0,103,0.995676835417831,False,False,False
2022障6,19.20531306276246,0,97,0.8029651898530895,False,False,False
18障64,19.204736767549676,0,83,0.3533046835353594,False,False,False
17障3,19.202930380555372,0,56,-0.5138977215059773,False,False,False
27障408,19.1996590489532,0,105,1.0599140506060782,False,False,False
17障153,19.19783491708273,0,153,2.60160721512401,False,False,False
22障443,19.19414327054459,0,52,-0.6423721518824717,False,False,False
27障381,19.193936649796353,0,75,0.09635582278237075,False,False,False
28障127,19.191167753385663,0,65,-0.22483025315886507,False,False,False
2021障306,19.19022177147121,0,72,0.0,False,False,False
29障379,19.18938851208812,0,160,2.826437468282875,False,False,False
29障380,19.18938851208812,0,120,1.541693164517932,False,False,False
27障4,19.18842902035243,0,93,0.6744907594765952,False,False,False
28障225,19.185732713047763,0,63,-0.2890674683471122,False,False,False
20障458,19.18186039478703,0,41,-0.995676835417831,False,False,False
2022障25,19.180405772068877,0,113,1.3168629113590669,False,False,False
28障222,19.178173994541833,0,176,3.3403351897888522,False,False,False
18障220,19.171725106827445,0,59,-0.41754189872360653,False,False,False
19障4,19.171677837051266,0,53,-0.610253544288348,False,False,False
25障325,19.163934275927197,0,55,-0.5460163291001009,False,False,False
20障441,19.156960486610707,0,87,0.4817791139118537,False,False,False
19障78,19.153639468614344,0,45,-0.8672024050413367,False,False,False
2020障118,19.14982641322922,0,78,0.1927116455647415,False,False,False
21障443,19.148615514678525,0,88,0.5138977215059773,False,False,False
22障436,19.145849261185635,0,38,-1.0920326582002018,False,False,False
22障437,19.145849261185635,0,67,-0.1605930379706179,False,False,False
28障93,19.141905371581007,0,142,2.2483025315886507,False,False,False
25障96,19.141905371581007,0,42,-0.9635582278237074,False,False,False
27障10,19.13973296569384,0,141,2.216183923994527,False,False,False
27障424,19.13270987025334,0,36,-1.1562698733884489,False,False,False
18障112,19.125634642558026,0,70,-0.06423721518824717,False,False,False
17障69,19.1120233322334,0,129,1.830760632865044,False,False,False
25障4,19.11167650362893,0,52,-0.6423721518824717,False,False,False
28障3,19.11167650362893,0,43,-0.9314396202295838,False,False,False
30障251,19.111179416301983,0,72,0.0,False,False,False
22障433,19.11022960964541,0,29,-1.381100126547314,False,False,False
25障63,19.106974956756996,0,82,0.3211860759412358,False,False,False
26障59,19.10383560723371,0,98,0.8350837974472131,False,False,False
2019障226,19.103726233995978,0,69,-0.09635582278237075,False,False,False
2019障4,19.100053076401004,0,62,-0.3211860759412358,False,False,False
24障38,19.099741352248582,0,83,0.3533046835353594,False,False,False
23障204,19.094590234446052,0,157,2.7300816455005044,False,False,False
30障401,19.091440061100798,0,51,-0.6744907594765952,False,False,False
26障406,19.09113154139727,0,52,-0.6423721518824717,False,False,False
24障8,19.087667130411806,0,40,-1.0277954430119547,False,False,False
26障29,19.086551803513107,0,43,-0.9314396202295838,False,False,False
2019障308,19.084890125946853,0,68,-0.12847443037649434,False,False,False
2021障300,19.083960834953462,0,114,1.3489815189531904,False,False,False
2020障155,19.08264343246207,0,82,0.3211860759412358,False,False,False
27障429,19.082524697442846,0,47,-0.8029651898530895,False,False,False
24障265,19.07906199865496,0,48,-0.770846582258966,False,False,False
29障10,19.07757801487175,0,124,1.6701675948944261,False,False,False
23障303,19.076669635483558,0,60,-0.385423291129483,False,False,False
28障112,19.074964397301635,0,111,1.2526256961708195,False,False,False
18障476,19.06878591302604,0,70,-0.06423721518824717,False,False,False
18障479,19.06878591302604,0,41,-0.995676835417831,False,False,False
2023障5,19.060454234490887,0,94,0.7066093670707188,False,False,False
29障75,19.05932320994689,0,92,0.6423721518824717,False,False,False
23障27,19.04953348881406,0,66,-0.1927116455647415,False,False,False
18障15,19.042767355850085,0,57,-0.4817791139118537,False,False,False
30障3,19.037999028591095,0,97,0.8029651898530895,False,False,False
18障475,19.033166261485814,0,72,0.0,False,False,False
20障462,19.0272135601493,0,48,-0.770846582258966,False,False,False
19障33,19.026614359631353,0,97,0.8029651898530895,False,False,False
30障126,19.025178870690553,0,117,1.445337341735561,False,False,False
23障7,19.023407475819358,0,65,-0.22483025315886507,False,False,False
2020障3,19.022041154113534,0,73,0.032118607594123584,False,False,False
2020障22,19.019944913965837,0,101,0.9314396202295838,False,False,False
29障2,19.018930731699143,0,54,-0.5781349366942244,False,False,False
2020障335,19.017231477473036,0,104,1.0277954430119547,False,False,False
28障74,19.01626866925595,0,55,-0.5460163291001009,False,False,False
23障324,19.015304087903328,0,52,-0.6423721518824717,False,False,False
22障439,19.01392638110009,0,28,-1.4132187341414375,False,False,False
21障6,19.01185138430385,0,107,1.1241512657943253,False,False,False
19障330,19.01180694248878,0,50,-0.7066093670707188,False,False,False
2019障28,19.008711494293806,0,112,1.2847443037649433,False,False,False
27障209,19.00716053242351,0,63,-0.2890674683471122,False,False,False
29障78,19.00560163706375,0,35,-1.1883884809825724,False,False,False
24障268,19.00469472100959,0,93,0.6744907594765952,False,False,False
19障331,19.00232949038307,0,84,0.385423291129483,False,False,False
22障3,18.998141293963098,0,48,-0.770846582258966,False,False,False
2022障145,18.990650973202406,0,91,0.610253544288348,False,False,False
2022障144,18.990650973202406,0,113,1.3168629113590669,False,False,False
20障33,18.99063208427238,0,92,0.6423721518824717,False,False,False
2022障8,18.99041105306598,0,110,1.220507088576696,False,False,False
2020障216,18.98610959145198,0,46,-0.8350837974472131,False,False,False
29障215,18.98299916903759,0,58,-0.44966050631773014,False,False,False
25障342,18.98231184374953,0,46,-0.8350837974472131,False,False,False
28障353,18.98231184374953,0,26,-1.4774559493296846,False,False,False
21障17,18.97744615258815,0,93,0.6744907594765952,False,False,False
28障13,18.976847767598088,0,138,2.1198281012121565,False,False,False
2023障167,18.975136010521883,1,104,1.0277954430119547,False,False,False
29障18,18.968882916709767,0,90,0.5781349366942244,False,False,False
2021障2,18.96832021039559,0,120,1.541693164517932,False,False,False
18障289,18.968073890278294,0,77,0.1605930379706179,False,False,False
19障146,18.958502148916313,0,46,-0.8350837974472131,False,False,False
21障263,18.958291470731716,0,91,0.610253544288348,False,False,False
24障272,18.957751715506433,0,81,0.2890674683471122,False,False,False
30障392,18.957443164047685,0,57,-0.4817791139118537,False,False,False
17障258,18.949408224601555,0,109,1.1883884809825724,False,False,False
2019障103,18.947564852440234,0,136,2.0555908860239094,False,False,False
19障168,18.939751273588833,0,37,-1.1241512657943253,False,False,False
2020障244,18.937854681790547,0,115,1.381100126547314,False,False,False
18障482,18.936863032940497,0,83,0.3533046835353594,False,False,False
29障209,18.924429670914968,0,83,0.3533046835353594,False,False,False
25障85,18.92185031987663,0,17,-1.766523417676797,False,False,False
2023障23,18.920113738946633,0,105,1.0599140506060782,False,False,False
21障290,18.91595461853702,0,76,0.12847443037649434,False,False,False
22障31,18.91493457812215,0,67,-0.1605930379706179,False,False,False
2020障6,18.914926832825287,0,109,1.1883884809825724,False,False,False
27障24,18.912233455156883,0,87,0.4817791139118537,False,False,False
28障5,18.90797416362277,0,56,-0.5138977215059773,False,False,False
27障268,18.907419403741514,0,143,2.2804211391827742,False,False,False
21障3,18.90460431891067,0,53,-0.610253544288348,False,False,False
19障469,18.903514770327764,0,61,-0.3533046835353594,False,False,False
26障319,18.899341432117676,0,35,-1.1883884809825724,False,False,False
29障382,18.89926760463005,0,129,1.830760632865044,False,False,False
2021障7,18.897597176958236,0,100,0.8993210126354603,False,False,False
20障199,18.89720377202927,0,60,-0.385423291129483,False,False,False
26障321,18.89496132266361,0,35,-1.1883884809825724,False,False,False
2019障2,18.892158849430025,0,100,0.8993210126354603,False,False,False
30障66,18.891814237245203,0,53,-0.610253544288348,False,False,False
26障73,18.889614554090137,0,42,-0.9635582278237074,False,False,False
22障30,18.88864941500446,0,57,-0.4817791139118537,False,False,False
2021障65,18.886991210729565,0,59,-0.41754189872360653,False,False,False
19障112,18.88598309666486,0,96,0.770846582258966,False,False,False
29障354,18.88537407000896,0,75,0.09635582278237075,False,False,False
19障45,18.880174232641686,0,134,1.991353670835662,False,False,False
28障221,18.879010739716094,0,62,-0.3211860759412358,False,False,False
22障45,18.876263070716774,0,58,-0.44966050631773014,False,False,False
18障180,18.87621217921175,0,68,-0.12847443037649434,False,False,False
28障341,18.86477102110146,0,71,-0.032118607594123584,False,False,False
27障2,18.863322060472285,0,129,1.830760632865044,False,False,False
18障97,18.8577035999177,0,75,0.09635582278237075,False,False,False
24障15,18.85653516583564,0,78,0.1927116455647415,False,False,False
2019障90,18.855443897507595,0,56,-0.5138977215059773,False,False,False
29障39,18.851099281564505,0,107,1.1241512657943253,False,False,False
23障76,18.844625215416208,0,91,0.610253544288348,False,False,False
19障304,18.84404770894373,0,45,-0.8672024050413367,False,False,False
30障252,18.842428328624198,0,98,0.8350837974472131,False,False,False
26障348,18.842135854121768,0,105,1.0599140506060782,False,False,False
22障16,18.839913979939258,0,87,0.4817791139118537,False,False,False
30障254,18.836747762940828,0,82,0.3211860759412358,False,False,False
24障374,18.833945454183922,0,102,0.9635582278237074,False,False,False
23障88,18.833533622430778,0,162,2.890674683471122,False,False,False
23障44,18.83288379460191,0,51,-0.6744907594765952,False,False,False
20障21,18.831960982549305,0,107,1.1241512657943253,False,False,False
20障22,18.831960982549305,0,76,0.12847443037649434,False,False,False
2021障198,18.828511579905566,0,79,0.22483025315886507,False,False,False
20障3,18.826414564170964,0,61,-0.3533046835353594,False,False,False
22障27,18.820849757124236,0,99,0.8672024050413367,False,False,False
19障473,18.81866182580758,0,137,2.087709493618033,False,False,False
19障336,18.81696229358626,0,44,-0.8993210126354603,False,False,False
17障29,18.81090076259856,0,70,-0.06423721518824717,False,False,False
26障97,18.804520903935074,0,105,1.0599140506060782,False,False,False
26障98,18.804520903935074,0,30,-1.3489815189531904,False,False,False
2022障84,18.80415420249439,0,22,-1.605930379706179,False,False,False
19障35,18.798990963311734,0,69,-0.09635582278237075,False,False,False
23障202,18.795426979620316,0,177,3.372453797382976,False,False,False
22障8,18.79472374412953,0,84,0.385423291129483,False,False,False
19障8,18.79344454493339,0,82,0.3211860759412358,False,False,False
24障356,18.792752428697973,0,83,0.3533046835353594,False,False,False
2023障295,18.79101340971053,0,56,-0.5138977215059773,False,False,False
2019障318,18.781514256195262,0,53,-0.610253544288348,False,False,False
26障246,18.78147790034542,0,71,-0.032118607594123584,False,False,False
19障114,18.77920732679425,0,101,0.9314396202295838,False,False,False
25障323,18.77824567085287,0,67,-0.1605930379706179,False,False,False
24障112,18.778161405984562,0,51,-0.6744907594765952,False,False,False
2019障9,18.772864950317032,0,79,0.22483025315886507,False,False,False
2019障11,18.772864950317032,0,62,-0.3211860759412358,False,False,False
18障1,18.768424619659168,0,48,-0.770846582258966,False,False,False
2021障199,18.763119559276216,0,87,0.4817791139118537,False,False,False
27障416,18.762740439549734,0,138,2.1198281012121565,False,False,False
2023障89,18.76203554211507,0,110,1.220507088576696,False,False,False
30障95,18.758711367903782,0,87,0.4817791139118537,False,False,False
19障109,18.756517649429135,0,46,-0.8350837974472131,False,False,False
28障12,18.74654764199966,0,142,2.2483025315886507,False,False,False
19障123,18.744432544245637,0,117,1.445337341735561,False,False,False
20障169,18.743364165576743,0,84,0.385423291129483,False,False,False
20障438,18.74169805085988,0,57,-0.4817791139118537,False,False,False
18障334,18.74130570636849,0,52,-0.6423721518824717,False,False,False
2019障33,18.740573309607747,0,128,1.7986420252709205,False,False,False
24障46,18.735134487240988,0,102,0.9635582278237074,False,False,False
24障353,18.734608164192224,0,84,0.385423291129483,False,False,False
24障352,18.734608164192224,0,63,-0.2890674683471122,False,False,False
2023障39,18.733702971662964,0,96,0.770846582258966,False,False,False
30障2,18.733516782902203,0,69,-0.09635582278237075,False,False,False
30障1,18.733516782902203,0,52,-0.6423721518824717,False,False,False
26障99,18.728173106772953,0,51,-0.6744907594765952,False,False,False
30障248,18.71863219370248,0,63,-0.2890674683471122,False,False,False
2022障22,18.717373811234946,0,22,-1.605930379706179,False,False,False
2019障32,18.716569751808624,0,84,0.385423291129483,False,False,False
20障8,18.715408337685528,0,75,0.09635582278237075,False,False,False
20障395,18.714337817674334,0,93,0.6744907594765952,False,False,False
2022障14,18.70691426498422,0,85,0.41754189872360653,False,False,False
2023障24,18.70634089075962,0,122,1.605930379706179,False,False,False
29障19,18.702095879428825,0,139,2.15194670880628,False,False,False
25障324,18.701897873690747,0,103,0.995676835417831,False,False,False
17障44,18.700623385649468,0,69,-0.09635582278237075,False,False,False
30障81,18.699602275319712,0,41,-0.995676835417831,False,False,False
22障23,18.69898724280414,0,80,0.2569488607529887,False,False,False
2021障305,18.698879385615232,0,120,1.541693164517932,False,False,False
28障11,18.698253632640704,0,49,-0.7387279746648423,False,False,False
2022障254,18.69815152780269,0,75,0.09635582278237075,False,False,False
2022障250,18.69815152780269,0,90,0.5781349366942244,False,False,False
30障82,18.69708662115237,0,132,1.9271164556474147,False,False,False
2023障299,18.694710181165213,0,83,0.3533046835353594,False,False,False
30障365,18.694048447499604,0,83,0.3533046835353594,False,False,False
21障108,18.691401823028745,0,65,-0.22483025315886507,False,False,False
20障105,18.684405739459873,0,69,-0.09635582278237075,False,False,False
26障129,18.682820921038807,0,61,-0.3533046835353594,False,False,False
23障103,18.682571370760822,0,112,1.2847443037649433,False,False,False
2022障4,18.682366440665696,0,134,1.991353670835662,False,False,False
27障114,18.68072247310437,0,162,2.890674683471122,False,False,False
22障32,18.674192217281757,0,55,-0.5460163291001009,False,False,False
25障28,18.671061658453773,0,120,1.541693164517932,False,False,False
19障6,18.669854182970976,0,54,-0.5781349366942244,False,False,False
2020障109,18.668285073618005,0,89,0.5460163291001009,False,False,False
30障13,18.661542788030417,0,71,-0.032118607594123584,False,False,False
2020障344,18.660556533534304,0,91,0.610253544288348,False,False,False
2020障343,18.660556533534304,0,79,0.22483025315886507,False,False,False
26障10,18.660032419820503,0,41,-0.995676835417831,False,False,False
2023障305,18.65909052962499,0,90,0.5781349366942244,False,False,False
19障41,18.657531027754374,0,40,-1.0277954430119547,False,False,False
24障227,18.6562690843792,0,98,0.8350837974472131,False,False,False
2021障35,18.652380528991017,0,88,0.5138977215059773,False,False,False
2023障286,18.652275419940207,0,167,3.0512677214417403,False,False,False
17障257,18.650244969775816,0,59,-0.41754189872360653,False,False,False
24障253,18.6481731558028,0,71,-0.032118607594123584,False,False,False
2022障27,18.647453734183703,0,71,-0.032118607594123584,False,False,False
22障385,18.645082327743516,0,52,-0.6423721518824717,False,False,False
2020障11,18.64447275057428,0,79,0.22483025315886507,False,False,False
25障369,18.644409935518656,0,72,0.0,False,False,False
28障378,18.644409935518656,0,49,-0.7387279746648423,False,False,False
28障379,18.644409935518656,0,154,2.6337258227181337,False,False,False
28障380,18.644409935518656,0,45,-0.8672024050413367,False,False,False
19障490,18.64062088998722,0,41,-0.995676835417831,False,False,False
28障269,18.638399390112134,0,44,-0.8993210126354603,False,False,False
2021障37,18.635261311199315,0,93,0.6744907594765952,False,False,False
2022障5,18.63435722147933,0,77,0.1605930379706179,False,False,False
21障32,18.633862065700807,0,79,0.22483025315886507,False,False,False
21障86,18.625734366087322,0,50,-0.7066093670707188,False,False,False
21障390,18.619467495493563,0,77,0.1605930379706179,False,False,False
20障129,18.615961116166023,0,100,0.8993210126354603,False,False,False
30障136,18.615957842348767,1,70,-0.06423721518824717,False,False,False
30障8,18.61422288378921,0,87,0.4817791139118537,False,False,False
25障66,18.613584577054613,0,139,2.15194670880628,False,False,False
22障297,18.61103715652805,0,90,0.5781349366942244,False,False,False
21障120,18.607616144233845,0,121,1.5738117721120555,False,False,False
30障12,18.60750775783452,0,68,-0.12847443037649434,False,False,False
2023障25,18.60629725738089,0,125,1.7022862024885497,False,False,False
26障402,18.60618872269846,0,77,0.1605930379706179,False,False,False
24障355,18.603492526114064,0,33,-1.2526256961708195,False,False,False
2020障390,18.603068595362213,0,67,-0.1605930379706179,False,False,False
29障390,18.599958172947822,0,60,-0.385423291129483,False,False,False
2022障24,18.599159724824748,0,96,0.770846582258966,False,False,False
20障153,18.597210240838546,0,80,0.2569488607529887,False,False,False
28障386,18.596400716332298,0,94,0.7066093670707188,False,False,False
2019障18,18.595453833490705,0,76,0.12847443037649434,False,False,False
2019障13,18.5854531499194,0,94,0.7066093670707188,False,False,False
18障494,18.585416335640122,0,33,-1.2526256961708195,False,False,False
24障228,18.57992128721708,0,104,1.0277954430119547,False,False,False
27障66,18.577964777712005,0,104,1.0277954430119547,False,False,False
17障428,18.566367228511787,0,82,0.3211860759412358,False,False,False
26障237,18.564664229373445,0,88,0.5138977215059773,False,False,False
2020障235,18.561544102037203,0,92,0.6423721518824717,False,False,False
30障393,18.560379186667163,0,69,-0.09635582278237075,False,False,False
27障225,18.558993767111122,0,47,-0.8029651898530895,False,False,False
29障245,18.55843367962281,0,73,0.032118607594123584,False,False,False
20障136,18.557822218205647,0,88,0.5138977215059773,False,False,False
2020障24,18.557279648580813,0,90,0.5781349366942244,False,False,False
21障23,18.553077008570224,0,29,-1.381100126547314,False,False,False
27障423,18.55146382300921,0,84,0.385423291129483,False,False,False
26障120,18.55067416450797,0,54,-0.5781349366942244,False,False,False
21障10,18.549227862355735,0,68,-0.12847443037649434,False,False,False
23障64,18.5463232027187,0,55,-0.5460163291001009,False,False,False
19障303,18.54488445411799,0,22,-1.605930379706179,False,False,False
2019障359,18.53880436375049,0,89,0.5460163291001009,False,False,False
22障79,18.5323308384895,0,59,-0.41754189872360653,False,False,False
26障34,18.521516203747545,0,75,0.09635582278237075,False,False,False
2021障25,18.52116755874829,0,68,-0.12847443037649434,False,False,False
2021障27,18.52116755874829,0,65,-0.22483025315886507,False,False,False
28障340,18.519576316896792,0,54,-0.5781349366942244,False,False,False
2021障319,18.518662496170737,0,69,-0.09635582278237075,False,False,False
2021障307,18.518662496170737,0,98,0.8350837974472131,False,False,False
24障262,18.517380395163695,0,85,0.41754189872360653,False,False,False
19障107,18.510472044676998,0,66,-0.1927116455647415,False,False,False
27障253,18.509939329684197,0,90,0.5781349366942244,False,False,False
2019障200,18.508805279195585,0,70,-0.06423721518824717,False,False,False
2023障136,18.506788448920474,0,125,1.7022862024885497,False,False,False
27障21,18.50567487622781,0,107,1.1241512657943253,False,False,False
27障431,18.503454603822853,0,38,-1.0920326582002018,False,False,False
21障439,18.499042298543408,0,128,1.7986420252709205,False,False,False
22障162,18.494846147921525,0,105,1.0599140506060782,False,False,False
20障455,18.49397673209153,0,86,0.44966050631773014,False,False,False
22障264,18.49039545076837,0,79,0.22483025315886507,False,False,False
22障265,18.49039545076837,0,102,0.9635582278237074,False,False,False
29障324,18.489601610089704,0,39,-1.0599140506060782,False,False,False
25障37,18.48927091430366,0,65,-0.22483025315886507,False,False,False
23障326,18.486312399499745,0,44,-0.8993210126354603,False,False,False
21障454,18.48563176015935,0,125,1.7022862024885497,False,False,False
22障453,18.48286550666646,0,75,0.09635582278237075,False,False,False
22障454,18.48286550666646,0,67,-0.1605930379706179,False,False,False
22障455,18.48286550666646,0,161,2.8585560758769986,False,False,False
18障43,18.480747890800938,0,110,1.220507088576696,False,False,False
20障17,18.47935159796919,0,72,0.0,False,False,False
28障79,18.479183899881072,0,128,1.7986420252709205,False,False,False
20障19,18.478338331624794,0,53,-0.610253544288348,False,False,False
2021障303,18.47578425553895,0,111,1.2526256961708195,False,False,False
23障371,18.47409819682936,0,104,1.0277954430119547,False,False,False
19障19,18.472035847482648,0,77,0.1605930379706179,False,False,False
20障132,18.471651085869993,0,41,-0.995676835417831,False,False,False
17障433,18.47006399996647,0,64,-0.2569488607529887,False,False,False
24障254,18.46991754439765,0,62,-0.3211860759412358,False,False,False
24障273,18.46817795433593,0,80,0.2569488607529887,False,False,False
30障397,18.464075958121846,0,109,1.1883884809825724,False,False,False
29障242,18.4622367491291,0,44,-0.8993210126354603,False,False,False
19障493,18.461006712853962,0,30,-1.3489815189531904,False,False,False
25障219,18.452728158031455,0,45,-0.8672024050413367,False,False,False
20障250,18.45245223876652,0,102,0.9635582278237074,False,False,False
2023障178,18.44853770570492,0,97,0.8029651898530895,False,False,False
28障373,18.448513060664055,0,45,-0.8672024050413367,False,False,False
2020障28,18.445970259338118,0,60,-0.385423291129483,False,False,False
2021障120,18.442519543606444,0,77,0.1605930379706179,False,False,False
2019障162,18.44232020248564,0,68,-0.12847443037649434,False,False,False
21障463,18.43762254097299,0,77,0.1605930379706179,False,False,False
21障54,18.437268508814956,0,55,-0.5460163291001009,False,False,False
21障295,18.436249533836907,0,53,-0.610253544288348,False,False,False
2021障16,18.436070437900995,0,69,-0.09635582278237075,False,False,False
23障229,18.433147082298113,0,95,0.7387279746648423,False,False,False
18障51,18.43245388144198,0,86,0.44966050631773014,False,False,False
17障39,18.42427505318507,0,38,-1.0920326582002018,False,False,False
2020障40,18.422429005106245,0,116,1.4132187341414375,False,False,False
19障302,18.41948221952895,0,37,-1.1241512657943253,False,False,False
19障298,18.41948221952895,0,132,1.9271164556474147,False,False,False
19障299,18.41948221952895,0,48,-0.770846582258966,False,False,False
19障300,18.41948221952895,0,69,-0.09635582278237075,False,False,False
19障301,18.41948221952895,0,90,0.5781349366942244,False,False,False
24障54,18.417252321900172,0,62,-0.3211860759412358,False,False,False
2021障311,18.412864666076864,0,49,-0.7387279746648423,False,False,False
2021障13,18.409227494947796,0,70,-0.06423721518824717,False,False,False
18障499,18.405802158506866,0,75,0.09635582278237075,False,False,False
18障500,18.405802158506866,0,69,-0.09635582278237075,False,False,False
26障47,18.405003602436746,0,84,0.385423291129483,False,False,False
2019障8,18.40486730003804,0,117,1.445337341735561,False,False,False
25障177,18.403771274744035,0,38,-1.0920326582002018,False,False,False
2020障322,18.402267434156865,0,132,1.9271164556474147,False,False,False
2021障119,18.40063717705914,0,114,1.3489815189531904,False,False,False
28障118,18.400448513452037,0,74,0.06423721518824717,False,False,False
29障47,18.39877305268611,0,96,0.770846582258966,False,False,False
23障235,18.397264654832743,0,83,0.3533046835353594,False,False,False
2019障26,18.396712188423766,0,46,-0.8350837974472131,False,False,False
2023障3,18.393195164662444,0,110,1.220507088576696,False,False,False
2019障362,18.384997314470255,0,41,-0.995676835417831,False,False,False
21障142,18.380306095401767,0,72,0.0,False,False,False
20障78,18.37995661516974,0,67,-0.1605930379706179,False,False,False
23障379,18.377525299631557,0,63,-0.2890674683471122,False,False,False
2021障257,18.377265587561826,0,99,0.8672024050413367,False,False,False
18障170,18.375883586568097,0,60,-0.385423291129483,False,False,False
2020障391,18.374842486731357,0,71,-0.032118607594123584,False,False,False
18障276,18.37192510675066,0,54,-0.5781349366942244,False,False,False
18障85,18.371728384105282,0,47,-0.8029651898530895,False,False,False
18障53,18.369138858742314,0,77,0.1605930379706179,False,False,False
23障327,18.36907353435067,0,90,0.5781349366942244,False,False,False
18障297,18.364277665181852,0,53,-0.610253544288348,False,False,False
29障391,18.36223746276841,0,74,0.06423721518824717,False,False,False
2021障132,18.36137862874309,0,98,0.8350837974472131,False,False,False
2023障7,18.355254429117146,0,109,1.1883884809825724,False,False,False
2023障12,18.355254429117146,0,96,0.770846582258966,False,False,False
21障455,18.35370888007381,0,114,1.3489815189531904,False,False,False
27障121,18.351633679458253,0,35,-1.1883884809825724,False,False,False
21障396,18.35157761605031,0,103,0.995676835417831,False,False,False
2021障1,18.349070359753505,0,101,0.9314396202295838,False,False,False
2021障313,18.34525673469072,0,46,-0.8350837974472131,False,False,False
21障281,18.342199452591302,0,108,1.1562698733884489,False,False,False
23障6,18.340328778900467,0,36,-1.1562698733884489,False,False,False
17障434,18.33814111988093,0,77,0.1605930379706179,False,False,False
2021障259,18.33736878711774,0,63,-0.2890674683471122,False,False,False
2022障40,18.33579975360291,0,98,0.8350837974472131,False,False,False
2020障381,18.33196424609957,0,67,-0.1605930379706179,False,False,False
2023障52,18.331572060668098,0,62,-0.3211860759412358,False,False,False
19障494,18.32908383276842,0,38,-1.0920326582002018,False,False,False
27障26,18.325742776955906,0,103,0.995676835417831,False,False,False
26障64,18.325015455200564,0,74,0.06423721518824717,False,False,False
28障116,18.315861027840132,0,168,3.083386329035864,False,False,False
20障465,18.314044632819627,0,61,-0.3533046835353594,False,False,False
23障3,18.313730993308198,0,42,-0.9635582278237074,False,False,False
29障243,18.312293965359824,0,175,3.3082165821947287,False,False,False
25障371,18.31038599679393,0,74,0.06423721518824717,False,False,False
27障107,18.305994625473467,0,74,0.06423721518824717,False,False,False
25障8,18.30554474650479,0,66,-0.1927116455647415,False,False,False
29障168,18.30489279523655,0,79,0.22483025315886507,False,False,False
22障466,18.30293340739456,0,75,0.09635582278237075,False,False,False
24障395,18.301286993852525,0,127,1.766523417676797,False,False,False
23障370,18.299920739222543,0,33,-1.2526256961708195,False,False,False
17障38,18.292352173099523,0,57,-0.4817791139118537,False,False,False
2022障9,18.291087844368477,0,113,1.3168629113590669,False,False,False
23障120,18.288950013451707,0,145,2.3446583543710213,False,False,False
19障497,18.28107461358206,0,64,-0.2569488607529887,False,False,False
26障13,18.28092752115526,0,69,-0.09635582278237075,False,False,False
26障60,18.280016727940563,0,75,0.09635582278237075,False,False,False
26障26,18.276520178683192,0,49,-0.7387279746648423,False,False,False
23障10,18.275790257762896,0,69,-0.09635582278237075,False,False,False
28障155,18.272996760645263,0,28,-1.4132187341414375,False,False,False
22障362,18.269249201856095,0,103,0.995676835417831,False,False,False
19障110,18.266943888258634,0,49,-0.7387279746648423,False,False,False
20障54,18.26248991371441,0,69,-0.09635582278237075,False,False,False
20障159,18.26035960750411,0,104,1.0277954430119547,False,False,False
2023障17,18.2583664286316,0,106,1.0920326582002018,False,False,False
21障461,18.257405651528494,0,34,-1.220507088576696,False,False,False
26障2,18.25637969683673,0,54,-0.5781349366942244,False,False,False
22障462,18.254639398035604,0,65,-0.22483025315886507,False,False,False
23障243,18.250843370641245,0,74,0.06423721518824717,False,False,False
25障3,18.246591690470567,0,50,-0.7066093670707188,False,False,False
18障168,18.24413724222607,0,63,-0.2890674683471122,False,False,False
25障367,18.242778065407784,0,53,-0.610253544288348,False,False,False
25障366,18.242778065407784,0,61,-0.3533046835353594,False,False,False
28障117,18.242745194183662,0,83,0.3533046835353594,False,False,False
18障125,18.23971488074105,0,53,-0.610253544288348,False,False,False
2022障26,18.236936719140775,0,113,1.3168629113590669,False,False,False
24障62,18.232988927148032,0,42,-0.9635582278237074,False,False,False
25障55,18.23122656377113,0,67,-0.1605930379706179,False,False,False
28障71,18.23122656377113,0,44,-0.8993210126354603,False,False,False
30障117,18.22203115618113,0,74,0.06423721518824717,False,False,False
2023障251,18.221764185925505,0,124,1.6701675948944261,False,False,False
26障9,18.218723751464026,0,80,0.2569488607529887,False,False,False
27障9,18.2178486994171,0,105,1.0599140506060782,False,False,False
17障12,18.21655820265006,0,44,-0.8993210126354603,False,False,False
28障17,18.215502000885504,0,90,0.5781349366942244,False,False,False
28障27,18.212033358899273,0,35,-1.1883884809825724,False,False,False
25障27,18.211394193815984,0,41,-0.995676835417831,False,False,False
29障77,18.209579452289585,0,72,0.0,False,False,False
2019障192,18.20889268987787,0,133,1.9592350632415385,False,False,False
26障3,18.20837047765037,0,36,-1.1562698733884489,False,False,False
22障7,18.20794827575596,0,49,-0.7387279746648423,False,False,False
2020障4,18.205250350314127,0,49,-0.7387279746648423,False,False,False
2020障94,18.20429055952822,0,118,1.4774559493296846,False,False,False
26障6,18.203104531936038,0,120,1.541693164517932,False,False,False
19障59,18.19948400173301,0,45,-0.8672024050413367,False,False,False
2023障4,18.195369421332526,0,122,1.605930379706179,False,False,False
28障109,18.19503307602628,0,39,-1.0599140506060782,False,False,False
17障68,18.195013322223126,0,127,1.766523417676797,False,False,False
28障51,18.18906028769121,0,123,1.6380489873003026,False,False,False
18障182,18.188935844344265,0,89,0.5460163291001009,False,False,False
2020障242,18.18424509419448,0,59,-0.41754189872360653,False,False,False
24障123,18.181705239168764,0,108,1.1562698733884489,False,False,False
25障60,18.180020645055333,0,63,-0.2890674683471122,False,False,False
18障506,18.17757604987601,0,63,-0.2890674683471122,False,False,False
18障505,18.17757604987601,0,46,-0.8350837974472131,False,False,False
2023障174,18.177565571361253,0,108,1.1562698733884489,False,False,False
26障27,18.17317298099579,0,60,-0.385423291129483,False,False,False
18障181,18.172757404112083,0,54,-0.5781349366942244,False,False,False
24障258,18.169290123321108,0,122,1.605930379706179,False,False,False
22障423,18.169066667977415,0,128,1.7986420252709205,False,False,False
29障33,18.166942431245154,0,165,2.987030506253493,False,False,False
18障338,18.165224100031637,0,53,-0.610253544288348,False,False,False
27障28,18.16031437055462,0,94,0.7066093670707188,False,False,False
2021障205,18.159670530458772,0,147,2.4088955695592684,False,False,False
20障26,18.157264218934177,0,74,0.06423721518824717,False,False,False
29障34,18.154040879577188,0,57,-0.4817791139118537,False,False,False
28障125,18.15233199266171,0,84,0.385423291129483,False,False,False
26障254,18.15223779313055,0,108,1.1562698733884489,False,False,False
24障267,18.151707323313236,0,39,-1.0599140506060782,False,False,False
27障422,18.149831952898342,0,46,-0.8350837974472131,False,False,False
27障421,18.149831952898342,0,158,2.762200253094628,False,False,False
2019障230,18.14821478896854,0,58,-0.44966050631773014,False,False,False
19障329,18.146722129330417,0,33,-1.2526256961708195,False,False,False
21障68,18.146229344192214,0,42,-0.9635582278237074,False,False,False
21障282,18.1449440120086,0,49,-0.7387279746648423,False,False,False
17障7,18.14480279842327,0,46,-0.8350837974472131,False,False,False
29障276,18.137869607228353,0,60,-0.385423291129483,False,False,False
19障102,18.134834718096062,0,54,-0.5781349366942244,False,False,False
2019障75,18.123843044617963,0,108,1.1562698733884489,False,False,False
26障119,18.12362605944592,0,45,-0.8672024050413367,False,False,False
2023障235,18.122227137645027,0,92,0.6423721518824717,False,False,False
26障178,18.12093016369427,0,102,0.9635582278237074,False,False,False
19障297,18.12031896470321,0,56,-0.5138977215059773,False,False,False
21障65,18.11739255523447,0,66,-0.1927116455647415,False,False,False
22障63,18.11462630174158,0,100,0.8993210126354603,False,False,False
21障204,18.114218585285958,0,69,-0.09635582278237075,False,False,False
21障205,18.114218585285958,0,61,-0.3533046835353594,False,False,False
21障207,18.114218585285958,0,67,-0.1605930379706179,False,False,False
25障242,18.114111208788625,0,124,1.6701675948944261,False,False,False
29障116,18.11237325861655,0,68,-0.12847443037649434,False,False,False
20障30,18.109254999747815,0,122,1.605930379706179,False,False,False
21障216,18.107184773509026,0,76,0.12847443037649434,False,False,False
28障196,18.106227584398376,0,110,1.220507088576696,False,False,False
27障20,18.10404300611694,0,95,0.7387279746648423,False,False,False
25障119,18.1012852586263,0,101,0.9314396202295838,False,False,False
2023障173,18.10121777419913,0,100,0.8993210126354603,False,False,False
26障180,18.09987675449644,0,32,-1.2847443037649433,False,False,False
30障270,18.098290620947694,0,70,-0.06423721518824717,False,False,False
22障164,18.09652525424297,0,99,0.8672024050413367,False,False,False
22障105,18.092486786008223,0,43,-0.9314396202295838,False,False,False
20障453,18.09234486198066,0,81,0.2890674683471122,False,False,False
30障118,18.088006164226016,0,148,2.441014177153392,False,False,False
21障4,18.08781351511126,0,60,-0.385423291129483,False,False,False
2021障74,18.08757385451263,0,96,0.770846582258966,False,False,False
27障54,18.087074532545888,0,57,-0.4817791139118537,False,False,False
22障4,18.08504726161837,0,48,-0.770846582258966,False,False,False
2022障125,18.079417044539717,0,94,0.7066093670707188,False,False,False
21障78,18.07929534970745,0,50,-0.7066093670707188,False,False,False
2019障123,18.077926775697122,0,118,1.4774559493296846,False,False,False
2021障44,18.077468701865612,0,115,1.381100126547314,False,False,False
20障221,18.07712503275923,0,72,0.0,False,False,False
18障323,18.074481404371678,0,68,-0.12847443037649434,False,False,False
29障115,18.074233516293326,0,73,0.032118607594123584,False,False,False
29障186,18.072387876771696,0,61,-0.3533046835353594,False,False,False
18障478,18.071778219782136,0,50,-0.7066093670707188,False,False,False
18障477,18.071778219782136,0,48,-0.770846582258966,False,False,False
19障125,18.07062799219572,0,77,0.1605930379706179,False,False,False
23障193,18.070201441074826,0,147,2.4088955695592684,False,False,False
19障32,18.069857260399367,0,102,0.9635582278237074,False,False,False
23障4,18.067896030791918,0,104,1.0277954430119547,False,False,False
2023障66,18.06612187982841,0,88,0.5138977215059773,False,False,False
24障401,18.064961642910426,0,40,-1.0277954430119547,False,False,False
2020障219,18.064886244241933,0,95,0.7387279746648423,False,False,False
2020障221,18.064886244241933,0,131,1.8949978480532912,False,False,False
21障18,18.064067330070834,0,112,1.2847443037649433,False,False,False
22障157,18.06238729703183,0,81,0.2890674683471122,False,False,False
21障127,18.059903485102964,0,81,0.2890674683471122,False,False,False
19障491,18.05937484274309,0,42,-0.9635582278237074,False,False,False
19障489,18.05937484274309,0,37,-1.1241512657943253,False,False,False
22障137,18.059137595518763,0,110,1.220507088576696,False,False,False
30障104,18.056240635175342,0,51,-0.6744907594765952,False,False,False
2021障122,18.049844888167424,0,132,1.9271164556474147,False,False,False
2020障122,18.04796646299076,0,77,0.1605930379706179,False,False,False
19障100,18.047823341106433,0,53,-0.610253544288348,False,False,False
24障141,18.04666668646067,0,134,1.991353670835662,False,False,False
18障417,18.045092373677054,0,56,-0.5138977215059773,False,False,False
17障94,18.04416789591683,0,117,1.445337341735561,False,False,False
18障498,18.043579152822893,0,75,0.09635582278237075,False,False,False
2020障307,18.04281581251188,0,58,-0.44966050631773014,False,False,False
24障16,18.039744362036235,0,116,1.4132187341414375,False,False,False
2023障1,18.039572513737934,0,85,0.41754189872360653,False,False,False
27障377,18.03705048640518,1,148,2.441014177153392,False,False,False
28障119,18.03528175894338,0,22,-1.605930379706179,False,False,False
22障1,18.03280021839417,0,44,-0.8993210126354603,False,False,False
22障220,18.028070722854018,0,117,1.445337341735561,False,False,False
30障26,18.027769798655207,0,93,0.6744907594765952,False,False,False
2020障113,18.027727399823394,0,53,-0.610253544288348,False,False,False
21障199,18.023773986938725,0,62,-0.3211860759412358,False,False,False
22障108,18.023424157624028,0,60,-0.385423291129483,False,False,False
2021障96,18.021997074919472,0,49,-0.7387279746648423,False,False,False
18障40,18.021080426163152,0,32,-1.2847443037649433,False,False,False
27障6,18.01881684193028,0,50,-0.7066093670707188,False,False,False
23障232,18.018005478537123,0,104,1.0277954430119547,False,False,False
21障31,18.01699636691645,0,144,2.3125397467768978,False,False,False
19障12,18.014894458446918,0,29,-1.381100126547314,False,False,False
27障116,18.01428785474056,0,103,0.995676835417831,False,False,False
26障117,18.01128929677037,0,75,0.09635582278237075,False,False,False
23障373,18.01075411341968,0,70,-0.06423721518824717,False,False,False
26障4,18.01054473432045,0,37,-1.1241512657943253,False,False,False
27障126,18.00869092904536,0,94,0.7066093670707188,False,False,False
20障371,18.008109117245553,0,42,-0.9635582278237074,False,False,False
2021障9,18.005800982642647,0,75,0.09635582278237075,False,False,False
18障493,18.004170288395997,0,86,0.44966050631773014,False,False,False
18障496,18.004170288395997,0,51,-0.6744907594765952,False,False,False
2022障220,18.00286039205595,0,87,0.4817791139118537,False,False,False
2020障20,18.00175367117301,0,145,2.3446583543710213,False,False,False
19障105,17.99661742239064,0,50,-0.7066093670707188,False,False,False
22障80,17.993334337756814,0,50,-0.7066093670707188,False,False,False
21障379,17.992730333536443,0,107,1.1241512657943253,False,False,False
18障296,17.988766613193995,0,64,-0.2569488607529887,False,False,False
22障91,17.98762198406003,0,62,-0.3211860759412358,False,False,False
26障123,17.986716248643983,0,48,-0.770846582258966,False,False,False
26障338,17.985422314523856,0,80,0.2569488607529887,False,False,False
30障324,17.984066973473954,0,62,-0.3211860759412358,False,False,False
2023障123,17.981255596990867,0,139,2.15194670880628,False,False,False
2019障3,17.978780026912705,0,69,-0.09635582278237075,False,False,False
2023障91,17.972890740861505,0,91,0.610253544288348,False,False,False
18障37,17.972786416804194,0,35,-1.1883884809825724,False,False,False
2021障316,17.969745682702865,0,59,-0.41754189872360653,False,False,False
28障124,17.962669303701446,0,50,-0.7066093670707188,False,False,False
20障161,17.961768722871014,0,104,1.0277954430119547,False,False,False
20障83,17.96032696951121,0,95,0.7387279746648423,False,False,False
28障224,17.95461430000725,0,88,0.5138977215059773,False,False,False
18障26,17.94978098685513,0,63,-0.2890674683471122,False,False,False
23障109,17.949697933944936,0,92,0.6423721518824717,False,False,False
18障31,17.949540567657028,0,70,-0.06423721518824717,False,False,False
27障409,17.948594632648508,0,147,2.4088955695592684,False,False,False
2022障65,17.94803652199602,0,100,0.8993210126354603,False,False,False
17障147,17.94689475445731,0,53,-0.610253544288348,False,False,False
18障18,17.94566267326178,0,66,-0.1927116455647415,False,False,False
28障161,17.942401487430672,0,54,-0.5781349366942244,False,False,False
18障98,17.941412868043543,0,62,-0.3211860759412358,False,False,False
19障60,17.940245768614364,0,66,-0.1927116455647415,False,False,False
27障264,17.93801598465993,0,36,-1.1562698733884489,False,False,False
17障203,17.935687599256745,0,72,0.0,False,False,False
2020障14,17.93130382324461,0,77,0.1605930379706179,False,False,False
24障9,17.928738135550798,0,41,-0.995676835417831,False,False,False
19障38,17.928397324842003,0,72,0.0,False,False,False
17障58,17.92780155771891,0,65,-0.22483025315886507,False,False,False
26障82,17.925820563211662,0,114,1.3489815189531904,False,False,False
28障227,17.924562660890984,0,36,-1.1562698733884489,False,False,False
2019障25,17.92414317211802,0,89,0.5460163291001009,False,False,False
17障14,17.922714020947417,0,45,-0.8672024050413367,False,False,False
2022障55,17.919948211734738,0,89,0.5460163291001009,False,False,False
2022障56,17.919948211734738,0,104,1.0277954430119547,False,False,False
2021障94,17.917840638421712,0,112,1.2847443037649433,False,False,False
20障368,17.91766451889832,0,25,-1.5095745569238084,False,False,False
22障273,17.9156726771914,0,75,0.09635582278237075,False,False,False
24障136,17.91410211179609,0,94,0.7066093670707188,False,False,False
2021障108,17.913441447041063,0,94,0.7066093670707188,False,False,False
20障1,17.913035741653644,0,67,-0.1605930379706179,False,False,False
20障89,17.91231775032485,0,55,-0.5460163291001009,False,False,False
17障23,17.912179257893488,0,95,0.7387279746648423,False,False,False
27障420,17.912111242718925,0,47,-0.8029651898530895,False,False,False
2021障281,17.911209765478116,0,128,1.7986420252709205,False,False,False
28障229,17.9108348044201,0,125,1.7022862024885497,False,False,False
18障114,17.910558635900436,0,51,-0.6744907594765952,False,False,False
28障344,17.90883016832307,0,47,-0.8029651898530895,False,False,False
19障30,17.90798579802371,0,77,0.1605930379706179,False,False,False
21障34,17.907791586703173,0,98,0.8350837974472131,False,False,False
26障394,17.90539359776185,0,80,0.2569488607529887,False,False,False
27障277,17.90049228067418,0,83,0.3533046835353594,False,False,False
25障47,17.89974021323519,0,54,-0.5781349366942244,False,False,False
18障42,17.896825114277995,0,61,-0.3533046835353594,False,False,False
2021障105,17.893784432898297,0,93,0.6744907594765952,False,False,False
2021障106,17.893784432898297,0,70,-0.06423721518824717,False,False,False
19障61,17.892236549428002,0,122,1.605930379706179,False,False,False
27障75,17.892149072720247,0,72,0.0,False,False,False
21障28,17.886991338952644,0,65,-0.22483025315886507,False,False,False
24障42,17.88441607837927,0,60,-0.385423291129483,False,False,False
18障116,17.883602825911908,0,84,0.385423291129483,False,False,False
24障263,17.882595707603762,0,79,0.22483025315886507,False,False,False
24障264,17.882595707603762,0,139,2.15194670880628,False,False,False
22障383,17.88211761582206,0,72,0.0,False,False,False
18障423,17.881402064824588,0,64,-0.2569488607529887,False,False,False
20障41,17.876912559306618,0,79,0.22483025315886507,False,False,False
26障397,17.8760327289185,0,64,-0.2569488607529887,False,False,False
24障76,17.876015630190658,0,57,-0.4817791139118537,False,False,False
18障169,17.873021779093712,0,72,0.0,False,False,False
2020障346,17.872916775716483,0,113,1.3168629113590669,False,False,False
26障31,17.8702042387762,0,133,1.9592350632415385,False,False,False
23障16,17.867494243397918,0,71,-0.032118607594123584,False,False,False
30障249,17.866835426848006,0,89,0.5460163291001009,False,False,False
2020障341,17.866608965622394,0,59,-0.41754189872360653,False,False,False
27障115,17.865960315759985,0,125,1.7022862024885497,False,False,False
21障13,17.861876207228104,0,81,0.2890674683471122,False,False,False
2019障19,17.852771001845024,0,67,-0.1605930379706179,False,False,False
18障432,17.85164487506181,0,73,0.032118607594123584,False,False,False
27障417,17.850668698072607,0,67,-0.1605930379706179,False,False,False
26障58,17.850353360602224,0,89,0.5460163291001009,False,False,False
20障7,17.850323524527163,0,53,-0.610253544288348,False,False,False
21障59,17.847066089366475,0,69,-0.09635582278237075,False,False,False
24障20,17.845498271461096,0,96,0.770846582258966,False,False,False
17障36,17.835107645705282,0,68,-0.12847443037649434,False,False,False
2020障228,17.830324924070553,0,59,-0.41754189872360653,False,False,False
2020障386,17.825925673263487,0,88,0.5138977215059773,False,False,False
24障30,17.825807271397156,0,89,0.5460163291001009,False,False,False
20障127,17.824969334009722,0,124,1.6701675948944261,False,False,False
18障156,17.82386072434991,0,65,-0.22483025315886507,False,False,False
29障386,17.822815250849093,0,56,-0.5138977215059773,False,False,False
28障236,17.82273422582543,0,43,-0.9314396202295838,False,False,False
19障68,17.822441042061087,0,31,-1.3168629113590669,False,False,False
27障269,17.821682604781156,0,49,-0.7387279746648423,False,False,False
23障102,17.81748655760246,0,46,-0.8350837974472131,False,False,False
23障101,17.81748655760246,0,105,1.0599140506060782,False,False,False
20障239,17.815652598716742,0,43,-0.9314396202295838,False,False,False
2023障98,17.812524336497294,0,107,1.1241512657943253,False,False,False
17障152,17.8057460399262,0,79,0.22483025315886507,False,False,False
27障18,17.8048797512912,0,107,1.1241512657943253,False,False,False
17障294,17.80396033946532,0,77,0.1605930379706179,False,False,False
20障6,17.80202951516821,0,62,-0.3211860759412358,False,False,False
30障124,17.79852788225582,0,73,0.032118607594123584,False,False,False
22障452,17.797394870641355,0,103,0.995676835417831,False,False,False
19障174,17.79630345335526,0,64,-0.2569488607529887,False,False,False
2023障303,17.794005716466625,0,76,0.12847443037649434,False,False,False
20障446,17.793181607154924,0,54,-0.5781349366942244,False,False,False
21障286,17.792088000340193,0,143,2.2804211391827742,False,False,False
17障426,17.789224306413058,0,61,-0.3533046835353594,False,False,False
17障424,17.789224306413058,0,48,-0.770846582258966,False,False,False
23障61,17.789153987150357,0,73,0.032118607594123584,False,False,False
26障15,17.788232480707453,0,75,0.09635582278237075,False,False,False
30障240,17.787635515375502,0,59,-0.41754189872360653,False,False,False
27障50,17.785740691527916,0,67,-0.1605930379706179,False,False,False
21障449,17.784836635222742,0,78,0.1927116455647415,False,False,False
21障448,17.784836635222742,0,135,2.0234722784297854,False,False,False
30障120,17.78362281192599,0,75,0.09635582278237075,False,False,False
30障387,17.783236264568437,0,172,3.211860759412358,False,False,False
2021障98,17.78017861008266,0,74,0.06423721518824717,False,False,False
20障55,17.779063264136536,0,22,-1.605930379706179,False,False,False
29障259,17.778282463254598,0,49,-0.7387279746648423,False,False,False
24障37,17.777152595728527,0,44,-0.8993210126354603,False,False,False
20障238,17.776281137647953,0,65,-0.22483025315886507,False,False,False
22障116,17.775541537191135,0,69,-0.09635582278237075,False,False,False
27障79,17.774792434977098,0,101,0.9314396202295838,False,False,False
29障137,17.772721095887345,0,80,0.2569488607529887,False,False,False
2020障105,17.769621437601682,0,65,-0.22483025315886507,False,False,False
27障135,17.76789475612645,0,111,1.2526256961708195,False,False,False
18障69,17.76723648771399,0,68,-0.12847443037649434,False,False,False
21障15,17.765572978682787,0,113,1.3168629113590669,False,False,False
2022障256,17.76545878325819,0,72,0.0,False,False,False
2022障43,17.76075424291716,0,117,1.445337341735561,False,False,False
19障485,17.760211587917354,0,50,-0.7066093670707188,False,False,False
2022障79,17.760157505920795,0,77,0.1605930379706179,False,False,False
24障99,17.759327343148225,0,52,-0.6423721518824717,False,False,False
24障98,17.759327343148225,0,100,0.8993210126354603,False,False,False
2021障73,17.759214075838216,0,102,0.9635582278237074,False,False,False
25障112,17.750347254764833,0,50,-0.7066093670707188,False,False,False
28障110,17.750347254764833,0,70,-0.06423721518824717,False,False,False
20障49,17.750226475178792,0,68,-0.12847443037649434,False,False,False
2020障101,17.74996442345892,0,92,0.6423721518824717,False,False,False
2019障78,17.748331992630103,0,92,0.6423721518824717,False,False,False
29障15,17.74590249441815,0,71,-0.032118607594123584,False,False,False
24障232,17.74526756463108,0,106,1.0920326582002018,False,False,False
17障27,17.743435359631654,0,69,-0.09635582278237075,False,False,False
19障283,17.74331111841038,0,51,-0.6744907594765952,False,False,False
19障243,17.739782313503067,0,46,-0.8350837974472131,False,False,False
22障57,17.739115249753723,0,78,0.1927116455647415,False,False,False
28障100,17.739014171976653,0,50,-0.7066093670707188,False,False,False
18障146,17.73679476042506,0,90,0.5781349366942244,False,False,False
19障23,17.735785630849733,0,80,0.2569488607529887,False,False,False
18障17,17.73403738638926,0,64,-0.2569488607529887,False,False,False
29障26,17.733707921597862,0,151,2.537369999935763,False,False,False
19障325,17.7270797988269,0,61,-0.3533046835353594,False,False,False
25障331,17.72697321950998,0,51,-0.6744907594765952,False,False,False
19障47,17.7250222289317,0,57,-0.4817791139118537,False,False,False
23障129,17.724899313146807,0,84,0.385423291129483,False,False,False
28障8,17.723217904877586,0,66,-0.1927116455647415,False,False,False
2021障200,17.722639209906358,0,22,-1.605930379706179,False,False,False
22障141,17.719453319602565,0,85,0.41754189872360653,False,False,False
22障140,17.719453319602565,0,44,-0.8993210126354603,False,False,False
2022障218,17.71831309608102,0,92,0.6423721518824717,False,False,False
23障94,17.717836925693963,0,57,-0.4817791139118537,False,False,False
26障128,17.714224999733812,0,49,-0.7387279746648423,False,False,False
19障43,17.714061974826272,0,72,0.0,False,False,False
22障17,17.712918483861817,0,58,-0.44966050631773014,False,False,False
19障15,17.711212044648697,0,57,-0.4817791139118537,False,False,False
2020障41,17.710592442717335,0,105,1.0599140506060782,False,False,False
20障249,17.71051489403714,0,74,0.06423721518824717,False,False,False
2022障15,17.709906571740316,0,128,1.7986420252709205,False,False,False
21障450,17.70848883806062,0,76,0.12847443037649434,False,False,False
21障451,17.70848883806062,0,90,0.5781349366942244,False,False,False
26障255,17.708165215843113,0,51,-0.6744907594765952,False,False,False
2022障222,17.706922866033437,0,148,2.441014177153392,False,False,False
22障451,17.70572258456773,0,101,0.9314396202295838,False,False,False
2020障31,17.7013204824393,0,80,0.2569488607529887,False,False,False
2023障290,17.69770248792131,0,99,0.8672024050413367,False,False,False
2020障83,17.69767283182021,0,57,-0.4817791139118537,False,False,False
2022障243,17.695068141705438,0,139,2.15194670880628,False,False,False
2019障350,17.694784435985312,0,142,2.2483025315886507,False,False,False
26障126,17.69401573662338,0,70,-0.06423721518824717,False,False,False
20障212,17.69099445605544,0,76,0.12847443037649434,False,False,False
29障122,17.69016321802517,0,83,0.3533046835353594,False,False,False
30障247,17.685303558108995,0,103,0.995676835417831,False,False,False
21障126,17.68439243311511,0,108,1.1562698733884489,False,False,False
19障165,17.684250338112786,0,42,-0.9635582278237074,False,False,False
19障487,17.683863790755233,0,58,-0.44966050631773014,False,False,False
23障231,17.682749718705626,0,122,1.605930379706179,False,False,False
28障111,17.67399945760271,0,54,-0.5781349366942244,False,False,False
2023障90,17.67372748603577,0,62,-0.3211860759412358,False,False,False
21障243,17.67290694961102,0,55,-0.5460163291001009,False,False,False
17障128,17.672304547757964,0,99,0.8672024050413367,False,False,False
2021障140,17.669369104725753,0,67,-0.1605930379706179,False,False,False
17障299,17.66834372165644,0,85,0.41754189872360653,False,False,False
2023障2,17.664061461750077,0,89,0.5460163291001009,False,False,False
21障26,17.662699891279217,0,122,1.605930379706179,False,False,False
26障184,17.661820177715512,0,62,-0.3211860759412358,False,False,False
2020障230,17.660663447188163,0,98,0.8350837974472131,False,False,False
25障11,17.660511995085105,0,70,-0.06423721518824717,False,False,False
29障23,17.65959994944414,0,133,1.9592350632415385,False,False,False
23障104,17.658842254654516,0,85,0.41754189872360653,False,False,False
24障145,17.658046263437093,0,111,1.2526256961708195,False,False,False
21障121,17.657681051957884,0,87,0.4817791139118537,False,False,False
2021障278,17.656566952786694,0,142,2.2483025315886507,False,False,False
22障136,17.654914798464993,0,41,-0.995676835417831,False,False,False
18障4,17.65436126253427,0,41,-0.995676835417831,False,False,False
28障42,17.653714072132544,0,79,0.22483025315886507,False,False,False
2021障310,17.653577683012372,0,55,-0.5460163291001009,False,False,False
2020障32,17.653311263252938,0,94,0.7066093670707188,False,False,False
19障44,17.652866413799355,0,51,-0.6744907594765952,False,False,False
2021障22,17.65151918156232,0,136,2.0555908860239094,False,False,False
2022障64,17.648873267170284,0,108,1.1562698733884489,False,False,False
28障99,17.643703992172327,0,50,-0.7066093670707188,False,False,False
29障111,17.642743246716016,0,78,0.1927116455647415,False,False,False
20障147,17.640872560188235,0,103,0.995676835417831,False,False,False
29障36,17.63423606525585,0,65,-0.22483025315886507,False,False,False
23障156,17.634029738280443,0,60,-0.385423291129483,False,False,False
25障329,17.62995831498975,0,139,2.15194670880628,False,False,False
18障488,17.628659236408136,0,69,-0.09635582278237075,False,False,False
2019障363,17.625710331405763,0,62,-0.3211860759412358,False,False,False
28障45,17.6241861011453,0,93,0.6744907594765952,False,False,False
2022障80,17.623965976476704,0,54,-0.5781349366942244,False,False,False
2023障49,17.623491766953563,0,167,3.0512677214417403,False,False,False
23障325,17.621227586341384,0,77,0.1605930379706179,False,False,False
23障23,17.620743379144617,0,80,0.2569488607529887,False,False,False
21障9,17.615279919970064,0,59,-0.41754189872360653,False,False,False
25障107,17.610847212124728,0,93,0.6744907594765952,False,False,False
18障38,17.61056341112022,0,74,0.06423721518824717,False,False,False
2019障105,17.608151801946395,0,92,0.6423721518824717,False,False,False
30障75,17.60711822164683,0,55,-0.5460163291001009,False,False,False
28障198,17.60559734936186,0,36,-1.1562698733884489,False,False,False
18障22,17.60423327934052,0,76,0.12847443037649434,False,False,False
21障141,17.597279963154854,0,64,-0.2569488607529887,False,False,False
26障12,17.595456885130154,0,90,0.5781349366942244,False,False,False
25障81,17.594845741953,0,86,0.44966050631773014,False,False,False
2019障151,17.59320774376019,0,98,0.8350837974472131,False,False,False
18障119,17.59273815853992,0,44,-0.8993210126354603,False,False,False
2023障126,17.591605479236716,0,103,0.995676835417831,False,False,False
22障158,17.588802825912637,0,89,0.5460163291001009,False,False,False
22障159,17.588802825912637,0,136,2.0555908860239094,False,False,False
2019障89,17.58872721423836,0,72,0.0,False,False,False
19障14,17.588108691571847,0,56,-0.5138977215059773,False,False,False
2019障102,17.586588299304633,0,43,-0.9314396202295838,False,False,False
26障41,17.5859648883251,0,67,-0.1605930379706179,False,False,False
21障16,17.583566862443316,0,105,1.0599140506060782,False,False,False
27障111,17.58329317010167,0,95,0.7387279746648423,False,False,False
17障18,17.582469288078237,0,71,-0.032118607594123584,False,False,False
21障124,17.580235996617347,0,72,0.0,False,False,False
2019障353,17.57741632204681,0,48,-0.770846582258966,False,False,False
26障342,17.57687364822699,0,64,-0.2569488607529887,False,False,False
24障405,17.575383649871263,0,49,-0.7387279746648423,False,False,False
21障159,17.57345877408427,0,53,-0.610253544288348,False,False,False
23障93,17.57262599930453,0,51,-0.6744907594765952,False,False,False
24障93,17.56960627194394,0,56,-0.5138977215059773,False,False,False
17障429,17.569359535267882,0,66,-0.1927116455647415,False,False,False
17障431,17.569359535267882,0,44,-0.8993210126354603,False,False,False
21障144,17.56535796189229,0,137,2.087709493618033,False,False,False
24障250,17.563874222388762,0,80,0.2569488607529887,False,False,False
2021障26,17.56173373023749,0,63,-0.2890674683471122,False,False,False
2023障193,17.559919558043894,0,86,0.44966050631773014,False,False,False
2019障325,17.559636424652584,0,108,1.1562698733884489,False,False,False
2019障31,17.556871808579945,0,59,-0.41754189872360653,False,False,False
2019障295,17.555101100949724,0,46,-0.8350837974472131,False,False,False
2019障6,17.554128569689226,0,131,1.8949978480532912,False,False,False
25障374,17.551099013729434,0,48,-0.770846582258966,False,False,False
2021障153,17.550567505738325,0,62,-0.3211860759412358,False,False,False
21障7,17.54974303891216,0,65,-0.22483025315886507,False,False,False
18障241,17.54956881215905,0,90,0.5781349366942244,False,False,False
2020障111,17.548446959020104,0,95,0.7387279746648423,False,False,False
17障51,17.546143394138426,0,67,-0.1605930379706179,False,False,False
26障396,17.545207034685497,0,53,-0.610253544288348,False,False,False
17障240,17.54422250977807,0,49,-0.7387279746648423,False,False,False
2021障118,17.53555236390078,0,141,2.216183923994527,False,False,False
23障24,17.531662769905452,0,30,-1.3489815189531904,False,False,False
28障31,17.53055450026257,0,76,0.12847443037649434,False,False,False
18障301,17.527935531470384,0,62,-0.3211860759412358,False,False,False
2020障164,17.525549095286372,0,58,-0.44966050631773014,False,False,False
2023障294,17.5242967264413,0,58,-0.44966050631773014,False,False,False
2023障304,17.5242967264413,0,58,-0.44966050631773014,False,False,False
20障128,17.523566254175588,0,82,0.3211860759412358,False,False,False
26障105,17.522049778167062,0,64,-0.2569488607529887,False,False,False
17障127,17.521848778442124,0,63,-0.2890674683471122,False,False,False
17障125,17.521848778442124,0,78,0.1927116455647415,False,False,False
18障41,17.521314062290138,0,59,-0.41754189872360653,False,False,False
28障163,17.519921334990247,0,132,1.9271164556474147,False,False,False
24障366,17.519603577159227,0,156,2.697963037906381,False,False,False
26障344,17.51586707068356,0,49,-0.7387279746648423,False,False,False
26障23,17.515382863486792,0,79,0.22483025315886507,False,False,False
25障317,17.51299886412585,0,114,1.3489815189531904,False,False,False
21障35,17.512710402790546,0,64,-0.2569488607529887,False,False,False
22障160,17.512455028750516,0,42,-0.9635582278237074,False,False,False
2023障265,17.507695854097758,0,92,0.6423721518824717,False,False,False
17障371,17.507544243556257,0,79,0.22483025315886507,False,False,False
22障223,17.506998294624143,0,87,0.4817791139118537,False,False,False
28障29,17.505310066948034,0,84,0.385423291129483,False,False,False
20障402,17.500648615307316,0,54,-0.5781349366942244,False,False,False
28障167,17.499720867441923,0,90,0.5781349366942244,False,False,False
18障23,17.499158592752103,0,77,0.1605930379706179,False,False,False
26障240,17.498227630928593,0,77,0.1605930379706179,False,False,False
27障376,17.497855634281546,0,82,0.3211860759412358,False,False,False
2020障177,17.496382218852453,0,76,0.12847443037649434,False,False,False
20障104,17.492706547884833,0,49,-0.7387279746648423,False,False,False
17障144,17.488983432694074,0,82,0.3211860759412358,False,False,False
20障213,17.48835233028644,0,99,0.8672024050413367,False,False,False
19障3,17.48502883781005,0,99,0.8672024050413367,False,False,False
2022障142,17.483959140767084,0,73,0.032118607594123584,False,False,False
22障214,17.481693803752737,0,105,1.0599140506060782,False,False,False
22障213,17.481693803752737,0,34,-1.220507088576696,False,False,False
30障103,17.476240242135766,0,47,-0.8029651898530895,False,False,False
17障380,17.476045576496887,0,113,1.3168629113590669,False,False,False
17障381,17.476045576496887,0,90,0.5781349366942244,False,False,False
29障123,17.47558744881134,0,131,1.8949978480532912,False,False,False
25障206,17.475546819878467,0,137,2.087709493618033,False,False,False
2022障253,17.46629552843245,0,62,-0.3211860759412358,False,False,False
24障233,17.464224590480264,0,56,-0.5138977215059773,False,False,False
2019障316,17.463166726672057,0,80,0.2569488607529887,False,False,False
2019障225,17.463166726672057,0,49,-0.7387279746648423,False,False,False
22障52,17.462641672293103,0,77,0.1605930379706179,False,False,False
2019障305,17.461373378805796,0,52,-0.6423721518824717,False,False,False
17障34,17.45959659371742,0,108,1.1562698733884489,False,False,False
19障121,17.45822164168273,0,58,-0.44966050631773014,False,False,False
2019障100,17.456912209833057,0,78,0.1927116455647415,False,False,False
22障299,17.4562380806188,0,51,-0.6744907594765952,False,False,False
2021障23,17.455622306707717,0,109,1.1883884809825724,False,False,False
23障25,17.45531497274333,0,75,0.09635582278237075,False,False,False
2021障151,17.45379393849437,0,91,0.610253544288348,False,False,False
28障312,17.45243599547023,0,73,0.032118607594123584,False,False,False
24障127,17.450512070600922,0,80,0.2569488607529887,False,False,False
17障177,17.44972781681773,0,131,1.8949978480532912,False,False,False
20障461,17.448959819661265,0,27,-1.445337341735561,False,False,False
17障132,17.44869585205552,0,89,0.5460163291001009,False,False,False
2023障87,17.448462775027465,0,167,3.0512677214417403,False,False,False
2022障12,17.4470318718925,0,125,1.7022862024885497,False,False,False
27障370,17.44580095137562,0,59,-0.41754189872360653,False,False,False
30障329,17.444753043780857,0,52,-0.6423721518824717,False,False,False
20障102,17.444412538525878,0,66,-0.1927116455647415,False,False,False
27障117,17.44241758778423,0,132,1.9271164556474147,False,False,False
19障16,17.44189635877233,0,129,1.830760632865044,False,False,False
30障182,17.435890586138758,0,58,-0.44966050631773014,False,False,False
18障147,17.43539168059092,0,62,-0.3211860759412358,False,False,False
18障172,17.434450976247618,0,61,-0.3533046835353594,False,False,False
2022障148,17.433163739341996,0,129,1.830760632865044,False,False,False
29障29,17.43140392427398,0,168,3.083386329035864,False,False,False
2023障67,17.431337192268476,0,114,1.3489815189531904,False,False,False
19障13,17.428814763061453,0,60,-0.385423291129483,False,False,False
25障23,17.427846467658455,0,75,0.09635582278237075,False,False,False
23障121,17.42386520029335,0,45,-0.8672024050413367,False,False,False
27障13,17.419293794520595,0,103,0.995676835417831,False,False,False
2019障27,17.414492978223073,0,113,1.3168629113590669,False,False,False
27障87,17.41399658616836,0,47,-0.8029651898530895,False,False,False
27障22,17.41236395443859,0,105,1.0599140506060782,False,False,False
29障83,17.41165131017775,0,82,0.3211860759412358,False,False,False
2020障333,17.41109465531379,0,66,-0.1927116455647415,False,False,False
18障497,17.40879446526296,0,67,-0.1605930379706179,False,False,False
2023障64,17.407711210353398,0,130,1.8628792404591676,False,False,False
2020障107,17.40739843191771,0,107,1.1241512657943253,False,False,False
2021障110,17.403791253146117,0,82,0.3211860759412358,False,False,False
27障249,17.4034466596427,0,58,-0.44966050631773014,False,False,False
22障133,17.398726562135064,0,78,0.1927116455647415,False,False,False
22障134,17.398726562135064,0,54,-0.5781349366942244,False,False,False
23障336,17.3980044575485,0,69,-0.09635582278237075,False,False,False
2019障159,17.395696776967977,0,61,-0.3533046835353594,False,False,False
2021障149,17.39551034077142,0,74,0.06423721518824717,False,False,False
21障27,17.394825900947684,0,119,1.5095745569238084,False,False,False
26障149,17.39405837382619,0,28,-1.4132187341414375,False,False,False
27障378,17.39378374927533,0,75,0.09635582278237075,False,False,False
26障104,17.392373688695486,0,47,-0.8029651898530895,False,False,False
21障460,17.39232083837013,0,112,1.2847443037649433,False,False,False
17障290,17.39212834512788,0,75,0.09635582278237075,False,False,False
29障347,17.392011878466487,0,173,3.2439793670064816,False,False,False
2022障252,17.38994773127033,0,85,0.41754189872360653,False,False,False
21障399,17.388404062521843,0,81,0.2890674683471122,False,False,False
20障291,17.386015640321666,0,38,-1.0920326582002018,False,False,False
20障255,17.385809979456624,0,63,-0.2890674683471122,False,False,False
23障242,17.385758557482887,0,45,-0.8672024050413367,False,False,False
18障63,17.385578324133505,0,69,-0.09635582278237075,False,False,False
20障156,17.38493049686655,0,54,-0.5781349366942244,False,False,False
30障222,17.383349304804945,0,110,1.220507088576696,False,False,False
30障19,17.38049271821633,0,98,0.8350837974472131,False,False,False
27障245,17.378758549236736,0,82,0.3211860759412358,False,False,False
22障424,17.37829213209629,0,74,0.06423721518824717,False,False,False
28障376,17.377693252249426,0,52,-0.6423721518824717,False,False,False
22障300,17.37720263503287,0,72,0.0,False,False,False
24障147,17.376721179670664,0,55,-0.5460163291001009,False,False,False
17障364,17.37439328846336,0,57,-0.4817791139118537,False,False,False
18障9,17.373610208714357,0,88,0.5138977215059773,False,False,False
30障72,17.371804134712363,0,100,0.8993210126354603,False,False,False
27障27,17.37157735455838,0,157,2.7300816455005044,False,False,False
2023障10,17.3697908821342,0,84,0.385423291129483,False,False,False
24障149,17.36712269706114,0,135,2.0234722784297854,False,False,False
2021障89,17.363586405444458,0,48,-0.770846582258966,False,False,False
29障171,17.363460184916068,0,133,1.9592350632415385,False,False,False
23障160,17.36017097432611,0,92,0.6423721518824717,False,False,False
23障161,17.36017097432611,0,62,-0.3211860759412358,False,False,False
23障162,17.36017097432611,0,48,-0.770846582258966,False,False,False
2021障277,17.357403697960955,0,136,2.0555908860239094,False,False,False
30障116,17.356946343022774,0,77,0.1605930379706179,False,False,False
18障123,17.35623796494121,0,75,0.09635582278237075,False,False,False
19障425,17.35534384122037,0,36,-1.1562698733884489,False,False,False
30障355,17.352818669503193,0,42,-0.9635582278237074,False,False,False
2022障246,17.348393564598005,0,97,0.8029651898530895,False,False,False
30障152,17.3482488377949,0,49,-0.7387279746648423,False,False,False
2022障154,17.346635282090453,0,78,0.1927116455647415,False,False,False
30障99,17.34656415266419,0,55,-0.5460163291001009,False,False,False
17障107,17.344170233860723,0,56,-0.5138977215059773,False,False,False
28障217,17.342440443715837,0,51,-0.6744907594765952,False,False,False
2020障229,17.34075116290005,0,101,0.9314396202295838,False,False,False
2020障389,17.336351912092983,0,57,-0.4817791139118537,False,False,False
22障257,17.3350558002241,0,70,-0.06423721518824717,False,False,False
17障81,17.331922340994854,0,62,-0.3211860759412358,False,False,False
23障90,17.32824703899915,0,106,1.0920326582002018,False,False,False
2023障253,17.325180705707773,0,85,0.41754189872360653,False,False,False
22障285,17.32389261662421,0,79,0.22483025315886507,False,False,False
28障30,17.32306353151046,0,81,0.2890674683471122,False,False,False
24障183,17.323006300669757,0,39,-1.0599140506060782,False,False,False
2019障291,17.319774815831693,0,43,-0.9314396202295838,False,False,False
2023障76,17.318651163505475,0,87,0.4817791139118537,False,False,False
25障236,17.318619254645256,0,105,1.0599140506060782,False,False,False
18障425,17.315480506491962,0,60,-0.385423291129483,False,False,False
2020障119,17.31538455729928,0,45,-0.8672024050413367,False,False,False
2021障272,17.312554567858207,0,56,-0.5138977215059773,False,False,False
18障502,17.312491236717644,0,31,-1.3168629113590669,False,False,False
18障503,17.312491236717644,0,68,-0.12847443037649434,False,False,False
18障504,17.312491236717644,0,59,-0.41754189872360653,False,False,False
29障134,17.312274134884888,0,164,2.954911898659369,False,False,False
23障245,17.309410760320766,0,142,2.2483025315886507,False,False,False
18障70,17.309230526971383,0,69,-0.09635582278237075,False,False,False
22障76,17.30590405516568,0,138,2.1198281012121565,False,False,False
23障69,17.303211683405134,0,89,0.5460163291001009,False,False,False
22障25,17.302979038215625,0,58,-0.44966050631773014,False,False,False
22障425,17.30194433493417,0,105,1.0599140506060782,False,False,False
19障220,17.30085652198433,0,53,-0.610253544288348,False,False,False
2023障125,17.300453762659817,0,102,0.9635582278237074,False,False,False
29障239,17.297988681145004,0,165,2.987030506253493,False,False,False
18障319,17.297841066737,0,47,-0.8029651898530895,False,False,False
25障5,17.297511135773426,0,71,-0.032118607594123584,False,False,False
18障167,17.296755923281886,0,63,-0.2890674683471122,False,False,False
30障123,17.29362963217381,0,68,-0.12847443037649434,False,False,False
19障27,17.29245246418012,0,79,0.22483025315886507,False,False,False
17障215,17.291336761643734,0,70,-0.06423721518824717,False,False,False
2021障71,17.289377523216064,0,74,0.06423721518824717,False,False,False
18障267,17.2886282236684,0,51,-0.6744907594765952,False,False,False
27障177,17.28798197937869,0,76,0.12847443037649434,False,False,False
18障30,17.28739659849536,0,40,-1.0277954430119547,False,False,False
30障187,17.28534871979911,0,69,-0.09635582278237075,False,False,False
2020障174,17.283188998391413,0,91,0.610253544288348,False,False,False
29障219,17.282041972785912,0,83,0.3533046835353594,False,False,False
2019障312,17.28124233699539,0,49,-0.7387279746648423,False,False,False
26障275,17.279603933853608,0,130,1.8628792404591676,False,False,False
17障164,17.278683190448852,0,99,0.8672024050413367,False,False,False
22障386,17.275304989502487,0,51,-0.6744907594765952,False,False,False
29障251,17.274167492074422,0,116,1.4132187341414375,False,False,False
21障180,17.273501411287082,0,68,-0.12847443037649434,False,False,False
2019障30,17.273033042665713,0,75,0.09635582278237075,False,False,False
2022障244,17.272045767435884,0,87,0.4817791139118537,False,False,False
2019障127,17.269125328315223,0,66,-0.1927116455647415,False,False,False
22障132,17.269050472663487,0,26,-1.4774559493296846,False,False,False
27障127,17.263779784946276,0,113,1.3168629113590669,False,False,False
28障87,17.263246651095248,0,57,-0.4817791139118537,False,False,False
30障16,17.26291779688942,0,126,1.7344048100826734,False,False,False
28障95,17.261107736161524,0,94,0.7066093670707188,False,False,False
25障98,17.261107736161524,0,31,-1.3168629113590669,False,False,False
27障224,17.260924295292202,0,177,3.372453797382976,False,False,False
26障5,17.25928992295323,0,50,-0.7066093670707188,False,False,False
19障169,17.255738066799932,0,95,0.7387279746648423,False,False,False
23障260,17.254623050720113,0,49,-0.7387279746648423,False,False,False
28障123,17.25416686644235,0,44,-0.8993210126354603,False,False,False
23障91,17.25189924183703,0,49,-0.7387279746648423,False,False,False
23障92,17.25189924183703,0,59,-0.41754189872360653,False,False,False
2020障178,17.25169033133204,0,159,2.7943188606887515,False,False,False
29障182,17.248579908917648,0,64,-0.2569488607529887,False,False,False
2020障74,17.24295872013664,0,60,-0.385423291129483,False,False,False
25障238,17.242271457483135,0,35,-1.1883884809825724,False,False,False
25障237,17.242271457483135,0,46,-0.8350837974472131,False,False,False
2022障45,17.236655911049738,0,113,1.3168629113590669,False,False,False
25障118,17.23620044546794,0,88,0.5138977215059773,False,False,False
30障255,17.234588505793766,0,53,-0.610253544288348,False,False,False
19障175,17.23038189502264,0,71,-0.032118607594123584,False,False,False
29障22,17.229680058974356,0,134,1.991353670835662,False,False,False
23障110,17.226991951143447,0,92,0.6423721518824717,False,False,False
23障112,17.226991951143447,0,70,-0.06423721518824717,False,False,False
2022障139,17.22468550519501,0,72,0.0,False,False,False
26障28,17.224459297110837,0,102,0.9635582278237074,False,False,False
2020障270,17.220343095688502,0,127,1.766523417676797,False,False,False
2020障78,17.21976639600508,0,55,-0.5460163291001009,False,False,False
25障229,17.219094623895902,0,54,-0.5781349366942244,False,False,False
21障452,17.21891507689012,0,116,1.4132187341414375,False,False,False
21障453,17.21891507689012,0,29,-1.381100126547314,False,False,False
2020障37,17.217222837964258,0,58,-0.44966050631773014,False,False,False
2023障146,17.216908973218693,0,118,1.4774559493296846,False,False,False
21障109,17.215425546321928,0,104,1.0277954430119547,False,False,False
17障357,17.21541480050745,0,176,3.3403351897888522,False,False,False
17障356,17.21541480050745,0,54,-0.5781349366942244,False,False,False
2020障336,17.213583688521577,0,54,-0.5781349366942244,False,False,False
27障110,17.208913188326147,0,59,-0.41754189872360653,False,False,False
23障233,17.20685172930739,0,66,-0.1927116455647415,False,False,False
25障214,17.20429010523502,0,56,-0.5138977215059773,False,False,False
26障251,17.204050244662938,0,108,1.1562698733884489,False,False,False
2020障169,17.20236114601288,0,66,-0.1927116455647415,False,False,False
25障24,17.19998142538248,0,90,0.5781349366942244,False,False,False
2020障236,17.19543566534666,0,86,0.44966050631773014,False,False,False
19障488,17.194290029584728,0,89,0.5460163291001009,False,False,False
24障124,17.189089143758032,0,63,-0.2890674683471122,False,False,False
25障70,17.187778371208548,0,111,1.2526256961708195,False,False,False
28障96,17.184759938999402,0,71,-0.032118607594123584,False,False,False
24障153,17.18214827403886,0,131,1.8949978480532912,False,False,False
2023障233,17.180794527324544,0,144,2.3125397467768978,False,False,False
23障108,17.180257642177587,0,25,-1.5095745569238084,False,False,False
2023障19,17.17934452483416,0,133,1.9592350632415385,False,False,False
19障262,17.179070200363302,0,90,0.5781349366942244,False,False,False
24障165,17.176988057143777,0,92,0.6423721518824717,False,False,False
17障156,17.176124159435478,0,47,-0.8029651898530895,False,False,False
27障344,17.173527539406106,0,40,-1.0277954430119547,False,False,False
24障146,17.17302262702201,0,89,0.5460163291001009,False,False,False
27障71,17.170300538585803,0,114,1.3489815189531904,False,False,False
24障269,17.170252865079647,0,171,3.1797421518182345,False,False,False
27障90,17.16816162365208,0,134,1.991353670835662,False,False,False
24障81,17.166569442331365,0,126,1.7344048100826734,False,False,False
27障61,17.164179677255895,0,32,-1.2847443037649433,False,False,False
24障90,17.164053788164015,0,142,2.2483025315886507,False,False,False
30障256,17.158240708631645,0,40,-1.0277954430119547,False,False,False
22障298,17.15707482579306,0,34,-1.220507088576696,False,False,False
30障63,17.15455728588336,0,91,0.610253544288348,False,False,False
21障198,17.15274046515666,0,75,0.09635582278237075,False,False,False
18障12,17.15011460986632,0,66,-0.1927116455647415,False,False,False
26障69,17.14955715838835,0,98,0.8350837974472131,False,False,False
2023障296,17.148785674453443,0,57,-0.4817791139118537,False,False,False
2023障298,17.148785674453443,0,117,1.445337341735561,False,False,False
19障430,17.14714434240756,0,24,-1.541693164517932,False,False,False
2022障11,17.141703230326943,0,112,1.2847443037649433,False,False,False
19障235,17.141127115883158,0,44,-0.8993210126354603,False,False,False
2021障3,17.140716169484286,0,64,-0.2569488607529887,False,False,False
29障92,17.14030817642857,0,69,-0.09635582278237075,False,False,False
18障490,17.139085475237636,0,30,-1.3489815189531904,False,False,False
18障491,17.139085475237636,0,44,-0.8993210126354603,False,False,False
18障492,17.139085475237636,0,66,-0.1927116455647415,False,False,False
2019障60,17.13622252774169,0,109,1.1883884809825724,False,False,False
17障165,17.134373160152823,0,117,1.445337341735561,False,False,False
21障218,17.134253496129176,0,32,-1.2847443037649433,False,False,False
29障221,17.12582751553318,0,63,-0.2890674683471122,False,False,False
29障12,17.12349160925128,0,66,-0.1927116455647415,False,False,False
26障143,17.122625322832594,0,67,-0.1605930379706179,False,False,False
26障122,17.12163143548562,0,36,-1.1562698733884489,False,False,False
26障106,17.120792566116876,0,47,-0.8029651898530895,False,False,False
30障346,17.12009644110007,0,45,-0.8672024050413367,False,False,False
28障320,17.118833977843853,0,163,2.9227932910652457,False,False,False
18障183,17.118118120443928,0,48,-0.770846582258966,False,False,False
2019障116,17.114983388691922,0,75,0.09635582278237075,False,False,False
22障139,17.113642142016282,0,52,-0.6423721518824717,False,False,False
24障125,17.112741346595914,0,68,-0.12847443037649434,False,False,False
25障186,17.111949245536323,0,64,-0.2569488607529887,False,False,False
29障14,17.111117806858218,0,84,0.385423291129483,False,False,False
26障222,17.10843208336874,0,42,-0.9635582278237074,False,False,False
2021障309,17.104660869544503,0,60,-0.385423291129483,False,False,False
21障104,17.104468475735946,0,61,-0.3533046835353594,False,False,False
27障367,17.104242731652167,0,113,1.3168629113590669,False,False,False
29障216,17.102201533618103,0,52,-0.6423721518824717,False,False,False
2023障93,17.101607085808485,0,149,2.4731327847475155,False,False,False
2023障164,17.097615074105697,0,94,0.7066093670707188,False,False,False
2019障191,17.09662280734419,0,50,-0.7066093670707188,False,False,False
21障382,17.09614685331871,0,71,-0.032118607594123584,False,False,False
21障384,17.09614685331871,0,105,1.0599140506060782,False,False,False
21障381,17.09614685331871,0,79,0.22483025315886507,False,False,False
30障350,17.094546482664406,0,44,-0.8993210126354603,False,False,False
22障175,17.094389676741358,0,66,-0.1927116455647415,False,False,False
17障137,17.094004982306732,0,159,2.7943188606887515,False,False,False
27障91,17.091813826489958,0,46,-0.8350837974472131,False,False,False
2022障103,17.089571153293218,0,22,-1.605930379706179,False,False,False
20障154,17.085767242040813,0,56,-0.5138977215059773,False,False,False
20障87,17.08563917714038,0,53,-0.610253544288348,False,False,False
22障163,17.083496790573303,0,89,0.5460163291001009,False,False,False
25障50,17.082949409435784,0,98,0.8350837974472131,False,False,False
2022障2,17.082240677536834,0,100,0.8993210126354603,False,False,False
17障145,17.08180994129895,0,58,-0.44966050631773014,False,False,False
21障77,17.079809859375548,0,55,-0.5460163291001009,False,False,False
24障129,17.079208914671042,0,54,-0.5781349366942244,False,False,False
27障105,17.079101576804156,0,34,-1.220507088576696,False,False,False
25障364,17.07852999742369,0,92,0.6423721518824717,False,False,False
25障362,17.07852999742369,0,54,-0.5781349366942244,False,False,False
23障105,17.077596207410387,0,98,0.8350837974472131,False,False,False
18障96,17.076328054885185,0,69,-0.09635582278237075,False,False,False
26障76,17.071681710433992,0,64,-0.2569488607529887,False,False,False
19障177,17.070763643777653,0,54,-0.5781349366942244,False,False,False
23障374,17.069321503099196,0,112,1.2847443037649433,False,False,False
25障108,17.065466039886406,0,117,1.445337341735561,False,False,False
25障51,17.061896000237954,0,67,-0.1605930379706179,False,False,False
23障31,17.05864980725831,0,77,0.1605930379706179,False,False,False
2019障315,17.057701618563893,0,42,-0.9635582278237074,False,False,False
2021障206,17.057515182367336,0,78,0.1927116455647415,False,False,False
26障18,17.057492479565067,0,47,-0.8029651898530895,False,False,False
2021障115,17.05748228089955,0,95,0.7387279746648423,False,False,False
17障178,17.055073624813783,0,50,-0.7066093670707188,False,False,False
2019障117,17.054338526810035,0,127,1.766523417676797,False,False,False
2019障1,17.054201534705072,0,76,0.12847443037649434,False,False,False
27障227,17.053707183679492,0,71,-0.032118607594123584,False,False,False
29障255,17.053509664616275,0,65,-0.22483025315886507,False,False,False
21障84,17.050053605047076,0,62,-0.3211860759412358,False,False,False
24障140,17.049254858550736,0,63,-0.2890674683471122,False,False,False
30障219,17.04391155922141,0,63,-0.2890674683471122,False,False,False
26障392,17.04030878460349,0,77,0.1605930379706179,False,False,False
26障393,17.04030878460349,0,69,-0.09635582278237075,False,False,False
2019障83,17.039917003026247,0,22,-1.605930379706179,False,False,False
2019障12,17.03952864320763,0,99,0.8672024050413367,False,False,False
26障172,17.039095461452114,0,79,0.22483025315886507,False,False,False
26障175,17.039095461452114,0,130,1.8628792404591676,False,False,False
29障58,17.03849764686495,0,65,-0.22483025315886507,False,False,False
2020障388,17.037188657267247,0,63,-0.2890674683471122,False,False,False
25障304,17.03419105313267,0,22,-1.605930379706179,False,False,False
18障5,17.033015248030132,0,49,-0.7387279746648423,False,False,False
25障25,17.032741050642283,0,45,-0.8672024050413367,False,False,False
28障335,17.03138431024652,0,60,-0.385423291129483,False,False,False
28障336,17.03138431024652,0,29,-1.381100126547314,False,False,False
19障39,17.030983277907385,0,113,1.3168629113590669,False,False,False
23障310,17.030001537137355,0,39,-1.0599140506060782,False,False,False
2022障63,17.029623416528207,0,149,2.4731327847475155,False,False,False
26障350,17.026069408427485,0,63,-0.2890674683471122,False,False,False
30障76,17.0258721744027,0,92,0.6423721518824717,False,False,False
29障217,17.025853736455982,0,72,0.0,False,False,False
29障218,17.025853736455982,0,76,0.12847443037649434,False,False,False
2023障94,17.025259288646367,0,93,0.6744907594765952,False,False,False
24障29,17.023695099981776,0,53,-0.610253544288348,False,False,False
26障56,17.023674787417757,0,100,0.8993210126354603,False,False,False
20障390,17.023547927271512,0,47,-0.8029651898530895,False,False,False
2021障117,17.022881875879882,0,176,3.3403351897888522,False,False,False
20障140,17.021614485886474,0,37,-1.1241512657943253,False,False,False
2023障78,17.01948790867974,0,124,1.6701675948944261,False,False,False
27障68,17.016956810744748,0,93,0.6744907594765952,False,False,False
2020障99,17.01610249273509,0,57,-0.4817791139118537,False,False,False
2023障243,17.015737986347673,0,119,1.5095745569238084,False,False,False
19障281,17.014033751585867,0,60,-0.385423291129483,False,False,False
29障187,17.013648960438566,0,166,3.0191491138476167,False,False,False
28障59,17.013601990879,0,39,-1.0599140506060782,False,False,False
25障15,17.013211334890254,0,68,-0.12847443037649434,False,False,False
2019障154,17.009906260445756,0,118,1.4774559493296846,False,False,False
25障320,17.00975537548148,0,59,-0.41754189872360653,False,False,False
20障155,17.00941944487869,0,72,0.0,False,False,False
18障163,17.006743022929662,0,104,1.0277954430119547,False,False,False
24障398,17.0065114050202,0,55,-0.5460163291001009,False,False,False
22障393,16.99950723232516,0,47,-0.8029651898530895,False,False,False
2020障8,16.99689616004491,0,68,-0.12847443037649434,False,False,False
19障427,16.9951740088512,0,38,-1.0920326582002018,False,False,False
2019障84,16.992578430710726,0,73,0.032118607594123584,False,False,False
2020障339,16.990042970090077,0,44,-0.8993210126354603,False,False,False
20障440,16.98953933864288,0,34,-1.220507088576696,False,False,False
20障295,16.98927922304264,0,63,-0.2890674683471122,False,False,False
21障262,16.98787512082963,0,79,0.22483025315886507,False,False,False
27障375,16.986849049967763,0,109,1.1883884809825724,False,False,False
30障220,16.986274750175326,0,52,-0.6423721518824717,False,False,False
30障189,16.98546020420549,0,50,-0.7066093670707188,False,False,False
17障78,16.983853293231082,0,81,0.2890674683471122,False,False,False
2019障314,16.981353821401772,0,52,-0.6423721518824717,False,False,False
2021障116,16.981134483737428,0,47,-0.8029651898530895,False,False,False
30障42,16.980380905553808,0,70,-0.06423721518824717,False,False,False
2020障347,16.978652740042495,0,96,0.770846582258966,False,False,False
2023障168,16.978026998819054,0,22,-1.605930379706179,False,False,False
2022障75,16.97782344368461,0,116,1.4132187341414375,False,False,False
19障171,16.97644942564112,0,96,0.770846582258966,False,False,False
29障277,16.974210129277235,0,71,-0.032118607594123584,False,False,False
2021障314,16.97273798945896,0,51,-0.6744907594765952,False,False,False
2021障315,16.97273798945896,0,40,-1.0277954430119547,False,False,False
2021障109,16.97200883672058,0,66,-0.1927116455647415,False,False,False
2019障323,16.96996359135419,0,126,1.7344048100826734,False,False,False
26障395,16.963960987441368,0,38,-1.0920326582002018,False,False,False
26障398,16.963960987441368,0,41,-0.995676835417831,False,False,False
17障74,16.95661269306996,0,60,-0.385423291129483,False,False,False
24障6,16.95586563398421,0,103,0.995676835417831,False,False,False
24障7,16.95586563398421,0,75,0.09635582278237075,False,False,False
23障226,16.955380908874897,0,101,0.9314396202295838,False,False,False
28障237,16.955036513084398,0,103,0.995676835417831,False,False,False
24障41,16.953320827844234,0,59,-0.41754189872360653,False,False,False
2022障62,16.953275619366085,0,105,1.0599140506060782,False,False,False
21障226,16.953171070177017,0,94,0.7066093670707188,False,False,False
19障200,16.949713109155958,0,34,-1.220507088576696,False,False,False
24障271,16.9495950376215,0,89,0.5460163291001009,False,False,False
24障358,16.94797548779545,0,177,3.372453797382976,False,False,False
30障353,16.947353561395026,0,63,-0.2890674683471122,False,False,False
23障113,16.945795117292118,0,58,-0.44966050631773014,False,False,False
26障177,16.945367739308185,0,48,-0.770846582258966,False,False,False
26障247,16.944908837750305,0,69,-0.09635582278237075,False,False,False
2023障77,16.943140111517618,0,86,0.44966050631773014,False,False,False
28障94,16.94102114034518,0,75,0.09635582278237075,False,False,False
24障142,16.94067813717767,0,77,0.1605930379706179,False,False,False
17障311,16.9406191848412,0,41,-0.995676835417831,False,False,False
21障297,16.9391832518278,0,52,-0.6423721518824717,False,False,False
23障107,16.93666947027527,0,97,0.8029651898530895,False,False,False
23障317,16.936273814993427,0,86,0.44966050631773014,False,False,False
30障358,16.935963331347445,0,72,0.0,False,False,False
27障292,16.935893332425096,0,61,-0.3533046835353594,False,False,False
2020障66,16.935433890120844,0,83,0.3533046835353594,False,False,False
24障274,16.933486700133358,0,101,0.9314396202295838,False,False,False
20障69,16.93251620600866,0,80,0.2569488607529887,False,False,False
29障3,16.930157298916164,0,90,0.5781349366942244,False,False,False
27障270,16.928667517515542,0,99,0.8672024050413367,False,False,False
20障447,16.928096793996563,0,80,0.2569488607529887,False,False,False
20障449,16.928096793996563,0,50,-0.7066093670707188,False,False,False
22障12,16.92801470320018,0,91,0.610253544288348,False,False,False
22障11,16.92801470320018,0,60,-0.385423291129483,False,False,False
26障146,16.92362775267178,0,45,-0.8672024050413367,False,False,False
18障165,16.921244871294025,0,49,-0.7387279746648423,False,False,False
27障49,16.920655878369555,0,126,1.7344048100826734,False,False,False
21障213,16.918538498913005,0,82,0.3211860759412358,False,False,False
29障330,16.918410471728894,0,38,-1.0920326582002018,False,False,False
26障22,16.918172040659964,0,47,-0.8029651898530895,False,False,False
2020障243,16.91752841092525,0,71,-0.032118607594123584,False,False,False
22障446,16.91698556857149,0,83,0.3533046835353594,False,False,False
22障447,16.91698556857149,0,33,-1.2526256961708195,False,False,False
20障18,16.915190258547355,0,55,-0.5460163291001009,False,False,False
20障14,16.908833137456607,0,73,0.032118607594123584,False,False,False
20障145,16.906734209888054,0,54,-0.5781349366942244,False,False,False
20障178,16.906335331231407,0,25,-1.5095745569238084,False,False,False
26障349,16.90542507021662,0,74,0.06423721518824717,False,False,False
19障161,16.905262857709854,0,43,-0.9314396202295838,False,False,False
2019障119,16.904973122771864,0,22,-1.605930379706179,False,False,False
2020障348,16.902304942880374,0,145,2.3446583543710213,False,False,False
21障298,16.902235565023485,0,64,-0.2569488607529887,False,False,False
24障244,16.902193047998477,0,78,0.1927116455647415,False,False,False
24障31,16.89766270738056,0,54,-0.5781349366942244,False,False,False
2019障301,16.895451820473173,0,54,-0.5781349366942244,False,False,False
19障484,16.895126774758992,0,43,-0.9314396202295838,False,False,False
19障230,16.893913451607617,0,141,2.216183923994527,False,False,False
19障231,16.893913451607617,0,46,-0.8350837974472131,False,False,False
2023障85,16.892365873158244,0,96,0.770846582258966,False,False,False
22障13,16.890887621854027,0,96,0.770846582258966,False,False,False
20障23,16.890547535664943,0,55,-0.5460163291001009,False,False,False
20障25,16.890547535664943,0,95,0.7387279746648423,False,False,False
20障24,16.890547535664943,0,111,1.2526256961708195,False,False,False
30障242,16.89018089155047,0,41,-0.995676835417831,False,False,False
29障178,16.889673400419863,0,126,1.7344048100826734,False,False,False
17障367,16.88481952729286,0,64,-0.2569488607529887,False,False,False
2022障207,16.882937000311404,0,110,1.220507088576696,False,False,False
22障206,16.88106613908359,0,68,-0.12847443037649434,False,False,False
2021障135,16.880632088729513,0,158,2.762200253094628,False,False,False
2021障68,16.880533607436536,0,135,2.0234722784297854,False,False,False
17障382,16.87699380607753,0,25,-1.5095745569238084,False,False,False
17障148,16.876074946042678,0,81,0.2890674683471122,False,False,False
22障269,16.87522863824975,0,106,1.0920326582002018,False,False,False
24障144,16.873859372196275,0,61,-0.3533046835353594,False,False,False
21障387,16.872606134887214,0,59,-0.41754189872360653,False,False,False
30障17,16.872362504628672,0,57,-0.4817791139118537,False,False,False
18障120,16.8712951462424,0,68,-0.12847443037649434,False,False,False
30障128,16.870972862765118,0,93,0.6744907594765952,False,False,False
23障17,16.870486550154013,0,124,1.6701675948944261,False,False,False
2023障258,16.86780896584555,0,113,1.3168629113590669,False,False,False
29障38,16.867363300713528,0,48,-0.770846582258966,False,False,False
30障5,16.862682861302364,0,63,-0.2890674683471122,False,False,False
30障384,16.86257636848665,0,105,1.0599140506060782,False,False,False
18障285,16.861427990878816,0,69,-0.09635582278237075,False,False,False
19障435,16.860342132500012,0,120,1.541693164517932,False,False,False
2022障110,16.858671498150333,0,148,2.441014177153392,False,False,False
30障272,16.858283345834455,0,45,-0.8672024050413367,False,False,False
2021障38,16.857404758912807,0,75,0.09635582278237075,False,False,False
18障21,16.857105915373474,0,99,0.8672024050413367,False,False,False
21障12,16.85443315953095,0,86,0.44966050631773014,False,False,False
18障159,16.850058303362758,0,75,0.09635582278237075,False,False,False
18障160,16.850058303362758,0,64,-0.2569488607529887,False,False,False
22障401,16.84509030826366,0,123,1.6380489873003026,False,False,False
19障11,16.844481003723004,0,33,-1.2526256961708195,False,False,False
18障89,16.844341632423994,0,68,-0.12847443037649434,False,False,False
2021障29,16.84429615354927,0,75,0.09635582278237075,False,False,False
19障305,16.843956174411247,0,89,0.5460163291001009,False,False,False
25障233,16.840549171644028,0,61,-0.3533046835353594,False,False,False
25障176,16.840171373605212,0,58,-0.44966050631773014,False,False,False
2022障68,16.834583934415196,0,129,1.830760632865044,False,False,False
2022障76,16.8345407022573,0,155,2.6658444303122573,False,False,False
29障126,16.834204051883656,0,112,1.2847443037649433,False,False,False
21障407,16.826803152558718,0,50,-0.7066093670707188,False,False,False
24障92,16.82516579699644,0,67,-0.1605930379706179,False,False,False
2022障73,16.824540018685994,0,118,1.4774559493296846,False,False,False
22障402,16.824036899065828,0,159,2.7943188606887515,False,False,False
20障279,16.82377843697484,0,28,-1.4132187341414375,False,False,False
23障14,16.821077002155807,0,80,0.2569488607529887,False,False,False
18障14,16.82065856387194,0,88,0.5138977215059773,False,False,False
18障173,16.8164170991125,0,55,-0.5460163291001009,False,False,False
24障110,16.81593522953875,0,72,0.0,False,False,False
27障179,16.8125050193933,0,82,0.3211860759412358,False,False,False
27障180,16.8125050193933,0,41,-0.995676835417831,False,False,False
25障132,16.81101360223353,0,179,3.4366910125712233,False,False,False
2023障240,16.810302453665866,0,140,2.1840653164004036,False,False,False
2023障181,16.806309970447828,0,72,0.0,False,False,False
20障391,16.80460330965727,0,89,0.5460163291001009,False,False,False
20障162,16.804570408189484,0,54,-0.5781349366942244,False,False,False
17障155,16.80061310744762,0,95,0.7387279746648423,False,False,False
26障235,16.798698761366047,0,67,-0.1605930379706179,False,False,False
26障223,16.798698761366047,0,139,2.15194670880628,False,False,False
2021障91,16.797664847111836,0,59,-0.41754189872360653,False,False,False
21障25,16.797615078120856,0,73,0.032118607594123584,False,False,False
21障148,16.796225436257306,0,84,0.385423291129483,False,False,False
20障448,16.796173913911016,0,77,0.1605930379706179,False,False,False
2020障160,16.794622137390792,0,73,0.032118607594123584,False,False,False
25障88,16.79165059339692,0,111,1.2526256961708195,False,False,False
20障134,16.79058793691805,0,89,0.5460163291001009,False,False,False
20障135,16.79058793691805,0,29,-1.381100126547314,False,False,False
2019障216,16.79051868279928,0,57,-0.4817791139118537,False,False,False
24障150,16.790109944639592,0,84,0.385423291129483,False,False,False
28障350,16.78599700557608,0,68,-0.12847443037649434,False,False,False
23障75,16.785517804798086,0,39,-1.0599140506060782,False,False,False
17障19,16.78009038471236,0,76,0.12847443037649434,False,False,False
28障158,16.778153419446575,0,50,-0.7066093670707188,False,False,False
2021障4,16.7779244759442,0,84,0.385423291129483,False,False,False
2022障81,16.77684758429275,0,72,0.0,False,False,False
27障363,16.776188399646355,0,110,1.220507088576696,False,False,False
27障362,16.776188399646355,0,50,-0.7066093670707188,False,False,False
27障364,16.776188399646355,0,64,-0.2569488607529887,False,False,False
18障11,16.774603557878464,0,46,-0.8350837974472131,False,False,False
28障232,16.772906959423068,0,70,-0.06423721518824717,False,False,False
2019障132,16.77192805564047,0,58,-0.44966050631773014,False,False,False
23障155,16.76894492512208,0,57,-0.4817791139118537,False,False,False
2019障77,16.768570072906975,0,82,0.3211860759412358,False,False,False
18障442,16.768026960104066,0,65,-0.22483025315886507,False,False,False
26障114,16.767971191494134,0,71,-0.032118607594123584,False,False,False
17障163,16.766012702427954,0,121,1.5738117721120555,False,False,False
18障487,16.763574423249775,0,49,-0.7387279746648423,False,False,False
19障486,16.763203894673445,0,47,-0.8029651898530895,False,False,False
20障210,16.762491315256238,0,41,-0.995676835417831,False,False,False
2023障183,16.756637286204228,0,163,2.9227932910652457,False,False,False
23障119,16.75525991065169,0,90,0.5781349366942244,False,False,False
28障21,16.753268795880487,0,79,0.22483025315886507,False,False,False
30障243,16.75288922533475,0,94,0.7066093670707188,False,False,False
27障78,16.748020781114022,0,86,0.44966050631773014,False,False,False
29障183,16.746119093333487,0,57,-0.4817791139118537,False,False,False
2023障162,16.74530406260598,0,112,1.2847443037649433,False,False,False
18障230,16.744981175116592,0,48,-0.770846582258966,False,False,False
2021障86,16.74433655480238,0,64,-0.2569488607529887,False,False,False
23障15,16.744060301555994,0,37,-1.1241512657943253,False,False,False
25障321,16.74370223779474,0,94,0.7066093670707188,False,False,False
30障115,16.738079447277,0,129,1.830760632865044,False,False,False
29障176,16.73370165687574,0,121,1.5738117721120555,False,False,False
26障241,16.730142560948746,0,163,2.9227932910652457,False,False,False
27障244,16.72899161209491,0,52,-0.6423721518824717,False,False,False
23障246,16.72684579909358,0,162,2.890674683471122,False,False,False
17障1,16.725304540309516,0,177,3.372453797382976,False,False,False
2023障92,16.725210075253568,0,106,1.0920326582002018,False,False,False
24障135,16.724518044922256,0,108,1.1562698733884489,False,False,False
2022障132,16.723743473174103,0,89,0.5460163291001009,False,False,False
2019障229,16.72287647057832,0,152,2.5694886075298866,False,False,False
2023障65,16.722466836362845,0,103,0.995676835417831,False,False,False
2021障143,16.721987785781568,0,107,1.1241512657943253,False,False,False
26障112,16.719782945669245,0,63,-0.2890674683471122,False,False,False
23障2,16.71951247723747,0,35,-1.1883884809825724,False,False,False
24障28,16.71836645841622,0,22,-1.605930379706179,False,False,False
2023障37,16.714679858451923,0,97,0.8029651898530895,False,False,False
29障230,16.713978231944445,0,92,0.6423721518824717,False,False,False
27障108,16.713246291804886,0,81,0.2890674683471122,False,False,False
26障142,16.710989848094638,0,78,0.1927116455647415,False,False,False
22障372,16.707590083303604,0,47,-0.8029651898530895,False,False,False
22障373,16.707590083303604,0,66,-0.1927116455647415,False,False,False
19障151,16.704342752779784,0,38,-1.0920326582002018,False,False,False
2020障121,16.703107340365133,0,110,1.220507088576696,False,False,False
28障160,16.701805622284454,0,118,1.4774559493296846,False,False,False
21障8,16.699354916359923,0,106,1.0920326582002018,False,False,False
2019障212,16.697681338907802,0,74,0.06423721518824717,False,False,False
28障89,16.697325092762625,0,43,-0.9314396202295838,False,False,False
2020障106,16.69626594719566,0,98,0.8350837974472131,False,False,False
28障97,16.695186177828898,0,38,-1.0920326582002018,False,False,False
2023障148,16.689594884065343,0,138,2.1198281012121565,False,False,False
20障112,16.689511399328747,0,69,-0.09635582278237075,False,False,False
24障139,16.685985566085954,0,35,-1.1883884809825724,False,False,False
19障420,16.685731289491105,0,69,-0.09635582278237075,False,False,False
22障94,16.684007918990563,0,101,0.9314396202295838,False,False,False
28障207,16.682082197353157,0,108,1.1562698733884489,False,False,False
29障59,16.678556246499543,0,131,1.8949978480532912,False,False,False
23障196,16.677601309557733,0,78,0.1927116455647415,False,False,False
30障232,16.674399245663786,0,65,-0.22483025315886507,False,False,False
2021障267,16.672449926613,0,87,0.4817791139118537,False,False,False
2021障269,16.672449926613,0,55,-0.5460163291001009,False,False,False
21障388,16.671935439425063,0,115,1.381100126547314,False,False,False
21障221,16.67180742243061,0,57,-0.4817791139118537,False,False,False
24障354,16.67168364539125,0,24,-1.541693164517932,False,False,False
28障219,16.67136403059043,0,141,2.216183923994527,False,False,False
22障286,16.669879095774984,0,20,-1.6701675948944261,False,False,False
22障387,16.669169185932173,0,118,1.4774559493296846,False,False,False
2019障101,16.668175193836817,0,55,-0.5460163291001009,False,False,False
2021障87,16.66798875764026,0,46,-0.8350837974472131,False,False,False
25障74,16.667097867567616,0,90,0.5781349366942244,False,False,False
30障25,16.65778673541484,0,68,-0.12847443037649434,False,False,False
26障72,16.656022332583042,0,71,-0.032118607594123584,False,False,False
20障130,16.655759200887204,0,81,0.2890674683471122,False,False,False
29障257,16.652107399690113,0,46,-0.8350837974472131,False,False,False
27障80,16.651717552568705,0,75,0.09635582278237075,False,False,False
29障93,16.650734415258064,0,48,-0.770846582258966,False,False,False
2019障15,16.647663224112318,0,54,-0.5781349366942244,False,False,False
24障108,16.64635990955697,0,40,-1.0277954430119547,False,False,False
19障22,16.646042777619048,0,104,1.0277954430119547,False,False,False
23障111,16.645745903899318,0,57,-0.4817791139118537,False,False,False
20障11,16.644993978499617,0,19,-1.7022862024885497,False,False,False
21障19,16.64456907195708,0,125,1.7022862024885497,False,False,False
22障14,16.64180281846419,0,113,1.3168629113590669,False,False,False
27障357,16.632959946441378,0,88,0.5138977215059773,False,False,False
29障21,16.632469236147532,0,83,0.3533046835353594,False,False,False
20障5,16.631616060444294,0,57,-0.4817791139118537,False,False,False
18障412,16.63052673514401,0,48,-0.770846582258966,False,False,False
17障66,16.630230642306575,0,79,0.22483025315886507,False,False,False
2020障237,16.63002269043399,0,78,0.1927116455647415,False,False,False
2019障49,16.628680979176888,0,85,0.41754189872360653,False,False,False
2021障177,16.628426112618893,0,56,-0.5138977215059773,False,False,False
20障103,16.62762173472647,0,55,-0.5460163291001009,False,False,False
26障25,16.627248474284013,0,78,0.1927116455647415,False,False,False
26障326,16.62547776665379,0,52,-0.6423721518824717,False,False,False
17障210,16.623762915277585,0,56,-0.5138977215059773,False,False,False
27障106,16.620208915877246,0,56,-0.5138977215059773,False,False,False
30障174,16.61777487343296,0,68,-0.12847443037649434,False,False,False
2020障104,16.61749526686589,0,51,-0.6744907594765952,False,False,False
17障131,16.61714347082203,0,98,0.8350837974472131,False,False,False
2021障21,16.616946314424077,0,86,0.44966050631773014,False,False,False
2021障15,16.612828196698803,0,108,1.1562698733884489,False,False,False
2023障79,16.612544838303027,0,103,0.995676835417831,False,False,False
2022障71,16.61134679822495,0,85,0.41754189872360653,False,False,False
2022障72,16.61134679822495,0,75,0.09635582278237075,False,False,False
30障102,16.611155428977405,0,58,-0.44966050631773014,False,False,False
29障179,16.610384759261052,0,40,-1.0277954430119547,False,False,False
2023障147,16.60801239639026,0,141,2.216183923994527,False,False,False
23障8,16.60753280403366,0,45,-0.8672024050413367,False,False,False
21障288,16.6054231991226,0,140,2.1840653164004036,False,False,False
23障206,16.604896022198137,0,63,-0.2890674683471122,False,False,False
24障351,16.60409782352825,0,91,0.610253544288348,False,False,False
27障92,16.602240065319453,0,100,0.8993210126354603,False,False,False
23障249,16.59917917169211,0,75,0.09635582278237075,False,False,False
20障138,16.599162433536534,0,103,0.995676835417831,False,False,False
2023障143,16.597659122576612,0,174,3.276097974600605,False,False,False
2023障144,16.597659122576612,0,130,1.8628792404591676,False,False,False
27障33,16.59677187500408,0,52,-0.6423721518824717,False,False,False
2019障302,16.596288565647438,0,122,1.605930379706179,False,False,False
2019障303,16.596288565647438,0,70,-0.06423721518824717,False,False,False
2021障270,16.59610212945088,0,63,-0.2890674683471122,False,False,False
19障224,16.594750196781877,0,77,0.1605930379706179,False,False,False
17障287,16.59332132358356,0,87,0.4817791139118537,False,False,False
2022障126,16.592986216877218,0,85,0.41754189872360653,False,False,False
18障430,16.59210583777258,0,86,0.44966050631773014,False,False,False
22障47,16.591102400872153,0,37,-1.1241512657943253,False,False,False
27障134,16.59004558274814,0,71,-0.032118607594123584,False,False,False
17障383,16.58931173362575,0,90,0.5781349366942244,False,False,False
17障15,16.58468374120662,0,114,1.3489815189531904,False,False,False
25障116,16.58365495891579,0,132,1.9271164556474147,False,False,False
22障389,16.582157808942544,0,40,-1.0277954430119547,False,False,False
25障195,16.580234781525096,0,81,0.2890674683471122,False,False,False
27障151,16.57991715124327,0,88,0.5138977215059773,False,False,False
30障145,16.57865496181475,0,44,-0.8993210126354603,False,False,False
27障228,16.576102174467188,0,26,-1.4774559493296846,False,False,False
2021障214,16.574362142814472,0,96,0.770846582258966,False,False,False
17障10,16.574330467392972,0,58,-0.44966050631773014,False,False,False
26障17,16.572549660866258,0,95,0.7387279746648423,False,False,False
21障67,16.570548583151968,0,64,-0.2569488607529887,False,False,False
28障316,16.569971257330064,0,83,0.3533046835353594,False,False,False
24障128,16.568383290905054,0,111,1.2526256961708195,False,False,False
18障332,16.567340989612568,0,57,-0.4817791139118537,False,False,False
2020障57,16.562998543858647,0,52,-0.6423721518824717,False,False,False
2020障223,16.560953900341637,0,55,-0.5460163291001009,False,False,False
23障315,16.56076276300557,0,42,-0.9635582278237074,False,False,False
22障254,16.55530680682209,0,88,0.5138977215059773,False,False,False
29障234,16.554248825843274,0,73,0.032118607594123584,False,False,False
2021障173,16.553534317667673,0,129,1.830760632865044,False,False,False
20障150,16.55308876135006,0,53,-0.610253544288348,False,False,False
29障94,16.544130958047905,0,62,-0.3211860759412358,False,False,False
20障93,16.543810341976116,0,60,-0.385423291129483,False,False,False
23障29,16.543084442164137,0,58,-0.44966050631773014,False,False,False
29障146,16.541886150933287,0,105,1.0599140506060782,False,False,False
23障207,16.541267583483783,0,118,1.4774559493296846,False,False,False
25障10,16.540393501196032,0,65,-0.22483025315886507,False,False,False
18障124,16.53944716114181,0,40,-1.0277954430119547,False,False,False
27障248,16.53836184648434,0,73,0.032118607594123584,False,False,False
23障164,16.538045269979197,0,158,2.762200253094628,False,False,False
2022障53,16.53628041255928,0,72,0.0,False,False,False
2019障86,16.535436216840246,0,52,-0.6423721518824717,False,False,False
2020障349,16.53337551992074,0,122,1.605930379706179,False,False,False
19障152,16.533346457805965,0,79,0.22483025315886507,False,False,False
22障99,16.532699116551044,0,50,-0.7066093670707188,False,False,False
17障247,16.532419299713236,0,102,0.9635582278237074,False,False,False
26障333,16.531750044509867,0,153,2.60160721512401,False,False,False
2020障39,16.53157863323396,0,119,1.5095745569238084,False,False,False
29障329,16.530012365327377,0,49,-0.7387279746648423,False,False,False
26障102,16.527288875537124,0,37,-1.1241512657943253,False,False,False
26障100,16.527288875537124,0,84,0.385423291129483,False,False,False
26障101,16.527288875537124,0,40,-1.0277954430119547,False,False,False
26障103,16.527288875537124,0,37,-1.1241512657943253,False,False,False
2020障245,16.52719591512856,0,89,0.5460163291001009,False,False,False
25障216,16.525947443335955,0,79,0.22483025315886507,False,False,False
29障331,16.52551949475923,0,42,-0.9635582278237074,False,False,False
29障332,16.52551949475923,0,37,-1.1241512657943253,False,False,False
26障20,16.524540441679896,0,79,0.22483025315886507,False,False,False
26障19,16.524540441679896,0,59,-0.41754189872360653,False,False,False
28障15,16.52363757371975,0,124,1.6701675948944261,False,False,False
2019障317,16.521409490367542,0,56,-0.5138977215059773,False,False,False
20障290,16.520930827163305,0,88,0.5138977215059773,False,False,False
17障275,16.52065788140724,0,53,-0.610253544288348,False,False,False
25障52,16.520067165073687,0,71,-0.032118607594123584,False,False,False
18障61,16.51631831261808,0,60,-0.385423291129483,False,False,False
29障238,16.50816841073224,0,70,-0.06423721518824717,False,False,False
30障229,16.507606850154435,0,34,-1.220507088576696,False,False,False
18障132,16.50605588806636,0,34,-1.220507088576696,False,False,False
30障336,16.503320433460377,0,68,-0.12847443037649434,False,False,False
2023障261,16.50305500136086,0,93,0.6744907594765952,False,False,False
26障8,16.502172288375835,0,56,-0.5138977215059773,False,False,False
19障315,16.498678974688463,0,32,-1.2847443037649433,False,False,False
2023障155,16.498090398330444,0,102,0.9635582278237074,False,False,False
2023障158,16.498090398330444,0,108,1.1562698733884489,False,False,False
24障341,16.497952664926576,0,121,1.5738117721120555,False,False,False
29障247,16.496048195680395,0,104,1.0277954430119547,False,False,False
27障93,16.495636608109297,0,163,2.9227932910652457,False,False,False
2019障114,16.492258672428523,0,88,0.5138977215059773,False,False,False
2019障109,16.492258672428523,0,65,-0.22483025315886507,False,False,False
2019障110,16.492258672428523,0,74,0.06423721518824717,False,False,False
25障9,16.492099491837074,0,76,0.12847443037649434,False,False,False
2021障113,16.491560722566923,0,129,1.830760632865044,False,False,False
2021障112,16.491560722566923,0,111,1.2526256961708195,False,False,False
26障220,16.48918223272666,0,80,0.2569488607529887,False,False,False
30障349,16.487535504953875,0,82,0.3211860759412358,False,False,False
19障31,16.487114822293616,0,55,-0.5460163291001009,False,False,False
23障22,16.48201330166948,0,139,2.15194670880628,False,False,False
21障122,16.481623707949236,0,49,-0.7387279746648423,False,False,False
30障98,16.481479339505828,0,66,-0.1927116455647415,False,False,False
30障97,16.481479339505828,0,114,1.3489815189531904,False,False,False
2022障82,16.477684329467014,0,138,2.1198281012121565,False,False,False
27障358,16.47702514482062,0,45,-0.8672024050413367,False,False,False
25障95,16.475867279285744,0,106,1.0920326582002018,False,False,False
25障215,16.474128280646156,0,50,-0.7066093670707188,False,False,False
2021障45,16.473182523796748,0,71,-0.032118607594123584,False,False,False
23障302,16.471866173793035,0,53,-0.610253544288348,False,False,False
26障85,16.470897695702675,0,105,1.0599140506060782,False,False,False
27障17,16.46981554199065,0,95,0.7387279746648423,False,False,False
2022障249,16.469287835188545,0,94,0.7066093670707188,False,False,False
2023障166,16.46892352189652,0,113,1.3168629113590669,False,False,False
26障113,16.468807936668398,0,75,0.09635582278237075,False,False,False
2022障141,16.465393691192997,0,72,0.0,False,False,False
23障74,16.465301140774518,0,82,0.3211860759412358,False,False,False
18障225,16.46319784527266,0,57,-0.4817791139118537,False,False,False
19障184,16.463091086162372,0,51,-0.6744907594765952,False,False,False
29障112,16.46257738691776,0,79,0.22483025315886507,False,False,False
17障16,16.462350794189163,0,41,-0.995676835417831,False,False,False
23障165,16.461697472817075,0,79,0.22483025315886507,False,False,False
2021障100,16.457420114242648,0,116,1.4132187341414375,False,False,False
23障114,16.456221356121617,0,36,-1.1562698733884489,False,False,False
2020障181,16.453315901950898,0,116,1.4132187341414375,False,False,False
28障192,16.451055648384735,0,107,1.1241512657943253,False,False,False
21障201,16.450847733915918,0,95,0.7387279746648423,False,False,False
28障296,16.450556081113763,0,54,-0.5781349366942244,False,False,False
17障392,16.4499665254893,0,34,-1.220507088576696,False,False,False
29障334,16.44917169759711,0,89,0.5460163291001009,False,False,False
24障74,16.4480485726702,0,64,-0.2569488607529887,False,False,False
23障375,16.44782486184315,0,37,-1.1241512657943253,False,False,False
2022障109,16.435605236533764,0,138,2.1198281012121565,False,False,False
2021障187,16.434842632716787,0,82,0.3211860759412358,False,False,False
26障125,16.433657377958475,0,96,0.770846582258966,False,False,False
29障37,16.431493376755675,0,71,-0.032118607594123584,False,False,False
18障76,16.43125933232776,0,53,-0.610253544288348,False,False,False
2019障324,16.42975576380513,0,106,1.0920326582002018,False,False,False
2020障92,16.42460002395471,0,58,-0.44966050631773014,False,False,False
2019障87,16.42447914625426,0,103,0.995676835417831,False,False,False
26障83,16.42260368634372,0,84,0.385423291129483,False,False,False
2021障90,16.42215379512398,0,110,1.220507088576696,False,False,False
24障343,16.421604867764454,0,74,0.06423721518824717,False,False,False
2022障36,16.421582796343454,0,82,0.3211860759412358,False,False,False
2023障171,16.42123108750328,0,71,-0.032118607594123584,False,False,False
2023障170,16.42123108750328,0,119,1.5095745569238084,False,False,False
27障94,16.419288810947176,0,137,2.087709493618033,False,False,False
2019障209,16.418892017833382,0,72,0.0,False,False,False
25障310,16.41852932627745,0,56,-0.5138977215059773,False,False,False
25障309,16.41852932627745,0,63,-0.2890674683471122,False,False,False
2021障123,16.417745584415204,0,64,-0.2569488607529887,False,False,False
17障360,16.416834416432703,0,50,-0.7066093670707188,False,False,False
21障405,16.415167677820758,0,85,0.41754189872360653,False,False,False
20障133,16.415076884930194,0,39,-1.0599140506060782,False,False,False
18障231,16.414192302212477,0,61,-0.3533046835353594,False,False,False
2020障13,16.413433104336,0,44,-0.8993210126354603,False,False,False
21障371,16.411193081970758,0,55,-0.5460163291001009,False,False,False
2020障217,16.409714308228295,0,63,-0.2890674683471122,False,False,False
30障342,16.40959271131645,0,159,2.7943188606887515,False,False,False
21障71,16.409298208900744,0,114,1.3489815189531904,False,False,False
21障72,16.409298208900744,0,94,0.7066093670707188,False,False,False
18障148,16.40325010850765,0,110,1.220507088576696,False,False,False
19障258,16.39960080063233,0,55,-0.5460163291001009,False,False,False
23障228,16.39946003411358,0,65,-0.22483025315886507,False,False,False
25障205,16.39945886578884,0,45,-0.8672024050413367,False,False,False
26障115,16.398553274857033,0,73,0.032118607594123584,False,False,False
25障97,16.396022923003162,0,63,-0.2890674683471122,False,False,False
19障170,16.395203378396996,0,105,1.0599140506060782,False,False,False
27障113,16.39370910322783,0,41,-0.995676835417831,False,False,False
29障114,16.392322725106396,0,64,-0.2569488607529887,False,False,False
29障113,16.392322725106396,0,177,3.372453797382976,False,False,False
30障11,16.391792600507742,0,82,0.3211860759412358,False,False,False
2023障96,16.390698134099836,0,82,0.3211860759412358,False,False,False
2020障95,16.38934001217003,0,79,0.22483025315886507,False,False,False
25障123,16.38908205328399,0,49,-0.7387279746648423,False,False,False
17障372,16.387667539998784,0,87,0.4817791139118537,False,False,False
2023障154,16.387090479179005,0,167,3.0512677214417403,False,False,False
29障86,16.3862829061823,0,49,-0.7387279746648423,False,False,False
19障89,16.38467316159535,0,57,-0.4817791139118537,False,False,False
20障293,16.383468045456354,0,68,-0.12847443037649434,False,False,False
20障301,16.38160666542736,0,62,-0.3211860759412358,False,False,False
25障365,16.380685559005517,0,49,-0.7387279746648423,False,False,False
24障143,16.374756578845048,0,44,-0.8993210126354603,False,False,False
2023障88,16.368323362768397,0,98,0.8350837974472131,False,False,False
24障113,16.358716076349644,0,85,0.41754189872360653,False,False,False
25障330,16.356451527168986,0,101,0.9314396202295838,False,False,False
21障24,16.355689469781833,0,104,1.0277954430119547,False,False,False
2020障321,16.355258282530144,0,151,2.537369999935763,False,False,False
2020障79,16.35468158284672,0,86,0.44966050631773014,False,False,False
2020障77,16.35468158284672,0,55,-0.5460163291001009,False,False,False
27障103,16.353872290896987,0,92,0.6423721518824717,False,False,False
2023障145,16.351824160060332,0,132,1.9271164556474147,False,False,False
29障91,16.35157116043233,0,39,-1.0599140506060782,False,False,False
28障211,16.351486924138566,0,59,-0.41754189872360653,False,False,False
24障194,16.35133216510937,0,167,3.0512677214417403,False,False,False
23障205,16.348707785868207,0,40,-1.0277954430119547,False,False,False
29障127,16.34463029071315,0,117,1.445337341735561,False,False,False
20障381,16.343190256740815,0,49,-0.7387279746648423,False,False,False
26障400,16.34246434618532,0,27,-1.445337341735561,False,False,False
2020障191,16.34032801148228,0,66,-0.1927116455647415,False,False,False
18障166,16.3399988240499,0,114,1.3489815189531904,False,False,False
29障387,16.336233796434684,0,56,-0.5138977215059773,False,False,False
22障20,16.33562607576548,0,70,-0.06423721518824717,False,False,False
21障374,16.334845284808637,0,47,-0.8029651898530895,False,False,False
21障375,16.334845284808637,0,69,-0.09635582278237075,False,False,False
24障251,16.334410111026184,0,143,2.2804211391827742,False,False,False
26障42,16.332482641693613,0,128,1.7986420252709205,False,False,False
22障371,16.332079031315747,0,75,0.09635582278237075,False,False,False
22障221,16.32986317222639,0,87,0.4817791139118537,False,False,False
19障150,16.328831700791923,0,55,-0.5460163291001009,False,False,False
17障130,16.317980215996293,0,84,0.385423291129483,False,False,False
29障5,16.31365083221313,0,102,0.9635582278237074,False,False,False
22障268,16.31258385179396,0,50,-0.7066093670707188,False,False,False
30障100,16.31199217415167,0,68,-0.12847443037649434,False,False,False
30障191,16.310527421127958,0,54,-0.5781349366942244,False,False,False
22障72,16.310228726862537,0,121,1.5738117721120555,False,False,False
19障418,16.31022023750325,0,49,-0.7387279746648423,False,False,False
21障137,16.307163188751844,0,79,0.22483025315886507,False,False,False
22障152,16.304396935258954,0,115,1.381100126547314,False,False,False
27障89,16.303076810493717,0,78,0.1927116455647415,False,False,False
27障88,16.303076810493717,0,95,0.7387279746648423,False,False,False
19障245,16.302827233388378,0,69,-0.09635582278237075,False,False,False
20障139,16.296385199979305,0,32,-1.2847443037649433,False,False,False
27障119,16.296135940774544,0,101,0.9314396202295838,False,False,False
27障120,16.296135940774544,0,87,0.4817791139118537,False,False,False
21障134,16.288040228047127,0,69,-0.09635582278237075,False,False,False
25障341,16.285004425816258,0,54,-0.5781349366942244,False,False,False
28障193,16.281568483030576,0,89,0.5460163291001009,False,False,False
2019障210,16.27977422679471,0,38,-1.0920326582002018,False,False,False
28障343,16.275553605251442,0,70,-0.06423721518824717,False,False,False
19障264,16.27461392613615,0,77,0.1605930379706179,False,False,False
20障146,16.27305323794622,0,55,-0.5460163291001009,False,False,False
2020障205,16.269957411737927,0,58,-0.44966050631773014,False,False,False
2020障208,16.269957411737927,0,57,-0.4817791139118537,False,False,False
28障250,16.26946739641632,0,53,-0.610253544288348,False,False,False
2021障102,16.26925677856835,0,105,1.0599140506060782,False,False,False
18障104,16.268330900643345,0,51,-0.6744907594765952,False,False,False
21障100,16.265654111869782,0,42,-0.9635582278237074,False,False,False
24障32,16.26287801982063,0,78,0.1927116455647415,False,False,False
24障56,16.260743704922096,0,55,-0.5460163291001009,False,False,False
28障166,16.259125002295704,0,108,1.1562698733884489,False,False,False
2021障75,16.2579749268813,0,157,2.7300816455005044,False,False,False
18障409,16.255015683156152,0,62,-0.3211860759412358,False,False,False
18障411,16.255015683156152,0,75,0.09635582278237075,False,False,False
17障270,16.25432125642698,0,52,-0.6423721518824717,False,False,False
18障337,16.253581681111086,0,116,1.4132187341414375,False,False,False
18障8,16.253491714825284,0,63,-0.2890674683471122,False,False,False
19障239,16.25130304283235,0,83,0.3533046835353594,False,False,False
21障57,16.2503319191284,0,84,0.385423291129483,False,False,False
17障142,16.249968205782462,0,79,0.22483025315886507,False,False,False
2019障115,16.24989857553356,0,64,-0.2569488607529887,False,False,False
19障147,16.247278129661776,0,54,-0.5781349366942244,False,False,False
2022障35,16.24568872692078,0,170,3.147623544224111,False,False,False
23障337,16.245568706296755,0,112,1.2847443037649433,False,False,False
28障195,16.24382815504773,0,82,0.3211860759412358,False,False,False
26障221,16.24334727021038,0,48,-0.770846582258966,False,False,False
28障205,16.240487004987127,0,40,-1.0277954430119547,False,False,False
30障244,16.238289298853154,0,44,-0.8993210126354603,False,False,False
2023障82,16.23703378631517,0,114,1.3489815189531904,False,False,False
30障101,16.235644376989548,0,43,-0.9314396202295838,False,False,False
2019障21,16.235456311892957,0,61,-0.3533046835353594,False,False,False
2019障23,16.235456311892957,0,173,3.2439793670064816,False,False,False
25障201,16.234950954732245,0,130,1.8628792404591676,False,False,False
2019障168,16.233810279626542,0,90,0.5781349366942244,False,False,False
18障88,16.233165378702942,0,59,-0.41754189872360653,False,False,False
21障150,16.23030387792468,0,120,1.541693164517932,False,False,False
20障452,16.230252355578394,0,65,-0.22483025315886507,False,False,False
25障14,16.224474318894014,0,180,3.468809620165347,False,False,False
24障257,16.223834386199083,0,155,2.6658444303122573,False,False,False
2023障195,16.22383275571946,0,100,0.8993210126354603,False,False,False
23障247,16.223668119704257,0,47,-0.8029651898530895,False,False,False
27障250,16.223280799844446,0,113,1.3168629113590669,False,False,False
29障194,16.222500857910063,0,57,-0.4817791139118537,False,False,False
2019障228,16.222246235541807,0,110,1.220507088576696,False,False,False
18障131,16.222217122152124,0,58,-0.44966050631773014,False,False,False
2022障20,16.221393482596486,0,83,0.3533046835353594,False,False,False
28障331,16.22101835948524,0,85,0.41754189872360653,False,False,False
27障213,16.21835263938492,0,93,0.6744907594765952,False,False,False
26障210,16.21778315110988,0,67,-0.1605930379706179,False,False,False
19障186,16.213034308701413,0,31,-1.3168629113590669,False,False,False
18障298,16.212447871372945,0,52,-0.6423721518824717,False,False,False
2021障193,16.21160549652654,0,78,0.1927116455647415,False,False,False
24障229,16.209549890627088,0,50,-0.7066093670707188,False,False,False
24障261,16.202609020907914,0,71,-0.032118607594123584,False,False,False
2023障75,16.20238166432585,0,112,1.2847443037649433,False,False,False
26障232,16.20226579216693,0,69,-0.09635582278237075,False,False,False
20障276,16.201053720711442,0,40,-1.0277954430119547,False,False,False
28障26,16.20053864881612,0,97,0.8029651898530895,False,False,False
29障133,16.199642897337128,0,94,0.7066093670707188,False,False,False
2023障160,16.198927143504704,0,91,0.610253544288348,False,False,False
25障82,16.19680889090947,0,80,0.2569488607529887,False,False,False
26障252,16.19465540120855,0,79,0.22483025315886507,False,False,False
2020障210,16.193609614575806,0,80,0.2569488607529887,False,False,False
2021障114,16.192397467741188,0,94,0.7066093670707188,False,False,False
18障161,16.19207357531468,0,72,0.0,False,False,False
27障226,16.188622370521134,0,51,-0.6744907594765952,False,False,False
2023障107,16.184375127436276,0,22,-1.605930379706179,False,False,False
27障261,16.181681500801957,0,74,0.06423721518824717,False,False,False
23障223,16.17626613008123,0,51,-0.6744907594765952,False,False,False
23障224,16.17626613008123,0,61,-0.3533046835353594,False,False,False
19障433,16.173048304504288,0,69,-0.09635582278237075,False,False,False
19障157,16.171538222295016,0,43,-0.9314396202295838,False,False,False
17障22,16.170505160995614,0,84,0.385423291129483,False,False,False
20障12,16.169218429277482,0,47,-0.8029651898530895,False,False,False
18障184,16.168183028167967,0,65,-0.22483025315886507,False,False,False
17障268,16.162444297980258,0,98,0.8350837974472131,False,False,False
19障249,16.15989719497832,0,45,-0.8672024050413367,False,False,False
26障78,16.158587678089273,0,61,-0.3533046835353594,False,False,False
26障77,16.158587678089273,0,180,3.468809620165347,False,False,False
2022障130,16.157821914841477,0,94,0.7066093670707188,False,False,False
21障162,16.15648873977296,0,151,2.537369999935763,False,False,False
19障311,16.15257471950064,0,36,-1.1562698733884489,False,False,False
22障176,16.14883893834482,0,49,-0.7387279746648423,False,False,False
18障264,16.14306157462693,0,82,0.3211860759412358,False,False,False
29障79,16.14270693443479,0,129,1.830760632865044,False,False,False
18障489,16.142077781993727,0,58,-0.44966050631773014,False,False,False
30障113,16.139550518364697,0,31,-1.3168629113590669,False,False,False
2021障104,16.138277661932353,0,22,-1.605930379706179,False,False,False
25障110,16.137611232851494,0,94,0.7066093670707188,False,False,False
24障27,16.137120411172095,0,75,0.09635582278237075,False,False,False
19障148,16.136271903176343,0,37,-1.1241512657943253,False,False,False
2021障52,16.134578245524505,0,71,-0.032118607594123584,False,False,False
2022障77,16.134530396553966,0,136,2.0555908860239094,False,False,False
25障231,16.13357908620901,0,101,0.9314396202295838,False,False,False
2022障85,16.129324615945865,0,141,2.216183923994527,False,False,False
19障279,16.127895529229672,0,53,-0.610253544288348,False,False,False
17障259,16.127177978861585,0,89,0.5460163291001009,False,False,False
25障105,16.124641319361285,0,116,1.4132187341414375,False,False,False
20障294,16.12419440988428,0,87,0.4817791139118537,False,False,False
2023障157,16.122579346342583,0,106,1.0920326582002018,False,False,False
18障154,16.11633366794792,0,78,0.1927116455647415,False,False,False
23障163,16.114979008362628,0,96,0.770846582258966,False,False,False
29障117,16.11420837514745,0,67,-0.1605930379706179,False,False,False
19障322,16.112449755937877,0,110,1.220507088576696,False,False,False
26障179,16.111717058929685,0,36,-1.1562698733884489,False,False,False
19障70,16.110952834686994,0,63,-0.2890674683471122,False,False,False
30障234,16.108477687331163,0,35,-1.1883884809825724,False,False,False
29障208,16.10647791477083,0,108,1.1562698733884489,False,False,False
20障254,16.10302371505021,0,147,2.4088955695592684,False,False,False
28障23,16.100312297371374,0,96,0.770846582258966,False,False,False
19障434,16.096700507342167,0,74,0.06423721518824717,False,False,False
20障100,16.094384906668704,0,109,1.1883884809825724,False,False,False
18障71,16.094154520313793,0,46,-0.8350837974472131,False,False,False
25障239,16.093784937923328,0,114,1.3489815189531904,False,False,False
2022障42,16.09075710211045,0,92,0.6423721518824717,False,False,False
20障268,16.090053801560003,0,69,-0.09635582278237075,False,False,False
21障101,16.086039934736526,0,125,1.7022862024885497,False,False,False
21障164,16.08014094261084,0,59,-0.41754189872360653,False,False,False
22障276,16.07894257613493,0,38,-1.0920326582002018,False,False,False
2021障197,16.078454541433647,0,96,0.770846582258966,False,False,False
29障121,16.077824154962226,0,62,-0.3211860759412358,False,False,False
18障59,16.074941705728367,0,60,-0.385423291129483,False,False,False
17障102,16.070472174543646,0,84,0.385423291129483,False,False,False
30障15,16.068213890605673,0,53,-0.610253544288348,False,False,False
21障139,16.06480309185688,0,47,-0.8029651898530895,False,False,False
21障140,16.06480309185688,0,64,-0.2569488607529887,False,False,False
18障33,16.064638904408447,0,85,0.41754189872360653,False,False,False
30障9,16.0640957728804,0,56,-0.5138977215059773,False,False,False
30障150,16.063984962470965,0,110,1.220507088576696,False,False,False
22障153,16.06203683836399,0,63,-0.2890674683471122,False,False,False
30障364,16.057519175106002,0,70,-0.06423721518824717,False,False,False
19障314,16.057083782322433,0,55,-0.5460163291001009,False,False,False
28障218,16.054808405879246,0,148,2.441014177153392,False,False,False
20障40,16.052431800716075,0,115,1.381100126547314,False,False,False
25障225,16.05232366931283,0,148,2.441014177153392,False,False,False
2020障110,16.04857745830181,0,69,-0.09635582278237075,False,False,False
29障105,16.04597854955246,0,68,-0.12847443037649434,False,False,False
22障231,16.045948542456973,0,86,0.44966050631773014,False,False,False
2019障155,16.04433269998171,0,56,-0.5138977215059773,False,False,False
18障300,16.042960706018786,0,64,-0.2569488607529887,False,False,False
26障351,16.04281833448882,0,100,0.8993210126354603,False,False,False
20障144,16.041649396729692,0,69,-0.09635582278237075,False,False,False
26障311,16.036823816305706,0,67,-0.1605930379706179,False,False,False
2019障313,16.03605037103191,0,59,-0.41754189872360653,False,False,False
18障325,16.036019836299612,0,103,0.995676835417831,False,False,False
25障322,16.032569753072682,0,71,-0.032118607594123584,False,False,False
2019障355,16.031491815335034,0,40,-1.0277954430119547,False,False,False
17障276,16.031084120236734,0,67,-0.1605930379706179,False,False,False
22障154,16.030538171304617,0,41,-0.995676835417831,False,False,False
2020障90,16.029966011262132,0,99,0.8672024050413367,False,False,False
17障167,16.029584843347152,0,92,0.6423721518824717,False,False,False
24障270,16.021766345519836,0,94,0.7066093670707188,False,False,False
17障387,16.014995824329716,0,33,-1.2526256961708195,False,False,False
24障190,16.014859928488153,0,64,-0.2569488607529887,False,False,False
19障348,16.014303430120037,0,103,0.995676835417831,False,False,False
23障227,16.013948298554414,0,136,2.0555908860239094,False,False,False
28障121,16.01357100129613,0,31,-1.3168629113590669,False,False,False
28障122,16.01357100129613,0,91,0.610253544288348,False,False,False
19障128,16.013405668244772,0,75,0.09635582278237075,False,False,False
2019障61,16.013147645333294,0,76,0.12847443037649434,False,False,False
2021障175,16.01068539159647,0,81,0.2890674683471122,False,False,False
28障333,16.009733062714535,0,37,-1.1241512657943253,False,False,False
20障88,16.009551223050753,0,76,0.12847443037649434,False,False,False
24障399,16.009503711776293,0,62,-0.3211860759412358,False,False,False
23障213,16.00846305299902,0,60,-0.385423291129483,False,False,False
2020障70,16.00757989508479,0,76,0.12847443037649434,False,False,False
27障215,16.00734949845366,0,80,0.2569488607529887,False,False,False
30障112,16.0063995632718,0,48,-0.770846582258966,False,False,False
30障127,16.00588804960676,0,94,0.7066093670707188,False,False,False
2020障168,16.00588512139455,0,106,1.0920326582002018,False,False,False
22障146,16.005233680433214,0,104,1.0277954430119547,False,False,False
29障185,16.003387942954166,0,115,1.381100126547314,False,False,False
18障305,16.001879227975337,0,71,-0.032118607594123584,False,False,False
17障278,15.99958545317736,0,66,-0.1927116455647415,False,False,False
18障278,15.996343177720453,0,47,-0.8029651898530895,False,False,False
24障87,15.992684896396666,0,73,0.032118607594123584,False,False,False
2021障66,15.992651837586664,0,79,0.22483025315886507,False,False,False
29障51,15.989365502763855,0,70,-0.06423721518824717,False,False,False
2022障70,15.988622081961548,0,150,2.505251392341639,False,False,False
29障72,15.987647813670733,0,74,0.06423721518824717,False,False,False
18障157,15.984973490204395,0,65,-0.22483025315886507,False,False,False
18障158,15.984973490204395,0,83,0.3533046835353594,False,False,False
2020障234,15.981815452722465,0,78,0.1927116455647415,False,False,False
2020障81,15.981319822129674,0,114,1.3489815189531904,False,False,False
26障181,15.979794178844136,0,60,-0.385423291129483,False,False,False
27障112,15.97831800675123,0,98,0.8350837974472131,False,False,False
25障226,15.975975872150705,0,83,0.3533046835353594,False,False,False
25障232,15.975464358485665,0,57,-0.4817791139118537,False,False,False
2020障102,15.972107871172414,0,79,0.22483025315886507,False,False,False
30障111,15.971747441282481,0,65,-0.22483025315886507,False,False,False
18障248,15.968885194297377,0,93,0.6744907594765952,False,False,False
30障236,15.968292920461334,0,82,0.3211860759412358,False,False,False
2021障186,15.967454622282206,0,73,0.032118607594123584,False,False,False
21障91,15.966490857044041,0,60,-0.385423291129483,False,False,False
17障28,15.965930338841293,0,107,1.1241512657943253,False,False,False
2022障221,15.965415958072501,0,106,1.0920326582002018,False,False,False
2020障385,15.963833166861217,0,76,0.12847443037649434,False,False,False
2023障84,15.963175022360833,0,96,0.770846582258966,False,False,False
20障101,15.96246202658316,0,68,-0.12847443037649434,False,False,False
22障360,15.961857358336776,0,76,0.12847443037649434,False,False,False
27障153,15.960150029646455,0,110,1.220507088576696,False,False,False
20障277,15.958693623816476,0,45,-0.8672024050413367,False,False,False
20障278,15.958693623816476,0,64,-0.2569488607529887,False,False,False
30障122,15.957347246764023,0,125,1.7022862024885497,False,False,False
25障121,15.957109959805642,0,149,2.4731327847475155,False,False,False
2023障161,15.95656704660974,0,96,0.770846582258966,False,False,False
30障64,15.954387576830973,0,70,-0.06423721518824717,False,False,False
2021障24,15.953716363381805,0,99,0.8672024050413367,False,False,False
2021障103,15.950548884511266,0,119,1.5095745569238084,False,False,False
29障256,15.948721347810604,0,107,1.1241512657943253,False,False,False
30障245,15.94688690259032,0,65,-0.22483025315886507,False,False,False
17障246,15.945905106794113,0,103,0.995676835417831,False,False,False
2021障40,15.945667205438017,0,77,0.1605930379706179,False,False,False
24障102,15.944573409061478,0,168,3.083386329035864,False,False,False
2020障360,15.944499830834078,0,105,1.0599140506060782,False,False,False
21障41,15.941655911979343,0,96,0.770846582258966,False,False,False
2023障180,15.941225157289464,0,88,0.5138977215059773,False,False,False
2023障179,15.941225157289464,0,125,1.7022862024885497,False,False,False
28障67,15.938821117829558,0,97,0.8029651898530895,False,False,False
29障135,15.937856865903843,0,119,1.5095745569238084,False,False,False
26障243,15.937243145665468,0,57,-0.4817791139118537,False,False,False
29障101,15.93497863040102,0,98,0.8350837974472131,False,False,False
2019障195,15.934524030630906,0,92,0.6423721518824717,False,False,False
28障334,15.933385265552413,0,96,0.770846582258966,False,False,False
2021障53,15.931637401527814,0,55,-0.5460163291001009,False,False,False
2021障56,15.931637401527814,0,80,0.2569488607529887,False,False,False
29障232,15.931524109579872,0,88,0.5138977215059773,False,False,False
17障283,15.929778770553606,0,95,0.7387279746648423,False,False,False
27障95,15.929715049776672,0,135,2.0234722784297854,False,False,False
30障129,15.929540252444637,0,110,1.220507088576696,False,False,False
22障151,15.928885883271093,0,75,0.09635582278237075,False,False,False
29障204,15.927958998155956,0,68,-0.12847443037649434,False,False,False
20障285,15.927194956757106,0,54,-0.5781349366942244,False,False,False
20障284,15.927194956757106,0,32,-1.2847443037649433,False,False,False
21障370,15.926112191368402,0,76,0.12847443037649434,False,False,False
29障258,15.92606058699042,0,99,0.8672024050413367,False,False,False
2019障215,15.925433869640917,0,63,-0.2890674683471122,False,False,False
18障113,15.92239894033368,0,66,-0.1927116455647415,False,False,False
30障386,15.921143758166167,0,31,-1.3168629113590669,False,False,False
2022障127,15.920461201334437,0,156,2.697963037906381,False,False,False
26障359,15.915957518763056,0,65,-0.22483025315886507,False,False,False
18障472,15.912785049276234,0,39,-1.0599140506060782,False,False,False
29障28,15.912510914497776,0,138,2.1198281012121565,False,False,False
18障287,15.912321900329871,0,87,0.4817791139118537,False,False,False
17障181,15.911224937378083,0,117,1.445337341735561,False,False,False
18障122,15.90990710453872,0,83,0.3533046835353594,False,False,False
24障240,15.903957279747218,0,35,-1.1883884809825724,False,False,False
23障21,15.90076725442535,0,46,-0.8350837974472131,False,False,False
22障144,15.894233761281777,0,86,0.44966050631773014,False,False,False
27障389,15.89354574261519,0,88,0.5138977215059773,False,False,False
2019障53,15.890559253670284,0,133,1.9592350632415385,False,False,False
24障215,15.890039556795218,0,42,-0.9635582278237074,False,False,False
26障84,15.889651648458544,0,106,1.0920326582002018,False,False,False
2020障190,15.88916049028567,0,77,0.1605930379706179,False,False,False
2023障177,15.887864615859398,0,108,1.1562698733884489,False,False,False
27障99,15.886484280462408,0,114,1.3489815189531904,False,False,False
18障237,15.885579725675328,0,60,-0.385423291129483,False,False,False
18障238,15.885579725675328,0,83,0.3533046835353594,False,False,False
22障29,15.882428616995966,0,107,1.1241512657943253,False,False,False
2021障280,15.880215108008512,0,78,0.1927116455647415,False,False,False
23障221,15.877102875255494,0,62,-0.3211860759412358,False,False,False
22障84,15.87687389683027,0,88,0.5138977215059773,False,False,False
2019障329,15.873921017543497,0,91,0.610253544288348,False,False,False
20障243,15.873514610373856,0,85,0.41754189872360653,False,False,False
30障231,15.872822162594499,0,42,-0.9635582278237074,False,False,False
30障230,15.872822162594499,0,58,-0.44966050631773014,False,False,False
26障224,15.869985509493334,0,103,0.995676835417831,False,False,False
2020障220,15.86686538215709,0,162,2.890674683471122,False,False,False
2020障222,15.86686538215709,0,134,1.991353670835662,False,False,False
24障75,15.86680252542607,0,22,-1.605930379706179,False,False,False
19障238,15.864436482860302,0,40,-1.0277954430119547,False,False,False
18障52,15.861826310326858,0,85,0.41754189872360653,False,False,False
22障138,15.861116733433919,0,28,-1.4132187341414375,False,False,False
2019障22,15.859945259905095,0,82,0.3211860759412358,False,False,False
20障389,15.85929985928741,0,86,0.44966050631773014,False,False,False
21障102,15.85781382610566,0,52,-0.6423721518824717,False,False,False
18障336,15.855177160911534,0,92,0.6423721518824717,False,False,False
21障149,15.854792825936823,0,110,1.220507088576696,False,False,False
20障450,15.854741303590533,0,64,-0.2569488607529887,False,False,False
22障167,15.852026572443933,0,131,1.8949978480532912,False,False,False
2021障72,15.85013464111718,0,90,0.5781349366942244,False,False,False
17障109,15.849830154271872,0,85,0.41754189872360653,False,False,False
21障135,15.849021445970195,0,90,0.5781349366942244,False,False,False
2023障163,15.848720582388246,0,100,0.8993210126354603,False,False,False
2020障258,15.846441777746138,0,86,0.44966050631773014,False,False,False
22障449,15.843630078165463,0,104,1.0277954430119547,False,False,False
18障310,15.83902038317244,0,50,-0.7066093670707188,False,False,False
20障62,15.836397133588793,0,117,1.445337341735561,False,False,False
24障230,15.836188129910044,0,162,2.890674683471122,False,False,False
24障231,15.836188129910044,0,67,-0.1605930379706179,False,False,False
28障113,15.823112662707322,0,82,0.3211860759412358,False,False,False
29障48,15.819790182782077,0,87,0.4817791139118537,False,False,False
19障339,15.81921247428768,0,25,-1.5095745569238084,False,False,False
25障134,15.817906882099223,0,42,-0.9635582278237074,False,False,False
28障206,15.816997384194794,0,125,1.7022862024885497,False,False,False
21障284,15.816564393159082,0,88,0.5138977215059773,False,False,False
18障400,15.810948920302664,0,59,-0.41754189872360653,False,False,False
26障111,15.80984900240813,0,47,-0.8029651898530895,False,False,False
30障55,15.80649635961911,0,22,-1.605930379706179,False,False,False
2019障206,15.804782213675868,0,50,-0.7066093670707188,False,False,False
2019障207,15.804782213675868,0,65,-0.22483025315886507,False,False,False
29障106,15.803618452657494,0,45,-0.8672024050413367,False,False,False
25障111,15.801989800117296,0,57,-0.4817791139118537,False,False,False
23障222,15.800755078093372,0,78,0.1927116455647415,False,False,False
19障120,15.800402344217916,0,78,0.1927116455647415,False,False,False
17障90,15.799125244424369,0,93,0.6744907594765952,False,False,False
18障443,15.797867460357287,0,42,-0.9635582278237074,False,False,False
18障445,15.797867460357287,0,92,0.6423721518824717,False,False,False
26障166,15.792550887682191,0,66,-0.1927116455647415,False,False,False
24障60,15.792223352949422,0,67,-0.1605930379706179,False,False,False
19障332,15.792061135820969,0,142,2.2483025315886507,False,False,False
25障228,15.79179637046912,0,30,-1.3489815189531904,False,False,False
2019障148,15.78869657549354,0,84,0.385423291129483,False,False,False
2019障146,15.78869657549354,0,67,-0.1605930379706179,False,False,False
27障152,15.787579821655289,0,142,2.2483025315886507,False,False,False
24障73,15.785904603508527,0,120,1.541693164517932,False,False,False
2019障213,15.784385342538526,0,78,0.1927116455647415,False,False,False
2022障131,15.78231086285362,0,114,1.3489815189531904,False,False,False
21障74,15.780042942470253,0,46,-0.8350837974472131,False,False,False
29障118,15.778660900136487,0,80,0.2569488607529887,False,False,False
22障156,15.777796810322936,0,171,3.1797421518182345,False,False,False
28障342,15.777736438725574,0,52,-0.6423721518824717,False,False,False
24障137,15.77605162282484,0,125,1.7022862024885497,False,False,False
2020障93,15.775230208012516,0,70,-0.06423721518824717,False,False,False
18障174,15.774963224284337,0,76,0.12847443037649434,False,False,False
21障386,15.774607090193108,0,96,0.770846582258966,False,False,False
19障173,15.773706737140946,0,83,0.3533046835353594,False,False,False
22障384,15.771840836700218,0,75,0.09635582278237075,False,False,False
26障233,15.771742359597667,0,99,0.8672024050413367,False,False,False
23障50,15.770130873939314,0,92,0.6423721518824717,False,False,False
2022障105,15.767599934420142,0,76,0.12847443037649434,False,False,False
2022障106,15.767599934420142,0,61,-0.3533046835353594,False,False,False
2022障134,15.76316772283753,0,84,0.385423291129483,False,False,False
24障103,15.762567292822007,0,59,-0.41754189872360653,False,False,False
2020障98,15.760648459960853,0,100,0.8993210126354603,False,False,False
17障219,15.760394444611956,0,41,-0.995676835417831,False,False,False
2019障205,15.759933083573117,0,45,-0.8672024050413367,False,False,False
2020障166,15.759638287437031,0,149,2.4731327847475155,False,False,False
2020障69,15.757442371505057,0,64,-0.2569488607529887,False,False,False
24障91,15.757140139841388,0,110,1.220507088576696,False,False,False
2020障120,15.756663570320288,0,129,1.830760632865044,False,False,False
18障347,15.752409679819499,0,68,-0.12847443037649434,False,False,False
29障85,15.751498218622364,0,134,1.991353670835662,False,False,False
29障252,15.750169920526755,0,110,1.220507088576696,False,False,False
2021障92,15.749628779581196,0,165,2.987030506253493,False,False,False
18障82,15.748222560004129,0,39,-1.0599140506060782,False,False,False
19障158,15.748048601502683,0,70,-0.06423721518824717,False,False,False
2023障81,15.747460025144662,0,107,1.1241512657943253,False,False,False
25障114,15.7467648655452,0,42,-0.9635582278237074,False,False,False
2020障71,15.744950535710098,0,68,-0.12847443037649434,False,False,False
20障143,15.742486141903953,0,130,1.8628792404591676,False,False,False
17障166,15.739864175092354,0,74,0.06423721518824717,False,False,False
28障68,15.739255070856727,0,86,0.44966050631773014,False,False,False
17障271,15.738954677187925,0,68,-0.12847443037649434,False,False,False
17障272,15.738954677187925,0,70,-0.06423721518824717,False,False,False
18障307,15.737368095138915,0,59,-0.41754189872360653,False,False,False
2020障231,15.737123565202051,0,76,0.12847443037649434,False,False,False
2020障232,15.737123565202051,0,56,-0.5138977215059773,False,False,False
28障213,15.733615775255743,0,45,-0.8672024050413367,False,False,False
29障196,15.732927096739557,0,153,2.60160721512401,False,False,False
26障209,15.731248703909904,0,47,-0.8029651898530895,False,False,False
27障184,15.730887642202989,0,77,0.1605930379706179,False,False,False
20障110,15.729145648492661,0,128,1.7986420252709205,False,False,False
2019障208,15.728434416513746,0,60,-0.385423291129483,False,False,False
17障139,15.723947093110425,0,66,-0.1927116455647415,False,False,False
17障140,15.723947093110425,0,46,-0.8350837974472131,False,False,False
2022障160,15.720387370635132,0,99,0.8672024050413367,False,False,False
2022障165,15.720387370635132,0,66,-0.1927116455647415,False,False,False
2022障167,15.720387370635132,0,108,1.1562698733884489,False,False,False
23障184,15.719531287651835,0,59,-0.41754189872360653,False,False,False
24障188,15.715696673662418,0,94,0.7066093670707188,False,False,False
18障269,15.712947462628152,0,58,-0.44966050631773014,False,False,False
2023障250,15.711146692456408,0,78,0.1927116455647415,False,False,False
19障162,15.709516122666383,0,41,-0.995676835417831,False,False,False
17障101,15.708249168859671,0,95,0.7387279746648423,False,False,False
24障106,15.707966613207011,0,93,0.6744907594765952,False,False,False
19障96,15.707123885805906,0,41,-0.995676835417831,False,False,False
19障62,15.706438053806814,0,47,-0.8029651898530895,False,False,False
2019障158,15.70531496655449,0,53,-0.610253544288348,False,False,False
29障138,15.704893594228807,0,137,2.087709493618033,False,False,False
30障180,15.703684517214416,0,75,0.09635582278237075,False,False,False
30障181,15.703684517214416,0,55,-0.5460163291001009,False,False,False
28障56,15.702991571101686,0,86,0.44966050631773014,False,False,False
22障64,15.702697516500715,0,32,-1.2847443037649433,False,False,False
28障82,15.702480483116181,0,95,0.7387279746648423,False,False,False
29障119,15.702313102974367,0,92,0.6423721518824717,False,False,False
28障215,15.702117108196372,0,82,0.3211860759412358,False,False,False
28障216,15.702117108196372,0,46,-0.8350837974472131,False,False,False
26障61,15.70103385803653,0,42,-0.9635582278237074,False,False,False
2020障167,15.69600984872268,0,161,2.8585560758769986,False,False,False
23障250,15.694243947802146,0,36,-1.1562698733884489,False,False,False
18障268,15.691894053430321,0,76,0.12847443037649434,False,False,False
2023障32,15.690628755521217,0,126,1.7344048100826734,False,False,False
24障184,15.690360674772679,0,119,1.5095745569238084,False,False,False
2023障99,15.688309466213273,0,118,1.4774559493296846,False,False,False
27障384,15.68479032621613,0,68,-0.12847443037649434,False,False,False
2022障44,15.683687435195875,0,86,0.44966050631773014,False,False,False
21障311,15.683641115994964,0,75,0.09635582278237075,False,False,False
22障104,15.681641811132762,0,49,-0.7387279746648423,False,False,False
20障92,15.678725528817752,0,100,0.8993210126354603,False,False,False
27障214,15.676523804220656,0,103,0.995676835417831,False,False,False
2019障289,15.674242135520958,0,33,-1.2526256961708195,False,False,False
2019障104,15.673467418615632,0,108,1.1562698733884489,False,False,False
20障148,15.672679459280195,0,62,-0.3211860759412358,False,False,False
21障90,15.67038055688557,0,60,-0.385423291129483,False,False,False
17障143,15.668722158538332,0,117,1.445337341735561,False,False,False
25障26,15.668461993860303,0,82,0.3211860759412358,False,False,False
23障97,15.667995853790416,0,74,0.06423721518824717,False,False,False
22障98,15.66761430339268,0,105,1.0599140506060782,False,False,False
29障180,15.66691570633295,0,100,0.8993210126354603,False,False,False
2019障297,15.666287171685054,0,144,2.3125397467768978,False,False,False
19障58,15.665839130553993,0,97,0.8029651898530895,False,False,False
19障160,15.664666992563632,0,68,-0.12847443037649434,False,False,False
29障246,15.664206460163904,0,39,-1.0599140506060782,False,False,False
2020障50,15.661650230945247,0,104,1.0277954430119547,False,False,False
2020障47,15.661650230945247,0,70,-0.06423721518824717,False,False,False
18障326,15.660508784311753,0,59,-0.41754189872360653,False,False,False
2021障190,15.660202417905658,0,125,1.7022862024885497,False,False,False
21障161,15.659128706739917,0,99,0.8672024050413367,False,False,False
19障350,15.659016068689574,0,83,0.3533046835353594,False,False,False
29障236,15.657665345625539,0,47,-0.8029651898530895,False,False,False
28障64,15.654982351915324,0,90,0.5781349366942244,False,False,False
27障255,15.652096330410517,0,84,0.385423291129483,False,False,False
24障11,15.651299314820543,0,67,-0.1605930379706179,False,False,False
2023障138,15.650750301627344,0,112,1.2847443037649433,False,False,False
30障241,15.649585026404251,0,46,-0.8350837974472131,False,False,False
22障280,15.648419143565668,0,59,-0.41754189872360653,False,False,False
2022障54,15.64794975025375,0,51,-0.6744907594765952,False,False,False
28障98,15.647150110298258,0,135,2.0234722784297854,False,False,False
30障6,15.63928715837254,0,47,-0.8029651898530895,False,False,False
21障391,15.638422606035478,0,85,0.41754189872360653,False,False,False
24障256,15.63663963033125,0,40,-1.0277954430119547,False,False,False
2023障234,15.635220573820916,0,106,1.0920326582002018,False,False,False
2021障174,15.63517433960861,0,115,1.381100126547314,False,False,False
2021障176,15.63517433960861,0,74,0.06423721518824717,False,False,False
30障60,15.634170912807404,0,79,0.22483025315886507,False,False,False
17障212,15.633324761896915,0,97,0.8029651898530895,False,False,False
17障213,15.633324761896915,0,67,-0.1605930379706179,False,False,False
2019障55,15.633005650873743,0,55,-0.5460163291001009,False,False,False
2023障159,15.633005585172079,0,118,1.4774559493296846,False,False,False
23障36,15.632217993364803,0,41,-0.995676835417831,False,False,False
28障171,15.631338575616375,0,125,1.7022862024885497,False,False,False
29障6,15.630856925466835,0,42,-0.9635582278237074,False,False,False
24障246,15.630098515792884,0,56,-0.5138977215059773,False,False,False
21障214,15.6289370907066,0,58,-0.44966050631773014,False,False,False
24障185,15.628560147672589,0,122,1.605930379706179,False,False,False
20障283,15.628031701931366,0,62,-0.3211860759412358,False,False,False
20障282,15.628031701931366,0,33,-1.2526256961708195,False,False,False
2019障111,15.627173859270158,0,152,2.5694886075298866,False,False,False
2019障112,15.627173859270158,0,128,1.7986420252709205,False,False,False
2019障113,15.627173859270158,0,73,0.032118607594123584,False,False,False
19障320,15.626560349753168,0,46,-0.8350837974472131,False,False,False
17障277,15.624074401189503,0,59,-0.41754189872360653,False,False,False
21障275,15.619686729999188,0,82,0.3211860759412358,False,False,False
22障96,15.619320294033725,0,108,1.1562698733884489,False,False,False
30障48,15.618960822250196,0,117,1.445337341735561,False,False,False
30障49,15.618960822250196,0,62,-0.3211860759412358,False,False,False
26障57,15.616761139095127,0,55,-0.5460163291001009,False,False,False
2021障14,15.615820503454895,0,74,0.06423721518824717,False,False,False
2022障69,15.613111029973691,0,154,2.6337258227181337,False,False,False
29障56,15.61053058934449,0,68,-0.12847443037649434,False,False,False
22障255,15.607925487877905,0,53,-0.610253544288348,False,False,False
25障44,15.60668834255637,0,60,-0.385423291129483,False,False,False
28障298,15.605202998004474,0,56,-0.5138977215059773,False,False,False
24障12,15.603290095634181,0,91,0.610253544288348,False,False,False
23障194,15.601513355468107,0,83,0.3533046835353594,False,False,False
25障106,15.600856550952788,0,45,-0.8672024050413367,False,False,False
23障208,15.599834973163302,0,45,-0.8672024050413367,False,False,False
20障168,15.598912153372515,0,82,0.3211860759412358,False,False,False
26障193,15.593117362796178,0,85,0.41754189872360653,False,False,False
2022障41,15.592902821170531,0,74,0.06423721518824717,False,False,False
2021障99,15.592335301084287,0,112,1.2847443037649433,False,False,False
17障209,15.589856246084805,0,60,-0.385423291129483,False,False,False
2021障192,15.588880780263139,0,69,-0.09635582278237075,False,False,False
21障30,15.586031615663119,0,152,2.5694886075298866,False,False,False
2021障159,15.580694273767593,0,104,1.0277954430119547,False,False,False
19障223,15.578976044511473,0,31,-1.3168629113590669,False,False,False
2021障64,15.578014750603304,0,79,0.22483025315886507,False,False,False
2022障217,15.576797697285437,0,90,0.5781349366942244,False,False,False
25障86,15.574250210354231,0,105,1.0599140506060782,False,False,False
22障281,15.572071346403547,0,48,-0.770846582258966,False,False,False
30障59,15.570951603063834,0,33,-1.2526256961708195,False,False,False
30障58,15.570951603063834,0,52,-0.6423721518824717,False,False,False
26障52,15.568467129736172,0,65,-0.22483025315886507,False,False,False
2019障124,15.56802330033877,0,110,1.220507088576696,False,False,False
2020障218,15.567702127331353,0,133,1.9592350632415385,False,False,False
2023障121,15.567097657343195,0,105,1.0599140506060782,False,False,False
21障125,15.564719732101073,0,164,2.954911898659369,False,False,False
19障136,15.564252749169546,0,88,0.5138977215059773,False,False,False
2019障17,15.562947872364523,0,69,-0.09635582278237075,False,False,False
2019障193,15.559012978643047,0,108,1.1562698733884489,False,False,False
27障191,15.5545528786683,0,52,-0.6423721518824717,False,False,False
17障282,15.554267718565747,0,95,0.7387279746648423,False,False,False
23障220,15.553541413817829,0,49,-0.7387279746648423,False,False,False
23障217,15.553541413817829,0,142,2.2483025315886507,False,False,False
23障219,15.553541413817829,0,126,1.7344048100826734,False,False,False
2021障124,15.552660771256843,0,47,-0.8029651898530895,False,False,False
20障59,15.552558367674562,0,43,-0.9314396202295838,False,False,False
2020障158,15.551686283715979,0,94,0.7066093670707188,False,False,False
2020障133,15.551686283715979,0,98,0.8350837974472131,False,False,False
2020障10,15.548348291177637,0,98,0.8350837974472131,False,False,False
18障164,15.544541308718633,0,69,-0.09635582278237075,False,False,False
21障88,15.543702307756876,0,130,1.8628792404591676,False,False,False
21障276,15.543338932837067,0,88,0.5138977215059773,False,False,False
21障278,15.543338932837067,0,73,0.032118607594123584,False,False,False
21障277,15.543338932837067,0,106,1.0920326582002018,False,False,False
21障279,15.543338932837067,0,61,-0.3533046835353594,False,False,False
22障67,15.54144714224949,0,59,-0.41754189872360653,False,False,False
20障281,15.537102156717586,0,39,-1.0599140506060782,False,False,False
2020障193,15.534702847495646,0,59,-0.41754189872360653,False,False,False
27障271,15.534158532455073,0,45,-0.8672024050413367,False,False,False
2023障122,15.533471689380185,0,89,0.5460163291001009,False,False,False
2021障279,15.52973022133175,0,65,-0.22483025315886507,False,False,False
19障187,15.528201806152099,0,43,-0.9314396202295838,False,False,False
30障54,15.52265759370488,0,76,0.12847443037649434,False,False,False
2023障153,15.522005666020641,0,98,0.8350837974472131,False,False,False
29障44,15.520626927956341,0,45,-0.8672024050413367,False,False,False
19障85,15.519588348436992,0,70,-0.06423721518824717,False,False,False
28障168,15.5166798267103,0,70,-0.06423721518824717,False,False,False
23障130,15.514215582436583,0,70,-0.06423721518824717,False,False,False
29障321,15.513028466285515,0,119,1.5095745569238084,False,False,False
30障344,15.512882280079708,0,49,-0.7387279746648423,False,False,False
25障59,15.50719852072763,0,46,-0.8350837974472131,False,False,False
25障61,15.50719852072763,0,163,2.9227932910652457,False,False,False
2019障322,15.50489049221721,0,85,0.41754189872360653,False,False,False
25障109,15.502826545291558,0,98,0.8350837974472131,False,False,False
21障296,15.501858901530078,0,43,-0.9314396202295838,False,False,False
2022障138,15.498656590001108,0,102,0.9635582278237074,False,False,False
2021障134,15.489346884471248,0,71,-0.032118607594123584,False,False,False
19障437,15.48850921926734,0,70,-0.06423721518824717,False,False,False
23障185,15.487474737522739,0,49,-0.7387279746648423,False,False,False
25障227,15.486402110980201,0,68,-0.12847443037649434,False,False,False
2020障100,15.48253411000191,0,103,0.995676835417831,False,False,False
2021障146,15.482313072694316,0,59,-0.41754189872360653,False,False,False
18障335,15.479666108923677,0,74,0.06423721518824717,False,False,False
18障95,15.479593884647105,0,44,-0.8993210126354603,False,False,False
2023障189,15.479225313818246,0,78,0.1927116455647415,False,False,False
25障327,15.478573183899837,0,85,0.41754189872360653,False,False,False
2021障185,15.477880861111704,0,78,0.1927116455647415,False,False,False
25障253,15.476325021822893,0,127,1.766523417676797,False,False,False
25障65,15.475536081320366,0,84,0.385423291129483,False,False,False
2020障159,15.47533848655386,0,97,0.8029651898530895,False,False,False
18障232,15.472759691891994,0,70,-0.06423721518824717,False,False,False
19障97,15.47157912925063,0,60,-0.385423291129483,False,False,False
29障340,15.47075461757502,0,114,1.3489815189531904,False,False,False
2023障58,15.468677358039137,0,107,1.1241512657943253,False,False,False
22障226,15.46802800009678,0,163,2.9227932910652457,False,False,False
28障47,15.46767748416722,0,47,-0.8029651898530895,False,False,False
25障79,15.467675187997097,0,80,0.2569488607529887,False,False,False
2020障86,15.467658431661,0,143,2.2804211391827742,False,False,False
27障346,15.464534116346906,0,59,-0.41754189872360653,False,False,False
18障81,15.464383794089896,0,53,-0.610253544288348,False,False,False
19障149,15.463746887633562,0,67,-0.1605930379706179,False,False,False
28障153,15.463216012350431,0,111,1.2526256961708195,False,False,False
30障69,15.459992236307729,0,51,-0.6744907594765952,False,False,False
22障113,15.459692709820803,0,65,-0.22483025315886507,False,False,False
2022障89,15.459330758619858,0,137,2.087709493618033,False,False,False
2023障11,15.458812059199325,0,83,0.3533046835353594,False,False,False
2023障165,15.458627782348728,0,124,1.6701675948944261,False,False,False
20障253,15.458610264060669,0,59,-0.41754189872360653,False,False,False
19障438,15.458467787475278,0,73,0.032118607594123584,False,False,False
29障108,15.458374782720725,0,49,-0.7387279746648423,False,False,False
29障107,15.458374782720725,0,25,-1.5095745569238084,False,False,False
25障171,15.458218643181118,0,108,1.1562698733884489,False,False,False
2021障258,15.451240241660784,0,62,-0.3211860759412358,False,False,False
30障221,15.448664921474181,0,49,-0.7387279746648423,False,False,False
2020障88,15.448515291644908,0,118,1.4774559493296846,False,False,False
23障177,15.447953700962328,0,90,0.5781349366942244,False,False,False
25障147,15.447076279598955,0,53,-0.610253544288348,False,False,False
2020障226,15.445060770823762,0,63,-0.2890674683471122,False,False,False
29障320,15.444165337058209,0,44,-0.8993210126354603,False,False,False
29障233,15.441950348409367,0,79,0.22483025315886507,False,False,False
23障123,15.440973607649411,0,62,-0.3211860759412358,False,False,False
2021障36,15.439943419713295,0,63,-0.2890674683471122,False,False,False
20障13,15.439256427906953,0,43,-0.9314396202295838,False,False,False
22障374,15.435368600079006,0,81,0.2890674683471122,False,False,False
2020障68,15.434194741163926,0,61,-0.3533046835353594,False,False,False
29障345,15.434121421329003,0,74,0.06423721518824717,False,False,False
2022障18,15.432656466600244,0,104,1.0277954430119547,False,False,False
24障214,15.43212823503198,0,41,-0.995676835417831,False,False,False
18障233,15.422551710166019,0,43,-0.9314396202295838,False,False,False
2022障159,15.421224115809396,0,129,1.830760632865044,False,False,False
2022障161,15.421224115809396,0,126,1.7344048100826734,False,False,False
2022障166,15.421224115809396,0,171,3.1797421518182345,False,False,False
2022障168,15.421224115809396,0,138,2.1198281012121565,False,False,False
2022障196,15.420977953508674,0,86,0.44966050631773014,False,False,False
29障167,15.418764249779596,0,52,-0.6423721518824717,False,False,False
29障169,15.418764249779596,0,165,2.987030506253493,False,False,False
24障241,15.414383518576713,0,53,-0.610253544288348,False,False,False
24障242,15.414383518576713,0,131,1.8949978480532912,False,False,False
2023障249,15.41198343763067,0,154,2.6337258227181337,False,False,False
26障40,15.410243456761595,0,89,0.5460163291001009,False,False,False
2019障156,15.406151711728752,0,80,0.2569488607529887,False,False,False
22障103,15.397803045218529,0,77,0.1605930379706179,False,False,False
27障102,15.396910519291906,0,82,0.3211860759412358,False,False,False
27障40,15.395784780855609,0,90,0.5781349366942244,False,False,False
18障317,15.393702648560826,0,91,0.610253544288348,False,False,False
20障95,15.393589781732095,0,38,-1.0920326582002018,False,False,False
19障269,15.392640964987391,0,57,-0.4817791139118537,False,False,False
24障181,15.391197419946941,0,138,2.1198281012121565,False,False,False
17障97,15.389632480990228,0,49,-0.7387279746648423,False,False,False
24障365,15.389571155276014,0,110,1.220507088576696,False,False,False
25障168,15.38686821518831,0,60,-0.385423291129483,False,False,False
25障196,15.380812101954577,0,110,1.220507088576696,False,False,False
27障210,15.37953827551876,0,80,0.2569488607529887,False,False,False
25障222,15.375402191828766,0,78,0.1927116455647415,False,False,False
25障221,15.375402191828766,0,66,-0.1927116455647415,False,False,False
28障203,15.375402191828766,0,72,0.0,False,False,False
28障204,15.375402191828766,0,60,-0.385423291129483,False,False,False
25障223,15.375402191828766,0,124,1.6701675948944261,False,False,False
24障161,15.375057687195463,0,136,2.0555908860239094,False,False,False
17障168,15.372139394967036,0,62,-0.3211860759412358,False,False,False
2019障24,15.370371498734592,0,86,0.44966050631773014,False,False,False
18障86,15.36808056554458,0,115,1.381100126547314,False,False,False
19障25,15.36638596300879,0,79,0.22483025315886507,False,False,False
2020障325,15.360884046581274,0,98,0.8350837974472131,False,False,False
2019障241,15.358939147943742,0,66,-0.1927116455647415,False,False,False
28障348,15.356515061091088,0,97,0.8029651898530895,False,False,False
27障145,15.35413016708951,0,40,-1.0277954430119547,False,False,False
28障165,15.350372178959626,0,113,1.3168629113590669,False,False,False
28障304,15.348761572377846,0,119,1.5095745569238084,False,False,False
17障281,15.346776749813634,0,73,0.032118607594123584,False,False,False
2023障50,15.346404671857437,0,144,2.3125397467768978,False,False,False
2022障156,15.344876318647275,0,91,0.610253544288348,False,False,False
25障165,15.3441463859892,0,29,-1.381100126547314,False,False,False
26障207,15.34259088913438,0,25,-1.5095745569238084,False,False,False
29障172,15.342416452617476,0,74,0.06423721518824717,False,False,False
29障173,15.342416452617476,0,67,-0.1605930379706179,False,False,False
26障231,15.337180979008568,0,54,-0.5781349366942244,False,False,False
2023障156,15.33384233034634,0,92,0.6423721518824717,False,False,False
27障109,15.333532635619992,0,97,0.8029651898530895,False,False,False
28障246,15.332621839626368,0,56,-0.5138977215059773,False,False,False
21障133,15.331078456442043,0,112,1.2847443037649433,False,False,False
29障228,15.330950429257932,0,62,-0.3211860759412358,False,False,False
29障229,15.330950429257932,0,53,-0.610253544288348,False,False,False
19障18,15.329938611507261,0,81,0.2890674683471122,False,False,False
2019障157,15.329803914566632,0,104,1.0277954430119547,False,False,False
29障166,15.328319651432365,0,127,1.766523417676797,False,False,False
23障71,15.327323522082617,0,55,-0.5460163291001009,False,False,False
21障80,15.31675790596106,0,106,1.0920326582002018,False,False,False
22障227,15.31667117563246,0,76,0.12847443037649434,False,False,False
21障322,15.316083423853845,0,61,-0.3533046835353594,False,False,False
24障182,15.314849622784822,0,70,-0.06423721518824717,False,False,False
26障323,15.310540359557649,0,127,1.766523417676797,False,False,False
27障382,15.309279274228272,0,99,0.8672024050413367,False,False,False
21障96,15.308897012637793,0,71,-0.032118607594123584,False,False,False
17障205,15.30882550818144,0,116,1.4132187341414375,False,False,False
24障192,15.30781581100789,0,41,-0.995676835417831,False,False,False
17障49,15.307716052782443,0,56,-0.5138977215059773,False,False,False
2020障324,15.307420232221405,0,62,-0.3211860759412358,False,False,False
25障133,15.307081258333232,0,48,-0.770846582258966,False,False,False
17障64,15.30561349976977,0,61,-0.3533046835353594,False,False,False
21障202,15.304437836991124,0,82,0.3211860759412358,False,False,False
24障237,15.303383599425278,0,45,-0.8672024050413367,False,False,False
19障319,15.302998888315507,0,48,-0.770846582258966,False,False,False
30障169,15.302837466336818,0,47,-0.8029651898530895,False,False,False
2021障62,15.302097344924732,0,73,0.032118607594123584,False,False,False
17障214,15.301791696404509,0,53,-0.610253544288348,False,False,False
22障205,15.301671583498234,0,100,0.8993210126354603,False,False,False
2022障21,15.300733586514701,0,63,-0.2890674683471122,False,False,False
2019障292,15.298731083533099,0,64,-0.2569488607529887,False,False,False
30障196,15.296783649273209,0,98,0.8350837974472131,False,False,False
20障171,15.296643076171828,0,53,-0.610253544288348,False,False,False
18障426,15.294436774193368,0,52,-0.6423721518824717,False,False,False
2021障101,15.293172046258551,0,79,0.22483025315886507,False,False,False
2022障119,15.292150634580503,0,22,-1.605930379706179,False,False,False
2022障118,15.292150634580503,0,94,0.7066093670707188,False,False,False
2021障273,15.291510835559611,0,67,-0.1605930379706179,False,False,False
2020障260,15.291280499469929,0,79,0.22483025315886507,False,False,False
19障277,15.289081165363507,0,42,-0.9635582278237074,False,False,False
29障272,15.288170077055534,0,66,-0.1927116455647415,False,False,False
18障218,15.288115965427714,0,55,-0.5460163291001009,False,False,False
27障189,15.286888290901935,0,39,-1.0599140506060782,False,False,False
2019障285,15.284634282347987,0,57,-0.4817791139118537,False,False,False
27障240,15.28245607931932,0,51,-0.6744907594765952,False,False,False
27障241,15.28245607931932,0,60,-0.385423291129483,False,False,False
24障336,15.276742979974358,0,134,1.991353670835662,False,False,False
18障10,15.274734057160167,0,61,-0.3533046835353594,False,False,False
2019障80,15.274127725169299,0,93,0.6744907594765952,False,False,False
24障26,15.27203559801373,0,111,1.2526256961708195,False,False,False
21障360,15.268367636788279,0,82,0.3211860759412358,False,False,False
2023障28,15.268348998049435,0,148,2.441014177153392,False,False,False
2023障29,15.268348998049435,0,22,-1.605930379706179,False,False,False
29障25,15.267123518804299,0,46,-0.8350837974472131,False,False,False
23障68,15.266757978479422,0,126,1.7344048100826734,False,False,False
28障323,15.265379963438795,0,84,0.385423291129483,False,False,False
28障324,15.265379963438795,0,75,0.09635582278237075,False,False,False
28障326,15.265379963438795,0,94,0.7066093670707188,False,False,False
28障325,15.265379963438795,0,89,0.5460163291001009,False,False,False
26障183,15.265265393429061,0,36,-1.1562698733884489,False,False,False
19障195,15.263673056934257,0,53,-0.610253544288348,False,False,False
2023障43,15.262593279107081,0,104,1.0277954430119547,False,False,False
2023障74,15.260949054005367,0,154,2.6337258227181337,False,False,False
24障289,15.26060324722288,0,48,-0.770846582258966,False,False,False
2019障310,15.260198604696797,0,78,0.1927116455647415,False,False,False
29障181,15.259034843678425,0,44,-0.8993210126354603,False,False,False
21障233,15.258659283585677,0,147,2.4088955695592684,False,False,False
28障299,15.258316974030613,0,148,2.441014177153392,False,False,False
26障66,15.257700691366914,0,103,0.995676835417831,False,False,False
29障103,15.257241533556215,0,50,-0.7066093670707188,False,False,False
30障148,15.255896465974736,0,97,0.8029651898530895,False,False,False
29障102,15.252215374036613,0,59,-0.41754189872360653,False,False,False
26障81,15.252190231619801,0,72,0.0,False,False,False
29障66,15.251470141616277,0,122,1.605930379706179,False,False,False
28障84,15.247912685000749,0,89,0.5460163291001009,False,False,False
28障86,15.247810416851925,0,65,-0.22483025315886507,False,False,False
19障164,15.243075525464741,0,124,1.6701675948944261,False,False,False
22障390,15.24068095788552,0,78,0.1927116455647415,False,False,False
19障443,15.236516389993199,0,124,1.6701675948944261,False,False,False
20障200,15.236435011761184,0,47,-0.8029651898530895,False,False,False
20障235,15.230378898527453,0,109,1.1883884809825724,False,False,False
20障206,15.229401199984252,0,57,-0.4817791139118537,False,False,False
20障207,15.229401199984252,0,53,-0.610253544288348,False,False,False
21障206,15.228090039829004,0,30,-1.3489815189531904,False,False,False
26障339,15.227158750618598,0,89,0.5460163291001009,False,False,False
22障209,15.225323786336114,0,93,0.6744907594765952,False,False,False
22障208,15.225323786336114,0,54,-0.5781349366942244,False,False,False
18障219,15.22460823533864,0,52,-0.6423721518824717,False,False,False
2021障47,15.224224193140497,0,133,1.9592350632415385,False,False,False
20障167,15.22340110138466,0,104,1.0277954430119547,False,False,False
17障67,15.223316993983945,0,44,-0.8993210126354603,False,False,False
2021障183,15.222847180380992,0,70,-0.06423721518824717,False,False,False
2023障35,15.220339778863073,0,144,2.3125397467768978,False,False,False
24障373,15.220016170018095,0,68,-0.12847443037649434,False,False,False
30障186,15.219455857397767,0,60,-0.385423291129483,False,False,False
30障185,15.219455857397767,0,66,-0.1927116455647415,False,False,False
2022障172,15.21858411385846,0,137,2.087709493618033,False,False,False
2021障58,15.218468474198144,0,120,1.541693164517932,False,False,False
17障201,15.218380909834208,0,66,-0.1927116455647415,False,False,False
22障219,15.218289974559182,0,48,-0.770846582258966,False,False,False
2023障104,15.218168701802972,0,105,1.0599140506060782,False,False,False
2023障101,15.218168701802972,0,117,1.445337341735561,False,False,False
2023障103,15.218168701802972,0,125,1.7022862024885497,False,False,False
2020障103,15.215849764218255,0,68,-0.12847443037649434,False,False,False
23障106,15.215503701008119,0,94,0.7066093670707188,False,False,False
19障394,15.215110579386335,0,47,-0.8029651898530895,False,False,False
25障190,15.214496614948294,0,53,-0.610253544288348,False,False,False
22障275,15.21385776297657,0,90,0.5781349366942244,False,False,False
22障274,15.21385776297657,0,53,-0.610253544288348,False,False,False
2019障202,15.21355616447184,0,86,0.44966050631773014,False,False,False
2019障203,15.21355616447184,0,75,0.09635582278237075,False,False,False
26障71,15.209691472180552,0,88,0.5138977215059773,False,False,False
2022障129,15.20897078728108,0,91,0.610253544288348,False,False,False
19障222,15.203464992523614,0,40,-1.0277954430119547,False,False,False
19障221,15.203464992523614,0,39,-1.0599140506060782,False,False,False
29障70,15.203460922429915,0,99,0.8672024050413367,False,False,False
25障69,15.199618675641794,0,93,0.6744907594765952,False,False,False
20障370,15.19832836895072,0,30,-1.3489815189531904,False,False,False
19障234,15.196431180746684,0,52,-0.6423721518824717,False,False,False
28障20,15.196053428856828,0,64,-0.2569488607529887,False,False,False
17障358,15.194371068208856,0,54,-0.5781349366942244,False,False,False
27障131,15.19257164318202,0,52,-0.6423721518824717,False,False,False
2023障264,15.191012034861911,0,146,2.376776961965145,False,False,False
21障362,15.189983397018539,0,121,1.5738117721120555,False,False,False
25障246,15.189393386421392,0,91,0.610253544288348,False,False,False
28障327,15.189032166276673,0,61,-0.3533046835353594,False,False,False
30障326,15.188383026364233,0,71,-0.032118607594123584,False,False,False
28障208,15.187238856154465,0,52,-0.6423721518824717,False,False,False
25障224,15.187238856154465,0,58,-0.44966050631773014,False,False,False
2020障269,15.184131434697203,0,63,-0.2890674683471122,False,False,False
17障96,15.182141512238116,0,83,0.3533046835353594,False,False,False
27障391,15.181272442795818,0,58,-0.44966050631773014,False,False,False
2023障185,15.18006205899251,0,108,1.1562698733884489,False,False,False
2023障186,15.18006205899251,0,99,0.8672024050413367,False,False,False
2023障188,15.18006205899251,0,89,0.5460163291001009,False,False,False
27障350,15.179467662706282,0,116,1.4132187341414375,False,False,False
22障185,15.178382785974033,0,41,-0.995676835417831,False,False,False
2019障81,15.177824496623982,0,64,-0.2569488607529887,False,False,False
24障100,15.175791824448437,0,82,0.3211860759412358,False,False,False
2021障129,15.174043896894036,0,90,0.5781349366942244,False,False,False
2021障126,15.174043896894036,0,76,0.12847443037649434,False,False,False
2021障128,15.174043896894036,0,105,1.0599140506060782,False,False,False
2019障145,15.17398417078987,0,96,0.770846582258966,False,False,False
21障310,15.173843664267066,0,64,-0.2569488607529887,False,False,False
2023障31,15.172045769504118,0,72,0.0,False,False,False
22障311,15.171077410774176,0,32,-1.2847443037649433,False,False,False
2022障206,15.170605545053986,0,104,1.0277954430119547,False,False,False
29障197,15.17004485237746,0,64,-0.2569488607529887,False,False,False
17障100,15.169767709845056,0,63,-0.2890674683471122,False,False,False
23障332,15.167181477813338,0,49,-0.7387279746648423,False,False,False
30障68,15.163881936149258,0,80,0.2569488607529887,False,False,False
30障74,15.163779668000432,0,50,-0.7066093670707188,False,False,False
24障217,15.163192205401254,0,97,0.8029651898530895,False,False,False
30障343,15.163182012638558,0,43,-0.9314396202295838,False,False,False
26障67,15.161397462821597,0,92,0.6423721518824717,False,False,False
17障133,15.156780244063768,0,45,-0.8672024050413367,False,False,False
29障69,15.15516691307096,0,106,1.0920326582002018,False,False,False
2019障321,15.15440560554045,0,119,1.5095745569238084,False,False,False
29障80,15.154287395795539,0,88,0.5138977215059773,False,False,False
20障208,15.153053402822133,0,42,-0.9635582278237074,False,False,False
20障73,15.152532669902074,0,91,0.610253544288348,False,False,False
17障395,15.151490490543537,0,105,1.0599140506060782,False,False,False
2020障89,15.149352036819172,0,120,1.541693164517932,False,False,False
19障347,15.149218616961674,0,50,-0.7066093670707188,False,False,False
18障222,15.148260438176518,0,74,0.06423721518824717,False,False,False
2019障59,15.148062832174933,0,76,0.12847443037649434,False,False,False
28障132,15.147913024773219,0,61,-0.3533046835353594,False,False,False
25障136,15.147913024773219,0,41,-0.995676835417831,False,False,False
21障331,15.14726156781943,0,93,0.6744907594765952,False,False,False
2023障152,15.146494614032783,0,108,1.1562698733884489,False,False,False
2019障239,15.146301243366599,0,123,1.6380489873003026,False,False,False
2020障227,15.145897515998023,0,89,0.5460163291001009,False,False,False
20障82,15.145488700759985,0,74,0.06423721518824717,False,False,False
2022障104,15.144875218156741,0,117,1.445337341735561,False,False,False
21障217,15.144708430889953,0,33,-1.2526256961708195,False,False,False
29障231,15.142787093583632,0,141,2.216183923994527,False,False,False
24障205,15.142478022544806,0,61,-0.3533046835353594,False,False,False
18障234,15.141226626399588,0,51,-0.6744907594765952,False,False,False
27障371,15.140935183869978,0,65,-0.22483025315886507,False,False,False
23障59,15.140875607508827,0,108,1.1562698733884489,False,False,False
2020障319,15.140627836712051,0,68,-0.12847443037649434,False,False,False
2020障320,15.140627836712051,0,56,-0.5138977215059773,False,False,False
29障74,15.13938465951203,0,85,0.41754189872360653,False,False,False
2020障175,15.137572958324867,0,155,2.6658444303122573,False,False,False
2019障204,15.137208367309718,0,75,0.09635582278237075,False,False,False
26障202,15.135099920382268,0,50,-0.7066093670707188,False,False,False
2021障49,15.12792096459518,0,59,-0.41754189872360653,False,False,False
2022障194,15.127883715854876,0,69,-0.09635582278237075,False,False,False
24障104,15.127782605262075,0,78,0.1927116455647415,False,False,False
2020障61,15.122657683945125,0,89,0.5460163291001009,False,False,False
28障55,15.121745523857559,0,73,0.032118607594123584,False,False,False
25障41,15.121745523857559,0,79,0.22483025315886507,False,False,False
30障210,15.119517609545985,0,51,-0.6744907594765952,False,False,False
19障81,15.11795647832612,0,60,-0.385423291129483,False,False,False
19障80,15.11795647832612,0,33,-1.2526256961708195,False,False,False
21障103,15.116308780169188,0,51,-0.6744907594765952,False,False,False
2019障331,15.115411226742266,0,93,0.6744907594765952,False,False,False
24障238,15.115220263750977,0,68,-0.12847443037649434,False,False,False
2022障115,15.11429455712494,0,113,1.3168629113590669,False,False,False
21障363,15.11363559985642,0,69,-0.09635582278237075,False,False,False
29障342,15.113081736646468,0,39,-1.0599140506060782,False,False,False
27障39,15.112191177652322,0,77,0.1605930379706179,False,False,False
24障96,15.111817829679376,0,41,-0.995676835417831,False,False,False
18障235,15.109727959340216,0,68,-0.12847443037649434,False,False,False
26障132,15.109691811953022,0,37,-1.1241512657943253,False,False,False
26障135,15.109691811953022,0,72,0.0,False,False,False
23障132,15.107903262838121,0,54,-0.5781349366942244,False,False,False
19障132,15.1070082217753,0,107,1.1241512657943253,False,False,False
30障110,15.106662628124122,0,37,-1.1241512657943253,False,False,False
2023障187,15.103714261830389,0,117,1.445337341735561,False,False,False
23障252,15.100597887638264,0,34,-1.220507088576696,False,False,False
2019障50,15.100053612988571,0,73,0.032118607594123584,False,False,False
22障102,15.09863979039279,0,77,0.1605930379706179,False,False,False
2019障126,15.097882535928472,0,55,-0.5460163291001009,False,False,False
27障97,15.097747264466168,0,109,1.1883884809825724,False,False,False
20障90,15.097479481573624,0,101,0.9314396202295838,False,False,False
25障197,15.096973336040344,0,67,-0.1605930379706179,False,False,False
18障349,15.094014062614578,0,54,-0.5781349366942244,False,False,False
23障55,15.09258159814987,0,53,-0.610253544288348,False,False,False
17障91,15.085956317094697,0,64,-0.2569488607529887,False,False,False
29障339,15.083636534652243,0,35,-1.1883884809825724,False,False,False
26障50,15.083524311037362,0,149,2.4731327847475155,False,False,False
18障7,15.083078260101367,0,43,-0.9314396202295838,False,False,False
2019障152,15.08259025029109,0,62,-0.3211860759412358,False,False,False
24障101,15.07948859590312,0,65,-0.22483025315886507,False,False,False
24障158,15.075894432369731,0,91,0.610253544288348,False,False,False
20障141,15.074912295537803,0,37,-1.1241512657943253,False,False,False
28障66,15.073736304671197,0,73,0.032118607594123584,False,False,False
27障289,15.073493903074446,0,166,3.0191491138476167,False,False,False
17障126,15.072561516172023,0,68,-0.12847443037649434,False,False,False
22障380,15.072336867527227,0,107,1.1241512657943253,False,False,False
25障138,15.071565227611098,0,52,-0.6423721518824717,False,False,False
25障139,15.071565227611098,0,35,-1.1883884809825724,False,False,False
25障141,15.071565227611098,0,68,-0.12847443037649434,False,False,False
2019障20,15.071208243908854,0,72,0.0,False,False,False
23障40,15.069335749002706,0,33,-1.2526256961708195,False,False,False
23障41,15.069335749002706,0,46,-0.8350837974472131,False,False,False
28障83,15.067695795556249,0,48,-0.770846582258966,False,False,False
30障78,15.067476439455115,0,137,2.087709493618033,False,False,False
20障228,15.065669583859554,0,59,-0.41754189872360653,False,False,False
19障126,15.064407194187227,0,98,0.8350837974472131,False,False,False
22障147,15.063801070112731,0,123,1.6380489873003026,False,False,False
22障148,15.063801070112731,0,57,-0.4817791139118537,False,False,False
22障149,15.063801070112731,0,69,-0.09635582278237075,False,False,False
22障150,15.063801070112731,0,33,-1.2526256961708195,False,False,False
18障77,15.062751923979024,0,42,-0.9635582278237074,False,False,False
2023障129,15.061936834314432,0,22,-1.605930379706179,False,False,False
2019障238,15.059775893118006,0,44,-0.8993210126354603,False,False,False
2019障236,15.059775893118006,0,66,-0.1927116455647415,False,False,False
25障335,15.058866693229882,0,60,-0.385423291129483,False,False,False
26障204,15.058752123220147,0,84,0.385423291129483,False,False,False
23障54,15.056961946609643,0,73,0.032118607594123584,False,False,False
2023障97,15.056610177895482,0,159,2.7943188606887515,False,False,False
27障137,15.054966912263774,0,66,-0.1927116455647415,False,False,False
20障48,15.054704086734642,0,120,1.541693164517932,False,False,False
20障242,15.053115154970351,0,31,-1.3168629113590669,False,False,False
22障238,15.052952186096098,0,73,0.032118607594123584,False,False,False
18障129,15.051803667428205,0,52,-0.6423721518824717,False,False,False
28障231,15.051740500060955,0,159,2.7943188606887515,False,False,False
21障52,15.05022340755879,0,148,2.441014177153392,False,False,False
24障64,15.049726931454071,0,95,0.7387279746648423,False,False,False
28障28,15.04489093559148,0,56,-0.5138977215059773,False,False,False
24障132,15.042326987410004,0,80,0.2569488607529887,False,False,False
22障256,15.04200392954528,0,31,-1.3168629113590669,False,False,False
25障148,15.040763960000493,0,113,1.3168629113590669,False,False,False
24障239,15.038872466588856,0,45,-0.8672024050413367,False,False,False
25障183,15.038588374758907,0,22,-1.605930379706179,False,False,False
28障156,15.03843477091441,0,53,-0.610253544288348,False,False,False
22障107,15.038256768813367,0,114,1.3489815189531904,False,False,False
22障93,15.038074246789598,0,81,0.2890674683471122,False,False,False
17障93,15.037947097908337,0,67,-0.1605930379706179,False,False,False
20障271,15.036805652727338,0,51,-0.6744907594765952,False,False,False
26障55,15.035515091851,0,132,1.9271164556474147,False,False,False
24障216,15.035307355164942,0,85,0.41754189872360653,False,False,False
2020障225,15.034897596846587,0,84,0.385423291129483,False,False,False
25障245,15.033458584800632,0,85,0.41754189872360653,False,False,False
25障247,15.033458584800632,0,79,0.22483025315886507,False,False,False
26障138,15.0333440147909,0,71,-0.032118607594123584,False,False,False
26障139,15.0333440147909,0,83,0.3533046835353594,False,False,False
26障137,15.0333440147909,0,51,-0.6744907594765952,False,False,False
26障140,15.0333440147909,0,36,-1.1562698733884489,False,False,False
27障218,15.032218006118294,0,110,1.220507088576696,False,False,False
20障369,15.031535973441366,0,24,-1.541693164517932,False,False,False
2022障213,15.030420778184158,0,126,1.7344048100826734,False,False,False
2020障127,15.030223887454655,0,65,-0.22483025315886507,False,False,False
2020障129,15.030223887454655,0,59,-0.41754189872360653,False,False,False
29障57,15.029284542100363,0,139,2.15194670880628,False,False,False
2022障215,15.029167114912527,0,98,0.8350837974472131,False,False,False
27障47,15.028799411348114,0,106,1.0920326582002018,False,False,False
27障234,15.027422398588609,0,64,-0.2569488607529887,False,False,False
29障143,15.027113465040264,0,82,0.3211860759412358,False,False,False
30障239,15.02686031014085,0,84,0.385423291129483,False,False,False
30障237,15.02686031014085,0,154,2.6337258227181337,False,False,False
30障238,15.02686031014085,0,114,1.3489815189531904,False,False,False
18障413,15.026772186427003,0,70,-0.06423721518824717,False,False,False
22障278,15.02569442730227,0,130,1.8628792404591676,False,False,False
28障60,15.025442295312242,0,83,0.3533046835353594,False,False,False
28障63,15.025442295312242,0,62,-0.3211860759412358,False,False,False
2021障255,15.025174210579355,0,135,2.0234722784297854,False,False,False
21障76,15.017594651135324,0,114,1.3489815189531904,False,False,False
2020障162,15.014931601817274,0,73,0.032118607594123584,False,False,False
2020障163,15.014931601817274,0,79,0.22483025315886507,False,False,False
21障241,15.01454295784316,0,47,-0.8029651898530895,False,False,False
21障242,15.01454295784316,0,97,0.8029651898530895,False,False,False
19障282,15.004820646821278,0,118,1.4774559493296846,False,False,False
22障174,15.004650511181344,0,47,-0.8029651898530895,False,False,False
27障207,15.0040272235309,0,111,1.2526256961708195,False,False,False
2020障18,15.00354959543504,0,104,1.0277954430119547,False,False,False
22障92,15.00245459524937,0,75,0.09635582278237075,False,False,False
2023障119,15.00117609901057,0,94,0.7066093670707188,False,False,False
29障145,14.996312197429656,0,72,0.0,False,False,False
24障88,14.995677203152761,0,146,2.376776961965145,False,False,False
26障258,14.995237371980435,0,53,-0.610253544288348,False,False,False
26障261,14.995237371980435,0,52,-0.6423721518824717,False,False,False
26障257,14.995237371980435,0,51,-0.6744907594765952,False,False,False
29障175,14.993983008343577,0,65,-0.22483025315886507,False,False,False
17障173,14.993522520604229,0,35,-1.1883884809825724,False,False,False
23障259,14.993448822865535,0,54,-0.5781349366942244,False,False,False
19障104,14.992969603829932,0,68,-0.12847443037649434,False,False,False
19障106,14.992969603829932,0,49,-0.7387279746648423,False,False,False
25障43,14.989822643772014,0,107,1.1241512657943253,False,False,False
29障263,14.989006822229799,0,49,-0.7387279746648423,False,False,False
29障261,14.989006822229799,0,159,2.7943188606887515,False,False,False
29障262,14.989006822229799,0,112,1.2847443037649433,False,False,False
30障140,14.987534478759605,0,74,0.06423721518824717,False,False,False
22障161,14.986819969318296,0,137,2.087709493618033,False,False,False
2021障107,14.984158721669777,0,66,-0.1927116455647415,False,False,False
27障236,14.983292824493585,0,48,-0.770846582258966,False,False,False
19障117,14.98059580143687,0,63,-0.2890674683471122,False,False,False
27障144,14.978619115101653,0,67,-0.1605930379706179,False,False,False
17障377,14.973697793054086,0,128,1.7986420252709205,False,False,False
30障179,14.972242193122224,0,38,-1.0920326582002018,False,False,False
2020障200,14.971820603133546,0,65,-0.22483025315886507,False,False,False
24障162,14.968745367597002,0,54,-0.5781349366942244,False,False,False
28障105,14.966071863392855,0,118,1.4774559493296846,False,False,False
2022障57,14.96500804811909,0,86,0.44966050631773014,False,False,False
18障286,14.964940581385685,0,52,-0.6423721518824717,False,False,False
19障190,14.964509802108521,0,76,0.12847443037649434,False,False,False
28障137,14.964416162838372,0,46,-0.8350837974472131,False,False,False
28障136,14.964416162838372,0,66,-0.1927116455647415,False,False,False
19障20,14.964356196833176,0,30,-1.3489815189531904,False,False,False
21障222,14.96336032151627,0,82,0.3211860759412358,False,False,False
27障188,14.963326829464272,0,97,0.8029651898530895,False,False,False
21障69,14.962967348498253,0,41,-0.995676835417831,False,False,False
21障70,14.962967348498253,0,163,2.9227932910652457,False,False,False
26障228,14.96166992702071,0,51,-0.6744907594765952,False,False,False
26障230,14.96166992702071,0,76,0.12847443037649434,False,False,False
21障268,14.961590335738746,0,33,-1.2526256961708195,False,False,False
24障279,14.961439992397144,0,37,-1.1241512657943253,False,False,False
24障280,14.961439992397144,0,64,-0.2569488607529887,False,False,False
24障282,14.961439992397144,0,74,0.06423721518824717,False,False,False
24障283,14.961439992397144,0,140,2.1840653164004036,False,False,False
20障273,14.960457855565217,0,38,-1.0920326582002018,False,False,False
20障274,14.960457855565217,0,22,-1.605930379706179,False,False,False
20障275,14.960457855565217,0,56,-0.5138977215059773,False,False,False
22障68,14.960201095005363,0,100,0.8993210126354603,False,False,False
23障192,14.958377643621704,0,54,-0.5781349366942244,False,False,False
2022障91,14.957527501843186,0,86,0.44966050631773014,False,False,False
2022障92,14.957527501843186,0,106,1.0920326582002018,False,False,False
28障243,14.957110787638511,0,43,-0.9314396202295838,False,False,False
30障147,14.956733211149,0,67,-0.1605930379706179,False,False,False
29障226,14.955439377270073,0,58,-0.44966050631773014,False,False,False
29障224,14.955439377270073,0,70,-0.06423721518824717,False,False,False
29障225,14.955439377270073,0,62,-0.3211860759412358,False,False,False
24障69,14.953423702908754,0,125,1.7022862024885497,False,False,False
24障70,14.953423702908754,0,116,1.4132187341414375,False,False,False
24障68,14.953423702908754,0,54,-0.5781349366942244,False,False,False
21障244,14.953097896964547,0,29,-1.381100126547314,False,False,False
27障15,14.951944823082037,0,28,-1.4132187341414375,False,False,False
2020障358,14.951530167439405,0,22,-1.605930379706179,False,False,False
18障416,14.950424389264883,0,76,0.12847443037649434,False,False,False
23障79,14.94971046151351,0,63,-0.2890674683471122,False,False,False
30障260,14.949427835949143,0,49,-0.7387279746648423,False,False,False
30障258,14.949427835949143,0,59,-0.41754189872360653,False,False,False
29障356,14.948419745025012,0,94,0.7066093670707188,False,False,False
27障149,14.947817847491049,0,77,0.1605930379706179,False,False,False
17障75,14.947399588305373,0,42,-0.9635582278237074,False,False,False
28障139,14.945273022822281,0,87,0.4817791139118537,False,False,False
25障152,14.945273022822281,0,53,-0.610253544288348,False,False,False
30障50,14.94141154646075,0,51,-0.6744907594765952,False,False,False
30障51,14.94141154646075,0,67,-0.1605930379706179,False,False,False
27障276,14.940512472291191,0,81,0.2890674683471122,False,False,False
22障82,14.938480600480313,0,103,0.995676835417831,False,False,False
19障88,14.938342301192863,0,75,0.09635582278237075,False,False,False
19障86,14.938342301192863,0,82,0.3211860759412358,False,False,False
19障87,14.938342301192863,0,61,-0.3533046835353594,False,False,False
19障122,14.93258658225051,0,45,-0.8672024050413367,False,False,False
19障156,14.930942357148796,0,34,-1.220507088576696,False,False,False
28障90,14.930865168034837,0,74,0.06423721518824717,False,False,False
21障236,14.930731565092804,0,73,0.032118607594123584,False,False,False
2019障181,14.930702411889113,0,88,0.5138977215059773,False,False,False
24障52,14.93017785376159,0,85,0.41754189872360653,False,False,False
24障53,14.93017785376159,0,36,-1.1562698733884489,False,False,False
19障317,14.92748783632765,0,25,-1.5095745569238084,False,False,False
26障145,14.926194950018175,0,78,0.1927116455647415,False,False,False
20障264,14.925805733575903,0,56,-0.5138977215059773,False,False,False
18障115,14.925391247089776,0,45,-0.8672024050413367,False,False,False
17障56,14.924153739158209,0,79,0.22483025315886507,False,False,False
2021障181,14.923683925555254,0,86,0.44966050631773014,False,False,False
2019障147,14.92361176233518,0,99,0.8672024050413367,False,False,False
2020障134,14.92307482268193,0,134,1.991353670835662,False,False,False
23障152,14.921711927656323,0,39,-1.0599140506060782,False,False,False
23障153,14.921711927656323,0,28,-1.4132187341414375,False,False,False
2019障63,14.919836723544071,0,115,1.381100126547314,False,False,False
26障264,14.918889574818314,0,66,-0.1927116455647415,False,False,False
26障268,14.918889574818314,0,102,0.9635582278237074,False,False,False
30障39,14.918165697313585,0,60,-0.385423291129483,False,False,False
24障66,14.917804051368526,0,81,0.2890674683471122,False,False,False
2019障178,14.917555649101448,0,83,0.3533046835353594,False,False,False
30障228,14.915860390989415,0,114,1.3489815189531904,False,False,False
30障227,14.915860390989415,0,39,-1.0599140506060782,False,False,False
2020障255,14.915769447482072,0,48,-0.770846582258966,False,False,False
2020障262,14.915769447482072,0,64,-0.2569488607529887,False,False,False
28障88,14.914900392452138,0,56,-0.5138977215059773,False,False,False
25障21,14.912968055505937,0,74,0.06423721518824717,False,False,False
28障25,14.912968055505937,0,96,0.770846582258966,False,False,False
25障22,14.912968055505937,0,126,1.7344048100826734,False,False,False
25障326,14.912651625567213,0,77,0.1605930379706179,False,False,False
22障74,14.912191875819001,0,89,0.5460163291001009,False,False,False
17障71,14.911779936765145,0,57,-0.4817791139118537,False,False,False
17障72,14.911779936765145,0,79,0.22483025315886507,False,False,False
22障180,14.910020798758902,0,44,-0.8993210126354603,False,False,False
18障186,14.909305247761425,0,54,-0.5781349366942244,False,False,False
30障80,14.90721744076277,0,47,-0.8029651898530895,False,False,False
26障150,14.907051810002082,0,54,-0.5781349366942244,False,False,False
24障97,14.906082834423108,0,94,0.7066093670707188,False,False,False
2022障116,14.903492819804981,0,22,-1.605930379706179,False,False,False
2022障107,14.902515121261782,0,125,1.7022862024885497,False,False,False
17障99,14.900058719819727,0,68,-0.12847443037649434,False,False,False
29障63,14.896825199824175,0,68,-0.12847443037649434,False,False,False
24障23,14.896524546025871,0,94,0.7066093670707188,False,False,False
30障73,14.894070677975105,0,50,-0.7066093670707188,False,False,False
25障48,14.893519415226697,0,61,-0.3533046835353594,False,False,False
19障98,14.890333082006501,0,46,-0.8350837974472131,False,False,False
20障176,14.890330756573366,0,55,-0.5460163291001009,False,False,False
28障200,14.890068385499625,0,119,1.5095745569238084,False,False,False
2020障73,14.889523827878396,0,73,0.032118607594123584,False,False,False
26障353,14.889250754164344,0,151,2.537369999935763,False,False,False
19障191,14.8881620049464,0,50,-0.7066093670707188,False,False,False
24障249,14.887783393640698,0,62,-0.3211860759412358,False,False,False
2023障209,14.886721659037986,0,95,0.7387279746648423,False,False,False
2023障215,14.886721659037986,0,105,1.0599140506060782,False,False,False
29障84,14.886413405464003,0,89,0.5460163291001009,False,False,False
27障76,14.885928274711754,0,63,-0.2890674683471122,False,False,False
24障287,14.885092195235023,0,61,-0.3533046835353594,False,False,False
2020障45,14.884507308846514,0,74,0.06423721518824717,False,False,False
27障170,14.884276285307944,0,121,1.5738117721120555,False,False,False
18障79,14.883137746845767,0,94,0.7066093670707188,False,False,False
18障80,14.883137746845767,0,59,-0.41754189872360653,False,False,False
20障304,14.883025381373509,0,56,-0.5138977215059773,False,False,False
25障87,14.882571158675882,0,62,-0.3211860759412358,False,False,False
21障172,14.881985784641184,0,122,1.605930379706179,False,False,False
21障173,14.881985784641184,0,92,0.6423721518824717,False,False,False
22障183,14.879219531148294,0,104,1.0277954430119547,False,False,False
17障306,14.879068080631642,0,38,-1.0920326582002018,False,False,False
20障63,14.875009091885117,0,57,-0.4817791139118537,False,False,False
21障300,14.874680409441327,0,65,-0.22483025315886507,False,False,False
18障284,14.87326829531206,0,59,-0.41754189872360653,False,False,False
30障263,14.873080038787021,0,118,1.4774559493296846,False,False,False
22障301,14.871914155948437,0,67,-0.1605930379706179,False,False,False
22障303,14.871914155948437,0,74,0.06423721518824717,False,False,False
2022障208,14.871442290228249,0,68,-0.12847443037649434,False,False,False
2022障108,14.871016454202412,0,86,0.44966050631773014,False,False,False
24障84,14.86925836999152,0,67,-0.1605930379706179,False,False,False
19障424,14.868337277396261,0,59,-0.41754189872360653,False,False,False
17障182,14.86723031581541,0,55,-0.5460163291001009,False,False,False
2022障95,14.866827103839602,0,98,0.8350837974472131,False,False,False
26障208,14.866163890751542,0,90,0.5781349366942244,False,False,False
27障280,14.86416467512907,0,37,-1.1241512657943253,False,False,False
27障281,14.86416467512907,0,96,0.770846582258966,False,False,False
2020障207,14.8630437634153,0,127,1.766523417676797,False,False,False
2021障141,14.859588356430915,0,97,0.8029651898530895,False,False,False
26障54,14.8552982024065,0,48,-0.770846582258966,False,False,False
25障166,14.854572624818696,0,27,-1.445337341735561,False,False,False
25障167,14.854572624818696,0,46,-0.8350837974472131,False,False,False
28障150,14.854572624818696,0,112,1.2847443037649433,False,False,False
20障46,14.85176324273795,0,43,-0.9314396202295838,False,False,False
18障258,14.85090196344032,0,62,-0.3211860759412358,False,False,False
29障64,14.849838271505405,0,41,-0.995676835417831,False,False,False
29障165,14.848749357855972,0,60,-0.385423291129483,False,False,False
2019障198,14.84752256458969,0,85,0.41754189872360653,False,False,False
24障369,14.844505118030236,0,91,0.610253544288348,False,False,False
21障58,14.843418270805772,0,56,-0.5138977215059773,False,False,False
21障60,14.843418270805772,0,68,-0.12847443037649434,False,False,False
19障92,14.842039072647546,0,110,1.220507088576696,False,False,False
19障93,14.842039072647546,0,72,0.0,False,False,False
20障61,14.839389440344888,0,48,-0.770846582258966,False,False,False
29障120,14.837228289816005,0,100,0.8993210126354603,False,False,False
18障90,14.835128527659407,0,46,-0.8350837974472131,False,False,False
18障91,14.835128527659407,0,103,0.995676835417831,False,False,False
2019障175,14.83374425635109,0,107,1.1241512657943253,False,False,False
2019障176,14.83374425635109,0,127,1.766523417676797,False,False,False
18障190,14.832957450599304,0,75,0.09635582278237075,False,False,False
28障252,14.830818582849696,0,48,-0.770846582258966,False,False,False
28障253,14.830818582849696,0,121,1.5738117721120555,False,False,False
2022障190,14.828720461029137,0,103,0.995676835417831,False,False,False
2022障191,14.828720461029137,0,74,0.06423721518824717,False,False,False
29障254,14.82744829832231,0,34,-1.220507088576696,False,False,False
17障245,14.82634239656487,0,65,-0.22483025315886507,False,False,False
27障193,14.822387247613113,0,69,-0.09635582278237075,False,False,False
19障67,14.81879322350038,0,31,-1.3168629113590669,False,False,False
24障235,14.818049793096137,0,86,0.44966050631773014,False,False,False
19障313,14.816487917176213,0,39,-1.0599140506060782,False,False,False
26障160,14.816351411998498,0,25,-1.5095745569238084,False,False,False
2020障139,14.813231284662253,0,67,-0.1605930379706179,False,False,False
2020障140,14.813231284662253,0,75,0.09635582278237075,False,False,False
2020障153,14.813231284662253,0,84,0.385423291129483,False,False,False
29障164,14.810120862247862,0,57,-0.4817791139118537,False,False,False
2019障288,14.809157322362596,0,45,-0.8672024050413367,False,False,False
2019障160,14.808731486336757,0,93,0.6744907594765952,False,False,False
2022障38,14.808715929929713,0,22,-1.605930379706179,False,False,False
20障152,14.807594646121835,0,83,0.3533046835353594,False,False,False
23障298,14.80725748768374,0,29,-1.381100126547314,False,False,False
23障294,14.80725748768374,0,93,0.6744907594765952,False,False,False
20障308,14.806677584211387,0,48,-0.770846582258966,False,False,False
18障20,14.80628315857969,0,74,0.06423721518824717,False,False,False
19障338,14.804708838681908,0,31,-1.3168629113590669,False,False,False
26障16,14.798399045523619,0,88,0.5138977215059773,False,False,False
30障121,14.797649303535348,0,50,-0.7066093670707188,False,False,False
2020障58,14.79605432980138,0,152,2.5694886075298866,False,False,False
22障306,14.795566358786315,0,31,-1.3168629113590669,False,False,False
22障307,14.795566358786315,0,64,-0.2569488607529887,False,False,False
18障340,14.794850807788842,0,50,-0.7066093670707188,False,False,False
20障180,14.794839819395154,0,82,0.3211860759412358,False,False,False
2023障108,14.792713242188418,0,94,0.7066093670707188,False,False,False
18障84,14.78683451830045,0,68,-0.12847443037649434,False,False,False
18障87,14.78683451830045,0,44,-0.8993210126354603,False,False,False
21障179,14.786494847462974,0,110,1.220507088576696,False,False,False
19障24,14.785139915764663,0,37,-1.1241512657943253,False,False,False
19障29,14.785139915764663,0,103,0.995676835417831,False,False,False
29障205,14.783585543838784,0,46,-0.8350837974472131,False,False,False
2021障142,14.783240559268798,0,102,0.9635582278237074,False,False,False
24障177,14.782554032415208,0,49,-0.7387279746648423,False,False,False
24障180,14.782554032415208,0,49,-0.7387279746648423,False,False,False
29障319,14.782191772523872,0,138,2.1198281012121565,False,False,False
2021障67,14.781416841283797,0,96,0.770846582258966,False,False,False
22障75,14.780268995733458,0,24,-1.541693164517932,False,False,False
23障57,14.778652601824854,0,37,-1.1241512657943253,False,False,False
17障195,14.776529917811827,0,26,-1.4774559493296846,False,False,False
2023障69,14.775615247676226,0,116,1.4132187341414375,False,False,False
19障167,14.774624626884265,0,44,-0.8993210126354603,False,False,False
24障255,14.771554817172888,0,123,1.6380489873003026,False,False,False
30障166,14.770541875967202,0,47,-0.8029651898530895,False,False,False
2019障282,14.766435493163486,0,87,0.4817791139118537,False,False,False
2019障272,14.766435493163486,0,26,-1.4774559493296846,False,False,False
2019障274,14.766435493163486,0,89,0.5460163291001009,False,False,False
20障216,14.76490015669543,0,60,-0.385423291129483,False,False,False
24障24,14.764601665940328,0,78,0.1927116455647415,False,False,False
24障25,14.764601665940328,0,46,-0.8350837974472131,False,False,False
22障61,14.76430422015076,0,96,0.770846582258966,False,False,False
18障66,14.763588669153284,0,63,-0.2890674683471122,False,False,False
18障68,14.763588669153284,0,48,-0.770846582258966,False,False,False
18障67,14.763588669153284,0,47,-0.8029651898530895,False,False,False
27障175,14.76162651230925,0,45,-0.8672024050413367,False,False,False
25障169,14.757109687147981,0,50,-0.7066093670707188,False,False,False
28障159,14.757109687147981,0,45,-0.8672024050413367,False,False,False
2023障41,14.757054742353882,0,118,1.4774559493296846,False,False,False
21障106,14.756122217092832,0,120,1.541693164517932,False,False,False
20障240,14.753951900144616,0,48,-0.770846582258966,False,False,False
25障203,14.74965306663988,0,80,0.2569488607529887,False,False,False
23障157,14.747901192823488,0,58,-0.44966050631773014,False,False,False
2019障54,14.74643096206406,0,93,0.6744907594765952,False,False,False
2021障263,14.745133916458332,0,74,0.06423721518824717,False,False,False
20障66,14.743086211799572,0,61,-0.3533046835353594,False,False,False
20障65,14.743086211799572,0,65,-0.22483025315886507,False,False,False
19障74,14.742445426338259,0,54,-0.5781349366942244,False,False,False
19障76,14.742445426338259,0,62,-0.3211860759412358,False,False,False
2020障179,14.74107283786294,0,76,0.12847443037649434,False,False,False
18障130,14.740266610209407,0,69,-0.09635582278237075,False,False,False
28障290,14.740118184846112,0,54,-0.5781349366942244,False,False,False
28障292,14.740118184846112,0,56,-0.5138977215059773,False,False,False
2022障112,14.737177332798696,0,109,1.1883884809825724,False,False,False
19障130,14.731497169787444,0,88,0.5138977215059773,False,False,False
20障151,14.731246848959714,0,63,-0.2890674683471122,False,False,False
17障241,14.729384241026848,0,121,1.5738117721120555,False,False,False
22障271,14.728523956647429,0,64,-0.2569488607529887,False,False,False
30障207,14.723396199182226,0,101,0.9314396202295838,False,False,False
2022障111,14.721852843887191,0,84,0.385423291129483,False,False,False
22障114,14.721026729823686,0,58,-0.44966050631773014,False,False,False
28障54,14.720113653746687,0,101,0.9314396202295838,False,False,False
28障53,14.720113653746687,0,85,0.41754189872360653,False,False,False
26障167,14.71888847432778,0,44,-0.8993210126354603,False,False,False
18障348,14.718503010626721,0,48,-0.770846582258966,False,False,False
2020障202,14.71797412054209,0,46,-0.8350837974472131,False,False,False
2020障170,14.715768346991538,0,118,1.4774559493296846,False,False,False
23障134,14.713249070834172,0,79,0.22483025315886507,False,False,False
23障135,14.713249070834172,0,42,-0.9635582278237074,False,False,False
2023障241,14.71291092420515,0,76,0.12847443037649434,False,False,False
2022障216,14.711712884127076,0,85,0.41754189872360653,False,False,False
25障49,14.711513298987224,0,129,1.830760632865044,False,False,False
19障94,14.710116192562001,0,132,1.9271164556474147,False,False,False
2019障153,14.707079198303234,0,71,-0.032118607594123584,False,False,False
26障226,14.706636246289998,0,56,-0.5138977215059773,False,False,False
18障93,14.703205647573864,0,95,0.7387279746648423,False,False,False
2023障116,14.702012844184834,0,75,0.09635582278237075,False,False,False
26障315,14.701896972025915,0,64,-0.2569488607529887,False,False,False
2021障133,14.700609868475008,0,74,0.06423721518824717,False,False,False
18障363,14.700507977995136,0,64,-0.2569488607529887,False,False,False
28障328,14.69945840510617,0,91,0.610253544288348,False,False,False
20障96,14.695745343313925,0,42,-0.9635582278237074,False,False,False
20障98,14.695745343313925,0,62,-0.3211860759412358,False,False,False
29障316,14.695666422275279,0,59,-0.41754189872360653,False,False,False
29障317,14.695666422275279,0,94,0.7066093670707188,False,False,False
2021障167,14.694553755241277,0,49,-0.7387279746648423,False,False,False
30障360,14.69335318245307,0,26,-1.4774559493296846,False,False,False
23障195,14.689441613990978,0,53,-0.610253544288348,False,False,False
20障218,14.68855235953331,0,136,2.0555908860239094,False,False,False
2022障47,14.68667974195197,0,115,1.381100126547314,False,False,False
20障314,14.680385379422571,0,59,-0.41754189872360653,False,False,False
21障85,14.678617494598516,0,91,0.610253544288348,False,False,False
23障63,14.677590570999635,0,45,-0.8672024050413367,False,False,False
18障246,14.676725583110764,0,75,0.09635582278237075,False,False,False
29障50,14.675661891175853,0,112,1.2847443037649433,False,False,False
30障171,14.673078938296488,0,54,-0.5781349366942244,False,False,False
30障172,14.673078938296488,0,107,1.1241512657943253,False,False,False
2019障134,14.672427076313916,0,72,0.0,False,False,False
19障214,14.671169402154002,0,78,0.1927116455647415,False,False,False
19障218,14.671169402154002,0,93,0.6744907594765952,False,False,False
22障313,14.669274153997499,0,62,-0.3211860759412358,False,False,False
2019障298,14.668972555492768,0,96,0.770846582258966,False,False,False
24障332,14.668099592442625,0,49,-0.7387279746648423,False,False,False
24障333,14.668099592442625,0,30,-1.3489815189531904,False,False,False
27障182,14.664163574638536,0,71,-0.032118607594123584,False,False,False
20障77,14.662958908731571,0,133,1.9592350632415385,False,False,False
17障351,14.662075477839243,0,116,1.4132187341414375,False,False,False
29障97,14.660907808075638,0,46,-0.8350837974472131,False,False,False
17障200,14.659944019436397,0,75,0.09635582278237075,False,False,False
30障316,14.65608743599462,0,82,0.3211860759412358,False,False,False
18障109,14.655682257064447,0,50,-0.7066093670707188,False,False,False
2019障286,14.649849594788055,0,111,1.2526256961708195,False,False,False
2021障256,14.649663158591498,0,143,2.2804211391827742,False,False,False
2021障69,14.649493961198251,0,54,-0.5781349366942244,False,False,False
27障343,14.647172072336668,0,41,-0.995676835417831,False,False,False
26障170,14.642540677165663,0,56,-0.5138977215059773,False,False,False
2019障85,14.642195729459997,0,99,0.8672024050413367,False,False,False
21障392,14.642100744790666,0,54,-0.5781349366942244,False,False,False
24障370,14.641564274033547,0,58,-0.44966050631773014,False,False,False
24障167,14.639325579210231,0,41,-0.995676835417831,False,False,False
2022障164,14.63906433930789,0,94,0.7066093670707188,False,False,False
19障307,14.63780203360762,0,39,-1.0599140506060782,False,False,False
30障46,14.636082904895195,0,52,-0.6423721518824717,False,False,False
29障73,14.634486409430025,0,67,-0.1605930379706179,False,False,False
17障79,14.633470591980355,0,68,-0.12847443037649434,False,False,False
2023障236,14.63028023341136,0,72,0.0,False,False,False
2021障239,14.629958949551904,0,119,1.5095745569238084,False,False,False
26障343,14.629738525226603,0,49,-0.7387279746648423,False,False,False
27障44,14.627167541237242,0,22,-1.605930379706179,False,False,False
2021障166,14.626066851402422,0,96,0.770846582258966,False,False,False
2021障164,14.626066851402422,0,97,0.8029651898530895,False,False,False
28障300,14.623532286470681,0,91,0.610253544288348,False,False,False
23障138,14.622548672830588,0,38,-1.0920326582002018,False,False,False
23障141,14.622548672830588,0,92,0.6423721518824717,False,False,False
2021障145,14.617228259535956,0,79,0.22483025315886507,False,False,False
20障289,14.616792408987129,0,61,-0.3533046835353594,False,False,False
18障215,14.615964847806906,0,62,-0.3211860759412358,False,False,False
30障348,14.615427656254681,0,47,-0.8029651898530895,False,False,False
18障350,14.611353945853995,0,46,-0.8350837974472131,False,False,False
2021障165,14.610742362490917,0,22,-1.605930379706179,False,False,False
21障285,14.608447437054949,0,84,0.385423291129483,False,False,False
20障203,14.606676483720854,0,53,-0.610253544288348,False,False,False
18障315,14.604965632564586,0,55,-0.5460163291001009,False,False,False
25障76,14.602590374838737,0,58,-0.44966050631773014,False,False,False
17障95,14.60089546499399,0,71,-0.032118607594123584,False,False,False
25障280,14.60022776383935,0,54,-0.5781349366942244,False,False,False
23障261,14.598794630861587,0,44,-0.8993210126354603,False,False,False
23障262,14.598794630861587,0,27,-1.445337341735561,False,False,False
29障326,14.59820348460456,0,40,-1.0277954430119547,False,False,False
28障152,14.59813119919207,0,76,0.12847443037649434,False,False,False
22障217,14.597601700903402,0,61,-0.3533046835353594,False,False,False
25障58,14.595126779250501,0,71,-0.032118607594123584,False,False,False
17障379,14.589917031039931,0,133,1.9592350632415385,False,False,False
20障361,14.589684981418985,0,47,-0.8029651898530895,False,False,False
20障359,14.589684981418985,0,115,1.381100126547314,False,False,False
20障363,14.589684981418985,0,22,-1.605930379706179,False,False,False
20障365,14.589684981418985,0,42,-0.9635582278237074,False,False,False
18障282,14.589429529397828,0,44,-0.8993210126354603,False,False,False
27障186,14.587815777476415,0,72,0.0,False,False,False
2023障218,14.58755840421225,0,119,1.5095745569238084,False,False,False
27障65,14.585992059491415,0,41,-0.995676835417831,False,False,False
27障64,14.585992059491415,0,45,-0.8672024050413367,False,False,False
2021障148,14.585729592476586,0,163,2.9227932910652457,False,False,False
30障352,14.583928989195309,0,103,0.995676835417831,False,False,False
17障202,14.583596222274275,0,62,-0.3211860759412358,False,False,False
21障352,14.581340009486807,0,27,-1.445337341735561,False,False,False
21障355,14.581340009486807,0,46,-0.8350837974472131,False,False,False
22障354,14.578573755993917,0,48,-0.770846582258966,False,False,False
22障358,14.578573755993917,0,118,1.4774559493296846,False,False,False
27障373,14.575013625537355,0,80,0.2569488607529887,False,False,False
27障374,14.575013625537355,0,57,-0.4817791139118537,False,False,False
19障226,14.573706464483283,0,41,-0.995676835417831,False,False,False
20障375,14.570606283518009,0,87,0.4817791139118537,False,False,False
27障48,14.570273177118825,0,106,1.0920326582002018,False,False,False
25障151,14.569761970834422,0,28,-1.4132187341414375,False,False,False
29障136,14.56854097757785,0,103,0.995676835417831,False,False,False
21障240,14.56775085075687,0,99,0.8672024050413367,False,False,False
30障149,14.56207901914505,0,70,-0.06423721518824717,False,False,False
2020障72,14.561249034682296,0,101,0.9314396202295838,False,False,False
24障206,14.561231975300677,0,40,-1.0277954430119547,False,False,False
26障164,14.559909986371872,0,116,1.4132187341414375,False,False,False
22障66,14.558569224894491,0,62,-0.3211860759412358,False,False,False
19障400,14.556714962181415,0,72,0.0,False,False,False
2023障56,14.556605616562008,0,118,1.4774559493296846,False,False,False
25障154,14.55540936999296,0,51,-0.6744907594765952,False,False,False
28障140,14.55540936999296,0,74,0.06423721518824717,False,False,False
28障141,14.55540936999296,0,71,-0.032118607594123584,False,False,False
21障401,14.55480469107773,0,120,1.541693164517932,False,False,False
2023障237,14.553932436249239,0,92,0.6423721518824717,False,False,False
27障154,14.553163655487099,0,52,-0.6423721518824717,False,False,False
2020障201,14.550733745801898,0,66,-0.1927116455647415,False,False,False
29障60,14.550675016679667,0,48,-0.770846582258966,False,False,False
2023障247,14.546898624472309,0,83,0.3533046835353594,False,False,False
2023障248,14.546898624472309,0,104,1.0277954430119547,False,False,False
23障146,14.546200875668466,0,82,0.3211860759412358,False,False,False
23障148,14.546200875668466,0,89,0.5460163291001009,False,False,False
23障145,14.546200875668466,0,58,-0.44966050631773014,False,False,False
23障147,14.546200875668466,0,40,-1.0277954430119547,False,False,False
2019障326,14.545113436048956,0,22,-1.605930379706179,False,False,False
23障335,14.544759948823383,0,44,-0.8993210126354603,False,False,False
17障249,14.544259604146479,0,46,-0.8350837974472131,False,False,False
2021障246,14.543433599303311,0,90,0.5781349366942244,False,False,False
2021障243,14.543433599303311,0,50,-0.7066093670707188,False,False,False
2019障197,14.54087464182914,0,122,1.605930379706179,False,False,False
2019障330,14.534165179498139,0,92,0.6423721518824717,False,False,False
29障81,14.532790754539493,0,51,-0.6744907594765952,False,False,False
28障251,14.531655328023959,0,68,-0.12847443037649434,False,False,False
26障148,14.531540758014225,0,64,-0.2569488607529887,False,False,False
26障332,14.528086237193076,0,115,1.381100126547314,False,False,False
23障191,14.527291508710421,0,96,0.770846582258966,False,False,False
2023障191,14.525787132727315,0,92,0.6423721518824717,False,False,False
29障151,14.525310208263589,0,115,1.381100126547314,False,False,False
2020障329,14.524966109856834,0,78,0.1927116455647415,False,False,False
2019障227,14.524855608493475,0,161,2.8585560758769986,False,False,False
25障193,14.523588182119488,0,111,1.2526256961708195,False,False,False
29障328,14.52185568744244,0,78,0.1927116455647415,False,False,False
24障213,14.52005649355485,0,65,-0.22483025315886507,False,False,False
25障113,14.519457046702867,0,77,0.1605930379706179,False,False,False
30障71,14.518559625987246,0,138,2.1198281012121565,False,False,False
22障101,14.517393743148663,0,68,-0.12847443037649434,False,False,False
2023障254,14.515399957412939,0,117,1.445337341735561,False,False,False
30障167,14.514100450340578,0,28,-1.4132187341414375,False,False,False
2020障142,14.514068029836517,0,49,-0.7387279746648423,False,False,False
2020障143,14.514068029836517,0,41,-0.995676835417831,False,False,False
2023障228,14.51121060705013,0,106,1.0920326582002018,False,False,False
2023障231,14.51121060705013,0,100,0.8993210126354603,False,False,False
2019障161,14.509568231511022,0,85,0.41754189872360653,False,False,False
26障320,14.508963276488362,0,83,0.3533046835353594,False,False,False
28障172,14.508263693207981,0,81,0.2890674683471122,False,False,False
23障269,14.508094232858005,0,30,-1.3489815189531904,False,False,False
28障352,14.507847871180765,0,72,0.0,False,False,False
2023障194,14.506991435887159,0,92,0.6423721518824717,False,False,False
21障73,14.504441114268964,0,45,-0.8672024050413367,False,False,False
2021障271,14.502773819563373,0,60,-0.385423291129483,False,False,False
2019障131,14.501159709985242,0,89,0.5460163291001009,False,False,False
24障166,14.497743378430934,0,66,-0.1927116455647415,False,False,False
26障273,14.493434115203762,0,64,-0.2569488607529887,False,False,False
17障179,14.491719263827553,0,83,0.3533046835353594,False,False,False
17障180,14.491719263827553,0,72,0.0,False,False,False
28障181,14.490379431067806,0,45,-0.8672024050413367,False,False,False
2020障271,14.490313987867518,0,103,0.995676835417831,False,False,False
21障177,14.487331592637236,0,40,-1.0277954430119547,False,False,False
30障151,14.485731221982931,0,46,-0.8350837974472131,False,False,False
2021障268,14.484606617614627,0,43,-0.9314396202295838,False,False,False
22障186,14.484565339144346,0,44,-0.8993210126354603,False,False,False
28障301,14.483676759219485,0,40,-1.0277954430119547,False,False,False
29障300,14.483028517698132,0,124,1.6701675948944261,False,False,False
18障333,14.48283651456551,0,93,0.6744907594765952,False,False,False
2019障244,14.481624839179212,0,66,-0.1927116455647415,False,False,False
29障201,14.47913641954865,0,90,0.5781349366942244,False,False,False
25障158,14.479061572830839,0,25,-1.5095745569238084,False,False,False
25障160,14.479061572830839,0,21,-1.6380489873003026,False,False,False
29障170,14.477331639459114,0,53,-0.610253544288348,False,False,False
27障156,14.476815858324978,0,55,-0.5460163291001009,False,False,False
24障94,14.474996699511825,0,84,0.385423291129483,False,False,False
2020障172,14.473408250096579,0,79,0.22483025315886507,False,False,False
2020障173,14.473408250096579,0,94,0.7066093670707188,False,False,False
18障201,14.472736394601926,0,52,-0.6423721518824717,False,False,False
2022障214,14.470730224514716,0,114,1.3489815189531904,False,False,False
21障128,14.470233598125045,0,46,-0.8350837974472131,False,False,False
23障319,14.467434453118063,0,30,-1.3489815189531904,False,False,False
2019障258,14.467272238337747,0,68,-0.12847443037649434,False,False,False
2021障230,14.46708580214119,0,69,-0.09635582278237075,False,False,False
19障201,14.462706545331848,0,40,-1.0277954430119547,False,False,False
2019障58,14.462592196149826,0,66,-0.1927116455647415,False,False,False
23障43,14.458728832915225,0,46,-0.8350837974472131,False,False,False
2022障158,14.456816498705361,0,117,1.445337341735561,False,False,False
27障345,14.454238376799116,0,81,0.2890674683471122,False,False,False
19障260,14.44984734503947,0,70,-0.06423721518824717,False,False,False
30障271,14.447624579172466,0,54,-0.5781349366942244,False,False,False
17障234,14.445545475112615,0,109,1.1883884809825724,False,False,False
17障239,14.445545475112615,0,79,0.22483025315886507,False,False,False
26障185,14.44502971037345,0,37,-1.1241512657943253,False,False,False
2020障326,14.442335419063044,0,73,0.032118607594123584,False,False,False
25障257,14.440954930020373,0,66,-0.1927116455647415,False,False,False
25障262,14.440954930020373,0,57,-0.4817791139118537,False,False,False
25障268,14.440954930020373,0,84,0.385423291129483,False,False,False
26障155,14.440840360010641,0,50,-0.7066093670707188,False,False,False
26障355,14.439399433165557,0,33,-1.2526256961708195,False,False,False
21障200,14.439353023832764,0,55,-0.5460163291001009,False,False,False
29障322,14.439224996648651,0,60,-0.385423291129483,False,False,False
27障290,14.438709215514514,0,38,-1.0920326582002018,False,False,False
25障172,14.438401793090897,0,75,0.09635582278237075,False,False,False
25障173,14.438401793090897,0,127,1.766523417676797,False,False,False
25障174,14.438401793090897,0,67,-0.1605930379706179,False,False,False
2020障154,14.437720232674396,0,50,-0.7066093670707188,False,False,False
2020障150,14.437720232674396,0,91,0.610253544288348,False,False,False
2020障151,14.437720232674396,0,62,-0.3211860759412358,False,False,False
17障242,14.437684581789348,0,87,0.4817791139118537,False,False,False
22障204,14.436586770339874,0,37,-1.1241512657943253,False,False,False
2021障157,14.436565982161365,0,41,-0.995676835417831,False,False,False
29障158,14.434609810260005,0,111,1.2526256961708195,False,False,False
2019障293,14.433646270374737,0,81,0.2890674683471122,False,False,False
2019障290,14.433646270374737,0,56,-0.5138977215059773,False,False,False
2020障135,14.433501061511425,0,76,0.12847443037649434,False,False,False
26障74,14.432446281932995,0,62,-0.3211860759412358,False,False,False
21障266,14.432126955314581,0,53,-0.610253544288348,False,False,False
28障174,14.43191589604586,0,133,1.9592350632415385,False,False,False
23障293,14.431746435695883,0,96,0.770846582258966,False,False,False
23障290,14.431746435695883,0,107,1.1241512657943253,False,False,False
23障285,14.431746435695883,0,55,-0.5460163291001009,False,False,False
30障183,14.430718841401529,0,121,1.5738117721120555,False,False,False
22障252,14.430530657106143,0,78,0.1927116455647415,False,False,False
29障150,14.430390639097034,0,87,0.4817791139118537,False,False,False
27障333,14.42759582196957,0,64,-0.2569488607529887,False,False,False
20障107,14.4268093136832,0,78,0.1927116455647415,False,False,False
27障208,14.422781176286772,0,22,-1.605930379706179,False,False,False
2022障224,14.421388221167808,0,74,0.06423721518824717,False,False,False
20障179,14.419328767407297,0,26,-1.4774559493296846,False,False,False
26障7,14.4183800111346,0,51,-0.6744907594765952,False,False,False
26障274,14.41708631804164,0,72,0.0,False,False,False
23障183,14.41655110462756,0,87,0.4817791139118537,False,False,False
2022障39,14.416200133077101,0,166,3.0191491138476167,False,False,False
29障203,14.41570044330196,0,37,-1.1241512657943253,False,False,False
27障203,14.415317580698536,0,93,0.6744907594765952,False,False,False
2021障61,14.413766682619206,0,59,-0.41754189872360653,False,False,False
26障309,14.412911270286648,0,147,2.4088955695592684,False,False,False
24障193,14.41123233079016,0,64,-0.2569488607529887,False,False,False
21障178,14.410983795475117,0,64,-0.2569488607529887,False,False,False
19障275,14.408671863293643,0,84,0.385423291129483,False,False,False
19障274,14.408671863293643,0,141,2.216183923994527,False,False,False
2019障306,14.408445256649063,0,65,-0.22483025315886507,False,False,False
2019障300,14.408445256649063,0,81,0.2890674683471122,False,False,False
21障369,14.407529274653967,0,112,1.2847443037649433,False,False,False
24障175,14.40704298042735,0,39,-1.0599140506060782,False,False,False
28障164,14.406903126031526,0,31,-1.3168629113590669,False,False,False
25障175,14.406903126031526,0,66,-0.1927116455647415,False,False,False
22障366,14.404763021161077,0,67,-0.1605930379706179,False,False,False
2023障130,14.404342989908184,0,22,-1.605930379706179,False,False,False
26障278,14.402733717200176,0,28,-1.4132187341414375,False,False,False
2021障60,14.401392880226144,0,86,0.44966050631773014,False,False,False
2021障50,14.401392880226144,0,81,0.2890674683471122,False,False,False
23障174,14.401226615716057,0,48,-0.770846582258966,False,False,False
17障194,14.40101886582397,0,102,0.9635582278237074,False,False,False
17障188,14.40101886582397,0,102,0.9635582278237074,False,False,False
18障73,14.400607954817351,0,54,-0.5781349366942244,False,False,False
25障314,14.400295150280435,0,88,0.5138977215059773,False,False,False
28障321,14.400295150280435,0,49,-0.7387279746648423,False,False,False
28障322,14.400295150280435,0,87,0.4817791139118537,False,False,False
26障182,14.4001805802707,0,39,-1.0599140506060782,False,False,False
30障325,14.399646010367993,0,66,-0.1927116455647415,False,False,False
2020障294,14.399613589863934,0,74,0.06423721518824717,False,False,False
2020障299,14.399613589863934,0,80,0.2569488607529887,False,False,False
2020障304,14.399613589863934,0,75,0.09635582278237075,False,False,False
2020障314,14.399613589863934,0,106,1.0920326582002018,False,False,False
30障188,14.399220174342156,0,93,0.6744907594765952,False,False,False
26障48,14.398053675012255,0,106,1.0920326582002018,False,False,False
2023障38,14.39750846594872,0,139,2.15194670880628,False,False,False
21障182,14.396631194633654,0,48,-0.770846582258966,False,False,False
18障441,14.396590849655505,0,72,0.0,False,False,False
20障94,14.39658208848819,0,69,-0.09635582278237075,False,False,False
29障279,14.39650316744954,0,52,-0.6423721518824717,False,False,False
29障287,14.39650316744954,0,42,-0.9635582278237074,False,False,False
24障49,14.39591873483623,0,179,3.4366910125712233,False,False,False
2019障309,14.395113791538437,0,44,-0.8993210126354603,False,False,False
30障160,14.395030823979345,0,108,1.1562698733884489,False,False,False
22障189,14.393864941140764,0,60,-0.385423291129483,False,False,False
2019障265,14.390924441175626,0,31,-1.3168629113590669,False,False,False
21障92,14.388237116556008,0,60,-0.385423291129483,False,False,False
19障202,14.386358748169727,0,33,-1.2526256961708195,False,False,False
19障203,14.386358748169727,0,59,-0.41754189872360653,False,False,False
27障168,14.386115460321394,0,37,-1.1241512657943253,False,False,False
27障392,14.38467453347631,0,122,1.605930379706179,False,False,False
20障313,14.381222124596833,0,41,-0.995676835417831,False,False,False
2021障76,14.380557931567527,0,61,-0.3533046835353594,False,False,False
23障333,14.380050634155484,0,67,-0.1605930379706179,False,False,False
17障313,14.377264823854969,0,82,0.3211860759412358,False,False,False
20障232,14.37315497869236,0,58,-0.44966050631773014,False,False,False
21障313,14.372877152664651,0,65,-0.22483025315886507,False,False,False
18障106,14.371843491150214,0,46,-0.8350837974472131,False,False,False
25障103,14.369738137912277,0,68,-0.12847443037649434,False,False,False
25障102,14.369738137912277,0,66,-0.1927116455647415,False,False,False
28障103,14.369738137912277,0,145,2.3446583543710213,False,False,False
24障307,14.368936337616885,0,122,1.605930379706179,False,False,False
24障308,14.368936337616885,0,57,-0.4817791139118537,False,False,False
24障310,14.368936337616885,0,101,0.9314396202295838,False,False,False
25障319,14.368796483221063,0,74,0.06423721518824717,False,False,False
28障329,14.368796483221063,0,59,-0.41754189872360653,False,False,False
26障186,14.36868191321133,0,86,0.44966050631773014,False,False,False
2020障323,14.365987621900922,0,70,-0.06423721518824717,False,False,False
24障363,14.36587961341055,0,102,0.9635582278237074,False,False,False
25障299,14.364607132858252,0,131,1.8949978480532912,False,False,False
28障273,14.364607132858252,0,31,-1.3168629113590669,False,False,False
28障276,14.364607132858252,0,30,-1.3489815189531904,False,False,False
28障278,14.364607132858252,0,77,0.1605930379706179,False,False,False
25障284,14.364607132858252,0,82,0.3211860759412358,False,False,False
20障259,14.36412413008464,0,23,-1.5738117721120555,False,False,False
21障203,14.363005226670643,0,47,-0.8029651898530895,False,False,False
17障319,14.362912223013504,0,79,0.22483025315886507,False,False,False
17障328,14.362912223013504,0,45,-0.8672024050413367,False,False,False
17障326,14.362912223013504,0,40,-1.0277954430119547,False,False,False
22障248,14.362043753267288,0,63,-0.2890674683471122,False,False,False
17障63,14.358232180825583,0,109,1.1883884809825724,False,False,False
2021障180,14.35776236722263,0,69,-0.09635582278237075,False,False,False
22障81,14.357234553236186,0,114,1.3489815189531904,False,False,False
30障274,14.356924181168884,0,97,0.8029651898530895,False,False,False
21障215,14.355971414893713,0,35,-1.1883884809825724,False,False,False
30障184,14.354371044239407,0,68,-0.12847443037649434,False,False,False
17障232,14.353873189038993,0,120,1.541693164517932,False,False,False
2021障51,14.353383661039782,0,162,2.890674683471122,False,False,False
2019障182,14.349456364644986,0,47,-0.8029651898530895,False,False,False
28障170,14.349411801789932,0,58,-0.44966050631773014,False,False,False
2023障42,14.349214456589765,0,120,1.541693164517932,False,False,False
2023障45,14.349214456589765,0,95,0.7387279746648423,False,False,False
21障404,14.34906969582146,0,57,-0.4817791139118537,False,False,False
19障352,14.348252105359263,0,40,-1.0277954430119547,False,False,False
29障45,14.347137767506762,0,64,-0.2569488607529887,False,False,False
19障278,14.345612112435408,0,111,1.2526256961708195,False,False,False
25障39,14.344602601758828,0,46,-0.8350837974472131,False,False,False
2020障334,14.340786608175248,0,40,-1.0277954430119547,False,False,False
19障271,14.34018495945479,0,79,0.22483025315886507,False,False,False
2021障121,14.339960357443765,0,124,1.6701675948944261,False,False,False
26障360,14.337703778275024,0,94,0.7066093670707188,False,False,False
29障336,14.337676185760856,0,40,-1.0277954430119547,False,False,False
2019障72,14.337605321653642,0,56,-0.5138977215059773,False,False,False
20障209,14.332817719766522,0,47,-0.8029651898530895,False,False,False
26障107,14.331516925092078,0,37,-1.1241512657943253,False,False,False
26障108,14.331516925092078,0,46,-0.8350837974472131,False,False,False
20障187,14.328628369403711,0,41,-0.995676835417831,False,False,False
20障188,14.328628369403711,0,34,-1.220507088576696,False,False,False
20障192,14.328628369403711,0,23,-1.5738117721120555,False,False,False
2020障85,14.328396797755834,0,101,0.9314396202295838,False,False,False
24障345,14.328276557876947,0,50,-0.7066093670707188,False,False,False
24障346,14.328276557876947,0,75,0.09635582278237075,False,False,False
2020障338,14.327455143064622,0,145,2.3446583543710213,False,False,False
26障307,14.326385920038055,0,125,1.7022862024885497,False,False,False
26障306,14.326385920038055,0,67,-0.1605930379706179,False,False,False
26障310,14.326385920038055,0,44,-0.8993210126354603,False,False,False
23障180,14.324878818553936,0,78,0.1927116455647415,False,False,False
19障265,14.324860470543287,0,54,-0.5781349366942244,False,False,False
25障315,14.323947353118314,0,60,-0.385423291129483,False,False,False
2020障290,14.323265792701813,0,40,-1.0277954430119547,False,False,False
2020障292,14.323265792701813,0,54,-0.5781349366942244,False,False,False
2020障300,14.323265792701813,0,52,-0.6423721518824717,False,False,False
2020障303,14.323265792701813,0,47,-0.8029651898530895,False,False,False
23障211,14.32242300077732,0,178,3.4045724049770993,False,False,False
29障310,14.320155370287418,0,66,-0.1927116455647415,False,False,False
2019障311,14.318765994376315,0,58,-0.44966050631773014,False,False,False
23障70,14.318044294594474,0,136,2.0555908860239094,False,False,False
22障191,14.317517143978643,0,46,-0.8350837974472131,False,False,False
22障198,14.317517143978643,0,43,-0.9314396202295838,False,False,False
30障345,14.316264401428942,0,67,-0.1605930379706179,False,False,False
27障348,14.31438284954792,0,95,0.7387279746648423,False,False,False
19障232,14.313179165639578,0,35,-1.1883884809825724,False,False,False
21障97,14.311889319393888,0,75,0.09635582278237075,False,False,False
28障69,14.311288013336268,0,39,-1.0599140506060782,False,False,False
2020障184,14.30807046163349,0,46,-0.8350837974472131,False,False,False
27障366,14.30734903777099,0,66,-0.1927116455647415,False,False,False
17障370,14.30408524132482,0,39,-1.0599140506060782,False,False,False
19障236,14.299847700528952,0,65,-0.22483025315886507,False,False,False
19障237,14.299847700528952,0,62,-0.3211860759412358,False,False,False
30障208,14.299773659859182,0,56,-0.5138977215059773,False,False,False
24障131,14.297719545508787,0,61,-0.3533046835353594,False,False,False
30障193,14.297043492345706,0,106,1.0920326582002018,False,False,False
19障211,14.295658350166141,0,32,-1.2847443037649433,False,False,False
19障212,14.295658350166141,0,79,0.22483025315886507,False,False,False
19障441,14.294217423321058,0,36,-1.1562698733884489,False,False,False
24障327,14.292588540454764,0,51,-0.6744907594765952,False,False,False
28障332,14.292448686058941,0,63,-0.2890674683471122,False,False,False
17障134,14.291695430905406,0,42,-0.9635582278237074,False,False,False
20障330,14.29052172659325,0,52,-0.6423721518824717,False,False,False
17障340,14.286564425851383,0,114,1.3489815189531904,False,False,False
30障108,14.285707389060784,0,48,-0.770846582258966,False,False,False
30障107,14.285707389060784,0,81,0.2890674683471122,False,False,False
30障106,14.285707389060784,0,59,-0.41754189872360653,False,False,False
2022障50,14.285047871841098,0,80,0.2569488607529887,False,False,False
18障270,14.284980405107694,0,42,-0.9635582278237074,False,False,False
2023障33,14.28371510719859,0,114,1.3489815189531904,False,False,False
22障250,14.283659513497549,0,37,-1.1241512657943253,False,False,False
21障319,14.282176754661068,0,44,-0.8993210126354603,False,False,False
2020障211,14.281797716171171,0,86,0.44966050631773014,False,False,False
20障229,14.281482692618736,0,37,-1.1241512657943253,False,False,False
30障286,14.280576384006762,0,51,-0.6744907594765952,False,False,False
30障309,14.280576384006762,0,56,-0.5138977215059773,False,False,False
30障310,14.280576384006762,0,44,-0.8993210126354603,False,False,False
29障338,14.27949559054748,0,63,-0.2890674683471122,False,False,False
24障202,14.277393209386444,0,32,-1.2847443037649433,False,False,False
24障203,14.277393209386444,0,61,-0.3533046835353594,False,False,False
24障204,14.277393209386444,0,86,0.44966050631773014,False,False,False
23障338,14.275823919192657,0,37,-1.1241512657943253,False,False,False
27障327,14.27166102034881,0,67,-0.1605930379706179,False,False,False
27障332,14.27166102034881,0,49,-0.7387279746648423,False,False,False
22障243,14.270371467193666,0,51,-0.6744907594765952,False,False,False
19障393,14.26772926044215,0,108,1.1562698733884489,False,False,False
17障62,14.266559894751959,0,67,-0.1605930379706179,False,False,False
24障198,14.26206872047494,0,22,-1.605930379706179,False,False,False
22障55,14.259405970068753,0,95,0.7387279746648423,False,False,False
22障56,14.259405970068753,0,71,-0.032118607594123584,False,False,False
2021障63,14.259034645687345,0,115,1.381100126547314,False,False,False
2020障56,14.257572870786765,0,120,1.541693164517932,False,False,False
19障369,14.25755170735568,0,21,-1.6380489873003026,False,False,False
27障199,14.256465689280487,0,45,-0.8672024050413367,False,False,False
29障67,14.254462448372372,0,54,-0.5781349366942244,False,False,False
19障79,14.252871665167758,0,107,1.1241512657943253,False,False,False
19障77,14.252871665167758,0,37,-1.1241512657943253,False,False,False
27障41,14.251656489249385,0,22,-1.605930379706179,False,False,False
24障218,14.251120463924124,0,156,2.697963037906381,False,False,False
2020障337,14.2511073459025,0,111,1.2526256961708195,False,False,False
20障401,14.250839645396507,0,49,-0.7387279746648423,False,False,False
30障194,14.250056564026936,0,94,0.7066093670707188,False,False,False
21障219,14.24812495067222,0,55,-0.5460163291001009,False,False,False
21障220,14.24812495067222,0,41,-0.995676835417831,False,False,False
25障200,14.24679125916549,0,74,0.06423721518824717,False,False,False
22障363,14.245784533205168,0,77,0.1605930379706179,False,False,False
23障131,14.24281844967976,0,65,-0.22483025315886507,False,False,False
27障194,14.241141200368984,0,22,-1.605930379706179,False,False,False
27障72,14.240708232698568,0,55,-0.5460163291001009,False,False,False
18障205,14.240453795819045,0,40,-1.0277954430119547,False,False,False
30障347,14.23991660426682,0,47,-0.8029651898530895,False,False,False
2020障305,14.23652559785084,0,79,0.22483025315886507,False,False,False
17障80,14.2332453063294,0,69,-0.09635582278237075,False,False,False
22障396,14.2322648243832,0,24,-1.541693164517932,False,False,False
20障382,14.231694744904566,0,68,-0.12847443037649434,False,False,False
22障225,14.230776949127668,0,49,-0.7387279746648423,False,False,False
30障138,14.229798736471459,0,87,0.4817791139118537,False,False,False
2023障246,14.229568167697828,0,128,1.7986420252709205,False,False,False
2023障244,14.229568167697828,0,152,2.5694886075298866,False,False,False
2019障70,14.228928290715263,0,73,0.032118607594123584,False,False,False
2019障71,14.228928290715263,0,72,0.0,False,False,False
26障38,14.227419053080041,0,39,-1.0599140506060782,False,False,False
2021障48,14.227216499896592,0,59,-0.41754189872360653,False,False,False
25障191,14.224424927293748,0,68,-0.12847443037649434,False,False,False
26障212,14.221858092649178,0,70,-0.06423721518824717,False,False,False
29障40,14.221188503329405,0,79,0.22483025315886507,False,False,False
29障41,14.221188503329405,0,39,-1.0599140506060782,False,False,False
17障86,14.220871503936337,0,44,-0.8993210126354603,False,False,False
17障88,14.220871503936337,0,89,0.5460163291001009,False,False,False
20障386,14.218363279793937,0,29,-1.381100126547314,False,False,False
20障387,14.218363279793937,0,46,-0.8350837974472131,False,False,False
19障421,14.216891927615738,0,52,-0.6423721518824717,False,False,False
23障186,14.215216432969255,0,58,-0.44966050631773014,False,False,False
23障188,14.215216432969255,0,66,-0.1927116455647415,False,False,False
20障327,14.214173929431128,0,31,-1.3168629113590669,False,False,False
20障356,14.214173929431128,0,46,-0.8350837974472131,False,False,False
29障192,14.213287753145474,0,89,0.5460163291001009,False,False,False
29障193,14.213287753145474,0,107,1.1241512657943253,False,False,False
21障129,14.21095996255297,0,73,0.032118607594123584,False,False,False
21障130,14.21095996255297,0,35,-1.1883884809825724,False,False,False
21障380,14.210018307861757,0,85,0.41754189872360653,False,False,False
2020障62,14.209563651600403,0,80,0.2569488607529887,False,False,False
2020障59,14.209563651600403,0,116,1.4132187341414375,False,False,False
25障336,14.208684616355027,0,172,3.211860759412358,False,False,False
2023障34,14.207367310036469,0,68,-0.12847443037649434,False,False,False
22障379,14.207252054368867,0,41,-0.995676835417831,False,False,False
29障71,14.20645322918601,0,126,1.7344048100826734,False,False,False
24障105,14.2060606698811,0,57,-0.4817791139118537,False,False,False
27障57,14.205968098433761,0,72,0.0,False,False,False
21障338,14.205828957498946,0,60,-0.385423291129483,False,False,False
21障342,14.205828957498946,0,72,0.0,False,False,False
21障344,14.205828957498946,0,43,-0.9314396202295838,False,False,False
21障340,14.205828957498946,0,49,-0.7387279746648423,False,False,False
21障343,14.205828957498946,0,46,-0.8350837974472131,False,False,False
22障350,14.203062704006056,0,61,-0.3533046835353594,False,False,False
22障352,14.203062704006056,0,72,0.0,False,False,False
25障68,14.20261098239789,0,65,-0.22483025315886507,False,False,False
18障353,14.202347153008583,0,47,-0.8029651898530895,False,False,False
29障206,14.202339496594657,0,58,-0.44966050631773014,False,False,False
17障103,14.20003655527772,0,70,-0.06423721518824717,False,False,False
23障339,14.199476122030536,0,59,-0.41754189872360653,False,False,False
19障419,14.198724725666995,0,42,-0.9635582278237074,False,False,False
18障75,14.197667110820662,0,44,-0.8993210126354603,False,False,False
25障170,14.197419133478537,0,45,-0.8672024050413367,False,False,False
28障162,14.197419133478537,0,41,-0.995676835417831,False,False,False
22障48,14.194386089014078,0,42,-0.9635582278237074,False,False,False
2020障351,14.193616021660906,0,102,0.9635582278237074,False,False,False
18障266,14.19330811903407,0,123,1.6380489873003026,False,False,False
23障51,14.191877133451282,0,174,3.276097974600605,False,False,False
23障53,14.191877133451282,0,55,-0.5460163291001009,False,False,False
29障351,14.190505599246515,0,100,0.8993210126354603,False,False,False
17障206,14.184467059451004,0,47,-0.8029651898530895,False,False,False
2020障198,14.18308358713731,0,84,0.385423291129483,False,False,False
18障65,14.182342621909157,0,46,-0.8350837974472131,False,False,False
26障352,14.181411660085647,0,63,-0.2890674683471122,False,False,False
19障390,14.181203910193558,0,63,-0.2890674683471122,False,False,False
24障285,14.179280215895638,0,51,-0.6744907594765952,False,False,False
17障265,14.177240990932823,0,39,-1.0599140506060782,False,False,False
2023障27,14.175038076260213,0,82,0.3211860759412358,False,False,False
2021障97,14.173053552369478,0,80,0.2569488607529887,False,False,False
30障225,14.1712529490882,0,49,-0.7387279746648423,False,False,False
18障399,14.168721185045573,0,68,-0.12847443037649434,False,False,False
18障236,14.168295349019735,0,60,-0.385423291129483,False,False,False
23障133,14.166470652517638,0,90,0.5781349366942244,False,False,False
19障259,14.166008579125238,0,64,-0.2569488607529887,False,False,False
27障197,14.164793403206863,0,58,-0.44966050631773014,False,False,False
2021障212,14.163703376152485,0,144,2.3125397467768978,False,False,False
24障80,14.162921623770659,0,116,1.4132187341414375,False,False,False
24障79,14.162921623770659,0,47,-0.8029651898530895,False,False,False
27障231,14.162337585430247,0,73,0.032118607594123584,False,False,False
27障232,14.162337585430247,0,73,0.032118607594123584,False,False,False
27障233,14.162337585430247,0,125,1.7022862024885497,False,False,False
19障73,14.161199379094132,0,46,-0.8350837974472131,False,False,False
26障176,14.15919792065834,0,86,0.44966050631773014,False,False,False
27障60,14.157958879247401,0,55,-0.5460163291001009,False,False,False
17障390,14.15691465481048,0,63,-0.2890674683471122,False,False,False
30障70,14.156336620303273,0,98,0.8350837974472131,False,False,False
27障216,14.153845146656046,0,84,0.385423291129483,False,False,False
27障217,14.153845146656046,0,108,1.1562698733884489,False,False,False
2023障242,14.153220370535706,0,64,-0.2569488607529887,False,False,False
26障173,14.152966915995158,0,58,-0.44966050631773014,False,False,False
2021障158,14.152727216247134,0,93,0.6744907594765952,False,False,False
20障81,14.14848100751608,0,46,-0.8350837974472131,False,False,False
20障388,14.142015482631816,0,55,-0.5460163291001009,False,False,False
2023障70,14.140830560116294,0,146,2.376776961965145,False,False,False
21障81,14.1401360355839,0,132,1.9271164556474147,False,False,False
23障95,14.137714185924168,0,136,2.0555908860239094,False,False,False
23障96,14.137714185924168,0,80,0.2569488607529887,False,False,False
30障36,14.133315507689792,0,90,0.5781349366942244,False,False,False
29障191,14.13238983122793,0,69,-0.09635582278237075,False,False,False
25障340,14.132336819192906,0,93,0.6744907594765952,False,False,False
22障382,14.130904257206746,0,103,0.995676835417831,False,False,False
22障381,14.130904257206746,0,95,0.7387279746648423,False,False,False
24障86,14.130592389994401,0,52,-0.6423721518824717,False,False,False
18障422,14.130188706209273,0,74,0.06423721518824717,False,False,False
18障418,14.130188706209273,0,82,0.3211860759412358,False,False,False
18障419,14.130188706209273,0,59,-0.41754189872360653,False,False,False
18障421,14.130188706209273,0,51,-0.6744907594765952,False,False,False
24障107,14.12971287271898,0,155,2.6658444303122573,False,False,False
28障57,14.124737830613654,0,62,-0.3211860759412358,False,False,False
25障42,14.124737830613654,0,50,-0.7066093670707188,False,False,False
17障106,14.123688758115598,0,79,0.22483025315886507,False,False,False
2023障128,14.120504223993949,0,87,0.4817791139118537,False,False,False
21障105,14.119301086925283,0,53,-0.610253544288348,False,False,False
30障67,14.118580233546398,0,64,-0.2569488607529887,False,False,False
23障166,14.117387849801824,0,76,0.12847443037649434,False,False,False
23障173,14.117387849801824,0,54,-0.5781349366942244,False,False,False
23障167,14.117387849801824,0,52,-0.6423721518824717,False,False,False
23障170,14.117387849801824,0,116,1.4132187341414375,False,False,False
23障172,14.117387849801824,0,72,0.0,False,False,False
22障110,14.116534833432393,0,74,0.06423721518824717,False,False,False
18障250,14.110804024778142,0,33,-1.2526256961708195,False,False,False
18障253,14.110804024778142,0,68,-0.12847443037649434,False,False,False
18障254,14.110804024778142,0,79,0.22483025315886507,False,False,False
28障346,14.109970487321165,0,115,1.381100126547314,False,False,False
26障200,14.10985591731143,0,62,-0.3211860759412358,False,False,False
27障58,14.109664869888444,0,78,0.1927116455647415,False,False,False
27障59,14.109664869888444,0,128,1.7986420252709205,False,False,False
2021障266,14.10909556562677,0,65,-0.22483025315886507,False,False,False
30障178,14.107157379963862,0,61,-0.3533046835353594,False,False,False
2020障194,14.106735789975188,0,75,0.09635582278237075,False,False,False
18障72,14.105994824747038,0,61,-0.3533046835353594,False,False,False
20障262,14.104850494512567,0,30,-1.3489815189531904,False,False,False
20障263,14.104850494512567,0,17,-1.766523417676797,False,False,False
20障260,14.104850494512567,0,90,0.5781349366942244,False,False,False
20障261,14.104850494512567,0,64,-0.2569488607529887,False,False,False
2019障64,14.103045919744666,0,60,-0.385423291129483,False,False,False
2019障65,14.103045919744666,0,62,-0.3211860759412358,False,False,False
2020障352,14.101943735587282,0,77,0.1605930379706179,False,False,False
29障357,14.101173102925959,0,161,2.8585560758769986,False,False,False
20障91,14.100471788329719,0,87,0.4817791139118537,False,False,False
25障149,14.09933134968001,0,122,1.605930379706179,False,False,False
29障350,14.09883331317289,0,121,1.5738117721120555,False,False,False
2022障163,14.098465619969387,0,121,1.5738117721120555,False,False,False
27障187,14.09824201630591,0,141,2.216183923994527,False,False,False
17障176,14.097636439835263,0,89,0.5460163291001009,False,False,False
18障128,14.09504656819622,0,74,0.06423721518824717,False,False,False
22障272,14.093739269087497,0,54,-0.5781349366942244,False,False,False
30障144,14.09164839799064,0,73,0.032118607594123584,False,False,False
30障146,14.09164839799064,0,65,-0.22483025315886507,False,False,False
2020障359,14.090995479036465,0,60,-0.385423291129483,False,False,False
2022障212,14.088988167863675,0,104,1.0277954430119547,False,False,False
2023障135,14.088945609067233,0,102,0.9635582278237074,False,False,False
2021障213,14.087355578990364,0,58,-0.44966050631773014,False,False,False
18障414,14.085339576106524,0,42,-0.9635582278237074,False,False,False
20障72,14.084507012747023,0,58,-0.44966050631773014,False,False,False
2020障55,14.083396490457213,0,91,0.610253544288348,False,False,False
28障317,14.082964693505954,0,45,-0.8672024050413367,False,False,False
27障146,14.082733034332687,0,152,2.5694886075298866,False,False,False
27障147,14.082733034332687,0,113,1.3168629113590669,False,False,False
19障56,14.082237043235542,0,39,-1.0599140506060782,False,False,False
21障94,14.081589193795459,0,96,0.770846582258966,False,False,False
25障337,14.076761736269484,0,177,3.372453797382976,False,False,False
28障65,14.076728611427292,0,68,-0.12847443037649434,False,False,False
29障177,14.076619573745582,0,66,-0.1927116455647415,False,False,False
2019障167,14.07656585528157,0,72,0.0,False,False,False
2019障166,14.07656585528157,0,58,-0.44966050631773014,False,False,False
23障312,14.07375619918146,0,44,-0.8993210126354603,False,False,False
23障313,14.07375619918146,0,123,1.6380489873003026,False,False,False
23障314,14.07375619918146,0,83,0.3533046835353594,False,False,False
18障94,14.072680236324478,0,64,-0.2569488607529887,False,False,False
19障310,14.071880475274996,0,51,-0.6744907594765952,False,False,False
25障99,14.07057488308654,0,69,-0.09635582278237075,False,False,False
25障100,14.07057488308654,0,85,0.41754189872360653,False,False,False
17障228,14.070034423124758,0,69,-0.09635582278237075,False,False,False
17障229,14.070034423124758,0,77,0.1605930379706179,False,False,False
19障346,14.067895585634432,0,107,1.1241512657943253,False,False,False
24障48,14.065093040603228,0,68,-0.12847443037649434,False,False,False
22障240,14.062880498441553,0,78,0.1927116455647415,False,False,False
26障144,14.061110136859813,0,45,-0.8672024050413367,False,False,False
18障111,14.060306433931414,0,46,-0.8350837974472131,False,False,False
29障147,14.054879587109177,0,88,0.5138977215059773,False,False,False
29障148,14.054879587109177,0,74,0.06423721518824717,False,False,False
24障65,14.052719238210166,0,168,3.083386329035864,False,False,False
20障84,14.052177778970764,0,67,-0.1605930379706179,False,False,False
20障85,14.052177778970764,0,40,-1.0277954430119547,False,False,False
2020障132,14.051816782997687,0,101,0.9314396202295838,False,False,False
2020障131,14.051816782997687,0,112,1.2847443037649433,False,False,False
2020障149,14.051816782997687,0,65,-0.22483025315886507,False,False,False
21障402,14.049906440995722,0,56,-0.5138977215059773,False,False,False
22障400,14.047140187502832,0,88,0.5138977215059773,False,False,False
17障70,14.046695123606785,0,69,-0.09635582278237075,False,False,False
21障87,14.043832807038584,0,67,-0.1605930379706179,False,False,False
21障107,14.042953289763162,0,109,1.1883884809825724,False,False,False
22障95,14.041066553545694,0,70,-0.06423721518824717,False,False,False
19障263,14.041021704629054,0,56,-0.5138977215059773,False,False,False
18障126,14.039471485272797,0,61,-0.3533046835353594,False,False,False
2019障304,14.032934204661206,0,58,-0.44966050631773014,False,False,False
27障46,14.031791718104209,0,52,-0.6423721518824717,False,False,False
2022障114,14.030944411058385,0,111,1.2526256961708195,False,False,False
28障77,14.029205220917879,0,102,0.9635582278237074,False,False,False
2020障196,14.028351550205446,0,100,0.8993210126354603,False,False,False
24障163,14.027312757276523,0,65,-0.22483025315886507,False,False,False
24障164,14.027312757276523,0,75,0.09635582278237075,False,False,False
2023障150,14.02637612014371,0,87,0.4817791139118537,False,False,False
2023障149,14.02637612014371,0,136,2.0555908860239094,False,False,False
29障96,14.026123120515706,0,82,0.3211860759412358,False,False,False
20障175,14.025245943415007,0,45,-0.8672024050413367,False,False,False
26障270,14.02300349404935,0,81,0.2890674683471122,False,False,False
2019障106,14.020544394241792,0,69,-0.09635582278237075,False,False,False
2020障267,14.019883366713106,0,60,-0.385423291129483,False,False,False
2020障268,14.019883366713106,0,81,0.2890674683471122,False,False,False
2020障52,14.019422495688152,0,61,-0.3533046835353594,False,False,False
2020障44,14.019422495688152,0,58,-0.44966050631773014,False,False,False
19障119,14.019207759733193,0,33,-1.2526256961708195,False,False,False
19障131,14.018328242457772,0,54,-0.5781349366942244,False,False,False
21障170,14.016900971482826,0,110,1.220507088576696,False,False,False
21障171,14.016900971482826,0,57,-0.4817791139118537,False,False,False
29障273,14.016772944298713,0,135,2.0234722784297854,False,False,False
29障274,14.016772944298713,0,163,2.9227932910652457,False,False,False
22障182,14.014134717989936,0,69,-0.09635582278237075,False,False,False
2019障242,14.0111942180248,0,61,-0.3533046835353594,False,False,False
2019障243,14.0111942180248,0,105,1.0599140506060782,False,False,False
24障340,14.010946101102466,0,42,-0.9635582278237074,False,False,False
2023障221,14.009631275109177,0,79,0.22483025315886507,False,False,False
23障190,14.009481437712987,0,46,-0.8350837974472131,False,False,False
2020障182,14.008907206807754,0,90,0.5781349366942244,False,False,False
25障312,14.006616896343832,0,104,1.0277954430119547,False,False,False
28障318,14.006616896343832,0,48,-0.770846582258966,False,False,False
28障319,14.006616896343832,0,136,2.0555908860239094,False,False,False
25障313,14.006616896343832,0,31,-1.3168629113590669,False,False,False
2020障21,14.006541902191135,0,54,-0.5781349366942244,False,False,False
27障150,14.006385237170566,0,38,-1.0920326582002018,False,False,False
24障72,14.004710019023804,0,78,0.1927116455647415,False,False,False
30障341,13.99893394465446,0,51,-0.6744907594765952,False,False,False
30障339,13.99893394465446,0,45,-0.8672024050413367,False,False,False
30障340,13.99893394465446,0,158,2.762200253094628,False,False,False
17障77,13.998685904420423,0,131,1.8949978480532912,False,False,False
24障130,13.998556290683052,0,129,1.830760632865044,False,False,False
20障222,13.997643926704503,0,63,-0.2890674683471122,False,False,False
20障226,13.997643926704503,0,41,-0.995676835417831,False,False,False
18障101,13.996332439162357,0,44,-0.8993210126354603,False,False,False
2021障139,13.994503543272558,0,60,-0.385423291129483,False,False,False
28障102,13.994227085924418,0,42,-0.9635582278237074,False,False,False
25障101,13.994227085924418,0,50,-0.7066093670707188,False,False,False
28障101,13.994227085924418,0,96,0.770846582258966,False,False,False
30障57,13.9926978625758,0,91,0.610253544288348,False,False,False
19障196,13.992275924177436,0,91,0.610253544288348,False,False,False
26障65,13.990984008097682,0,120,1.541693164517932,False,False,False
26障53,13.99021338924814,0,101,0.9314396202295838,False,False,False
21障239,13.989298954772321,0,110,1.220507088576696,False,False,False
24障290,13.989206114466059,0,136,2.0555908860239094,False,False,False
24障291,13.989206114466059,0,105,1.0599140506060782,False,False,False
18障257,13.985817150281958,0,89,0.5460163291001009,False,False,False
28障249,13.984876909707426,0,99,0.8672024050413367,False,False,False
29障55,13.983982839497504,0,63,-0.2890674683471122,False,False,False
27障51,13.983782498917849,0,47,-0.8029651898530895,False,False,False
17障309,13.983181999862678,0,59,-0.41754189872360653,False,False,False
2019障196,13.982437751431329,0,89,0.5460163291001009,False,False,False
2021障182,13.982251315234771,0,82,0.3211860759412358,False,False,False
25障80,13.981093733582691,0,68,-0.12847443037649434,False,False,False
24障197,13.978229954560708,0,75,0.09635582278237075,False,False,False
24障195,13.978229954560708,0,87,0.4817791139118537,False,False,False
27障205,13.976746777852444,0,62,-0.3211860759412358,False,False,False
30障41,13.974696644385485,0,58,-0.44966050631773014,False,False,False
20障60,13.974304627186529,0,42,-0.9635582278237074,False,False,False
2019障171,13.968659443192731,0,40,-1.0277954430119547,False,False,False
26障336,13.968395683523635,0,125,1.7022862024885497,False,False,False
26障334,13.968395683523635,0,38,-1.0920326582002018,False,False,False
26障337,13.968395683523635,0,91,0.610253544288348,False,False,False
26障335,13.968395683523635,0,112,1.2847443037649433,False,False,False
19障270,13.964673907466933,0,116,1.4132187341414375,False,False,False
30障266,13.964327215450945,0,110,1.220507088576696,False,False,False
2023障124,13.962280551019374,0,126,1.7344048100826734,False,False,False
29障335,13.962165133772999,0,37,-1.1241512657943253,False,False,False
2019障328,13.962111415308984,0,60,-0.385423291129483,False,False,False
25障198,13.96091605064364,0,87,0.4817791139118537,False,False,False
25障199,13.96091605064364,0,116,1.4132187341414375,False,False,False
2021障42,13.957507509871263,0,144,2.3125397467768978,False,False,False
24障71,13.95641600966485,0,46,-0.8350837974472131,False,False,False
28障199,13.956120443113955,0,34,-1.220507088576696,False,False,False
17障394,13.955579983152175,0,76,0.12847443037649434,False,False,False
19障436,13.955331728323605,0,46,-0.8350837974472131,False,False,False
19障65,13.953708410342019,0,41,-0.995676835417831,False,False,False
21障395,13.95119231196186,0,68,-0.12847443037649434,False,False,False
23障209,13.946911948789463,0,61,-0.3533046835353594,False,False,False
26障271,13.946655696887229,0,65,-0.22483025315886507,False,False,False
30障65,13.945174472066387,0,123,1.6380489873003026,False,False,False
30障52,13.944403853216846,0,46,-0.8350837974472131,False,False,False
26障75,13.942872520762494,0,111,1.2526256961708195,False,False,False
25障194,13.942342134875359,0,132,1.9271164556474147,False,False,False
2020障48,13.941038255918414,0,66,-0.1927116455647415,False,False,False
21障174,13.940553174320705,0,83,0.3533046835353594,False,False,False
29障275,13.940425147136592,0,29,-1.381100126547314,False,False,False
22障184,13.937786920827815,0,104,1.0277954430119547,False,False,False
20障299,13.936226400590243,0,53,-0.610253544288348,False,False,False
25障332,13.93579410699161,0,117,1.445337341735561,False,False,False
26障189,13.935679536981878,0,61,-0.3533046835353594,False,False,False
24障344,13.934598303940344,0,69,-0.09635582278237075,False,False,False
24障342,13.934598303940344,0,84,0.385423291129483,False,False,False
2020障183,13.932559409645632,0,112,1.2847443037649433,False,False,False
2020障185,13.930522967038014,0,63,-0.2890674683471122,False,False,False
2020障19,13.930194105029013,0,76,0.12847443037649434,False,False,False
29障190,13.929448987231241,0,148,2.441014177153392,False,False,False
29障189,13.929448987231241,0,34,-1.220507088576696,False,False,False
20障68,13.926295408000167,0,44,-0.8993210126354603,False,False,False
23障45,13.922168143425953,0,57,-0.4817791139118537,False,False,False
23障47,13.922168143425953,0,41,-0.995676835417831,False,False,False
22障368,13.921420264653758,0,50,-0.7066093670707188,False,False,False
20障137,13.920141679659414,0,43,-0.9314396202295838,False,False,False
2022障198,13.91996763769306,0,137,2.087709493618033,False,False,False
22障10,13.919545743114742,0,37,-1.1241512657943253,False,False,False
2021障138,13.918155746110436,0,57,-0.4817791139118537,False,False,False
2022障225,13.9164899710858,0,92,0.6423721518824717,False,False,False
19障198,13.915928127015315,0,76,0.12847443037649434,False,False,False
22障73,13.915184182575096,0,90,0.5781349366942244,False,False,False
27障360,13.913670783834387,0,83,0.3533046835353594,False,False,False
29障222,13.911668680543121,0,43,-0.9314396202295838,False,False,False
20障311,13.910791503442422,0,24,-1.541693164517932,False,False,False
18障262,13.909469353119837,0,57,-0.4817791139118537,False,False,False
18障263,13.909469353119837,0,45,-0.8672024050413367,False,False,False
22障142,13.909030454234344,0,42,-0.9635582278237074,False,False,False
22障143,13.909030454234344,0,51,-0.6744907594765952,False,False,False
18障444,13.907017088485,0,78,0.1927116455647415,False,False,False
17障310,13.906834202700557,0,90,0.5781349366942244,False,False,False
20障215,13.89981534353707,0,83,0.3533046835353594,False,False,False
20障214,13.89981534353707,0,53,-0.610253544288348,False,False,False
22障312,13.899680278017351,0,64,-0.2569488607529887,False,False,False
22障58,13.8992194069924,0,33,-1.2526256961708195,False,False,False
17障222,13.895858042795206,0,75,0.09635582278237075,False,False,False
19障415,13.893330466178076,0,44,-0.8993210126354603,False,False,False
19障99,13.893325388762596,0,46,-0.8350837974472131,False,False,False
19障153,13.887171660421844,0,28,-1.4132187341414375,False,False,False
19障154,13.887171660421844,0,105,1.0599140506060782,False,False,False
22障19,13.88633881349538,0,82,0.3211860759412358,False,False,False
24障234,13.884101850710467,0,74,0.06423721518824717,False,False,False
30障273,13.881703020839844,0,71,-0.032118607594123584,False,False,False
27障196,13.88095463729263,0,91,0.610253544288348,False,False,False
2021障265,13.880049103299973,0,66,-0.1927116455647415,False,False,False
2021障262,13.880049103299973,0,59,-0.41754189872360653,False,False,False
25障217,13.879772645951833,0,47,-0.8029651898530895,False,False,False
20障64,13.878001398641212,0,62,-0.3211860759412358,False,False,False
19障349,13.877821484204851,0,34,-1.220507088576696,False,False,False
30障223,13.872089694262463,0,38,-1.0920326582002018,False,False,False
22障71,13.866890173216142,0,46,-0.8350837974472131,False,False,False
19障247,13.866845324299499,0,55,-0.5460163291001009,False,False,False
17障237,13.864299427868488,0,62,-0.3211860759412358,False,False,False
27障230,13.863174330604512,0,50,-0.7066093670707188,False,False,False
25障260,13.863027800917301,0,65,-0.22483025315886507,False,False,False
29障195,13.851064747461502,0,126,1.7344048100826734,False,False,False
21障372,13.847838720984527,0,64,-0.2569488607529887,False,False,False
21障373,13.847838720984527,0,93,0.6744907594765952,False,False,False
21障376,13.847838720984527,0,100,0.8993210126354603,False,False,False
19障111,13.845801998253183,0,83,0.3533046835353594,False,False,False
22障370,13.845072467491637,0,92,0.6423721518824717,False,False,False
22障369,13.845072467491637,0,62,-0.3211860759412358,False,False,False
23障306,13.844709736854664,0,73,0.032118607594123584,False,False,False
18障407,13.844356916494164,0,93,0.6744907594765952,False,False,False
18障408,13.844356916494164,0,49,-0.7387279746648423,False,False,False
2019障173,13.836736563107186,0,65,-0.22483025315886507,False,False,False
23障182,13.835305057383433,0,118,1.4774559493296846,False,False,False
20障312,13.8344437062803,0,54,-0.5781349366942244,False,False,False
18障150,13.831967106074748,0,47,-0.8029651898530895,False,False,False
18障149,13.831967106074748,0,52,-0.6423721518824717,False,False,False
2023障51,13.82853395294883,0,108,1.1562698733884489,False,False,False
21障63,13.82360142071555,0,59,-0.41754189872360653,False,False,False
21障99,13.822315558223385,0,152,2.5694886075298866,False,False,False
29障288,13.818576038346468,0,73,0.032118607594123584,False,False,False
21障228,13.81512257444277,0,102,0.9635582278237074,False,False,False
22障235,13.81235632094988,0,78,0.1927116455647415,False,False,False
22障237,13.81235632094988,0,88,0.5138977215059773,False,False,False
18障243,13.811640769952403,0,90,0.5781349366942244,False,False,False
30障198,13.811485761180844,0,39,-1.0599140506060782,False,False,False
30障170,13.807994125138128,0,73,0.032118607594123584,False,False,False
24障191,13.807946310289598,0,50,-0.7066093670707188,False,False,False
20障256,13.80568723968683,0,47,-0.8029651898530895,False,False,False
2019障296,13.803887742334409,0,145,2.3446583543710213,False,False,False
2021障261,13.803701306137851,0,61,-0.3533046835353594,False,False,False
2021障264,13.803701306137851,0,67,-0.1605930379706179,False,False,False
17障262,13.801729938944964,0,61,-0.3533046835353594,False,False,False
17障263,13.801729938944964,0,70,-0.06423721518824717,False,False,False
17障261,13.801729938944964,0,105,1.0599140506060782,False,False,False
17障260,13.801729938944964,0,72,0.0,False,False,False
30障209,13.800537504630027,0,160,2.826437468282875,False,False,False
19障124,13.797690510917995,0,65,-0.22483025315886507,False,False,False
21障265,13.79734226775465,0,39,-1.0599140506060782,False,False,False
30障224,13.795741897100342,0,129,1.830760632865044,False,False,False
22障270,13.794576014261759,0,56,-0.5138977215059773,False,False,False
20障233,13.791908931448232,0,56,-0.5138977215059773,False,False,False
19障254,13.790497527137378,0,84,0.385423291129483,False,False,False
19障251,13.790497527137378,0,86,0.44966050631773014,False,False,False
19障253,13.790497527137378,0,60,-0.385423291129483,False,False,False
2023障134,13.789782354241497,0,22,-1.605930379706179,False,False,False
24障61,13.783010248184837,0,75,0.09635582278237075,False,False,False
17障388,13.78140360282262,0,81,0.2890674683471122,False,False,False
2022障113,13.78042023356671,0,120,1.541693164517932,False,False,False
28障351,13.779776207567586,0,86,0.44966050631773014,False,False,False
25障307,13.777570434017035,0,80,0.2569488607529887,False,False,False
28障309,13.777570434017035,0,74,0.06423721518824717,False,False,False
2020障165,13.774335736671057,0,52,-0.6423721518824717,False,False,False
22障394,13.774249678139414,0,45,-0.8672024050413367,False,False,False
19障306,13.772717220449259,0,29,-1.381100126547314,False,False,False
23障309,13.768361939692543,0,56,-0.5138977215059773,False,False,False
25障189,13.768165754545805,0,92,0.6423721518824717,False,False,False
25障188,13.768165754545805,0,30,-1.3489815189531904,False,False,False
27障43,13.76208272807888,0,31,-1.3168629113590669,False,False,False
2023障44,13.744722560198472,0,80,0.2569488607529887,False,False,False
18障118,13.7424859565709,0,70,-0.06423721518824717,False,False,False
2019障88,13.738475012269339,0,136,2.0555908860239094,False,False,False
2020障330,13.736229093860594,0,118,1.4774559493296846,False,False,False
2020障331,13.736229093860594,0,76,0.12847443037649434,False,False,False
18障247,13.735292972790281,0,69,-0.09635582278237075,False,False,False
21障208,13.733246698630314,0,76,0.12847443037649434,False,False,False
30障173,13.731646327976007,0,57,-0.4817791139118537,False,False,False
30障177,13.731646327976007,0,167,3.0512677214417403,False,False,False
30障175,13.731646327976007,0,92,0.6423721518824717,False,False,False
22障212,13.730480445137424,0,51,-0.6744907594765952,False,False,False
25障57,13.730041966092141,0,92,0.6423721518824717,False,False,False
26障192,13.729944541725606,0,37,-1.1241512657943253,False,False,False
20障257,13.729339442524708,0,35,-1.1883884809825724,False,False,False
20障258,13.729339442524708,0,57,-0.4817791139118537,False,False,False
27障185,13.722730964318053,0,70,-0.06423721518824717,False,False,False
21障267,13.720994470592528,0,74,0.06423721518824717,False,False,False
24障329,13.714661411351692,0,64,-0.2569488607529887,False,False,False
2023障133,13.713434557079376,0,110,1.220507088576696,False,False,False
20障397,13.709013106402365,0,98,0.8350837974472131,False,False,False
19障225,13.708621651324924,0,97,0.8029651898530895,False,False,False
24障339,13.705551841613547,0,44,-0.8993210126354603,False,False,False
28障310,13.701222636854913,0,79,0.22483025315886507,False,False,False
18障434,13.69718632997982,0,90,0.5781349366942244,False,False,False
19障308,13.69636942328714,0,56,-0.5138977215059773,False,False,False
19障309,13.69636942328714,0,52,-0.6423721518824717,False,False,False
30障327,13.693539685165543,0,79,0.22483025315886507,False,False,False
22障65,13.69348441173613,0,79,0.22483025315886507,False,False,False
2021障216,13.692701386986414,0,69,-0.09635582278237075,False,False,False
27障352,13.684624321507592,0,40,-1.0277954430119547,False,False,False
2020障54,13.68176462034634,0,104,1.0277954430119547,False,False,False
2019障327,13.680028622890594,0,69,-0.09635582278237075,False,False,False
27障190,13.67917232596215,0,94,0.7066093670707188,False,False,False
29障49,13.678654197931948,0,80,0.2569488607529887,False,False,False
21障398,13.669109519543468,0,118,1.4774559493296846,False,False,False
23障128,13.661993706172407,0,38,-1.0920326582002018,False,False,False
2020障328,13.659881296698472,0,59,-0.41754189872360653,False,False,False
2021障137,13.65888211053836,0,136,2.0555908860239094,False,False,False
18障110,13.658674563820542,0,49,-0.7387279746648423,False,False,False
2021障41,13.658344255045526,0,108,1.1562698733884489,False,False,False
22障216,13.654132647975302,0,70,-0.06423721518824717,False,False,False
29障353,13.651513052246395,0,159,2.7943188606887515,False,False,False
24障63,13.651087368099294,0,49,-0.7387279746648423,False,False,False
17障65,13.645063253495913,0,107,1.1241512657943253,False,False,False
30障47,13.63907521165129,0,64,-0.2569488607529887,False,False,False
27障37,13.628199717796896,0,98,0.8350837974472131,False,False,False
20障374,13.62713723058991,0,44,-0.8993210126354603,False,False,False
20障376,13.62713723058991,0,54,-0.5781349366942244,False,False,False
2023障36,13.626121262792342,0,67,-0.1605930379706179,False,False,False
23障37,13.623004888600217,0,52,-0.6423721518824717,False,False,False
30障332,13.617191888003422,0,71,-0.032118607594123584,False,False,False
30障330,13.617191888003422,0,44,-0.8993210126354603,False,False,False
30障333,13.617191888003422,0,72,0.0,False,False,False
30障334,13.617191888003422,0,59,-0.41754189872360653,False,False,False
18障74,13.616421063576533,0,58,-0.44966050631773014,False,False,False
21障229,13.609387579186498,0,47,-0.8029651898530895,False,False,False
29障61,13.609242406359186,0,78,0.1927116455647415,False,False,False
29障62,13.609242406359186,0,95,0.7387279746648423,False,False,False
28障19,13.601834912786098,0,50,-0.7066093670707188,False,False,False
28障73,13.598119086006596,0,101,0.9314396202295838,False,False,False
28障75,13.598119086006596,0,99,0.8672024050413367,False,False,False
28障72,13.598119086006596,0,76,0.12847443037649434,False,False,False
2019障172,13.593148391204874,0,57,-0.4817791139118537,False,False,False
27障63,13.58898436624751,0,86,0.44966050631773014,False,False,False
19障442,13.58671059084424,0,43,-0.9314396202295838,False,False,False
26障39,13.586621388940827,0,48,-0.770846582258966,False,False,False
19障257,13.58476253188111,0,58,-0.44966050631773014,False,False,False
2020障206,13.583953277753002,0,125,1.7022862024885497,False,False,False
2021障46,13.581996457883404,0,39,-1.0599140506060782,False,False,False
17障82,13.575651461923151,0,108,1.1562698733884489,False,False,False
18障275,13.571811477778022,0,129,1.830760632865044,False,False,False
2021障155,13.571481169003006,0,22,-1.605930379706179,False,False,False
27障243,13.569833930649988,0,51,-0.6744907594765952,False,False,False
17障185,13.568613839650014,0,61,-0.3533046835353594,False,False,False
17障223,13.565136173042752,0,81,0.2890674683471122,False,False,False
27障56,13.560748056420577,0,57,-0.4817791139118537,False,False,False
26障62,13.559897873186399,0,49,-0.7387279746648423,False,False,False
2023障57,13.559597923318103,0,98,0.8350837974472131,False,False,False
30障200,13.55914813119813,0,81,0.2890674683471122,False,False,False
26障203,13.556846179894237,0,86,0.44966050631773014,False,False,False
2020障67,13.556777745850155,0,107,1.1241512657943253,False,False,False
20障379,13.550789433427788,0,37,-1.1241512657943253,False,False,False
20障377,13.550789433427788,0,128,1.7986420252709205,False,False,False
27障200,13.550232767540177,0,59,-0.41754189872360653,False,False,False
19障101,13.546638743427446,0,55,-0.5460163291001009,False,False,False
21障367,13.542444461495608,0,41,-0.995676835417831,False,False,False
21障366,13.542444461495608,0,110,1.220507088576696,False,False,False
19障82,13.539702737838086,0,57,-0.4817791139118537,False,False,False
2020障189,13.538777789034944,0,66,-0.1927116455647415,False,False,False
28障345,13.528724440077037,0,107,1.1241512657943253,False,False,False
26障195,13.528609870067303,0,67,-0.1605930379706179,False,False,False
26障197,13.528609870067303,0,72,0.0,False,False,False
26障198,13.528609870067303,0,51,-0.6744907594765952,False,False,False
24障78,13.526100493603108,0,65,-0.22483025315886507,False,False,False
29障200,13.522379320316666,0,69,-0.09635582278237075,False,False,False
22障100,13.520386049904758,0,65,-0.22483025315886507,False,False,False
19障414,13.51781941419022,0,63,-0.2890674683471122,False,False,False
19障409,13.51781941419022,0,63,-0.2890674683471122,False,False,False
19障413,13.51781941419022,0,72,0.0,False,False,False
19障412,13.51781941419022,0,89,0.5460163291001009,False,False,False
26障43,13.51764437294239,0,126,1.7344048100826734,False,False,False
28障106,13.514971826743578,0,58,-0.44966050631773014,False,False,False
29障43,13.511413823191754,0,62,-0.3211860759412358,False,False,False
22障85,13.50543778638171,0,77,0.1605930379706179,False,False,False
2023障263,13.501151533939359,0,22,-1.605930379706179,False,False,False
2021障152,13.495133371840884,0,81,0.2890674683471122,False,False,False
2021障154,13.495133371840884,0,22,-1.605930379706179,False,False,False
2021障156,13.495133371840884,0,65,-0.22483025315886507,False,False,False
24障210,13.494812490484012,0,118,1.4774559493296846,False,False,False
20障220,13.492745676622496,0,45,-0.8672024050413367,False,False,False
20障219,13.492745676622496,0,90,0.5781349366942244,False,False,False
17障189,13.492266042487893,0,67,-0.1605930379706179,False,False,False
2022障98,13.489193522727184,0,78,0.1927116455647415,False,False,False
17障230,13.488788375880631,0,72,0.0,False,False,False
17障231,13.488788375880631,0,59,-0.41754189872360653,False,False,False
27障206,13.487173016681941,0,82,0.3211860759412358,False,False,False
24障50,13.4838469933591,0,30,-1.3489815189531904,False,False,False
22障241,13.481634451197426,0,74,0.06423721518824717,False,False,False
28障48,13.479517788600466,0,180,3.468809620165347,False,False,False
28障50,13.479517788600466,0,88,0.5138977215059773,False,False,False
30障37,13.471834836911096,0,97,0.8029651898530895,False,False,False
2020障197,13.469914659807634,0,80,0.2569488607529887,False,False,False
25障179,13.469002499720068,0,84,0.385423291129483,False,False,False
25障181,13.469002499720068,0,96,0.770846582258966,False,False,False
21障246,13.466516442550137,0,103,0.995676835417831,False,False,False
21障245,13.466516442550137,0,35,-1.1883884809825724,False,False,False
18障403,13.462614859843123,0,39,-1.0599140506060782,False,False,False
23障178,13.459794005395574,0,18,-1.7344048100826734,False,False,False
23障176,13.459794005395574,0,133,1.9592350632415385,False,False,False
24障364,13.456705847673549,0,136,2.0555908860239094,False,False,False
18障415,13.450554888546591,0,86,0.44966050631773014,False,False,False
2019障56,13.450260013994418,0,49,-0.7387279746648423,False,False,False
2021障43,13.45007357779786,0,63,-0.2890674683471122,False,False,False
24障82,13.449752696440987,0,51,-0.6744907594765952,False,False,False
20障71,13.44768588257947,0,63,-0.2890674683471122,False,False,False
21障93,13.446804506235527,0,98,0.8350837974472131,False,False,False
18障117,13.443322701745164,0,61,-0.3533046835353594,False,False,False
17障226,13.433213292957205,0,62,-0.3211860759412358,False,False,False
2021障169,13.428610032366645,0,80,0.2569488607529887,False,False,False
2020障354,13.42432334906236,0,83,0.3533046835353594,False,False,False
2022障46,13.419963058682736,0,111,1.2526256961708195,False,False,False
2019障169,13.41897201087532,0,98,0.8350837974472131,False,False,False
27障202,13.418309887454631,0,48,-0.770846582258966,False,False,False
20障224,13.416397879460375,0,99,0.8672024050413367,False,False,False
18障99,13.41508639191823,0,58,-0.44966050631773014,False,False,False
19障103,13.4147158633419,0,43,-0.9314396202295838,False,False,False
2020障355,13.411035302758474,0,108,1.1562698733884489,False,False,False
24障55,13.407499196196978,0,138,2.1198281012121565,False,False,False
22障242,13.405286654035304,0,81,0.2890674683471122,False,False,False
17障59,13.401475081593597,0,66,-0.1927116455647415,False,False,False
21障56,13.397087410403282,0,99,0.8672024050413367,False,False,False
24障196,13.39698390731658,0,43,-0.9314396202295838,False,False,False
22障50,13.394321156910392,0,71,-0.032118607594123584,False,False,False
25障185,13.392654702557946,0,87,0.4817791139118537,False,False,False
25障184,13.392654702557946,0,101,0.9314396202295838,False,False,False
25障187,13.392654702557946,0,76,0.12847443037649434,False,False,False
25障182,13.392654702557946,0,91,0.610253544288348,False,False,False
27障393,13.387666840232406,0,170,3.147623544224111,False,False,False
18障288,13.386686840897653,0,59,-0.41754189872360653,False,False,False
2020障46,13.382601365520603,0,62,-0.3211860759412358,False,False,False
30障362,13.38163394036731,0,73,0.032118607594123584,False,False,False
2021障283,13.3806789318683,0,85,0.41754189872360653,False,False,False
26障79,13.37477323630603,0,89,0.5460163291001009,False,False,False
20障74,13.371338085417351,0,91,0.610253544288348,False,False,False
20障75,13.371338085417351,0,103,0.995676835417831,False,False,False
30障142,13.365612728093858,0,54,-0.5781349366942244,False,False,False
27障309,13.360871754405114,0,100,0.8993210126354603,False,False,False
22障83,13.36022685999228,0,55,-0.5460163291001009,False,False,False
2021障136,13.359718855712625,0,111,1.2526256961708195,False,False,False
23障331,13.358627611726876,0,92,0.6423721518824717,False,False,False
22障314,13.358283875439039,0,107,1.1241512657943253,False,False,False
26障190,13.35443348973775,0,74,0.06423721518824717,False,False,False
2022障86,13.347835246783609,0,111,1.2526256961708195,False,False,False
2022障87,13.347835246783609,0,105,1.0599140506060782,False,False,False
2022障88,13.347835246783609,0,73,0.032118607594123584,False,False,False
18障272,13.341511352179594,0,62,-0.3211860759412358,False,False,False
30障40,13.339911956825553,0,71,-0.032118607594123584,False,False,False
25障83,13.336646651964106,0,108,1.1562698733884489,False,False,False
21障66,13.334027659545047,0,103,0.995676835417831,False,False,False
20障53,13.32908458517334,0,54,-0.5781349366942244,False,False,False
20障50,13.32908458517334,0,94,0.7066093670707188,False,False,False
20障51,13.32908458517334,0,55,-0.5460163291001009,False,False,False
20障52,13.32908458517334,0,58,-0.44966050631773014,False,False,False
28障178,13.326131363083707,0,77,0.1605930379706179,False,False,False
30障199,13.32191200001034,0,108,1.1562698733884489,False,False,False
2022障101,13.321253150335973,0,83,0.3533046835353594,False,False,False
21障61,13.32073961324116,0,37,-1.1241512657943253,False,False,False
24障199,13.320636110154458,0,97,0.8029651898530895,False,False,False
17障221,13.314611995551077,0,167,3.0512677214417403,False,False,False
21障224,13.310224324360762,0,32,-1.2847443037649433,False,False,False
29障349,13.31009629717665,0,99,0.8672024050413367,False,False,False
30障197,13.308623953706455,0,62,-0.3211860759412358,False,False,False
30障195,13.308623953706455,0,99,0.8672024050413367,False,False,False
22障228,13.307458070867872,0,80,0.2569488607529887,False,False,False
22障229,13.307458070867872,0,29,-1.381100126547314,False,False,False
22障230,13.307458070867872,0,78,0.1927116455647415,False,False,False
2020障53,13.306253568358482,0,62,-0.3211860759412358,False,False,False
2022障223,13.303742787910153,0,118,1.4774559493296846,False,False,False
19障72,13.29611456593577,0,42,-0.9635582278237074,False,False,False
19障69,13.29611456593577,0,41,-0.995676835417831,False,False,False
2020障209,13.284790022927266,0,82,0.3211860759412358,False,False,False
18障103,13.283163511832687,0,44,-0.8993210126354603,False,False,False
24障361,13.282529467343995,0,65,-0.22483025315886507,False,False,False
20障47,13.273509502249919,0,58,-0.44966050631773014,False,False,False
18障259,13.272648222952286,0,37,-1.1241512657943253,False,False,False
27障242,13.270670675824253,0,70,-0.06423721518824717,False,False,False
19障439,13.268973420250221,0,20,-1.6701675948944261,False,False,False
30障43,13.263564159663431,0,77,0.1605930379706179,False,False,False
27障386,13.26160194723804,0,59,-0.41754189872360653,False,False,False
22障109,13.251450020274032,0,64,-0.2569488607529887,False,False,False
17障244,13.248088656076838,0,67,-0.1605930379706179,False,False,False
21障231,13.247164573502525,0,86,0.44966050631773014,False,False,False
27障286,13.242242924463321,0,87,0.4817791139118537,False,False,False
22障234,13.23111027370575,0,58,-0.44966050631773014,False,False,False
22障232,13.23111027370575,0,47,-0.8029651898530895,False,False,False
18障244,13.230394722708276,0,65,-0.22483025315886507,False,False,False
18障242,13.230394722708276,0,35,-1.1883884809825724,False,False,False
18障438,13.22705691220701,0,58,-0.44966050631773014,False,False,False
24障157,13.223672556105555,0,40,-1.0277954430119547,False,False,False
25障144,13.219343351346922,0,45,-0.8672024050413367,False,False,False
19障255,13.20925147989325,0,45,-0.8672024050413367,False,False,False
19障250,13.20925147989325,0,57,-0.4817791139118537,False,False,False
19障252,13.20925147989325,0,66,-0.1927116455647415,False,False,False
17障269,13.209226284164707,0,86,0.44966050631773014,False,False,False
24障362,13.206181670181873,0,103,0.995676835417831,False,False,False
25障192,13.204608077203527,0,96,0.770846582258966,False,False,False
27障388,13.198542196379803,0,48,-0.770846582258966,False,False,False
26障163,13.194429661332752,0,158,2.762200253094628,False,False,False
22障395,13.193003630895287,0,157,2.7300816455005044,False,False,False
20障106,13.18621344853698,0,55,-0.5460163291001009,False,False,False
22障60,13.186050479662727,0,82,0.3211860759412358,False,False,False
22障59,13.186050479662727,0,56,-0.5138977215059773,False,False,False
2023障46,13.17880100186585,0,161,2.8585560758769986,False,False,False
22障111,13.17510222311191,0,36,-1.1562698733884489,False,False,False
18障127,13.174386672114437,0,55,-0.5460163291001009,False,False,False
18障252,13.16733497185004,0,31,-1.3168629113590669,False,False,False
26障196,13.16638686438333,0,96,0.770846582258966,False,False,False
26障199,13.16638686438333,0,40,-1.0277954430119547,False,False,False
18障439,13.165657378567937,0,68,-0.12847443037649434,False,False,False
27障181,13.164294073920242,0,113,1.3168629113590669,False,False,False
19障75,13.164191685850227,0,49,-0.7387279746648423,False,False,False
19障280,13.142728140419011,0,66,-0.1927116455647415,False,False,False
26障168,13.142671176447369,0,66,-0.1927116455647415,False,False,False
25障338,13.135329125949001,0,66,-0.1927116455647415,False,False,False
2021障57,13.134676196956912,0,84,0.385423291129483,False,False,False
27障143,13.126397238837477,0,77,0.1605930379706179,False,False,False
21障393,13.119422087226056,0,62,-0.3211860759412358,False,False,False
27障204,13.111661964694083,0,87,0.4817791139118537,False,False,False
28障169,13.106779494036095,0,135,2.0234722784297854,False,False,False
2023障105,13.10667318996672,0,86,0.44966050631773014,False,False,False
20障241,13.09935036249446,0,72,0.0,False,False,False
20障237,13.09935036249446,0,74,0.06423721518824717,False,False,False
23障175,13.097570999711602,0,114,1.3489815189531904,False,False,False
22障211,13.095695757577491,0,67,-0.1605930379706179,False,False,False
25障334,13.090153637230943,0,103,0.995676835417831,False,False,False
28障347,13.090153637230943,0,69,-0.09635582278237075,False,False,False
2022障189,13.075575827928862,0,122,1.605930379706179,False,False,False
21障197,13.073872698793643,0,75,0.09635582278237075,False,False,False
19障284,13.06638034325689,0,37,-1.1241512657943253,False,False,False
2019障74,13.058514835991348,0,46,-0.8350837974472131,False,False,False
20障227,13.054174873776402,0,79,0.22483025315886507,False,False,False
2022障90,13.048671991957873,0,80,0.2569488607529887,False,False,False
2021障163,13.04781311091439,0,73,0.032118607594123584,False,False,False
21障237,13.045829901844222,0,109,1.1883884809825724,False,False,False
2022障49,13.044452006694879,0,105,1.0599140506060782,False,False,False
20障43,13.04320937665149,0,93,0.6744907594765952,False,False,False
30障321,13.034165685328873,0,109,1.1883884809825724,False,False,False
28障107,13.025398065573075,0,59,-0.41754189872360653,False,False,False
21障211,13.02211421390826,0,58,-0.44966050631773014,False,False,False
19障268,13.021204854538832,0,86,0.44966050631773014,False,False,False
22障215,13.01934796041537,0,58,-0.44966050631773014,False,False,False
2022障94,13.014605227575426,0,143,2.2804211391827742,False,False,False
2022障97,13.014605227575426,0,122,1.605930379706179,False,False,False
18障281,13.011175788909794,0,51,-0.6744907594765952,False,False,False
18障279,13.011175788909794,0,58,-0.44966050631773014,False,False,False
19障66,13.01023935741392,0,139,2.15194670880628,False,False,False
2020障63,12.990856187517533,0,74,0.06423721518824717,False,False,False
2020障65,12.990856187517533,0,71,-0.032118607594123584,False,False,False
2019障129,12.986387024092219,0,106,1.0920326582002018,False,False,False
2019障130,12.986387024092219,0,97,0.8029651898530895,False,False,False
2019障174,12.971651749948826,0,100,0.8993210126354603,False,False,False
28障18,12.967050225226165,0,92,0.6423721518824717,False,False,False
24障83,12.960178935270486,0,86,0.44966050631773014,False,False,False
25障145,12.960069715774846,0,43,-0.9314396202295838,False,False,False
21障359,12.959418258821056,0,68,-0.12847443037649434,False,False,False
2021障210,12.9480939450852,0,97,0.8029651898530895,False,False,False
21障223,12.94800131867679,0,66,-0.1927116455647415,False,False,False
28障175,12.945334441631454,0,73,0.032118607594123584,False,False,False
18障227,12.942284612255774,0,69,-0.09635582278237075,False,False,False
2022障155,12.934217551985288,0,87,0.4817791139118537,False,False,False
21障397,12.931375461871637,0,77,0.1605930379706179,False,False,False
22障398,12.928609208378747,0,63,-0.2890674683471122,False,False,False
23障46,12.925160450182048,0,72,0.0,False,False,False
23障48,12.925160450182048,0,73,0.032118607594123584,False,False,False
2021障249,12.921511848637564,0,82,0.3211860759412358,False,False,False
29障144,12.915617953204011,0,69,-0.09635582278237075,False,False,False
23障258,12.91275457863989,0,110,1.220507088576696,False,False,False
2020障195,12.903993101475011,0,83,0.3533046835353594,False,False,False
2020障192,12.903993101475011,0,101,0.9314396202295838,False,False,False
29障202,12.900882679060619,0,48,-0.770846582258966,False,False,False
27障171,12.89611658974119,0,87,0.4817791139118537,False,False,False
23障275,12.886172482192254,0,78,0.1927116455647415,False,False,False
20障76,12.881764324246848,0,75,0.09635582278237075,False,False,False
20障79,12.881764324246848,0,47,-0.8029651898530895,False,False,False
30障143,12.876038966923353,0,105,1.0599140506060782,False,False,False
24障212,12.873315849227964,0,70,-0.06423721518824717,False,False,False
2019障240,12.871932584119635,0,133,1.9592350632415385,False,False,False
17障236,12.867291734624583,0,67,-0.1605930379706179,False,False,False
17障238,12.867291734624583,0,79,0.22483025315886507,False,False,False
30障205,12.86130369277996,0,61,-0.3533046835353594,False,False,False
30障206,12.86130369277996,0,70,-0.06423721518824717,False,False,False
2022障169,12.857869754823167,0,103,0.995676835417831,False,False,False
2022障170,12.857869754823167,0,83,0.3533046835353594,False,False,False
2022障171,12.857869754823167,0,112,1.2847443037649433,False,False,False
2022障157,12.857869754823167,0,84,0.385423291129483,False,False,False
25障255,12.845615275802261,0,43,-0.9314396202295838,False,False,False
28障247,12.845615275802261,0,34,-1.220507088576696,False,False,False
28障245,12.845615275802261,0,72,0.0,False,False,False
2021障248,12.845164051475443,0,64,-0.2569488607529887,False,False,False
20障396,12.841891850636385,0,75,0.09635582278237075,False,False,False
2021障59,12.835512942131174,0,100,0.8993210126354603,False,False,False
26障46,12.819799934524223,0,62,-0.3211860759412358,False,False,False
20障172,12.80963651234772,0,42,-0.9635582278237074,False,False,False
20障173,12.80963651234772,0,42,-0.9635582278237074,False,False,False
20障174,12.80963651234772,0,44,-0.8993210126354603,False,False,False
2023障100,12.807509935140985,0,125,1.7022862024885497,False,False,False
2023障102,12.807509935140985,0,108,1.1562698733884489,False,False,False
30障320,12.803865559730445,0,61,-0.3533046835353594,False,False,False
2023障40,12.80328994987799,0,102,0.9635582278237074,False,False,False
21障169,12.801291540415539,0,53,-0.610253544288348,False,False,False
23障60,12.800173575685866,0,49,-0.7387279746648423,False,False,False
18障105,12.793589750662182,0,52,-0.6423721518824717,False,False,False
18障107,12.793589750662182,0,45,-0.8672024050413367,False,False,False
18障108,12.793589750662182,0,64,-0.2569488607529887,False,False,False
24障59,12.786002554940932,0,65,-0.22483025315886507,False,False,False
22障249,12.783790012779257,0,54,-0.5781349366942244,False,False,False
22障245,12.783790012779257,0,92,0.6423721518824717,False,False,False
22障244,12.783790012779257,0,37,-1.1241512657943253,False,False,False
22障246,12.783790012779257,0,62,-0.3211860759412358,False,False,False
26障293,12.78081196653443,0,64,-0.2569488607529887,False,False,False
19障193,12.77666649311015,0,50,-0.7066093670707188,False,False,False
19障194,12.77666649311015,0,36,-1.1562698733884489,False,False,False
30障44,12.773990398492929,0,58,-0.44966050631773014,False,False,False
30障45,12.773990398492929,0,96,0.770846582258966,False,False,False
17障308,12.767572568795392,0,114,1.3489815189531904,False,False,False
19障272,12.761931218966758,0,42,-0.9635582278237074,False,False,False
30障269,12.76158452695077,0,42,-0.9635582278237074,False,False,False
2021障54,12.759165144969053,0,66,-0.1927116455647415,False,False,False
28障288,12.742685382192505,0,33,-1.2526256961708195,False,False,False
28障287,12.742685382192505,0,118,1.4774559493296846,False,False,False
17障331,12.740990472347757,0,102,0.9635582278237074,False,False,False
23障125,12.728045763786739,0,84,0.385423291129483,False,False,False
23障124,12.728045763786739,0,60,-0.385423291129483,False,False,False
18障192,12.721461938763056,0,69,-0.09635582278237075,False,False,False
2021障244,12.713941169040915,0,91,0.610253544288348,False,False,False
20障56,12.707587943917295,0,34,-1.220507088576696,False,False,False
18障273,12.706726664619662,0,24,-1.541693164517932,False,False,False
26障312,12.704464169372308,0,97,0.8029651898530895,False,False,False
26障313,12.704464169372308,0,84,0.385423291129483,False,False,False
2023障190,12.693055495168402,0,115,1.381100126547314,False,False,False
2020障64,12.691692932691796,0,78,0.1927116455647415,False,False,False
2021障127,12.687037333069927,0,157,2.7300816455005044,False,False,False
2019障73,12.683003784003489,0,111,1.2526256961708195,False,False,False
18障436,12.677369479889599,0,43,-0.9314396202295838,False,False,False
20障338,12.668599975927503,0,101,0.9314396202295838,False,False,False
24障77,12.661015680444748,0,125,1.7022862024885497,False,False,False
28障131,12.66090646094911,0,84,0.385423291129483,False,False,False
25障135,12.66090646094911,0,90,0.5781349366942244,False,False,False
28障128,12.66090646094911,0,42,-0.9635582278237074,False,False,False
28障129,12.66090646094911,0,82,0.3211860759412358,False,False,False
28障130,12.66090646094911,0,45,-0.8672024050413367,False,False,False
25障137,12.66090646094911,0,52,-0.6423721518824717,False,False,False
30障311,12.658654633341015,0,66,-0.1927116455647415,False,False,False
22障332,12.65748875050243,0,80,0.2569488607529887,False,False,False
22障333,12.65748875050243,0,65,-0.22483025315886507,False,False,False
22障334,12.65748875050243,0,51,-0.6744907594765952,False,False,False
22障335,12.65748875050243,0,85,0.41754189872360653,False,False,False
25障62,12.656686475686115,0,63,-0.2890674683471122,False,False,False
23障273,12.655872356593829,0,79,0.22483025315886507,False,False,False
23障126,12.651697966624617,0,96,0.770846582258966,False,False,False
23障127,12.651697966624617,0,38,-1.0920326582002018,False,False,False
27障335,12.649739269683064,0,65,-0.22483025315886507,False,False,False
27障336,12.649739269683064,0,68,-0.12847443037649434,False,False,False
18障394,12.649288531570145,0,61,-0.3533046835353594,False,False,False
19障440,12.647476778994173,0,39,-1.0599140506060782,False,False,False
2022障186,12.640877152030768,0,147,2.4088955695592684,False,False,False
27障52,12.640088160338793,0,91,0.610253544288348,False,False,False
27障53,12.640088160338793,0,52,-0.6423721518824717,False,False,False
23障187,12.636962692481223,0,48,-0.770846582258966,False,False,False
19障370,12.635629956689932,0,79,0.22483025315886507,False,False,False
2023障30,12.629113569548437,0,78,0.1927116455647415,False,False,False
25障159,12.626839696566662,0,76,0.12847443037649434,False,False,False
23障35,12.625997195356312,0,78,0.1927116455647415,False,False,False
23障39,12.625997195356312,0,43,-0.9314396202295838,False,False,False
23障34,12.625997195356312,0,56,-0.5138977215059773,False,False,False
26障134,12.622685248128914,0,59,-0.41754189872360653,False,False,False
26障136,12.622685248128914,0,51,-0.6744907594765952,False,False,False
26障133,12.622685248128914,0,98,0.8350837974472131,False,False,False
26障131,12.622685248128914,0,66,-0.1927116455647415,False,False,False
26障130,12.622685248128914,0,57,-0.4817791139118537,False,False,False
2020障130,12.619565120792668,0,91,0.610253544288348,False,False,False
26障63,12.618465262865918,0,121,1.5738117721120555,False,False,False
29障139,12.616454698378277,0,64,-0.2569488607529887,False,False,False
2020障60,12.615345135529674,0,68,-0.12847443037649434,False,False,False
2021障242,12.614863925877016,0,96,0.770846582258966,False,False,False
23障251,12.613591323814155,0,44,-0.8993210126354603,False,False,False
23障254,12.613591323814155,0,38,-1.0920326582002018,False,False,False
2019障125,12.610875972104363,0,35,-1.1883884809825724,False,False,False
2020障199,12.604829846649276,0,94,0.7066093670707188,False,False,False
29障198,12.601719424234883,0,124,1.6701675948944261,False,False,False
25障277,12.588733053756199,0,63,-0.2890674683471122,False,False,False
2019障48,12.585175200836057,0,73,0.032118607594123584,False,False,False
2019障52,12.585175200836057,0,77,0.1605930379706179,False,False,False
25障142,12.58455866378699,0,35,-1.1883884809825724,False,False,False
25障143,12.58455866378699,0,48,-0.770846582258966,False,False,False
28障133,12.58455866378699,0,40,-1.0277954430119547,False,False,False
28障134,12.58455866378699,0,61,-0.3533046835353594,False,False,False
28障135,12.58455866378699,0,89,0.5460163291001009,False,False,False
17障171,12.582863753942242,0,110,1.220507088576696,False,False,False
17障172,12.582863753942242,0,53,-0.610253544288348,False,False,False
20障70,12.582601069421111,0,90,0.5781349366942244,False,False,False
17障85,12.578643768679246,0,71,-0.032118607594123584,False,False,False
17障60,12.578643768679246,0,52,-0.6423721518824717,False,False,False
17障83,12.578643768679246,0,67,-0.1605930379706179,False,False,False
17障84,12.578643768679246,0,46,-0.8350837974472131,False,False,False
2019障237,12.572769329293898,0,135,2.0234722784297854,False,False,False
2021障211,12.57258289309734,0,54,-0.5781349366942244,False,False,False
28障173,12.569823389643595,0,38,-1.0920326582002018,False,False,False
17障224,12.568128479798848,0,79,0.22483025315886507,False,False,False
27障136,12.567960348439666,0,90,0.5781349366942244,False,False,False
27障138,12.567960348439666,0,84,0.385423291129483,False,False,False
27障55,12.563740363176672,0,125,1.7022862024885497,False,False,False
30障201,12.562140437954225,0,71,-0.032118607594123584,False,False,False
25障36,12.558857892518683,0,80,0.2569488607529887,False,False,False
28障44,12.558857892518683,0,147,2.4088955695592684,False,False,False
27障201,12.553225074296272,0,131,1.8949978480532912,False,False,False
26障284,12.550511840936002,0,63,-0.2890674683471122,False,False,False
2020障315,12.547391713599758,0,118,1.4774559493296846,False,False,False
2020障306,12.547391713599758,0,109,1.1883884809825724,False,False,False
25障243,12.546452020976524,0,151,2.537369999935763,False,False,False
25障249,12.546452020976524,0,56,-0.5138977215059773,False,False,False
25障248,12.546452020976524,0,60,-0.385423291129483,False,False,False
25障244,12.546452020976524,0,41,-0.995676835417831,False,False,False
28障239,12.546452020976524,0,117,1.445337341735561,False,False,False
26障141,12.546337450966792,0,45,-0.8672024050413367,False,False,False
2020障124,12.543217323630547,0,59,-0.41754189872360653,False,False,False
2020障125,12.543217323630547,0,74,0.06423721518824717,False,False,False
2020障126,12.543217323630547,0,55,-0.5460163291001009,False,False,False
2020障128,12.543217323630547,0,55,-0.5460163291001009,False,False,False
29障141,12.540106901216156,0,49,-0.7387279746648423,False,False,False
23障169,12.53913410931379,0,67,-0.1605930379706179,False,False,False
2019障280,12.538702564911452,0,91,0.610253544288348,False,False,False
23障255,12.537243526652034,0,48,-0.770846582258966,False,False,False
23障256,12.537243526652034,0,46,-0.8350837974472131,False,False,False
18障249,12.532550284290108,0,74,0.06423721518824717,False,False,False
2020障188,12.528482049487154,0,59,-0.41754189872360653,False,False,False
29障199,12.525371627072762,0,167,3.0512677214417403,False,False,False
2020障49,12.517516552362242,0,59,-0.41754189872360653,False,False,False
2023障111,12.514169535186461,0,91,0.610253544288348,False,False,False
2023障114,12.514169535186461,0,125,1.7022862024885497,False,False,False
24障160,12.512540071383501,0,61,-0.3533046835353594,False,False,False
25障282,12.512385256594078,0,63,-0.2890674683471122,False,False,False
20障170,12.510473257521983,0,56,-0.5138977215059773,False,False,False
2019障57,12.508827403673935,0,96,0.770846582258966,False,False,False
26障256,12.508230808156327,0,52,-0.6423721518824717,False,False,False
26障259,12.508230808156327,0,83,0.3533046835353594,False,False,False
26障262,12.508230808156327,0,58,-0.44966050631773014,False,False,False
17障170,12.50651595678012,0,37,-1.1241512657943253,False,False,False
17障174,12.50651595678012,0,116,1.4132187341414375,False,False,False
2020障264,12.505110680820085,0,107,1.1241512657943253,False,False,False
2020障254,12.505110680820085,0,80,0.2569488607529887,False,False,False
2020障259,12.505110680820085,0,75,0.09635582278237075,False,False,False
30障284,12.504702304904708,0,47,-0.8029651898530895,False,False,False
21障166,12.502128285589805,0,89,0.5460163291001009,False,False,False
21障165,12.502128285589805,0,41,-0.995676835417831,False,False,False
29障265,12.50200025840569,0,66,-0.1927116455647415,False,False,False
29障266,12.50200025840569,0,71,-0.032118607594123584,False,False,False
29障267,12.50200025840569,0,59,-0.41754189872360653,False,False,False
29障268,12.50200025840569,0,32,-1.2847443037649433,False,False,False
30障141,12.500527914935496,0,39,-1.0599140506060782,False,False,False
24障209,12.497804797240107,0,61,-0.3533046835353594,False,False,False
2019障235,12.496421532131777,0,75,0.09635582278237075,False,False,False
27障305,12.495786941246756,0,63,-0.2890674683471122,False,False,False
22障77,12.49514204683392,0,68,-0.12847443037649434,False,False,False
22障78,12.49514204683392,0,54,-0.5781349366942244,False,False,False
27障139,12.491612551277544,0,30,-1.3489815189531904,False,False,False
27障140,12.491612551277544,0,62,-0.3211860759412358,False,False,False
27障141,12.491612551277544,0,45,-0.8672024050413367,False,False,False
24障51,12.486839300115195,0,54,-0.5781349366942244,False,False,False
30障202,12.485792640792104,0,55,-0.5460163291001009,False,False,False
30障203,12.485792640792104,0,42,-0.9635582278237074,False,False,False
28障49,12.482510095356561,0,118,1.4774559493296846,False,False,False
17障52,12.480815185511814,0,42,-0.9635582278237074,False,False,False
17障54,12.480815185511814,0,56,-0.5138977215059773,False,False,False
17障53,12.480815185511814,0,89,0.5460163291001009,False,False,False
19障188,12.477503238284413,0,47,-0.8029651898530895,False,False,False
19障189,12.477503238284413,0,57,-0.4817791139118537,False,False,False
30障38,12.474827143667191,0,97,0.8029651898530895,False,False,False
24障276,12.474433428573036,0,88,0.5138977215059773,False,False,False
24障277,12.474433428573036,0,49,-0.7387279746648423,False,False,False
24障278,12.474433428573036,0,52,-0.6423721518824717,False,False,False
26障304,12.47416404377388,0,56,-0.5138977215059773,False,False,False
19障108,12.47328325302142,0,56,-0.5138977215059773,False,False,False
25障254,12.470104223814403,0,63,-0.2890674683471122,False,False,False
25障251,12.470104223814403,0,43,-0.9314396202295838,False,False,False
28障240,12.470104223814403,0,51,-0.6744907594765952,False,False,False
28障244,12.470104223814403,0,80,0.2569488607529887,False,False,False
2021障131,12.470044730277525,0,77,0.1605930379706179,False,False,False
17障301,12.468409313969655,0,75,0.09635582278237075,False,False,False
30障259,12.462421272125034,0,30,-1.3489815189531904,False,False,False
2022障100,12.456168337177616,0,139,2.15194670880628,False,False,False
27障272,12.453505908467083,0,49,-0.7387279746648423,False,False,False
27障273,12.453505908467083,0,57,-0.4817791139118537,False,False,False
27障275,12.453505908467083,0,60,-0.385423291129483,False,False,False
27障274,12.453505908467083,0,129,1.830760632865044,False,False,False
26障44,12.444288882536364,0,59,-0.41754189872360653,False,False,False
2020障51,12.44116875520012,0,55,-0.5460163291001009,False,False,False
20障319,12.438299850329074,0,87,0.4817791139118537,False,False,False
17障342,12.434342549587209,0,69,-0.09635582278237075,False,False,False
26障187,12.433773593655966,0,48,-0.770846582258966,False,False,False
26障265,12.431883010994206,0,38,-1.0920326582002018,False,False,False
26障267,12.431883010994206,0,32,-1.2847443037649433,False,False,False
26障266,12.431883010994206,0,99,0.8672024050413367,False,False,False
21障329,12.429954878396893,0,67,-0.1605930379706179,False,False,False
2020障253,12.428762883657964,0,55,-0.5460163291001009,False,False,False
2020障256,12.428762883657964,0,81,0.2890674683471122,False,False,False
2020障257,12.428762883657964,0,58,-0.44966050631773014,False,False,False
2020障261,12.428762883657964,0,69,-0.09635582278237075,False,False,False
2020障263,12.428762883657964,0,75,0.09635582278237075,False,False,False
21障167,12.425780488427684,0,36,-1.1562698733884489,False,False,False
21障168,12.425780488427684,0,74,0.06423721518824717,False,False,False
29障269,12.425652461243569,0,48,-0.770846582258966,False,False,False
29障270,12.425652461243569,0,76,0.12847443037649434,False,False,False
29障271,12.425652461243569,0,41,-0.995676835417831,False,False,False
22障179,12.423014234934794,0,36,-1.1562698733884489,False,False,False
18障187,12.422298683937317,0,44,-0.8993210126354603,False,False,False
18障188,12.422298683937317,0,63,-0.2890674683471122,False,False,False
18障189,12.422298683937317,0,55,-0.5460163291001009,False,False,False
20障223,12.41939018621647,0,52,-0.6423721518824717,False,False,False
18障100,12.418078698674325,0,78,0.1927116455647415,False,False,False
21障238,12.41104521428429,0,74,0.06423721518824717,False,False,False
20障44,12.408424689091557,0,98,0.8350837974472131,False,False,False
19障367,12.405329831091503,0,55,-0.5460163291001009,False,False,False
19障192,12.401155441122292,0,72,0.0,False,False,False
21障53,12.400079717159377,0,78,0.1927116455647415,False,False,False
21障55,12.400079717159377,0,118,1.4774559493296846,False,False,False
2023障210,12.399715095213878,0,113,1.3168629113590669,False,False,False
2023障212,12.399715095213878,0,149,2.4731327847475155,False,False,False
2023障219,12.399715095213878,0,112,1.2847443037649433,False,False,False
2023障223,12.399715095213878,0,85,0.41754189872360653,False,False,False
24障286,12.398085631410915,0,118,1.4774559493296846,False,False,False
22障51,12.397313463666487,0,147,2.4088955695592684,False,False,False
20障302,12.3960188175494,0,75,0.09635582278237075,False,False,False
17障307,12.392061516807534,0,63,-0.2890674683471122,False,False,False
21障302,12.387673845617218,0,38,-1.0920326582002018,False,False,False
21障303,12.387673845617218,0,33,-1.2526256961708195,False,False,False
19障267,12.3864201669789,0,92,0.6423721518824717,False,False,False
30障267,12.386073474962913,0,56,-0.5138977215059773,False,False,False
30障262,12.386073474962913,0,82,0.3211860759412358,False,False,False
30障264,12.386073474962913,0,38,-1.0920326582002018,False,False,False
30障265,12.386073474962913,0,63,-0.2890674683471122,False,False,False
30障268,12.386073474962913,0,48,-0.770846582258966,False,False,False
30障261,12.386073474962913,0,67,-0.1605930379706179,False,False,False
22障304,12.384907592124328,0,50,-0.7066093670707188,False,False,False
22障305,12.384907592124328,0,29,-1.381100126547314,False,False,False
22障302,12.384907592124328,0,79,0.22483025315886507,False,False,False
2022障93,12.379820540015494,0,66,-0.1927116455647415,False,False,False
2022障96,12.379820540015494,0,78,0.1927116455647415,False,False,False
2022障99,12.379820540015494,0,121,1.5738117721120555,False,False,False
27障284,12.377158111304961,0,96,0.770846582258966,False,False,False
27障283,12.377158111304961,0,28,-1.4132187341414375,False,False,False
27障279,12.377158111304961,0,66,-0.1927116455647415,False,False,False
27障282,12.377158111304961,0,140,2.1840653164004036,False,False,False
19障64,12.375454669853987,0,31,-1.3168629113590669,False,False,False
28障147,12.367566060994587,0,43,-0.9314396202295838,False,False,False
28障148,12.367566060994587,0,25,-1.5095745569238084,False,False,False
28障149,12.367566060994587,0,125,1.7022862024885497,False,False,False
28障151,12.367566060994587,0,40,-1.0277954430119547,False,False,False
19障343,12.36304879831183,0,34,-1.220507088576696,False,False,False
19障344,12.36304879831183,0,73,0.032118607594123584,False,False,False
19障345,12.36304879831183,0,32,-1.2847443037649433,False,False,False
2021障235,12.355590290304942,0,83,0.3533046835353594,False,False,False
22障348,12.350840827741882,0,81,0.2890674683471122,False,False,False
18障355,12.350125276744409,0,56,-0.5138977215059773,False,False,False
18障359,12.350125276744409,0,113,1.3168629113590669,False,False,False
18障191,12.345950886775196,0,49,-0.7387279746648423,False,False,False
2022障185,12.341713897205029,0,131,1.8949978480532912,False,False,False
2022障187,12.341713897205029,0,88,0.5138977215059773,False,False,False
2022障188,12.341713897205029,0,117,1.445337341735561,False,False,False
2022障192,12.341713897205029,0,71,-0.032118607594123584,False,False,False
2022障193,12.341713897205029,0,102,0.9635582278237074,False,False,False
2022障197,12.341713897205029,0,100,0.8993210126354603,False,False,False
2022障195,12.341713897205029,0,120,1.541693164517932,False,False,False
18障260,12.331215612631803,0,55,-0.5460163291001009,False,False,False
18障265,12.331215612631803,0,49,-0.7387279746648423,False,False,False
26障159,12.32934484817439,0,24,-1.541693164517932,False,False,False
26障161,12.32934484817439,0,45,-0.8672024050413367,False,False,False
26障162,12.32934484817439,0,42,-0.9635582278237074,False,False,False
2020障141,12.326224720838145,0,44,-0.8993210126354603,False,False,False
21障62,12.323731919997256,0,107,1.1241512657943253,False,False,False
29障162,12.323114298423754,0,65,-0.22483025315886507,False,False,False
29障163,12.323114298423754,0,47,-0.8029651898530895,False,False,False
23障296,12.320250923859632,0,51,-0.6744907594765952,False,False,False
23障295,12.320250923859632,0,42,-0.9635582278237074,False,False,False
23障300,12.320250923859632,0,43,-0.9314396202295838,False,False,False
18障62,12.320250115506893,0,32,-1.2847443037649433,False,False,False
20障305,12.319671020387279,0,53,-0.610253544288348,False,False,False
20障306,12.319671020387279,0,42,-0.9635582278237074,False,False,False
20障307,12.319671020387279,0,114,1.3489815189531904,False,False,False
20障309,12.319671020387279,0,54,-0.5781349366942244,False,False,False
21障305,12.311326048455097,0,56,-0.5138977215059773,False,False,False
21障307,12.311326048455097,0,23,-1.5738117721120555,False,False,False
21障306,12.311326048455097,0,110,1.220507088576696,False,False,False
22障309,12.308559794962207,0,131,1.8949978480532912,False,False,False
20障400,12.304935746243885,0,58,-0.44966050631773014,False,False,False
19障71,12.299106872691866,0,35,-1.1883884809825724,False,False,False
24障178,12.2955474685911,0,54,-0.5781349366942244,False,False,False
24障179,12.2955474685911,0,49,-0.7387279746648423,False,False,False
22障397,12.293824520818815,0,56,-0.5138977215059773,False,False,False
17障197,12.289523353987718,0,70,-0.06423721518824717,False,False,False
17障198,12.289523353987718,0,37,-1.1241512657943253,False,False,False
17障199,12.289523353987718,0,76,0.12847443037649434,False,False,False
30障163,12.283535312143094,0,37,-1.1241512657943253,False,False,False
30障165,12.283535312143094,0,85,0.41754189872360653,False,False,False
2019障271,12.279428929339378,0,68,-0.12847443037649434,False,False,False
2019障273,12.279428929339378,0,73,0.032118607594123584,False,False,False
27障176,12.274619948485142,0,42,-0.9635582278237074,False,False,False
27障172,12.274619948485142,0,57,-0.4817791139118537,False,False,False
27障173,12.274619948485142,0,25,-1.5095745569238084,False,False,False
27障174,12.274619948485142,0,118,1.4774559493296846,False,False,False
2022障201,12.265366100042908,0,88,0.5138977215059773,False,False,False
2022障199,12.265366100042908,0,81,0.2890674683471122,False,False,False
2022障200,12.265366100042908,0,153,2.60160721512401,False,False,False
2022障184,12.265366100042908,0,117,1.445337341735561,False,False,False
28障297,12.253111621022004,0,108,1.1562698733884489,False,False,False
25障302,12.253111621022004,0,50,-0.7066093670707188,False,False,False
28障289,12.253111621022004,0,72,0.0,False,False,False
28障295,12.253111621022004,0,59,-0.41754189872360653,False,False,False
18障342,12.231496446802613,0,49,-0.7387279746648423,False,False,False
18障345,12.231496446802613,0,69,-0.09635582278237075,False,False,False
20障197,12.21713285756746,0,29,-1.381100126547314,False,False,False
20障198,12.21713285756746,0,29,-1.381100126547314,False,False,False
2023障112,12.215006280360726,0,140,2.1840653164004036,False,False,False
2023障113,12.215006280360726,0,98,0.8350837974472131,False,False,False
2023障117,12.215006280360726,0,119,1.5095745569238084,False,False,False
26障317,12.214890408201807,0,84,0.385423291129483,False,False,False
2020障287,12.211770280865561,0,55,-0.5460163291001009,False,False,False
21障196,12.208787885635282,0,38,-1.0920326582002018,False,False,False
29障315,12.20865985845117,0,59,-0.41754189872360653,False,False,False
29障318,12.20865985845117,0,47,-0.8029651898530895,False,False,False
22障199,12.206021632142392,0,29,-1.381100126547314,False,False,False
22障201,12.206021632142392,0,61,-0.3533046835353594,False,False,False
22障202,12.206021632142392,0,36,-1.1562698733884489,False,False,False
19障215,12.184162838329893,0,92,0.6423721518824717,False,False,False
19障216,12.184162838329893,0,35,-1.1883884809825724,False,False,False
19障217,12.184162838329893,0,79,0.22483025315886507,False,False,False
19障219,12.184162838329893,0,54,-0.5781349366942244,False,False,False
24障331,12.181093028618516,0,46,-0.8350837974472131,False,False,False
24障334,12.181093028618516,0,50,-0.7066093670707188,False,False,False
17障353,12.175068914015135,0,123,1.6380489873003026,False,False,False
17障350,12.175068914015135,0,72,0.0,False,False,False
30障317,12.169080872170513,0,55,-0.5460163291001009,False,False,False
30障312,12.169080872170513,0,55,-0.5460163291001009,False,False,False
30障315,12.169080872170513,0,64,-0.2569488607529887,False,False,False
27障340,12.16016550851256,0,96,0.770846582258966,False,False,False
27障341,12.16016550851256,0,74,0.06423721518824717,False,False,False
27障342,12.16016550851256,0,64,-0.2569488607529887,False,False,False
2023障115,12.138658483198606,0,77,0.1605930379706179,False,False,False
2023障118,12.138658483198606,0,122,1.605930379706179,False,False,False
23障139,12.13554210900648,0,38,-1.0920326582002018,False,False,False
23障140,12.13554210900648,0,47,-0.8029651898530895,False,False,False
18障211,12.128958283982797,0,38,-1.0920326582002018,False,False,False
18障214,12.128958283982797,0,44,-0.8993210126354603,False,False,False
18障216,12.128958283982797,0,35,-1.1883884809825724,False,False,False
18障217,12.128958283982797,0,42,-0.9635582278237074,False,False,False
22障284,12.114614509188362,0,58,-0.44966050631773014,False,False,False
2023障230,12.100551840388142,0,123,1.6380489873003026,False,False,False
2023障207,12.100551840388142,0,101,0.9314396202295838,False,False,False
2023障211,12.100551840388142,0,142,2.2483025315886507,False,False,False
2023障216,12.100551840388142,0,73,0.032118607594123584,False,False,False
2023障220,12.100551840388142,0,96,0.770846582258966,False,False,False
2023障224,12.100551840388142,0,86,0.44966050631773014,False,False,False
2023障226,12.100551840388142,0,103,0.995676835417831,False,False,False
2023障227,12.100551840388142,0,72,0.0,False,False,False
2023障229,12.100551840388142,0,101,0.9314396202295838,False,False,False
2023障222,12.100551840388142,0,94,0.7066093670707188,False,False,False
2019障138,12.094720114486226,0,37,-1.1241512657943253,False,False,False
2019障139,12.094720114486226,0,54,-0.5781349366942244,False,False,False
2019障140,12.094720114486226,0,67,-0.1605930379706179,False,False,False
21障356,12.094333445662699,0,48,-0.770846582258966,False,False,False
21障354,12.094333445662699,0,75,0.09635582278237075,False,False,False
21障358,12.094333445662699,0,32,-1.2847443037649433,False,False,False
22障357,12.091567192169808,0,30,-1.3489815189531904,False,False,False
19障398,12.069708398357308,0,31,-1.3168629113590669,False,False,False
19障399,12.069708398357308,0,45,-0.8672024050413367,False,False,False
19障401,12.069708398357308,0,54,-0.5781349366942244,False,False,False
25障153,12.068402806168852,0,99,0.8672024050413367,False,False,False
28障144,12.068402806168852,0,57,-0.4817791139118537,False,False,False
28障142,12.068402806168852,0,29,-1.381100126547314,False,False,False
28障143,12.068402806168852,0,99,0.8672024050413367,False,False,False
23障150,12.059194311844358,0,79,0.22483025315886507,False,False,False
23障142,12.059194311844358,0,34,-1.220507088576696,False,False,False
23障143,12.059194311844358,0,30,-1.3489815189531904,False,False,False
23障144,12.059194311844358,0,30,-1.3489815189531904,False,False,False
23障149,12.059194311844358,0,71,-0.032118607594123584,False,False,False
23障151,12.059194311844358,0,46,-0.8350837974472131,False,False,False
2021障252,12.056427035479205,0,52,-0.6423721518824717,False,False,False
2021障225,12.056427035479205,0,89,0.5460163291001009,False,False,False
2021障226,12.056427035479205,0,90,0.5781349366942244,False,False,False
2021障227,12.056427035479205,0,68,-0.12847443037649434,False,False,False
2021障229,12.056427035479205,0,108,1.1562698733884489,False,False,False
2021障234,12.056427035479205,0,50,-0.7066093670707188,False,False,False
2021障236,12.056427035479205,0,117,1.445337341735561,False,False,False
2021障237,12.056427035479205,0,94,0.7066093670707188,False,False,False
2021障238,12.056427035479205,0,70,-0.06423721518824717,False,False,False
2021障240,12.056427035479205,0,72,0.0,False,False,False
2021障247,12.056427035479205,0,167,3.0512677214417403,False,False,False
2021障250,12.056427035479205,0,77,0.1605930379706179,False,False,False
2020障144,12.02706146601241,0,77,0.1605930379706179,False,False,False
2020障145,12.02706146601241,0,82,0.3211860759412358,False,False,False
2020障147,12.02706146601241,0,87,0.4817791139118537,False,False,False
2023障206,12.024204043226021,0,84,0.385423291129483,False,False,False
2023障208,12.024204043226021,0,77,0.1605930379706179,False,False,False
2023障213,12.024204043226021,0,77,0.1605930379706179,False,False,False
2023障214,12.024204043226021,0,86,0.44966050631773014,False,False,False
2023障217,12.024204043226021,0,129,1.830760632865044,False,False,False
2023障225,12.024204043226021,0,100,0.8993210126354603,False,False,False
29障157,12.023951043598018,0,46,-0.8350837974472131,False,False,False
29障153,12.023951043598018,0,114,1.3489815189531904,False,False,False
29障154,12.023951043598018,0,120,1.541693164517932,False,False,False
29障155,12.023951043598018,0,58,-0.44966050631773014,False,False,False
23障268,12.021087669033896,0,53,-0.610253544288348,False,False,False
23障264,12.021087669033896,0,132,1.9271164556474147,False,False,False
23障265,12.021087669033896,0,29,-1.381100126547314,False,False,False
23障271,12.021087669033896,0,55,-0.5460163291001009,False,False,False
23障274,12.021087669033896,0,56,-0.5138977215059773,False,False,False
23障270,12.021087669033896,0,51,-0.6744907594765952,False,False,False
2019障143,12.018372317324104,0,82,0.3211860759412358,False,False,False
2019障144,12.018372317324104,0,85,0.41754189872360653,False,False,False
2019障141,12.018372317324104,0,35,-1.1883884809825724,False,False,False
2019障142,12.018372317324104,0,63,-0.2890674683471122,False,False,False
18障396,12.014503844010212,0,95,0.7387279746648423,False,False,False
18障398,12.014503844010212,0,56,-0.5138977215059773,False,False,False
24障169,11.996384213765364,0,75,0.09635582278237075,False,False,False
24障168,11.996384213765364,0,73,0.032118607594123584,False,False,False
25障156,11.99205500900673,0,43,-0.9314396202295838,False,False,False
25障157,11.99205500900673,0,85,0.41754189872360653,False,False,False
25障161,11.99205500900673,0,68,-0.12847443037649434,False,False,False
25障162,11.99205500900673,0,60,-0.385423291129483,False,False,False
25障164,11.99205500900673,0,72,0.0,False,False,False
28障145,11.99205500900673,0,50,-0.7066093670707188,False,False,False
28障146,11.99205500900673,0,36,-1.1562698733884489,False,False,False
17障186,11.990360099161983,0,65,-0.22483025315886507,False,False,False
17障187,11.990360099161983,0,92,0.6423721518824717,False,False,False
17障183,11.990360099161983,0,51,-0.6744907594765952,False,False,False
17障184,11.990360099161983,0,38,-1.0920326582002018,False,False,False
30障153,11.98437205731736,0,116,1.4132187341414375,False,False,False
30障156,11.98437205731736,0,97,0.8029651898530895,False,False,False
30障154,11.98437205731736,0,177,3.372453797382976,False,False,False
30障157,11.98437205731736,0,54,-0.5781349366942244,False,False,False
2019障281,11.98026567451364,0,115,1.381100126547314,False,False,False
2019障255,11.98026567451364,0,54,-0.5781349366942244,False,False,False
2019障256,11.98026567451364,0,72,0.0,False,False,False
2019障257,11.98026567451364,0,65,-0.22483025315886507,False,False,False
2019障259,11.98026567451364,0,63,-0.2890674683471122,False,False,False
2019障260,11.98026567451364,0,81,0.2890674683471122,False,False,False
2019障261,11.98026567451364,0,105,1.0599140506060782,False,False,False
2019障262,11.98026567451364,0,64,-0.2569488607529887,False,False,False
2019障263,11.98026567451364,0,81,0.2890674683471122,False,False,False
2019障264,11.98026567451364,0,81,0.2890674683471122,False,False,False
2019障275,11.98026567451364,0,134,1.991353670835662,False,False,False
2019障276,11.98026567451364,0,148,2.441014177153392,False,False,False
2019障278,11.98026567451364,0,44,-0.8993210126354603,False,False,False
2019障279,11.98026567451364,0,43,-0.9314396202295838,False,False,False
2021障253,11.980079238317083,0,93,0.6744907594765952,False,False,False
2021障254,11.980079238317083,0,82,0.3211860759412358,False,False,False
2021障228,11.980079238317083,0,62,-0.3211860759412358,False,False,False
2021障231,11.980079238317083,0,84,0.385423291129483,False,False,False
2021障233,11.980079238317083,0,68,-0.12847443037649434,False,False,False
2021障241,11.980079238317083,0,76,0.12847443037649434,False,False,False
2021障251,11.980079238317083,0,46,-0.8350837974472131,False,False,False
27障159,11.975456693659407,0,85,0.41754189872360653,False,False,False
27障160,11.975456693659407,0,37,-1.1241512657943253,False,False,False
27障161,11.975456693659407,0,51,-0.6744907594765952,False,False,False
27障162,11.975456693659407,0,68,-0.12847443037649434,False,False,False
29障109,11.97065056345445,0,127,1.766523417676797,False,False,False
25障278,11.953948366196267,0,59,-0.41754189872360653,False,False,False
28障272,11.953948366196267,0,81,0.2890674683471122,False,False,False
25障258,11.953948366196267,0,47,-0.8029651898530895,False,False,False
25障264,11.953948366196267,0,50,-0.7066093670707188,False,False,False
25障274,11.953948366196267,0,57,-0.4817791139118537,False,False,False
25障275,11.953948366196267,0,73,0.032118607594123584,False,False,False
28障254,11.953948366196267,0,80,0.2569488607529887,False,False,False
28障255,11.953948366196267,0,113,1.3168629113590669,False,False,False
28障256,11.953948366196267,0,56,-0.5138977215059773,False,False,False
28障257,11.953948366196267,0,47,-0.8029651898530895,False,False,False
28障258,11.953948366196267,0,69,-0.09635582278237075,False,False,False
28障259,11.953948366196267,0,50,-0.7066093670707188,False,False,False
28障260,11.953948366196267,0,51,-0.6744907594765952,False,False,False
28障261,11.953948366196267,0,48,-0.770846582258966,False,False,False
28障262,11.953948366196267,0,98,0.8350837974472131,False,False,False
28障263,11.953948366196267,0,100,0.8993210126354603,False,False,False
28障267,11.953948366196267,0,32,-1.2847443037649433,False,False,False
25障279,11.953948366196267,0,45,-0.8672024050413367,False,False,False
25障270,11.953948366196267,0,66,-0.1927116455647415,False,False,False
26障157,11.953833796186533,0,38,-1.0920326582002018,False,False,False
26障158,11.953833796186533,0,36,-1.1562698733884489,False,False,False
2020障146,11.95071366885029,0,79,0.22483025315886507,False,False,False
2020障148,11.95071366885029,0,61,-0.3533046835353594,False,False,False
29障160,11.947603246435897,0,36,-1.1562698733884489,False,False,False
29障161,11.947603246435897,0,78,0.1927116455647415,False,False,False
23障277,11.944739871871775,0,41,-0.995676835417831,False,False,False
23障284,11.944739871871775,0,108,1.1562698733884489,False,False,False
23障292,11.944739871871775,0,56,-0.5138977215059773,False,False,False
23障276,11.944739871871775,0,55,-0.5460163291001009,False,False,False
23障283,11.944739871871775,0,47,-0.8029651898530895,False,False,False
24障176,11.920036416603242,0,69,-0.09635582278237075,False,False,False
24障171,11.920036416603242,0,99,0.8672024050413367,False,False,False
24障172,11.920036416603242,0,75,0.09635582278237075,False,False,False
24障173,11.920036416603242,0,58,-0.44966050631773014,False,False,False
24障174,11.920036416603242,0,56,-0.5138977215059773,False,False,False
20障181,11.917969602741726,0,64,-0.2569488607529887,False,False,False
26障280,11.91572715337607,0,53,-0.610253544288348,False,False,False
26障281,11.91572715337607,0,57,-0.4817791139118537,False,False,False
26障282,11.91572715337607,0,86,0.44966050631773014,False,False,False
26障283,11.91572715337607,0,70,-0.06423721518824717,False,False,False
26障285,11.91572715337607,0,41,-0.995676835417831,False,False,False
26障290,11.91572715337607,0,99,0.8672024050413367,False,False,False
26障291,11.91572715337607,0,58,-0.44966050631773014,False,False,False
26障286,11.91572715337607,0,63,-0.2890674683471122,False,False,False
26障292,11.91572715337607,0,52,-0.6423721518824717,False,False,False
26障287,11.91572715337607,0,86,0.44966050631773014,False,False,False
26障289,11.91572715337607,0,88,0.5138977215059773,False,False,False
17障191,11.914012301999861,0,66,-0.1927116455647415,False,False,False
17障192,11.914012301999861,0,99,0.8672024050413367,False,False,False
17障193,11.914012301999861,0,59,-0.41754189872360653,False,False,False
2020障316,11.912607026039826,0,141,2.216183923994527,False,False,False
2020障317,11.912607026039826,0,78,0.1927116455647415,False,False,False
2020障289,11.912607026039826,0,87,0.4817791139118537,False,False,False
2020障293,11.912607026039826,0,52,-0.6423721518824717,False,False,False
2020障295,11.912607026039826,0,93,0.6744907594765952,False,False,False
2020障297,11.912607026039826,0,53,-0.610253544288348,False,False,False
2020障309,11.912607026039826,0,104,1.0277954430119547,False,False,False
2020障310,11.912607026039826,0,72,0.0,False,False,False
2020障312,11.912607026039826,0,55,-0.5460163291001009,False,False,False
29障278,11.909496603625433,0,48,-0.770846582258966,False,False,False
29障280,11.909496603625433,0,100,0.8993210126354603,False,False,False
29障281,11.909496603625433,0,41,-0.995676835417831,False,False,False
29障282,11.909496603625433,0,102,0.9635582278237074,False,False,False
29障283,11.909496603625433,0,90,0.5781349366942244,False,False,False
29障284,11.909496603625433,0,38,-1.0920326582002018,False,False,False
29障285,11.909496603625433,0,59,-0.41754189872360653,False,False,False
29障286,11.909496603625433,0,55,-0.5460163291001009,False,False,False
29障289,11.909496603625433,0,52,-0.6423721518824717,False,False,False
29障298,11.909496603625433,0,72,0.0,False,False,False
29障299,11.909496603625433,0,84,0.385423291129483,False,False,False
30障159,11.908024260155239,0,54,-0.5781349366942244,False,False,False
30障162,11.908024260155239,0,54,-0.5781349366942244,False,False,False
30障161,11.908024260155239,0,55,-0.5460163291001009,False,False,False
22障187,11.906858377316656,0,126,1.7344048100826734,False,False,False
22障188,11.906858377316656,0,64,-0.2569488607529887,False,False,False
22障190,11.906858377316656,0,56,-0.5138977215059773,False,False,False
2019障266,11.90391787735152,0,41,-0.995676835417831,False,False,False
2019障267,11.90391787735152,0,54,-0.5781349366942244,False,False,False
2019障268,11.90391787735152,0,49,-0.7387279746648423,False,False,False
2019障269,11.90391787735152,0,52,-0.6423721518824717,False,False,False
2019障270,11.90391787735152,0,72,0.0,False,False,False
2019障277,11.90391787735152,0,75,0.09635582278237075,False,False,False
27障165,11.899108896497285,0,40,-1.0277954430119547,False,False,False
27障166,11.899108896497285,0,56,-0.5138977215059773,False,False,False
27障167,11.899108896497285,0,46,-0.8350837974472131,False,False,False
27障169,11.899108896497285,0,102,0.9635582278237074,False,False,False
19障207,11.884999583504156,0,44,-0.8993210126354603,False,False,False
19障208,11.884999583504156,0,83,0.3533046835353594,False,False,False
19障204,11.884999583504156,0,36,-1.1562698733884489,False,False,False
19障205,11.884999583504156,0,61,-0.3533046835353594,False,False,False
19障206,11.884999583504156,0,121,1.5738117721120555,False,False,False
24障314,11.881929773792779,0,117,1.445337341735561,False,False,False
24障313,11.881929773792779,0,29,-1.381100126547314,False,False,False
24障303,11.881929773792779,0,62,-0.3211860759412358,False,False,False
24障304,11.881929773792779,0,36,-1.1562698733884489,False,False,False
24障305,11.881929773792779,0,28,-1.4132187341414375,False,False,False
24障306,11.881929773792779,0,45,-0.8672024050413367,False,False,False
24障311,11.881929773792779,0,72,0.0,False,False,False
24障312,11.881929773792779,0,57,-0.4817791139118537,False,False,False
25障292,11.877600569034145,0,71,-0.032118607594123584,False,False,False
25障288,11.877600569034145,0,74,0.06423721518824717,False,False,False
25障289,11.877600569034145,0,94,0.7066093670707188,False,False,False
25障290,11.877600569034145,0,46,-0.8350837974472131,False,False,False
25障291,11.877600569034145,0,41,-0.995676835417831,False,False,False
25障293,11.877600569034145,0,105,1.0599140506060782,False,False,False
25障294,11.877600569034145,0,66,-0.1927116455647415,False,False,False
25障295,11.877600569034145,0,74,0.06423721518824717,False,False,False
25障297,11.877600569034145,0,57,-0.4817791139118537,False,False,False
25障298,11.877600569034145,0,36,-1.1562698733884489,False,False,False
28障274,11.877600569034145,0,58,-0.44966050631773014,False,False,False
28障275,11.877600569034145,0,34,-1.220507088576696,False,False,False
28障280,11.877600569034145,0,74,0.06423721518824717,False,False,False
28障281,11.877600569034145,0,70,-0.06423721518824717,False,False,False
25障296,11.877600569034145,0,85,0.41754189872360653,False,False,False
28障285,11.877600569034145,0,129,1.830760632865044,False,False,False
28障284,11.877600569034145,0,67,-0.1605930379706179,False,False,False
17障314,11.875905659189398,0,87,0.4817791139118537,False,False,False
17障315,11.875905659189398,0,51,-0.6744907594765952,False,False,False
17障316,11.875905659189398,0,43,-0.9314396202295838,False,False,False
17障320,11.875905659189398,0,72,0.0,False,False,False
17障321,11.875905659189398,0,65,-0.22483025315886507,False,False,False
17障322,11.875905659189398,0,99,0.8672024050413367,False,False,False
17障323,11.875905659189398,0,54,-0.5781349366942244,False,False,False
17障325,11.875905659189398,0,102,0.9635582278237074,False,False,False
17障330,11.875905659189398,0,93,0.6744907594765952,False,False,False
30障277,11.869917617344775,0,82,0.3211860759412358,False,False,False
30障279,11.869917617344775,0,39,-1.0599140506060782,False,False,False
30障283,11.869917617344775,0,103,0.995676835417831,False,False,False
27障308,11.861002253686824,0,57,-0.4817791139118537,False,False,False
27障298,11.861002253686824,0,62,-0.3211860759412358,False,False,False
27障299,11.861002253686824,0,92,0.6423721518824717,False,False,False
27障300,11.861002253686824,0,49,-0.7387279746648423,False,False,False
27障301,11.861002253686824,0,94,0.7066093670707188,False,False,False
27障302,11.861002253686824,0,56,-0.5138977215059773,False,False,False
27障304,11.861002253686824,0,61,-0.3533046835353594,False,False,False
27障306,11.861002253686824,0,54,-0.5781349366942244,False,False,False
27障307,11.861002253686824,0,47,-0.8029651898530895,False,False,False
27障303,11.861002253686824,0,110,1.220507088576696,False,False,False
20障184,11.841621805579605,0,62,-0.3211860759412358,False,False,False
20障186,11.841621805579605,0,47,-0.8029651898530895,False,False,False
20障189,11.841621805579605,0,51,-0.6744907594765952,False,False,False
20障190,11.841621805579605,0,54,-0.5781349366942244,False,False,False
20障193,11.841621805579605,0,42,-0.9635582278237074,False,False,False
20障194,11.841621805579605,0,71,-0.032118607594123584,False,False,False
20障195,11.841621805579605,0,82,0.3211860759412358,False,False,False
20障196,11.841621805579605,0,43,-0.9314396202295838,False,False,False
20障191,11.841621805579605,0,57,-0.4817791139118537,False,False,False
26障296,11.839379356213948,0,101,0.9314396202295838,False,False,False
26障299,11.839379356213948,0,51,-0.6744907594765952,False,False,False
26障297,11.839379356213948,0,125,1.7022862024885497,False,False,False
2020障318,11.836259228877704,0,54,-0.5781349366942244,False,False,False
2020障288,11.836259228877704,0,96,0.770846582258966,False,False,False
2020障291,11.836259228877704,0,113,1.3168629113590669,False,False,False
2020障296,11.836259228877704,0,95,0.7387279746648423,False,False,False
2020障298,11.836259228877704,0,43,-0.9314396202295838,False,False,False
2020障301,11.836259228877704,0,81,0.2890674683471122,False,False,False
2020障302,11.836259228877704,0,70,-0.06423721518824717,False,False,False
2020障308,11.836259228877704,0,72,0.0,False,False,False
2020障311,11.836259228877704,0,82,0.3211860759412358,False,False,False
2020障313,11.836259228877704,0,98,0.8350837974472131,False,False,False
21障184,11.833276833647425,0,95,0.7387279746648423,False,False,False
21障185,11.833276833647425,0,31,-1.3168629113590669,False,False,False
21障187,11.833276833647425,0,68,-0.12847443037649434,False,False,False
21障189,11.833276833647425,0,37,-1.1241512657943253,False,False,False
21障191,11.833276833647425,0,63,-0.2890674683471122,False,False,False
21障192,11.833276833647425,0,47,-0.8029651898530895,False,False,False
21障193,11.833276833647425,0,93,0.6744907594765952,False,False,False
21障195,11.833276833647425,0,45,-0.8672024050413367,False,False,False
21障194,11.833276833647425,0,78,0.1927116455647415,False,False,False
21障188,11.833276833647425,0,92,0.6423721518824717,False,False,False
21障190,11.833276833647425,0,84,0.385423291129483,False,False,False
29障303,11.833148806463312,0,123,1.6380489873003026,False,False,False
29障304,11.833148806463312,0,73,0.032118607594123584,False,False,False
29障306,11.833148806463312,0,54,-0.5781349366942244,False,False,False
29障307,11.833148806463312,0,55,-0.5460163291001009,False,False,False
29障308,11.833148806463312,0,74,0.06423721518824717,False,False,False
29障309,11.833148806463312,0,67,-0.1605930379706179,False,False,False
29障305,11.833148806463312,0,49,-0.7387279746648423,False,False,False
29障311,11.833148806463312,0,65,-0.22483025315886507,False,False,False
29障312,11.833148806463312,0,24,-1.541693164517932,False,False,False
22障192,11.830510580154534,0,61,-0.3533046835353594,False,False,False
22障193,11.830510580154534,0,42,-0.9635582278237074,False,False,False
22障194,11.830510580154534,0,41,-0.995676835417831,False,False,False
22障195,11.830510580154534,0,39,-1.0599140506060782,False,False,False
18障198,11.82979502915706,0,46,-0.8350837974472131,False,False,False
18障195,11.82979502915706,0,34,-1.220507088576696,False,False,False
18障196,11.82979502915706,0,35,-1.1883884809825724,False,False,False
18障197,11.82979502915706,0,95,0.7387279746648423,False,False,False
18障199,11.82979502915706,0,28,-1.4132187341414375,False,False,False
18障200,11.82979502915706,0,63,-0.2890674683471122,False,False,False
18障202,11.82979502915706,0,80,0.2569488607529887,False,False,False
19障210,11.808651786342034,0,75,0.09635582278237075,False,False,False
19障213,11.808651786342034,0,32,-1.2847443037649433,False,False,False
24障320,11.805581976630657,0,93,0.6744907594765952,False,False,False
24障321,11.805581976630657,0,169,3.1155049366299874,False,False,False
24障322,11.805581976630657,0,42,-0.9635582278237074,False,False,False
24障323,11.805581976630657,0,38,-1.0920326582002018,False,False,False
24障324,11.805581976630657,0,46,-0.8350837974472131,False,False,False
24障325,11.805581976630657,0,100,0.8993210126354603,False,False,False
24障326,11.805581976630657,0,39,-1.0599140506060782,False,False,False
24障328,11.805581976630657,0,79,0.22483025315886507,False,False,False
20障316,11.803515162769141,0,32,-1.2847443037649433,False,False,False
20障322,11.803515162769141,0,54,-0.5781349366942244,False,False,False
20障324,11.803515162769141,0,34,-1.220507088576696,False,False,False
20障328,11.803515162769141,0,44,-0.8993210126354603,False,False,False
20障317,11.803515162769141,0,59,-0.41754189872360653,False,False,False
20障340,11.803515162769141,0,67,-0.1605930379706179,False,False,False
17障332,11.799557862027276,0,42,-0.9635582278237074,False,False,False
17障334,11.799557862027276,0,60,-0.385423291129483,False,False,False
17障335,11.799557862027276,0,71,-0.032118607594123584,False,False,False
17障337,11.799557862027276,0,51,-0.6744907594765952,False,False,False
17障339,11.799557862027276,0,63,-0.2890674683471122,False,False,False
17障341,11.799557862027276,0,135,2.0234722784297854,False,False,False
21障321,11.795170190836961,0,69,-0.09635582278237075,False,False,False
21障316,11.795170190836961,0,52,-0.6423721518824717,False,False,False
21障318,11.795170190836961,0,42,-0.9635582278237074,False,False,False
21障320,11.795170190836961,0,56,-0.5138977215059773,False,False,False
21障323,11.795170190836961,0,31,-1.3168629113590669,False,False,False
21障324,11.795170190836961,0,88,0.5138977215059773,False,False,False
21障326,11.795170190836961,0,38,-1.0920326582002018,False,False,False
21障327,11.795170190836961,0,65,-0.22483025315886507,False,False,False
21障325,11.795170190836961,0,73,0.032118607594123584,False,False,False
30障306,11.793569820182654,0,57,-0.4817791139118537,False,False,False
30障287,11.793569820182654,0,44,-0.8993210126354603,False,False,False
30障290,11.793569820182654,0,47,-0.8029651898530895,False,False,False
30障291,11.793569820182654,0,92,0.6423721518824717,False,False,False
30障292,11.793569820182654,0,52,-0.6423721518824717,False,False,False
30障293,11.793569820182654,0,54,-0.5781349366942244,False,False,False
30障294,11.793569820182654,0,41,-0.995676835417831,False,False,False
30障295,11.793569820182654,0,60,-0.385423291129483,False,False,False
30障296,11.793569820182654,0,48,-0.770846582258966,False,False,False
30障299,11.793569820182654,0,62,-0.3211860759412358,False,False,False
30障302,11.793569820182654,0,102,0.9635582278237074,False,False,False
30障304,11.793569820182654,0,116,1.4132187341414375,False,False,False
30障305,11.793569820182654,0,20,-1.6701675948944261,False,False,False
30障307,11.793569820182654,0,46,-0.8350837974472131,False,False,False
30障308,11.793569820182654,0,42,-0.9635582278237074,False,False,False
30障288,11.793569820182654,0,69,-0.09635582278237075,False,False,False
22障328,11.792403937344071,0,51,-0.6744907594765952,False,False,False
22障318,11.792403937344071,0,50,-0.7066093670707188,False,False,False
22障321,11.792403937344071,0,108,1.1562698733884489,False,False,False
22障322,11.792403937344071,0,40,-1.0277954430119547,False,False,False
22障330,11.792403937344071,0,25,-1.5095745569238084,False,False,False
22障323,11.792403937344071,0,138,2.1198281012121565,False,False,False
22障329,11.792403937344071,0,57,-0.4817791139118537,False,False,False
22障317,11.792403937344071,0,118,1.4774559493296846,False,False,False
22障325,11.792403937344071,0,54,-0.5781349366942244,False,False,False
27障321,11.784654456524702,0,75,0.09635582278237075,False,False,False
27障322,11.784654456524702,0,44,-0.8993210126354603,False,False,False
27障324,11.784654456524702,0,58,-0.44966050631773014,False,False,False
27障325,11.784654456524702,0,97,0.8029651898530895,False,False,False
27障326,11.784654456524702,0,52,-0.6423721518824717,False,False,False
27障328,11.784654456524702,0,31,-1.3168629113590669,False,False,False
27障329,11.784654456524702,0,67,-0.1605930379706179,False,False,False
27障330,11.784654456524702,0,56,-0.5138977215059773,False,False,False
27障331,11.784654456524702,0,95,0.7387279746648423,False,False,False
27障334,11.784654456524702,0,77,0.1605930379706179,False,False,False
19障360,11.77054514353157,0,103,0.995676835417831,False,False,False
19障361,11.77054514353157,0,42,-0.9635582278237074,False,False,False
19障362,11.77054514353157,0,55,-0.5460163291001009,False,False,False
19障363,11.77054514353157,0,28,-1.4132187341414375,False,False,False
19障364,11.77054514353157,0,61,-0.3533046835353594,False,False,False
19障365,11.77054514353157,0,76,0.12847443037649434,False,False,False
19障366,11.77054514353157,0,73,0.032118607594123584,False,False,False
19障368,11.77054514353157,0,102,0.9635582278237074,False,False,False
18障206,11.753447231994938,0,55,-0.5460163291001009,False,False,False
18障203,11.753447231994938,0,75,0.09635582278237075,False,False,False
18障204,11.753447231994938,0,94,0.7066093670707188,False,False,False
18障207,11.753447231994938,0,49,-0.7387279746648423,False,False,False
18障208,11.753447231994938,0,61,-0.3533046835353594,False,False,False
18障209,11.753447231994938,0,66,-0.1927116455647415,False,False,False
18障210,11.753447231994938,0,37,-1.1241512657943253,False,False,False
18障213,11.753447231994938,0,37,-1.1241512657943253,False,False,False
20障325,11.72716736560702,0,73,0.032118607594123584,False,False,False
20障333,11.72716736560702,0,64,-0.2569488607529887,False,False,False
20障335,11.72716736560702,0,50,-0.7066093670707188,False,False,False
20障341,11.72716736560702,0,53,-0.610253544288348,False,False,False
20障344,11.72716736560702,0,48,-0.770846582258966,False,False,False
20障347,11.72716736560702,0,38,-1.0920326582002018,False,False,False
20障351,11.72716736560702,0,15,-1.830760632865044,False,False,False
20障352,11.72716736560702,0,40,-1.0277954430119547,False,False,False
20障353,11.72716736560702,0,43,-0.9314396202295838,False,False,False
20障354,11.72716736560702,0,26,-1.4774559493296846,False,False,False
20障321,11.72716736560702,0,47,-0.8029651898530895,False,False,False
20障343,11.72716736560702,0,23,-1.5738117721120555,False,False,False
21障339,11.71882239367484,0,88,0.5138977215059773,False,False,False
21障341,11.71882239367484,0,86,0.44966050631773014,False,False,False
21障345,11.71882239367484,0,78,0.1927116455647415,False,False,False
21障335,11.71882239367484,0,49,-0.7387279746648423,False,False,False
22障336,11.71605614018195,0,28,-1.4132187341414375,False,False,False
22障337,11.71605614018195,0,48,-0.770846582258966,False,False,False
22障341,11.71605614018195,0,30,-1.3489815189531904,False,False,False
22障344,11.71605614018195,0,36,-1.1562698733884489,False,False,False
22障351,11.71605614018195,0,152,2.5694886075298866,False,False,False
18障351,11.715340589184477,0,75,0.09635582278237075,False,False,False
18障354,11.715340589184477,0,80,0.2569488607529887,False,False,False
18障356,11.715340589184477,0,47,-0.8029651898530895,False,False,False
18障362,11.715340589184477,0,60,-0.385423291129483,False,False,False
18障365,11.715340589184477,0,55,-0.5460163291001009,False,False,False
18障361,11.715340589184477,0,49,-0.7387279746648423,False,False,False
19障384,11.694197346369451,0,51,-0.6744907594765952,False,False,False
19障385,11.694197346369451,0,30,-1.3489815189531904,False,False,False
19障386,11.694197346369451,0,21,-1.6380489873003026,False,False,False
19障387,11.694197346369451,0,63,-0.2890674683471122,False,False,False
19障388,11.694197346369451,0,86,0.44966050631773014,False,False,False
19障391,11.694197346369451,0,26,-1.4774559493296846,False,False,False
19障392,11.694197346369451,0,40,-1.0277954430119547,False,False,False
19障389,11.694197346369451,0,50,-0.7066093670707188,False,False,False
18障376,11.638992792022355,0,38,-1.0920326582002018,False,False,False
18障382,11.638992792022355,0,63,-0.2890674683471122,False,False,False
18障212,11.638992792022355,0,69,-0.09635582278237075,False,False,False
18障372,11.638992792022355,0,66,-0.1927116455647415,False,False,False
18障373,11.638992792022355,0,52,-0.6423721518824717,False,False,False
18障374,11.638992792022355,0,70,-0.06423721518824717,False,False,False
18障383,11.638992792022355,0,60,-0.385423291129483,False,False,False
18障384,11.638992792022355,0,42,-0.9635582278237074,False,False,False
18障385,11.638992792022355,0,76,0.12847443037649434,False,False,False
18障386,11.638992792022355,0,78,0.1927116455647415,False,False,False
18障369,11.638992792022355,0,41,-0.995676835417831,False,False,False
18障368,11.638992792022355,0,56,-0.5138977215059773,False,False,False
