記号,希少性スコア,5件以下カテゴリ数,文字数,文長頑健zスコア,希少性上位1%,|文長z|≥3.5,確認候補
28障363,32.24800392047318,0,97,0.9105625252934035,True,False,True
2022障259,32.01139092986254,1,50,-0.6744907594765952,True,False,True
2022障257,31.969426730763516,1,122,1.7536759746391475,True,False,True
2022障258,31.91824759814331,1,53,-0.5733171455551059,True,False,True
18障13,31.732855616720784,0,36,-1.1466342911102119,True,False,True
2019障349,31.307728295304173,0,154,2.8328611898017,True,False,True
18障178,30.961758658418077,0,62,-0.26979630379063807,True,False,True
2021障321,30.619621714536514,0,95,0.8431134493457441,True,False,True
2019障352,29.904982984717048,1,43,-0.9105625252934035,True,False,True
17障418,29.890682087420593,0,95,0.8431134493457441,True,False,True
17障438,29.52243592585167,0,60,-0.3372453797382976,True,False,True
2022障245,29.001862261976125,0,125,1.8548495885606369,True,False,True
30障396,28.920830877639958,0,52,-0.6070416835289357,True,False,True
19障49,28.79460557013997,0,96,0.8768379873195737,True,False,True
21障44,28.745751719454667,0,99,0.9780116012410631,True,False,True
19障472,28.71023162767006,0,49,-0.708215297450425,True,False,True
27障427,28.595830240180792,0,78,0.26979630379063807,True,False,True
22障22,28.4601782139651,1,86,0.5395926075812761,True,False,True
26障388,28.2492859221767,0,92,0.7419398354242548,True,False,True
22障456,28.24383590354524,0,129,1.9897477404559558,True,False,True
25障126,28.051131836865032,0,99,0.9780116012410631,True,False,True
30障32,27.55192898823698,0,27,-1.4501551328746798,True,False,True
27障3,27.507485769197626,0,133,2.1246458923512748,True,False,True
29障398,27.448099271981377,0,183,3.810872791042763,True,True,True
19障178,27.38663768984911,1,82,0.40469445568595713,True,False,True
2019障37,27.32496948264315,0,69,-0.03372453797382976,True,False,True
26障30,27.213577589040007,0,42,-0.9442870632672333,True,False,True
27障406,27.204738657184443,0,41,-0.9780116012410631,True,False,True
25障370,26.927366989215976,1,40,-1.011736139214893,True,False,True
2021障6,26.79535971960284,0,58,-0.40469445568595713,True,False,True
29障385,26.761578448959607,0,82,0.40469445568595713,True,False,True
28障38,26.680489921530814,0,73,0.10117361392148928,True,False,True
20障34,26.64576669360817,0,105,1.1803588290840417,True,False,True
21障420,26.411944688101176,0,86,0.5395926075812761,True,False,True
25障377,26.244178538115634,0,31,-1.3152569809793606,True,False,True
27障125,26.221134828647273,0,167,3.271280183461487,True,False,True
25障30,26.109362183131182,0,64,-0.20234722784297857,True,False,True
17障47,26.044296872923518,1,64,-0.20234722784297857,True,False,True
30障400,26.040447458639196,0,59,-0.3709699177121274,True,False,True
2019障186,26.037411296373783,1,91,0.708215297450425,True,False,True
2022障30,26.02258295277695,0,99,0.9780116012410631,True,False,True
24障409,26.013464270970225,1,57,-0.43841899365978687,True,False,True
24障408,25.99444431624126,0,60,-0.3372453797382976,True,False,True
25障375,25.992864109834727,0,164,3.1701065695399975,True,False,True
22障431,25.986198094636215,0,94,0.8093889113719143,True,False,True
2022障151,25.984070286335843,0,137,2.259544044246594,True,False,True
17障421,25.954884607510706,0,63,-0.23607176581680833,True,False,True
19障478,25.923937326208485,0,40,-1.011736139214893,True,False,True
22障21,25.916123074367064,0,89,0.6407662215027655,True,False,True
29障394,25.888246237718576,0,53,-0.5733171455551059,True,False,True
18障481,25.812847351298412,0,40,-1.011736139214893,True,False,True
17障255,25.803555090844537,0,92,0.7419398354242548,True,False,True
19障475,25.646276408079196,0,51,-0.6407662215027655,True,False,True
2019障354,25.5442073258921,0,79,0.30352084176446786,True,False,True
2019障218,25.535690168525676,0,119,1.6525023607176583,True,False,True
27障413,25.532863159366514,0,73,0.10117361392148928,True,False,True
18障138,25.45626784537751,1,51,-0.6407662215027655,True,False,True
22障35,25.446513494949013,0,39,-1.0454606771887227,True,False,True
18障54,25.4028056964165,0,67,-0.10117361392148928,True,False,True
22障36,25.353370163229776,0,55,-0.5058680696074465,True,False,True
21障39,25.312014854891,0,151,2.7316875758802106,True,False,True
17障437,25.263726315380193,0,65,-0.1686226898691488,True,False,True
27障16,25.208937292039348,0,57,-0.43841899365978687,True,False,True
22障125,25.206820902550824,1,103,1.112909753136382,True,False,True
20障464,25.20618832286801,0,49,-0.708215297450425,True,False,True
2019障340,25.182060415585067,0,54,-0.5395926075812761,True,False,True
17障439,25.125705017482815,0,78,0.26979630379063807,True,False,True
25障356,25.11061582675044,0,141,2.394442196141913,True,False,True
29障375,25.090011244565478,0,65,-0.1686226898691488,True,False,True
17障110,25.087861373819994,0,105,1.1803588290840417,True,False,True
17障422,25.074525884862616,0,53,-0.5733171455551059,True,False,True
2023障169,25.07361787507959,0,86,0.5395926075812761,True,False,True
19障477,25.04357860356039,0,57,-0.43841899365978687,True,False,True
22障442,25.030584210687895,0,58,-0.40469445568595713,True,False,True
2020障384,24.970897780725704,0,82,0.40469445568595713,True,False,True
22障417,24.955636954422175,0,56,-0.47214353163361666,True,False,True
19障481,24.950435271841158,0,71,0.03372453797382976,True,False,True
29障364,24.49820020981476,0,174,3.507351949278295,False,True,True
27障411,24.15882650816204,0,338,9.038176176986376,False,True,True
28障368,24.02500257930284,0,330,8.768379873195737,False,True,True
17障436,23.469717907882817,0,184,3.844597329016593,False,True,True
28障367,23.27211537413489,0,185,3.8783218669904227,False,True,True
2020障380,22.31241982371423,0,193,4.148118170781061,False,True,True
21障433,21.763978770473265,0,184,3.844597329016593,False,True,True
27障12,21.43109992385972,0,221,5.092405234048294,False,True,True
30障35,21.419039663785128,0,175,3.5410764872521248,False,True,True
17障9,20.375278632666273,0,188,3.9794954809119116,False,True,True
2021障18,20.250147184395107,0,189,4.013220018885741,False,True,True
24障393,19.86511898093903,0,178,3.642250101173614,False,True,True
27障410,19.80785254381558,0,206,4.5865371644408475,False,True,True
2020障152,19.5393856458741,0,219,5.024956158100634,False,True,True
23障367,19.53564634389917,0,193,4.148118170781061,False,True,True
27障69,19.509199350424012,0,196,4.2492917847025495,False,True,True
28障14,19.496691566766398,0,196,4.2492917847025495,False,True,True
30障96,19.40547288677365,0,221,5.092405234048294,False,True,True
28障222,19.384606793099962,0,176,3.5748010252259546,False,True,True
30障4,19.32359032267748,0,226,5.2610279239174425,False,True,True
24障404,19.078095330981604,0,212,4.788884392283826,False,True,True
2022障10,18.98774616907571,0,200,4.384189936597869,False,True,True
17障161,18.943908272530958,0,188,3.9794954809119116,False,True,True
23障202,18.915438156107754,0,177,3.6085255631997843,False,True,True
2022障17,18.86423495315823,0,177,3.6085255631997843,False,True,True
2020障180,18.728970257189605,0,189,4.013220018885741,False,True,True
25障20,18.587732363987524,0,175,3.5410764872521248,False,True,True
22障6,18.506033987432605,0,258,6.340213139079995,False,True,True
29障243,18.494817343692695,0,175,3.5410764872521248,False,True,True
2021障308,18.411597737498536,0,188,3.9794954809119116,False,True,True
29障241,18.305195595975512,0,219,5.024956158100634,False,True,True
29障31,18.18566747207643,0,255,6.239039525158506,False,True,True
25障115,18.172555573543132,0,207,4.620261702414678,False,True,True
28障24,18.090880459963984,0,248,6.002967759341698,False,True,True
2023障26,17.99426803705777,0,181,3.7434237150951035,False,True,True
26障346,17.877703723725535,0,186,3.9120464049642525,False,True,True
28障43,17.876175976558503,0,198,4.316740860650209,False,True,True
27障129,17.74014229402377,0,224,5.193578847969783,False,True,True
2021障93,17.692242361482844,0,184,3.844597329016593,False,True,True
28障234,17.57695854025899,0,240,5.73317145555106,False,True,True
25障357,17.53057242276747,0,226,5.2610279239174425,False,True,True
2023障182,17.529354147155033,0,189,4.013220018885741,False,True,True
27障133,17.492006095167802,0,183,3.810872791042763,False,True,True
27障224,17.470759241197758,0,177,3.6085255631997843,False,True,True
23障159,17.30033304829867,0,208,4.653986240388507,False,True,True
28障115,17.238071801791,0,184,3.844597329016593,False,True,True
24障358,17.133140402329257,0,177,3.6085255631997843,False,True,True
2021障117,17.11067425415871,0,176,3.5748010252259546,False,True,True
27障118,17.10466967766006,0,255,6.239039525158506,False,True,True
17障1,17.095700900761827,0,177,3.6085255631997843,False,True,True
24障247,16.91207872206973,0,219,5.024956158100634,False,True,True
2023障143,16.906288738206428,0,174,3.507351949278295,False,True,True
26障239,16.879589527567617,0,196,4.2492917847025495,False,True,True
26障77,16.723247153102854,0,180,3.7096991771212737,False,True,True
24障19,16.699616006580023,0,225,5.227303385943613,False,True,True
17障357,16.675512745909998,0,176,3.5748010252259546,False,True,True
29障113,16.590038303619995,0,177,3.6085255631997843,False,True,True
28障16,16.582654953760454,0,213,4.822608930257656,False,True,True
25障14,16.513236109578834,0,180,3.7096991771212737,False,True,True
2023障80,16.49588102143038,0,183,3.810872791042763,False,True,True
2023障127,16.492880071635874,0,194,4.181842708754891,False,True,True
25障132,16.382991122448,0,179,3.675974639147444,False,True,True
24障152,16.3304686938763,0,260,6.4076622150276545,False,True,True
2021障202,16.296250726533632,0,190,4.046944556859572,False,True,True
2021障194,16.05225506684026,0,327,8.667206259274248,False,True,True
2021障189,16.040469321720163,0,327,8.667206259274248,False,True,True
28障197,15.955314651892321,0,217,4.957507082152975,False,True,True
24障245,15.90008520577965,0,188,3.9794954809119116,False,True,True
2022障48,15.88404269095701,0,200,4.384189936597869,False,True,True
22障253,15.740421566620354,0,194,4.181842708754891,False,True,True
2019障194,15.662133068168144,0,193,4.148118170781061,False,True,True
28障180,15.64203183851241,0,322,8.498583569405099,False,True,True
23障98,15.634333603204963,0,188,3.9794954809119116,False,True,True
2019障67,15.629814777906622,0,188,3.9794954809119116,False,True,True
27障211,15.614801781847765,0,185,3.8783218669904227,False,True,True
22障287,15.588607175300067,0,201,4.417914474571699,False,True,True
24障360,15.451477246712164,0,226,5.2610279239174425,False,True,True
28障210,15.334757579999506,0,186,3.9120464049642525,False,True,True
2019障284,15.082268729322903,0,194,4.181842708754891,False,True,True
2021障147,14.830448291261938,0,197,4.28301632267638,False,True,True
24障49,14.730926025130817,0,179,3.675974639147444,False,True,True
26障272,14.659640671851177,0,204,4.519088088493188,False,True,True
28障311,14.637740994876445,0,241,5.766895993524889,False,True,True
24障281,14.637170529854405,0,181,3.7434237150951035,False,True,True
29障140,14.63296177797865,0,212,4.788884392283826,False,True,True
24障89,14.559806985931226,0,207,4.620261702414678,False,True,True
23障51,14.497771913959198,0,174,3.507351949278295,False,True,True
2021障260,14.442310257127346,0,266,6.610009442870633,False,True,True
2019障307,14.366980422885746,0,184,3.844597329016593,False,True,True
28障330,14.359514016059794,0,183,3.810872791042763,False,True,True
23障211,14.269772024483553,0,178,3.642250101173614,False,True,True
21障378,14.21863843336997,0,195,4.21556724672872,False,True,True
2023障245,14.189727892547687,0,195,4.21556724672872,False,True,True
28障108,14.141413497024862,0,234,5.530824227708081,False,True,True
25障337,14.123254507579349,0,177,3.6085255631997843,False,True,True
2023障48,14.106967388596182,0,195,4.21556724672872,False,True,True
2023障131,13.992434556738418,0,181,3.7434237150951035,False,True,True
17障386,13.923186432925705,0,320,8.43113449345744,False,True,True
28障48,13.903247912260545,0,180,3.7096991771212737,False,True,True
24障309,13.833376829207396,0,191,4.080669094833401,False,True,True
17障233,13.706969315045285,0,199,4.350465398624039,False,True,True
2022障162,13.706432099390193,0,183,3.810872791042763,False,True,True
27障355,13.631495764926212,0,184,3.844597329016593,False,True,True
28障305,13.445635971706787,0,311,8.127613651692972,False,True,True
27障387,13.375056190899356,0,210,4.721435316336167,False,True,True
2019障128,12.64159547037887,0,236,5.59827330365574,False,True,True
2021障232,12.486503491085111,0,196,4.2492917847025495,False,True,True
27障142,12.469890214539975,0,219,5.024956158100634,False,True,True
20障315,12.115907208627771,0,186,3.9120464049642525,False,True,True
2023障120,12.002104821023138,0,192,4.114393632807231,False,True,True
22障200,11.945659435410414,0,208,4.653986240388507,False,True,True
29障156,11.840734829017881,0,197,4.28301632267638,False,True,True
30障154,11.828250272355637,0,177,3.6085255631997843,False,True,True
2021障245,11.774375652463418,0,202,4.451639012545528,False,True,True
26障302,11.437119389245023,0,194,4.181842708754891,False,True,True
20障318,11.403779370006077,0,207,4.620261702414678,False,True,True
27障323,11.384726455184078,0,199,4.350465398624039,False,True,True
20障459,24.897180080945706,0,52,-0.6070416835289357,False,False,False
23障355,24.861335144843817,1,65,-0.1686226898691488,False,False,False
25障376,24.82279285718447,0,59,-0.3709699177121274,False,False,False
19障483,24.8164177393779,0,57,-0.43841899365978687,False,False,False
18障474,24.73451188886626,0,41,-0.9780116012410631,False,False,False
24障403,24.714629539952973,0,110,1.3489815189531904,False,False,False
2022障1,24.684561287426632,0,103,1.112909753136382,False,False,False
30障34,24.67687107258625,0,62,-0.26979630379063807,False,False,False
2019障357,24.580990810882255,0,62,-0.26979630379063807,False,False,False
23障378,24.5670318297796,0,43,-0.9105625252934035,False,False,False
2019障7,24.54824530659429,0,93,0.7756643733980845,False,False,False
22障429,24.53846592385667,0,92,0.7419398354242548,False,False,False
20障9,24.520794351784218,0,57,-0.43841899365978687,False,False,False
29障378,24.517649664694396,0,123,1.7874005126129773,False,False,False
17障419,24.50715243673116,0,79,0.30352084176446786,False,False,False
2023障291,24.506204025668406,1,120,1.6862268986914881,False,False,False
28障388,24.496018388245314,0,92,0.7419398354242548,False,False,False
2023障175,24.472502550659225,0,139,2.3269931201942535,False,False,False
26障389,24.462825086662306,0,37,-1.112909753136382,False,False,False
30障357,24.459233615101965,1,110,1.3489815189531904,False,False,False
21障153,24.456473563743486,1,45,-0.8431134493457441,False,False,False
20障445,24.434102202340508,0,35,-1.1803588290840417,False,False,False
2022障242,24.429179857226572,0,111,1.3827060569270202,False,False,False
2019障39,24.426532050597196,0,61,-0.30352084176446786,False,False,False
21障456,24.37210415082007,0,110,1.3489815189531904,False,False,False
30障132,24.3593490686481,0,56,-0.47214353163361666,False,False,False
22障419,24.339292820612847,0,47,-0.7756643733980845,False,False,False
22障444,24.338102267505388,0,63,-0.23607176581680833,False,False,False
19障470,24.322471961615708,0,17,-1.7874005126129773,False,False,False
2022障251,24.318938320576642,0,67,-0.10117361392148928,False,False,False
2023障283,24.30246255231309,0,130,2.023472278429786,False,False,False
25障351,24.29674275605863,0,40,-1.011736139214893,False,False,False
19障463,24.277032052185117,0,59,-0.3709699177121274,False,False,False
2020障368,24.263104396909803,0,110,1.3489815189531904,False,False,False
2019障356,24.238046059755426,0,27,-1.4501551328746798,False,False,False
30障383,24.2373672466953,1,125,1.8548495885606369,False,False,False
29障393,24.23225912811857,0,51,-0.6407662215027655,False,False,False
28障381,24.215817899574066,0,64,-0.20234722784297857,False,False,False
25障368,24.213151027003843,0,60,-0.3372453797382976,False,False,False
25障2,24.2080747646865,0,51,-0.6407662215027655,False,False,False
27障36,24.180731658009755,0,41,-0.9780116012410631,False,False,False
22障460,24.178305282153946,0,84,0.47214353163361666,False,False,False
2023障308,24.17467317052195,0,111,1.3827060569270202,False,False,False
2022障29,24.173992992087488,0,75,0.1686226898691488,False,False,False
30障376,24.17023151376773,0,59,-0.3709699177121274,False,False,False
27障414,24.170195718538235,1,88,0.6070416835289357,False,False,False
2022障19,24.145624285968864,1,114,1.4838796708485096,False,False,False
25障359,24.140818896511288,0,76,0.20234722784297857,False,False,False
2023障22,24.104646575839958,0,109,1.3152569809793606,False,False,False
2022障232,24.103266937837617,0,95,0.8431134493457441,False,False,False
25障31,24.098327431668608,0,83,0.43841899365978687,False,False,False
2023障306,24.077529040125484,0,92,0.7419398354242548,False,False,False
25障361,24.04331862700779,0,107,1.2478079050317012,False,False,False
18障484,24.009767139354516,1,109,1.3152569809793606,False,False,False
23障376,23.99965838164815,0,69,-0.03372453797382976,False,False,False
2023障287,23.996326619156985,0,46,-0.8093889113719143,False,False,False
21障459,23.987840747597538,0,71,0.03372453797382976,False,False,False
23障350,23.982097483187445,0,49,-0.708215297450425,False,False,False
21障435,23.955288975439647,0,146,2.563064886011062,False,False,False
23障236,23.95033879676428,0,63,-0.23607176581680833,False,False,False
2023障301,23.948180979125944,0,78,0.26979630379063807,False,False,False
22障37,23.943348559340347,0,112,1.41643059490085,False,False,False
2021障318,23.943245179987855,0,97,0.9105625252934035,False,False,False
19障9,23.93965599131031,0,80,0.3372453797382976,False,False,False
26障390,23.93302199655176,0,49,-0.708215297450425,False,False,False
30障131,23.919990482091983,0,71,0.03372453797382976,False,False,False
20障444,23.918141542417683,0,43,-0.9105625252934035,False,False,False
2020障382,23.913438632986768,0,62,-0.26979630379063807,False,False,False
29障367,23.90403282983679,1,105,1.1803588290840417,False,False,False
22障421,23.89194886906084,0,66,-0.13489815189531904,False,False,False
20障16,23.873082054988622,0,104,1.1466342911102119,False,False,False
2020障393,23.85147056249334,0,72,0.06744907594765952,False,False,False
17障162,23.837209824611847,0,62,-0.26979630379063807,False,False,False
2020障241,23.82618522830249,0,87,0.5733171455551059,False,False,False
2023障274,23.817695546540804,0,111,1.3827060569270202,False,False,False
23障380,23.813650315352156,0,82,0.40469445568595713,False,False,False
18障50,23.811962015101575,0,80,0.3372453797382976,False,False,False
17障398,23.780651096108013,0,52,-0.6070416835289357,False,False,False
27障412,23.755300542332417,0,59,-0.3709699177121274,False,False,False
22障463,23.75416430000692,0,35,-1.1803588290840417,False,False,False
2021障34,23.7261619777725,0,99,0.9780116012410631,False,False,False
21障440,23.715136977714884,0,73,0.10117361392148928,False,False,False
28障37,23.71120281387021,0,47,-0.7756643733980845,False,False,False
22障457,23.703263764529193,0,62,-0.26979630379063807,False,False,False
27障221,23.703161242586322,0,78,0.26979630379063807,False,False,False
17障35,23.700131876300865,0,45,-0.8431134493457441,False,False,False
24障411,23.696093088621637,0,76,0.20234722784297857,False,False,False
20障463,23.69176477758979,0,46,-0.8093889113719143,False,False,False
27障8,23.687156949485125,0,80,0.3372453797382976,False,False,False
25障13,23.681970535008652,0,55,-0.5058680696074465,False,False,False
23障11,23.679342412602388,0,63,-0.23607176581680833,False,False,False
17障48,23.677658536608472,0,54,-0.5395926075812761,False,False,False
17障432,23.67215108914173,0,42,-0.9442870632672333,False,False,False
17障435,23.671950277403685,0,51,-0.6407662215027655,False,False,False
19障492,23.66717635617955,0,72,0.06744907594765952,False,False,False
22障292,23.65366558250285,0,88,0.6070416835289357,False,False,False
18障473,23.62632736251365,0,107,1.2478079050317012,False,False,False
27障23,23.625765986200058,0,79,0.30352084176446786,False,False,False
26障386,23.62218377054726,0,97,0.9105625252934035,False,False,False
22障458,23.610321244548008,0,54,-0.5395926075812761,False,False,False
23障329,23.60172111707266,1,88,0.6070416835289357,False,False,False
25障29,23.60117873612724,0,160,3.0352084176446787,False,False,False
29障11,23.593725583345616,0,173,3.4736274113044656,False,False,False
21障50,23.577530896560297,0,104,1.1466342911102119,False,False,False
18障329,23.563122372366603,0,75,0.1686226898691488,False,False,False
2019障360,23.558101869469606,0,38,-1.0791852151625523,False,False,False
29障397,23.556922037734864,0,40,-1.011736139214893,False,False,False
2022障37,23.536716808151592,0,96,0.8768379873195737,False,False,False
22障435,23.535952303107855,0,121,1.719951436665318,False,False,False
2019障35,23.5319305607186,0,54,-0.5395926075812761,False,False,False
30障33,23.49866653895583,0,74,0.13489815189531904,False,False,False
2023障307,23.495922468181156,0,65,-0.1686226898691488,False,False,False
30障395,23.493258348452414,0,57,-0.43841899365978687,False,False,False
20障457,23.48819278813643,0,65,-0.1686226898691488,False,False,False
17障399,23.486503117174742,0,111,1.3827060569270202,False,False,False
26障36,23.483887944859717,0,91,0.708215297450425,False,False,False
28障36,23.461768448446872,0,125,1.8548495885606369,False,False,False
2021障32,23.446551208128973,0,85,0.5058680696074465,False,False,False
20障454,23.445329588250733,0,69,-0.03372453797382976,False,False,False
20障15,23.438140183042698,0,99,0.9780116012410631,False,False,False
30障18,23.423377673588988,0,61,-0.30352084176446786,False,False,False
21障157,23.419478801161382,0,128,1.9560232024821262,False,False,False
22障464,23.407888063289086,0,76,0.20234722784297857,False,False,False
18障501,23.40369352443632,0,83,0.43841899365978687,False,False,False
28障372,23.392434982863325,0,81,0.3709699177121274,False,False,False
20障404,23.377885878453302,0,93,0.7756643733980845,False,False,False
23障359,23.37457518778471,0,28,-1.41643059490085,False,False,False
19障135,23.37277424689093,1,39,-1.0454606771887227,False,False,False
23障372,23.362332470711625,0,157,2.9340348037231894,False,False,False
27障397,23.352138464131635,0,44,-0.8768379873195737,False,False,False
21障438,23.347815972315118,0,94,0.8093889113719143,False,False,False
18障461,23.321258660226913,0,62,-0.26979630379063807,False,False,False
2022障150,23.30736145735482,0,129,1.9897477404559558,False,False,False
27障418,23.28733223238285,0,61,-0.30352084176446786,False,False,False
2019障361,23.27562738836397,0,59,-0.3709699177121274,False,False,False
18障36,23.272782294818416,0,135,2.1920949682989344,False,False,False
24障383,23.26440025624115,0,60,-0.3372453797382976,False,False,False
22障170,23.26340764235831,0,122,1.7536759746391475,False,False,False
17障297,23.257763101256828,0,57,-0.43841899365978687,False,False,False
27障405,23.233949033090493,0,106,1.2140833670578715,False,False,False
28障371,23.230995645367962,0,52,-0.6070416835289357,False,False,False
20障297,23.2291085707557,0,42,-0.9442870632672333,False,False,False
24障4,23.216003118061415,0,116,1.551328746796169,False,False,False
19障467,23.214963958738977,0,144,2.4956158100634025,False,False,False
2023障300,23.20984435305246,0,63,-0.23607176581680833,False,False,False
18障447,23.18989838887521,0,51,-0.6407662215027655,False,False,False
17障256,23.186517445298623,0,91,0.708215297450425,False,False,False
25障131,23.185907212310216,0,136,2.225819506272764,False,False,False
28障39,23.184053832029484,0,113,1.4501551328746798,False,False,False
21障42,23.175395501372712,0,62,-0.26979630379063807,False,False,False
2019障345,23.16794166468392,0,116,1.551328746796169,False,False,False
17障45,23.156768939168572,0,41,-0.9780116012410631,False,False,False
26障381,23.15362530833963,0,53,-0.5733171455551059,False,False,False
26障387,23.15110726914174,0,79,0.30352084176446786,False,False,False
23障368,23.142662649780842,0,30,-1.3489815189531904,False,False,False
17障417,23.134299796095817,0,57,-0.43841899365978687,False,False,False
17障42,23.133492918183816,0,96,0.8768379873195737,False,False,False
21障261,23.133289804287557,0,93,0.7756643733980845,False,False,False
19障51,23.12460003716759,0,81,0.3709699177121274,False,False,False
27障254,23.120579375415137,0,128,1.9560232024821262,False,False,False
19障451,23.114674297833147,0,101,1.0454606771887227,False,False,False
25障18,23.107634173654198,0,83,0.43841899365978687,False,False,False
24障406,23.10246860102201,0,32,-1.281532443005531,False,False,False
30障389,23.10074676716503,0,37,-1.112909753136382,False,False,False
26障401,23.085968173068913,0,72,0.06744907594765952,False,False,False
24障120,23.07852896466144,0,53,-0.5733171455551059,False,False,False
19障10,23.07718543908122,0,36,-1.1466342911102119,False,False,False
29障130,23.05992822619719,0,42,-0.9442870632672333,False,False,False
20障439,23.050588443505546,0,39,-1.0454606771887227,False,False,False
2019障120,23.045580159061217,0,87,0.5733171455551059,False,False,False
2022障143,23.037291876672285,0,150,2.697963037906381,False,False,False
22障441,23.035739905957374,0,54,-0.5395926075812761,False,False,False
20障36,23.0339907265726,0,69,-0.03372453797382976,False,False,False
22障418,23.023762525388683,0,79,0.30352084176446786,False,False,False
19障495,23.017432225058105,0,94,0.8093889113719143,False,False,False
23障84,23.009493583619257,0,19,-1.719951436665318,False,False,False
2023障59,23.00240985396599,0,99,0.9780116012410631,False,False,False
28障385,23.000561319713654,0,35,-1.1803588290840417,False,False,False
20障35,22.9828115939524,0,62,-0.26979630379063807,False,False,False
19障144,22.981675484780286,0,42,-0.9442870632672333,False,False,False
22障434,22.97473255784935,0,55,-0.5058680696074465,False,False,False
2019障92,22.964746792761876,0,62,-0.26979630379063807,False,False,False
28障191,22.963024867352058,0,56,-0.47214353163361666,False,False,False
21障437,22.96211804002456,0,77,0.23607176581680833,False,False,False
26障236,22.94018887141162,0,96,0.8768379873195737,False,False,False
30障250,22.920400580857468,0,34,-1.2140833670578715,False,False,False
21障280,22.913689278739273,0,74,0.13489815189531904,False,False,False
2021障80,22.891149430196773,0,67,-0.10117361392148928,False,False,False
2022障255,22.888883625466395,0,80,0.3372453797382976,False,False,False
27障14,22.888554004551647,0,89,0.6407662215027655,False,False,False
2021障204,22.88021118280471,0,59,-0.3709699177121274,False,False,False
18障19,22.876379908651668,0,56,-0.47214353163361666,False,False,False
27障404,22.874164944007894,0,118,1.6187778227438285,False,False,False
19障482,22.87050759032259,0,42,-0.9442870632672333,False,False,False
17障112,22.86779354567079,0,104,1.1466342911102119,False,False,False
17障416,22.85577362103647,0,43,-0.9105625252934035,False,False,False
24障154,22.848786407075067,0,107,1.2478079050317012,False,False,False
27障246,22.848008209521655,0,51,-0.6407662215027655,False,False,False
2022障238,22.829579376645416,0,83,0.43841899365978687,False,False,False
2022障239,22.829579376645416,0,88,0.6070416835289357,False,False,False
26障1,22.828369595227464,0,47,-0.7756643733980845,False,False,False
29障384,22.826324711996833,0,106,1.2140833670578715,False,False,False
17障114,22.825829346571755,0,44,-0.8768379873195737,False,False,False
20障116,22.8102555531586,0,27,-1.4501551328746798,False,False,False
2023障288,22.808755235911594,0,83,0.43841899365978687,False,False,False
22障120,22.805963701077058,0,41,-0.9780116012410631,False,False,False
27障82,22.793041536922974,0,97,0.9105625252934035,False,False,False
23障99,22.78716672864695,0,81,0.3709699177121274,False,False,False
18障431,22.78020987948537,1,94,0.8093889113719143,False,False,False
29障381,22.771012596000542,0,63,-0.23607176581680833,False,False,False
17障217,22.760845390866297,0,50,-0.6744907594765952,False,False,False
17障430,22.758501404292446,0,73,0.10117361392148928,False,False,False
17障11,22.757585338195092,0,53,-0.5733171455551059,False,False,False
18障331,22.744593126140344,0,61,-0.30352084176446786,False,False,False
22障34,22.744494391251767,0,45,-0.8431134493457441,False,False,False
19障137,22.74370293264933,0,49,-0.708215297450425,False,False,False
28障92,22.743549412802547,0,29,-1.3827060569270202,False,False,False
25障94,22.722419300606358,0,37,-1.112909753136382,False,False,False
26障213,22.71749682933323,0,15,-1.8548495885606369,False,False,False
30障94,22.70561819047914,0,89,0.6407662215027655,False,False,False
22障461,22.69647074796067,0,36,-1.1466342911102119,False,False,False
23障352,22.69134626953839,0,70,0.0,False,False,False
26障93,22.690839596383018,0,137,2.259544044246594,False,False,False
25障373,22.683265924434835,0,52,-0.6070416835289357,False,False,False
29障90,22.67613854804235,0,102,1.0791852151625523,False,False,False
19障468,22.665175718948497,0,79,0.30352084176446786,False,False,False
26障95,22.64887539728399,0,118,1.6187778227438285,False,False,False
22障392,22.64466399943238,1,81,0.3709699177121274,False,False,False
24障121,22.643997338830555,0,53,-0.5733171455551059,False,False,False
24障122,22.643997338830555,0,50,-0.6744907594765952,False,False,False
2021障30,22.62430767844104,0,117,1.5850532847699987,False,False,False
28障41,22.622948076429957,0,128,1.9560232024821262,False,False,False
22障422,22.616307394514937,0,55,-0.5058680696074465,False,False,False
26障382,22.6149141267991,0,81,0.3709699177121274,False,False,False
26障405,22.6109709993757,0,59,-0.3709699177121274,False,False,False
26障94,22.597696264663785,0,86,0.5395926075812761,False,False,False
24障397,22.580891797001364,0,74,0.13489815189531904,False,False,False
26障37,22.570238260010427,0,52,-0.6070416835289357,False,False,False
21障255,22.565109553443968,0,118,1.6187778227438285,False,False,False
21障257,22.565109553443968,0,140,2.3607176581680833,False,False,False
2019障221,22.56309345722892,0,61,-0.30352084176446786,False,False,False
20障124,22.562517346838465,0,11,-1.9897477404559558,False,False,False
22障129,22.558225494756922,0,56,-0.47214353163361666,False,False,False
22障130,22.558225494756922,0,12,-1.9560232024821262,False,False,False
2023障297,22.548251517168378,0,71,0.03372453797382976,False,False,False
28障120,22.542452619751913,0,58,-0.40469445568595713,False,False,False
21障38,22.521040889909237,0,84,0.47214353163361666,False,False,False
2020障7,22.515246617250888,1,63,-0.23607176581680833,False,False,False
28障369,22.512763025359252,0,128,1.9560232024821262,False,False,False
29障376,22.50475377138992,0,107,1.2478079050317012,False,False,False
21障421,22.496418590578855,0,58,-0.40469445568595713,False,False,False
28障377,22.48928308471891,0,132,2.0909213543774454,False,False,False
20障429,22.48782530499495,0,71,0.03372453797382976,False,False,False
20障430,22.48782530499495,0,54,-0.5395926075812761,False,False,False
2022障58,22.48181521219713,0,93,0.7756643733980845,False,False,False
21障118,22.47368436662035,0,91,0.708215297450425,False,False,False
2021障298,22.469723341196865,0,132,2.0909213543774454,False,False,False
20障126,22.469374015119232,0,52,-0.6070416835289357,False,False,False
22障46,22.454936827765422,0,95,0.8431134493457441,False,False,False
2022障124,22.440755022742366,0,95,0.8431134493457441,False,False,False
22障43,22.43762415838433,0,139,2.3269931201942535,False,False,False
19障450,22.425555618568463,0,104,1.1466342911102119,False,False,False
2019障342,22.404910155782275,0,138,2.2932685822204237,False,False,False
19障145,22.402821394609962,0,80,0.3372453797382976,False,False,False
17障108,22.398252571244274,0,89,0.6407662215027655,False,False,False
28障190,22.39636183390123,0,75,0.1686226898691488,False,False,False
17障25,22.39395636970647,0,89,0.6407662215027655,False,False,False
22障440,22.38521356603037,0,76,0.20234722784297857,False,False,False
18障486,22.37683300006253,0,57,-0.43841899365978687,False,False,False
17障296,22.372996878418597,0,70,0.0,False,False,False
2022障3,22.37160700472144,0,126,1.8885741265344667,False,False,False
2022障241,22.362488700061125,0,85,0.5058680696074465,False,False,False
30障390,22.358409342414316,0,39,-1.0454606771887227,False,False,False
2023障282,22.345897331842043,0,117,1.5850532847699987,False,False,False
2019障219,22.334022413180847,0,146,2.563064886011062,False,False,False
24障394,22.333514101448536,0,123,1.7874005126129773,False,False,False
2019障51,22.330945436909076,0,94,0.8093889113719143,False,False,False
26障216,22.3293373624048,0,86,0.5395926075812761,False,False,False
26障217,22.3293373624048,0,47,-0.7756643733980845,False,False,False
21障292,22.319769237407534,0,101,1.0454606771887227,False,False,False
22障224,22.31400100098992,0,71,0.03372453797382976,False,False,False
28障35,22.30832936994388,0,80,0.3372453797382976,False,False,False
24障155,22.308293346577063,0,58,-0.40469445568595713,False,False,False
18障177,22.307621041740546,0,62,-0.26979630379063807,False,False,False
21障48,22.306059449651876,0,56,-0.47214353163361666,False,False,False
2020障387,22.305166552374352,0,37,-1.112909753136382,False,False,False
27障29,22.300161211949664,0,55,-0.5058680696074465,False,False,False
26障403,22.298657410262642,0,55,-0.5058680696074465,False,False,False
21障432,22.29863223555266,0,76,0.20234722784297857,False,False,False
29障365,22.287909550298053,0,74,0.13489815189531904,False,False,False
22障420,22.271743280250618,0,128,1.9560232024821262,False,False,False
17障115,22.25916631312093,0,84,0.47214353163361666,False,False,False
18障3,22.2557639929002,0,34,-1.2140833670578715,False,False,False
2021障55,22.220517871760602,1,87,0.5733171455551059,False,False,False
20障287,22.211576409171798,0,51,-0.6407662215027655,False,False,False
22障39,22.207361335662842,0,119,1.6525023607176583,False,False,False
2020障38,22.20639284531732,0,58,-0.40469445568595713,False,False,False
22障467,22.177557693855537,0,80,0.3372453797382976,False,False,False
18障311,22.15467499660163,0,57,-0.43841899365978687,False,False,False
23障201,22.14976593962081,0,85,0.5058680696074465,False,False,False
25障358,22.132644155492873,0,165,3.2038311075138273,False,False,False
28障189,22.13155997512424,0,129,1.9897477404559558,False,False,False
18障495,22.13080923507353,0,83,0.43841899365978687,False,False,False
18障56,22.127153924044276,0,51,-0.6407662215027655,False,False,False
25障178,22.12356014793484,1,81,0.3709699177121274,False,False,False
2019障38,22.113577767892,0,78,0.26979630379063807,False,False,False
17障43,22.107658178740444,0,60,-0.3372453797382976,False,False,False
2019障343,22.10518150546857,0,72,0.06744907594765952,False,False,False
24障390,22.103012365071727,0,127,1.9222986645082965,False,False,False
20障435,22.099127058739523,0,111,1.3827060569270202,False,False,False
17障50,22.095703044111414,0,87,0.5733171455551059,False,False,False
2022障32,22.091368451374713,0,96,0.8768379873195737,False,False,False
21障11,22.085110135786948,0,93,0.7756643733980845,False,False,False
19障461,22.07763940948686,0,63,-0.23607176581680833,False,False,False
22障290,22.064957697103587,0,81,0.3709699177121274,False,False,False
18障176,22.06052084737629,0,75,0.1686226898691488,False,False,False
2020障378,22.05281373739309,0,98,0.9442870632672333,False,False,False
18障459,22.047824886295025,0,88,0.6070416835289357,False,False,False
18障460,22.047824886295025,0,55,-0.5058680696074465,False,False,False
20障86,22.04484644868282,1,61,-0.30352084176446786,False,False,False
2021障297,22.03975413290861,0,81,0.3709699177121274,False,False,False
21障36,22.038464323761684,0,96,0.8768379873195737,False,False,False
21障447,22.027720877483695,0,93,0.7756643733980845,False,False,False
24障114,22.020050059400436,0,53,-0.5733171455551059,False,False,False
21障422,22.018937635958086,0,121,1.719951436665318,False,False,False
2021障320,22.01695712397154,0,52,-0.6070416835289357,False,False,False
30障253,22.015768016426165,0,82,0.40469445568595713,False,False,False
18障145,22.00811495764113,0,45,-0.8431134493457441,False,False,False
25障92,22.005328689457006,0,65,-0.1686226898691488,False,False,False
18障327,21.98475028548502,0,48,-0.7419398354242548,False,False,False
24障400,21.978968600782164,0,127,1.9222986645082965,False,False,False
2021障79,21.977499745347483,0,65,-0.1686226898691488,False,False,False
2019障62,21.97691153999521,1,107,1.2478079050317012,False,False,False
2019障217,21.974238324098245,0,158,2.967759341697019,False,False,False
20障111,21.96606139461549,0,81,0.3709699177121274,False,False,False
21障119,21.95820046578973,0,77,0.23607176581680833,False,False,False
24障392,21.957409030347193,0,145,2.5293403480372323,False,False,False
2022障13,21.948702789493446,0,96,0.8768379873195737,False,False,False
24障13,21.93944211659995,0,76,0.20234722784297857,False,False,False
18障483,21.93891126228246,0,58,-0.40469445568595713,False,False,False
20障431,21.93395970922826,0,56,-0.47214353163361666,False,False,False
2019障358,21.932314819033977,0,83,0.43841899365978687,False,False,False
2021障81,21.926320612727284,0,46,-0.8093889113719143,False,False,False
22障69,21.92084791694336,0,65,-0.1686226898691488,False,False,False
21障385,21.91801295177885,0,78,0.26979630379063807,False,False,False
18障133,21.907908620763763,0,75,0.1686226898691488,False,False,False
18障134,21.907908620763763,0,44,-0.8768379873195737,False,False,False
2021障10,21.907906539380853,0,90,0.6744907594765952,False,False,False
21障112,21.900916219810437,0,98,0.9442870632672333,False,False,False
2019障99,21.896502233311683,0,74,0.13489815189531904,False,False,False
17障149,21.894394421445917,0,64,-0.20234722784297857,False,False,False
22障119,21.892369861672247,0,31,-1.3152569809793606,False,False,False
21障430,21.88889629517612,0,130,2.023472278429786,False,False,False
2020障1,21.88527303172809,0,35,-1.1803588290840417,False,False,False
2020障2,21.88527303172809,0,159,3.001483879670849,False,False,False
23障13,21.875447582507945,0,54,-0.5395926075812761,False,False,False
23障1,21.87431906937162,0,77,0.23607176581680833,False,False,False
18障35,21.87347769696251,0,73,0.10117361392148928,False,False,False
23障363,21.87215031028661,0,35,-1.1803588290840417,False,False,False
27障1,21.862326976317227,0,101,1.0454606771887227,False,False,False
17障113,21.861000529102267,0,50,-0.6744907594765952,False,False,False
23障225,21.856948843865766,0,86,0.5395926075812761,False,False,False
2019障93,21.85453803421265,0,55,-0.5058680696074465,False,False,False
26障376,21.853702966123354,0,32,-1.281532443005531,False,False,False
24障44,21.853200801074347,0,52,-0.6070416835289357,False,False,False
17障158,21.842774014505984,0,136,2.225819506272764,False,False,False
2020障379,21.837385644169366,0,96,0.8768379873195737,False,False,False
20障433,21.831861511430166,0,121,1.719951436665318,False,False,False
20障288,21.82769762906901,0,127,1.9222986645082965,False,False,False
21障83,21.821561158514836,0,126,1.8885741265344667,False,False,False
20障442,21.820611697959993,0,83,0.43841899365978687,False,False,False
30障375,21.81225869409194,0,51,-0.6407662215027655,False,False,False
18障136,21.812106604609202,0,44,-0.8768379873195737,False,False,False
18障135,21.812106604609202,0,72,0.06744907594765952,False,False,False
18障137,21.812106604609202,0,43,-0.9105625252934035,False,False,False
2023障285,21.809193723054566,0,115,1.5176042088223394,False,False,False
29障89,21.804453062292094,0,25,-1.5176042088223394,False,False,False
27障262,21.802533068259343,0,91,0.708215297450425,False,False,False
19障52,21.799390576060222,0,62,-0.26979630379063807,False,False,False
19障53,21.799390576060222,0,36,-1.1466342911102119,False,False,False
29障129,21.79846905853259,0,57,-0.43841899365978687,False,False,False
21障434,21.798414946614724,0,101,1.0454606771887227,False,False,False
26障375,21.797480099995823,0,71,0.03372453797382976,False,False,False
30障93,21.79196850562985,0,38,-1.0791852151625523,False,False,False
19障294,21.788993058345277,0,73,0.10117361392148928,False,False,False
27障263,21.785394775586138,0,75,0.1686226898691488,False,False,False
22障2,21.78210580875208,0,47,-0.7756643733980845,False,False,False
29障1,21.77948730659368,0,76,0.20234722784297857,False,False,False
2020障35,21.775912025977252,0,56,-0.47214353163361666,False,False,False
24障119,21.7723118530803,0,34,-1.2140833670578715,False,False,False
26障51,21.765779946117675,0,79,0.30352084176446786,False,False,False
2020障342,21.758817206629665,1,156,2.9003102657493596,False,False,False
2019障351,21.75829546469963,0,77,0.23607176581680833,False,False,False
25障93,21.75759048313687,0,51,-0.6407662215027655,False,False,False
23障87,21.754962360730598,0,73,0.10117361392148928,False,False,False
25障129,21.749767580790987,0,65,-0.1686226898691488,False,False,False
24障3,21.747346097381882,0,18,-1.7536759746391475,False,False,False
19障462,21.738395210415934,0,84,0.47214353163361666,False,False,False
19障138,21.73690991608081,0,23,-1.5850532847699987,False,False,False
27障407,21.73273347440982,0,108,1.281532443005531,False,False,False
28障375,21.732410677172677,0,32,-1.281532443005531,False,False,False
22障428,21.7295786398207,0,96,0.8768379873195737,False,False,False
21障158,21.72853463589879,0,95,0.8431134493457441,False,False,False
25障379,21.727734450957165,0,36,-1.1466342911102119,False,False,False
27障85,21.72479697747279,0,68,-0.06744907594765952,False,False,False
27障415,21.72229015699781,0,48,-0.7419398354242548,False,False,False
28障387,21.70690036405432,0,41,-0.9780116012410631,False,False,False
29障131,21.70348682822698,0,120,1.6862268986914881,False,False,False
25障125,21.680336773458293,0,43,-0.9105625252934035,False,False,False
21障431,21.673468201952392,0,150,2.697963037906381,False,False,False
20障428,21.66915785045127,0,50,-0.6744907594765952,False,False,False
17障124,21.66444145540233,0,53,-0.5733171455551059,False,False,False
21障47,21.66317371638048,0,76,0.20234722784297857,False,False,False
2019障91,21.6585855266252,0,53,-0.5733171455551059,False,False,False
21障117,21.6531780134903,0,60,-0.3372453797382976,False,False,False
2020障115,21.646698414309462,0,108,1.281532443005531,False,False,False
26障384,21.64606314100778,0,148,2.6305139619587212,False,False,False
22障128,21.64457580990764,0,102,1.0791852151625523,False,False,False
27障86,21.63165364575355,0,74,0.13489815189531904,False,False,False
2022障83,21.63084161606661,0,101,1.0454606771887227,False,False,False
20障42,21.618671033413158,0,51,-0.6407662215027655,False,False,False
24障40,21.616190157290998,0,73,0.10117361392148928,False,False,False
25障91,21.61281710816962,0,81,0.3709699177121274,False,False,False
26障408,21.603011415014592,0,50,-0.6744907594765952,False,False,False
2020障27,21.600987819162974,0,94,0.8093889113719143,False,False,False
19障143,21.582315041479905,0,116,1.551328746796169,False,False,False
18障144,21.564368398289066,0,38,-1.0791852151625523,False,False,False
18障143,21.564368398289066,0,40,-1.011736139214893,False,False,False
29障383,21.56000538501346,0,74,0.13489815189531904,False,False,False
18障179,21.55838439452956,0,47,-0.7756643733980845,False,False,False
20障125,21.555724330269943,0,28,-1.41643059490085,False,False,False
2020障116,21.55171618400386,0,85,0.5058680696074465,False,False,False
22障131,21.5514324781884,0,107,1.2478079050317012,False,False,False
27障428,21.550618480953645,0,44,-0.8768379873195737,False,False,False
2020障117,21.532667989033165,0,88,0.6070416835289357,False,False,False
20障4,21.52159580205663,0,81,0.3709699177121274,False,False,False
22障38,21.520915450376044,0,97,0.9105625252934035,False,False,False
20障108,21.520208225602037,0,114,1.4838796708485096,False,False,False
20障80,21.51655849782592,1,76,0.20234722784297857,False,False,False
27障70,21.513871870642355,0,106,1.2140833670578715,False,False,False
21障289,21.511436248319004,0,62,-0.26979630379063807,False,False,False
20障39,21.506159107486894,0,53,-0.5733171455551059,False,False,False
18障45,21.503378606541688,0,80,0.3372453797382976,False,False,False
25障35,21.49986965576202,0,103,1.112909753136382,False,False,False
2020障15,21.49925753348583,0,147,2.5967894239848914,False,False,False
17障17,21.49090713119569,1,82,0.40469445568595713,False,False,False
17障30,21.490298017957066,0,149,2.664238499932551,False,False,False
26障249,21.489835849065337,0,62,-0.26979630379063807,False,False,False
26障248,21.489835849065337,0,67,-0.10117361392148928,False,False,False
21障445,21.478999516971157,0,53,-0.5733171455551059,False,False,False
29障392,21.478622700633807,0,36,-1.1466342911102119,False,False,False
17障41,21.47375173851118,0,70,0.0,False,False,False
22障24,21.453886093016486,0,110,1.3489815189531904,False,False,False
29障237,21.453512124625426,0,68,-0.06744907594765952,False,False,False
26障399,21.453218408173424,0,50,-0.6744907594765952,False,False,False
19障471,21.44681536710363,0,106,1.2140833670578715,False,False,False
30障388,21.44475965756503,0,69,-0.03372453797382976,False,False,False
24障34,21.434026402707893,0,62,-0.26979630379063807,False,False,False
18障78,21.431478051494963,1,65,-0.1686226898691488,False,False,False
21障2,21.430923923252145,0,60,-0.3372453797382976,False,False,False
2022障16,21.429589063295076,0,136,2.225819506272764,False,False,False
24障402,21.425103005015476,0,74,0.13489815189531904,False,False,False
21障111,21.415261306803817,0,50,-0.6744907594765952,False,False,False
2023障292,21.409450638055688,0,48,-0.7419398354242548,False,False,False
2020障36,21.40354416670898,0,77,0.23607176581680833,False,False,False
28障32,21.393289587119618,0,163,3.1363820315661677,False,False,False
22障259,21.39086686041782,0,62,-0.26979630379063807,False,False,False
2022障61,21.38863800378778,0,89,0.6407662215027655,False,False,False
17障116,21.387480827370673,0,84,0.47214353163361666,False,False,False
2021障299,21.38526035594492,0,49,-0.708215297450425,False,False,False
17障425,21.382434151141055,0,119,1.6525023607176583,False,False,False
27障247,21.37385603980612,0,114,1.4838796708485096,False,False,False
23障77,21.37113956179448,0,48,-0.7419398354242548,False,False,False
25障72,21.37101695721129,0,93,0.7756643733980845,False,False,False
24障225,21.365846927575955,0,110,1.3489815189531904,False,False,False
21障22,21.35948095987723,0,34,-1.2140833670578715,False,False,False
27障32,21.349910686750636,0,115,1.5176042088223394,False,False,False
26障379,21.349271765662092,0,97,0.9105625252934035,False,False,False
18障39,21.348260761744772,0,50,-0.6744907594765952,False,False,False
23障83,21.345387126986356,0,38,-1.0791852151625523,False,False,False
28障91,21.327181162489783,0,48,-0.7419398354242548,False,False,False
30障29,21.323938883188465,0,64,-0.20234722784297857,False,False,False
21障294,21.32311192851993,0,86,0.5395926075812761,False,False,False
2023障139,21.32138557666205,0,98,0.9442870632672333,False,False,False
18障47,21.319895591398197,0,35,-1.1803588290840417,False,False,False
2022障74,21.319102640762065,1,104,1.1466342911102119,False,False,False
2023障63,21.31034851281935,0,54,-0.5395926075812761,False,False,False
18障312,21.30840969092801,0,56,-0.47214353163361666,False,False,False
20障286,21.297926724322508,0,29,-1.3827060569270202,False,False,False
21障113,21.29228898726058,0,99,0.9780116012410631,False,False,False
26障92,21.291534998527116,0,159,3.001483879670849,False,False,False
26障91,21.291534998527116,0,62,-0.26979630379063807,False,False,False
27障73,21.289695039729114,0,108,1.281532443005531,False,False,False
22障124,21.28484756626951,0,51,-0.6407662215027655,False,False,False
2019障40,21.27900660635321,0,59,-0.3709699177121274,False,False,False
2023障176,21.275644930745656,0,37,-1.112909753136382,False,False,False
2021障83,21.269007172662906,0,45,-0.8431134493457441,False,False,False
2021障84,21.269007172662906,0,58,-0.40469445568595713,False,False,False
21障33,21.26774700527686,0,85,0.5058680696074465,False,False,False
29障132,21.257529396326106,0,52,-0.6070416835289357,False,False,False
30障382,21.256880372601024,0,38,-1.0791852151625523,False,False,False
19障21,21.2466537887678,0,84,0.47214353163361666,False,False,False
20障163,21.24038754664509,0,17,-1.7874005126129773,False,False,False
25障363,21.238723108014288,0,62,-0.26979630379063807,False,False,False
2021障282,21.233237692560817,0,54,-0.5395926075812761,False,False,False
18障240,21.22723871322571,0,57,-0.43841899365978687,False,False,False
27障62,21.225248311000783,0,73,0.10117361392148928,False,False,False
17障154,21.219580616535392,0,78,0.26979630379063807,False,False,False
2019障36,21.218199863458615,0,62,-0.26979630379063807,False,False,False
2023障62,21.215366282513738,0,62,-0.26979630379063807,False,False,False
2021障19,21.2149760018646,0,94,0.8093889113719143,False,False,False
18障55,21.213504239194986,0,64,-0.20234722784297857,False,False,False
20障27,21.212257521155536,0,90,0.6744907594765952,False,False,False
26障238,21.21169670159521,0,44,-0.8768379873195737,False,False,False
20障405,21.20877088409608,0,89,0.6407662215027655,False,False,False
2023障255,21.208483543981025,0,86,0.5395926075812761,False,False,False
29障13,21.20700963193405,0,62,-0.26979630379063807,False,False,False
18障140,21.204640154650942,0,48,-0.7419398354242548,False,False,False
17障111,21.20368708903789,0,37,-1.112909753136382,False,False,False
30障85,21.19426770986077,0,24,-1.551328746796169,False,False,False
18障32,21.191159718830875,0,56,-0.47214353163361666,False,False,False
2021障33,21.182889026901346,0,66,-0.13489815189531904,False,False,False
2023障137,21.182691908120887,1,109,1.3152569809793606,False,False,False
2021障82,21.174024942357303,0,66,-0.13489815189531904,False,False,False
27障425,21.172222477980714,0,14,-1.8885741265344667,False,False,False
2020障392,21.171377624495967,0,50,-0.6744907594765952,False,False,False
2019障347,21.17072381007251,0,88,0.6070416835289357,False,False,False
27障5,21.165465589552106,0,72,0.06744907594765952,False,False,False
19障48,21.165464551658726,0,28,-1.41643059490085,False,False,False
20障113,21.163228294435985,0,57,-0.43841899365978687,False,False,False
20障122,21.163212748982563,0,31,-1.3152569809793606,False,False,False
29障396,21.15873523108079,0,62,-0.26979630379063807,False,False,False
21障14,21.153667176524493,0,51,-0.6407662215027655,False,False,False
30障399,21.146250674418546,0,79,0.30352084176446786,False,False,False
30障398,21.146250674418546,0,35,-1.1803588290840417,False,False,False
2019障96,21.14604546152807,0,44,-0.8768379873195737,False,False,False
30障77,21.1443836404081,0,53,-0.5733171455551059,False,False,False
22障118,21.141857244444164,0,65,-0.1686226898691488,False,False,False
26障409,21.13147208032243,0,71,0.03372453797382976,False,False,False
21障436,21.130277637313053,0,85,0.5058680696074465,False,False,False
19障115,21.124730574106934,0,48,-0.7419398354242548,False,False,False
25障45,21.1202129053233,0,96,0.8768379873195737,False,False,False
30障377,21.116942922607997,0,30,-1.3489815189531904,False,False,False
30障24,21.1157766964166,0,93,0.7756643733980845,False,False,False
22障97,21.113679819642623,0,76,0.20234722784297857,False,False,False
26障45,21.105303547847278,1,58,-0.40469445568595713,False,False,False
27障257,21.102506780111593,0,108,1.281532443005531,False,False,False
2022障31,21.09857062954655,0,122,1.7536759746391475,False,False,False
23障85,21.09764892066622,0,28,-1.41643059490085,False,False,False
18障49,21.096338775847688,0,72,0.06744907594765952,False,False,False
18障330,21.093881052710397,0,67,-0.10117361392148928,False,False,False
2023障15,21.077421857815686,0,154,2.8328611898017,False,False,False
29障35,21.075905706145065,0,116,1.551328746796169,False,False,False
2023障140,21.073647370341913,0,36,-1.1466342911102119,False,False,False
26障347,21.070063836383824,1,62,-0.26979630379063807,False,False,False
23障80,21.06893211335303,0,103,1.112909753136382,False,False,False
2020障76,21.06663868392366,0,79,0.30352084176446786,False,False,False
17障420,21.060687823290056,0,58,-0.40469445568595713,False,False,False
18障485,21.045300211428437,0,55,-0.5058680696074465,False,False,False
30障88,21.04151173384624,0,28,-1.41643059490085,False,False,False
22障445,21.03256510306582,0,91,0.708215297450425,False,False,False
26障378,21.032127601000003,0,85,0.5058680696074465,False,False,False
19障476,21.029740541987834,0,44,-0.8768379873195737,False,False,False
25障73,21.02807220608446,0,156,2.9003102657493596,False,False,False
2022障120,21.02297649479087,0,51,-0.6407662215027655,False,False,False
24障116,21.02185508129669,0,94,0.8093889113719143,False,False,False
18障44,21.01772369353507,0,85,0.5058680696074465,False,False,False
28障366,21.012901385374562,0,96,0.8768379873195737,False,False,False
2020障17,21.012607513125353,0,88,0.6070416835289357,False,False,False
2020障212,21.00952091045077,0,127,1.9222986645082965,False,False,False
2021障196,21.00808212444152,1,155,2.86658572777553,False,False,False
21障446,21.007460182278994,0,35,-1.1803588290840417,False,False,False
25障7,21.00284338052441,0,81,0.3709699177121274,False,False,False
2021障317,21.002345260526265,0,48,-0.7419398354242548,False,False,False
29障24,20.999965119710176,0,152,2.7654121138540404,False,False,False
22障438,20.998857978696332,0,75,0.1686226898691488,False,False,False
24障18,20.997197541839206,0,100,1.011736139214893,False,False,False
22障166,20.991118543535574,0,132,2.0909213543774454,False,False,False
19障334,20.98744709773254,0,52,-0.6070416835289357,False,False,False
25障378,20.986563593999033,0,35,-1.1803588290840417,False,False,False
17障385,20.984055195783718,0,66,-0.13489815189531904,False,False,False
17障150,20.981042941293857,0,89,0.6407662215027655,False,False,False
2020障16,20.96142838050515,0,143,2.4618912720895727,False,False,False
29障88,20.95901406020288,0,34,-1.2140833670578715,False,False,False
17障118,20.955948882717752,0,45,-0.8431134493457441,False,False,False
17障151,20.954308270615236,0,75,0.1686226898691488,False,False,False
30障89,20.946529503540635,0,79,0.30352084176446786,False,False,False
23障30,20.94445171049073,0,41,-0.9780116012410631,False,False,False
20障393,20.94174158683927,1,44,-0.8768379873195737,False,False,False
2020障26,20.939303578343498,0,87,0.5733171455551059,False,False,False
19障480,20.9365972102686,0,54,-0.5395926075812761,False,False,False
26障88,20.931750909444514,0,68,-0.06744907594765952,False,False,False
26障87,20.931750909444514,0,101,1.0454606771887227,False,False,False
26障89,20.931750909444514,0,90,0.6744907594765952,False,False,False
17障20,20.93129134326027,0,75,0.1686226898691488,False,False,False
28障40,20.926245745994155,0,101,1.0454606771887227,False,False,False
23障19,20.9205021986075,0,68,-0.06744907594765952,False,False,False
2021障77,20.919551391961377,0,99,0.9780116012410631,False,False,False
18障480,20.918650567077762,0,33,-1.2478079050317012,False,False,False
23障82,20.917448200588165,0,34,-1.2140833670578715,False,False,False
25障1,20.912118374308395,0,162,3.102657493592338,False,False,False
2021障304,20.908583801631,0,59,-0.3709699177121274,False,False,False
23障65,20.904866312070244,0,99,0.9780116012410631,False,False,False
17障8,20.90191771191944,0,73,0.10117361392148928,False,False,False
30障212,20.899792821674414,0,69,-0.03372453797382976,False,False,False
20障117,20.898410890205565,0,97,0.9105625252934035,False,False,False
20障118,20.898410890205565,0,31,-1.3152569809793606,False,False,False
2019障82,20.898361735552392,0,93,0.7756643733980845,False,False,False
2019障348,20.896480812528296,0,51,-0.6407662215027655,False,False,False
2023障9,20.8870518303241,0,78,0.26979630379063807,False,False,False
27障84,20.879357975383567,0,76,0.20234722784297857,False,False,False
17障40,20.879241290572548,0,73,0.10117361392148928,False,False,False
17障298,20.87811192982649,0,82,0.40469445568595713,False,False,False
30障380,20.876839281350144,0,115,1.5176042088223394,False,False,False
29障32,20.875482052308122,0,96,0.8768379873195737,False,False,False
26障368,20.868446027646403,0,35,-1.1803588290840417,False,False,False
25障124,20.86587546152881,0,33,-1.2478079050317012,False,False,False
2020障34,20.862262341127966,0,57,-0.43841899365978687,False,False,False
22障40,20.861346873067756,0,34,-1.2140833670578715,False,False,False
17障120,20.86096665241214,0,68,-0.06744907594765952,False,False,False
27障122,20.8517918558189,0,172,3.439902873330636,False,False,False
24障47,20.842593603815892,0,59,-0.3709699177121274,False,False,False
23障237,20.83950508710137,0,93,0.7756643733980845,False,False,False
19障142,20.831858269696294,0,51,-0.6407662215027655,False,False,False
19障141,20.831858269696294,0,28,-1.41643059490085,False,False,False
26障215,20.8308912592246,0,39,-1.0454606771887227,False,False,False
26障377,20.828887635688808,0,120,1.6862268986914881,False,False,False
24障223,20.82601320077117,0,38,-1.0791852151625523,False,False,False
24障224,20.82601320077117,0,41,-0.9780116012410631,False,False,False
26障35,20.822356796954423,0,143,2.4618912720895727,False,False,False
21障40,20.82041727663506,0,38,-1.0791852151625523,False,False,False
2022障60,20.817708755564237,0,72,0.06744907594765952,False,False,False
17障252,20.814229970545927,0,74,0.13489815189531904,False,False,False
20障160,20.81309535577882,0,40,-1.011736139214893,False,False,False
28障220,20.807739593339626,0,78,0.26979630379063807,False,False,False
21障116,20.80773901140108,0,105,1.1803588290840417,False,False,False
26障14,20.807622218592368,0,78,0.26979630379063807,False,False,False
20障120,20.80342865989996,0,51,-0.6407662215027655,False,False,False
2021障20,20.7983917809075,0,71,0.03372453797382976,False,False,False
21障20,20.797510938288177,0,139,2.3269931201942535,False,False,False
22障289,20.7915239231717,0,20,-1.6862268986914881,False,False,False
25障6,20.783192027000517,0,48,-0.7419398354242548,False,False,False
18障57,20.781139461449186,0,31,-1.3152569809793606,False,False,False
29障4,20.781042321620635,0,61,-0.30352084176446786,False,False,False
30障385,20.78082976999998,0,47,-0.7756643733980845,False,False,False
20障165,20.765939857520976,0,57,-0.43841899365978687,False,False,False
18障102,20.76583215984634,1,46,-0.8093889113719143,False,False,False
18障2,20.759880455707147,0,56,-0.47214353163361666,False,False,False
24障156,20.757695934165895,0,84,0.47214353163361666,False,False,False
30障402,20.75531945688163,0,39,-1.0454606771887227,False,False,False
30障403,20.75531945688163,0,54,-0.5395926075812761,False,False,False
23障66,20.754532458356866,0,47,-0.7756643733980845,False,False,False
17障46,20.751572539922055,0,71,0.03372453797382976,False,False,False
2021障12,20.750400310363336,0,98,0.9442870632672333,False,False,False
25障316,20.75012305227799,0,117,1.5850532847699987,False,False,False
2022障231,20.741606436081984,0,61,-0.30352084176446786,False,False,False
17障4,20.736837961559996,0,55,-0.5058680696074465,False,False,False
17障5,20.736837961559996,0,94,0.8093889113719143,False,False,False
24障410,20.735662804332073,0,59,-0.3709699177121274,False,False,False
28障4,20.732105949988245,0,70,0.0,False,False,False
18障27,20.728540720024327,0,107,1.2478079050317012,False,False,False
18障28,20.728540720024327,0,130,2.023472278429786,False,False,False
26障345,20.72777290474874,0,84,0.47214353163361666,False,False,False
26障96,20.72487196507629,0,76,0.20234722784297857,False,False,False
2022障59,20.722726525258626,0,149,2.664238499932551,False,False,False
17障76,20.719463177167594,0,44,-0.8768379873195737,False,False,False
18障139,20.71892939619985,0,41,-0.9780116012410631,False,False,False
18障141,20.71892939619985,0,70,0.0,False,False,False
20障115,20.71821017012751,0,94,0.8093889113719143,False,False,False
25障130,20.716316696129077,0,92,0.7419398354242548,False,False,False
30障27,20.71339031685647,0,104,1.1466342911102119,False,False,False
27障124,20.710181058558383,0,97,0.9105625252934035,False,False,False
2020障30,20.710121540334434,0,66,-0.13489815189531904,False,False,False
2019障79,20.70978566749948,0,69,-0.03372453797382976,False,False,False
17障292,20.706384233717976,0,134,2.1583704303251046,False,False,False
20障245,20.702569009680044,0,89,0.6407662215027655,False,False,False
2019障189,20.702465374682415,0,65,-0.1686226898691488,False,False,False
21障46,20.698344898910992,0,159,3.001483879670849,False,False,False
22障260,20.698277157598504,0,53,-0.5733171455551059,False,False,False
22障261,20.698277157598504,0,43,-0.9105625252934035,False,False,False
19障458,20.69522298534172,0,82,0.40469445568595713,False,False,False
25障32,20.692580766863067,0,118,1.6187778227438285,False,False,False
17障160,20.69178973558696,0,35,-1.1803588290840417,False,False,False
22障42,20.689742695328327,0,126,1.8885741265344667,False,False,False
26障407,20.689361730165302,0,36,-1.1466342911102119,False,False,False
2022障240,20.68666822281833,0,86,0.5395926075812761,False,False,False
17障2,20.685658828939793,0,56,-0.47214353163361666,False,False,False
2022障123,20.680256058165128,0,60,-0.3372453797382976,False,False,False
2021障302,20.67789611372559,0,170,3.3724537973829762,False,False,False
2023障61,20.661500686747054,0,68,-0.06744907594765952,False,False,False
2023障60,20.661500686747054,0,112,1.41643059490085,False,False,False
2020障12,20.660035753573467,0,74,0.13489815189531904,False,False,False
24障45,20.65508540886011,0,119,1.6525023607176583,False,False,False
20障443,20.654182812339982,0,44,-0.8768379873195737,False,False,False
23障200,20.654068833820563,0,69,-0.03372453797382976,False,False,False
30障119,20.651652288088105,1,77,0.23607176581680833,False,False,False
19障431,20.644809951512038,1,52,-0.6070416835289357,False,False,False
28障370,20.64462225774186,0,64,-0.20234722784297857,False,False,False
19障7,20.643699600932198,0,35,-1.1803588290840417,False,False,False
25障207,20.639633303769976,0,49,-0.708215297450425,False,False,False
25障208,20.639633303769976,0,141,2.394442196141913,False,False,False
29障211,20.63709442795299,0,159,3.001483879670849,False,False,False
19障289,20.636016389170774,0,69,-0.03372453797382976,False,False,False
17障373,20.633902509033188,0,62,-0.26979630379063807,False,False,False
2021障312,20.631408688484495,0,48,-0.7419398354242548,False,False,False
22障173,20.62995989099323,0,55,-0.5058680696074465,False,False,False
21障377,20.62836593492714,0,136,2.225819506272764,False,False,False
25障350,20.623065103838083,0,70,0.0,False,False,False
22障432,20.621358499300833,0,46,-0.8093889113719143,False,False,False
22障430,20.621358499300833,0,63,-0.23607176581680833,False,False,False
23障351,20.620436981431816,0,124,1.821125050586807,False,False,False
28障182,20.618799216867135,0,43,-0.9105625252934035,False,False,False
28障183,20.618799216867135,0,92,0.7419398354242548,False,False,False
19障2,20.61274734853854,0,140,2.3607176581680833,False,False,False
29障214,20.610416203662826,0,45,-0.8431134493457441,False,False,False
2023障16,20.606779046700954,0,84,0.47214353163361666,False,False,False
2022障51,20.60642128585377,0,170,3.3724537973829762,False,False,False
2021障78,20.603095694133753,0,53,-0.5733171455551059,False,False,False
2023障141,20.601966567196698,0,60,-0.3372453797382976,False,False,False
2023障142,20.601966567196698,0,136,2.225819506272764,False,False,False
29障260,20.598570388608557,0,41,-0.9780116012410631,False,False,False
2023障8,20.589902745777056,0,132,2.0909213543774454,False,False,False
2020障362,20.589426744689252,0,43,-0.9105625252934035,False,False,False
2020障363,20.589426744689252,0,77,0.23607176581680833,False,False,False
2020障364,20.589426744689252,0,92,0.7419398354242548,False,False,False
27障35,20.58929060114234,0,138,2.2932685822204237,False,False,False
22障262,20.589263058330996,0,68,-0.06744907594765952,False,False,False
27障67,20.587277803424712,0,146,2.563064886011062,False,False,False
30障62,20.583927266473268,0,67,-0.10117361392148928,False,False,False
25障16,20.577282008686343,0,81,0.3709699177121274,False,False,False
19障133,20.575545820713998,0,51,-0.6407662215027655,False,False,False
2022障152,20.575415940639722,0,99,0.9780116012410631,False,False,False
24障391,20.575391133738034,0,120,1.6862268986914881,False,False,False
23障32,20.573296625426984,0,59,-0.3709699177121274,False,False,False
2019障344,20.572539376657634,0,88,0.6070416835289357,False,False,False
2023障267,20.568334714807946,0,71,0.03372453797382976,False,False,False
2023障273,20.568334714807946,0,76,0.20234722784297857,False,False,False
22障448,20.568288676465734,0,58,-0.40469445568595713,False,False,False
19障182,20.5676991225655,0,40,-1.011736139214893,False,False,False
21障444,20.565349832121875,0,86,0.5395926075812761,False,False,False
19障466,20.561229049957674,0,50,-0.6744907594765952,False,False,False
2022障28,20.557657423368767,0,99,0.9780116012410631,False,False,False
22障89,20.55100257581467,0,48,-0.7419398354242548,False,False,False
22障87,20.55100257581467,0,83,0.43841899365978687,False,False,False
2021障5,20.548561405620614,0,56,-0.47214353163361666,False,False,False
23障26,20.54073867949293,0,108,1.281532443005531,False,False,False
23障377,20.540188912240705,0,55,-0.5058680696074465,False,False,False
18障24,20.53719196735616,0,60,-0.3372453797382976,False,False,False
29障366,20.535925089322166,0,72,0.06744907594765952,False,False,False
28障382,20.53498780371047,0,86,0.5395926075812761,False,False,False
25障380,20.513857691514282,0,54,-0.5395926075812761,False,False,False
27障220,20.513696466386662,0,93,0.7756643733980845,False,False,False
25障127,20.512711741500976,0,61,-0.30352084176446786,False,False,False
29障395,20.509541138049308,0,48,-0.7419398354242548,False,False,False
17障146,20.503585121104784,0,111,1.3827060569270202,False,False,False
2023障302,20.501437768542367,0,85,0.5058680696074465,False,False,False
25障67,20.499331471461034,0,142,2.428166734115743,False,False,False
24障21,20.49896820929102,0,97,0.9105625252934035,False,False,False
24障22,20.49886004691054,0,68,-0.06744907594765952,False,False,False
28障2,20.49877270611817,0,86,0.5395926075812761,False,False,False
27障385,20.498573323478062,0,64,-0.20234722784297857,False,False,False
19障54,20.497736061965284,0,75,0.1686226898691488,False,False,False
2019障98,20.49719763545578,0,67,-0.10117361392148928,False,False,False
2019障95,20.49719763545578,0,46,-0.8093889113719143,False,False,False
2019障94,20.49719763545578,0,60,-0.3372453797382976,False,False,False
27障396,20.497128266454766,0,65,-0.1686226898691488,False,False,False
29障388,20.49659212752744,0,84,0.47214353163361666,False,False,False
2019障121,20.494638220613002,0,128,1.9560232024821262,False,False,False
19障479,20.49448686011148,0,39,-1.0454606771887227,False,False,False
2022障235,20.493868229761848,0,70,0.0,False,False,False
2022障236,20.493868229761848,0,48,-0.7419398354242548,False,False,False
2021障11,20.490257595484703,0,124,1.821125050586807,False,False,False
2023障284,20.48585369731404,0,119,1.6525023607176583,False,False,False
30障20,20.484601492672947,0,98,0.9442870632672333,False,False,False
25障46,20.484224138603302,0,54,-0.5395926075812761,False,False,False
2023障293,20.483418879254533,0,142,2.428166734115743,False,False,False
26障391,20.482277987290946,0,37,-1.112909753136382,False,False,False
27障260,20.481930885854446,0,77,0.23607176581680833,False,False,False
17障406,20.478736943483344,0,77,0.23607176581680833,False,False,False
17障407,20.478736943483344,0,35,-1.1803588290840417,False,False,False
17障408,20.478736943483344,0,71,0.03372453797382976,False,False,False
20障451,20.477598298241666,0,59,-0.3709699177121274,False,False,False
24障407,20.47739992883751,0,102,1.0791852151625523,False,False,False
21障37,20.474498022121143,0,51,-0.6407662215027655,False,False,False
17障31,20.47367678590072,0,88,0.6070416835289357,False,False,False
2023障272,20.47335248450234,0,87,0.5733171455551059,False,False,False
22障450,20.473306446160123,0,114,1.4838796708485096,False,False,False
26障214,20.471107170141998,0,78,0.26979630379063807,False,False,False
2023障6,20.46972202386062,0,133,2.1246458923512748,False,False,False
24障222,20.466229111688566,0,54,-0.5395926075812761,False,False,False
18障456,20.46262635663954,0,29,-1.3827060569270202,False,False,False
20障248,20.454830803359908,0,145,2.5293403480372323,False,False,False
23障86,20.44880109459393,0,51,-0.6407662215027655,False,False,False
20障298,20.447863914671494,0,40,-1.011736139214893,False,False,False
20障99,20.44465711344243,0,97,0.9105625252934035,False,False,False
21障249,20.442077502404175,0,114,1.4838796708485096,False,False,False
24障2,20.44118483124521,0,73,0.10117361392148928,False,False,False
25障40,20.440019251584136,0,77,0.23607176581680833,False,False,False
25障211,20.435636974196864,0,168,3.3050047214353167,False,False,False
29障42,20.43466176496364,0,83,0.43841899365978687,False,False,False
2021障291,20.4320111443459,0,72,0.06744907594765952,False,False,False
27障426,20.42988505323,0,100,1.011736139214893,False,False,False
26障380,20.42696606131723,0,29,-1.3827060569270202,False,False,False
21障419,20.425509302472282,0,93,0.7756643733980845,False,False,False
24障36,20.422980641024363,0,108,1.281532443005531,False,False,False
20障413,20.42119895097116,0,26,-1.4838796708485096,False,False,False
20障414,20.42119895097116,0,50,-0.6744907594765952,False,False,False
20障415,20.42119895097116,0,39,-1.0454606771887227,False,False,False
22障409,20.416907098889617,0,59,-0.3709699177121274,False,False,False
22障408,20.416907098889617,0,45,-0.8431134493457441,False,False,False
19障26,20.415319487303666,0,133,2.1246458923512748,False,False,False
28障185,20.414802887294023,0,133,2.1246458923512748,False,False,False
21障156,20.410138170440778,0,76,0.20234722784297857,False,False,False
18障58,20.408424155873664,0,59,-0.3709699177121274,False,False,False
2019障334,20.404031663516673,0,30,-1.3489815189531904,False,False,False
19障140,20.4039193432981,0,138,2.2932685822204237,False,False,False
17障251,20.40032291310963,0,59,-0.3709699177121274,False,False,False
22障33,20.39330998644824,0,107,1.2478079050317012,False,False,False
30障92,20.392663907773947,0,114,1.4838796708485096,False,False,False
30障90,20.392663907773947,0,111,1.3827060569270202,False,False,False
30障91,20.392663907773947,0,77,0.23607176581680833,False,False,False
25障213,20.39189509744984,0,56,-0.47214353163361666,False,False,False
30障23,20.391458160953714,0,92,0.7419398354242548,False,False,False
2022障23,20.39145631104374,0,92,0.7419398354242548,False,False,False
29障212,20.389356221632855,0,168,3.3050047214353167,False,False,False
29障87,20.388084811979336,0,103,1.112909753136382,False,False,False
30障79,20.381704539869247,0,57,-0.43841899365978687,False,False,False
30障381,20.38109194273121,0,85,0.5058680696074465,False,False,False
26障90,20.377885313677826,0,75,0.1686226898691488,False,False,False
30障83,20.37560025531709,0,113,1.4501551328746798,False,False,False
30障125,20.3737981426952,0,57,-0.43841899365978687,False,False,False
24障118,20.373007255224394,0,75,0.1686226898691488,False,False,False
2019障222,20.372420281051994,0,77,0.23607176581680833,False,False,False
21障143,20.372323045616184,0,94,0.8093889113719143,False,False,False
17障280,20.364837823780434,0,108,1.281532443005531,False,False,False
22障49,20.363307141749814,0,121,1.719951436665318,False,False,False
17障285,20.361650619656302,0,46,-0.8093889113719143,False,False,False
21障457,20.35826608924751,0,84,0.47214353163361666,False,False,False
21障458,20.35826608924751,0,147,2.5967894239848914,False,False,False
25障344,20.35826324506109,0,51,-0.6407662215027655,False,False,False
22障294,20.356264826574144,0,71,0.03372453797382976,False,False,False
23障345,20.35563512265482,0,25,-1.5176042088223394,False,False,False
23障344,20.35563512265482,0,52,-0.6070416835289357,False,False,False
23障346,20.35563512265482,0,121,1.719951436665318,False,False,False
19障448,20.354646330461886,0,28,-1.41643059490085,False,False,False
20障456,20.35395573774639,0,104,1.1466342911102119,False,False,False
18障290,20.353267887202943,0,94,0.8093889113719143,False,False,False
22障459,20.34966388566485,0,37,-1.112909753136382,False,False,False
29障213,20.345614344885835,0,62,-0.26979630379063807,False,False,False
2019障224,20.342078297774577,0,89,0.6407662215027655,False,False,False
2023障172,20.339810740417477,0,87,0.5733171455551059,False,False,False
25障90,20.339383334237734,0,78,0.26979630379063807,False,False,False
25障89,20.339383334237734,0,93,0.7756643733980845,False,False,False
28障360,20.337429158158248,0,167,3.271280183461487,False,False,False
27障430,20.336741721510762,0,132,2.0909213543774454,False,False,False
18障458,20.33669968727105,0,39,-1.0454606771887227,False,False,False
21障147,20.331897891498244,0,56,-0.47214353163361666,False,False,False
30障391,20.325744321288493,0,38,-1.0791852151625523,False,False,False
2023障289,20.325460135374467,0,147,2.5967894239848914,False,False,False
29障389,20.324113299636288,0,49,-0.708215297450425,False,False,False
26障245,20.320997226125243,0,69,-0.03372453797382976,False,False,False
26障219,20.31835119412747,0,65,-0.1686226898691488,False,False,False
17障293,20.31764714945337,0,40,-1.011736139214893,False,False,False
29障20,20.317210912429314,0,99,0.9780116012410631,False,False,False
19障46,20.31304032739397,0,56,-0.47214353163361666,False,False,False
29障358,20.311982492497084,0,56,-0.47214353163361666,False,False,False
29障359,20.311982492497084,0,144,2.4956158100634025,False,False,False
29障360,20.311982492497084,0,70,0.0,False,False,False
20障2,20.309099001152337,0,73,0.10117361392148928,False,False,False
2019障335,20.309049433211065,0,63,-0.23607176581680833,False,False,False
22障465,20.307699686565815,0,75,0.1686226898691488,False,False,False
17障121,20.307101056645458,0,60,-0.3372453797382976,False,False,False
17障122,20.307101056645458,0,88,0.6070416835289357,False,False,False
17障123,20.307101056645458,0,42,-0.9442870632672333,False,False,False
23障197,20.307082182422104,0,65,-0.1686226898691488,False,False,False
17障24,20.305895309825225,0,88,0.6070416835289357,False,False,False
27障123,20.30289413311872,0,108,1.281532443005531,False,False,False
2021障17,20.30132631701531,0,66,-0.13489815189531904,False,False,False
30障368,20.29949793583484,0,41,-0.9780116012410631,False,False,False
19障40,20.298407040259065,0,50,-0.6744907594765952,False,False,False
2020障29,20.29670866736074,0,121,1.719951436665318,False,False,False
24障39,20.294819957358047,0,131,2.0571968164036156,False,False,False
22障90,20.29317346651257,0,128,1.9560232024821262,False,False,False
2023障18,20.29148852455155,0,121,1.719951436665318,False,False,False
25障372,20.29136629879551,0,23,-1.5850532847699987,False,False,False
18障60,20.28955933126622,0,57,-0.43841899365978687,False,False,False
28障186,20.28887621792553,0,97,0.9105625252934035,False,False,False
25障78,20.286739177226753,0,144,2.4956158100634025,False,False,False
26障362,20.28471934173872,0,79,0.30352084176446786,False,False,False
26障363,20.28471934173872,0,96,0.8768379873195737,False,False,False
2023障20,20.28343464240032,0,133,2.1246458923512748,False,False,False
30障84,20.28061802501148,0,45,-0.8431134493457441,False,False,False
24障377,20.279841283285286,0,60,-0.3372453797382976,False,False,False
2021障111,20.27816905787815,0,137,2.259544044246594,False,False,False
2020障214,20.276071945679544,0,65,-0.1686226898691488,False,False,False
29障8,20.275128037001153,0,101,1.0454606771887227,False,False,False
29障253,20.274658391892387,0,148,2.6305139619587212,False,False,False
17障289,20.27322329596692,0,44,-0.8768379873195737,False,False,False
2022障146,20.268198902063716,0,81,0.3709699177121274,False,False,False
21障462,20.265122757528278,0,71,0.03372453797382976,False,False,False
25障34,20.263702125527317,0,77,0.23607176581680833,False,False,False
25障347,20.26328101475548,0,71,0.03372453797382976,False,False,False
20障460,20.260812406027156,0,17,-1.7874005126129773,False,False,False
23障349,20.260652892349214,0,69,-0.03372453797382976,False,False,False
30障137,20.254112770024634,0,67,-0.10117361392148928,False,False,False
30障359,20.253043712726456,0,71,0.03372453797382976,False,False,False
28障384,20.252513322604834,0,41,-0.9780116012410631,False,False,False
30障214,20.250944995602122,0,118,1.6187778227438285,False,False,False
30障215,20.250944995602122,0,102,1.0791852151625523,False,False,False
30障213,20.250944995602122,0,87,0.5733171455551059,False,False,False
20障123,20.249563064133273,0,40,-1.011736139214893,False,False,False
20障121,20.249563064133273,0,104,1.1466342911102119,False,False,False
2019障223,20.24837448630054,0,75,0.1686226898691488,False,False,False
20障20,20.24835731731304,0,93,0.7756643733980845,False,False,False
29障210,20.246365899807508,0,65,-0.1686226898691488,False,False,False
22障127,20.24527121205173,0,80,0.3372453797382976,False,False,False
22障126,20.24527121205173,0,69,-0.03372453797382976,False,False,False
18障320,20.241029443978285,0,105,1.1803588290840417,False,False,False
2022障33,20.239156282460428,0,89,0.6407662215027655,False,False,False
23障118,20.237794877629195,0,77,0.23607176581680833,False,False,False
20障246,20.233770821329937,0,116,1.551328746796169,False,False,False
19障36,20.23298382942397,0,99,0.9780116012410631,False,False,False
30障394,20.232600989569256,0,33,-1.2478079050317012,False,False,False
20障114,20.232499411676418,0,57,-0.43841899365978687,False,False,False
25障235,20.231341682792088,0,58,-0.40469445568595713,False,False,False
17障415,20.23099873716321,0,57,-0.43841899365978687,False,False,False
2020障366,20.229642655606654,0,78,0.26979630379063807,False,False,False
17障32,20.22891375877911,0,104,1.1466342911102119,False,False,False
2023障276,20.225614278182203,0,69,-0.03372453797382976,False,False,False
2023障281,20.225614278182203,0,72,0.06744907594765952,False,False,False
28障364,20.224804621621928,0,75,0.1686226898691488,False,False,False
2019障10,20.22424277812631,0,74,0.13489815189531904,False,False,False
17障403,20.21393508470635,0,45,-0.8431134493457441,False,False,False
17障404,20.21393508470635,0,42,-0.9442870632672333,False,False,False
27障81,20.213446496854413,0,57,-0.43841899365978687,False,False,False
28障226,20.212630878520436,0,46,-0.8093889113719143,False,False,False
2021障150,20.20477251986074,0,94,0.8093889113719143,False,False,False
2019障68,20.202155138789784,0,62,-0.26979630379063807,False,False,False
2019障69,20.202155138789784,0,108,1.281532443005531,False,False,False
28障349,20.198985962679398,1,60,-0.3372453797382976,False,False,False
18障121,20.196068631627497,0,84,0.47214353163361666,False,False,False
27障31,20.19601778674985,0,121,1.719951436665318,False,False,False
2020障9,20.1960151331421,0,92,0.7419398354242548,False,False,False
21障258,20.19433929608404,0,64,-0.20234722784297857,False,False,False
19障496,20.194259785517882,0,64,-0.20234722784297857,False,False,False
18障318,20.1897421489776,0,77,0.23607176581680833,False,False,False
21障441,20.18695382914894,0,53,-0.5733171455551059,False,False,False
21障442,20.18695382914894,0,67,-0.10117361392148928,False,False,False
29障65,20.17679734226887,0,138,2.2932685822204237,False,False,False
20障427,20.173460744651024,0,31,-1.3152569809793606,False,False,False
22障15,20.170936986912963,0,115,1.5176042088223394,False,False,False
19障291,20.167218200820667,0,95,0.8431134493457441,False,False,False
2019障34,20.16623113681871,0,74,0.13489815189531904,False,False,False
18障142,20.165063800433163,0,50,-0.6744907594765952,False,False,False
28障374,20.162254704106005,0,95,0.8431134493457441,False,False,False
21障412,20.160707443695287,0,65,-0.1686226898691488,False,False,False
21障413,20.160707443695287,0,132,2.0909213543774454,False,False,False
20障409,20.156397092194165,0,34,-1.2140833670578715,False,False,False
2019障338,20.156293457196536,0,85,0.5058680696074465,False,False,False
26障11,20.15610958896856,0,96,0.8768379873195737,False,False,False
27障419,20.15381269778585,0,94,0.8093889113719143,False,False,False
17障254,20.152584706789494,0,47,-0.7756643733980845,False,False,False
26障21,20.152092235669894,0,91,0.708215297450425,False,False,False
24障17,20.151231530515126,0,97,0.9105625252934035,False,False,False
18障291,20.149271557629827,0,130,2.023472278429786,False,False,False
2019障190,20.142286240595883,0,173,3.4736274113044656,False,False,False
21障110,20.141827532871933,0,52,-0.6070416835289357,False,False,False
19障432,20.137742431282405,0,121,1.719951436665318,False,False,False
2019障97,20.13741354637318,0,90,0.6744907594765952,False,False,False
22障443,20.136387426467245,0,52,-0.6070416835289357,False,False,False
27障19,20.13480266272573,0,134,2.1583704303251046,False,False,False
17障423,20.133742860959714,0,126,1.8885741265344667,False,False,False
2022障247,20.133719276019253,0,66,-0.13489815189531904,False,False,False
2022障248,20.13304654674085,0,46,-0.8093889113719143,False,False,False
17障286,20.131454067212445,0,114,1.4838796708485096,False,False,False
21障43,20.12823105418645,0,83,0.43841899365978687,False,False,False
30障87,20.127862048996953,0,36,-1.1466342911102119,False,False,False
30障86,20.127862048996953,0,51,-0.6407662215027655,False,False,False
28障76,20.117713804661246,1,108,1.281532443005531,False,False,False
19障474,20.11609085713855,0,118,1.6187778227438285,False,False,False
21障256,20.11215450346257,0,79,0.30352084176446786,False,False,False
25障354,20.110525038740953,0,92,0.7419398354242548,False,False,False
25障355,20.110525038740953,0,124,1.821125050586807,False,False,False
2022障121,20.10932680994158,0,75,0.1686226898691488,False,False,False
2022障122,20.10932680994158,0,64,-0.20234722784297857,False,False,False
2020障240,20.10885467957781,0,79,0.30352084176446786,False,False,False
24障115,20.108205396447403,0,112,1.41643059490085,False,False,False
28障10,20.107682760846448,0,71,0.03372453797382976,False,False,False
18障294,20.105529680882807,0,42,-0.9442870632672333,False,False,False
27障7,20.103716654907615,0,56,-0.47214353163361666,False,False,False
2022障52,20.09937743452519,0,82,0.40469445568595713,False,False,False
28障383,20.094554578724768,0,47,-0.7756643733980845,False,False,False
23障117,20.094240225634323,0,96,0.8768379873195737,False,False,False
21障443,20.093810497429708,0,88,0.6070416835289357,False,False,False
2022障228,20.09275861000969,0,48,-0.7419398354242548,False,False,False
17障243,20.092659822697836,1,68,-0.06744907594765952,False,False,False
20障441,20.089500145928586,0,87,0.5733171455551059,False,False,False
17障159,20.087936972198207,0,47,-0.7756643733980845,False,False,False
22障436,20.085208293847042,0,38,-1.0791852151625523,False,False,False
22障437,20.085208293847042,0,67,-0.10117361392148928,False,False,False
23障18,20.078788932398425,0,74,0.13489815189531904,False,False,False
17障87,20.078749934478136,0,84,0.47214353163361666,False,False,False
17障89,20.078749934478136,0,109,1.3152569809793606,False,False,False
24障85,20.0779647585584,0,32,-1.281532443005531,False,False,False
19障465,20.075518291506583,0,149,2.664238499932551,False,False,False
20障407,20.074212299572697,0,63,-0.23607176581680833,False,False,False
18障452,20.071897828494055,0,37,-1.112909753136382,False,False,False
18障453,20.071897828494055,0,50,-0.6744907594765952,False,False,False
20障458,20.07148125664075,0,41,-0.9780116012410631,False,False,False
23障381,20.070796344122307,0,72,0.06744907594765952,False,False,False
21障415,20.06572521338968,0,88,0.6070416835289357,False,False,False
21障416,20.06572521338968,0,44,-0.8768379873195737,False,False,False
30障28,20.061697409136876,0,25,-1.5176042088223394,False,False,False
20障412,20.061414861888558,0,32,-1.281532443005531,False,False,False
27障83,20.060690520839888,0,58,-0.40469445568595713,False,False,False
23障67,20.0606152662087,0,58,-0.40469445568595713,False,False,False
28障22,20.06058296790185,0,71,0.03372453797382976,False,False,False
23障115,20.059257829797403,0,78,0.26979630379063807,False,False,False
17障37,20.058734937442495,0,69,-0.03372453797382976,False,False,False
2020障75,20.058006768768767,0,73,0.10117361392148928,False,False,False
21障1,20.05724913287822,0,116,1.551328746796169,False,False,False
22障406,20.057123009807018,0,58,-0.40469445568595713,False,False,False
22障407,20.057123009807018,0,46,-0.8093889113719143,False,False,False
19障42,20.05353585075697,0,59,-0.3709699177121274,False,False,False
30障371,20.051759729514703,0,30,-1.3489815189531904,False,False,False
30障372,20.051759729514703,0,77,0.23607176581680833,False,False,False
30障373,20.051759729514703,0,56,-0.47214353163361666,False,False,False
23障116,20.051528203132342,0,142,2.428166734115743,False,False,False
2020障33,20.049165767837017,0,99,0.9780116012410631,False,False,False
26障325,20.04630953573314,0,52,-0.6070416835289357,False,False,False
25障210,20.04490844605138,0,60,-0.3372453797382976,False,False,False
25障209,20.04490844605138,0,120,1.6862268986914881,False,False,False
27障258,20.04295219594864,0,113,1.4501551328746798,False,False,False
22障426,20.04246407747077,0,49,-0.708215297450425,False,False,False
17障117,20.042299197868466,0,73,0.10117361392148928,False,False,False
26障404,20.04184476230524,0,43,-0.9105625252934035,False,False,False
26障383,20.04023645651853,0,98,0.9442870632672333,False,False,False
24障396,20.03790151468623,0,167,3.271280183461487,False,False,False
26障370,20.036981135418586,0,84,0.47214353163361666,False,False,False
19障333,20.03568826308518,0,58,-0.40469445568595713,False,False,False
29障250,20.034019395544693,0,49,-0.708215297450425,False,False,False
28障126,20.033322238635773,0,149,2.664238499932551,False,False,False
24障384,20.03210307696515,0,88,0.6070416835289357,False,False,False
17障55,20.030889232452402,0,71,0.03372453797382976,False,False,False
17障57,20.030889232452402,0,64,-0.20234722784297857,False,False,False
2021障306,20.02952712615533,0,72,0.06744907594765952,False,False,False
19障285,20.02422787899532,0,80,0.3372453797382976,False,False,False
28障184,20.02407435914854,0,83,0.43841899365978687,False,False,False
2019障44,20.02236202834919,0,72,0.06744907594765952,False,False,False
22障44,20.021450989616405,0,83,0.43841899365978687,False,False,False
25障360,20.019497049885494,0,86,0.5395926075812761,False,False,False
26障86,20.018101224595227,0,107,1.2478079050317012,False,False,False
30障31,20.017237803164598,0,57,-0.43841899365978687,False,False,False
2019障16,20.01328485552103,0,55,-0.5058680696074465,False,False,False
24障117,20.013223166141795,0,104,1.1466342911102119,False,False,False
23障361,20.012914686029077,0,58,-0.40469445568595713,False,False,False
25障17,20.00948063616448,0,159,3.001483879670849,False,False,False
20障436,20.009439553900716,0,119,1.6525023607176583,False,False,False
29障128,20.007875572974605,0,46,-0.8093889113719143,False,False,False
25障77,20.007154315007593,0,146,2.563064886011062,False,False,False
26障250,20.006756244786327,0,67,-0.10117361392148928,False,False,False
18障476,20.005000882228476,0,70,0.0,False,False,False
18障479,20.005000882228476,0,41,-0.9780116012410631,False,False,False
24障58,20.001813200725735,0,79,0.30352084176446786,False,False,False
2020障25,19.9977606144056,0,89,0.6407662215027655,False,False,False
19障446,19.994862241379284,0,29,-1.3827060569270202,False,False,False
20障280,19.992815102760975,0,52,-0.6070416835289357,False,False,False
21障114,19.989071556857404,0,61,-0.30352084176446786,False,False,False
21障115,19.989071556857404,0,57,-0.43841899365978687,False,False,False
2019障14,19.988985759394268,0,119,1.6525023607176583,False,False,False
27障424,19.987774703072873,0,36,-1.1466342911102119,False,False,False
19障5,19.986386160867827,0,50,-0.6744907594765952,False,False,False
25障234,19.98445915537535,0,96,0.8768379873195737,False,False,False
2020障375,19.981904449286517,0,66,-0.13489815189531904,False,False,False
20障211,19.98113771843858,0,88,0.6070416835289357,False,False,False
22障121,19.98046935327474,0,25,-1.5176042088223394,False,False,False
18障457,19.976915598188448,0,87,0.5733171455551059,False,False,False
2020障112,19.965030567398127,0,109,1.3152569809793606,False,False,False
26障70,19.96352612521451,0,167,3.271280183461487,False,False,False
30障401,19.963480024682124,0,51,-0.6407662215027655,False,False,False
30障10,19.95071532693823,0,73,0.10117361392148928,False,False,False
30障21,19.94934781079659,0,107,1.2478079050317012,False,False,False
30障22,19.94934781079659,0,87,0.5733171455551059,False,False,False
17障119,19.94731696756286,0,80,0.3372453797382976,False,False,False
26障406,19.947024305414587,0,52,-0.6070416835289357,False,False,False
26障374,19.941998905112975,0,85,0.5058680696074465,False,False,False
27障42,19.93942923008422,0,107,1.2478079050317012,False,False,False
26障24,19.934569216700474,0,126,1.8885741265344667,False,False,False
30障211,19.932020168471432,0,60,-0.3372453797382976,False,False,False
18障429,19.931857269463272,0,42,-0.9442870632672333,False,False,False
24障35,19.92969115824704,0,61,-0.30352084176446786,False,False,False
18障316,19.924940290200606,0,94,0.8093889113719143,False,False,False
23障33,19.92444879935469,0,106,1.2140833670578715,False,False,False
2019障76,19.922570276570625,0,124,1.821125050586807,False,False,False
2023障269,19.91948688873565,0,74,0.13489815189531904,False,False,False
24障1,19.91844325420056,0,44,-0.8768379873195737,False,False,False
19障139,19.918208584847008,0,103,1.112909753136382,False,False,False
2020障213,19.91628785659694,0,43,-0.9105625252934035,False,False,False
24障10,19.91599198947373,0,59,-0.3709699177121274,False,False,False
17障427,19.912833961285614,0,70,0.0,False,False,False
22障433,19.909230660679142,0,29,-1.3827060569270202,False,False,False
20障418,19.90865888587403,0,43,-0.9105625252934035,False,False,False
20障419,19.90865888587403,0,34,-1.2140833670578715,False,False,False
27障25,19.905462136171113,0,62,-0.26979630379063807,False,False,False
22障412,19.90436703379249,0,66,-0.13489815189531904,False,False,False
17障295,19.90098959191704,0,62,-0.26979630379063807,False,False,False
27障429,19.89630849652506,0,47,-0.7756643733980845,False,False,False
20障166,19.895002195173667,0,66,-0.13489815189531904,False,False,False
2021障171,19.894713748511105,0,62,-0.26979630379063807,False,False,False
20障119,19.889778975050675,0,69,-0.03372453797382976,False,False,False
24障33,19.888793023192083,0,72,0.06744907594765952,False,False,False
30障226,19.888249622124395,0,79,0.30352084176446786,False,False,False
25障241,19.885810697657373,0,115,1.5176042088223394,False,False,False
22障122,19.88548712296913,0,76,0.20234722784297857,False,False,False
22障123,19.88548712296913,0,59,-0.3709699177121274,False,False,False
21障98,19.878262531221097,0,87,0.5733171455551059,False,False,False
2021障286,19.878145548579212,0,41,-0.9780116012410631,False,False,False
2021障287,19.878145548579212,0,32,-1.281532443005531,False,False,False
17障413,19.871214648080606,0,75,0.1686226898691488,False,False,False
20障462,19.869881188490233,0,48,-0.7419398354242548,False,False,False
20障28,19.867417432876003,0,61,-0.30352084176446786,False,False,False
21障154,19.864525959515994,0,133,2.1246458923512748,False,False,False
19障4,19.864177414048697,0,53,-0.5733171455551059,False,False,False
21障29,19.861736451277245,0,121,1.719951436665318,False,False,False
27障130,19.857647140775594,0,71,0.03372453797382976,False,False,False
30障392,19.85510151017376,0,57,-0.43841899365978687,False,False,False
17障157,19.85434076619222,0,106,1.2140833670578715,False,False,False
2023障95,19.85298518317799,0,111,1.3827060569270202,False,False,False
2023障295,19.852243675510884,0,56,-0.47214353163361666,False,False,False
17障105,19.84991803582653,0,75,0.1686226898691488,False,False,False
21障253,19.847352644685575,0,40,-1.011736139214893,False,False,False
21障254,19.847352644685575,0,87,0.5733171455551059,False,False,False
2023障53,19.845207657554184,0,79,0.30352084176446786,False,False,False
26障361,19.84275046003465,0,117,1.5850532847699987,False,False,False
19障453,19.84210626536476,0,38,-1.0791852151625523,False,False,False
19障454,19.84210626536476,0,43,-0.9105625252934035,False,False,False
22障293,19.83915974732331,0,93,0.7756643733980845,False,False,False
2020障5,19.8359039830024,0,74,0.13489815189531904,False,False,False
18障475,19.829023249060576,0,72,0.06744907594765952,False,False,False
2022障230,19.827956751232698,0,38,-1.0791852151625523,False,False,False
2022障233,19.827956751232698,0,114,1.4838796708485096,False,False,False
30障246,19.82609040181657,0,62,-0.26979630379063807,False,False,False
18障467,19.82415962217392,0,48,-0.7419398354242548,False,False,False
18障468,19.82415962217392,0,19,-1.719951436665318,False,False,False
18障469,19.82415962217392,0,61,-0.30352084176446786,False,False,False
27障222,19.823989378362455,0,165,3.2038311075138273,False,False,False
17障3,19.82318827671071,0,56,-0.47214353163361666,False,False,False
21障428,19.817987007069544,0,69,-0.03372453797382976,False,False,False
21障427,19.817987007069544,0,63,-0.23607176581680833,False,False,False
22障439,19.81608732895991,0,28,-1.41643059490085,False,False,False
20障424,19.813676655568422,0,37,-1.112909753136382,False,False,False
20障423,19.813676655568422,0,41,-0.9780116012410631,False,False,False
23障241,19.812870166925435,0,37,-1.112909753136382,False,False,False
20障432,19.81071386440909,0,111,1.3827060569270202,False,False,False
22障414,19.809384803486882,0,36,-1.1466342911102119,False,False,False
22障416,19.809384803486882,0,112,1.41643059490085,False,False,False
22障415,19.809384803486882,0,106,1.2140833670578715,False,False,False
2022障7,19.80919481926454,0,73,0.10117361392148928,False,False,False
20障296,19.808525327927615,0,40,-1.011736139214893,False,False,False
21障75,19.80804437974715,0,56,-0.47214353163361666,False,False,False
2022障6,19.806538589024672,0,97,0.9105625252934035,False,False,False
28障46,19.806076611636087,0,150,2.697963037906381,False,False,False
22障26,19.801955115074378,0,59,-0.3709699177121274,False,False,False
20障10,19.801167316584017,0,70,0.0,False,False,False
2021障170,19.799731518205498,0,54,-0.5395926075812761,False,False,False
2021障172,19.799731518205498,0,109,1.3152569809793606,False,False,False
2021障208,19.798239318197847,0,90,0.6744907594765952,False,False,False
21障250,19.79322967633188,0,82,0.40469445568595713,False,False,False
21障251,19.79322967633188,0,56,-0.47214353163361666,False,False,False
21障252,19.79322967633188,0,60,-0.3372453797382976,False,False,False
27障10,19.79040046706193,0,141,2.394442196141913,False,False,False
20障244,19.788919324830758,0,69,-0.03372453797382976,False,False,False
19障181,19.785737552162416,0,35,-1.1803588290840417,False,False,False
27障34,19.7850217544895,0,158,2.967759341697019,False,False,False
19障90,19.77914560683579,0,80,0.3372453797382976,False,False,False
23障366,19.77236777500377,0,88,0.6070416835289357,False,False,False
2019障185,19.77175203737627,0,59,-0.3709699177121274,False,False,False
25障33,19.77026214482139,0,48,-0.7419398354242548,False,False,False
2021障305,19.76893813625541,0,120,1.6862268986914881,False,False,False
2020障108,19.76609439296501,0,61,-0.30352084176446786,False,False,False
26障32,19.765774178336848,0,87,0.5733171455551059,False,False,False
27障266,19.763540087686426,0,55,-0.5058680696074465,False,False,False
23障353,19.760910264936225,0,91,0.708215297450425,False,False,False
23障354,19.760910264936225,0,37,-1.112909753136382,False,False,False
2023障299,19.759100343791648,0,83,0.43841899365978687,False,False,False
25障4,19.750080412029043,0,52,-0.6070416835289357,False,False,False
2019障118,19.74721005539255,0,98,0.9442870632672333,False,False,False
19障456,19.747124035059148,0,31,-1.3152569809793606,False,False,False
30障30,19.742812444450117,0,77,0.23607176581680833,False,False,False
18障462,19.74197482955245,0,69,-0.03372453797382976,False,False,False
17障21,19.740525755617874,0,100,1.011736139214893,False,False,False
28障339,19.736479291683462,0,65,-0.1686226898691488,False,False,False
18障482,19.73587991734134,0,83,0.43841899365978687,False,False,False
19障183,19.733467344358786,0,65,-0.1686226898691488,False,False,False
2022障229,19.73297452092709,0,59,-0.3709699177121274,False,False,False
28障3,19.7292463251262,0,43,-0.9105625252934035,False,False,False
25障53,19.72904289085023,0,71,0.03372453797382976,False,False,False
25障54,19.72904289085023,0,88,0.6070416835289357,False,False,False
2023障5,19.72641019946987,0,94,0.8093889113719143,False,False,False
22障171,19.72398520043374,0,51,-0.6407662215027655,False,False,False
19障288,19.722366704321484,0,91,0.708215297450425,False,False,False
28障188,19.722213184474704,0,88,0.6070416835289357,False,False,False
26障242,19.717865400807593,0,66,-0.13489815189531904,False,False,False
25障19,19.716011966467796,0,64,-0.20234722784297857,False,False,False
20障406,19.714428210490095,0,54,-0.5395926075812761,False,False,False
24障8,19.713622649352274,0,40,-1.011736139214893,False,False,False
23障20,19.71338384406153,0,71,0.03372453797382976,False,False,False
28障112,19.711751617615203,0,111,1.3827060569270202,False,False,False
25障348,19.709415418988794,0,99,0.9780116012410631,False,False,False
25障349,19.709415418988794,0,46,-0.8093889113719143,False,False,False
19障337,19.70939710949945,0,81,0.3709699177121274,False,False,False
21障17,19.70669496685834,0,93,0.7756643733980845,False,False,False
2023障256,19.70258298955617,0,91,0.708215297450425,False,False,False
25障117,19.70144163693697,0,71,0.03372453797382976,False,False,False
29障78,19.701041915971548,0,35,-1.1803588290840417,False,False,False
2020障171,19.693536325701356,0,98,0.9442870632672333,False,False,False
24障260,19.691553364607284,0,111,1.3827060569270202,False,False,False
28障362,19.688581332085953,0,111,1.3827060569270202,False,False,False
23障12,19.68195161592614,0,60,-0.3372453797382976,False,False,False
19障91,19.68172287929685,0,92,0.7419398354242548,False,False,False
19障290,19.681507442369576,0,29,-1.3827060569270202,False,False,False
28障354,19.680842950906623,0,22,-1.6187778227438285,False,False,False
29障17,19.680263184867435,0,77,0.23607176581680833,False,False,False
18障446,19.680113480019426,0,44,-0.8768379873195737,False,False,False
30障218,19.67796842383145,0,147,2.5967894239848914,False,False,False
2023障21,19.677947944027345,0,100,1.011736139214893,False,False,False
2019障183,19.676769807070663,0,42,-0.9442870632672333,False,False,False
2019障184,19.676769807070663,0,91,0.708215297450425,False,False,False
2023障275,19.671748682415515,0,90,0.6744907594765952,False,False,False
19障296,19.667337630179965,0,62,-0.26979630379063807,False,False,False
2020障22,19.66540830226584,0,101,1.0454606771887227,False,False,False
2020障3,19.665262920260012,0,73,0.10117361392148928,False,False,False
29障36３,19.66313466642479,0,61,-0.30352084176446786,False,False,False
2023障266,19.65468502995866,0,87,0.5733171455551059,False,False,False
2023障270,19.65468502995866,0,74,0.13489815189531904,False,False,False
2023障271,19.65468502995866,0,82,0.40469445568595713,False,False,False
2023障268,19.65468502995866,0,110,1.3489815189531904,False,False,False
25障63,19.653892469371815,0,82,0.40469445568595713,False,False,False
24障57,19.653506506457518,0,121,1.719951436665318,False,False,False
29障2,19.652620526844835,0,54,-0.5395926075812761,False,False,False
27障259,19.650607462079677,0,61,-0.30352084176446786,False,False,False
24障14,19.648121975655638,0,85,0.5058680696074465,False,False,False
24障221,19.647561657144887,0,90,0.6744907594765952,False,False,False
2021障2,19.643104660214398,0,120,1.6862268986914881,False,False,False
25障369,19.642172205764027,0,72,0.06744907594765952,False,False,False
2019障28,19.63352133640646,0,112,1.41643059490085,False,False,False
2021障85,19.63296832559032,0,59,-0.3709699177121274,False,False,False
24障379,19.63099345721299,0,76,0.20234722784297857,False,False,False
24障381,19.63099345721299,0,22,-1.6187778227438285,False,False,False
24障382,19.63099345721299,0,56,-0.47214353163361666,False,False,False
24障380,19.63099345721299,0,92,0.7419398354242548,False,False,False
22障375,19.630613567177466,0,59,-0.3709699177121274,False,False,False
19障473,19.63043594413193,0,137,2.259544044246594,False,False,False
2021障296,19.630407342259076,0,100,1.011736139214893,False,False,False
28障378,19.621338118861186,0,49,-0.708215297450425,False,False,False
28障379,19.621338118861186,0,154,2.8328611898017,False,False,False
28障380,19.621338118861186,0,45,-0.8431134493457441,False,False,False
19障328,19.621058151693546,0,79,0.30352084176446786,False,False,False
30障190,19.617492991961473,0,59,-0.3709699177121274,False,False,False
2021障285,19.613343689802218,0,88,0.6070416835289357,False,False,False
2021障293,19.613343689802218,0,57,-0.43841899365978687,False,False,False
2021障292,19.613343689802218,0,117,1.5850532847699987,False,False,False
21障21,19.611599496821228,0,87,0.5733171455551059,False,False,False
30障369,19.609790847810633,0,61,-0.30352084176446786,False,False,False
2020障390,19.6085338466152,0,67,-0.10117361392148928,False,False,False
21障45,19.604873103076013,0,111,1.3827060569270202,False,False,False
23障340,19.60406668509759,0,52,-0.6070416835289357,False,False,False
27障219,19.600046781537372,0,90,0.6744907594765952,False,False,False
29障390,19.59589145320002,0,60,-0.3372453797382976,False,False,False
19障240,19.59280213163035,0,57,-0.43841899365978687,False,False,False
18障112,19.590436441548007,0,70,0.0,False,False,False
22障3,19.58588660617961,0,48,-0.7419398354242548,False,False,False
2021障31,19.585313309483354,0,74,0.13489815189531904,False,False,False
23障27,19.58512479554461,0,66,-0.13489815189531904,False,False,False
2023障14,19.584496279775426,0,120,1.6862268986914881,False,False,False
2023障13,19.584496279775426,0,121,1.719951436665318,False,False,False
27障395,19.58347858160548,0,51,-0.6407662215027655,False,False,False
30障393,19.583406896537774,0,69,-0.03372453797382976,False,False,False
2023障305,19.583122710623748,0,90,0.6744907594765952,False,False,False
26障59,19.581500645253044,0,98,0.9442870632672333,False,False,False
2022障234,19.58021854491256,0,58,-0.40469445568595713,False,False,False
2022障237,19.58021854491256,0,74,0.13489815189531904,False,False,False
28障386,19.579373919762155,0,94,0.8093889113719143,False,False,False
28障33,19.57691016414792,0,55,-0.5058680696074465,False,False,False
26障29,19.575379480348595,0,43,-0.9105625252934035,False,False,False
26障402,19.568628302441656,0,77,0.23607176581680833,False,False,False
17障405,19.565087258634055,0,73,0.10117361392148928,False,False,False
2019障4,19.564758672990042,0,62,-0.26979630379063807,False,False,False
2021障201,19.560171301974975,0,90,0.6744907594765952,False,False,False
2019障320,19.559636700043438,1,112,1.41643059490085,False,False,False
27障416,19.556062354034722,0,138,2.2932685822204237,False,False,False
20障38,19.55565676731966,0,64,-0.20234722784297857,False,False,False
27障209,19.55430190036899,0,63,-0.23607176581680833,False,False,False
17障69,19.552680587319706,0,129,1.9897477404559558,False,False,False
19障295,19.55008511320454,0,66,-0.13489815189531904,False,False,False
30障257,19.548466379918164,0,77,0.23607176581680833,False,False,False
19障78,19.545632865810433,0,45,-0.8431134493457441,False,False,False
21障260,19.545491470011743,0,49,-0.708215297450425,False,False,False
2022障25,19.538977091914532,0,113,1.4501551328746798,False,False,False
19障464,19.534657551706236,0,58,-0.40469445568595713,False,False,False
21障64,19.53437266686752,0,102,1.0791852151625523,False,False,False
21障247,19.528427817554885,0,40,-1.011736139214893,False,False,False
21障248,19.528427817554885,0,109,1.3152569809793606,False,False,False
18障34,19.528164726698243,0,60,-0.3372453797382976,False,False,False
2020障23,19.527117803290867,0,84,0.47214353163361666,False,False,False
2019障187,19.524013831056134,0,46,-0.8093889113719143,False,False,False
2019障2,19.520142949079563,0,100,1.011736139214893,False,False,False
2021障288,19.51836145949661,0,73,0.10117361392148928,False,False,False
2021障289,19.51836145949661,0,75,0.1686226898691488,False,False,False
2021障290,19.51836145949661,0,63,-0.23607176581680833,False,False,False
29障249,19.516784748385838,0,85,0.5058680696074465,False,False,False
21障51,19.516628763888473,0,81,0.3709699177121274,False,False,False
27障423,19.51623536838071,0,84,0.47214353163361666,False,False,False
25障128,19.516175359283892,0,119,1.6525023607176583,False,False,False
23障364,19.514767995380254,0,38,-1.0791852151625523,False,False,False
18障64,19.51419879212351,0,83,0.43841899365978687,False,False,False
21障146,19.513230436954565,0,70,0.0,False,False,False
21障417,19.511859617622992,0,58,-0.40469445568595713,False,False,False
21障418,19.511859617622992,0,117,1.5850532847699987,False,False,False
30障3,19.511404077928415,0,97,0.9105625252934035,False,False,False
30障135,19.50968025786127,0,45,-0.8431134493457441,False,False,False
2022障219,19.5084801125539,1,92,0.7419398354242548,False,False,False
2019障336,19.50744563112424,0,45,-0.8431134493457441,False,False,False
2019障339,19.50744563112424,0,45,-0.8431134493457441,False,False,False
2021障207,19.50627211775821,1,67,-0.10117361392148928,False,False,False
17障33,19.504595223316226,0,46,-0.8093889113719143,False,False,False
19障335,19.50436749345353,0,118,1.6187778227438285,False,False,False
22障296,19.502028514529542,0,172,3.439902873330636,False,False,False
21障3,19.50134547804304,0,53,-0.5733171455551059,False,False,False
20障403,19.49981088494254,0,76,0.20234722784297857,False,False,False
17障428,19.497844045409288,0,82,0.40469445568595713,False,False,False
2019障41,19.496980014749596,0,81,0.3709699177121274,False,False,False
28障13,19.496691566766398,0,138,2.2932685822204237,False,False,False
2021障301,19.49512546398917,0,105,1.1803588290840417,False,False,False
20障164,19.492506083589088,0,63,-0.23607176581680833,False,False,False
2023障89,19.492456172315347,0,110,1.3489815189531904,False,False,False
2021障8,19.491975806998784,0,85,0.5058680696074465,False,False,False
2022障254,19.491938840079982,0,75,0.1686226898691488,False,False,False
2022障250,19.491938840079982,0,90,0.6744907594765952,False,False,False
22障9,19.49053296933329,0,122,1.7536759746391475,False,False,False
2019障332,19.490381978667383,0,102,1.0791852151625523,False,False,False
2019障333,19.490381978667383,0,35,-1.1803588290840417,False,False,False
30障397,19.49026356481854,0,109,1.3152569809793606,False,False,False
2022障227,19.488948398933946,0,22,-1.6187778227438285,False,False,False
17障250,19.486673228260344,0,50,-0.6744907594765952,False,False,False
23障248,19.481685400729134,0,40,-1.011736139214893,False,False,False
27障394,19.480757970120543,0,96,0.8768379873195737,False,False,False
30障378,19.47950915707919,0,82,0.40469445568595713,False,False,False
25障212,19.478245412600554,0,59,-0.3709699177121274,False,False,False
27障4,19.477610805179207,0,93,0.7756643733980845,False,False,False
2019障90,19.47587093054601,0,56,-0.47214353163361666,False,False,False
23障198,19.475617290194283,0,60,-0.3372453797382976,False,False,False
19障293,19.474628498001348,0,79,0.30352084176446786,False,False,False
27障431,19.47427116928168,0,38,-1.0791852151625523,False,False,False
28障338,19.471677432906468,0,41,-0.9780116012410631,False,False,False
17障104,19.4703508369075,0,79,0.30352084176446786,False,False,False
2023障68,19.468733081309587,0,99,0.9780116012410631,False,False,False
18障274,19.46471443795987,0,46,-0.8093889113719143,False,False,False
25障96,19.464238195999904,0,42,-0.9442870632672333,False,False,False
23障89,19.461610073593633,0,55,-0.5058680696074465,False,False,False
23障362,19.45904909026239,0,79,0.30352084176446786,False,False,False
19障286,19.457564845544493,0,39,-1.0454606771887227,False,False,False
28障187,19.457411325697713,0,57,-0.43841899365978687,False,False,False
18障295,19.456681854810512,0,73,0.10117361392148928,False,False,False
2021障319,19.448638038748072,0,69,-0.03372453797382976,False,False,False
2021障307,19.448638038748072,0,98,0.9442870632672333,False,False,False
17障284,19.448000934807016,0,50,-0.6744907594765952,False,False,False
30障66,19.44787727998651,0,53,-0.5733171455551059,False,False,False
24障38,19.447135494483497,0,83,0.43841899365978687,False,False,False
20障32,19.44705723080404,0,52,-0.6070416835289357,False,False,False
22障258,19.445619120450466,0,82,0.40469445568595713,False,False,False
21障454,19.444616404398225,0,125,1.8548495885606369,False,False,False
25障343,19.444613560211803,0,70,0.0,False,False,False
2020障215,19.444607053451723,0,61,-0.30352084176446786,False,False,False
28障93,19.443404109097063,0,142,2.428166734115743,False,False,False
2019障319,19.443297707959285,0,75,0.1686226898691488,False,False,False
23障341,19.441985437805535,0,36,-1.1466342911102119,False,False,False
23障342,19.441985437805535,0,68,-0.06744907594765952,False,False,False
23障343,19.441985437805535,0,61,-0.30352084176446786,False,False,False
19障129,19.441242454191652,0,50,-0.6744907594765952,False,False,False
19障447,19.4409966456126,0,13,-1.9222986645082965,False,False,False
20障455,19.440306052897103,0,86,0.5395926075812761,False,False,False
22障453,19.43601420081556,0,75,0.1686226898691488,False,False,False
22障454,19.43601420081556,0,67,-0.10117361392148928,False,False,False
22障455,19.43601420081556,0,161,3.068932955618508,False,False,False
18障322,19.43232261481537,0,63,-0.23607176581680833,False,False,False
17障153,19.431361112264053,0,153,2.79913665182787,False,False,False
2019障188,19.429031600750527,0,44,-0.8768379873195737,False,False,False
2020障376,19.42803885351983,0,59,-0.3709699177121274,False,False,False
20障434,19.42638868695173,0,100,1.011736139214893,False,False,False
19障180,19.425953463079814,0,55,-0.5058680696074465,False,False,False
28障358,19.42377947330896,0,56,-0.47214353163361666,False,False,False
28障357,19.42377947330896,0,80,0.3372453797382976,False,False,False
28障359,19.42377947330896,0,89,0.6407662215027655,False,False,False
28障365,19.422458149096993,0,45,-0.8431134493457441,False,False,False
23障7,19.42158926967561,0,65,-0.1686226898691488,False,False,False
28障70,19.42052673149561,0,62,-0.26979630379063807,False,False,False
30障216,19.4194801033743,0,96,0.8768379873195737,False,False,False
30障217,19.4194801033743,0,45,-0.8431134493457441,False,False,False
2019障359,19.418819659332474,0,89,0.6407662215027655,False,False,False
2021障28,19.41750736220329,0,94,0.8093889113719143,False,False,False
2022障14,19.41590847349478,0,85,0.5058680696074465,False,False,False
29障373,19.415396460104652,0,57,-0.43841899365978687,False,False,False
29障374,19.415396460104652,0,60,-0.3372453797382976,False,False,False
29障244,19.41243904493413,0,161,3.068932955618508,False,False,False
2020障361,19.41097520106297,0,46,-0.8093889113719143,False,False,False
2020障367,19.41097520106297,0,54,-0.5395926075812761,False,False,False
2020障365,19.41097520106297,0,73,0.10117361392148928,False,False,False
23障240,19.410374055340856,0,141,2.394442196141913,False,False,False
17障279,19.409373867449002,0,161,3.068932955618508,False,False,False
2023障23,19.40890222299798,0,105,1.1803588290840417,False,False,False
2023障279,19.406946823638524,0,67,-0.10117361392148928,False,False,False
2023障278,19.406946823638524,0,89,0.6407662215027655,False,False,False
26障218,19.404701509278183,0,40,-1.011736139214893,False,False,False
17障433,19.40470071369005,0,64,-0.20234722784297857,False,False,False
21障463,19.40265220529919,0,77,0.23607176581680833,False,False,False
18障463,19.39622069577572,0,94,0.8093889113719143,False,False,False
20障29,19.39587809818384,0,56,-0.47214353163361666,False,False,False
28障34,19.395863254757444,0,68,-0.06744907594765952,False,False,False
2020障239,19.395777820462648,0,122,1.7536759746391475,False,False,False
18障289,19.394473054723715,0,77,0.23607176581680833,False,False,False
29障75,19.393500114312133,0,92,0.7419398354242548,False,False,False
28障228,19.392168090844283,0,27,-1.4501551328746798,False,False,False
22障31,19.391586246102296,0,67,-0.10117361392148928,False,False,False
26障73,19.39113448679136,0,42,-0.9442870632672333,False,False,False
2020障6,19.390579032933047,0,109,1.3152569809793606,False,False,False
2021障65,19.38929460367448,0,59,-0.3709699177121274,False,False,False
30障133,19.38797924272495,0,99,0.9780116012410631,False,False,False
24障15,19.387924559273234,0,78,0.26979630379063807,False,False,False
2022障78,19.38722218833879,0,50,-0.6744907594765952,False,False,False
20障21,19.385886765083953,0,107,1.2478079050317012,False,False,False
20障22,19.385886765083953,0,76,0.20234722784297857,False,False,False
30障366,19.38584825098555,0,38,-1.0791852151625523,False,False,False
30障367,19.38584825098555,0,60,-0.3372453797382976,False,False,False
29障18,19.385598006920603,0,90,0.6744907594765952,False,False,False
28障74,19.385095861647752,0,55,-0.5058680696074465,False,False,False
27障24,19.38364019243618,0,87,0.5733171455551059,False,False,False
24障389,19.383255250892855,0,109,1.3152569809793606,False,False,False
22障27,19.381594913002413,0,99,0.9780116012410631,False,False,False
23障199,19.380635059888675,0,79,0.30352084176446786,False,False,False
23障100,19.379478688579766,0,57,-0.43841899365978687,False,False,False
29障188,19.379293167942524,0,126,1.8885741265344667,False,False,False
18障1,19.377375069650505,0,48,-0.7419398354242548,False,False,False
19障179,19.374494940054934,0,33,-1.2478079050317012,False,False,False
19障493,19.37375343238783,0,30,-1.3489815189531904,False,False,False
20障384,19.370103560482015,0,48,-0.7419398354242548,False,False,False
22障41,19.369533684202345,0,98,0.9442870632672333,False,False,False
24障275,19.367860989826234,0,51,-0.6407662215027655,False,False,False
24障376,19.366191598436,0,107,1.2478079050317012,False,False,False
2021障294,19.36560548348208,0,75,0.1686226898691488,False,False,False
2021障295,19.36560548348208,0,29,-1.3827060569270202,False,False,False
30障2,19.364430088777528,0,69,-0.03372453797382976,False,False,False
30障1,19.364430088777528,0,52,-0.6070416835289357,False,False,False
18障324,19.364129315030826,0,69,-0.03372453797382976,False,False,False
2020障340,19.363890930354874,0,111,1.3827060569270202,False,False,False
2022障8,19.363869869195188,0,110,1.3489815189531904,False,False,False
19障287,19.362582615238885,0,20,-1.6862268986914881,False,False,False
2019障9,19.361772225897223,0,79,0.30352084176446786,False,False,False
2019障11,19.361772225897223,0,62,-0.26979630379063807,False,False,False
19障34,19.361298343673717,0,62,-0.26979630379063807,False,False,False
19障490,19.359637854073377,0,41,-0.9780116012410631,False,False,False
23障238,19.358915532315976,0,61,-0.30352084176446786,False,False,False
25障85,19.356849887960138,0,17,-1.7874005126129773,False,False,False
18障499,19.355806789196993,0,75,0.1686226898691488,False,False,False
18障500,19.355806789196993,0,69,-0.03372453797382976,False,False,False
20障58,19.35576391851874,0,52,-0.6070416835289357,False,False,False
2022障145,19.354549217214426,0,91,0.708215297450425,False,False,False
2022障144,19.354549217214426,0,113,1.4501551328746798,False,False,False
27障223,19.352308575217236,0,58,-0.40469445568595713,False,False,False
28障5,19.35220417255883,0,56,-0.47214353163361666,False,False,False
24障266,19.351754390243503,0,117,1.5850532847699987,False,False,False
29障344,19.3512485369397,0,55,-0.5058680696074465,False,False,False
25障345,19.349631329906195,0,59,-0.3709699177121274,False,False,False
25障346,19.349631329906195,0,153,2.79913665182787,False,False,False
28障355,19.349572979787204,0,125,1.8548495885606369,False,False,False
19障33,19.347182765359264,0,97,0.9105625252934035,False,False,False
23障347,19.347003207499924,0,48,-0.7419398354242548,False,False,False
23障348,19.347003207499924,0,28,-1.41643059490085,False,False,False
18障494,19.341691210882537,0,33,-1.2478079050317012,False,False,False
30障354,19.338763980277452,0,100,1.011736139214893,False,False,False
27障402,19.335740375285344,0,32,-1.281532443005531,False,False,False
27障403,19.335740375285344,0,124,1.821125050586807,False,False,False
17障253,19.333917252245815,0,49,-0.708215297450425,False,False,False
30障82,19.329373003765145,0,132,2.0909213543774454,False,False,False
23障365,19.32936090126921,0,103,1.112909753136382,False,False,False
28障356,19.328797243003354,0,67,-0.10117361392148928,False,False,False
28障361,19.328797243003354,0,69,-0.03372453797382976,False,False,False
29障10,19.32814405746456,0,124,1.821125050586807,False,False,False
2021障313,19.325247422347825,0,46,-0.8093889113719143,False,False,False
21障160,19.32455181999466,0,73,0.10117361392148928,False,False,False
19障35,19.319334144574682,0,69,-0.03372453797382976,False,False,False
22障16,19.317667718209396,0,87,0.5733171455551059,False,False,False
17障414,19.31734905231392,0,46,-0.8093889113719143,False,False,False
18障15,19.31718222599549,0,57,-0.43841899365978687,False,False,False
20障3,19.315659500802315,0,61,-0.30352084176446786,False,False,False
2023障280,19.311964593332917,0,69,-0.03372453797382976,False,False,False
2023障277,19.311964593332917,0,108,1.281532443005531,False,False,False
2019障122,19.308994626204395,0,89,0.6407662215027655,False,False,False
24障226,19.304841220519144,0,69,-0.03372453797382976,False,False,False
29障361,19.30335057734219,0,47,-0.7756643733980845,False,False,False
29障362,19.30335057734219,0,47,-0.7756643733980845,False,False,False
29障379,19.302662564355032,0,160,3.0352084176446787,False,False,False
29障380,19.302662564355032,0,120,1.6862268986914881,False,False,False
2021障203,19.300398197012907,0,72,0.06744907594765952,False,False,False
17障400,19.300285399857064,0,47,-0.7756643733980845,False,False,False
17障401,19.300285399857064,0,69,-0.03372453797382976,False,False,False
17障402,19.300285399857064,0,56,-0.47214353163361666,False,False,False
27障2,19.29828055469856,0,129,1.9897477404559558,False,False,False
28障12,19.2951697205388,0,142,2.428166734115743,False,False,False
2019障29,19.294545651068454,0,76,0.20234722784297857,False,False,False
24障375,19.291985104914243,0,54,-0.5395926075812761,False,False,False
2020障238,19.291450988773647,0,126,1.8885741265344667,False,False,False
20障394,19.290645366942385,0,79,0.30352084176446786,False,False,False
2019障18,19.28907448243863,0,76,0.20234722784297857,False,False,False
23障103,19.27975658016222,0,112,1.41643059490085,False,False,False
2021障311,19.2773257786495,0,49,-0.708215297450425,False,False,False
29障9,19.27696492484436,0,62,-0.26979630379063807,False,False,False
26障364,19.276087426583825,0,40,-1.011736139214893,False,False,False
26障365,19.276087426583825,0,135,2.1920949682989344,False,False,False
26障366,19.276087426583825,0,90,0.6744907594765952,False,False,False
26障367,19.276087426583825,0,64,-0.20234722784297857,False,False,False
29障209,19.274729292083194,0,83,0.43841899365978687,False,False,False
20障8,19.272508377757056,0,75,0.1686226898691488,False,False,False
22障263,19.272087407652087,0,53,-0.5733171455551059,False,False,False
24障378,19.271209368130393,0,52,-0.6070416835289357,False,False,False
29障19,19.269723054877637,0,139,2.3269931201942535,False,False,False
2021障198,19.269466881867565,0,79,0.30352084176446786,False,False,False
21障429,19.264121411302856,0,46,-0.8093889113719143,False,False,False
17障291,19.262912866957315,0,85,0.5058680696074465,False,False,False
2022障22,19.262603536287195,0,22,-1.6187778227438285,False,False,False
2019障103,19.261870415599514,0,136,2.225819506272764,False,False,False
2022障4,19.261738117299682,0,134,2.1583704303251046,False,False,False
20障426,19.259811059801734,0,53,-0.5733171455551059,False,False,False
2020障332,19.25801558716521,0,82,0.40469445568595713,False,False,False
21障155,19.250464720602494,0,67,-0.10117361392148928,False,False,False
2022障149,19.250209399666392,0,155,2.86658572777553,False,False,False
18障29,19.25020836876364,0,34,-1.2140833670578715,False,False,False
2020障114,19.2494912651997,0,133,2.1246458923512748,False,False,False
19障8,19.249106880293045,0,82,0.40469445568595713,False,False,False
29障27,19.248204444039242,0,111,1.3827060569270202,False,False,False
28障373,19.247438451464134,0,45,-0.8431134493457441,False,False,False
21障411,19.247057758846,0,80,0.3372453797382976,False,False,False
21障410,19.247057758846,0,55,-0.5058680696074465,False,False,False
21障409,19.247057758846,0,118,1.6187778227438285,False,False,False
2020障391,19.24626955000883,0,71,0.03372453797382976,False,False,False
28障11,19.2439905879186,0,49,-0.708215297450425,False,False,False
20障408,19.24274740734488,0,69,-0.03372453797382976,False,False,False
2019障341,19.242643772347247,0,48,-0.7419398354242548,False,False,False
2023障39,19.24143432577268,0,96,0.8768379873195737,False,False,False
2023障167,19.238683337308164,1,104,1.1466342911102119,False,False,False
22障404,19.238455555263336,0,54,-0.5395926075812761,False,False,False
19障116,19.238223815836566,0,43,-0.9105625252934035,False,False,False
30障12,19.235719887376998,0,68,-0.06744907594765952,False,False,False
27障379,19.23239026589136,0,51,-0.6407662215027655,False,False,False
27障380,19.23239026589136,0,119,1.6525023607176583,False,False,False
28障1,19.225338932186286,0,79,0.30352084176446786,False,False,False
19障429,19.224092746433115,0,35,-1.1803588290840417,False,False,False
24障43,19.222426628385584,0,104,1.1466342911102119,False,False,False
2022障5,19.21977391820065,0,77,0.23607176581680833,False,False,False
22障8,19.21805938713341,0,84,0.47214353163361666,False,False,False
21障293,19.215446376381323,0,148,2.6305139619587212,False,False,False
20障33,19.21483118879336,0,92,0.7419398354242548,False,False,False
2021障7,19.20932656424237,0,100,1.011736139214893,False,False,False
30障8,19.206059365595188,0,87,0.5733171455551059,False,False,False
25障66,19.205950280024965,0,139,2.3269931201942535,False,False,False
2019障362,19.20554320013487,0,41,-0.9780116012410631,False,False,False
19障168,19.20546385318743,0,37,-1.112909753136382,False,False,False
21障6,19.202824722368753,0,107,1.2478079050317012,False,False,False
29障354,19.198261448587953,0,75,0.1686226898691488,False,False,False
24障112,19.197529870487365,0,51,-0.6407662215027655,False,False,False
25障353,19.196875353891667,0,23,-1.5850532847699987,False,False,False
25障352,19.196875353891667,0,61,-0.30352084176446786,False,False,False
19障123,19.19625961673753,0,117,1.5850532847699987,False,False,False
19障146,19.195819422623707,0,46,-0.8093889113719143,False,False,False
23障356,19.1942472314854,0,111,1.3827060569270202,False,False,False
19障457,19.193258439292464,0,39,-1.0454606771887227,False,False,False
18障292,19.191879996033517,0,42,-0.9442870632672333,False,False,False
18障293,19.191879996033517,0,85,0.5058680696074465,False,False,False
27障267,19.191755160559484,0,119,1.6525023607176583,False,False,False
22障388,19.191371284555238,0,60,-0.3372453797382976,False,False,False
26障10,19.19128077149907,0,41,-0.9780116012410631,False,False,False
18障97,19.18625590648223,0,75,0.1686226898691488,False,False,False
21障259,19.18570738092914,0,41,-0.9780116012410631,False,False,False
19障45,19.18418755263743,0,134,2.1583704303251046,False,False,False
18障48,19.18151105771345,0,57,-0.43841899365978687,False,False,False
20障247,19.18139702942802,0,47,-0.7756643733980845,False,False,False
30障126,19.18048159440195,0,117,1.5850532847699987,False,False,False
23障203,19.18024001488475,0,43,-0.9105625252934035,False,False,False
23障204,19.18024001488475,0,157,2.9340348037231894,False,False,False
19障444,19.176194786835605,0,67,-0.10117361392148928,False,False,False
21障455,19.17549543951109,0,114,1.4838796708485096,False,False,False
2019障33,19.17286985839161,0,128,1.9560232024821262,False,False,False
21障408,19.172851265324244,0,57,-0.43841899365978687,False,False,False
2020障369,19.163236994742835,0,71,0.03372453797382976,False,False,False
2020障370,19.163236994742835,0,55,-0.5058680696074465,False,False,False
2020障373,19.163236994742835,0,49,-0.708215297450425,False,False,False
2020障374,19.163236994742835,0,59,-0.3709699177121274,False,False,False
28障127,19.162384576288463,0,65,-0.1686226898691488,False,False,False
22障45,19.15898043738732,0,58,-0.40469445568595713,False,False,False
18障448,19.15824814364477,0,25,-1.5176042088223394,False,False,False
18障450,19.15824814364477,0,32,-1.281532443005531,False,False,False
18障451,19.15824814364477,0,68,-0.06744907594765952,False,False,False
18障449,19.15824814364477,0,54,-0.5395926075812761,False,False,False
25障367,19.15651729275741,0,53,-0.5733171455551059,False,False,False
25障366,19.15651729275741,0,61,-0.30352084176446786,False,False,False
29障391,19.155458228214314,0,74,0.13489815189531904,False,False,False
2021障35,19.15224124577052,0,88,0.6070416835289357,False,False,False
21障414,19.152075528540394,0,50,-0.6744907594765952,False,False,False
29障370,19.15059460132766,0,103,1.112909753136382,False,False,False
29障369,19.15059460132766,0,44,-0.8768379873195737,False,False,False
29障368,19.15059460132766,0,115,1.5176042088223394,False,False,False
18障239,19.150394966937462,0,34,-1.2140833670578715,False,False,False
2020障118,19.149580304042473,0,78,0.26979630379063807,False,False,False
2020障216,19.149229778142185,0,46,-0.8093889113719143,False,False,False
20障410,19.14776517703927,0,82,0.40469445568595713,False,False,False
20障411,19.14776517703927,0,37,-1.112909753136382,False,False,False
2019障337,19.14766154204164,0,89,0.6407662215027655,False,False,False
19障233,19.145475263344036,0,49,-0.708215297450425,False,False,False
22障405,19.14347332495773,0,78,0.26979630379063807,False,False,False
2019障220,19.142510214400833,0,43,-0.9105625252934035,False,False,False
22障23,19.14093181031129,0,80,0.3372453797382976,False,False,False
30障95,19.14067102799666,0,87,0.5733171455551059,False,False,False
30障370,19.138110044665414,0,50,-0.6744907594765952,False,False,False
21障287,19.136878147940067,0,34,-1.2140833670578715,False,False,False
29障215,19.13658738472701,0,58,-0.40469445568595713,False,False,False
17障434,19.13557974880292,0,77,0.23607176581680833,False,False,False
30障251,19.13323651033276,0,72,0.06744907594765952,False,False,False
20障465,19.129220888910936,0,61,-0.30352084176446786,False,False,False
23障44,19.128526485398123,0,51,-0.6407662215027655,False,False,False
2020障24,19.126075128655344,0,90,0.6744907594765952,False,False,False
26障97,19.12589243390054,0,105,1.1803588290840417,False,False,False
26障98,19.12589243390054,0,30,-1.3489815189531904,False,False,False
22障466,19.124929036829393,0,75,0.1686226898691488,False,False,False
19障326,19.124017250660266,0,44,-0.8768379873195737,False,False,False
26障369,19.123331450569296,0,34,-1.2140833670578715,False,False,False
19障114,19.122728171732227,0,101,1.0454606771887227,False,False,False
28障221,19.119804934322968,0,62,-0.26979630379063807,False,False,False
2022障27,19.11861688984257,0,71,0.03372453797382976,False,False,False
19障292,19.11484440891875,0,59,-0.3709699177121274,False,False,False
22障5,19.109845802493176,0,115,1.5176042088223394,False,False,False
25障371,19.108595649059087,0,74,0.13489815189531904,False,False,False
23障379,19.10596752665282,0,63,-0.23607176581680833,False,False,False
25障342,19.105605207913054,0,46,-0.8093889113719143,False,False,False
19障494,19.104632467500696,0,38,-1.0791852151625523,False,False,False
17障29,19.104449072258134,0,70,0.0,False,False,False
18障220,19.10362127490361,0,59,-0.3709699177121274,False,False,False
23障88,19.101825984511034,0,162,3.102657493592338,False,False,False
23障358,19.099265001179788,0,81,0.3709699177121274,False,False,False
23障360,19.099265001179788,0,60,-0.3372453797382976,False,False,False
27障132,19.09468795682908,0,143,2.4618912720895727,False,False,False
23障76,19.09147624129048,0,91,0.708215297450425,False,False,False
19障112,19.089437209531035,0,96,0.8768379873195737,False,False,False
18障6,19.08667284289464,0,77,0.23607176581680833,False,False,False
2019障47,19.086539782099045,0,83,0.43841899365978687,False,False,False
28障353,19.08477112101021,0,26,-1.4838796708485096,False,False,False
29障39,19.08386855746685,0,107,1.2478079050317012,False,False,False
21障461,19.082352107791856,0,34,-1.2140833670578715,False,False,False
19障449,19.081212556529998,0,57,-0.43841899365978687,False,False,False
19障445,19.081212556529998,0,56,-0.47214353163361666,False,False,False
27障114,19.079434065704614,0,162,3.102657493592338,False,False,False
21障108,19.078396030897366,0,65,-0.1686226898691488,False,False,False
19障185,19.077117483359046,0,97,0.9105625252934035,False,False,False
2020障345,19.076172355831993,0,94,0.8093889113719143,False,False,False
2020障383,19.07495728991026,0,169,3.3387292594091464,False,False,False
22障462,19.07374990420919,0,65,-0.1686226898691488,False,False,False
22障427,19.07338251488627,0,72,0.06744907594765952,False,False,False
27障398,19.07093851650835,0,84,0.47214353163361666,False,False,False
2020障371,19.068254764437228,0,78,0.26979630379063807,False,False,False
2020障372,19.068254764437228,0,88,0.6070416835289357,False,False,False
2020障377,19.068254764437228,0,71,0.03372453797382976,False,False,False
2019障211,19.067875137162456,0,33,-1.2478079050317012,False,False,False
2022障24,19.06743775722237,0,96,0.8768379873195737,False,False,False
18障455,19.063265913339162,0,37,-1.112909753136382,False,False,False
18障454,19.063265913339162,0,77,0.23607176581680833,False,False,False
19障497,19.062668268401662,0,64,-0.20234722784297857,False,False,False
2019障32,19.06166993883256,0,84,0.47214353163361666,False,False,False
29障371,19.05561237102205,0,59,-0.3709699177121274,False,False,False
29障372,19.05561237102205,0,34,-1.2140833670578715,False,False,False
30障134,19.054585988974345,0,103,1.112909753136382,False,False,False
22障30,19.054506542550122,0,57,-0.43841899365978687,False,False,False
17障409,19.052547193536924,0,56,-0.47214353163361666,False,False,False
17障410,19.052547193536924,0,49,-0.708215297450425,False,False,False
17障411,19.052547193536924,0,43,-0.9105625252934035,False,False,False
2023障3,19.046502196926614,0,110,1.3489815189531904,False,False,False
2020障11,19.043922153770765,0,79,0.30352084176446786,False,False,False
2023障52,19.04374445343312,0,62,-0.26979630379063807,False,False,False
2019障13,19.043617337797368,0,94,0.8093889113719143,False,False,False
30障374,19.043127814359806,0,58,-0.40469445568595713,False,False,False
19障109,19.04252894486879,0,46,-0.8093889113719143,False,False,False
17障258,19.038539976936278,0,109,1.3152569809793606,False,False,False
27障21,19.033776650420858,0,107,1.2478079050317012,False,False,False
2023障24,19.031671121176945,0,122,1.7536759746391475,False,False,False
26障99,19.03091020359493,0,51,-0.6407662215027655,False,False,False
27障422,19.030580455374093,0,46,-0.8093889113719143,False,False,False
27障421,19.030580455374093,0,158,2.967759341697019,False,False,False
26障372,19.02834922026369,0,118,1.6187778227438285,False,False,False
26障373,19.02834922026369,0,60,-0.3372453797382976,False,False,False
26障371,19.02834922026369,0,37,-1.112909753136382,False,False,False
22障117,19.02782962821567,0,83,0.43841899365978687,False,False,False
30障81,19.026110597925438,0,41,-0.9780116012410631,False,False,False
24障385,19.023471161810253,0,60,-0.3372453797382976,False,False,False
24障386,19.023471161810253,0,92,0.7419398354242548,False,False,False
24障387,19.023471161810253,0,128,1.9560232024821262,False,False,False
24障388,19.023471161810253,0,76,0.20234722784297857,False,False,False
21障86,19.02300867271826,0,50,-0.6744907594765952,False,False,False
2021障16,19.02110497603654,0,69,-0.03372453797382976,False,False,False
26障385,19.019657513886596,0,66,-0.13489815189531904,False,False,False
2021障25,19.017358453408423,0,68,-0.06744907594765952,False,False,False
2021障27,19.017358453408423,0,65,-0.1686226898691488,False,False,False
18障46,19.006941308693,0,47,-0.7756643733980845,False,False,False
2019障318,19.005647960658383,0,53,-0.5733171455551059,False,False,False
2021障1,19.00516085677017,0,101,1.0454606771887227,False,False,False
20障31,19.00494688064692,0,47,-0.7756643733980845,False,False,False
21障424,18.99931955252586,0,58,-0.40469445568595713,False,False,False
21障425,18.99931955252586,0,57,-0.43841899365978687,False,False,False
21障426,18.99931955252586,0,83,0.43841899365978687,False,False,False
21障423,18.99931955252586,0,59,-0.3709699177121274,False,False,False
21障263,18.996567000572117,0,91,0.708215297450425,False,False,False
20障416,18.99500920102474,0,41,-0.9780116012410631,False,False,False
20障417,18.99500920102474,0,56,-0.47214353163361666,False,False,False
18障506,18.993542492590624,0,63,-0.23607176581680833,False,False,False
18障505,18.993542492590624,0,46,-0.8093889113719143,False,False,False
2023障25,18.991743681184236,0,125,1.8548495885606369,False,False,False
22障410,18.9907173489432,0,89,0.6407662215027655,False,False,False
22障411,18.9907173489432,0,91,0.708215297450425,False,False,False
21障142,18.98984667089708,0,72,0.06744907594765952,False,False,False
30障248,18.986891481693952,0,63,-0.23607176581680833,False,False,False
18障405,18.986254040984164,0,80,0.3372453797382976,False,False,False
17障44,18.982862082682786,0,69,-0.03372453797382976,False,False,False
17障218,18.981696701172595,0,60,-0.3372453797382976,False,False,False
2021障275,18.98154539726477,0,111,1.3827060569270202,False,False,False
28障225,18.980925478736804,0,63,-0.23607176581680833,False,False,False
19障50,18.978346600299687,0,103,1.112909753136382,False,False,False
19障6,18.977754245712934,0,54,-0.5395926075812761,False,False,False
18障428,18.977595978241048,0,36,-1.1466342911102119,False,False,False
27障399,18.97595628620274,0,43,-0.9105625252934035,False,False,False
27障400,18.97595628620274,0,43,-0.9105625252934035,False,False,False
27障401,18.97595628620274,0,47,-0.7756643733980845,False,False,False
2022障84,18.96862794608765,0,22,-1.6187778227438285,False,False,False
27障66,18.96756779277499,0,104,1.1466342911102119,False,False,False
2020障40,18.967221859233607,0,116,1.551328746796169,False,False,False
2021障316,18.965463333265223,0,59,-0.3709699177121274,False,False,False
26障13,18.95902137915152,0,69,-0.03372453797382976,False,False,False
21障32,18.95807809952784,0,79,0.30352084176446786,False,False,False
17障412,18.957564963231317,0,61,-0.30352084176446786,False,False,False
20障453,18.954651139890483,0,81,0.3709699177121274,False,False,False
25障37,18.946551975890834,0,65,-0.1686226898691488,False,False,False
2020障109,18.946260370628742,0,89,0.6407662215027655,False,False,False
22障295,18.94354325433968,0,118,1.6187778227438285,False,False,False
20障19,18.942196051176367,0,53,-0.5733171455551059,False,False,False
19障41,18.93839426013765,0,40,-1.011736139214893,False,False,False
2019障226,18.93818577429093,0,69,-0.03372453797382976,False,False,False
2020障235,18.937567667044704,0,92,0.7419398354242548,False,False,False
21障291,18.934112266056687,0,66,-0.13489815189531904,False,False,False
2020障155,18.93410693461569,0,82,0.40469445568595713,False,False,False
24障374,18.932201015831644,0,102,1.0791852151625523,False,False,False
23障28,18.930894513771165,0,113,1.4501551328746798,False,False,False
19障452,18.92845658051547,0,34,-1.2140833670578715,False,False,False
25障28,18.927149116341578,0,120,1.6862268986914881,False,False,False
29障245,18.924925273629526,0,73,0.10117361392148928,False,False,False
23障239,18.924663296889765,0,77,0.23607176581680833,False,False,False
19障330,18.923583046182817,0,50,-0.6744907594765952,False,False,False
17障39,18.9222419957302,0,38,-1.0791852151625523,False,False,False
2023障136,18.91950210880993,0,125,1.8548495885606369,False,False,False
2021障37,18.9180858773752,0,93,0.7756643733980845,False,False,False
19障304,18.91444936391482,0,45,-0.8431134493457441,False,False,False
20障153,18.912232384614107,0,80,0.3372453797382976,False,False,False
18障464,18.91050993732463,0,40,-1.011736139214893,False,False,False
18障465,18.91050993732463,0,53,-0.5733171455551059,False,False,False
18障466,18.91050993732463,0,36,-1.1466342911102119,False,False,False
26障358,18.90898200633694,0,121,1.719951436665318,False,False,False
21障120,18.9068983055515,0,121,1.719951436665318,False,False,False
24障401,18.906783070883037,0,40,-1.011736139214893,False,False,False
23障328,18.905201716374673,1,102,1.0791852151625523,False,False,False
20障129,18.90258795405038,0,100,1.011736139214893,False,False,False
20障420,18.900026970719132,0,34,-1.2140833670578715,False,False,False
20障422,18.900026970719132,0,53,-0.5733171455551059,False,False,False
20障425,18.900026970719132,0,56,-0.47214353163361666,False,False,False
20障421,18.900026970719132,0,67,-0.10117361392148928,False,False,False
20障438,18.897881256527214,0,57,-0.43841899365978687,False,False,False
26障237,18.897662122871164,0,88,0.6070416835289357,False,False,False
22障413,18.895735118637592,0,64,-0.20234722784297857,False,False,False
23障373,18.889087311574148,0,70,0.0,False,False,False
19障491,18.888098519381213,0,42,-0.9442870632672333,False,False,False
19障489,18.888098519381213,0,37,-1.112909753136382,False,False,False
30障365,18.885892446406455,0,83,0.43841899365978687,False,False,False
18障498,18.88516397808226,0,75,0.1686226898691488,False,False,False
19障163,18.88423182931837,0,142,2.428166734115743,False,False,False
22障172,18.88207842793723,0,138,2.2932685822204237,False,False,False
20障105,18.878730358465056,0,69,-0.03372453797382976,False,False,False
29障47,18.873953010600527,0,96,0.8768379873195737,False,False,False
18障493,18.870151876190373,0,86,0.5395926075812761,False,False,False
18障496,18.870151876190373,0,51,-0.6407662215027655,False,False,False
24障54,18.86813001411503,0,62,-0.26979630379063807,False,False,False
19障172,18.850526861950563,0,118,1.6187778227438285,False,False,False
26障47,18.846689859842165,0,84,0.47214353163361666,False,False,False
27障253,18.845269188810217,0,90,0.6744907594765952,False,False,False
2019障26,18.843217609653387,0,46,-0.8093889113719143,False,False,False
21障10,18.841811376831423,0,68,-0.06744907594765952,False,False,False
18障276,18.840007725418587,0,54,-0.5395926075812761,False,False,False
24障227,18.83964431673822,0,98,0.9442870632672333,False,False,False
25障3,18.836430727179756,0,50,-0.6744907594765952,False,False,False
23障3,18.83380260477349,0,42,-0.9442870632672333,False,False,False
19障455,18.833474350209862,0,43,-0.9105625252934035,False,False,False
2023障286,18.832785319087318,0,167,3.271280183461487,False,False,False
27障408,18.831567737759297,0,105,1.1803588290840417,False,False,False
2021障199,18.831052759214693,0,87,0.5733171455551059,False,False,False
19障469,18.825834410656427,0,61,-0.30352084176446786,False,False,False
23障64,18.82542477039041,0,55,-0.5058680696074465,False,False,False
2020障244,18.824857927551086,0,115,1.5176042088223394,False,False,False
24障268,18.823426642706615,0,93,0.7756643733980845,False,False,False
19障19,18.82257347768482,0,77,0.23607176581680833,False,False,False
18障478,18.822230232492053,0,50,-0.6744907594765952,False,False,False
18障477,18.822230232492053,0,48,-0.7419398354242548,False,False,False
2022障40,18.820930610306824,0,98,0.9442870632672333,False,False,False
30障13,18.819574187320313,0,71,0.03372453797382976,False,False,False
26障394,18.818171530658045,0,80,0.3372453797382976,False,False,False
22障32,18.818027755424435,0,55,-0.5058680696074465,False,False,False
2021障300,18.817420343847648,0,114,1.4838796708485096,False,False,False
18障470,18.815527707019022,0,73,0.10117361392148928,False,False,False
18障471,18.815527707019022,0,47,-0.7756643733980845,False,False,False
2023障7,18.81541203943203,0,109,1.3152569809793606,False,False,False
2023障17,18.81394743856681,0,106,1.2140833670578715,False,False,False
2023障4,18.81276051462058,0,122,1.7536759746391475,False,False,False
30障105,18.809029993649464,0,86,0.5395926075812761,False,False,False
28障79,18.807218805893836,0,128,1.9560232024821262,False,False,False
26障120,18.805433461137437,0,54,-0.5395926075812761,False,False,False
26障2,18.80485102295642,0,54,-0.5395926075812761,False,False,False
21障281,18.8034588424938,0,108,1.281532443005531,False,False,False
2020障4,18.80279236803093,0,49,-0.708215297450425,False,False,False
2021障44,18.802432427802636,0,115,1.5176042088223394,False,False,False
18障180,18.80187101631866,0,68,-0.06744907594765952,False,False,False
21障5,18.800481018867355,0,72,0.06744907594765952,False,False,False
17障68,18.799499884630308,0,127,1.9222986645082965,False,False,False
17障7,18.795093790399914,0,46,-0.8093889113719143,False,False,False
28障109,18.792586752077806,0,39,-1.0454606771887227,False,False,False
22障79,18.791913888876163,0,59,-0.3709699177121274,False,False,False
27障381,18.789598552770435,0,75,0.1686226898691488,False,False,False
24障265,18.788444246869695,0,48,-0.7419398354242548,False,False,False
26障121,18.780599873227395,0,56,-0.47214353163361666,False,False,False
17障257,18.773738118159283,0,59,-0.3709699177121274,False,False,False
20障17,18.773617474076104,0,72,0.06744907594765952,False,False,False
30障136,18.77090083289901,0,70,0.0,False,False,False
20障250,18.769339873326608,0,102,1.0791852151625523,False,False,False
27障417,18.765778596597098,0,67,-0.10117361392148928,False,False,False
2019障8,18.765519339318498,0,117,1.5850532847699987,False,False,False
28障27,18.76401600862542,0,35,-1.1803588290840417,False,False,False
2020障386,18.76309484452598,0,88,0.6070416835289357,False,False,False
26障3,18.762886823857386,0,36,-1.1466342911102119,False,False,False
18障16,18.76266263539495,0,40,-1.011736139214893,False,False,False
26障60,18.761681111505766,0,75,0.1686226898691488,False,False,False
25障120,18.759161546244158,0,53,-0.5733171455551059,False,False,False
26障246,18.758673827154038,0,71,0.03372453797382976,False,False,False
24障272,18.755365221432594,0,81,0.3709699177121274,False,False,False
21障23,18.754711009002005,0,29,-1.3827060569270202,False,False,False
18障85,18.75440594707643,0,47,-0.7756643733980845,False,False,False
29障386,18.750452451110803,0,56,-0.47214353163361666,False,False,False
20障132,18.749433985500016,0,41,-0.9780116012410631,False,False,False
26障33,18.74805574810772,0,79,0.30352084176446786,False,False,False
26障34,18.74805574810772,0,75,0.1686226898691488,False,False,False
24障46,18.74754275440584,0,102,1.0791852151625523,False,False,False
24障228,18.744662086432612,0,104,1.1466342911102119,False,False,False
21障18,18.74186614938885,0,112,1.41643059490085,False,False,False
22障54,18.74039397094237,0,41,-0.9780116012410631,False,False,False
30障387,18.737967894448555,0,172,3.439902873330636,False,False,False
2019障200,18.73775153034194,0,70,0.0,False,False,False
17障12,18.734066765924048,0,44,-0.8768379873195737,False,False,False
19障331,18.733340792263448,0,84,0.47214353163361666,False,False,False
19障107,18.729653120448432,0,66,-0.13489815189531904,False,False,False
2020障28,18.72948396045743,0,60,-0.3372453797382976,False,False,False
22障267,18.72857393348658,0,56,-0.47214353163361666,False,False,False
27障26,18.72269148643469,0,103,1.112909753136382,False,False,False
28障117,18.716707346191633,0,83,0.43841899365978687,False,False,False
21障54,18.71570521232384,0,55,-0.5058680696074465,False,False,False
26障64,18.715463873780045,0,74,0.13489815189531904,False,False,False
18障328,18.715394149072612,0,78,0.26979630379063807,False,False,False
28障9,18.70837816299054,0,42,-0.9442870632672333,False,False,False
19障302,18.702787252817338,0,37,-1.112909753136382,False,False,False
19障298,18.702787252817338,0,132,2.0909213543774454,False,False,False
19障299,18.702787252817338,0,48,-0.7419398354242548,False,False,False
19障300,18.702787252817338,0,69,-0.03372453797382976,False,False,False
19障301,18.702787252817338,0,90,0.6744907594765952,False,False,False
29障382,18.70198091668019,0,129,1.9897477404559558,False,False,False
29障125,18.698981619857452,0,107,1.2478079050317012,False,False,False
2021障303,18.698372680740963,0,111,1.3827060569270202,False,False,False
27障225,18.6971472108251,0,47,-0.7756643733980845,False,False,False
20障136,18.697011369613204,0,88,0.6070416835289357,False,False,False
21障449,18.694159632614614,0,78,0.26979630379063807,False,False,False
21障448,18.694159632614614,0,135,2.1920949682989344,False,False,False
24障253,18.69245872644028,0,71,0.03372453797382976,False,False,False
18障43,18.691962832394747,0,110,1.3489815189531904,False,False,False
22障155,18.691490261076932,0,97,0.9105625252934035,False,False,False
20障446,18.689849281113492,0,54,-0.5395926075812761,False,False,False
18障297,18.684840609626498,0,53,-0.5733171455551059,False,False,False
25障27,18.684094566201473,0,41,-0.9780116012410631,False,False,False
23障303,18.683747112649364,0,60,-0.3372453797382976,False,False,False
2021障119,18.683657087069797,0,114,1.4838796708485096,False,False,False
2021障13,18.680932072984774,0,70,0.0,False,False,False
27障268,18.680929536793492,0,143,2.4618912720895727,False,False,False
27障11,18.675258876442605,0,74,0.13489815189531904,False,False,False
29障77,18.675205750394035,0,72,0.06744907594765952,False,False,False
29障115,18.672157856111035,0,73,0.10117361392148928,False,False,False
30障117,18.67182887213598,0,74,0.13489815189531904,False,False,False
20障199,18.67089691059199,0,60,-0.3372453797382976,False,False,False
2023障303,18.66947302577446,0,76,0.20234722784297857,False,False,False
2021障120,18.659032654351563,0,77,0.23607176581680833,False,False,False
27障28,18.658341277577374,0,94,0.8093889113719143,False,False,False
23障6,18.658282298433715,0,36,-1.1466342911102119,False,False,False
17障38,18.653121030843067,0,57,-0.43841899365978687,False,False,False
17障426,18.65240504332007,0,61,-0.30352084176446786,False,False,False
17障424,18.65240504332007,0,48,-0.7419398354242548,False,False,False
20障54,18.649703592718303,0,69,-0.03372453797382976,False,False,False
19障303,18.64964750513783,0,22,-1.6187778227438285,False,False,False
2020障20,18.648745308758542,0,145,2.5293403480372323,False,False,False
21障78,18.64861038957656,0,50,-0.6744907594765952,False,False,False
26障129,18.64514924233494,0,61,-0.30352084176446786,False,False,False
18障51,18.640783699774545,0,86,0.5395926075812761,False,False,False
24障141,18.640016646899237,0,134,2.1583704303251046,False,False,False
21障4,18.638874925813955,0,60,-0.3372453797382976,False,False,False
26障6,18.6386480890587,0,120,1.6862268986914881,False,False,False
29障33,18.637813813637468,0,165,3.2038311075138273,False,False,False
18障321,18.63763542781201,0,58,-0.40469445568595713,False,False,False
2019障283,18.637161423205608,0,55,-0.5058680696074465,False,False,False
26障348,18.635587418239176,0,105,1.1803588290840417,False,False,False
22障4,18.63027272223129,0,48,-0.7419398354242548,False,False,False
22障108,18.6275149787378,0,60,-0.3372453797382976,False,False,False
2022障256,18.626210798929016,0,72,0.06744907594765952,False,False,False
19障485,18.62329666060422,0,50,-0.6744907594765952,False,False,False
28障116,18.623260821332458,0,168,3.3050047214353167,False,False,False
20障78,18.621907344110046,0,67,-0.10117361392148928,False,False,False
2023障12,18.619667462305937,0,96,0.8768379873195737,False,False,False
22障264,18.61692604325995,0,79,0.30352084176446786,False,False,False
22障265,18.61692604325995,0,102,1.0791852151625523,False,False,False
22障162,18.61583937897752,0,105,1.1803588290840417,False,False,False
26障27,18.610550662879106,0,60,-0.3372453797382976,False,False,False
25障177,18.607650199479924,0,38,-1.0791852151625523,False,False,False
22障91,18.60733740370435,0,62,-0.26979630379063807,False,False,False
2023障1,18.60281148301903,0,85,0.5058680696074465,False,False,False
27障107,18.602219749669416,0,74,0.13489815189531904,False,False,False
27障9,18.601491717900686,0,105,1.1803588290840417,False,False,False
28障118,18.60056932053159,0,74,0.13489815189531904,False,False,False
26障397,18.59982337294078,0,64,-0.20234722784297857,False,False,False
21障450,18.599177402309007,0,76,0.20234722784297857,False,False,False
21障451,18.599177402309007,0,90,0.6744907594765952,False,False,False
20障221,18.59756335620922,0,72,0.06744907594765952,False,False,False
2022障26,18.596794946107636,0,113,1.4501551328746798,False,False,False
22障18,18.595037708877456,0,83,0.43841899365978687,False,False,False
2019障19,18.591683680568988,0,67,-0.10117361392148928,False,False,False
30障252,18.590650506874304,0,98,0.9442870632672333,False,False,False
22障451,18.59057519872634,0,101,1.0454606771887227,False,False,False
27障420,18.590147230388386,0,47,-0.7756643733980845,False,False,False
28障51,18.58838057975898,0,123,1.7874005126129773,False,False,False
29障184,18.582609593116786,0,21,-1.6525023607176583,False,False,False
26障26,18.582573527972006,0,49,-0.708215297450425,False,False,False
30障254,18.5801103262959,0,82,0.40469445568595713,False,False,False
21障396,18.577841289730877,0,103,1.112909753136382,False,False,False
20障169,18.57723812687642,0,84,0.47214353163361666,False,False,False
18障53,18.57719843396209,0,77,0.23607176581680833,False,False,False
2023障290,18.576329694055225,0,99,0.9780116012410631,False,False,False
20障26,18.575371745053786,0,74,0.13489815189531904,False,False,False
21障290,18.574328176974088,0,76,0.20234722784297857,False,False,False
2023障55,18.57423247545872,0,55,-0.5058680696074465,False,False,False
29障242,18.569997454752507,0,44,-0.8768379873195737,False,False,False
24障62,18.56983782058028,0,42,-0.9442870632672333,False,False,False
19障102,18.56680624145194,0,54,-0.5395926075812761,False,False,False
25障60,18.563251034019686,0,63,-0.23607176581680833,False,False,False
26障117,18.559992973173824,0,75,0.1686226898691488,False,False,False
25障55,18.558971638199978,0,67,-0.10117361392148928,False,False,False
23障4,18.558096723368426,0,104,1.1466342911102119,False,False,False
2019障3,18.55531413161007,0,69,-0.03372453797382976,False,False,False
18障170,18.55387918616003,0,60,-0.3372453797382976,False,False,False
24障262,18.55227392247301,0,85,0.5058680696074465,False,False,False
27障20,18.54812173741424,0,95,0.8431134493457441,False,False,False
22障7,18.547895747610756,0,49,-0.708215297450425,False,False,False
25障219,18.547710333494745,0,45,-0.8431134493457441,False,False,False
18障125,18.542937088352723,0,53,-0.5733171455551059,False,False,False
19障336,18.538447600800612,0,44,-0.8768379873195737,False,False,False
28障71,18.538137551297137,0,44,-0.8768379873195737,False,False,False
24障248,18.53785624554071,0,73,0.10117361392148928,False,False,False
18障168,18.53652989663743,0,63,-0.23607176581680833,False,False,False
2021障310,18.534988353898786,0,55,-0.5058680696074465,False,False,False
24障355,18.534862717143252,0,33,-1.2478079050317012,False,False,False
28障233,18.53374202681767,0,51,-0.6407662215027655,False,False,False
20障30,18.533407545954752,0,122,1.7536759746391475,False,False,False
2019障5,18.53249925734085,0,78,0.26979630379063807,False,False,False
24障353,18.532221670118386,0,84,0.47214353163361666,False,False,False
24障352,18.532221670118386,0,63,-0.23607176581680833,False,False,False
2021障74,18.5310322770043,0,96,0.8768379873195737,False,False,False
26障4,18.529145141551357,0,37,-1.112909753136382,False,False,False
19障487,18.52831443029861,0,58,-0.40469445568595713,False,False,False
18障114,18.527129992085783,0,51,-0.6407662215027655,False,False,False
24障16,18.52545400704415,0,116,1.551328746796169,False,False,False
2019障75,18.52326567871472,0,108,1.281532443005531,False,False,False
26障321,18.517849101427654,0,35,-1.1803588290840417,False,False,False
21障152,18.517488122396497,0,70,0.0,False,False,False
19障12,18.516832821183357,0,29,-1.3827060569270202,False,False,False
2019障162,18.51682704691836,0,68,-0.06744907594765952,False,False,False
19障32,18.515859341584495,0,102,1.0791852151625523,False,False,False
22障105,18.515328498009573,0,43,-0.9105625252934035,False,False,False
2023障178,18.513986166104726,0,97,0.9105625252934035,False,False,False
18障488,18.510367787107775,0,69,-0.03372453797382976,False,False,False
21障282,18.50884836605074,0,49,-0.708215297450425,False,False,False
2022障55,18.50852360202258,0,89,0.6407662215027655,False,False,False
2022障56,18.50852360202258,0,104,1.1466342911102119,False,False,False
22障452,18.50824893765182,0,103,1.112909753136382,False,False,False
2020障94,18.50422581779397,0,118,1.6187778227438285,False,False,False
23障371,18.501510290378107,0,104,1.1466342911102119,False,False,False
30障118,18.498900986962344,0,148,2.6305139619587212,False,False,False
21障295,18.49638875940886,0,53,-0.5733171455551059,False,False,False
2020障381,18.496004192001717,0,67,-0.10117361392148928,False,False,False
29障34,18.49267588860033,0,57,-0.43841899365978687,False,False,False
28障337,18.48940413632251,0,61,-0.30352084176446786,False,False,False
19障110,18.4886633491021,0,49,-0.708215297450425,False,False,False
18障182,18.486795837295368,0,89,0.6407662215027655,False,False,False
25障8,18.486730838885265,0,66,-0.13489815189531904,False,False,False
24障9,18.48230288399889,0,41,-0.9780116012410631,False,False,False
22障297,18.480907169415723,0,90,0.6744907594765952,False,False,False
27障251,18.48054184782537,0,88,0.6070416835289357,False,False,False
27障6,18.47793913143664,0,50,-0.6744907594765952,False,False,False
2020障233,18.47785809575425,0,84,0.47214353163361666,False,False,False
26障119,18.474666380385703,0,45,-0.8431134493457441,False,False,False
17障94,18.473052369371786,0,117,1.5850532847699987,False,False,False
28障17,18.469520460905784,0,90,0.6744907594765952,False,False,False
24障20,18.468488407691467,0,96,0.8768379873195737,False,False,False
20障252,18.468063926791128,0,28,-1.41643059490085,False,False,False
19障30,18.46514402715138,0,77,0.23607176581680833,False,False,False
2019障363,18.463205775384154,0,62,-0.26979630379063807,False,False,False
24障254,18.462205363441296,0,62,-0.26979630379063807,False,False,False
25障12,18.46077512517928,0,91,0.708215297450425,False,False,False
20障159,18.46017343490258,0,104,1.1466342911102119,False,False,False
2019障25,18.455025134476145,0,89,0.6407662215027655,False,False,False
29障116,18.453424836918046,0,68,-0.06744907594765952,False,False,False
19障125,18.453067729581843,0,77,0.23607176581680833,False,False,False
2023障294,18.452939077654978,0,58,-0.40469445568595713,False,False,False
2023障304,18.452939077654978,0,58,-0.40469445568595713,False,False,False
24障95,18.451988616070757,0,38,-1.0791852151625523,False,False,False
24障395,18.451220589374742,0,127,1.9222986645082965,False,False,False
21障68,18.45070398099028,0,42,-0.9442870632672333,False,False,False
18障40,18.448908282254642,0,32,-1.281532443005531,False,False,False
26障82,18.442908923918772,0,114,1.4838796708485096,False,False,False
19障297,18.437985394040343,0,56,-0.47214353163361666,False,False,False
27障54,18.43731419663637,0,57,-0.43841899365978687,False,False,False
2021障108,18.436267933439154,0,94,0.8093889113719143,False,False,False
27障121,18.433785356035298,0,35,-1.1803588290840417,False,False,False
23障324,18.432929416197716,0,52,-0.6070416835289357,False,False,False
30障104,18.420258367693613,0,51,-0.6407662215027655,False,False,False
23障16,18.420171588446724,0,71,0.03372453797382976,False,False,False
20障158,18.41953725456751,0,35,-1.1803588290840417,False,False,False
23障120,18.417316604767503,0,145,2.5293403480372323,False,False,False
17障14,18.416396685419954,0,45,-0.8431134493457441,False,False,False
23障5,18.41489869202797,0,45,-0.8431134493457441,False,False,False
27障50,18.41462212910967,0,67,-0.10117361392148928,False,False,False
22障1,18.414584584143224,0,44,-0.8768379873195737,False,False,False
2019障353,18.41202664276395,0,48,-0.7419398354242548,False,False,False
19障127,18.411103530482812,0,43,-0.9105625252934035,False,False,False
23障10,18.40696787015281,0,69,-0.03372453797382976,False,False,False
22障385,18.404485626945725,0,52,-0.6070416835289357,False,False,False
18障334,18.400506550317857,0,52,-0.6070416835289357,False,False,False
2022障9,18.40042760229259,0,113,1.4501551328746798,False,False,False
18障37,18.39772914963444,0,35,-1.1803588290840417,False,False,False
20障83,18.39112675149655,0,95,0.8431134493457441,False,False,False
26障180,18.387964408196538,0,32,-1.281532443005531,False,False,False
26障9,18.38723122185691,0,80,0.3372453797382976,False,False,False
25障47,18.386408286665727,0,54,-0.5395926075812761,False,False,False
24障405,18.3809795942518,0,49,-0.708215297450425,False,False,False
21障65,18.379733210671898,0,66,-0.13489815189531904,False,False,False
22障157,18.37955163816371,0,81,0.3709699177121274,False,False,False
26障319,18.37836693304274,0,35,-1.1803588290840417,False,False,False
24障348,18.37460921681595,0,50,-0.6744907594765952,False,False,False
22障63,18.371131007089236,0,100,1.011736139214893,False,False,False
2021障94,18.369721481840276,0,112,1.41643059490085,False,False,False
25障112,18.368735017719203,0,50,-0.6744907594765952,False,False,False
24障123,18.366698997079702,0,108,1.281532443005531,False,False,False
25障374,18.36625822430837,0,48,-0.7419398354242548,False,False,False
23障102,18.36610689531293,0,46,-0.8093889113719143,False,False,False
23障101,18.36610689531293,0,105,1.1803588290840417,False,False,False
17障13,18.365217552799752,0,59,-0.3709699177121274,False,False,False
2022障253,18.36140894015202,0,62,-0.26979630379063807,False,False,False
18障26,18.360741061023376,0,63,-0.23607176581680833,False,False,False
24障76,18.359165457510127,0,57,-0.43841899365978687,False,False,False
20障7,18.35885869290777,0,53,-0.5733171455551059,False,False,False
2022障65,18.358658410716174,0,100,1.011736139214893,False,False,False
19障60,18.357307777780274,0,66,-0.13489815189531904,False,False,False
25障119,18.356601548657437,0,101,1.0454606771887227,False,False,False
22障164,18.354074936765876,0,99,0.9780116012410631,False,False,False
2022障125,18.352994233412353,0,94,0.8093889113719143,False,False,False
20障1,18.350830683332827,0,67,-0.10117361392148928,False,False,False
20障89,18.349162552397516,0,55,-0.5058680696074465,False,False,False
28障110,18.347900930816362,0,70,0.0,False,False,False
24障126,18.34503186398925,0,92,0.7419398354242548,False,False,False
30障26,18.344572921297406,0,93,0.7756643733980845,False,False,False
27障116,18.33717438673855,0,103,1.112909753136382,False,False,False
25障325,18.333207329723304,0,55,-0.5058680696074465,False,False,False
18障116,18.33101511315949,0,84,0.47214353163361666,False,False,False
24障30,18.330834754244762,0,89,0.6407662215027655,False,False,False
20障41,18.330717066570312,0,79,0.30352084176446786,False,False,False
18障314,18.32991279074948,0,56,-0.47214353163361666,False,False,False
28障340,18.32947762305595,0,54,-0.5395926075812761,False,False,False
18障296,18.3250565205439,0,64,-0.20234722784297857,False,False,False
2022障43,18.31585969711397,0,117,1.5850532847699987,False,False,False
19障61,18.315343578681244,0,122,1.7536759746391475,False,False,False
17障429,18.315073395672865,0,66,-0.13489815189531904,False,False,False
17障431,18.315073395672865,0,44,-0.8768379873195737,False,False,False
23障193,18.31479620143938,0,147,2.5967894239848914,False,False,False
24障99,18.311560308002875,0,52,-0.6070416835289357,False,False,False
24障98,18.311560308002875,0,100,1.011736139214893,False,False,False
2020障84,18.311373567564612,0,112,1.41643059490085,False,False,False
21障31,18.31056113166777,0,144,2.4956158100634025,False,False,False
20障6,18.307679560287568,0,62,-0.26979630379063807,False,False,False
26障15,18.30729160843159,0,75,0.1686226898691488,False,False,False
29障240,18.305195595975512,0,82,0.40469445568595713,False,False,False
2020障14,18.303261854191465,0,77,0.23607176581680833,False,False,False
2023障91,18.300300782215466,0,91,0.708215297450425,False,False,False
26障58,18.297691691501477,0,89,0.6407662215027655,False,False,False
27障79,18.29737265813859,0,101,1.0454606771887227,False,False,False
23障370,18.29522484774815,0,33,-1.2478079050317012,False,False,False
19障105,18.29483226064349,0,50,-0.6744907594765952,False,False,False
2021障22,18.293036851887415,0,136,2.225819506272764,False,False,False
24障136,18.292388130503827,0,94,0.8093889113719143,False,False,False
25障323,18.291143260437142,0,67,-0.10117361392148928,False,False,False
29障16,18.290619460776288,0,104,1.1466342911102119,False,False,False
19障100,18.29055286482378,0,53,-0.5733171455551059,False,False,False
2023障66,18.290281537683306,0,88,0.6070416835289357,False,False,False
2019障346,18.289969022700248,0,122,1.7536759746391475,False,False,False
29障23,18.283375626569754,0,133,2.1246458923512748,False,False,False
29障26,18.283375626569754,0,151,2.7316875758802106,False,False,False
27障18,18.283319878637247,0,107,1.2478079050317012,False,False,False
28障119,18.281421411784063,0,22,-1.6187778227438285,False,False,False
26障396,18.281078950195315,0,53,-0.5733171455551059,False,False,False
18障98,18.27688561745265,0,62,-0.26979630379063807,False,False,False
23障235,18.275724012303453,0,83,0.43841899365978687,False,False,False
27障126,18.275443574124218,0,94,0.8093889113719143,False,False,False
20障127,18.26659097326982,0,124,1.821125050586807,False,False,False
2022障252,18.266426709846414,0,85,0.5058680696074465,False,False,False
2021障73,18.259091140138196,0,102,1.0791852151625523,False,False,False
22障80,18.257831402945904,0,50,-0.6744907594765952,False,False,False
27障38,18.257521086195773,0,108,1.281532443005531,False,False,False
28障111,18.252918700510754,0,54,-0.5395926075812761,False,False,False
2021障96,18.248940197526863,0,49,-0.708215297450425,False,False,False
24障42,18.248723305725065,0,60,-0.3372453797382976,False,False,False
2023障2,18.243027393936426,0,89,0.6407662215027655,False,False,False
2020障41,18.243011486151207,0,105,1.1803588290840417,False,False,False
24障93,18.242908245828424,0,56,-0.47214353163361666,False,False,False
21障28,18.239594193743375,0,65,-0.1686226898691488,False,False,False
17障58,18.239129763224348,0,65,-0.1686226898691488,False,False,False
27障75,18.236365310030564,0,72,0.06744907594765952,False,False,False
2020障105,18.233899444699908,0,65,-0.1686226898691488,False,False,False
26障178,18.233813728369277,0,102,1.0791852151625523,False,False,False
23障229,18.23325957478528,0,95,0.8431134493457441,False,False,False
2022障15,18.23313782375836,0,128,1.9560232024821262,False,False,False
23障243,18.230928776364227,0,74,0.13489815189531904,False,False,False
17障128,18.224406857364464,0,99,0.9780116012410631,False,False,False
2023障174,18.22362174567959,0,108,1.281532443005531,False,False,False
2021障132,18.222825738505648,0,98,0.9442870632672333,False,False,False
28障376,18.22203352100528,0,52,-0.6070416835289357,False,False,False
24障258,18.220571720612604,0,122,1.7536759746391475,False,False,False
18障435,18.21777299621734,0,95,0.8431134493457441,False,False,False
22障135,18.217295820816584,0,54,-0.5395926075812761,False,False,False
22障17,18.21664170590453,0,58,-0.40469445568595713,False,False,False
20障461,18.215571204061646,0,27,-1.4501551328746798,False,False,False
25障56,18.212695401482144,0,108,1.281532443005531,False,False,False
18障31,18.211955044262233,0,70,0.0,False,False,False
26障31,18.211637165079466,0,133,2.1246458923512748,False,False,False
2020障389,18.209229248759293,0,57,-0.43841899365978687,False,False,False
20障239,18.205538544491937,0,43,-0.9105625252934035,False,False,False
18障323,18.20542577858648,0,68,-0.06744907594765952,False,False,False
22障423,18.202998177530304,0,128,1.9560232024821262,False,False,False
24障273,18.201499625665907,0,80,0.3372453797382976,False,False,False
2021障281,18.198959948239157,0,128,1.9560232024821262,False,False,False
23障109,18.197820730225473,0,92,0.7419398354242548,False,False,False
23障326,18.19741453321606,0,44,-0.8768379873195737,False,False,False
22障28,18.197180225575188,0,112,1.41643059490085,False,False,False
25障324,18.196161030131535,0,103,1.112909753136382,False,False,False
26障123,18.18807541502946,0,48,-0.7419398354242548,False,False,False
21障59,18.185902122213285,0,69,-0.03372453797382976,False,False,False
2021障9,18.185814540862108,0,75,0.1686226898691488,False,False,False
19障422,18.184612405215557,0,41,-0.9780116012410631,False,False,False
23障267,18.18448085518185,0,29,-1.3827060569270202,False,False,False
18障146,18.182091709569715,0,90,0.6744907594765952,False,False,False
24障267,18.181988596473424,0,39,-1.0454606771887227,False,False,False
21障13,18.18130861107353,0,81,0.3709699177121274,False,False,False
18障156,18.179426906018204,0,65,-0.1686226898691488,False,False,False
2020障242,18.175294106903433,0,59,-0.3709699177121274,False,False,False
18障497,18.17303613946057,0,67,-0.10117361392148928,False,False,False
17障27,18.16994632536022,0,69,-0.03372453797382976,False,False,False
27障115,18.169494245554034,0,125,1.8548495885606369,False,False,False
21障460,18.168702422942566,0,112,1.41643059490085,False,False,False
2020障113,18.166299745187178,0,53,-0.5733171455551059,False,False,False
28障269,18.16627489068528,0,44,-0.8768379873195737,False,False,False
30障75,18.16517896583946,0,55,-0.5058680696074465,False,False,False
2019障78,18.16348158963212,0,92,0.7419398354242548,False,False,False
22障158,18.162577012770736,0,89,0.6407662215027655,False,False,False
22障159,18.162577012770736,0,136,2.225819506272764,False,False,False
2020障344,18.162522670982707,0,91,0.708215297450425,False,False,False
2020障343,18.162522670982707,0,79,0.30352084176446786,False,False,False
28障124,18.16116244097267,0,50,-0.6744907594765952,False,False,False
29障186,18.159976017121778,0,61,-0.30352084176446786,False,False,False
2021障95,18.153957967221256,0,65,-0.1686226898691488,False,False,False
27障265,18.15241529732641,0,76,0.20234722784297857,False,False,False
24障259,18.14856737460072,0,38,-1.0791852151625523,False,False,False
17障397,18.147578551152947,0,137,2.259544044246594,False,False,False
21障127,18.147456125347638,0,81,0.3709699177121274,False,False,False
17障384,18.146815100082403,0,60,-0.3372453797382976,False,False,False
30障124,18.14168354340549,0,73,0.10117361392148928,False,False,False
24障37,18.135029793310938,0,44,-0.8768379873195737,False,False,False
19障38,18.13491945714746,0,72,0.06744907594765952,False,False,False
29障15,18.131061813647722,0,71,0.03372453797382976,False,False,False
25障81,18.130800943346472,0,86,0.5395926075812761,False,False,False
2023障173,18.12863951537398,0,100,1.011736139214893,False,False,False
2020障122,18.128193733132477,0,77,0.23607176581680833,False,False,False
29障122,18.126274820979123,0,83,0.43841899365978687,False,False,False
17障147,18.117291157997094,0,53,-0.5733171455551059,False,False,False
21障26,18.116718684349156,0,122,1.7536759746391475,False,False,False
23障61,18.11508504877027,0,73,0.10117361392148928,False,False,False
19障68,18.115039150202893,0,31,-1.3152569809793606,False,False,False
22障116,18.11417994336638,0,69,-0.03372453797382976,False,False,False
28障344,18.1132464466913,0,47,-0.7756643733980845,False,False,False
27障377,18.11162603451247,1,148,2.6305139619587212,False,False,False
18障169,18.110872312425474,0,72,0.06744907594765952,False,False,False
19障15,18.108719980152753,0,57,-0.43841899365978687,False,False,False
26障338,18.106594349487654,0,80,0.3372453797382976,False,False,False
18障171,18.106553206315333,0,43,-0.9105625252934035,False,False,False
18障4,18.106374596705137,0,41,-0.9780116012410631,False,False,False
24障111,18.10508238049121,0,113,1.4501551328746798,False,False,False
18障119,18.103616853211644,0,44,-0.8768379873195737,False,False,False
18障69,18.097092507012057,0,68,-0.06744907594765952,False,False,False
2022障64,18.093856551939183,0,108,1.281532443005531,False,False,False
21障390,18.09358745907134,0,77,0.23607176581680833,False,False,False
2023障296,18.093154988572376,0,57,-0.43841899365978687,False,False,False
2023障298,18.093154988572376,0,117,1.5850532847699987,False,False,False
27障409,18.09162484452772,0,147,2.5967894239848914,False,False,False
21障15,18.08816527935429,0,113,1.4501551328746798,False,False,False
17障36,18.087620064285694,0,68,-0.06744907594765952,False,False,False
20障55,18.086609540406556,0,22,-1.6187778227438285,False,False,False
2023障251,18.086176168059723,0,124,1.821125050586807,False,False,False
2023障49,18.08611897061568,0,167,3.271280183461487,False,False,False
2022障79,18.08525595344929,0,77,0.23607176581680833,False,False,False
28障100,18.085175035041413,0,50,-0.6744907594765952,False,False,False
28障125,18.081013660382677,0,84,0.47214353163361666,False,False,False
28障42,18.079908127913185,0,79,0.30352084176446786,False,False,False
18障502,18.079892807741334,0,31,-1.3152569809793606,False,False,False
18障503,18.079892807741334,0,68,-0.06744907594765952,False,False,False
18障504,18.079892807741334,0,59,-0.3709699177121274,False,False,False
27障111,18.07771842997644,0,95,0.8431134493457441,False,False,False
2021障105,18.07707782866711,0,93,0.7756643733980845,False,False,False
2021障106,18.07707782866711,0,70,0.0,False,False,False
2019障89,18.076566332690103,0,72,0.06744907594765952,False,False,False
22障177,18.07498178424951,0,66,-0.13489815189531904,False,False,False
2021障257,18.07268964387813,0,99,0.9780116012410631,False,False,False
2020障83,18.072370762795426,0,57,-0.43841899365978687,False,False,False
21障34,18.0722798749114,0,98,0.9442870632672333,False,False,False
20障128,18.07188663454667,0,82,0.40469445568595713,False,False,False
23障104,18.069632759237294,0,85,0.5058680696074465,False,False,False
22障160,18.06759478246513,0,42,-0.9442870632672333,False,False,False
29障168,18.063562127564513,0,79,0.30352084176446786,False,False,False
25障23,18.060531560065375,0,75,0.1686226898691488,False,False,False
2021障200,18.05991564442466,0,22,-1.6187778227438285,False,False,False
29障29,18.056215006600404,0,168,3.3050047214353167,False,False,False
2020障228,18.055801674421915,0,59,-0.3709699177121274,False,False,False
21障216,18.05490118596156,0,76,0.20234722784297857,False,False,False
19障121,18.052911434228033,0,58,-0.40469445568595713,False,False,False
19障23,18.052701776589096,0,80,0.3372453797382976,False,False,False
2021障309,18.051813648415937,0,60,-0.3372453797382976,False,False,False
18障17,18.05053479677326,0,64,-0.20234722784297857,False,False,False
23障327,18.049972145670694,0,90,0.6744907594765952,False,False,False
29障276,18.048564324365177,0,60,-0.3372453797382976,False,False,False
21障439,18.04782093515512,0,128,1.9560232024821262,False,False,False
28障341,18.04757138404347,0,71,0.03372453797382976,False,False,False
29障324,18.04699392763262,0,39,-1.0454606771887227,False,False,False
18障42,18.046750272259562,0,61,-0.30352084176446786,False,False,False
21障452,18.04531180654232,0,116,1.551328746796169,False,False,False
21障453,18.04531180654232,0,29,-1.3827060569270202,False,False,False
19障243,18.04318110398143,0,46,-0.8093889113719143,False,False,False
2020障80,18.042494058197594,0,63,-0.23607176581680833,False,False,False
30障270,18.03607976770293,0,70,0.0,False,False,False
2023障90,18.035498923438475,0,62,-0.26979630379063807,False,False,False
18障181,18.034912696101735,0,54,-0.5395926075812761,False,False,False
2023障123,18.032045399390476,0,139,2.3269931201942535,False,False,False
26障12,18.031256115987777,0,90,0.6744907594765952,False,False,False
30障240,18.030674724344493,0,59,-0.3709699177121274,False,False,False
17障23,18.03052528561685,0,95,0.8431134493457441,False,False,False
2020障224,18.030003508855724,0,88,0.6070416835289357,False,False,False
19障134,18.02544664033613,0,59,-0.3709699177121274,False,False,False
23障357,18.024481437715313,0,38,-1.0791852151625523,False,False,False
2019障102,18.021083638150863,0,43,-0.9105625252934035,False,False,False
20障238,18.020575940673115,0,65,-0.1686226898691488,False,False,False
23障232,18.018520261632514,0,104,1.1466342911102119,False,False,False
19障47,18.016762295025636,0,57,-0.43841899365978687,False,False,False
20障49,18.015638770088177,0,68,-0.06744907594765952,False,False,False
2021障26,18.01236180419064,0,63,-0.23607176581680833,False,False,False
28障45,18.012068204138707,0,93,0.7756643733980845,False,False,False
22障57,18.011346918006634,0,78,0.26979630379063807,False,False,False
23障234,18.01092215352646,0,73,0.10117361392148928,False,False,False
19障329,18.009933361333527,0,33,-1.2478079050317012,False,False,False
24障250,18.008942997234513,0,80,0.3372453797382976,False,False,False
28障229,18.004194035590196,0,125,1.8548495885606369,False,False,False
2020障322,18.00388904983451,0,132,2.0909213543774454,False,False,False
18障23,18.003506670052957,0,77,0.23607176581680833,False,False,False
29障7,18.00338996882521,0,67,-0.10117361392148928,False,False,False
24障145,17.999784692686532,0,111,1.3827060569270202,False,False,False
2021障259,17.99720295101005,0,63,-0.23607176581680833,False,False,False
19障43,17.99621211433075,0,72,0.06744907594765952,False,False,False
2020障341,17.996081695253345,0,59,-0.3709699177121274,False,False,False
28障155,17.99402656292007,0,28,-1.41643059490085,False,False,False
2021障205,17.992109550168124,0,147,2.5967894239848914,False,False,False
24障356,17.989983509170507,0,83,0.43841899365978687,False,False,False
28障99,17.989864855237087,0,50,-0.6744907594765952,False,False,False
22障362,17.988808942964006,0,103,1.112909753136382,False,False,False
18障147,17.98738737084656,0,62,-0.26979630379063807,False,False,False
20障249,17.985220914560937,0,74,0.13489815189531904,False,False,False
22障273,17.981768239463673,0,75,0.1686226898691488,False,False,False
2020障156,17.981222290674083,0,69,-0.03372453797382976,False,False,False
20障104,17.98011392309975,0,49,-0.708215297450425,False,False,False
25障364,17.97806574913113,0,92,0.7419398354242548,False,False,False
25障362,17.97806574913113,0,54,-0.5395926075812761,False,False,False
28障8,17.977657501866172,0,66,-0.13489815189531904,False,False,False
2019障31,17.97756731428707,0,59,-0.3709699177121274,False,False,False
28障227,17.97477461256939,0,36,-1.1466342911102119,False,False,False
19障488,17.974448834531923,0,89,0.6407662215027655,False,False,False
30障72,17.971432871469826,0,100,1.011736139214893,False,False,False
17障6,17.967386386512082,0,71,0.03372453797382976,False,False,False
26障254,17.96628492883387,0,108,1.281532443005531,False,False,False
17障127,17.964344876699407,0,63,-0.23607176581680833,False,False,False
17障125,17.964344876699407,0,78,0.26979630379063807,False,False,False
23障24,17.962982538010746,0,30,-1.3489815189531904,False,False,False
22障288,17.962714001327953,0,57,-0.43841899365978687,False,False,False
30障249,17.962383074812532,0,89,0.6407662215027655,False,False,False
26障41,17.959358387719178,0,67,-0.10117361392148928,False,False,False
18障490,17.956502191341087,0,30,-1.3489815189531904,False,False,False
18障491,17.956502191341087,0,44,-0.8768379873195737,False,False,False
18障492,17.956502191341087,0,66,-0.13489815189531904,False,False,False
2021障153,17.954556098334848,0,62,-0.26979630379063807,False,False,False
19障283,17.95402332016384,0,51,-0.6407662215027655,False,False,False
22障220,17.95131675207329,0,117,1.5850532847699987,False,False,False
25障242,17.944846601850628,0,124,1.821125050586807,False,False,False
30障120,17.944564620156054,0,75,0.1686226898691488,False,False,False
2020障388,17.944427389982298,0,63,-0.23607176581680833,False,False,False
18障22,17.939772903092653,0,76,0.20234722784297857,False,False,False
29障95,17.938947085066832,0,130,2.023472278429786,False,False,False
21障16,17.937822565746895,0,105,1.1803588290840417,False,False,False
2019障100,17.937005430473324,0,78,0.26979630379063807,False,False,False
22障76,17.935379092215168,0,138,2.2932685822204237,False,False,False
23障23,17.932350516562447,0,80,0.3372453797382976,False,False,False
2023障10,17.930642708844275,0,84,0.47214353163361666,False,False,False
20障102,17.928934790479552,0,66,-0.13489815189531904,False,False,False
18障38,17.927086338519707,0,74,0.13489815189531904,False,False,False
29障337,17.924806176054467,0,84,0.47214353163361666,False,False,False
23障94,17.922529958746907,0,57,-0.43841899365978687,False,False,False
2023障64,17.920584830665145,0,130,2.023472278429786,False,False,False
22障141,17.920521922432307,0,85,0.5058680696074465,False,False,False
22障140,17.920521922432307,0,44,-0.8768379873195737,False,False,False
2021障23,17.91913718449036,0,109,1.3152569809793606,False,False,False
30障103,17.91654991046903,0,47,-0.7756643733980845,False,False,False
2019障27,17.916396848566986,0,113,1.4501551328746798,False,False,False
2020障31,17.916275806531,0,80,0.3372453797382976,False,False,False
30障356,17.914657931414453,0,45,-0.8431134493457441,False,False,False
28障31,17.91096480892865,0,76,0.20234722784297857,False,False,False
19障59,17.910686207604336,0,45,-0.8431134493457441,False,False,False
21障124,17.90845332057845,0,72,0.06744907594765952,False,False,False
2019障105,17.90764648705936,0,92,0.7419398354242548,False,False,False
30障19,17.90684535119076,0,98,0.9442870632672333,False,False,False
26障392,17.90452184580876,0,77,0.23607176581680833,False,False,False
26障393,17.90452184580876,0,69,-0.03372453797382976,False,False,False
26障105,17.901771316372912,0,64,-0.20234722784297857,False,False,False
24障398,17.899643787355323,0,55,-0.5058680696074465,False,False,False
28障224,17.89773395872428,0,88,0.6070416835289357,False,False,False
2021障110,17.897639647529996,0,82,0.40469445568595713,False,False,False
24障357,17.8950012788649,0,109,1.3152569809793606,False,False,False
2020障82,17.891519722004347,0,62,-0.26979630379063807,False,False,False
25障206,17.889079002062697,0,137,2.259544044246594,False,False,False
17障51,17.88857413068681,0,67,-0.10117361392148928,False,False,False
27障264,17.887613438549412,0,36,-1.1466342911102119,False,False,False
19障3,17.885259972589658,0,99,0.9780116012410631,False,False,False
23障374,17.88045539641925,0,112,1.41643059490085,False,False,False
2021障89,17.879243490508703,0,48,-0.7419398354242548,False,False,False
18障432,17.87896358037241,0,73,0.10117361392148928,False,False,False
2020障101,17.87470933992787,0,92,0.7419398354242548,False,False,False
29障111,17.874437816062706,0,78,0.26979630379063807,False,False,False
2020障32,17.874311607431967,0,94,0.8093889113719143,False,False,False
21障121,17.873554274860158,0,87,0.5733171455551059,False,False,False
24障232,17.87078118419341,0,106,1.2140833670578715,False,False,False
23障25,17.868000307705138,0,75,0.1686226898691488,False,False,False
20障395,17.866539318079386,0,93,0.7756643733980845,False,False,False
22障136,17.864952071277497,0,41,-0.9780116012410631,False,False,False
21障9,17.864881679432735,0,59,-0.3709699177121274,False,False,False
23障122,17.863451009000816,0,72,0.06744907594765952,False,False,False
28障29,17.862965419445672,0,84,0.47214353163361666,False,False,False
23障78,17.862131797115282,0,86,0.5395926075812761,False,False,False
26障23,17.86143473564635,0,79,0.30352084176446786,False,False,False
27障87,17.860282404940037,0,47,-0.7756643733980845,False,False,False
2022障222,17.859707413902946,0,148,2.6305139619587212,False,False,False
19障174,17.859697990729174,0,64,-0.20234722784297857,False,False,False
23障69,17.855253402298228,0,89,0.6407662215027655,False,False,False
20障161,17.85461010102485,0,104,1.1466342911102119,False,False,False
18障338,17.851584715384824,0,53,-0.5733171455551059,False,False,False
2023障235,17.84922912525758,0,92,0.7419398354242548,False,False,False
18障123,17.844435526779442,0,75,0.1686226898691488,False,False,False
2023障252,17.84443519379493,0,77,0.23607176581680833,False,False,False
2019障192,17.840530777093118,0,133,2.1246458923512748,False,False,False
24障263,17.84014608385132,0,79,0.30352084176446786,False,False,False
24障264,17.84014608385132,0,139,2.3269931201942535,False,False,False
2021障71,17.83974395474234,0,74,0.13489815189531904,False,False,False
27障27,17.839673823033696,0,157,2.9340348037231894,False,False,False
29障123,17.838781461401265,0,131,2.0571968164036156,False,False,False
19障27,17.83407698578821,0,79,0.30352084176446786,False,False,False
30障99,17.832471702791494,0,55,-0.5058680696074465,False,False,False
21障243,17.83195150876477,0,55,-0.5058680696074465,False,False,False
27障277,17.830666729983214,0,83,0.43841899365978687,False,False,False
29障82,17.830366481843257,0,81,0.3709699177121274,False,False,False
22障52,17.82674428609308,0,77,0.23607176581680833,False,False,False
2022障80,17.826295054829046,0,54,-0.5395926075812761,False,False,False
27障13,17.826220062354945,0,103,1.112909753136382,False,False,False
25障107,17.825736338321104,0,93,0.7756643733980845,False,False,False
17障152,17.824489002997044,0,79,0.30352084176446786,False,False,False
2023障98,17.824432296840584,0,107,1.2478079050317012,False,False,False
21障286,17.82359258267298,0,143,2.4618912720895727,False,False,False
17障240,17.82129091883029,0,49,-0.708215297450425,False,False,False
2019障325,17.820064862967122,0,108,1.281532443005531,False,False,False
25障11,17.819795134089457,0,70,0.0,False,False,False
20障292,17.819282231171858,0,77,0.23607176581680833,False,False,False
2023障265,17.817780413100667,0,92,0.7419398354242548,False,False,False
26障104,17.817693108695373,0,47,-0.7756643733980845,False,False,False
21障204,17.81730484845711,0,69,-0.03372453797382976,False,False,False
21障205,17.81730484845711,0,61,-0.30352084176446786,False,False,False
21障207,17.81730484845711,0,67,-0.10117361392148928,False,False,False
17障294,17.813540211134644,0,77,0.23607176581680833,False,False,False
30障16,17.812435101452724,0,126,1.8885741265344667,False,False,False
26障395,17.80953961550315,0,38,-1.0791852151625523,False,False,False
26障398,17.80953961550315,0,41,-0.9780116012410631,False,False,False
28障303,17.807638734516793,0,55,-0.5058680696074465,False,False,False
22障291,17.807392270984263,0,74,0.13489815189531904,False,False,False
25障70,17.806702392084294,0,111,1.3827060569270202,False,False,False
29障137,17.805753542443192,0,80,0.3372453797382976,False,False,False
24障127,17.80487435919923,0,80,0.3372453797382976,False,False,False
17障169,17.80385493275065,0,75,0.1686226898691488,False,False,False
28障198,17.803477026833807,0,36,-1.1466342911102119,False,False,False
19障44,17.799895056673407,0,51,-0.6407662215027655,False,False,False
29障36,17.79885471060591,0,65,-0.1686226898691488,False,False,False
24障109,17.798225272631463,0,52,-0.6070416835289357,False,False,False
23障231,17.79420847334718,0,122,1.7536759746391475,False,False,False
2019障350,17.794054116855783,0,142,2.428166734115743,False,False,False
26障240,17.793239212416907,0,77,0.23607176581680833,False,False,False
26障126,17.792535228084716,0,70,0.0,False,False,False
2022障45,17.79113187615632,0,113,1.4501551328746798,False,False,False
17障378,17.7909126364906,0,46,-0.8093889113719143,False,False,False
2023障126,17.789833454802586,0,103,1.112909753136382,False,False,False
21障126,17.78767203626504,0,108,1.281532443005531,False,False,False
21障141,17.786442779810308,0,64,-0.20234722784297857,False,False,False
2021障314,17.782692683528797,0,51,-0.6407662215027655,False,False,False
2021障315,17.782692683528797,0,40,-1.011736139214893,False,False,False
20障131,17.782132428309186,0,20,-1.6862268986914881,False,False,False
19障14,17.781251948013022,0,56,-0.47214353163361666,False,False,False
24障90,17.779459562928693,0,142,2.428166734115743,False,False,False
2019障287,17.779259009569607,0,71,0.03372453797382976,False,False,False
20障447,17.776199596264203,0,80,0.3372453797382976,False,False,False
20障449,17.776199596264203,0,50,-0.6744907594765952,False,False,False
22障137,17.77499218209235,0,110,1.3489815189531904,False,False,False
21障379,17.773531127252674,0,107,1.2478079050317012,False,False,False
22障446,17.771907744182663,0,83,0.43841899365978687,False,False,False
22障447,17.771907744182663,0,33,-1.2478079050317012,False,False,False
2021障118,17.770007402220507,0,141,2.394442196141913,False,False,False
22障133,17.769157214746816,0,78,0.26979630379063807,False,False,False
22障134,17.769157214746816,0,54,-0.5395926075812761,False,False,False
2019障60,17.765821031818515,0,109,1.3152569809793606,False,False,False
30障123,17.765126439018935,0,68,-0.06744907594765952,False,False,False
23障93,17.764267715891904,0,51,-0.6407662215027655,False,False,False
2020障107,17.763256633585176,0,107,1.2478079050317012,False,False,False
21障199,17.76155757724382,0,62,-0.26979630379063807,False,False,False
29障22,17.761549681074424,0,134,2.1583704303251046,False,False,False
2023障87,17.760040210780147,0,167,3.271280183461487,False,False,False
18障417,17.759478800737106,0,56,-0.47214353163361666,False,False,False
22障25,17.759452655468547,0,58,-0.40469445568595713,False,False,False
2022障117,17.75848742417373,0,125,1.8548495885606369,False,False,False
30障116,17.758179187286693,0,77,0.23607176581680833,False,False,False
27障22,17.7578626689652,0,105,1.1803588290840417,False,False,False
2022障12,17.7554145868917,0,125,1.8548495885606369,False,False,False
20障212,17.74845724268166,0,76,0.20234722784297857,False,False,False
18障175,17.748302762556044,0,44,-0.8768379873195737,False,False,False
18障63,17.746536874474515,0,69,-0.03372453797382976,False,False,False
28障87,17.745161968554687,0,57,-0.43841899365978687,False,False,False
27障269,17.742769449781495,0,49,-0.708215297450425,False,False,False
27障77,17.738823082138232,0,95,0.8431134493457441,False,False,False
21障27,17.737422837602914,0,119,1.6525023607176583,False,False,False
2020障111,17.736227961197258,0,95,0.8431134493457441,False,False,False
19障165,17.734911156006106,0,42,-0.9442870632672333,False,False,False
17障132,17.733678385769995,0,89,0.6407662215027655,False,False,False
26障69,17.733158488761923,0,98,0.9442870632672333,False,False,False
17障34,17.727835975203092,0,108,1.281532443005531,False,False,False
26障225,17.725296105905194,0,69,-0.03372453797382976,False,False,False
2021障151,17.724972505411323,0,91,0.708215297450425,False,False,False
17障107,17.720431759166814,0,56,-0.47214353163361666,False,False,False
24障147,17.718473030958204,0,55,-0.5058680696074465,False,False,False
19障244,17.716929096635486,0,86,0.5395926075812761,False,False,False
2019障230,17.714410342668813,0,58,-0.40469445568595713,False,False,False
19障325,17.71183048626675,0,61,-0.30352084176446786,False,False,False
25障98,17.710513360918288,0,31,-1.3152569809793606,False,False,False
19障484,17.709646975754932,0,43,-0.9105625252934035,False,False,False
23障90,17.70788523851202,0,106,1.2140833670578715,False,False,False
20障147,17.706481546209773,0,103,1.112909753136382,False,False,False
20障270,17.706226996525103,0,23,-1.5850532847699987,False,False,False
2023障19,17.705678500918133,0,133,2.1246458923512748,False,False,False
2019障83,17.705030027109892,0,22,-1.6187778227438285,False,False,False
2019障6,17.703068740644675,0,131,2.0571968164036156,False,False,False
2019障123,17.70219331483547,0,118,1.6187778227438285,False,False,False
23障336,17.699463317714706,0,69,-0.03372453797382976,False,False,False
17障81,17.698207972225124,0,62,-0.26979630379063807,False,False,False
28障163,17.69399908659087,0,132,2.0909213543774454,False,False,False
30障76,17.693639631147292,0,92,0.7419398354242548,False,False,False
19障16,17.69213268432188,0,129,1.9897477404559558,False,False,False
28障95,17.689679274015447,0,94,0.8093889113719143,False,False,False
18障41,17.686966183176963,0,59,-0.3709699177121274,False,False,False
22障132,17.685079007069277,0,26,-1.4838796708485096,False,False,False
17障355,17.68414466106489,0,45,-0.8431134493457441,False,False,False
24障148,17.68327432477781,0,89,0.6407662215027655,False,False,False
2022障218,17.681735117367737,0,92,0.7419398354242548,False,False,False
17障203,17.681217323559263,0,72,0.06744907594765952,False,False,False
28障196,17.67894604142909,0,110,1.3489815189531904,False,False,False
26障76,17.678861037051174,0,64,-0.20234722784297857,False,False,False
2020障37,17.678438507158354,0,58,-0.40469445568595713,False,False,False
25障51,17.6780884142639,0,67,-0.10117361392148928,False,False,False
2020障78,17.67687500176946,0,55,-0.5058680696074465,False,False,False
19障321,17.67613672194449,0,45,-0.8431134493457441,False,False,False
17障18,17.675466973734718,0,71,0.03372453797382976,False,False,False
18障241,17.674443300971053,0,90,0.6744907594765952,False,False,False
21障399,17.67165582292916,0,81,0.3709699177121274,False,False,False
25障331,17.668953336839696,0,51,-0.6407662215027655,False,False,False
21障159,17.668523330041282,0,53,-0.5733171455551059,False,False,False
24障366,17.66796883283282,0,156,2.9003102657493596,False,False,False
2020障219,17.6661417691831,0,95,0.8431134493457441,False,False,False
2020障221,17.6661417691831,0,131,2.0571968164036156,False,False,False
20障291,17.664916962872354,0,38,-1.0791852151625523,False,False,False
2020障307,17.664856528214084,0,58,-0.40469445568595713,False,False,False
21障7,17.66420353182269,0,65,-0.1686226898691488,False,False,False
30障182,17.656067864267463,0,58,-0.40469445568595713,False,False,False
20障87,17.656015371837572,0,53,-0.5733171455551059,False,False,False
21障163,17.654478493641395,0,63,-0.23607176581680833,False,False,False
18障70,17.651554644168908,0,69,-0.03372453797382976,False,False,False
25障5,17.651523053087594,0,71,0.03372453797382976,False,False,False
30障384,17.650179475017737,0,105,1.1803588290840417,False,False,False
18障423,17.648875380278305,0,64,-0.20234722784297857,False,False,False
21障35,17.648178415380816,0,64,-0.20234722784297857,False,False,False
27障71,17.640059218074214,0,114,1.4838796708485096,False,False,False
20障37,17.639624201627324,0,80,0.3372453797382976,False,False,False
18障18,17.637774525312995,0,66,-0.13489815189531904,False,False,False
22障383,17.634100561591268,0,72,0.06744907594765952,False,False,False
24障124,17.632091399142485,0,63,-0.23607176581680833,False,False,False
30障247,17.628681795416647,0,103,1.112909753136382,False,False,False
27障68,17.626468102990227,0,93,0.7756643733980845,False,False,False
21障109,17.625239919056717,0,104,1.1466342911102119,False,False,False
22障285,17.621144973396795,0,79,0.30352084176446786,False,False,False
30障322,17.618978010674486,0,134,2.1583704303251046,False,False,False
30障324,17.618978010674486,0,62,-0.26979630379063807,False,False,False
17障144,17.617368126198873,0,82,0.40469445568595713,False,False,False
19障262,17.61736105085066,0,90,0.6744907594765952,False,False,False
24障149,17.617309102803066,0,135,2.1920949682989344,False,False,False
2021障98,17.617167677235095,0,74,0.13489815189531904,False,False,False
23障91,17.612903008206413,0,49,-0.708215297450425,False,False,False
23障92,17.612903008206413,0,59,-0.3709699177121274,False,False,False
25障186,17.611004483480656,0,64,-0.20234722784297857,False,False,False
20障402,17.610876466203784,0,54,-0.5395926075812761,False,False,False
2022障153,17.608268174636493,0,76,0.20234722784297857,False,False,False
2021障195,17.606884742779364,0,78,0.26979630379063807,False,False,False
28障59,17.606075194740857,0,39,-1.0454606771887227,False,False,False
26障56,17.60454451094153,0,100,1.011736139214893,False,False,False
20障440,17.600568230055487,0,34,-1.2140833670578715,False,False,False
23障105,17.598093424545127,0,98,0.9442870632672333,False,False,False
21障264,17.597206557271736,0,41,-0.9780116012410631,False,False,False
18障487,17.596718102258485,0,49,-0.708215297450425,False,False,False
20障213,17.595985076709113,0,99,0.9780116012410631,False,False,False
28障96,17.59469704370984,0,71,0.03372453797382976,False,False,False
2019障308,17.585149912198048,0,68,-0.06744907594765952,False,False,False
27障90,17.584576523534974,0,134,2.1583704303251046,False,False,False
27障117,17.581816885201825,0,132,2.0909213543774454,False,False,False
18障319,17.580417699172244,0,47,-0.7756643733980845,False,False,False
2020障74,17.578207016481443,0,60,-0.3372453797382976,False,False,False
2023障67,17.578153699061613,0,114,1.4838796708485096,False,False,False
26障5,17.577979149765223,0,50,-0.6744907594765952,False,False,False
27障61,17.57779400749392,0,32,-1.281532443005531,False,False,False
30障379,17.577396640853745,0,46,-0.8093889113719143,False,False,False
19障460,17.57681882991986,0,50,-0.6744907594765952,False,False,False
28障161,17.572861267998277,0,54,-0.5395926075812761,False,False,False
20障367,17.570859397339422,0,37,-1.112909753136382,False,False,False
29障92,17.569250378048675,0,69,-0.03372453797382976,False,False,False
21障104,17.568440254091726,0,61,-0.30352084176446786,False,False,False
24障233,17.565366060668488,0,56,-0.47214353163361666,False,False,False
28障30,17.563836689077135,0,81,0.3709699177121274,False,False,False
2020障230,17.56035708124215,0,98,0.9442870632672333,False,False,False
18障301,17.558944452104853,0,62,-0.26979630379063807,False,False,False
27障96,17.55868878879623,0,43,-0.9105625252934035,False,False,False
18障30,17.55108456018366,0,40,-1.011736139214893,False,False,False
22障106,17.546246935425078,0,90,0.6744907594765952,False,False,False
18障172,17.545247271005135,0,61,-0.30352084176446786,False,False,False
2023障146,17.54423254165065,0,118,1.6187778227438285,False,False,False
2023障76,17.54163226421177,0,87,0.5733171455551059,False,False,False
24障146,17.540268016000642,0,89,0.6407662215027655,False,False,False
24障125,17.537109168836878,0,68,-0.06744907594765952,False,False,False
23障323,17.536753371336196,0,48,-0.7419398354242548,False,False,False
2021障122,17.536220233939105,0,132,2.0909213543774454,False,False,False
2019障30,17.53545696412995,0,75,0.1686226898691488,False,False,False
17障78,17.53376025390916,0,81,0.3709699177121274,False,False,False
20障371,17.5316244382471,0,42,-0.9442870632672333,False,False,False
18障162,17.53057907994591,0,47,-0.7756643733980845,False,False,False
26障184,17.530065257932698,0,62,-0.26979630379063807,False,False,False
22障257,17.52877031728697,0,70,0.0,False,False,False
2019障1,17.524858746878465,0,76,0.20234722784297857,False,False,False
25障50,17.523937734436643,0,98,0.9442870632672333,False,False,False
2019障84,17.52210100338497,0,73,0.10117361392148928,False,False,False
30障222,17.521742700668643,0,110,1.3489815189531904,False,False,False
2019障116,17.519943320119335,0,75,0.1686226898691488,False,False,False
2022障75,17.515100874384448,0,116,1.551328746796169,False,False,False
20障448,17.507078631377066,0,77,0.23607176581680833,False,False,False
2022障220,17.506881291302975,0,87,0.5733171455551059,False,False,False
20障156,17.50588756971822,0,54,-0.5395926075812761,False,False,False
2020障335,17.505743134593637,0,104,1.1466342911102119,False,False,False
23障121,17.503666919918217,0,45,-0.8431134493457441,False,False,False
2022障246,17.502292584263817,0,97,0.9105625252934035,False,False,False
2020障229,17.501936078655227,0,101,1.0454606771887227,False,False,False
27障49,17.50097244426038,0,126,1.8885741265344667,False,False,False
17障288,17.500896698814152,0,51,-0.6407662215027655,False,False,False
19障13,17.50019722809306,0,60,-0.3372453797382976,False,False,False
30障63,17.49585380963854,0,91,0.708215297450425,False,False,False
25障25,17.495607031171275,0,45,-0.8431134493457441,False,False,False
26障18,17.493698173965683,0,47,-0.7756643733980845,False,False,False
29障30,17.492428863766435,0,68,-0.06744907594765952,False,False,False
25障24,17.49128792506113,0,90,0.6744907594765952,False,False,False
2023障125,17.48996554874389,0,102,1.0791852151625523,False,False,False
27障91,17.489594293229366,0,46,-0.8093889113719143,False,False,False
23障129,17.489353547200388,0,84,0.47214353163361666,False,False,False
24障29,17.488820115512247,0,53,-0.5733171455551059,False,False,False
18障267,17.48631887920853,0,51,-0.6407662215027655,False,False,False
18障9,17.48225058490222,0,88,0.6070416835289357,False,False,False
17障138,17.479886331738772,0,50,-0.6744907594765952,False,False,False
26障28,17.478959145762882,0,102,1.0791852151625523,False,False,False
29障58,17.477656981872634,0,65,-0.1686226898691488,False,False,False
24障81,17.476197157088986,0,126,1.8885741265344667,False,False,False
20障368,17.47587716703381,0,25,-1.5176042088223394,False,False,False
2020障119,17.472656683175657,0,45,-0.8431134493457441,False,False,False
18障5,17.470884626217472,0,49,-0.708215297450425,False,False,False
22障168,17.468726085092012,0,88,0.6070416835289357,False,False,False
2021障3,17.467909433138917,0,64,-0.20234722784297857,False,False,False
27障198,17.466954347951653,0,72,0.06744907594765952,False,False,False
18障120,17.46603952380651,0,68,-0.06744907594765952,False,False,False
26障340,17.465837590420094,0,73,0.10117361392148928,False,False,False
26障341,17.465837590420094,0,76,0.20234722784297857,False,False,False
27障135,17.464291056456204,0,111,1.3827060569270202,False,False,False
24障347,17.46095953196666,0,83,0.43841899365978687,False,False,False
29障134,17.46001428976048,0,164,3.1701065695399975,False,False,False
25障108,17.457160407430344,0,117,1.5850532847699987,False,False,False
2022障63,17.45591274849496,0,149,2.664238499932551,False,False,False
2021障278,17.45512310036346,0,142,2.428166734115743,False,False,False
21障84,17.454995910891235,0,62,-0.26979630379063807,False,False,False
24障142,17.452202065121753,0,77,0.23607176581680833,False,False,False
2022障148,17.449942765814548,0,129,1.9897477404559558,False,False,False
2020障99,17.443717260390905,0,57,-0.43841899365978687,False,False,False
17障216,17.443307317253563,0,105,1.1803588290840417,False,False,False
25障118,17.442951863808148,0,88,0.6070416835289357,False,False,False
20障255,17.441921869577367,0,63,-0.23607176581680833,False,False,False
19障486,17.440526010867792,0,47,-0.7756643733980845,False,False,False
2020障66,17.440115547961337,0,83,0.43841899365978687,False,False,False
24障129,17.43980049526633,0,54,-0.5395926075812761,False,False,False
2021障68,17.437060520707803,0,135,2.1920949682989344,False,False,False
2019障225,17.436033429964162,0,49,-0.708215297450425,False,False,False
21障283,17.429421839002007,0,107,1.2478079050317012,False,False,False
2021障109,17.427636018284257,0,66,-0.13489815189531904,False,False,False
19障169,17.42731229120267,0,95,0.8431134493457441,False,False,False
22障13,17.427102679669517,0,96,0.8768379873195737,False,False,False
22障424,17.42428816014526,0,74,0.13489815189531904,False,False,False
27障110,17.424031903649972,0,59,-0.3709699177121274,False,False,False
18障167,17.42138830601811,0,63,-0.23607176581680833,False,False,False
24障151,17.419827634319024,0,52,-0.6070416835289357,False,False,False
29障14,17.418933975026032,0,84,0.47214353163361666,False,False,False
19障95,17.418476449022496,0,67,-0.10117361392148928,False,False,False
27障249,17.418429442228902,0,58,-0.40469445568595713,False,False,False
28障217,17.41699257678739,0,51,-0.6407662215027655,False,False,False
2022障142,17.41603269610168,0,73,0.10117361392148928,False,False,False
21障226,17.41344868211485,0,94,0.8093889113719143,False,False,False
28障167,17.413361047883466,0,90,0.6744907594765952,False,False,False
22障163,17.412531972827978,0,89,0.6407662215027655,False,False,False
29障12,17.409137502821725,0,66,-0.13489815189531904,False,False,False
2022障244,17.40731035395821,0,87,0.5733171455551059,False,False,False
18障12,17.40532223663808,0,66,-0.13489815189531904,False,False,False
2021障140,17.402641395408935,0,67,-0.10117361392148928,False,False,False
24障6,17.400668366647082,0,103,1.112909753136382,False,False,False
24障7,17.400668366647082,0,75,0.1686226898691488,False,False,False
2019障117,17.399083953973005,0,127,1.9222986645082965,False,False,False
18障163,17.398339074981397,0,104,1.1466342911102119,False,False,False
17障375,17.395053333387725,0,60,-0.3372453797382976,False,False,False
29障239,17.391545911126226,0,165,3.2038311075138273,False,False,False
20障18,17.38802259608372,0,55,-0.5058680696074465,False,False,False
2023障164,17.385861818468314,0,94,0.8093889113719143,False,False,False
29障219,17.38367517587047,0,83,0.43841899365978687,False,False,False
28障236,17.383005978533397,0,43,-0.9105625252934035,False,False,False
29障216,17.382862549645395,0,52,-0.6070416835289357,False,False,False
24障92,17.380545855979825,0,67,-0.10117361392148928,False,False,False
27障127,17.38035820494117,0,113,1.4501551328746798,False,False,False
2019障191,17.379929490359377,0,50,-0.6744907594765952,False,False,False
25障214,17.3789861636673,0,56,-0.47214353163361666,False,False,False
22障299,17.378551067749733,0,51,-0.6407662215027655,False,False,False
2022障2,17.378308256641606,0,100,1.011736139214893,False,False,False
2019障12,17.377671982578097,0,99,0.9780116012410631,False,False,False
2021障149,17.376709069989744,0,74,0.13489815189531904,False,False,False
25障38,17.374826008424193,0,92,0.7419398354242548,False,False,False
28障214,17.371639507260543,0,101,1.0454606771887227,False,False,False
2019障127,17.370092359681713,0,66,-0.13489815189531904,False,False,False
27障192,17.36699558543063,0,59,-0.3709699177121274,False,False,False
18障96,17.363235932603363,0,69,-0.03372453797382976,False,False,False
2022障11,17.362903005604316,0,112,1.41643059490085,False,False,False
17障164,17.361966881969746,0,99,0.9780116012410631,False,False,False
22障223,17.361605024533464,0,87,0.5733171455551059,False,False,False
2022障62,17.360930518189353,0,105,1.1803588290840417,False,False,False
22障139,17.359215987122113,0,52,-0.6070416835289357,False,False,False
29障259,17.357559312872233,0,49,-0.708215297450425,False,False,False
21障77,17.357063317498987,0,55,-0.5058680696074465,False,False,False
26障222,17.355599398887033,0,42,-0.9442870632672333,False,False,False
2020障346,17.354701599910243,0,113,1.4501551328746798,False,False,False
29障187,17.35166943994433,0,166,3.237555645487657,False,False,False
2019障159,17.34872958916052,0,61,-0.30352084176446786,False,False,False
28障21,17.347624738938148,0,79,0.30352084176446786,False,False,False
23障108,17.346940890483037,0,25,-1.5176042088223394,False,False,False
23障110,17.345341511096272,0,92,0.7419398354242548,False,False,False
23障112,17.345341511096272,0,70,0.0,False,False,False
2023障193,17.34439154333621,0,86,0.5395926075812761,False,False,False
2022障154,17.342621833721658,0,78,0.26979630379063807,False,False,False
26障143,17.341995853013852,0,67,-0.10117361392148928,False,False,False
30障17,17.34185949163942,0,57,-0.43841899365978687,False,False,False
25障15,17.331903564122513,0,68,-0.06744907594765952,False,False,False
2020障169,17.33143918185001,0,66,-0.13489815189531904,False,False,False
22障425,17.329305929839652,0,105,1.1803588290840417,False,False,False
17障74,17.3284304414617,0,60,-0.3372453797382976,False,False,False
26障22,17.3270808975433,0,47,-0.7756643733980845,False,False,False
18障299,17.323501536741826,0,42,-0.9442870632672333,False,False,False
20障69,17.322071581569716,0,80,0.3372453797382976,False,False,False
21障144,17.320063369565407,0,137,2.259544044246594,False,False,False
25障236,17.319907213921205,0,105,1.1803588290840417,False,False,False
26障128,17.318079134280524,0,49,-0.708215297450425,False,False,False
23障242,17.317279091514937,0,45,-0.8431134493457441,False,False,False
28障94,17.31653732934822,0,75,0.1686226898691488,False,False,False
30障42,17.31606069919794,0,70,0.0,False,False,False
23障311,17.309697173785963,0,35,-1.1803588290840417,False,False,False
2022障243,17.303965838902464,0,139,2.3269931201942535,False,False,False
27障227,17.303206464826086,0,71,0.03372453797382976,False,False,False
28障123,17.301706253598546,0,44,-0.8768379873195737,False,False,False
29障124,17.301688880938535,0,92,0.7419398354242548,False,False,False
24障41,17.296744687713858,0,59,-0.3709699177121274,False,False,False
2019障77,17.29392123453952,0,82,0.40469445568595713,False,False,False
29障217,17.287880319339788,0,72,0.06744907594765952,False,False,False
29障218,17.287880319339788,0,76,0.20234722784297857,False,False,False
23障31,17.28756728893146,0,77,0.23607176581680833,False,False,False
2020障177,17.28598055239317,0,76,0.20234722784297857,False,False,False
23障325,17.283764848366776,0,77,0.23607176581680833,False,False,False
2023障168,17.28258953003742,0,22,-1.6187778227438285,False,False,False
2021障29,17.281861570878227,0,75,0.1686226898691488,False,False,False
18障21,17.28087666072102,0,99,0.9780116012410631,False,False,False
2019障151,17.2796796842741,0,98,0.9442870632672333,False,False,False
2023障37,17.278431175390203,0,97,0.9105625252934035,False,False,False
17障290,17.278317085511166,0,75,0.1686226898691488,False,False,False
2023障78,17.276830405434776,0,124,1.821125050586807,False,False,False
2022障140,17.275500043425634,0,57,-0.43841899365978687,False,False,False
24障144,17.275466157223647,0,61,-0.30352084176446786,False,False,False
30障220,17.275395762677544,0,52,-0.6070416835289357,False,False,False
26障122,17.27442573018017,0,36,-1.1466342911102119,False,False,False
2019障49,17.273655830769926,0,85,0.5058680696074465,False,False,False
29障251,17.2736264613572,0,116,1.551328746796169,False,False,False
17障177,17.271361971943502,0,131,2.0571968164036156,False,False,False
23障15,17.270848473129114,0,37,-1.112909753136382,False,False,False
24障165,17.268971168363286,0,92,0.7419398354242548,False,False,False
2023障93,17.26780995147125,0,149,2.664238499932551,False,False,False
27障78,17.26728374744607,0,86,0.5395926075812761,False,False,False
29障3,17.266606641961157,0,90,0.6744907594765952,False,False,False
27障245,17.26653675678007,0,82,0.40469445568595713,False,False,False
2022障76,17.265119391846156,0,155,2.86658572777553,False,False,False
25障329,17.26446504722009,0,139,2.3269931201942535,False,False,False
2021障21,17.2644328721863,0,86,0.5395926075812761,False,False,False
30障130,17.263775031275134,0,121,1.719951436665318,False,False,False
2021障38,17.262609325154028,0,75,0.1686226898691488,False,False,False
30障255,17.261141904694956,0,53,-0.5733171455551059,False,False,False
23障107,17.256277766287575,0,97,0.9105625252934035,False,False,False
2019障305,17.245227794215896,0,52,-0.6070416835289357,False,False,False
30障187,17.244195861478687,0,69,-0.03372453797382976,False,False,False
24障153,17.244118378725585,0,131,2.0571968164036156,False,False,False
18障285,17.24292949641306,0,69,-0.03372453797382976,False,False,False
2021障86,17.24129968706448,0,64,-0.20234722784297857,False,False,False
20障154,17.241085710941228,0,56,-0.47214353163361666,False,False,False
29障83,17.2407916445798,0,82,0.40469445568595713,False,False,False
18障89,17.237572317869606,0,68,-0.06744907594765952,False,False,False
23障17,17.237400938710298,0,124,1.821125050586807,False,False,False
20障145,17.236462617023694,0,54,-0.5395926075812761,False,False,False
26障255,17.23531393180826,0,51,-0.6407662215027655,False,False,False
19障39,17.232905143088853,0,113,1.4501551328746798,False,False,False
29障59,17.232893954751027,0,131,2.0571968164036156,False,False,False
21障262,17.2315875008436,0,79,0.30352084176446786,False,False,False
23障156,17.23128314341225,0,60,-0.3372453797382976,False,False,False
2021障91,17.230395664436408,0,59,-0.3709699177121274,False,False,False
29障347,17.229758132340596,0,173,3.4736274113044656,False,False,False
29障21,17.227195842971376,0,83,0.43841899365978687,False,False,False
2021障115,17.226468611314807,0,95,0.8431134493457441,False,False,False
23障81,17.225262335912426,0,103,1.112909753136382,False,False,False
30障219,17.22523862413544,0,63,-0.23607176581680833,False,False,False
25障238,17.224924983615598,0,35,-1.1803588290840417,False,False,False
25障237,17.224924983615598,0,46,-0.8093889113719143,False,False,False
2021障144,17.22269281900556,0,113,1.4501551328746798,False,False,False
23障244,17.22229686120933,0,83,0.43841899365978687,False,False,False
23障245,17.22229686120933,0,142,2.428166734115743,False,False,False
19障37,17.22126977229817,0,40,-1.011736139214893,False,False,False
22障12,17.220727789479657,0,91,0.708215297450425,False,False,False
22障11,17.220727789479657,0,60,-0.3372453797382976,False,False,False
18障183,17.21992962575745,0,48,-0.7419398354242548,False,False,False
2021障188,17.21892086534644,0,98,0.9442870632672333,False,False,False
2020障236,17.217355349108693,0,86,0.5395926075812761,False,False,False
2021障4,17.216815665338586,0,84,0.47214353163361666,False,False,False
26障344,17.212849067450676,0,49,-0.708215297450425,False,False,False
25障74,17.211530726152397,0,90,0.6744907594765952,False,False,False
24障31,17.211344117057735,0,54,-0.5395926075812761,False,False,False
19障175,17.21085016465688,0,71,0.03372453797382976,False,False,False
19障11,17.210671555046687,0,33,-1.2478079050317012,False,False,False
2020障174,17.21018671302364,0,91,0.708215297450425,False,False,False
17障165,17.208812913419386,0,117,1.5850532847699987,False,False,False
19障161,17.205756128287558,0,43,-0.9105625252934035,False,False,False
27障105,17.205623957081595,0,34,-1.2140833670578715,False,False,False
23障160,17.20535081799306,0,92,0.7419398354242548,False,False,False
23障161,17.20535081799306,0,62,-0.26979630379063807,False,False,False
23障162,17.20535081799306,0,48,-0.7419398354242548,False,False,False
17障145,17.203641473147805,0,58,-0.40469445568595713,False,False,False
2022障110,17.20324437337264,0,148,2.6305139619587212,False,False,False
21障25,17.203068999499866,0,73,0.10117361392148928,False,False,False
19障281,17.201707690082245,0,60,-0.3372453797382976,False,False,False
2020障164,17.20027290666969,0,58,-0.40469445568595713,False,False,False
24障140,17.193448780778617,0,63,-0.23607176581680833,False,False,False
24障110,17.19143269564192,0,72,0.06744907594765952,False,False,False
2021障277,17.190321241586467,0,136,2.225819506272764,False,False,False
18障159,17.187809485096718,0,75,0.1686226898691488,False,False,False
18障160,17.187809485096718,0,64,-0.20234722784297857,False,False,False
17障137,17.187232634110174,0,159,3.001483879670849,False,False,False
2019障316,17.184719001683256,0,80,0.3372453797382976,False,False,False
25障229,17.18278517706297,0,54,-0.5395926075812761,False,False,False
2023障77,17.18184817512917,0,86,0.5395926075812761,False,False,False
2020障176,17.179097885844,0,80,0.3372453797382976,False,False,False
2022障249,17.178638290415595,0,94,0.8093889113719143,False,False,False
17障156,17.178212180146648,0,47,-0.7756643733980845,False,False,False
2020障347,17.17792400495623,0,96,0.8768379873195737,False,False,False
17障371,17.17791094219144,0,79,0.30352084176446786,False,False,False
25障88,17.17671132569849,0,111,1.3827060569270202,False,False,False
20障23,17.17606714719788,0,55,-0.5058680696074465,False,False,False
20障25,17.17606714719788,0,95,0.8431134493457441,False,False,False
20障24,17.17606714719788,0,111,1.3827060569270202,False,False,False
2020障178,17.1743405812505,0,159,3.001483879670849,False,False,False
27障80,17.174140415726836,0,75,0.1686226898691488,False,False,False
2023障94,17.172827721165643,0,93,0.7756643733980845,False,False,False
20障14,17.17020524300388,0,73,0.10117361392148928,False,False,False
28障230,17.16901677809518,0,109,1.3152569809793606,False,False,False
26障106,17.168473876082366,0,47,-0.7756643733980845,False,False,False
30障256,17.16615967438935,0,40,-1.011736139214893,False,False,False
17障299,17.164529674775892,0,85,0.5058680696074465,False,False,False
2019障323,17.162348552255033,0,126,1.8885741265344667,False,False,False
29障182,17.161698187835324,0,64,-0.20234722784297857,False,False,False
30障189,17.161212586746878,0,50,-0.6744907594765952,False,False,False
17障215,17.1586330103502,0,70,0.0,False,False,False
30障358,17.152797054878807,0,72,0.06744907594765952,False,False,False
24障183,17.15219407746246,0,39,-1.0454606771887227,False,False,False
26障251,17.151381080293227,0,108,1.281532443005531,False,False,False
19障197,17.147271358922044,0,81,0.3709699177121274,False,False,False
24障269,17.146503021839795,0,171,3.406178335356806,False,False,False
2021障87,17.146317456758872,0,46,-0.8093889113719143,False,False,False
20障155,17.146103480635617,0,72,0.06744907594765952,False,False,False
2019障15,17.145106279409433,0,54,-0.5395926075812761,False,False,False
20障437,17.145005748547195,0,41,-0.9780116012410631,False,False,False
27障177,17.14391416094727,0,76,0.20234722784297857,False,False,False
27障252,17.142661844941085,0,61,-0.30352084176446786,False,False,False
17障380,17.142064810418304,0,113,1.4501551328746798,False,False,False
17障381,17.142064810418304,0,90,0.6744907594765952,False,False,False
27障378,17.136699320020043,0,75,0.1686226898691488,False,False,False
2023障253,17.1366803514373,0,85,0.5058680696074465,False,False,False
24障5,17.135866507870087,0,68,-0.06744907594765952,False,False,False
20障134,17.135505263384132,0,89,0.6407662215027655,False,False,False
20障135,17.135505263384132,0,29,-1.3827060569270202,False,False,False
21障12,17.13434776275671,0,86,0.5395926075812761,False,False,False
30障242,17.134039533728615,0,41,-0.9780116012410631,False,False,False
26障72,17.132644713662536,0,71,0.03372453797382976,False,False,False
2021障116,17.1314863810092,0,47,-0.7756643733980845,False,False,False
21障209,17.131337694758322,0,73,0.10117361392148928,False,False,False
2021障272,17.131185143053997,0,56,-0.47214353163361666,False,False,False
20障140,17.129694641597986,0,37,-1.112909753136382,False,False,False
2022障53,17.128955114825917,0,72,0.06744907594765952,False,False,False
2023障259,17.12632626556886,0,70,0.0,False,False,False
22障214,17.12273549117566,0,105,1.1803588290840417,False,False,False
22障213,17.12273549117566,0,34,-1.2140833670578715,False,False,False
2023障85,17.122158123218675,0,96,0.8768379873195737,False,False,False
27障376,17.119553361766346,0,82,0.40469445568595713,False,False,False
2019障101,17.118337975929645,0,55,-0.5058680696074465,False,False,False
23障2,17.116678116934015,0,35,-1.1803588290840417,False,False,False
26障17,17.115302170992752,0,95,0.8431134493457441,False,False,False
24障244,17.114382881179065,0,78,0.26979630379063807,False,False,False
22障298,17.11374920897274,0,34,-1.2140833670578715,False,False,False
28障320,17.111542632886017,0,163,3.1363820315661677,False,False,False
2020障270,17.10616337484429,0,127,1.9222986645082965,False,False,False
29障178,17.102664167156746,0,126,1.8885741265344667,False,False,False
26障112,17.099983007791256,0,63,-0.23607176581680833,False,False,False
28障89,17.09631414248239,0,43,-0.9105625252934035,False,False,False
24障28,17.096308534224868,0,22,-1.6187778227438285,False,False,False
24障139,17.095104949337824,0,35,-1.1803588290840417,False,False,False
26障350,17.09432352547777,0,63,-0.23607176581680833,False,False,False
2019障295,17.09329185587082,0,46,-0.8093889113719143,False,False,False
17障148,17.09188622753824,0,81,0.3709699177121274,False,False,False
17障66,17.090069540001576,0,79,0.30352084176446786,False,False,False
2023障92,17.086501768557234,0,106,1.2140833670578715,False,False,False
18障14,17.08570597930377,0,88,0.6070416835289357,False,False,False
29障343,17.08365837291535,0,66,-0.13489815189531904,False,False,False
2020障348,17.08294177465062,0,145,2.5293403480372323,False,False,False
30障355,17.080185274001423,0,42,-0.9442870632672333,False,False,False
19障171,17.079550860126346,0,96,0.8768379873195737,False,False,False
26障20,17.073337971893718,0,79,0.30352084176446786,False,False,False
26障19,17.073337971893718,0,59,-0.3709699177121274,False,False,False
25障195,17.06981181398057,0,81,0.3709699177121274,False,False,False
2020障8,17.069796367273575,0,68,-0.06744907594765952,False,False,False
29障38,17.067649736303363,0,48,-0.7419398354242548,False,False,False
2019障312,17.067359530451633,0,49,-0.708215297450425,False,False,False
20障103,17.066464238250465,0,55,-0.5058680696074465,False,False,False
2022障139,17.06368894656259,0,72,0.06744907594765952,False,False,False
18障165,17.061604216935507,0,49,-0.708215297450425,False,False,False
30障5,17.06016952357332,0,63,-0.23607176581680833,False,False,False
25障365,17.060096958171698,0,49,-0.708215297450425,False,False,False
24障150,17.060043545236425,0,84,0.47214353163361666,False,False,False
2021障15,17.057626819978374,0,108,1.281532443005531,False,False,False
23障375,17.05746883576543,0,37,-1.112909753136382,False,False,False
29障171,17.054930212409616,0,133,2.1246458923512748,False,False,False
30障25,17.05436613206156,0,68,-0.06744907594765952,False,False,False
19障177,17.054121567125193,0,54,-0.5395926075812761,False,False,False
21障407,17.050369052905406,0,50,-0.6744907594765952,False,False,False
26障342,17.049994196959712,0,64,-0.20234722784297857,False,False,False
23障216,17.047562613349758,0,72,0.06744907594765952,False,False,False
18障11,17.04553814755548,0,46,-0.8093889113719143,False,False,False
19障416,17.043906522816037,0,120,1.6862268986914881,False,False,False
2023障162,17.043092223619123,0,112,1.41643059490085,False,False,False
26障349,17.04303623047708,0,74,0.13489815189531904,False,False,False
21障19,17.042473259750768,0,125,1.8548495885606369,False,False,False
22障402,17.04176684932274,0,159,3.001483879670849,False,False,False
28障97,17.04083144794315,0,38,-1.0791852151625523,False,False,False
29障221,17.040431418041866,0,63,-0.23607176581680833,False,False,False
23障233,17.038542159386235,0,66,-0.13489815189531904,False,False,False
20障157,17.03434823502605,0,69,-0.03372453797382976,False,False,False
22障14,17.033871056168106,0,113,1.4501551328746798,False,False,False
26障114,17.031272754568885,0,71,0.03372453797382976,False,False,False
22障269,17.030694393384785,0,106,1.2140833670578715,False,False,False
26障165,17.027667061651254,0,93,0.7756643733980845,False,False,False
25障52,17.02639550654431,0,71,0.03372453797382976,False,False,False
20障112,17.02602430545177,0,69,-0.03372453797382976,False,False,False
29障255,17.025490262501233,0,65,-0.1686226898691488,False,False,False
22障175,17.022327965033227,0,66,-0.13489815189531904,False,False,False
27障17,17.020945037832774,0,95,0.8431134493457441,False,False,False
2022障73,17.019662247204895,0,118,1.6187778227438285,False,False,False
22障300,17.018142442154105,0,72,0.06744907594765952,False,False,False
21障123,17.015474441165683,0,74,0.13489815189531904,False,False,False
29障93,17.015384782281988,0,48,-0.7419398354242548,False,False,False
29障387,17.013816205607693,0,56,-0.47214353163361666,False,False,False
18障132,17.013711836543116,0,34,-1.2140833670578715,False,False,False
23障369,17.012976755780908,0,23,-1.5850532847699987,False,False,False
28障114,17.012177496926,0,79,0.30352084176446786,False,False,False
2021障206,17.012027787050332,0,78,0.26979630379063807,False,False,False
21障218,17.010423139033527,0,32,-1.281532443005531,False,False,False
2019障119,17.00852466987437,0,22,-1.6187778227438285,False,False,False
2023障65,17.007747772040933,0,103,1.112909753136382,False,False,False
20障93,17.004322464117983,0,60,-0.3372453797382976,False,False,False
30障102,17.002900225619744,0,58,-0.40469445568595713,False,False,False
19障305,17.00235380565087,0,89,0.6407662215027655,False,False,False
20障5,17.001518294150895,0,57,-0.43841899365978687,False,False,False
23障226,17.00116870114114,0,101,1.0454606771887227,False,False,False
22障99,17.00003061203644,0,50,-0.6744907594765952,False,False,False
18障425,17.00002755420601,0,60,-0.3372453797382976,False,False,False
30障128,16.998973172498147,0,93,0.7756643733980845,False,False,False
2019障212,16.998901849345568,0,74,0.13489815189531904,False,False,False
2023障88,16.992125562154573,0,98,0.9442870632672333,False,False,False
19障113,16.991621357593456,0,48,-0.7419398354242548,False,False,False
20障279,16.990938690087944,0,28,-1.41643059490085,False,False,False
30障329,16.988758128188987,0,52,-0.6070416835289357,False,False,False
27障106,16.98845397519784,0,56,-0.47214353163361666,False,False,False
2020障336,16.98795275284722,0,54,-0.5395926075812761,False,False,False
26障400,16.986553054849328,0,27,-1.4501551328746798,False,False,False
2022障147,16.985218440196725,0,104,1.1466342911102119,False,False,False
2019障314,16.984376255719823,0,52,-0.6070416835289357,False,False,False
18障313,16.98223326575737,0,62,-0.26979630379063807,False,False,False
18障124,16.981964974550355,0,40,-1.011736139214893,False,False,False
27障108,16.978879820507938,0,81,0.3709699177121274,False,False,False
23障14,16.976931692177153,0,80,0.3372453797382976,False,False,False
19障235,16.97540629879627,0,44,-0.8768379873195737,False,False,False
17障10,16.974978078985544,0,58,-0.40469445568595713,False,False,False
30障353,16.974824758343598,0,63,-0.23607176581680833,False,False,False
26障329,16.97397953409287,0,98,0.9442870632672333,False,False,False
23障196,16.972801194807136,0,78,0.26979630379063807,False,False,False
23障56,16.97258825151784,0,66,-0.13489815189531904,False,False,False
30障152,16.969964717451894,0,49,-0.708215297450425,False,False,False
22障254,16.96791813638768,0,88,0.6070416835289357,False,False,False
2019障132,16.967412237537324,0,58,-0.40469445568595713,False,False,False
25障10,16.966479201376693,0,65,-0.1686226898691488,False,False,False
27障367,16.965923250344904,0,113,1.4501551328746798,False,False,False
2021障88,16.965593805659417,0,56,-0.47214353163361666,False,False,False
19障227,16.965492492442323,0,64,-0.20234722784297857,False,False,False
23障8,16.963851078970425,0,45,-0.8431134493457441,False,False,False
2020障57,16.961599913043827,0,52,-0.6070416835289357,False,False,False
23障75,16.960369427151704,0,39,-1.0454606771887227,False,False,False
23障113,16.96012812901252,0,58,-0.40469445568595713,False,False,False
2020障104,16.958333558342876,0,51,-0.6407662215027655,False,False,False
2020障106,16.956146564657878,0,98,0.9442870632672333,False,False,False
26障149,16.955186123355773,0,28,-1.41643059490085,False,False,False
2019障86,16.95491445402881,0,52,-0.6070416835289357,False,False,False
25障318,16.953987979408854,0,102,1.0791852151625523,False,False,False
19障435,16.952012075368657,0,120,1.6862268986914881,False,False,False
22障94,16.95001804720882,0,101,1.0454606771887227,False,False,False
30障115,16.948303574551176,0,129,1.9897477404559558,False,False,False
24障74,16.94797354476851,0,64,-0.20234722784297857,False,False,False
2022障68,16.94702887565083,0,129,1.9897477404559558,False,False,False
26障25,16.944605307659835,0,78,0.26979630379063807,False,False,False
18障173,16.944241098476343,0,55,-0.5058680696074465,False,False,False
2022障71,16.94386840783536,0,85,0.5058680696074465,False,False,False
2022障72,16.94386840783536,0,75,0.1686226898691488,False,False,False
21障298,16.94224593262732,0,64,-0.20234722784297857,False,False,False
17障19,16.94051374356499,0,76,0.20234722784297857,False,False,False
27障92,16.93572869746268,0,100,1.011736139214893,False,False,False
18障433,16.934065432177817,0,61,-0.30352084176446786,False,False,False
22障386,16.93279257827921,0,51,-0.6407662215027655,False,False,False
28障219,16.932299343987147,0,141,2.394442196141913,False,False,False
28障312,16.93170712020679,0,73,0.10117361392148928,False,False,False
19障22,16.92964608864134,0,104,1.1466342911102119,False,False,False
19障220,16.927774421903035,0,53,-0.5733171455551059,False,False,False
2020障243,16.92564028355193,0,71,0.03372453797382976,False,False,False
2020障237,16.91949507174116,0,78,0.26979630379063807,False,False,False
2020障333,16.9189028479608,0,66,-0.13489815189531904,False,False,False
30障98,16.918822017942208,0,66,-0.13489815189531904,False,False,False
30障97,16.918822017942208,0,114,1.4838796708485096,False,False,False
27障347,16.91829137345167,0,68,-0.06744907594765952,False,False,False
2021障45,16.917823466880392,0,71,0.03372453797382976,False,False,False
17障131,16.917337374491254,0,98,0.9442870632672333,False,False,False
29障126,16.916475498854783,0,112,1.41643059490085,False,False,False
25障9,16.91530006875649,0,76,0.20234722784297857,False,False,False
20障392,16.914204216685963,0,27,-1.4501551328746798,False,False,False
26障247,16.913432880994968,0,69,-0.03372453797382976,False,False,False
20障390,16.911563169661097,0,47,-0.7756643733980845,False,False,False
2020障39,16.90989812280739,0,119,1.6525023607176583,False,False,False
27障375,16.909020057790432,0,109,1.3152569809793606,False,False,False
18障309,16.906439426387834,0,59,-0.3709699177121274,False,False,False
2023障144,16.906288738206428,0,130,2.023472278429786,False,False,False
2020障160,16.906066753201152,0,73,0.10117361392148928,False,False,False
2023障181,16.904548253670626,0,72,0.06744907594765952,False,False,False
26障102,16.904043423846087,0,37,-1.112909753136382,False,False,False
26障100,16.904043423846087,0,84,0.47214353163361666,False,False,False
26障101,16.904043423846087,0,40,-1.011736139214893,False,False,False
26障103,16.904043423846087,0,37,-1.112909753136382,False,False,False
23障9,16.903517326833907,0,62,-0.26979630379063807,False,False,False
20障130,16.90295050502433,0,81,0.3709699177121274,False,False,False
19障151,16.90274970897714,0,38,-1.0791852151625523,False,False,False
27障370,16.902619032593158,0,59,-0.3709699177121274,False,False,False
24障271,16.898366822983828,0,89,0.6407662215027655,False,False,False
2023障148,16.89834804716371,0,138,2.2932685822204237,False,False,False
21障24,16.898146941230085,0,104,1.1466342911102119,False,False,False
2019障87,16.898114789063822,0,103,1.112909753136382,False,False,False
2019障315,16.897036929231476,0,42,-0.9442870632672333,False,False,False
28障302,16.893989049667503,0,83,0.43841899365978687,False,False,False
24障135,16.89335474360651,0,108,1.281532443005531,False,False,False
26障8,16.892935298054326,0,56,-0.47214353163361666,False,False,False
27障30,16.892212373598888,0,118,1.6187778227438285,False,False,False
18障83,16.89034286312711,0,58,-0.40469445568595713,False,False,False
22障401,16.887616169495484,0,123,1.7874005126129773,False,False,False
21障8,16.887286102553926,0,106,1.2140833670578715,False,False,False
29障220,16.885379431258595,0,48,-0.7419398354242548,False,False,False
24障108,16.884575587782173,0,40,-1.011736139214893,False,False,False
24障138,16.88329385247478,0,139,2.3269931201942535,False,False,False
25障116,16.883245307884717,0,132,2.0909213543774454,False,False,False
21障67,16.882691219163256,0,64,-0.20234722784297857,False,False,False
19障1,16.87846695602114,0,41,-0.9780116012410631,False,False,False
28障350,16.878258847318577,0,68,-0.06744907594765952,False,False,False
2019障154,16.87775002685249,0,118,1.6187778227438285,False,False,False
21障297,16.874215213699436,0,52,-0.6070416835289357,False,False,False
23障111,16.87380217640411,0,57,-0.43841899365978687,False,False,False
21障71,16.870803904277544,0,114,1.4838796708485096,False,False,False
21障72,16.870803904277544,0,94,0.8093889113719143,False,False,False
2021障90,16.87061157535381,0,110,1.3489815189531904,False,False,False
30障351,16.867843572464192,0,50,-0.6744907594765952,False,False,False
30障350,16.867843572464192,0,44,-0.8768379873195737,False,False,False
22障286,16.8663600553421,0,20,-1.6862268986914881,False,False,False
2019障291,16.865609324720317,0,43,-0.9105625252934035,False,False,False
2021障173,16.86494739804999,0,129,1.9897477404559558,False,False,False
27障344,16.86254410223838,0,40,-1.011736139214893,False,False,False
22障70,16.86220170069488,0,69,-0.03372453797382976,False,False,False
21障148,16.860182680358594,0,84,0.47214353163361666,False,False,False
29障94,16.860085871012338,0,62,-0.26979630379063807,False,False,False
20障452,16.858230805304775,0,65,-0.1686226898691488,False,False,False
2022障36,16.85679763456041,0,82,0.40469445568595713,False,False,False
20障162,16.855872328857473,0,54,-0.5395926075812761,False,False,False
28障194,16.85525624576495,0,76,0.20234722784297857,False,False,False
24障274,16.853819290727756,0,101,1.0454606771887227,False,False,False
25障321,16.851268510775895,0,94,0.8093889113719143,False,False,False
27障270,16.850851947376313,0,99,0.9780116012410631,False,False,False
23障74,16.84971824820197,0,82,0.40469445568595713,False,False,False
19障430,16.847651596176693,0,24,-1.551328746796169,False,False,False
30障7,16.847380140013925,0,76,0.20234722784297857,False,False,False
27障113,16.843764793438567,0,41,-0.9780116012410631,False,False,False
22障364,16.841365432466773,0,57,-0.43841899365978687,False,False,False
2023障233,16.840597210102686,0,144,2.4956158100634025,False,False,False
20障295,16.83930412892558,0,63,-0.23607176581680833,False,False,False
26障85,16.835602132250862,0,105,1.1803588290840417,False,False,False
29障86,16.834332822051614,0,49,-0.708215297450425,False,False,False
20障210,16.833149139287382,0,41,-0.9780116012410631,False,False,False
21障180,16.831174225312342,0,68,-0.06744907594765952,False,False,False
20障150,16.831145430961918,0,53,-0.5733171455551059,False,False,False
17障247,16.83110115685867,0,102,1.0791852151625523,False,False,False
28障335,16.830434423873054,0,60,-0.3372453797382976,False,False,False
28障336,16.830434423873054,0,29,-1.3827060569270202,False,False,False
19障28,16.82728396921969,0,88,0.6070416835289357,False,False,False
21障382,16.82403531063025,0,71,0.03372453797382976,False,False,False
21障384,16.82403531063025,0,105,1.1803588290840417,False,False,False
21障381,16.82403531063025,0,79,0.30352084176446786,False,False,False
2023障258,16.82269323328534,0,113,1.4501551328746798,False,False,False
28障237,16.822463570557076,0,103,1.112909753136382,False,False,False
17障16,16.822151041021954,0,41,-0.9780116012410631,False,False,False
2020障121,16.82018886298102,0,110,1.3489815189531904,False,False,False
17障155,16.81842809106405,0,95,0.8431134493457441,False,False,False
2020障339,16.817630151627064,0,44,-0.8768379873195737,False,False,False
23障164,16.817273059945478,0,158,2.967759341697019,False,False,False
22障393,16.813947505818938,0,47,-0.7756643733980845,False,False,False
23障22,16.812318284511797,0,139,2.3269931201942535,False,False,False
22障20,16.810280307739635,0,70,0.0,False,False,False
2022障132,16.80966906109287,0,89,0.6407662215027655,False,False,False
17障287,16.80880527053525,0,87,0.5733171455551059,False,False,False
17障363,16.808213046754894,0,58,-0.40469445568595713,False,False,False
17障364,16.808213046754894,0,57,-0.43841899365978687,False,False,False
18障61,16.80751377899658,0,60,-0.3372453797382976,False,False,False
18障442,16.807408757876914,0,65,-0.1686226898691488,False,False,False
2022障126,16.803854578075402,0,85,0.5058680696074465,False,False,False
24障143,16.803354239049458,0,44,-0.8768379873195737,False,False,False
27障134,16.802758470220898,0,71,0.03372453797382976,False,False,False
26障223,16.80254642934542,0,139,2.3269931201942535,False,False,False
24障113,16.802191612839817,0,85,0.5058680696074465,False,False,False
27障33,16.801903832261644,0,52,-0.6070416835289357,False,False,False
19障89,16.79994093226715,0,57,-0.43841899365978687,False,False,False
20障236,16.799799034916514,0,67,-0.10117361392148928,False,False,False
22障283,16.797638818598944,0,101,1.0454606771887227,False,False,False
25障97,16.796863676069,0,63,-0.23607176581680833,False,False,False
25障82,16.796791056425224,0,80,0.3372453797382976,False,False,False
24障56,16.79619164949791,0,55,-0.5058680696074465,False,False,False
2020障181,16.795131307842713,0,116,1.551328746796169,False,False,False
17障15,16.79506705411116,0,114,1.4838796708485096,False,False,False
17障382,16.794279676909504,0,25,-1.5176042088223394,False,False,False
23障72,16.794162934018956,0,99,0.9780116012410631,False,False,False
29障112,16.793734046550256,0,79,0.30352084176446786,False,False,False
26障241,16.793133204630454,0,163,3.1363820315661677,False,False,False
25障320,16.79304098699482,0,59,-0.3709699177121274,False,False,False
2022障81,16.792233846672996,0,72,0.06744907594765952,False,False,False
25障95,16.78964440663433,0,106,1.2140833670578715,False,False,False
29障234,16.786740001308264,0,73,0.10117361392148928,False,False,False
18障148,16.78620414090703,0,110,1.3489815189531904,False,False,False
26障83,16.784422999630657,0,84,0.47214353163361666,False,False,False
27障93,16.78042978619303,0,163,3.1363820315661677,False,False,False
25障233,16.77636842301551,0,61,-0.30352084176446786,False,False,False
20障133,16.775721174301534,0,39,-1.0454606771887227,False,False,False
24障128,16.774824191673083,0,111,1.3827060569270202,False,False,False
21障136,16.77422090401651,0,71,0.03372453797382976,False,False,False
21障145,16.773856727750182,0,50,-0.6744907594765952,False,False,False
18障489,16.773731541604665,0,58,-0.40469445568595713,False,False,False
24障354,16.772846549000093,0,24,-1.551328746796169,False,False,False
19障327,16.772751508416306,0,111,1.3827060569270202,False,False,False
21障57,16.77204004021352,0,84,0.47214353163361666,False,False,False
2021障70,16.77194359006579,0,88,0.6070416835289357,False,False,False
20障138,16.77063163469093,0,103,1.112909753136382,False,False,False
22障206,16.77014149750231,0,68,-0.06744907594765952,False,False,False
22障72,16.769058368975642,0,121,1.719951436665318,False,False,False
18障104,16.768041305147275,0,51,-0.6407662215027655,False,False,False
26障113,16.76647089579189,0,75,0.1686226898691488,False,False,False
2022障207,16.76553434998473,0,110,1.3489815189531904,False,False,False
2020障79,16.76322531692017,0,86,0.5395926075812761,False,False,False
2020障77,16.76322531692017,0,55,-0.5058680696074465,False,False,False
2023障243,16.76068301943488,0,119,1.6525023607176583,False,False,False
2023障79,16.760682880207376,0,103,1.112909753136382,False,False,False
29障5,16.760640801684126,0,102,1.0791852151625523,False,False,False
19障425,16.760137096600275,0,36,-1.1466342911102119,False,False,False
26障177,16.758437705074538,0,48,-0.7419398354242548,False,False,False
28障15,16.757203881452984,0,124,1.821125050586807,False,False,False
19障31,16.75654544668035,0,55,-0.5058680696074465,False,False,False
29障179,16.754902736080417,0,40,-1.011736139214893,False,False,False
20障290,16.751267278023064,0,88,0.6070416835289357,False,False,False
29障91,16.750582923504993,0,39,-1.0454606771887227,False,False,False
2019障21,16.748959579764083,0,61,-0.30352084176446786,False,False,False
2019障23,16.748959579764083,0,173,3.4736274113044656,False,False,False
2022障35,16.748868213486638,0,170,3.3724537973829762,False,False,False
2023障261,16.74860259338972,0,93,0.7756643733980845,False,False,False
2019障355,16.74608128754468,0,40,-1.011736139214893,False,False,False
2021障177,16.740606224330417,0,56,-0.47214353163361666,False,False,False
18障92,16.740030089977278,0,61,-0.30352084176446786,False,False,False
29障230,16.739108124415026,0,92,0.7419398354242548,False,False,False
30障100,16.73809836684275,0,68,-0.06744907594765952,False,False,False
29障183,16.737237666333275,0,57,-0.43841899365978687,False,False,False
18障420,16.735225695429016,0,72,0.06744907594765952,False,False,False
29障248,16.730087670451503,0,80,0.3372453797382976,False,False,False
18障76,16.727529779499935,0,53,-0.5733171455551059,False,False,False
2019障214,16.727154611165485,0,44,-0.8768379873195737,False,False,False
2019障216,16.727154611165485,0,57,-0.43841899365978687,False,False,False
2022障20,16.726750263246796,0,83,0.43841899365978687,False,False,False
30障232,16.72662356775278,0,65,-0.1686226898691488,False,False,False
2023障147,16.726377713332045,0,141,2.394442196141913,False,False,False
26障78,16.723247153102854,0,61,-0.30352084176446786,False,False,False
23障165,16.72229082963987,0,79,0.30352084176446786,False,False,False
27障128,16.71985848908679,0,70,0.0,False,False,False
26障220,16.71765559544281,0,80,0.3372453797382976,False,False,False
21障361,16.717267335204543,0,89,0.6407662215027655,False,False,False
24障399,16.7168731376189,0,62,-0.26979630379063807,False,False,False
2021障52,16.714048262496757,0,71,0.03372453797382976,False,False,False
2020障95,16.711394209659826,0,79,0.30352084176446786,False,False,False
27障244,16.71024438430442,0,52,-0.6070416835289357,False,False,False
20障11,16.70427929637325,0,19,-1.719951436665318,False,False,False
2022障67,16.704079014181655,0,68,-0.06744907594765952,False,False,False
2022障103,16.703604771990125,0,22,-1.6187778227438285,False,False,False
17障163,16.70263373390795,0,121,1.719951436665318,False,False,False
30障11,16.6956088388837,0,82,0.40469445568595713,False,False,False
17障141,16.693512742056857,0,84,0.47214353163361666,False,False,False
26障146,16.693298402903576,0,45,-0.8431134493457441,False,False,False
23障246,16.6918486615175,0,162,3.102657493592338,False,False,False
18障88,16.688850957357076,0,59,-0.3709699177121274,False,False,False
17障275,16.68869259351753,0,53,-0.5733171455551059,False,False,False
24障251,16.68706393070002,0,143,2.4618912720895727,False,False,False
27障94,16.68544755588742,0,137,2.259544044246594,False,False,False
19障323,16.68471465751379,0,81,0.3709699177121274,False,False,False
2020障13,16.6811195966576,0,44,-0.8768379873195737,False,False,False
19障152,16.679809610378296,0,79,0.30352084176446786,False,False,False
2020障205,16.676989099287585,0,58,-0.40469445568595713,False,False,False
2020障208,16.676989099287585,0,57,-0.43841899365978687,False,False,False
26障42,16.675549433967607,0,128,1.9560232024821262,False,False,False
17障356,16.675512745909998,0,54,-0.5395926075812761,False,False,False
28障192,16.67538318155673,0,107,1.2478079050317012,False,False,False
26障275,16.67381606464689,0,130,2.023472278429786,False,False,False
27障89,16.670926838685684,0,78,0.26979630379063807,False,False,False
27障88,16.670926838685684,0,95,0.8431134493457441,False,False,False
28障207,16.669572559770582,0,108,1.281532443005531,False,False,False
2020障385,16.666674509940268,0,76,0.20234722784297857,False,False,False
23障136,16.666317815189274,0,90,0.6744907594765952,False,False,False
30障191,16.66615364281989,0,54,-0.5395926075812761,False,False,False
2020障217,16.662578909310742,0,63,-0.23607176581680833,False,False,False
2020障191,16.658546946104313,0,66,-0.13489815189531904,False,False,False
19障427,16.658190108314244,0,38,-1.0791852151625523,False,False,False
21障122,16.655690352083084,0,49,-0.708215297450425,False,False,False
28障26,16.655404977198515,0,97,0.9105625252934035,False,False,False
21障388,16.653712709410094,0,115,1.5176042088223394,False,False,False
21障387,16.653712709410094,0,59,-0.3709699177121274,False,False,False
2023障260,16.653620363084112,0,75,0.1686226898691488,False,False,False
17障129,16.652535515714263,0,56,-0.47214353163361666,False,False,False
17障130,16.652535515714263,0,84,0.47214353163361666,False,False,False
22障389,16.64511050582743,0,40,-1.011736139214893,False,False,False
22障387,16.64511050582743,0,118,1.6187778227438285,False,False,False
30障14,16.64442585208225,0,57,-0.43841899365978687,False,False,False
29障247,16.64376171784309,0,104,1.1466342911102119,False,False,False
30障101,16.64311613653714,0,43,-0.9105625252934035,False,False,False
2019障61,16.642588789406762,0,76,0.20234722784297857,False,False,False
25障205,16.642480832239283,0,45,-0.8431134493457441,False,False,False
30障346,16.64236625035648,0,45,-0.8431134493457441,False,False,False
30障386,16.641547559862847,0,31,-1.3152569809793606,False,False,False
21障101,16.641199454158453,0,125,1.8548495885606369,False,False,False
27障148,16.637910011233316,0,90,0.6744907594765952,False,False,False
20障100,16.63688910265733,0,109,1.3152569809793606,False,False,False
30障363,16.634694215739827,0,26,-1.4838796708485096,False,False,False
2021障75,16.63418545125606,0,157,2.9340348037231894,False,False,False
2020障223,16.633219965896778,0,55,-0.5058680696074465,False,False,False
2023障145,16.630582856801364,0,132,2.0909213543774454,False,False,False
25障304,16.63052574035583,0,22,-1.6187778227438285,False,False,False
18障8,16.628934652189457,0,63,-0.23607176581680833,False,False,False
21障100,16.627083875844,0,42,-0.9442870632672333,False,False,False
2022障141,16.62665221735334,0,72,0.06744907594765952,False,False,False
25障215,16.624996564867455,0,50,-0.6744907594765952,False,False,False
24障27,16.6247691995327,0,75,0.1686226898691488,False,False,False
20障97,16.62277352434288,0,52,-0.6070416835289357,False,False,False
23障207,16.622368442461187,0,118,1.6187778227438285,False,False,False
30障243,16.62158044631544,0,94,0.8093889113719143,False,False,False
17障178,16.619600007546413,0,50,-0.6744907594765952,False,False,False
25障201,16.615645228130806,0,130,2.023472278429786,False,False,False
2020障245,16.613686889746496,0,89,0.6407662215027655,False,False,False
23障260,16.613497881481617,0,49,-0.708215297450425,False,False,False
25障176,16.613210573009265,0,58,-0.40469445568595713,False,False,False
17障383,16.61195812011555,0,90,0.6744907594765952,False,False,False
2023障96,16.609380465749474,0,82,0.40469445568595713,False,False,False
23障206,16.608660351484527,0,63,-0.23607176581680833,False,False,False
19障170,16.60801152543418,0,105,1.1803588290840417,False,False,False
26障235,16.606801852219323,0,67,-0.10117361392148928,False,False,False
26障174,16.606501766729462,0,84,0.47214353163361666,False,False,False
26障172,16.606501766729462,0,79,0.30352084176446786,False,False,False
26障175,16.606501766729462,0,130,2.023472278429786,False,False,False
2019障115,16.60629363527005,0,64,-0.20234722784297857,False,False,False
24障87,16.605048187896738,0,73,0.10117361392148928,False,False,False
17障26,16.60470008574033,0,49,-0.708215297450425,False,False,False
2019障209,16.604413158860957,0,72,0.06744907594765952,False,False,False
19障258,16.603757510518946,0,55,-0.5058680696074465,False,False,False
17障102,16.601283763450283,0,84,0.47214353163361666,False,False,False
26障118,16.59968359142387,0,96,0.8768379873195737,False,False,False
23障230,16.599247126769562,0,86,0.5395926075812761,False,False,False
19障324,16.598258334576627,0,57,-0.43841899365978687,False,False,False
23障228,16.597778019710105,0,65,-0.1686226898691488,False,False,False
2019障301,16.5963799681436,0,54,-0.5395926075812761,False,False,False
2019障114,16.5963798289161,0,88,0.6070416835289357,False,False,False
2019障109,16.5963798289161,0,65,-0.1686226898691488,False,False,False
2019障110,16.5963798289161,0,74,0.13489815189531904,False,False,False
18障166,16.590064882243343,0,114,1.4838796708485096,False,False,False
29障110,16.590038303619995,0,72,0.06744907594765952,False,False,False
29障114,16.590038303619995,0,64,-0.20234722784297857,False,False,False
18障71,16.58824819470668,0,46,-0.8093889113719143,False,False,False
21障198,16.586584438513686,0,75,0.1686226898691488,False,False,False
2022障77,16.58503135107497,0,136,2.225819506272764,False,False,False
27障213,16.5846906210531,0,93,0.7756643733980845,False,False,False
2021障135,16.583973940865253,0,158,2.967759341697019,False,False,False
2020障210,16.582006868981978,0,80,0.3372453797382976,False,False,False
23障119,16.581360802896157,0,90,0.6744907594765952,False,False,False
18障231,16.581267841425387,0,61,-0.30352084176446786,False,False,False
2020障349,16.58036347388462,0,122,1.7536759746391475,False,False,False
20障251,16.578429323270182,0,80,0.3372453797382976,False,False,False
2021障113,16.577620785242516,0,129,1.9897477404559558,False,False,False
2021障112,16.577620785242516,0,111,1.3827060569270202,False,False,False
30障229,16.575894066233886,0,34,-1.2140833670578715,False,False,False
17障22,16.573875102845648,0,84,0.47214353163361666,False,False,False
25障216,16.57187609474,0,79,0.30352084176446786,False,False,False
18障131,16.571601486385994,0,58,-0.40469445568595713,False,False,False
30障15,16.5662946222549,0,53,-0.5733171455551059,False,False,False
2023障166,16.56502046722197,0,113,1.4501551328746798,False,False,False
18障430,16.564903094208862,0,86,0.5395926075812761,False,False,False
26障116,16.56277515286163,0,42,-0.9442870632672333,False,False,False
26障115,16.56277515286163,0,73,0.10117361392148928,False,False,False
21障389,16.558730479104486,0,44,-0.8768379873195737,False,False,False
2019障168,16.558160613268125,0,90,0.6744907594765952,False,False,False
22障169,16.555076400242726,0,63,-0.23607176581680833,False,False,False
22障47,16.554665715096323,0,37,-1.112909753136382,False,False,False
20障391,16.55442012760336,0,89,0.6407662215027655,False,False,False
27障179,16.550813606088262,0,82,0.40469445568595713,False,False,False
27障180,16.550813606088262,0,41,-0.9780116012410631,False,False,False
23障318,16.547983427281753,0,69,-0.03372453797382976,False,False,False
23障317,16.547983427281753,0,86,0.5395926075812761,False,False,False
23障29,16.54798144541766,0,58,-0.40469445568595713,False,False,False
18障230,16.545616191829872,0,48,-0.7419398354242548,False,False,False
20障146,16.545311625349207,0,55,-0.5058680696074465,False,False,False
19障150,16.542965619894538,0,55,-0.5058680696074465,False,False,False
25障330,16.538531123642862,0,101,1.0454606771887227,False,False,False
2022障34,16.53805321181495,0,96,0.8768379873195737,False,False,False
2022障42,16.53805321181495,0,92,0.7419398354242548,False,False,False
17障211,16.535717509697093,0,56,-0.47214353163361666,False,False,False
2023障183,16.5344303229768,0,163,3.1363820315661677,False,False,False
28障67,16.534022084949306,0,97,0.9105625252934035,False,False,False
29障194,16.53246326671062,0,57,-0.43841899365978687,False,False,False
2023障73,16.53080729290762,0,101,1.0454606771887227,False,False,False
26障80,16.529669557153007,0,73,0.10117361392148928,False,False,False
17障142,16.528899334391504,0,79,0.30352084176446786,False,False,False
19障128,16.528372283049027,0,75,0.1686226898691488,False,False,False
2022障82,16.527431987896,0,138,2.2932685822204237,False,False,False
23障73,16.52504196913182,0,42,-0.9442870632672333,False,False,False
2022障136,16.519884241927635,0,73,0.10117361392148928,False,False,False
19障264,16.51874876218255,0,77,0.23607176581680833,False,False,False
2020障92,16.516973051311687,0,58,-0.40469445568595713,False,False,False
29障121,16.51519149657267,0,62,-0.26979630379063807,False,False,False
24障257,16.514927380031583,0,155,2.86658572777553,False,False,False
23障205,16.512865494953846,0,40,-1.011736139214893,False,False,False
17障392,16.512829889293606,0,34,-1.2140833670578715,False,False,False
29障238,16.510190091138703,0,70,0.0,False,False,False
2020障356,16.505670485989988,0,59,-0.3709699177121274,False,False,False
27障248,16.504779757379616,0,73,0.10117361392148928,False,False,False
2022障109,16.50470879832591,0,138,2.2932685822204237,False,False,False
29障37,16.50432881525992,0,71,0.03372453797382976,False,False,False
2023障107,16.502378983671324,0,22,-1.6187778227438285,False,False,False
30障113,16.501759907588216,0,31,-1.3152569809793606,False,False,False
24障32,16.499216278436045,0,78,0.26979630379063807,False,False,False
29障72,16.499037380342333,0,74,0.13489815189531904,False,False,False
20障450,16.498446716222173,0,64,-0.20234722784297857,False,False,False
19障200,16.495509394524955,0,34,-1.2140833670578715,False,False,False
28障193,16.494659530457273,0,89,0.6407662215027655,False,False,False
22障449,16.494154864140633,0,104,1.1466342911102119,False,False,False
23障320,16.49316013542554,0,65,-0.1686226898691488,False,False,False
18障113,16.49024806482474,0,66,-0.13489815189531904,False,False,False
2021障40,16.489478145097443,0,77,0.23607176581680833,False,False,False
2021障100,16.48946595275118,0,116,1.551328746796169,False,False,False
2021障104,16.487525170946082,0,22,-1.6187778227438285,False,False,False
2023障86,16.48660643684826,0,116,1.551328746796169,False,False,False
21障288,16.4838303913441,0,140,2.3607176581680833,False,False,False
21障212,16.482489868686027,0,57,-0.43841899365978687,False,False,False
21障213,16.482489868686027,0,82,0.40469445568595713,False,False,False
2022障226,16.479652105774296,0,109,1.3152569809793606,False,False,False
2023障155,16.47931282149849,0,102,1.0791852151625523,False,False,False
2023障158,16.47931282149849,0,108,1.281532443005531,False,False,False
29障208,16.478947562699847,0,108,1.281532443005531,False,False,False
19障147,16.476613795432456,0,54,-0.5395926075812761,False,False,False
24障75,16.476434210076345,0,22,-1.6187778227438285,False,False,False
19障17,16.47523186396361,0,47,-0.7756643733980845,False,False,False
27障228,16.474926794229937,0,26,-1.4838796708485096,False,False,False
29障79,16.473117133070108,0,129,1.9897477404559558,False,False,False
20障178,16.467079784728618,0,25,-1.5176042088223394,False,False,False
21障201,16.466005416306917,0,95,0.8431134493457441,False,False,False
2021障123,16.461436670474633,0,64,-0.20234722784297857,False,False,False
2021障53,16.461269061726036,0,55,-0.5058680696074465,False,False,False
2021障56,16.461269061726036,0,80,0.3372453797382976,False,False,False
2019障324,16.46093361468678,0,106,1.2140833670578715,False,False,False
18障122,16.45924650723799,0,83,0.43841899365978687,False,False,False
18障161,16.45866715224162,0,72,0.06744907594765952,False,False,False
2021障267,16.454539820501445,0,87,0.5733171455551059,False,False,False
2021障269,16.454539820501445,0,55,-0.5058680696074465,False,False,False
2021障102,16.45453968127394,0,105,1.1803588290840417,False,False,False
2021障187,16.451045755511466,0,82,0.40469445568595713,False,False,False
2019障317,16.449710949386777,0,56,-0.47214353163361666,False,False,False
2021障193,16.447885287695996,0,78,0.26979630379063807,False,False,False
26障125,16.445566292492867,0,96,0.8768379873195737,False,False,False
28障7,16.44502331011443,0,104,1.1466342911102119,False,False,False
30障55,16.444911730005693,0,22,-1.6187778227438285,False,False,False
19障242,16.443495322703598,0,95,0.8431134493457441,False,False,False
30障145,16.443275138222702,0,44,-0.8768379873195737,False,False,False
19障279,16.442208685060216,0,53,-0.5733171455551059,False,False,False
26障221,16.441949714037744,0,48,-0.7419398354242548,False,False,False
27障103,16.43774884724662,0,92,0.7419398354242548,False,False,False
24障229,16.43707165558431,0,50,-0.6744907594765952,False,False,False
29障277,16.43627735662826,0,71,0.03372453797382976,False,False,False
19障184,16.435874474325633,0,51,-0.6407662215027655,False,False,False
19障148,16.433462672387197,0,37,-1.112909753136382,False,False,False
2020障70,16.431217228978372,0,76,0.20234722784297857,False,False,False
29障51,16.42717369097551,0,70,0.0,False,False,False
27障361,16.424674712304704,0,42,-0.9442870632672333,False,False,False
27障363,16.424674712304704,0,110,1.3489815189531904,False,False,False
27障362,16.424674712304704,0,50,-0.6744907594765952,False,False,False
27障364,16.424674712304704,0,64,-0.20234722784297857,False,False,False
24障351,16.423726398412594,0,91,0.708215297450425,False,False,False
27障357,16.422845822487975,0,88,0.6070416835289357,False,False,False
2022障210,16.422234713281238,0,108,1.281532443005531,False,False,False
19障315,16.42198787329723,0,32,-1.281532443005531,False,False,False
23障249,16.420295066586675,0,75,0.1686226898691488,False,False,False
22障268,16.418838559918992,0,50,-0.6744907594765952,False,False,False
19障230,16.411626896675635,0,141,2.394442196141913,False,False,False
19障231,16.411626896675635,0,46,-0.8093889113719143,False,False,False
2023障83,16.410812597478724,0,93,0.7756643733980845,False,False,False
18障298,16.409851851892537,0,52,-0.6070416835289357,False,False,False
20障88,16.409417202014158,0,76,0.20234722784297857,False,False,False
25障122,16.4088906556521,0,43,-0.9105625252934035,False,False,False
25障123,16.4088906556521,0,49,-0.708215297450425,False,False,False
17障368,16.406283389333282,0,59,-0.3709699177121274,False,False,False
23障114,16.406262533245833,0,36,-1.1466342911102119,False,False,False
18障264,16.405819888686107,0,82,0.40469445568595713,False,False,False
19障249,16.40530747620404,0,45,-0.8431134493457441,False,False,False
24障194,16.402727734611815,0,167,3.271280183461487,False,False,False
28障195,16.40264063173702,0,82,0.40469445568595713,False,False,False
2023障82,16.400898791124774,0,114,1.4838796708485096,False,False,False
2021障66,16.39846454469639,0,79,0.30352084176446786,False,False,False
24障102,16.398068997142083,0,168,3.3050047214353167,False,False,False
27障112,16.396055274359345,0,98,0.9442870632672333,False,False,False
23障310,16.396047488936677,0,39,-1.0454606771887227,False,False,False
20障62,16.394954218084255,0,117,1.5850532847699987,False,False,False
28障158,16.394409724371997,0,50,-0.6744907594765952,False,False,False
27障226,16.389556779976797,0,51,-0.6407662215027655,False,False,False
2019障22,16.389175490681485,0,82,0.40469445568595713,False,False,False
20障398,16.388940072319333,0,56,-0.47214353163361666,False,False,False
26障210,16.387950644981178,0,67,-0.10117361392148928,False,False,False
26障253,16.387861249499345,0,61,-0.30352084176446786,False,False,False
19障70,16.385692333608173,0,63,-0.23607176581680833,False,False,False
19障186,16.38444326313133,0,31,-1.3152569809793606,False,False,False
28障315,16.377841524440104,0,75,0.1686226898691488,False,False,False
2023障84,16.37496646570559,0,96,0.8768379873195737,False,False,False
18障332,16.374208649292374,0,57,-0.43841899365978687,False,False,False
19障245,16.37417391759542,0,69,-0.03372453797382976,False,False,False
28障23,16.37375597212451,0,96,0.8768379873195737,False,False,False
2021障162,16.373401663538953,0,82,0.40469445568595713,False,False,False
25障110,16.37151719740701,0,94,0.8093889113719143,False,False,False
2021障103,16.36947125732228,0,119,1.6525023607176583,False,False,False
29障176,16.368963058710833,0,121,1.719951436665318,False,False,False
20障101,16.367768137770195,0,68,-0.06744907594765952,False,False,False
21障134,16.366129883264133,0,69,-0.03372453797382976,False,False,False
29障117,16.364852637146523,0,67,-0.10117361392148928,False,False,False
26障84,16.364062797558695,0,106,1.2140833670578715,False,False,False
21障138,16.362969415448664,0,77,0.23607176581680833,False,False,False
21障139,16.362969415448664,0,47,-0.7756643733980845,False,False,False
21障140,16.362969415448664,0,64,-0.20234722784297857,False,False,False
29障127,16.362609903088096,0,117,1.5850532847699987,False,False,False
17障376,16.362333839209416,0,90,0.6744907594765952,False,False,False
21障91,16.36228201706701,0,60,-0.3372453797382976,False,False,False
27障256,16.36206939675223,0,75,0.1686226898691488,False,False,False
20障139,16.36181953176301,0,32,-1.281532443005531,False,False,False
25障341,16.361110773530395,0,54,-0.5395926075812761,False,False,False
29障146,16.36077746457934,0,105,1.1803588290840417,False,False,False
2021障24,16.359809430367378,0,99,0.9780116012410631,False,False,False
2021障270,16.359557590195838,0,63,-0.23607176581680833,False,False,False
30障9,16.359488570046974,0,56,-0.47214353163361666,False,False,False
20障142,16.35865906394754,0,48,-0.7419398354242548,False,False,False
23障337,16.35788291758568,0,112,1.41643059490085,False,False,False
21障74,16.357300370486346,0,46,-0.8093889113719143,False,False,False
22障153,16.354367211866002,0,63,-0.23607176581680833,False,False,False
21障137,16.353055609094714,0,79,0.30352084176446786,False,False,False
29障133,16.353028243438608,0,94,0.8093889113719143,False,False,False
29障330,16.35239485877894,0,38,-1.0791852151625523,False,False,False
26障179,16.351082480935496,0,36,-1.1466342911102119,False,False,False
30障245,16.34693649416697,0,65,-0.1686226898691488,False,False,False
22障372,16.344453544739554,0,47,-0.7756643733980845,False,False,False
22障373,16.344453544739554,0,66,-0.13489815189531904,False,False,False
22障152,16.344453405512052,0,115,1.5176042088223394,False,False,False
2023障240,16.343945222312808,0,140,2.3607176581680833,False,False,False
23障21,16.340778949819633,0,46,-0.8093889113719143,False,False,False
17障311,16.338229948837526,0,41,-0.9780116012410631,False,False,False
2020障97,16.337878838258177,0,93,0.7756643733980845,False,False,False
27障250,16.337725672716452,0,113,1.4501551328746798,False,False,False
2023障171,16.33759206669007,0,71,0.03372453797382976,False,False,False
2023障170,16.33759206669007,0,119,1.6525023607176583,False,False,False
2019障210,16.337437403381298,0,38,-1.0791852151625523,False,False,False
19障241,16.333134251258283,0,61,-0.30352084176446786,False,False,False
2019障302,16.33157810936661,0,122,1.7536759746391475,False,False,False
2019障303,16.33157810936661,0,70,0.0,False,False,False
18障278,16.329279811563772,0,47,-0.7756643733980845,False,False,False
30障272,16.328810569660405,0,45,-0.8431134493457441,False,False,False
28障343,16.328365887353616,0,70,0.0,False,False,False
2020障190,16.325183854626967,0,77,0.23607176581680833,False,False,False
19障322,16.324930568431192,0,110,1.3489815189531904,False,False,False
23障302,16.32381576534428,0,53,-0.5733171455551059,False,False,False
20障144,16.322812932174408,0,69,-0.03372453797382976,False,False,False
19障459,16.32134840644313,0,34,-1.2140833670578715,False,False,False
22障154,16.318521080092864,0,41,-0.9780116012410631,False,False,False
23障155,16.317633458562963,0,57,-0.43841899365978687,False,False,False
2021障274,16.31560804007197,0,70,0.0,False,False,False
2020障252,16.315348113405243,0,109,1.3152569809793606,False,False,False
2019障201,16.31500977020721,0,40,-1.011736139214893,False,False,False
21障225,16.31483639344674,0,66,-0.13489815189531904,False,False,False
30障122,16.313375790524024,0,125,1.8548495885606369,False,False,False
2021障114,16.312818926465525,0,94,0.8093889113719143,False,False,False
22障221,16.312558555171822,0,87,0.5733171455551059,False,False,False
18障82,16.310454954384145,0,39,-1.0454606771887227,False,False,False
19障256,16.310325245898433,0,48,-0.7419398354242548,False,False,False
22障231,16.306234189864078,0,86,0.5395926075812761,False,False,False
2022障135,16.305874727859344,0,83,0.43841899365978687,False,False,False
2022障85,16.303406583470213,0,141,2.394442196141913,False,False,False
22障176,16.301364102904255,0,49,-0.708215297450425,False,False,False
28障160,16.29942749406639,0,118,1.6187778227438285,False,False,False
30障244,16.296183688248863,0,44,-0.8768379873195737,False,False,False
2021障214,16.294418288024875,0,96,0.8768379873195737,False,False,False
17障109,16.293278540526327,0,85,0.5058680696074465,False,False,False
27障104,16.29197427223231,0,55,-0.5058680696074465,False,False,False
30障64,16.287625136894114,0,70,0.0,False,False,False
24障73,16.28710306068994,0,120,1.6862268986914881,False,False,False
2021障72,16.286036732964146,0,90,0.6744907594765952,False,False,False
27障119,16.282953818268787,0,101,1.0454606771887227,False,False,False
27障120,16.282953818268787,0,87,0.5733171455551059,False,False,False
19障420,16.282192776311824,0,69,-0.03372453797382976,False,False,False
2020障157,16.282161427447562,0,63,-0.23607176581680833,False,False,False
24障211,16.280400251999993,0,79,0.30352084176446786,False,False,False
21障102,16.278935157552084,0,52,-0.6070416835289357,False,False,False
20障293,16.277998193615378,0,68,-0.06744907594765952,False,False,False
23障223,16.276527035699313,0,51,-0.6407662215027655,False,False,False
23障224,16.276527035699313,0,61,-0.30352084176446786,False,False,False
17障259,16.276183226699768,0,89,0.6407662215027655,False,False,False
28障113,16.275836303456842,0,82,0.40469445568595713,False,False,False
18障157,16.274159800247432,0,65,-0.1686226898691488,False,False,False
18障158,16.274159800247432,0,83,0.43841899365978687,False,False,False
2020障69,16.272332311128213,0,64,-0.20234722784297857,False,False,False
2019障228,16.271920467599415,0,110,1.3489815189531904,False,False,False
18障185,16.271142983094176,0,68,-0.06744907594765952,False,False,False
19障433,16.270112350266665,0,69,-0.03372453797382976,False,False,False
28障212,16.2691092391125,0,69,-0.03372453797382976,False,False,False
29障28,16.26874262255584,0,138,2.2932685822204237,False,False,False
2023障32,16.26601762647689,0,126,1.8885741265344667,False,False,False
2023障75,16.266005434130626,0,112,1.41643059490085,False,False,False
18障337,16.265977602022687,0,116,1.551328746796169,False,False,False
29障204,16.26543299892354,0,68,-0.06744907594765952,False,False,False
25障311,16.26510771664732,0,37,-1.112909753136382,False,False,False
28障316,16.264975604008185,0,83,0.43841899365978687,False,False,False
18障412,16.264246133120988,0,48,-0.7419398354242548,False,False,False
20障12,16.263991244150347,0,47,-0.7756643733980845,False,False,False
30障174,16.26149627174298,0,68,-0.06744907594765952,False,False,False
18障33,16.261140983300436,0,85,0.5058680696074465,False,False,False
21障221,16.258424920576793,0,57,-0.43841899365978687,False,False,False
17障365,16.254347450988206,0,71,0.03372453797382976,False,False,False
17障366,16.254347450988206,0,42,-0.9442870632672333,False,False,False
17障367,16.254347450988206,0,64,-0.20234722784297857,False,False,False
27障215,16.251742136078974,0,80,0.3372453797382976,False,False,False
29障118,16.250389637795678,0,80,0.3372453797382976,False,False,False
2023障154,16.249437234198734,0,167,3.271280183461487,False,False,False
28障211,16.24840726484879,0,59,-0.3709699177121274,False,False,False
24障103,16.24772628353469,0,59,-0.3709699177121274,False,False,False
26障110,16.247191919838393,0,95,0.8431134493457441,False,False,False
26障234,16.24701776313672,0,98,0.9442870632672333,False,False,False
2022障44,16.246306987563383,0,86,0.5395926075812761,False,False,False
24障215,16.244714714179572,0,42,-0.9442870632672333,False,False,False
17障312,16.24324771853192,0,46,-0.8093889113719143,False,False,False
2020障96,16.24289660795257,0,68,-0.06744907594765952,False,False,False
25障317,16.241860140787164,0,114,1.4838796708485096,False,False,False
25障71,16.241359799515415,0,92,0.7419398354242548,False,False,False
2020障71,16.241330753541458,0,68,-0.06744907594765952,False,False,False
29障331,16.23952893834702,0,42,-0.9442870632672333,False,False,False
29障332,16.23952893834702,0,37,-1.112909753136382,False,False,False
29障104,16.23952879911952,0,76,0.20234722784297857,False,False,False
19障239,16.23943128397524,0,83,0.43841899365978687,False,False,False
18障287,16.23886289869682,0,87,0.5733171455551059,False,False,False
19障96,16.235258265855748,0,41,-0.9780116012410631,False,False,False
18障300,16.22912820079308,0,64,-0.20234722784297857,False,False,False
18障248,16.226026778245508,0,93,0.7756643733980845,False,False,False
19障120,16.225720226909942,0,78,0.26979630379063807,False,False,False
2023障161,16.224424769075444,0,96,0.8768379873195737,False,False,False
2020障81,16.22388043835522,0,114,1.4838796708485096,False,False,False
20障301,16.22105703612602,0,62,-0.26979630379063807,False,False,False
2020障102,16.219232787706698,0,79,0.30352084176446786,False,False,False
2023障160,16.214510962721494,0,91,0.708215297450425,False,False,False
22障266,16.21435338210604,0,53,-0.5733171455551059,False,False,False
24障91,16.214116970359818,0,110,1.3489815189531904,False,False,False
2021障125,16.21291025947442,0,102,1.0791852151625523,False,False,False
2019障53,16.212365754135348,0,133,2.1246458923512748,False,False,False
26障333,16.21226578758866,0,153,2.79913665182787,False,False,False
21障151,16.2113348542863,0,76,0.20234722784297857,False,False,False
21障150,16.2113348542863,0,120,1.6862268986914881,False,False,False
26障351,16.20905384618329,0,100,1.011736139214893,False,False,False
24障341,16.207387729135224,0,121,1.719951436665318,False,False,False
26障142,16.205758754635752,0,78,0.26979630379063807,False,False,False
18障339,16.204588491353793,0,48,-0.7419398354242548,False,False,False
25障114,16.201688160054076,0,42,-0.9442870632672333,False,False,False
2019障155,16.201273837826314,0,56,-0.47214353163361666,False,False,False
30障114,16.201111917038087,0,52,-0.6070416835289357,False,False,False
2020障321,16.192513689995003,0,151,2.7316875758802106,False,False,False
28障82,16.191993251654967,0,95,0.8431134493457441,False,False,False
17障90,16.190174970879912,0,93,0.7756643733980845,False,False,False
23障315,16.18819933819915,0,42,-0.9442870632672333,False,False,False
2020障265,16.187032029591236,0,93,0.7756643733980845,False,False,False
18障184,16.186585595066113,0,65,-0.1686226898691488,False,False,False
20障110,16.18456141539394,0,128,1.9560232024821262,False,False,False
29障377,16.17911936368317,0,111,1.3827060569270202,False,False,False
30障60,16.176973957944377,0,79,0.30352084176446786,False,False,False
17障210,16.17593342061449,0,56,-0.47214353163361666,False,False,False
28障232,16.17576920714188,0,70,0.0,False,False,False
19障434,16.175130119961057,0,74,0.13489815189531904,False,False,False
2020障90,16.170263236398505,0,99,0.9780116012410631,False,False,False
2022障130,16.160821235020574,0,94,0.8093889113719143,False,False,False
27障358,16.159872853527713,0,45,-0.8431134493457441,False,False,False
19障428,16.158403971229788,0,77,0.23607176581680833,False,False,False
19障311,16.15790709669578,0,36,-1.1466342911102119,False,False,False
2019障133,16.15785330267512,0,42,-0.9442870632672333,False,False,False
29障119,16.15540740749007,0,92,0.7419398354242548,False,False,False
25障231,16.154549269331135,0,101,1.0454606771887227,False,False,False
29障106,16.15446037516786,0,45,-0.8431134493457441,False,False,False
23障50,16.152081898387788,0,92,0.7419398354242548,False,False,False
2019障229,16.147389482194693,0,152,2.7654121138540404,False,False,False
22障104,16.146942337569172,0,49,-0.708215297450425,False,False,False
19障224,16.14682503789864,0,77,0.23607176581680833,False,False,False
2021障175,16.14487886838558,0,81,0.3709699177121274,False,False,False
29障334,16.144546708041414,0,89,0.6407662215027655,False,False,False
29障105,16.14454656881391,0,68,-0.06744907594765952,False,False,False
24障190,16.140363470144326,0,64,-0.20234722784297857,False,False,False
22障84,16.140232441171896,0,88,0.6070416835289357,False,False,False
28障166,16.139927273951578,0,108,1.281532443005531,False,False,False
29障135,16.13864408982753,0,119,1.6525023607176583,False,False,False
17障246,16.13836858280194,0,103,1.112909753136382,False,False,False
17障270,16.137987465566308,0,52,-0.6070416835289357,False,False,False
28障218,16.135902176113287,0,148,2.6305139619587212,False,False,False
17障283,16.13577403007305,0,95,0.8431134493457441,False,False,False
17障276,16.134826997750842,0,67,-0.10117361392148928,False,False,False
28障56,16.133875933891215,0,86,0.5395926075812761,False,False,False
2021障143,16.132686026373193,0,107,1.2478079050317012,False,False,False
30障342,16.13206215137917,0,159,3.001483879670849,False,False,False
30障112,16.132062012151668,0,48,-0.7419398354242548,False,False,False
27障95,16.131581960120734,0,135,2.1920949682989344,False,False,False
28障250,16.13153929967807,0,53,-0.5733171455551059,False,False,False
2020障93,16.1312566368099,0,70,0.0,False,False,False
17障101,16.13064095233555,0,95,0.8431134493457441,False,False,False
26障111,16.127197224409496,0,47,-0.7756643733980845,False,False,False
28障296,16.124923481352074,0,54,-0.5395926075812761,False,False,False
24障252,16.12333248936982,0,87,0.5733171455551059,False,False,False
24障137,16.122319165956064,0,125,1.8548495885606369,False,False,False
29障85,16.122204983429924,0,134,2.1583704303251046,False,False,False
29障329,16.12201584396098,0,49,-0.708215297450425,False,False,False
30障364,16.121359180368408,0,70,0.0,False,False,False
2020障50,16.121071661645225,0,104,1.1466342911102119,False,False,False
2020障47,16.121071661645225,0,70,0.0,False,False,False
29障48,16.12031658311576,0,87,0.5733171455551059,False,False,False
2023障157,16.119528732415887,0,106,1.2140833670578715,False,False,False
25障105,16.119213976933167,0,116,1.551328746796169,False,False,False
23障163,16.118737484898748,0,96,0.8768379873195737,False,False,False
20障40,16.116945203084583,0,115,1.5176042088223394,False,False,False
18障59,16.113967107609167,0,60,-0.3372453797382976,False,False,False
28障307,16.11303966566311,0,107,1.2478079050317012,False,False,False
24障343,16.112405498829617,0,74,0.13489815189531904,False,False,False
2020障110,16.11045043772628,0,69,-0.03372453797382976,False,False,False
29障52,16.10842926823005,0,87,0.5733171455551059,False,False,False
2019障46,16.107335107530403,0,58,-0.40469445568595713,False,False,False
2019障55,16.107335107530403,0,55,-0.5058680696074465,False,False,False
2019障107,16.10170238283935,0,73,0.10117361392148928,False,False,False
17障278,16.098980865977705,0,66,-0.13489815189531904,False,False,False
17障374,16.097531980432425,0,50,-0.6744907594765952,False,False,False
30障48,16.095944711567803,0,117,1.5850532847699987,False,False,False
30障49,16.095944711567803,0,62,-0.26979630379063807,False,False,False
21障162,16.095150739518413,0,151,2.7316875758802106,False,False,False
21障90,16.09498313076982,0,60,-0.3372453797382976,False,False,False
20障148,16.09480423749276,0,62,-0.26979630379063807,False,False,False
2023障163,16.093596406996703,0,100,1.011736139214893,False,False,False
28障61,16.091911734792184,0,66,-0.13489815189531904,False,False,False
28障64,16.091911734792184,0,90,0.6744907594765952,False,False,False
20障92,16.090672779268694,0,100,1.011736139214893,False,False,False
20障254,16.089802832058794,0,147,2.5967894239848914,False,False,False
21障371,16.088253889545225,0,55,-0.5058680696074465,False,False,False
24障60,16.088175373903965,0,67,-0.10117361392148928,False,False,False
2019障329,16.08753503570207,0,91,0.708215297450425,False,False,False
2020障168,16.087399298657473,0,106,1.2140833670578715,False,False,False
17障387,16.08669397574892,0,33,-1.2478079050317012,False,False,False
22障98,16.086380927187154,0,105,1.1803588290840417,False,False,False
30障127,16.085323487648857,0,94,0.8093889113719143,False,False,False
26障252,16.08457742689358,0,79,0.30352084176446786,False,False,False
26障181,16.081961516048363,0,60,-0.3372453797382976,False,False,False
20障243,16.080830590289754,0,85,0.5058680696074465,False,False,False
22障146,16.079651546735057,0,104,1.1466342911102119,False,False,False
2021障197,16.078187392259448,0,96,0.8768379873195737,False,False,False
30障234,16.077775741680487,0,35,-1.1803588290840417,False,False,False
20障277,16.077289005238658,0,45,-0.8431134493457441,False,False,False
20障278,16.077289005238658,0,64,-0.20234722784297857,False,False,False
29障185,16.07508485474101,0,115,1.5176042088223394,False,False,False
28障171,16.073186268095963,0,125,1.8548495885606369,False,False,False
22障282,16.072997153157115,0,89,0.6407662215027655,False,False,False
18障268,16.072456797208762,0,76,0.20234722784297857,False,False,False
20障276,16.067375198884708,0,40,-1.011736139214893,False,False,False
29障56,16.06646506913102,0,68,-0.06744907594765952,False,False,False
2021障92,16.066464838011864,0,165,3.2038311075138273,False,False,False
17障167,16.063820992501416,0,92,0.7419398354242548,False,False,False
2020障360,16.06267055560457,0,105,1.1803588290840417,False,False,False
25障44,16.061566689074823,0,60,-0.3372453797382976,False,False,False
28障68,16.06075450044053,0,86,0.5395926075812761,False,False,False
23障247,16.060510977504073,0,47,-0.7756643733980845,False,False,False
26障326,16.060329849243583,0,52,-0.6070416835289357,False,False,False
27障151,16.058383590269198,0,88,0.6070416835289357,False,False,False
20障143,16.058011073397413,0,130,2.023472278429786,False,False,False
17障143,16.057359999699337,0,117,1.5850532847699987,False,False,False
2020障234,16.05650877954929,0,78,0.26979630379063807,False,False,False
29障257,16.055340311175108,0,46,-0.8093889113719143,False,False,False
30障59,16.053980512468772,0,33,-1.2478079050317012,False,False,False
30障58,16.053980512468772,0,52,-0.6070416835289357,False,False,False
26障244,16.053976693620847,0,106,1.2140833670578715,False,False,False
25障121,16.053443738156556,0,149,2.664238499932551,False,False,False
19障157,16.052317049784566,0,43,-0.9105625252934035,False,False,False
22障138,16.051360792555585,0,28,-1.41643059490085,False,False,False
17障28,16.050834489973642,0,107,1.2478079050317012,False,False,False
24障261,16.04909863516741,0,71,0.03372453797382976,False,False,False
22障156,16.04671314190706,0,171,3.406178335356806,False,False,False
25障239,16.045628957851473,0,114,1.4838796708485096,False,False,False
25障322,16.044158441848595,0,71,0.03372453797382976,False,False,False
27障353,16.042359759141668,0,58,-0.40469445568595713,False,False,False
20障285,16.04144287346552,0,54,-0.5395926075812761,False,False,False
20障284,16.04144287346552,0,32,-1.281532443005531,False,False,False
2022障41,16.04037564080206,0,74,0.13489815189531904,False,False,False
26障57,16.039201918372655,0,55,-0.5058680696074465,False,False,False
27障292,16.038901252012508,0,61,-0.30352084176446786,False,False,False
23障215,16.03673764204561,0,49,-0.708215297450425,False,False,False
30障6,16.036028406400188,0,47,-0.7756643733980845,False,False,False
22障376,16.035702135838694,0,90,0.6744907594765952,False,False,False
22障96,16.03520179456695,0,108,1.281532443005531,False,False,False
18障154,16.034370406593723,0,78,0.26979630379063807,False,False,False
18障226,16.033896164402197,0,66,-0.13489815189531904,False,False,False
18障225,16.033896164402197,0,57,-0.43841899365978687,False,False,False
2023障138,16.033285113904014,0,112,1.41643059490085,False,False,False
30障69,16.029533174514395,0,51,-0.6407662215027655,False,False,False
2022障54,16.029531324604417,0,51,-0.6407662215027655,False,False,False
28障121,16.028272479666658,0,31,-1.3152569809793606,False,False,False
28障122,16.028272479666658,0,91,0.708215297450425,False,False,False
24障106,16.02724927080724,0,93,0.7756643733980845,False,False,False
22障203,16.025362049477028,0,130,2.023472278429786,False,False,False
2019障206,16.024275586011033,0,50,-0.6744907594765952,False,False,False
2019障207,16.024275586011033,0,65,-0.1686226898691488,False,False,False
2019障195,16.021917157250744,0,92,0.7419398354242548,False,False,False
26障193,16.020476451676434,0,85,0.5058680696074465,False,False,False
2022障70,16.020304916632124,0,150,2.697963037906381,False,False,False
28障205,16.01853167754903,0,40,-1.011736139214893,False,False,False
2021障64,16.01757834781845,0,79,0.30352084176446786,False,False,False
24障11,16.016371753850635,0,67,-0.10117361392148928,False,False,False
25障230,16.015300331650796,0,63,-0.23607176581680833,False,False,False
21障88,16.015271537192007,0,130,2.023472278429786,False,False,False
25障134,16.015045622754922,0,42,-0.9442870632672333,False,False,False
23障221,16.01172517692232,0,62,-0.26979630379063807,False,False,False
26障61,16.008044684021,0,42,-0.9442870632672333,False,False,False
29障6,16.0065487639634,0,42,-0.9442870632672333,False,False,False
25障225,16.004439492974637,0,148,2.6305139619587212,False,False,False
30障54,16.00280137984857,0,76,0.20234722784297857,False,False,False
27障261,16.001583759559896,0,74,0.13489815189531904,False,False,False
21障164,16.000168509212806,0,59,-0.3709699177121274,False,False,False
2022障127,15.999707840733457,0,156,2.9003102657493596,False,False,False
30障111,15.997168655157518,0,65,-0.1686226898691488,False,False,False
2022障105,15.99455716931484,0,76,0.20234722784297857,False,False,False
2022障106,15.99455716931484,0,61,-0.30352084176446786,False,False,False
25障86,15.993915986973482,0,105,1.1803588290840417,False,False,False
25障79,15.993316253435038,0,80,0.3372453797382976,False,False,False
21障374,15.993271659239618,0,47,-0.7756643733980845,False,False,False
21障375,15.993271659239618,0,69,-0.03372453797382976,False,False,False
21障41,15.993269677375524,0,96,0.8768379873195737,False,False,False
23障227,15.992536785986244,0,136,2.225819506272764,False,False,False
19障162,15.991458452888143,0,41,-0.9780116012410631,False,False,False
2023障180,15.99089856882134,0,88,0.6070416835289357,False,False,False
2023障179,15.99089856882134,0,125,1.8548495885606369,False,False,False
30障129,15.990341257343248,0,110,1.3489815189531904,False,False,False
27障153,15.989062185161023,0,110,1.3489815189531904,False,False,False
22障29,15.989004645379913,0,107,1.2478079050317012,False,False,False
20障381,15.988961307738494,0,49,-0.708215297450425,False,False,False
26障52,15.988022785752452,0,65,-0.1686226898691488,False,False,False
26障209,15.985390647394455,0,47,-0.7756643733980845,False,False,False
22障371,15.984669455656954,0,75,0.1686226898691488,False,False,False
22障151,15.984669316429452,0,75,0.1686226898691488,False,False,False
24障67,15.983144727299019,0,63,-0.23607176581680833,False,False,False
18障308,15.9828759351846,0,43,-0.9105625252934035,False,False,False
2019障313,15.980746197357321,0,59,-0.3709699177121274,False,False,False
30障336,15.980126213034094,0,68,-0.06744907594765952,False,False,False
29障196,15.978597670943936,0,153,2.79913665182787,False,False,False
26障124,15.97556266324713,0,48,-0.7419398354242548,False,False,False
17障219,15.975033738624814,0,41,-0.9780116012410631,False,False,False
24障12,15.974407554751604,0,91,0.708215297450425,False,False,False
29障246,15.969019579086792,0,39,-1.0454606771887227,False,False,False
26障359,15.968822447462562,0,65,-0.1686226898691488,False,False,False
29障174,15.96843263903642,0,78,0.26979630379063807,False,False,False
24障270,15.967206996075673,0,94,0.8093889113719143,False,False,False
26障232,15.965821861129504,0,69,-0.03372453797382976,False,False,False
26障330,15.965347618937972,0,59,-0.3709699177121274,False,False,False
2019障205,15.965139487478563,0,45,-0.8431134493457441,False,False,False
22障64,15.960439330731303,0,32,-1.281532443005531,False,False,False
27障389,15.960322125818386,0,88,0.6070416835289357,False,False,False
30障150,15.958337344687683,0,110,1.3489815189531904,False,False,False
18障443,15.95749283998793,0,42,-0.9442870632672333,False,False,False
18障445,15.95749283998793,0,92,0.7419398354242548,False,False,False
18障310,15.956943609765412,0,50,-0.6744907594765952,False,False,False
2023障177,15.955829282964393,0,108,1.281532443005531,False,False,False
21障135,15.95555344947283,0,90,0.6744907594765952,False,False,False
2023障262,15.953579834545911,0,98,0.9442870632672333,False,False,False
28障331,15.953539445548298,0,85,0.5058680696074465,False,False,False
20障59,15.952843867927132,0,43,-0.9105625252934035,False,False,False
18障95,15.949373850603596,0,44,-0.8768379873195737,False,False,False
22障67,15.948552015845591,0,59,-0.3709699177121274,False,False,False
24障201,15.946456461732138,0,54,-0.5395926075812761,False,False,False
30障236,15.94567418374839,0,82,0.40469445568595713,False,False,False
2020障231,15.944868808406623,0,76,0.20234722784297857,False,False,False
2020障232,15.944868808406623,0,56,-0.47214353163361666,False,False,False
20障366,15.94389141538799,0,31,-1.3152569809793606,False,False,False
2019障104,15.94350312687703,0,108,1.281532443005531,False,False,False
2020障220,15.942510379646333,0,162,3.102657493592338,False,False,False
2020障222,15.942510379646333,0,134,2.1583704303251046,False,False,False
17障372,15.941685343239069,0,87,0.5733171455551059,False,False,False
26障233,15.94080939600622,0,99,0.9780116012410631,False,False,False
28障47,15.940129839521585,0,47,-0.7756643733980845,False,False,False
2021障62,15.93855059441367,0,73,0.10117361392148928,False,False,False
23障184,15.937241552765276,0,59,-0.3709699177121274,False,False,False
24障256,15.936878369874995,0,40,-1.011736139214893,False,False,False
27障214,15.932997713333512,0,103,1.112909753136382,False,False,False
19障160,15.932322354355671,0,68,-0.06744907594765952,False,False,False
29障235,15.932226414991447,0,49,-0.708215297450425,False,False,False
22障277,15.930383045958274,0,81,0.3709699177121274,False,False,False
18障237,15.929982421043592,0,60,-0.3372453797382976,False,False,False
18障238,15.929982421043592,0,83,0.43841899365978687,False,False,False
2019障208,15.929293355705427,0,60,-0.3372453797382976,False,False,False
2021障159,15.928806694321365,0,104,1.1466342911102119,False,False,False
20障294,15.925654444076288,0,87,0.5733171455551059,False,False,False
25障111,15.924191217562308,0,57,-0.43841899365978687,False,False,False
19障418,15.922408687229222,0,49,-0.708215297450425,False,False,False
2019障158,15.92178425552652,0,53,-0.5733171455551059,False,False,False
18障269,15.918306117381503,0,58,-0.40469445568595713,False,False,False
23障222,15.916742946616711,0,78,0.26979630379063807,False,False,False
29障101,15.914670981514154,0,98,0.9442870632672333,False,False,False
28障333,15.9141436919989,0,37,-1.112909753136382,False,False,False
21障405,15.914131954527306,0,85,0.5058680696074465,False,False,False
19障62,15.91181073733813,0,47,-0.7756643733980845,False,False,False
25障226,15.909457262669031,0,83,0.43841899365978687,False,False,False
2022障18,15.908082808703119,0,104,1.1466342911102119,False,False,False
25障310,15.905323627564721,0,56,-0.47214353163361666,False,False,False
25障309,15.905323627564721,0,63,-0.23607176581680833,False,False,False
18障410,15.904462044038386,0,36,-1.1466342911102119,False,False,False
18障409,15.904462044038386,0,62,-0.26979630379063807,False,False,False
18障411,15.904462044038386,0,75,0.1686226898691488,False,False,False
18障52,15.904460062174293,0,85,0.5058680696074465,False,False,False
25障59,15.902790782196503,0,46,-0.8093889113719143,False,False,False
25障61,15.902790782196503,0,163,3.1363820315661677,False,False,False
26障224,15.902604835472793,0,103,1.112909753136382,False,False,False
23障36,15.899167354496507,0,41,-0.9780116012410631,False,False,False
28障213,15.89853698212014,0,45,-0.8431134493457441,False,False,False
2019障180,15.897965493257237,0,81,0.3709699177121274,False,False,False
24障230,15.89772677701936,0,162,3.102657493592338,False,False,False
24障231,15.89772677701936,0,67,-0.10117361392148928,False,False,False
30障180,15.895218263916886,0,75,0.1686226898691488,False,False,False
30障181,15.895218263916886,0,55,-0.5058680696074465,False,False,False
17障268,15.895037604097135,0,98,0.9442870632672333,False,False,False
2023障28,15.89324215584875,0,148,2.6305139619587212,False,False,False
2023障29,15.89324215584875,0,22,-1.6187778227438285,False,False,False
2020障167,15.891714808150784,0,161,3.068932955618508,False,False,False
2020障98,15.890552858413479,0,100,1.011736139214893,False,False,False
2019障17,15.886492881716244,0,69,-0.03372453797382976,False,False,False
20障95,15.886432330873722,0,38,-1.0791852151625523,False,False,False
19障83,15.88629124741786,0,96,0.8768379873195737,False,False,False
19障85,15.88629124741786,0,70,0.0,False,False,False
24障219,15.885530358635416,0,36,-1.1466342911102119,False,False,False
27障152,15.882057296849142,0,142,2.428166734115743,False,False,False
2023障257,15.880511087478443,0,109,1.3152569809793606,False,False,False
29障256,15.88049834158326,0,107,1.2478079050317012,False,False,False
2020障166,15.878006717174122,0,149,2.664238499932551,False,False,False
28障98,15.876900621518608,0,135,2.1920949682989344,False,False,False
24障188,15.875561611367333,0,94,0.8093889113719143,False,False,False
2021障14,15.87485617024195,0,74,0.13489815189531904,False,False,False
17障166,15.870717462400185,0,74,0.13489815189531904,False,False,False
21障284,15.868927517086442,0,88,0.6070416835289357,False,False,False
18障81,15.868344604227023,0,53,-0.5733171455551059,False,False,False
19障406,15.865454979189757,0,57,-0.43841899365978687,False,False,False
19障407,15.865454979189757,0,33,-1.2478079050317012,False,False,False
19障408,15.865454979189757,0,46,-0.8093889113719143,False,False,False
29障76,15.86470923979651,0,73,0.10117361392148928,False,False,False
30障231,15.863766227612194,0,42,-0.9442870632672333,False,False,False
30障230,15.863766227612194,0,58,-0.40469445568595713,False,False,False
29障232,15.86317651010503,0,88,0.6070416835289357,False,False,False
25障232,15.86271873816622,0,57,-0.43841899365978687,False,False,False
28障215,15.862690850347004,0,82,0.40469445568595713,False,False,False
28障216,15.862690850347004,0,46,-0.8093889113719143,False,False,False
30障241,15.86060575979673,0,46,-0.8093889113719143,False,False,False
17障360,15.85597769751559,0,50,-0.6744907594765952,False,False,False
29障44,15.85551472433877,0,45,-0.8431134493457441,False,False,False
19障238,15.852946833928824,0,40,-1.011736139214893,False,False,False
22障255,15.852776545768359,0,53,-0.5733171455551059,False,False,False
2021障47,15.851900815692309,0,133,2.1246458923512748,False,False,False
25障196,15.851597341263213,0,110,1.3489815189531904,False,False,False
21障149,15.851550765203696,0,110,1.3489815189531904,False,False,False
2023障35,15.851277956749717,0,144,2.4956158100634025,False,False,False
22障144,15.8497759594353,0,86,0.5395926075812761,False,False,False
17障97,15.8489880930803,0,49,-0.708215297450425,False,False,False
19障136,15.848887829997532,0,88,0.6070416835289357,False,False,False
25障65,15.848848218228033,0,84,0.47214353163361666,False,False,False
2021障186,15.84831180495969,0,73,0.10117361392148928,False,False,False
22障165,15.847285733208087,0,82,0.40469445568595713,False,False,False
2023障81,15.847033195358092,0,107,1.2478079050317012,False,False,False
19障97,15.844327048318828,0,60,-0.3372453797382976,False,False,False
22障167,15.842948561621034,0,131,2.0571968164036156,False,False,False
25障228,15.84261734617064,0,30,-1.3489815189531904,False,False,False
18障325,15.841155180376179,0,103,1.112909753136382,False,False,False
24障243,15.840949107247178,0,87,0.5733171455551059,False,False,False
2019障213,15.840533598704114,0,78,0.26979630379063807,False,False,False
2020障120,15.839698889937372,0,129,1.9897477404559558,False,False,False
2021障280,15.839169747322002,0,78,0.26979630379063807,False,False,False
22障360,15.838974221073753,0,76,0.20234722784297857,False,False,False
20障268,15.837499611584951,0,69,-0.03372453797382976,False,False,False
29障236,15.83724418468584,0,47,-0.7756643733980845,False,False,False
25障26,15.835378561245777,0,82,0.40469445568595713,False,False,False
2019障24,15.835309894914797,0,86,0.5395926075812761,False,False,False
27障99,15.835014896694846,0,114,1.4838796708485096,False,False,False
22障276,15.833207759503408,0,38,-1.0791852151625523,False,False,False
24障240,15.831035300893232,0,35,-1.1803588290840417,False,False,False
28障78,15.828014131325192,0,61,-0.30352084176446786,False,False,False
2023障50,15.824091876435656,0,144,2.4956158100634025,False,False,False
28障334,15.819161461693293,0,96,0.8768379873195737,False,False,False
21障161,15.817489821389122,0,99,0.9780116012410631,False,False,False
29障66,15.816683043978482,0,122,1.7536759746391475,False,False,False
23障177,15.81661689184633,0,90,0.6744907594765952,False,False,False
2023障58,15.815819670531685,0,107,1.2478079050317012,False,False,False
20障269,15.81564761427713,0,67,-0.10117361392148928,False,False,False
2020障68,15.815209859079204,0,61,-0.30352084176446786,False,False,False
2019障215,15.813504926316194,0,63,-0.23607176581680833,False,False,False
29障180,15.812720590273523,0,100,1.011736139214893,False,False,False
2020障193,15.811249085717108,0,59,-0.3709699177121274,False,False,False
22障280,15.808195294380123,0,59,-0.3709699177121274,False,False,False
24障246,15.805102975474043,0,56,-0.47214353163361666,False,False,False
2023障250,15.80471724810891,0,78,0.26979630379063807,False,False,False
24障302,15.80253374770212,0,50,-0.6744907594765952,False,False,False
2022障131,15.801037145937974,0,114,1.4838796708485096,False,False,False
28障84,15.800165510540614,0,89,0.6407662215027655,False,False,False
2023障31,15.800098824129515,0,72,0.06744907594765952,False,False,False
21障96,15.795760452069237,0,71,0.03372453797382976,False,False,False
21障125,15.795161137361253,0,164,3.1701065695399975,False,False,False
19障158,15.78970824715683,0,70,0.0,False,False,False
22障378,15.789678370849698,0,62,-0.26979630379063807,False,False,False
26障66,15.789419893220119,0,103,1.112909753136382,False,False,False
26障243,15.78917483484385,0,57,-0.43841899365978687,False,False,False
2021障174,15.785094779302979,0,115,1.5176042088223394,False,False,False
2021障176,15.785094779302979,0,74,0.13489815189531904,False,False,False
19障173,15.785024964780357,0,83,0.43841899365978687,False,False,False
2023障151,15.783113529194145,0,122,1.7536759746391475,False,False,False
21障275,15.780951366189651,0,82,0.40469445568595713,False,False,False
19障176,15.780687793193303,0,120,1.6862268986914881,False,False,False
24障189,15.780579381061726,0,81,0.3709699177121274,False,False,False
2021障146,15.779944107884361,0,59,-0.3709699177121274,False,False,False
17障139,15.779863057207569,0,66,-0.13489815189531904,False,False,False
17障140,15.779863057207569,0,46,-0.8093889113719143,False,False,False
2019障148,15.779170148327678,0,84,0.47214353163361666,False,False,False
2019障146,15.779170148327678,0,67,-0.10117361392148928,False,False,False
26障206,15.778053437940843,0,143,2.4618912720895727,False,False,False
26障207,15.778053437940843,0,25,-1.5176042088223394,False,False,False
20障283,15.77664101468853,0,62,-0.26979630379063807,False,False,False
20障282,15.77664101468853,0,33,-1.2478079050317012,False,False,False
17障282,15.775989940990451,0,95,0.8431134493457441,False,False,False
18障86,15.775201272507788,0,115,1.5176042088223394,False,False,False
29障70,15.77471884487945,0,99,0.9780116012410631,False,False,False
23障213,15.771935783268612,0,60,-0.3372453797382976,False,False,False
19障314,15.770946991075677,0,55,-0.5058680696074465,False,False,False
25障69,15.769820464823253,0,93,0.7756643733980845,False,False,False
2023障99,15.769372796530716,0,118,1.6187778227438285,False,False,False
2020障10,15.76746991180831,0,98,0.9442870632672333,False,False,False
23障68,15.767192342416985,0,126,1.8885741265344667,False,False,False
18障164,15.764983884060895,0,69,-0.03372453797382976,False,False,False
29障258,15.76353388338373,0,99,0.9780116012410631,False,False,False
18障174,15.762741150002464,0,76,0.20234722784297857,False,False,False
30障68,15.762234288217204,0,80,0.3372453797382976,False,False,False
2023障43,15.761950102303175,0,104,1.1466342911102119,False,False,False
22障115,15.760805884817868,0,46,-0.8093889113719143,False,False,False
30障196,15.760479705026349,0,98,0.9442870632672333,False,False,False
18障336,15.759263541284442,0,92,0.7419398354242548,False,False,False
2021障49,15.758757483973074,0,59,-0.3709699177121274,False,False,False
23障185,15.758443747618408,0,49,-0.708215297450425,False,False,False
21障214,15.756427771777334,0,58,-0.40469445568595713,False,False,False
28障206,15.755922874921298,0,125,1.8548495885606369,False,False,False
18障305,15.753000347884841,0,71,0.03372453797382976,False,False,False
26障71,15.747455694121086,0,88,0.6070416835289357,False,False,False
28障223,15.746902420957772,0,80,0.3372453797382976,False,False,False
19障320,15.745934525952393,0,46,-0.8093889113719143,False,False,False
24障214,15.744791682381356,0,41,-0.9780116012410631,False,False,False
17障277,15.739196776895106,0,59,-0.3709699177121274,False,False,False
27障255,15.739024634841334,0,84,0.47214353163361666,False,False,False
29障252,15.734546346510477,0,110,1.3489815189531904,False,False,False
20障389,15.733111626034818,0,86,0.5395926075812761,False,False,False
19障437,15.732904865067246,0,70,0.0,False,False,False
21障30,15.732804990185583,0,152,2.7654121138540404,False,False,False
19障339,15.730058649446834,0,25,-1.5176042088223394,False,False,False
2019障59,15.728939104557474,0,76,0.20234722784297857,False,False,False
2021障276,15.727529776179333,0,57,-0.43841899365978687,False,False,False
17障64,15.726218853202731,0,61,-0.30352084176446786,False,False,False
23障194,15.726203024983723,0,83,0.43841899365978687,False,False,False
29障69,15.723539712259248,0,106,1.2140833670578715,False,False,False
2021障58,15.720608762146734,0,120,1.6862268986914881,False,False,False
2020障258,15.719276283508833,0,86,0.5395926075812761,False,False,False
30障233,15.717991652597888,0,48,-0.7419398354242548,False,False,False
17障212,15.71467318248279,0,97,0.9105625252934035,False,False,False
17障213,15.71467318248279,0,67,-0.10117361392148928,False,False,False
27障191,15.714232867914488,0,52,-0.6070416835289357,False,False,False
22障281,15.713213064074516,0,48,-0.7419398354242548,False,False,False
26障311,15.712429575849944,0,67,-0.10117361392148928,False,False,False
24障26,15.711119514683414,0,111,1.3827060569270202,False,False,False
22障226,15.708961977193788,0,163,3.1363820315661677,False,False,False
22障103,15.70483198741205,0,77,0.23607176581680833,False,False,False
2019障80,15.701753024243413,0,93,0.7756643733980845,False,False,False
17障227,15.700559284511199,0,54,-0.5395926075812761,False,False,False
26障68,15.696276561500884,0,86,0.5395926075812761,False,False,False
26障67,15.696276561500884,0,92,0.7419398354242548,False,False,False
24障236,15.696141943899077,0,69,-0.03372453797382976,False,False,False
2019障50,15.686974905458442,0,73,0.10117361392148928,False,False,False
21障276,15.685969135884044,0,88,0.6070416835289357,False,False,False
21障278,15.685969135884044,0,73,0.10117361392148928,False,False,False
21障277,15.685969135884044,0,106,1.2140833670578715,False,False,False
21障279,15.685969135884044,0,61,-0.30352084176446786,False,False,False
2023障195,15.683997663784224,0,100,1.011736139214893,False,False,False
25障41,15.683170686101892,0,79,0.30352084176446786,False,False,False
2019障111,15.682730144066815,0,152,2.7654121138540404,False,False,False
2019障112,15.682730144066815,0,128,1.9560232024821262,False,False,False
2019障113,15.682730144066815,0,73,0.10117361392148928,False,False,False
27障40,15.68087640921385,0,90,0.6744907594765952,False,False,False
23障52,15.680542563695624,0,73,0.10117361392148928,False,False,False
2020障218,15.67770852086934,0,133,2.1246458923512748,False,False,False
18障153,15.674586317511126,0,86,0.5395926075812761,False,False,False
2022障221,15.672924941250203,0,106,1.2140833670578715,False,False,False
23障49,15.66642698538117,0,49,-0.708215297450425,False,False,False
2020障86,15.665425654477135,0,143,2.4618912720895727,False,False,False
2020障100,15.665367191940007,0,103,1.112909753136382,False,False,False
22障113,15.664392054613353,0,65,-0.1686226898691488,False,False,False
28障58,15.662336599199051,0,98,0.9442870632672333,False,False,False
28障55,15.662336599199051,0,73,0.10117361392148928,False,False,False
2019障193,15.662133068168144,0,108,1.281532443005531,False,False,False
20障82,15.661097643675564,0,74,0.13489815189531904,False,False,False
2022障69,15.660520827549528,0,154,2.8328611898017,False,False,False
25障109,15.659389358785315,0,98,0.9442870632672333,False,False,False
2019障156,15.656982396749527,0,80,0.3372453797382976,False,False,False
26障211,15.655287244067623,0,70,0.0,False,False,False
24障184,15.654979768096295,0,119,1.6525023607176583,False,False,False
2020障158,15.65336945851465,0,94,0.8093889113719143,False,False,False
2020障133,15.65336945851465,0,98,0.9442870632672333,False,False,False
18障400,15.651321167602795,0,59,-0.3709699177121274,False,False,False
21障80,15.651292416862232,0,106,1.2140833670578715,False,False,False
20障235,15.649731188396288,0,109,1.3152569809793606,False,False,False
28障342,15.649605530828744,0,52,-0.6070416835289357,False,False,False
27障237,15.648627068291566,0,84,0.47214353163361666,False,False,False
23障71,15.643560011177254,0,55,-0.5058680696074465,False,False,False
27障210,15.643334242805373,0,80,0.3372453797382976,False,False,False
21障391,15.642931597982736,0,85,0.5058680696074465,False,False,False
21障386,15.642439747230332,0,96,0.8768379873195737,False,False,False
28障20,15.640472807953559,0,64,-0.20234722784297857,False,False,False
25障171,15.639746439251555,0,108,1.281532443005531,False,False,False
2022障21,15.638961843815979,0,63,-0.23607176581680833,False,False,False
23障58,15.638578364596592,0,49,-0.708215297450425,False,False,False
23障59,15.638578364596592,0,108,1.281532443005531,False,False,False
17障181,15.637653320537972,0,117,1.5850532847699987,False,False,False
25障106,15.636961725611235,0,45,-0.8431134493457441,False,False,False
23障250,15.636065211334161,0,36,-1.1466342911102119,False,False,False
28障86,15.63515051888499,0,65,-0.1686226898691488,False,False,False
23障97,15.634333603204963,0,74,0.13489815189531904,False,False,False
18障317,15.633952684778157,0,91,0.708215297450425,False,False,False
22障384,15.633837543647667,0,75,0.1686226898691488,False,False,False
29障227,15.63330092280527,0,91,0.708215297450425,False,False,False
2019障179,15.633163634480242,0,58,-0.40469445568595713,False,False,False
17障266,15.633149883644938,0,82,0.40469445568595713,False,False,False
19障25,15.632877948692583,0,79,0.30352084176446786,False,False,False
17障271,15.6324288014694,0,68,-0.06744907594765952,False,False,False
17障272,15.6324288014694,0,70,0.0,False,False,False
19障149,15.629315935045252,0,67,-0.10117361392148928,False,False,False
19障438,15.629240271250119,0,73,0.10117361392148928,False,False,False
2023障11,15.628968018447315,0,83,0.43841899365978687,False,False,False
19障348,15.625625261880293,0,103,1.112909753136382,False,False,False
29障346,15.62415886516758,0,75,0.1686226898691488,False,False,False
21障311,15.624050504463378,0,75,0.1686226898691488,False,False,False
18障307,15.623091846102001,0,59,-0.3709699177121274,False,False,False
28障62,15.620372400100019,0,94,0.8093889113719143,False,False,False
28障66,15.620372400100019,0,73,0.10117361392148928,False,False,False
20障90,15.619133444576532,0,101,1.0454606771887227,False,False,False
2022障217,15.618204880300347,0,90,0.6744907594765952,False,False,False
2023障71,15.617157608058333,0,115,1.5176042088223394,False,False,False
28障104,15.616127638708393,0,88,0.6070416835289357,False,False,False
2020障103,15.61418420513856,0,68,-0.06744907594765952,False,False,False
23障208,15.613736527306292,0,45,-0.8431134493457441,False,False,False
29障108,15.613108606221308,0,49,-0.708215297450425,False,False,False
29障107,15.613108606221308,0,25,-1.5176042088223394,False,False,False
26障50,15.609626782779523,0,149,2.664238499932551,False,False,False
2019障81,15.608609692524178,0,64,-0.20234722784297857,False,False,False
19障58,15.606701868667727,0,97,0.9105625252934035,False,False,False
28障348,15.606417066214512,0,97,0.9105625252934035,False,False,False
18障233,15.606160223455241,0,43,-0.9105625252934035,False,False,False
2019障124,15.605069745239438,0,110,1.3489815189531904,False,False,False
24障64,15.60474872432609,0,95,0.8431134493457441,False,False,False
2020障91,15.603323366462403,0,79,0.30352084176446786,False,False,False
20障13,15.599242118090217,0,43,-0.9105625252934035,False,False,False
29障138,15.597577962247914,0,137,2.259544044246594,False,False,False
30障74,15.59721929656158,0,50,-0.6744907594765952,False,False,False
26障49,15.595511204465069,0,50,-0.6744907594765952,False,False,False
29障57,15.594925734438855,0,139,2.3269931201942535,False,False,False
18障472,15.594590292910887,0,39,-1.0454606771887227,False,False,False
19障332,15.594299964790023,0,142,2.428166734115743,False,False,False
2021障190,15.593143341875463,0,125,1.8548495885606369,False,False,False
29障80,15.587851145326875,0,88,0.6070416835289357,False,False,False
23障55,15.58739923197639,0,53,-0.5733171455551059,False,False,False
26障354,15.584955713140289,0,43,-0.9105625252934035,False,False,False
2023障122,15.583689110536355,0,89,0.6407662215027655,False,False,False
2021障39,15.58277985080517,0,47,-0.7756643733980845,False,False,False
21障233,15.58255959502053,0,147,2.5967894239848914,False,False,False
30障56,15.582441177776609,0,54,-0.5395926075812761,False,False,False
24障100,15.577562644012028,0,82,0.40469445568595713,False,False,False
19障269,15.57646867148974,0,57,-0.43841899365978687,False,False,False
2021障99,15.57581626790189,0,112,1.41643059490085,False,False,False
18障232,15.572635926270495,0,70,0.0,False,False,False
28障168,15.571191500455031,0,70,0.0,False,False,False
2019障20,15.570508036137804,0,72,0.06744907594765952,False,False,False
28障60,15.569193267479816,0,83,0.43841899365978687,False,False,False
28障63,15.569193267479816,0,62,-0.26979630379063807,False,False,False
26障55,15.567662583680491,0,132,2.0909213543774454,False,False,False
2023障159,15.565663136649205,0,118,1.6187778227438285,False,False,False
22障93,15.563662459874788,0,81,0.3709699177121274,False,False,False
2019障157,15.56200016644392,0,104,1.1466342911102119,False,False,False
2020障61,15.56020447250652,0,89,0.6407662215027655,False,False,False
2020障159,15.558387228209043,0,97,0.9105625252934035,False,False,False
30障221,15.55759934048631,0,49,-0.708215297450425,False,False,False
27障47,15.557233848718576,0,106,1.2140833670578715,False,False,False
2020障42,15.556388995233828,0,44,-0.8768379873195737,False,False,False
22障227,15.553918559782483,0,76,0.20234722784297857,False,False,False
27障238,15.553644837985958,0,71,0.03372453797382976,False,False,False
18障427,15.5536301320291,0,41,-0.9780116012410631,False,False,False
19障350,15.553187532452982,0,83,0.43841899365978687,False,False,False
24障185,15.551410671121806,0,122,1.7536759746391475,False,False,False
2021障124,15.547786985625343,0,47,-0.7756643733980845,False,False,False
27障384,15.54450278034827,0,68,-0.06744907594765952,False,False,False
29障53,15.543746601818652,0,81,0.3709699177121274,False,False,False
29障54,15.543746601818652,0,105,1.1803588290840417,False,False,False
2023障234,15.54307585714738,0,106,1.2140833670578715,False,False,False
2021障134,15.542347770379912,0,71,0.03372453797382976,False,False,False
20障73,15.53997717704923,0,91,0.708215297450425,False,False,False
2023障249,15.539915389331917,0,154,2.8328611898017,False,False,False
21障296,15.538446205945176,0,43,-0.9105625252934035,False,False,False
24障104,15.535598444912996,0,78,0.26979630379063807,False,False,False
24障192,15.532792016518144,0,41,-0.9780116012410631,False,False,False
21障103,15.531558326830686,0,51,-0.6407662215027655,False,False,False
30障53,15.531262045156407,0,75,0.1686226898691488,False,False,False
30障50,15.531262045156407,0,51,-0.6407662215027655,False,False,False
30障51,15.531262045156407,0,67,-0.10117361392148928,False,False,False
27障39,15.53109561239785,0,77,0.23607176581680833,False,False,False
29障25,15.529641851919664,0,46,-0.8093889113719143,False,False,False
29障340,15.529028696976248,0,114,1.4838796708485096,False,False,False
2022障119,15.528628056888431,0,22,-1.6187778227438285,False,False,False
2022障118,15.528628056888431,0,94,0.8093889113719143,False,False,False
25障190,15.527336195615613,0,53,-0.5733171455551059,False,False,False
2022障66,15.525627470555376,0,99,0.9780116012410631,False,False,False
17障67,15.524726947432699,0,44,-0.8768379873195737,False,False,False
2021障191,15.524321796492762,0,70,0.0,False,False,False
2021障192,15.524321796492762,0,69,-0.03372453797382976,False,False,False
30障344,15.518865974902392,0,49,-0.708215297450425,False,False,False
24障349,15.514590352939065,0,143,2.4618912720895727,False,False,False
24障350,15.514590352939065,0,40,-1.011736139214893,False,False,False
23障158,15.51360362558207,0,63,-0.23607176581680833,False,False,False
27障271,15.512756496357115,0,45,-0.8431134493457441,False,False,False
17障100,15.511656445433092,0,63,-0.23607176581680833,False,False,False
24障69,15.511605392606855,0,125,1.8548495885606369,False,False,False
24障70,15.511605392606855,0,116,1.551328746796169,False,False,False
24障68,15.511605392606855,0,54,-0.5395926075812761,False,False,False
20障253,15.509480727151246,0,59,-0.3709699177121274,False,False,False
2022障134,15.509059270623483,0,84,0.47214353163361666,False,False,False
29障74,15.504925150713909,0,85,0.5058680696074465,False,False,False
30障78,15.504075964842345,0,137,2.259544044246594,False,False,False
28障28,15.503905530779383,0,56,-0.47214353163361666,False,False,False
18障25,15.503176059892182,0,46,-0.8093889113719143,False,False,False
17障96,15.501859973228783,0,83,0.43841899365978687,False,False,False
19障277,15.500852306812492,0,42,-0.9442870632672333,False,False,False
2019障289,15.497800089618792,0,33,-1.2478079050317012,False,False,False
2023障165,15.493108539517678,0,124,1.821125050586807,False,False,False
2020障18,15.491101258533394,0,104,1.1466342911102119,False,False,False
28障165,15.48808399026997,0,113,1.4501551328746798,False,False,False
21障69,15.48561488473609,0,41,-0.9780116012410631,False,False,False
21障70,15.48561488473609,0,163,3.1363820315661677,False,False,False
27障189,15.48527714091063,0,39,-1.0454606771887227,False,False,False
24障365,15.485095424381248,0,110,1.3489815189531904,False,False,False
24障101,15.484419312292793,0,65,-0.1686226898691488,False,False,False
20障300,15.48397871590195,0,54,-0.5395926075812761,False,False,False
18障326,15.48137109129358,0,59,-0.3709699177121274,False,False,False
29障197,15.481055443051606,0,64,-0.20234722784297857,False,False,False
28障83,15.479865413033274,0,48,-0.7419398354242548,False,False,False
26障81,15.478261733493987,0,72,0.06744907594765952,False,False,False
22障68,15.477012681153427,0,100,1.011736139214893,False,False,False
2022障205,15.475590773101505,0,90,0.6744907594765952,False,False,False
2022障137,15.474132999146248,0,90,0.6744907594765952,False,False,False
24障96,15.472783941502112,0,41,-0.9780116012410631,False,False,False
2023障129,15.472605806585477,0,22,-1.6187778227438285,False,False,False
29障181,15.469950995424332,0,44,-0.8768379873195737,False,False,False
27障369,15.46707547733155,0,107,1.2478079050317012,False,False,False
17障214,15.466885817939207,0,53,-0.5733171455551059,False,False,False
19障223,15.4649829564959,0,31,-1.3152569809793606,False,False,False
30障186,15.457466438762088,0,60,-0.3372453797382976,False,False,False
30障185,15.457466438762088,0,66,-0.13489815189531904,False,False,False
2021障107,15.456768604795204,0,66,-0.13489815189531904,False,False,False
2019障177,15.45525540956167,0,44,-0.8768379873195737,False,False,False
20障48,15.455166296914243,0,120,1.6862268986914881,False,False,False
2019障108,15.452854556767056,0,72,0.06744907594765952,False,False,False
24障359,15.451477246712164,0,85,0.5058680696074465,False,False,False
2019障322,15.451406177410174,0,85,0.5058680696074465,False,False,False
17障91,15.44951467130061,0,64,-0.20234722784297857,False,False,False
24障205,15.44891423383981,0,61,-0.30352084176446786,False,False,False
28障153,15.447765784192264,0,111,1.3827060569270202,False,False,False
20障149,15.445956411420465,0,45,-0.8431134493457441,False,False,False
17障75,15.445699194027918,0,42,-0.9442870632672333,False,False,False
26障183,15.442687844665969,0,36,-1.1466342911102119,False,False,False
20障168,15.441992561944996,0,82,0.40469445568595713,False,False,False
20障281,15.440955005986497,0,39,-1.0454606771887227,False,False,False
22障102,15.440030128635057,0,77,0.23607176581680833,False,False,False
20障67,15.439340334135936,0,109,1.3152569809793606,False,False,False
27障109,15.438470291096392,0,97,0.9105625252934035,False,False,False
19障18,15.437707267275337,0,81,0.3709699177121274,False,False,False
22障74,15.435048482054395,0,89,0.6407662215027655,False,False,False
26障202,15.430925318089326,0,50,-0.6744907594765952,False,False,False
2022障115,15.429602012998535,0,113,1.4501551328746798,False,False,False
17障281,15.428861821138934,0,73,0.10117361392148928,False,False,False
2021障36,15.425537381617572,0,63,-0.23607176581680833,False,False,False
29障167,15.422319118531098,0,52,-0.6070416835289357,False,False,False
29障169,15.422319118531098,0,165,3.2038311075138273,False,False,False
24障88,15.422277538160312,0,146,2.563064886011062,False,False,False
2022障202,15.419843501888218,0,66,-0.13489815189531904,False,False,False
18障10,15.4197606240845,0,61,-0.30352084176446786,False,False,False
21障370,15.416875199392496,0,76,0.20234722784297857,False,False,False
19障84,15.414751912725697,0,34,-1.2140833670578715,False,False,False
19障88,15.414751912725697,0,75,0.1686226898691488,False,False,False
19障86,15.414751912725697,0,82,0.40469445568595713,False,False,False
19障87,15.414751912725697,0,61,-0.30352084176446786,False,False,False
25障43,15.414049721214754,0,107,1.2478079050317012,False,False,False
26障40,15.413138936004545,0,89,0.6407662215027655,False,False,False
23障54,15.411421598808486,0,73,0.10117361392148928,False,False,False
27障184,15.41008013300127,0,77,0.23607176581680833,False,False,False
25障197,15.409486991106089,0,67,-0.10117361392148928,False,False,False
20障206,15.409347825427021,0,57,-0.43841899365978687,False,False,False
20障207,15.409347825427021,0,53,-0.5733171455551059,False,False,False
22障107,15.407862401740333,0,114,1.4838796708485096,False,False,False
17障93,15.407550472201578,0,67,-0.10117361392148928,False,False,False
25障327,15.405637758954592,0,85,0.5058680696074465,False,False,False
19障187,15.405292904585405,0,43,-0.9105625252934035,False,False,False
22障219,15.40505597334548,0,48,-0.7419398354242548,False,False,False
2021障273,15.403591818869868,0,67,-0.10117361392148928,False,False,False
23障40,15.401625126604177,0,33,-1.2478079050317012,False,False,False
23障41,15.401625126604177,0,46,-0.8093889113719143,False,False,False
19障81,15.400636334411242,0,60,-0.3372453797382976,False,False,False
19障80,15.400636334411242,0,33,-1.2478079050317012,False,False,False
18障335,15.399479452201842,0,74,0.13489815189531904,False,False,False
27障15,15.398802780298908,0,28,-1.41643059490085,False,False,False
20障228,15.398258264877404,0,59,-0.3709699177121274,False,False,False
18障79,15.396805269534859,0,94,0.8093889113719143,False,False,False
18障80,15.396805269534859,0,59,-0.3709699177121274,False,False,False
2019障66,15.396125204784305,0,60,-0.3372453797382976,False,False,False
24障181,15.390177909319302,0,138,2.2932685822204237,False,False,False
20障63,15.388161201515734,0,57,-0.43841899365978687,False,False,False
22障92,15.387684826706884,0,75,0.1686226898691488,False,False,False
19障126,15.387565832411635,0,98,0.9442870632672333,False,False,False
21障76,15.386490558085239,0,114,1.4838796708485096,False,False,False
24障217,15.385607326837198,0,97,0.9105625252934035,False,False,False
18障77,15.382689691220405,0,42,-0.9442870632672333,False,False,False
18障347,15.381462424302478,0,68,-0.06744907594765952,False,False,False
30障73,15.3806853484421,0,50,-0.6744907594765952,False,False,False
25障253,15.37995889038461,0,127,1.9222986645082965,False,False,False
19障166,15.379403790911192,0,49,-0.708215297450425,False,False,False
2022障138,15.37915076884064,0,102,1.0791852151625523,False,False,False
25障64,15.37730888353587,0,116,1.551328746796169,False,False,False
20障383,15.375765131261717,0,42,-0.9442870632672333,False,False,False
25障168,15.373617640789497,0,60,-0.3372453797382976,False,False,False
2020障87,15.373447779162644,0,89,0.6407662215027655,False,False,False
2020障88,15.373447779162644,0,118,1.6187778227438285,False,False,False
19障98,15.372787713626664,0,46,-0.8093889113719143,False,False,False
22障374,15.371473279180178,0,81,0.3709699177121274,False,False,False
19障159,15.368542952235037,0,93,0.7756643733980845,False,False,False
2019障63,15.366674807951101,0,115,1.5176042088223394,False,False,False
29障166,15.36657184731781,0,127,1.9222986645082965,False,False,False
2022障160,15.363737541428096,0,99,0.9780116012410631,False,False,False
2022障165,15.363737541428096,0,66,-0.13489815189531904,False,False,False
2022障167,15.363737541428096,0,108,1.281532443005531,False,False,False
24障97,15.361028695892548,0,94,0.8093889113719143,False,False,False
29障345,15.359357006390587,0,74,0.13489815189531904,False,False,False
2021障258,15.355959941976634,0,62,-0.26979630379063807,False,False,False
25障227,15.355591666902347,0,68,-0.06744907594765952,False,False,False
18障90,15.354841070435826,0,46,-0.8093889113719143,False,False,False
18障91,15.354841070435826,0,103,1.112909753136382,False,False,False
2021障179,15.354779961329523,0,55,-0.5058680696074465,False,False,False
2021障183,15.354779961329523,0,70,0.0,False,False,False
23障220,15.35296354449608,0,49,-0.708215297450425,False,False,False
23障218,15.35296354449608,0,62,-0.26979630379063807,False,False,False
23障217,15.35296354449608,0,142,2.428166734115743,False,False,False
23障219,15.35296354449608,0,126,1.8885741265344667,False,False,False
2023障72,15.352355749281339,0,106,1.2140833670578715,False,False,False
24障23,15.351335425600812,0,94,0.8093889113719143,False,False,False
30障210,15.35132141541828,0,51,-0.6407662215027655,False,False,False
25障133,15.350069319161676,0,48,-0.7419398354242548,False,False,False
29障321,15.350003647385916,0,119,1.6525023607176583,False,False,False
30障39,15.345487939784194,0,60,-0.3372453797382976,False,False,False
23障189,15.344717094567338,0,64,-0.20234722784297857,False,False,False
2019障178,15.343500163952106,0,83,0.43841899365978687,False,False,False
18障224,15.343467216330572,0,89,0.6407662215027655,False,False,False
2021障67,15.343378928481775,0,96,0.8768379873195737,False,False,False
19障234,15.34279520491775,0,52,-0.6070416835289357,False,False,False
27障178,15.342663033711789,0,34,-1.2140833670578715,False,False,False
19障20,15.341708988860004,0,30,-1.3489815189531904,False,False,False
2023障232,15.341554010919788,0,81,0.3709699177121274,False,False,False
2019障310,15.339766206267505,0,78,0.26979630379063807,False,False,False
27障131,15.337569632869863,0,52,-0.6070416835289357,False,False,False
23障106,15.336593339599967,0,94,0.8093889113719143,False,False,False
26障205,15.335943087783718,0,63,-0.23607176581680833,False,False,False
26障204,15.335943087783718,0,84,0.47214353163361666,False,False,False
2023障153,15.335787549349446,0,98,0.9442870632672333,False,False,False
24障66,15.335627759438951,0,81,0.3709699177121274,False,False,False
24障220,15.331664762868728,0,44,-0.8768379873195737,False,False,False
29障64,15.331028130971864,0,41,-0.9780116012410631,False,False,False
24障133,15.328664176535673,0,73,0.10117361392148928,False,False,False
24障134,15.328664176535673,0,94,0.8093889113719143,False,False,False
29障172,15.32733688822549,0,74,0.13489815189531904,False,False,False
29障173,15.32733688822549,0,67,-0.10117361392148928,False,False,False
29障103,15.325879114270235,0,50,-0.6744907594765952,False,False,False
24障52,15.325831287234642,0,85,0.5058680696074465,False,False,False
24障53,15.325831287234642,0,36,-1.1466342911102119,False,False,False
23障321,15.325582333531605,0,49,-0.708215297450425,False,False,False
23障322,15.325582333531605,0,42,-0.9442870632672333,False,False,False
19障117,15.325424058279154,0,63,-0.23607176581680833,False,False,False
18障234,15.324848561726911,0,51,-0.6407662215027655,False,False,False
19障423,15.32459354133867,0,49,-0.708215297450425,False,False,False
17障133,15.323091730093257,0,45,-0.8431134493457441,False,False,False
18障7,15.322773386052788,0,43,-0.9105625252934035,False,False,False
2020障226,15.321953307753516,0,63,-0.23607176581680833,False,False,False
19障92,15.321608581006462,0,110,1.3489815189531904,False,False,False
19障93,15.321608581006462,0,72,0.06744907594765952,False,False,False
2022障116,15.321290847434819,0,22,-1.6187778227438285,False,False,False
22障238,15.321178190667146,0,73,0.10117361392148928,False,False,False
25障48,15.32090638949552,0,61,-0.30352084176446786,False,False,False
24障216,15.319642104862456,0,85,0.5058680696074465,False,False,False
19障282,15.318976442648465,0,118,1.6187778227438285,False,False,False
21障217,15.318675946622536,0,33,-1.2478079050317012,False,False,False
2023障121,15.316890004288231,0,105,1.1803588290840417,False,False,False
2022障38,15.316057105339176,0,22,-1.6187778227438285,False,False,False
19障104,15.315627586074845,0,68,-0.06744907594765952,False,False,False
19障106,15.315627586074845,0,49,-0.708215297450425,False,False,False
30障148,15.315573413738784,0,97,0.9105625252934035,False,False,False
30障168,15.314852331563246,0,39,-1.0454606771887227,False,False,False
30障169,15.314852331563246,0,47,-0.7756643733980845,False,False,False
20障208,15.314365595121414,0,42,-0.9442870632672333,False,False,False
2023障97,15.313793850917437,0,159,3.001483879670849,False,False,False
2020障187,15.313706857824778,0,73,0.10117361392148928,False,False,False
2020障200,15.313706857824778,0,65,-0.1686226898691488,False,False,False
2021障101,15.311014409124896,0,79,0.30352084176446786,False,False,False
25障328,15.310655528648985,0,108,1.281532443005531,False,False,False
29障233,15.309310914338342,0,79,0.30352084176446786,False,False,False
28障323,15.309009832682218,0,84,0.47214353163361666,False,False,False
28障324,15.309009832682218,0,75,0.1686226898691488,False,False,False
28障326,15.309009832682218,0,94,0.8093889113719143,False,False,False
28障325,15.309009832682218,0,89,0.6407662215027655,False,False,False
18障115,15.307477415088316,0,45,-0.8431134493457441,False,False,False
21障241,15.306913420045893,0,47,-0.7756643733980845,False,False,False
21障242,15.306913420045893,0,97,0.9105625252934035,False,False,False
2022障129,15.304591163983009,0,91,0.708215297450425,False,False,False
18障84,15.303661937815624,0,68,-0.06744907594765952,False,False,False
18障87,15.303661937815624,0,44,-0.8768379873195737,False,False,False
24障373,15.303073904930562,0,68,-0.06744907594765952,False,False,False
2023障156,15.30086127787221,0,92,0.7419398354242548,False,False,False
27障391,15.299822409964005,0,58,-0.40469445568595713,False,False,False
29障102,15.299718429347326,0,59,-0.3709699177121274,False,False,False
2023障264,15.297748469345363,0,146,2.563064886011062,False,False,False
19障164,15.29598835510351,0,124,1.821125050586807,False,False,False
24障182,15.295195679013695,0,70,0.0,False,False,False
17障98,15.295122497313612,0,94,0.8093889113719143,False,False,False
17障99,15.295122497313612,0,68,-0.06744907594765952,False,False,False
23障192,15.295103623090256,0,54,-0.5395926075812761,False,False,False
21障244,15.294857184353251,0,29,-1.3827060569270202,False,False,False
2021障184,15.294446209193003,0,62,-0.26979630379063807,False,False,False
2021障185,15.294446209193003,0,78,0.26979630379063807,False,False,False
17障126,15.289875531957104,0,68,-0.06744907594765952,False,False,False
18障235,15.289002429953776,0,68,-0.06744907594765952,False,False,False
29障320,15.286723634836518,0,44,-0.8768379873195737,False,False,False
2022障89,15.285323511054381,0,137,2.259544044246594,False,False,False
21障274,15.285277455722238,0,54,-0.5395926075812761,False,False,False
27障207,15.283550153722773,0,111,1.3827060569270202,False,False,False
19障122,15.283459859180121,0,45,-0.8431134493457441,False,False,False
19障132,15.28338686344016,0,107,1.2478079050317012,False,False,False
22障82,15.282906124196968,0,103,1.112909753136382,False,False,False
23障123,15.281446503323052,0,62,-0.26979630379063807,False,False,False
2019障175,15.281358389819625,0,107,1.2478079050317012,False,False,False
2019障176,15.281358389819625,0,127,1.9222986645082965,False,False,False
27障100,15.281149300928158,0,78,0.26979630379063807,False,False,False
27障101,15.281149300928158,0,82,0.40469445568595713,False,False,False
27障102,15.281149300928158,0,82,0.40469445568595713,False,False,False
28障80,15.27834356680568,0,111,1.3827060569270202,False,False,False
24障241,15.277169705126544,0,53,-0.5733171455551059,False,False,False
24障242,15.277169705126544,0,131,2.0571968164036156,False,False,False
2020障325,15.277017169500155,0,98,0.9442870632672333,False,False,False
2020障45,15.275632659556008,0,74,0.13489815189531904,False,False,False
2020障175,15.274569199834698,0,155,2.86658572777553,False,False,False
18障426,15.272434230021883,0,52,-0.6070416835289357,False,False,False
21障202,15.271044069729301,0,82,0.40469445568595713,False,False,False
27障346,15.270347562566608,0,59,-0.3709699177121274,False,False,False
17障71,15.269721560860015,0,57,-0.43841899365978687,False,False,False
17障72,15.269721560860015,0,79,0.30352084176446786,False,False,False
2020障58,15.26553929455969,0,152,2.7654121138540404,False,False,False
18障129,15.265440220249323,0,52,-0.6070416835289357,False,False,False
17障135,15.262757977956737,0,45,-0.8431134493457441,False,False,False
17障136,15.262757977956737,0,86,0.5395926075812761,False,False,False
22障205,15.262441866146638,0,100,1.011736139214893,False,False,False
25障146,15.261764409116088,0,70,0.0,False,False,False
25障147,15.261764409116088,0,53,-0.5733171455551059,False,False,False
17障56,15.259925088655706,0,79,0.30352084176446786,False,False,False
23障130,15.259136286709818,0,70,0.0,False,False,False
2023障74,15.257373518975731,0,154,2.8328611898017,False,False,False
26障339,15.25630001626269,0,89,0.6407662215027655,False,False,False
25障21,15.255618652795084,0,74,0.13489815189531904,False,False,False
25障22,15.255618652795084,0,126,1.8885741265344667,False,False,False
27障218,15.255617426303607,0,110,1.3489815189531904,False,False,False
2021障279,15.250916820539292,0,65,-0.1686226898691488,False,False,False
26障54,15.24736248617315,0,48,-0.7419398354242548,False,False,False
21障236,15.244771645913412,0,73,0.10117361392148928,False,False,False
2022障133,15.244257411846489,0,91,0.708215297450425,False,False,False
23障332,15.243338014500457,0,49,-0.708215297450425,False,False,False
2019障54,15.243284191550856,0,93,0.7756643733980845,False,False,False
29障120,15.241757722640783,0,100,1.011736139214893,False,False,False
17障395,15.240391420655444,0,105,1.1803588290840417,False,False,False
17障389,15.239396115361716,0,44,-0.8768379873195737,False,False,False
18障20,15.238374201115189,0,74,0.13489815189531904,False,False,False
28障25,15.234784565892243,0,96,0.8768379873195737,False,False,False
17障168,15.23472869568019,0,62,-0.26979630379063807,False,False,False
28障90,15.2340019642418,0,74,0.13489815189531904,False,False,False
18障218,15.23302679923677,0,55,-0.5058680696074465,False,False,False
21障52,15.23037803897854,0,148,2.6305139619587212,False,False,False
17障204,15.229289480434758,0,75,0.1686226898691488,False,False,False
17障205,15.229289480434758,0,116,1.551328746796169,False,False,False
30障121,15.229273165978539,0,50,-0.6744907594765952,False,False,False
18障245,15.228948121042306,0,82,0.40469445568595713,False,False,False
30障80,15.228238468813112,0,47,-0.7756643733980845,False,False,False
28障6,15.228201728977556,0,59,-0.3709699177121274,False,False,False
27障351,15.22369230459799,0,73,0.10117361392148928,False,False,False
25障335,15.223099162702809,0,60,-0.3372453797382976,False,False,False
2020障73,15.22119769199581,0,73,0.10117361392148928,False,False,False
21障269,15.220138153551277,0,103,1.112909753136382,False,False,False
28障327,15.21402760237661,0,61,-0.30352084176446786,False,False,False
20障61,15.21218356834783,0,48,-0.7419398354242548,False,False,False
21障133,15.20953033694567,0,112,1.41643059490085,False,False,False
29障84,15.208555298580636,0,89,0.6407662215027655,False,False,False
20障242,15.208220571777606,0,31,-1.3152569809793606,False,False,False
29障63,15.207662203560202,0,68,-0.06744907594765952,False,False,False
21障58,15.206697447644643,0,56,-0.47214353163361666,False,False,False
21障60,15.206697447644643,0,68,-0.06744907594765952,False,False,False
18障284,15.20604756915202,0,59,-0.3709699177121274,False,False,False
22障256,15.203928719696064,0,31,-1.3152569809793606,False,False,False
25障87,15.20365691852444,0,62,-0.26979630379063807,False,False,False
20障46,15.202387096143521,0,43,-0.9105625252934035,False,False,False
2021障167,15.201660016309948,0,49,-0.708215297450425,False,False,False
23障79,15.201028796118171,0,63,-0.23607176581680833,False,False,False
22障145,15.200928133363009,0,58,-0.40469445568595713,False,False,False
29障352,15.19968538434272,0,127,1.9222986645082965,False,False,False
2022障57,15.194488528257951,0,86,0.5395926075812761,False,False,False
2019障181,15.191053284323118,0,88,0.6070416835289357,False,False,False
2023障184,15.190465820154058,0,88,0.6070416835289357,False,False,False
2023障189,15.190465820154058,0,78,0.26979630379063807,False,False,False
27障382,15.184718691265669,0,99,0.9780116012410631,False,False,False
23障305,15.18460168997995,0,53,-0.5733171455551059,False,False,False
19障404,15.183612897787015,0,36,-1.1466342911102119,False,False,False
19障405,15.183612897787015,0,37,-1.112909753136382,False,False,False
24障161,15.183342447340285,0,136,2.225819506272764,False,False,False
18障221,15.18223445452807,0,57,-0.43841899365978687,False,False,False
18障219,15.18223445452807,0,52,-0.6070416835289357,False,False,False
20障152,15.181154552643472,0,83,0.43841899365978687,False,False,False
19障443,15.17904231530491,0,124,1.821125050586807,False,False,False
2019障285,15.17725095962851,0,57,-0.43841899365978687,False,False,False
30障207,15.176824662137793,0,101,1.0454606771887227,False,False,False
21障175,15.176782921599232,0,88,0.6070416835289357,False,False,False
28障54,15.176681686192433,0,101,1.0454606771887227,False,False,False
28障53,15.176681686192433,0,85,0.5058680696074465,False,False,False
21障206,15.176061839423694,0,30,-1.3489815189531904,False,False,False
24障84,15.175520994348405,0,67,-0.10117361392148928,False,False,False
2019障331,15.174485084391225,0,93,0.7756643733980845,False,False,False
30障349,15.174462916406016,0,82,0.40469445568595713,False,False,False
2022障111,15.17433819316735,0,84,0.47214353163361666,False,False,False
17障201,15.173542209221472,0,66,-0.13489815189531904,False,False,False
20障200,15.171751487922572,0,47,-0.7756643733980845,False,False,False
28障88,15.171187460830915,0,56,-0.47214353163361666,False,False,False
27障76,15.170863412860358,0,63,-0.23607176581680833,False,False,False
25障49,15.170563675888127,0,129,1.9897477404559558,False,False,False
25障183,15.168718674325596,0,22,-1.6187778227438285,False,False,False
22障185,15.16818071801657,0,41,-0.9780116012410631,False,False,False
27障371,15.168060950428607,0,65,-0.1686226898691488,False,False,False
23障57,15.16793555348186,0,37,-1.112909753136382,False,False,False
22障209,15.16745963584103,0,93,0.7756643733980845,False,False,False
22障208,15.16745963584103,0,54,-0.5395926075812761,False,False,False
28障304,15.166395725483376,0,119,1.6525023607176583,False,False,False
22障75,15.165927517167257,0,24,-1.551328746796169,False,False,False
2020障161,15.165878878552428,0,84,0.47214353163361666,False,False,False
17障49,15.163658224292616,0,56,-0.47214353163361666,False,False,False
19障24,15.16133861400042,0,37,-1.112909753136382,False,False,False
19障29,15.16133861400042,0,103,1.112909753136382,False,False,False
18障437,15.161092626109722,0,40,-1.011736139214893,False,False,False
21障273,15.158035865536545,0,70,0.0,False,False,False
18障258,15.15596203071218,0,62,-0.26979630379063807,False,False,False
2020障324,15.153591453237388,0,62,-0.26979630379063807,False,False,False
21障89,15.152800984962921,0,91,0.708215297450425,False,False,False
29障342,15.15273480494231,0,39,-1.0454606771887227,False,False,False
29障50,15.151235020531269,0,112,1.41643059490085,False,False,False
28障85,15.149495605878371,0,84,0.47214353163361666,False,False,False
2021障209,15.149124479997617,0,52,-0.6070416835289357,False,False,False
28障138,15.149068651509806,0,74,0.13489815189531904,False,False,False
20障230,15.145479064106683,0,88,0.6070416835289357,False,False,False
2023障41,15.145270003125603,0,118,1.6187778227438285,False,False,False
25障104,15.142284279534481,0,121,1.719951436665318,False,False,False
2021障165,15.139518242177466,0,22,-1.6187778227438285,False,False,False
30障46,15.138750463869023,0,52,-0.6070416835289357,False,False,False
2019障292,15.138016000536192,0,64,-0.20234722784297857,False,False,False
27障193,15.136597499455304,0,69,-0.03372453797382976,False,False,False
2019障202,15.136558226580936,0,86,0.5395926075812761,False,False,False
2019障203,15.136558226580936,0,75,0.1686226898691488,False,False,False
19障67,15.13583447563425,0,31,-1.3152569809793606,False,False,False
27障145,15.135827571732772,0,40,-1.011736139214893,False,False,False
22障161,15.13306345705777,0,137,2.259544044246594,False,False,False
17障209,15.12871584106958,0,60,-0.3372453797382976,False,False,False
29障73,15.128368046327353,0,67,-0.10117361392148928,False,False,False
19障403,15.127865626573728,0,50,-0.6744907594765952,False,False,False
25障222,15.125716079602588,0,78,0.26979630379063807,False,False,False
25障221,15.125716079602588,0,66,-0.13489815189531904,False,False,False
25障223,15.125716079602588,0,124,1.821125050586807,False,False,False
18障286,15.123721308077497,0,52,-0.6070416835289357,False,False,False
17障393,15.123138903680013,0,68,-0.06744907594765952,False,False,False
23障214,15.12308795719632,0,73,0.10117361392148928,False,False,False
2022障196,15.122465868720546,0,86,0.5395926075812761,False,False,False
20障66,15.119040236628596,0,61,-0.30352084176446786,False,False,False
20障65,15.119040236628596,0,65,-0.1686226898691488,False,False,False
18障66,15.117887832443412,0,63,-0.23607176581680833,False,False,False
18障68,15.117887832443412,0,48,-0.7419398354242548,False,False,False
18障67,15.117887832443412,0,47,-0.7756643733980845,False,False,False
2023障69,15.116185424884659,0,116,1.551328746796169,False,False,False
19障167,15.1146019321342,0,44,-0.8768379873195737,False,False,False
26障324,15.113685909063848,0,49,-0.708215297450425,False,False,False
26障323,15.113685909063848,0,127,1.9222986645082965,False,False,False
25障58,15.112507024758877,0,71,0.03372453797382976,False,False,False
2023障104,15.112051789780345,0,105,1.1803588290840417,False,False,False
2023障101,15.112051789780345,0,117,1.5850532847699987,False,False,False
2023障103,15.112051789780345,0,125,1.8548495885606369,False,False,False
2020障207,15.111646506718708,0,127,1.9222986645082965,False,False,False
28障299,15.11064845427009,0,148,2.6305139619587212,False,False,False
25障148,15.109536864188042,0,113,1.4501551328746798,False,False,False
24障336,15.108807850610415,0,134,2.1583704303251046,False,False,False
2020障89,15.108645920385653,0,120,1.6862268986914881,False,False,False
27障368,15.107291388248951,0,84,0.47214353163361666,False,False,False
23障132,15.106908741781774,0,54,-0.5395926075812761,False,False,False
19障222,15.1051988674133,0,40,-1.011736139214893,False,False,False
19障221,15.1051988674133,0,39,-1.0454606771887227,False,False,False
28障203,15.104881992699747,0,72,0.06744907594765952,False,False,False
28障204,15.104881992699747,0,60,-0.3372453797382976,False,False,False
22障391,15.10449752370052,0,101,1.0454606771887227,False,False,False
22障390,15.10449752370052,0,78,0.26979630379063807,False,False,False
22障61,15.103113013756372,0,96,0.8768379873195737,False,False,False
21障85,15.101621852342719,0,91,0.708215297450425,False,False,False
30障343,15.099342657200859,0,43,-0.9105625252934035,False,False,False
2022障159,15.098935682651103,0,129,1.9897477404559558,False,False,False
2022障161,15.098935682651103,0,126,1.8885741265344667,False,False,False
2022障166,15.098935682651103,0,171,3.406178335356806,False,False,False
2022障168,15.098935682651103,0,138,2.2932685822204237,False,False,False
29障98,15.096003526970476,0,73,0.10117361392148928,False,False,False
26障191,15.094008203210642,0,51,-0.6407662215027655,False,False,False
25障305,15.09224758208061,0,109,1.3152569809793606,False,False,False
17障241,15.091261811009305,0,121,1.719951436665318,False,False,False
18障109,15.090943466968836,0,50,-0.6744907594765952,False,False,False
25障224,15.090789808125352,0,58,-0.40469445568595713,False,False,False
2021障181,15.089978102552532,0,86,0.5395926075812761,False,False,False
24障200,15.08913014475721,0,81,0.3709699177121274,False,False,False
21障222,15.088659126806713,0,82,0.40469445568595713,False,False,False
22障380,15.087839782863458,0,107,1.2478079050317012,False,False,False
18障222,15.087252224222462,0,74,0.13489815189531904,False,False,False
19障318,15.08717289352615,0,87,0.5733171455551059,False,False,False
19障319,15.08717289352615,0,48,-0.7419398354242548,False,False,False
26障16,15.08709251916711,0,88,0.6070416835289357,False,False,False
20障151,15.086172322337864,0,63,-0.23607176581680833,False,False,False
18障93,15.085720105548688,0,95,0.8431134493457441,False,False,False
30障110,15.083518970308232,0,37,-1.112909753136382,False,False,False
2020障358,15.083055648780542,0,22,-1.6187778227438285,False,False,False
24障24,15.082214460713674,0,78,0.26979630379063807,False,False,False
24障25,15.082214460713674,0,46,-0.8093889113719143,False,False,False
20障167,15.082208472862396,0,104,1.1466342911102119,False,False,False
2022障107,15.080907484465552,0,125,1.8548495885606369,False,False,False
25障76,15.07966656858575,0,58,-0.40469445568595713,False,False,False
29障228,15.079435327038583,0,62,-0.26979630379063807,False,False,False
29障229,15.079435327038583,0,53,-0.5733171455551059,False,False,False
28障235,15.0768527104232,0,74,0.13489815189531904,False,False,False
20障141,15.075311483661709,0,37,-1.112909753136382,False,False,False
2021障69,15.074257963594636,0,54,-0.5395926075812761,False,False,False
26障166,15.071744538916725,0,66,-0.13489815189531904,False,False,False
26障208,15.071740962545167,0,90,0.6744907594765952,False,False,False
27障44,15.071578935711958,0,22,-1.6187778227438285,False,False,False
28障306,15.071413495177769,0,133,2.1246458923512748,False,False,False
22障147,15.071019631580166,0,123,1.7874005126129773,False,False,False
22障148,15.071019631580166,0,57,-0.43841899365978687,False,False,False
22障149,15.071019631580166,0,69,-0.03372453797382976,False,False,False
22障150,15.071019631580166,0,33,-1.2478079050317012,False,False,False
2022障104,15.070993678111604,0,117,1.5850532847699987,False,False,False
2021障129,15.070710449623903,0,90,0.6744907594765952,False,False,False
2021障126,15.070710449623903,0,76,0.20234722784297857,False,False,False
2021障128,15.070710449623903,0,105,1.1803588290840417,False,False,False
29障356,15.070413255365366,0,94,0.8093889113719143,False,False,False
28障208,15.069955721222511,0,52,-0.6070416835289357,False,False,False
28障298,15.069416247706638,0,56,-0.47214353163361666,False,False,False
2019障145,15.066261154864119,0,96,0.8768379873195737,False,False,False
29障60,15.066226272194871,0,48,-0.7419398354242548,False,False,False
26障353,15.065417345272474,0,151,2.7316875758802106,False,False,False
2022障47,15.063536337826957,0,115,1.5176042088223394,False,False,False
29障145,15.063256111624037,0,72,0.06744907594765952,False,False,False
20障216,15.060668183971694,0,60,-0.3372453797382976,False,False,False
27障234,15.06011299435579,0,64,-0.20234722784297857,False,False,False
20障171,15.059898256249163,0,53,-0.5733171455551059,False,False,False
2020障269,15.059330305107318,0,63,-0.23607176581680833,False,False,False
2020障227,15.057151448976525,0,89,0.6407662215027655,False,False,False
19障94,15.052487616119324,0,132,2.0909213543774454,False,False,False
26障231,15.052172176280218,0,54,-0.5395926075812761,False,False,False
30障147,15.050771554961793,0,67,-0.10117361392148928,False,False,False
24障371,15.05029470415984,0,90,0.6744907594765952,False,False,False
27障65,15.048711961508042,0,41,-0.9780116012410631,False,False,False
27障64,15.048711961508042,0,45,-0.8431134493457441,False,False,False
24障237,15.047294117826786,0,45,-0.8431134493457441,False,False,False
2020障72,15.04602820943692,0,101,1.0454606771887227,False,False,False
2022障108,15.045061352692416,0,86,0.5395926075812761,False,False,False
29障231,15.044509055561347,0,141,2.394442196141913,False,False,False
18障413,15.043478503018026,0,70,0.0,False,False,False
17障354,15.042901652031478,0,76,0.20234722784297857,False,False,False
2019障204,15.041575996275329,0,75,0.1686226898691488,False,False,False
19障74,15.040852245328642,0,54,-0.5395926075812761,False,False,False
19障76,15.040852245328642,0,62,-0.26979630379063807,False,False,False
23障304,15.033872188461052,0,131,2.0571968164036156,False,False,False
30障326,15.033482272854359,0,71,0.03372453797382976,False,False,False
30障235,15.032024498899103,0,96,0.8768379873195737,False,False,False
24障162,15.03111490241224,0,54,-0.5395926075812761,False,False,False
19障118,15.030758880332325,0,156,2.9003102657493596,False,False,False
17障95,15.030320638536619,0,71,0.03372453797382976,False,False,False
22障251,15.029431966415578,0,101,1.0454606771887227,False,False,False
22障377,15.027070220683802,0,46,-0.8093889113719143,False,False,False
17障79,15.026235515533388,0,68,-0.06744907594765952,False,False,False
2019障233,15.026162768862783,0,35,-1.1803588290840417,False,False,False
2019障234,15.026162768862783,0,58,-0.40469445568595713,False,False,False
2019障241,15.026162768862783,0,66,-0.13489815189531904,False,False,False
2023障56,15.025535913094059,0,118,1.6187778227438285,False,False,False
24障255,15.023228685025707,0,123,1.7874005126129773,False,False,False
25障203,15.021770174604322,0,80,0.3372453797382976,False,False,False
30障71,15.0209012593595,0,138,2.2932685822204237,False,False,False
27障212,15.019348028484222,0,105,1.1803588290840417,False,False,False
21障360,15.018206471978024,0,82,0.40469445568595713,False,False,False
2020障203,15.0166642764131,0,114,1.4838796708485096,False,False,False
27障97,15.016347442151167,0,109,1.3152569809793606,False,False,False
2019障85,15.0145762650092,0,99,0.9780116012410631,False,False,False
25障240,15.013129409297978,0,82,0.40469445568595713,False,False,False
24障238,15.01236784634955,0,68,-0.06744907594765952,False,False,False
28障177,15.012095799816692,0,52,-0.6070416835289357,False,False,False
25障165,15.011836304235766,0,29,-1.3827060569270202,False,False,False
18障130,15.010434833676639,0,69,-0.03372453797382976,False,False,False
30障361,15.00720984903847,0,50,-0.6744907594765952,False,False,False
29障205,15.004021882997923,0,46,-0.8093889113719143,False,False,False
2022障156,15.003953452345495,0,91,0.708215297450425,False,False,False
2020障319,15.002861951718492,0,68,-0.06744907594765952,False,False,False
2020障320,15.002861951718492,0,56,-0.47214353163361666,False,False,False
20障109,15.001790765657516,0,87,0.5733171455551059,False,False,False
29障99,15.001021296664868,0,38,-1.0791852151625523,False,False,False
29障100,15.001021296664868,0,90,0.6744907594765952,False,False,False
17障245,15.000956705512799,0,65,-0.1686226898691488,False,False,False
27障239,14.99977924221927,0,108,1.281532443005531,False,False,False
27障240,14.99977924221927,0,51,-0.6407662215027655,False,False,False
27障241,14.99977924221927,0,60,-0.3372453797382976,False,False,False
2020障201,14.999291527570703,0,66,-0.13489815189531904,False,False,False
2019障150,14.998220764323284,0,61,-0.30352084176446786,False,False,False
2019障152,14.998220764323284,0,62,-0.26979630379063807,False,False,False
22障114,14.997498913575972,0,58,-0.40469445568595713,False,False,False
2022障112,14.997029701787218,0,109,1.3152569809793606,False,False,False
25障136,14.996962550339095,0,41,-0.9780116012410631,False,False,False
2020障202,14.994972421460558,0,46,-0.8093889113719143,False,False,False
21障106,14.994465746367954,0,120,1.6862268986914881,False,False,False
28障137,14.993720546979594,0,46,-0.8093889113719143,False,False,False
28障136,14.993720546979594,0,66,-0.13489815189531904,False,False,False
27障48,14.99344770588461,0,106,1.2140833670578715,False,False,False
22障174,14.993359232752791,0,47,-0.7756643733980845,False,False,False
19障195,14.99334563573989,0,53,-0.5733171455551059,False,False,False
22障66,14.991357768146809,0,62,-0.26979630379063807,False,False,False
21障362,14.989674011020416,0,121,1.719951436665318,False,False,False
21障268,14.988494030373307,0,33,-1.2478079050317012,False,False,False
20障77,14.986111581282543,0,133,2.1246458923512748,False,False,False
20障370,14.985363659519294,0,30,-1.3489815189531904,False,False,False
27障149,14.983600026804728,0,77,0.23607176581680833,False,False,False
2020障134,14.980916274733607,0,134,2.1583704303251046,False,False,False
2022障215,14.98014522213781,0,98,0.9442870632672333,False,False,False
24障249,14.979429441521546,0,62,-0.26979630379063807,False,False,False
25障246,14.978565460590472,0,91,0.708215297450425,False,False,False
30障323,14.97773500164107,0,60,-0.3372453797382976,False,False,False
24障206,14.977374899147646,0,40,-1.011736139214893,False,False,False
18障246,14.976168920271585,0,75,0.1686226898691488,False,False,False
28障132,14.976128463436254,0,61,-0.30352084176446786,False,False,False
2023障152,14.976003460266844,0,108,1.281532443005531,False,False,False
28障209,14.974973490916904,0,75,0.1686226898691488,False,False,False
26障109,14.973758145906503,0,65,-0.1686226898691488,False,False,False
2019障160,14.972288438904096,0,93,0.7756643733980845,False,False,False
24障132,14.968880087453071,0,80,0.3372453797382976,False,False,False
22障101,14.968490793942893,0,68,-0.06744907594765952,False,False,False
20障96,14.96846353991429,0,42,-0.9442870632672333,False,False,False
20障98,14.96846353991429,0,62,-0.26979630379063807,False,False,False
29障149,14.96827388131843,0,50,-0.6744907594765952,False,False,False
2019障198,14.967016391417697,0,85,0.5058680696074465,False,False,False
27障350,14.966310744697294,0,116,1.551328746796169,False,False,False
27障349,14.966310744697294,0,68,-0.06744907594765952,False,False,False
20障218,14.965685953666087,0,136,2.225819506272764,False,False,False
28障200,14.963693898608673,0,119,1.6525023607176583,False,False,False
2021障161,14.962209750797335,0,89,0.6407662215027655,False,False,False
2021障166,14.962209750797335,0,96,0.8768379873195737,False,False,False
2021障164,14.962209750797335,0,97,0.9105625252934035,False,False,False
2021障157,14.959725131736871,0,41,-0.9780116012410631,False,False,False
28障248,14.95956026350436,0,54,-0.5395926075812761,False,False,False
28障246,14.95956026350436,0,56,-0.47214353163361666,False,False,False
29障97,14.954815432879402,0,46,-0.8093889113719143,False,False,False
24障213,14.95450792494373,0,65,-0.1686226898691488,False,False,False
28障172,14.94995402568421,0,81,0.3709699177121274,False,False,False
18障416,14.948496272712418,0,76,0.20234722784297857,False,False,False
28障156,14.948128061916199,0,53,-0.5733171455551059,False,False,False
17障358,14.94791942172587,0,54,-0.5395926075812761,False,False,False
2019障126,14.947748738489068,0,55,-0.5058680696074465,False,False,False
2020障260,14.946755991258371,0,79,0.30352084176446786,False,False,False
17障273,14.946461647770613,0,58,-0.40469445568595713,False,False,False
20障205,14.945007351348911,0,74,0.13489815189531904,False,False,False
21障131,14.94472847816868,0,78,0.26979630379063807,False,False,False
20障240,14.943418713000613,0,48,-0.7419398354242548,False,False,False
24障369,14.943289815847962,0,91,0.708215297450425,False,False,False
26障145,14.941010730560064,0,78,0.26979630379063807,False,False,False
25障204,14.938547389952367,0,66,-0.13489815189531904,False,False,False
2022障102,14.93829337726671,0,117,1.5850532847699987,False,False,False
30障239,14.937042268593496,0,84,0.47214353163361666,False,False,False
30障237,14.937042268593496,0,154,2.8328611898017,False,False,False
30障238,14.937042268593496,0,114,1.4838796708485096,False,False,False
23障195,14.935919267546097,0,53,-0.5733171455551059,False,False,False
29障272,14.934113597843195,0,66,-0.13489815189531904,False,False,False
23障63,14.932570410972478,0,45,-0.8431134493457441,False,False,False
21障272,14.928160278236787,0,88,0.6070416835289357,False,False,False
2023障185,14.925663961377065,0,108,1.281532443005531,False,False,False
2023障186,14.925663961377065,0,99,0.9780116012410631,False,False,False
2023障188,14.925663961377065,0,89,0.6407662215027655,False,False,False
20障266,14.923849926735665,0,58,-0.40469445568595713,False,False,False
20障267,14.923849926735665,0,86,0.5395926075812761,False,False,False
19障130,14.92360277435756,0,88,0.6070416835289357,False,False,False
26障132,14.923418647016724,0,37,-1.112909753136382,False,False,False
26障135,14.923418647016724,0,72,0.06744907594765952,False,False,False
29障175,14.922681396255035,0,65,-0.1686226898691488,False,False,False
22障403,14.922558660987178,0,31,-1.3152569809793606,False,False,False
21障73,14.921828741902123,0,45,-0.8431134493457441,False,False,False
2022障206,14.921725177334817,0,104,1.1466342911102119,False,False,False
27障98,14.92136521184556,0,68,-0.06744907594765952,False,False,False
22障275,14.919558074654121,0,90,0.6744907594765952,False,False,False
22障274,14.919558074654121,0,53,-0.5733171455551059,False,False,False
2020障162,14.918813986718876,0,73,0.10117361392148928,False,False,False
2020障163,14.918813986718876,0,79,0.30352084176446786,False,False,False
24障158,14.918540588563292,0,91,0.708215297450425,False,False,False
24障239,14.917385616043942,0,45,-0.8431134493457441,False,False,False
21障172,14.91198106282224,0,122,1.7536759746391475,False,False,False
21障173,14.91198106282224,0,92,0.7419398354242548,False,False,False
20障176,14.907670711321119,0,55,-0.5058680696074465,False,False,False
26障269,14.906850447084832,0,57,-0.43841899365978687,False,False,False
2019障199,14.906682639281177,0,102,1.0791852151625523,False,False,False
24障235,14.906106023735711,0,86,0.5395926075812761,False,False,False
2023障130,14.906084241587706,0,22,-1.6187778227438285,False,False,False
25障75,14.90552783400422,0,30,-1.3489815189531904,False,False,False
28障105,14.9039998000867,0,118,1.6187778227438285,False,False,False
22障183,14.903378859239576,0,104,1.1466342911102119,False,False,False
25障140,14.901980320033488,0,121,1.719951436665318,False,False,False
25障138,14.901980320033488,0,52,-0.6070416835289357,False,False,False
25障139,14.901980320033488,0,35,-1.1803588290840417,False,False,False
25障141,14.901980320033488,0,68,-0.06744907594765952,False,False,False
24障289,14.901972388631398,0,48,-0.7419398354242548,False,False,False
28障231,14.89731309208953,0,159,3.001483879670849,False,False,False
21障364,14.894691780714808,0,76,0.20234722784297857,False,False,False
21障363,14.894691780714808,0,69,-0.03372453797382976,False,False,False
30障179,14.893687036641454,0,38,-1.0791852151625523,False,False,False
2020障179,14.892881661299686,0,76,0.20234722784297857,False,False,False
20障372,14.890381429213685,0,40,-1.011736139214893,False,False,False
20障373,14.890381429213685,0,39,-1.0454606771887227,False,False,False
20障272,14.888923655258429,0,33,-1.2478079050317012,False,False,False
20障271,14.888923655258429,0,51,-0.6407662215027655,False,False,False
27障170,14.885749090890432,0,121,1.719951436665318,False,False,False
22障279,14.88463180317689,0,48,-0.7419398354242548,False,False,False
22障278,14.88463180317689,0,130,2.023472278429786,False,False,False
21障95,14.882110767219949,0,105,1.1803588290840417,False,False,False
29障165,14.874988262842784,0,60,-0.3372453797382976,False,False,False
21障299,14.871143459086987,0,43,-0.9105625252934035,False,False,False
29障254,14.871053800203294,0,34,-1.2140833670578715,False,False,False
27障137,14.87102571295578,0,66,-0.13489815189531904,False,False,False
2020障127,14.868341960884658,0,65,-0.1686226898691488,False,False,False
2020障129,14.868341960884658,0,59,-0.3709699177121274,False,False,False
2021障145,14.866294423035074,0,79,0.30352084176446786,False,False,False
2019障147,14.86552046347839,0,99,0.9780116012410631,False,False,False
2019障321,14.863153250627464,0,119,1.6525023607176583,False,False,False
25障220,14.860914220825594,0,96,0.8768379873195737,False,False,False
23障212,14.858286098419326,0,127,1.9222986645082965,False,False,False
19障312,14.85729730622639,0,27,-1.4501551328746798,False,False,False
2021障141,14.856380616681127,0,97,0.9105625252934035,False,False,False
18障151,14.855918862967448,0,74,0.13489815189531904,False,False,False
29障143,14.85569956746948,0,82,0.40469445568595713,False,False,False
28障174,14.854971795378603,0,133,2.1246458923512748,False,False,False
27障287,14.854457513023885,0,76,0.20234722784297857,False,False,False
2021障255,14.852886690918647,0,135,2.1920949682989344,False,False,False
17障274,14.851479417465006,0,64,-0.20234722784297857,False,False,False
21障132,14.849746247863072,0,57,-0.43841899365978687,False,False,False
2021障60,14.848923276396478,0,86,0.5395926075812761,False,False,False
2021障50,14.848923276396478,0,81,0.3709699177121274,False,False,False
21障240,14.848703020611838,0,99,0.9780116012410631,False,False,False
2023障38,14.848300417453887,0,139,2.3269931201942535,False,False,False
27障203,14.844851275203736,0,93,0.7756643733980845,False,False,False
30障140,14.843215010807237,0,74,0.13489815189531904,False,False,False
18障304,14.839350663035555,0,110,1.3489815189531904,False,False,False
2021障61,14.83912680419217,0,59,-0.3709699177121274,False,False,False
25障39,14.837731684012674,0,46,-0.8093889113719143,False,False,False
20障369,14.834634158000396,0,24,-1.551328746796169,False,False,False
27障383,14.832374941726576,0,73,0.10117361392148928,False,False,False
2023障187,14.830681731071458,0,117,1.5850532847699987,False,False,False
2021障148,14.830448291261938,0,163,3.1363820315661677,False,False,False
22障361,14.830342305918856,0,78,0.26979630379063807,False,False,False
26障138,14.828436416711117,0,71,0.03372453797382976,False,False,False
26障139,14.828436416711117,0,83,0.43841899365978687,False,False,False
26障137,14.828436416711117,0,51,-0.6407662215027655,False,False,False
26障140,14.828436416711117,0,36,-1.1466342911102119,False,False,False
2020障225,14.827275861676766,0,84,0.47214353163361666,False,False,False
24障94,14.827105872228417,0,84,0.47214353163361666,False,False,False
22障252,14.826771881771066,0,78,0.26979630379063807,False,False,False
27障188,14.82651550848439,0,97,0.9105625252934035,False,False,False
23障259,14.825538683072887,0,54,-0.5395926075812761,False,False,False
2022障172,14.824549890879952,0,137,2.259544044246594,False,False,False
2019障326,14.820195220670143,0,22,-1.6187778227438285,False,False,False
25障113,14.817395664090057,0,77,0.23607176581680833,False,False,False
28障52,14.816897597109833,0,66,-0.13489815189531904,False,False,False
18障315,14.815285230234476,0,55,-0.5058680696074465,False,False,False
2019障297,14.814704571680185,0,144,2.4956158100634025,False,False,False
20障177,14.812688481015511,0,89,0.6407662215027655,False,False,False
27障208,14.81201081903061,0,22,-1.6187778227438285,False,False,False
22障81,14.811366789504804,0,114,1.4838796708485096,False,False,False
21障285,14.8091126151301,0,84,0.47214353163361666,False,False,False
2021障51,14.806959077297446,0,162,3.102657493592338,False,False,False
20障289,14.804802263628979,0,61,-0.30352084176446786,False,False,False
2019障58,14.801173841393732,0,66,-0.13489815189531904,False,False,False
2023障42,14.797121284833684,0,120,1.6862268986914881,False,False,False
2023障45,14.797121284833684,0,95,0.8431134493457441,False,False,False
17障248,14.794219229597628,0,137,2.259544044246594,False,False,False
17障249,14.794219229597628,0,46,-0.8093889113719143,False,False,False
20障273,14.793941424952822,0,38,-1.0791852151625523,False,False,False
20障274,14.793941424952822,0,22,-1.6187778227438285,False,False,False
20障275,14.793941424952822,0,56,-0.47214353163361666,False,False,False
17障242,14.793619496059186,0,87,0.5733171455551059,False,False,False
25障193,14.79347962120692,0,111,1.3827060569270202,False,False,False
2022障39,14.790599895667127,0,166,3.237555645487657,False,False,False
2022障213,14.78962361940272,0,126,1.8885741265344667,False,False,False
23障174,14.788366879740186,0,48,-0.7419398354242548,False,False,False
19障260,14.787378087547252,0,70,0.0,False,False,False
26障156,14.783991345124118,0,72,0.06744907594765952,False,False,False
21障392,14.783608476763929,0,54,-0.5395926075812761,False,False,False
21障310,14.782838549041399,0,64,-0.20234722784297857,False,False,False
19障156,14.778883275852676,0,34,-1.2140833670578715,False,False,False
22障271,14.778369980563049,0,64,-0.20234722784297857,False,False,False
27障144,14.776043482650172,0,67,-0.10117361392148928,False,False,False
22障310,14.774236345458736,0,104,1.1466342911102119,False,False,False
22障311,14.774236345458736,0,32,-1.281532443005531,False,False,False
29障339,14.771104079607877,0,35,-1.1803588290840417,False,False,False
29障81,14.76486458467305,0,51,-0.6407662215027655,False,False,False
19障275,14.764511113343335,0,84,0.47214353163361666,False,False,False
19障274,14.764511113343335,0,141,2.394442196141913,False,False,False
18障280,14.763937218994895,0,27,-1.4501551328746798,False,False,False
18障282,14.763937218994895,0,44,-0.8768379873195737,False,False,False
27障289,14.762595842320442,0,166,3.237555645487657,False,False,False
21障322,14.761460569162308,0,61,-0.30352084176446786,False,False,False
2021障142,14.76139838637552,0,102,1.0791852151625523,False,False,False
2019障238,14.76136091008579,0,44,-0.8768379873195737,False,False,False
2019障236,14.76136091008579,0,66,-0.13489815189531904,False,False,False
23障191,14.761180799426125,0,96,0.8768379873195737,False,False,False
18障152,14.76093663266184,0,89,0.6407662215027655,False,False,False
17障173,14.757652159678749,0,35,-1.1803588290840417,False,False,False
29障348,14.757042270672029,0,97,0.9105625252934035,False,False,False
25障326,14.756789932882297,0,77,0.23607176581680833,False,False,False
26障226,14.752721839334137,0,56,-0.47214353163361666,False,False,False
23障335,14.748931705604377,0,44,-0.8768379873195737,False,False,False
29障201,14.747198868642913,0,90,0.6744907594765952,False,False,False
2022障91,14.746135860506238,0,86,0.5395926075812761,False,False,False
2022障92,14.746135860506238,0,106,1.2140833670578715,False,False,False
28障201,14.745097903617145,0,52,-0.6070416835289357,False,False,False
28障202,14.745097903617145,0,89,0.6407662215027655,False,False,False
30障360,14.744557714009783,0,26,-1.4838796708485096,False,False,False
26障74,14.737001700376243,0,62,-0.26979630379063807,False,False,False
27障235,14.73497738344228,0,109,1.3152569809793606,False,False,False
27障236,14.73497738344228,0,48,-0.7419398354242548,False,False,False
30障194,14.732229692920205,0,94,0.8093889113719143,False,False,False
17障232,14.731477721926705,0,120,1.6862268986914881,False,False,False
19障190,14.728543776962898,0,76,0.20234722784297857,False,False,False
18障193,14.728189217315402,0,41,-0.9780116012410631,False,False,False
19障316,14.727388804443548,0,90,0.6744907594765952,False,False,False
19障317,14.727388804443548,0,25,-1.5176042088223394,False,False,False
22障55,14.726555909369816,0,95,0.8431134493457441,False,False,False
22障56,14.726555909369816,0,71,0.03372453797382976,False,False,False
2021障133,14.723680315836232,0,74,0.13489815189531904,False,False,False
25障152,14.722576758567945,0,53,-0.5733171455551059,False,False,False
18障73,14.721819207141836,0,54,-0.5395926075812761,False,False,False
29障226,14.719651237955981,0,58,-0.40469445568595713,False,False,False
29障224,14.719651237955981,0,70,0.0,False,False,False
29障225,14.719651237955981,0,62,-0.26979630379063807,False,False,False
2019障182,14.719513949630954,0,47,-0.7756643733980845,False,False,False
29障203,14.717528169268387,0,37,-1.112909753136382,False,False,False
2019障72,14.716165093057334,0,56,-0.47214353163361666,False,False,False
2021障63,14.715612112928953,0,115,1.5176042088223394,False,False,False
25障245,14.715592491630208,0,85,0.5058680696074465,False,False,False
25障247,14.715592491630208,0,79,0.30352084176446786,False,False,False
2021障76,14.71507360805048,0,61,-0.30352084176446786,False,False,False
23障252,14.71296436922394,0,34,-1.2140833670578715,False,False,False
24障198,14.712573040370653,0,22,-1.6187778227438285,False,False,False
19障347,14.711975577031005,0,50,-0.6744907594765952,False,False,False
27障41,14.711794846629358,0,22,-1.6187778227438285,False,False,False
23障43,14.711737634194744,0,46,-0.8093889113719143,False,False,False
18障186,14.71059713377206,0,54,-0.5395926075812761,False,False,False
18障306,14.709442161252712,0,48,-0.7419398354242548,False,False,False
21障128,14.708558153771998,0,46,-0.8093889113719143,False,False,False
21障92,14.707972032638418,0,60,-0.3372453797382976,False,False,False
2019障161,14.707486580127103,0,85,0.5058680696074465,False,False,False
30障228,14.707166681293737,0,114,1.4838796708485096,False,False,False
30障227,14.707166681293737,0,39,-1.0454606771887227,False,False,False
2022障216,14.704555195451059,0,85,0.5058680696074465,False,False,False
20障94,14.703661681137296,0,69,-0.03372453797382976,False,False,False
2019障330,14.702945749699062,0,92,0.7419398354242548,False,False,False
19障265,14.702369339210854,0,54,-0.5395926075812761,False,False,False
28障139,14.701742671665103,0,87,0.5733171455551059,False,False,False
29障355,14.700959969336495,0,96,0.8768379873195737,False,False,False
2023障33,14.700675033908015,0,114,1.4838796708485096,False,False,False
22障180,14.695822315085021,0,44,-0.8768379873195737,False,False,False
28障157,14.695348861145478,0,89,0.6407662215027655,False,False,False
18障349,14.694028933840167,0,54,-0.5395926075812761,False,False,False
17障62,14.693403523657935,0,67,-0.10117361392148928,False,False,False
23障180,14.693384649434579,0,78,0.26979630379063807,False,False,False
2020障43,14.693234602831712,0,97,0.9105625252934035,False,False,False
26障229,14.692388087197616,0,72,0.06744907594765952,False,False,False
26障228,14.692388087197616,0,51,-0.6407662215027655,False,False,False
26障230,14.692388087197616,0,76,0.20234722784297857,False,False,False
24障370,14.69051061507724,0,58,-0.40469445568595713,False,False,False
24障367,14.69051061507724,0,79,0.30352084176446786,False,False,False
25障169,14.687650487090712,0,50,-0.6744907594765952,False,False,False
2020障249,14.681954132481378,0,78,0.26979630379063807,False,False,False
26障48,14.681861519615781,0,106,1.2140833670578715,False,False,False
26障355,14.678015924688276,0,33,-1.2478079050317012,False,False,False
20障229,14.673939729414519,0,37,-1.112909753136382,False,False,False
2019障197,14.670512314884496,0,122,1.7536759746391475,False,False,False
22障243,14.669647877332977,0,51,-0.6407662215027655,False,False,False
29障263,14.669311739066202,0,49,-0.708215297450425,False,False,False
29障261,14.669311739066202,0,159,3.001483879670849,False,False,False
29障262,14.669311739066202,0,112,1.41643059490085,False,False,False
2021障48,14.669130165955883,0,59,-0.3709699177121274,False,False,False
29障45,14.668085004037007,0,64,-0.20234722784297857,False,False,False
2023障119,14.668042178215936,0,94,0.8093889113719143,False,False,False
2023障108,14.667846369537811,0,94,0.8093889113719143,False,False,False
28障159,14.666816400187871,0,45,-0.8431134493457441,False,False,False
27障194,14.66505816476314,0,22,-1.6187778227438285,False,False,False
2020障172,14.663925934295829,0,79,0.30352084176446786,False,False,False
2020障173,14.663925934295829,0,94,0.8093889113719143,False,False,False
19障338,14.663436496592835,0,31,-1.3152569809793606,False,False,False
21障270,14.663358419459792,0,64,-0.20234722784297857,False,False,False
21障271,14.663358419459792,0,56,-0.47214353163361666,False,False,False
28障328,14.660162006609923,0,91,0.708215297450425,False,False,False
2020障266,14.659871561184069,0,77,0.23607176581680833,False,False,False
2019障164,14.659454929221903,0,48,-0.7419398354242548,False,False,False
20障264,14.65904806795867,0,56,-0.47214353163361666,False,False,False
2022障203,14.656923318557824,0,81,0.3709699177121274,False,False,False
2022障208,14.656923318557824,0,68,-0.06744907594765952,False,False,False
30障260,14.656827182403957,0,49,-0.708215297450425,False,False,False
30障258,14.656827182403957,0,59,-0.3709699177121274,False,False,False
2020障170,14.654012127941881,0,118,1.6187778227438285,False,False,False
19障307,14.65282919958592,0,39,-1.0454606771887227,False,False,False
29障192,14.649732019276842,0,89,0.6407662215027655,False,False,False
29障193,14.649732019276842,0,107,1.2478079050317012,False,False,False
28障69,14.649562587698911,0,39,-1.0454606771887227,False,False,False
17障234,14.649151460852181,0,109,1.3152569809793606,False,False,False
17障239,14.649151460852181,0,79,0.30352084176446786,False,False,False
26障150,14.649032855245574,0,54,-0.5395926075812761,False,False,False
18障106,14.648833116811712,0,46,-0.8093889113719143,False,False,False
28障181,14.64859233816239,0,45,-0.8431134493457441,False,False,False
2020障56,14.646554787657232,0,120,1.6862268986914881,False,False,False
18障65,14.646348497751248,0,46,-0.8093889113719143,False,False,False
26障260,14.642048588307839,0,32,-1.281532443005531,False,False,False
26障258,14.642048588307839,0,53,-0.5733171455551059,False,False,False
26障261,14.642048588307839,0,52,-0.6070416835289357,False,False,False
26障257,14.642048588307839,0,51,-0.6407662215027655,False,False,False
28障154,14.640655715264963,0,70,0.0,False,False,False
2020障211,14.640107172026545,0,86,0.5395926075812761,False,False,False
30障183,14.638798984218408,0,121,1.719951436665318,False,False,False
2019障153,14.638436675240685,0,71,0.03372453797382976,False,False,False
24障279,14.637170529854405,0,37,-1.112909753136382,False,False,False
24障280,14.637170529854405,0,64,-0.20234722784297857,False,False,False
24障282,14.637170529854405,0,74,0.13489815189531904,False,False,False
24障283,14.637170529854405,0,140,2.3607176581680833,False,False,False
28障352,14.636343244340638,0,72,0.06744907594765952,False,False,False
23障70,14.635600825300761,0,136,2.225819506272764,False,False,False
29障67,14.633912394242056,0,54,-0.5395926075812761,False,False,False
19障191,14.63356154665729,0,50,-0.6744907594765952,False,False,False
2019障70,14.632818233542409,0,73,0.10117361392148928,False,False,False
2019障71,14.632818233542409,0,72,0.06744907594765952,False,False,False
21障312,14.630611004113353,0,55,-0.5058680696074465,False,False,False
30障171,14.62888517786446,0,54,-0.5395926075812761,False,False,False
30障172,14.62888517786446,0,107,1.2478079050317012,False,False,False
21障331,14.627892674466684,0,93,0.7756643733980845,False,False,False
2023障247,14.626265704482629,0,83,0.43841899365978687,False,False,False
2023障248,14.626265704482629,0,104,1.1466342911102119,False,False,False
27障392,14.62562299062733,0,122,1.7536759746391475,False,False,False
30障348,14.622230784286513,0,47,-0.7756643733980845,False,False,False
26障7,14.621945214448164,0,51,-0.6407662215027655,False,False,False
17障267,14.621603830165247,0,136,2.225819506272764,False,False,False
23障257,14.61798213891833,0,85,0.5058680696074465,False,False,False
2023障27,14.617328174393089,0,82,0.40469445568595713,False,False,False
18障190,14.615614903466453,0,75,0.1686226898691488,False,False,False
26障167,14.614106583768342,0,44,-0.8768379873195737,False,False,False
29障136,14.613078980347225,0,103,1.112909753136382,False,False,False
21障97,14.61298980233281,0,75,0.1686226898691488,False,False,False
30障61,14.611631365375501,0,71,0.03372453797382976,False,False,False
17障63,14.61107726258341,0,109,1.3152569809793606,False,False,False
23障181,14.611058388360055,0,92,0.7419398354242548,False,False,False
23障183,14.611058388360055,0,87,0.5733171455551059,False,False,False
30障208,14.610061382300536,0,56,-0.47214353163361666,False,False,False
20障107,14.609279184370132,0,78,0.26979630379063807,False,False,False
30障193,14.608863765508541,0,106,1.2140833670578715,False,False,False
2023障34,14.605692803602407,0,68,-0.06744907594765952,False,False,False
2022障164,14.60488936943461,0,94,0.8093889113719143,False,False,False
2020障62,14.6045905885582,0,80,0.3372453797382976,False,False,False
2020障59,14.6045905885582,0,116,1.551328746796169,False,False,False
30障188,14.602952852445272,0,93,0.7756643733980845,False,False,False
25障172,14.602582063139051,0,75,0.1686226898691488,False,False,False
25障173,14.602582063139051,0,127,1.9222986645082965,False,False,False
25障174,14.602582063139051,0,67,-0.10117361392148928,False,False,False
28障243,14.59977617442176,0,43,-0.9105625252934035,False,False,False
23障168,14.599035730353782,0,55,-0.5058680696074465,False,False,False
19障394,14.595615366846305,0,47,-0.7756643733980845,False,False,False
24障218,14.595323569399572,0,156,2.9003102657493596,False,False,False
27障72,14.594545375658276,0,55,-0.5058680696074465,False,False,False
28障170,14.592852423863482,0,58,-0.40469445568595713,False,False,False
29障71,14.591948195143024,0,126,1.8885741265344667,False,False,False
20障232,14.591613468339995,0,58,-0.40469445568595713,False,False,False
2023障254,14.590419572709493,0,117,1.5850532847699987,False,False,False
23障157,14.590040134378834,0,58,-0.40469445568595713,False,False,False
27障276,14.589655654246892,0,81,0.3709699177121274,False,False,False
18障266,14.589440465714409,0,123,1.7874005126129773,False,False,False
26障185,14.588174258349152,0,37,-1.112909753136382,False,False,False
22障248,14.587321616258453,0,63,-0.23607176581680833,False,False,False
25障68,14.587049815086827,0,65,-0.1686226898691488,False,False,False
2020障248,14.58697190217577,0,99,0.9780116012410631,False,False,False
2020障255,14.58697190217577,0,48,-0.7419398354242548,False,False,False
2020障262,14.58697190217577,0,64,-0.20234722784297857,False,False,False
30障352,14.586384652513377,0,103,1.112909753136382,False,False,False
2021障271,14.584924364326188,0,60,-0.3372453797382976,False,False,False
2019障288,14.584150404769504,0,45,-0.8431134493457441,False,False,False
24障193,14.58329619989572,0,64,-0.20234722784297857,False,False,False
2020障184,14.580048151617495,0,46,-0.8093889113719143,False,False,False
25障200,14.578763300869767,0,74,0.13489815189531904,False,False,False
17障182,14.578248598213206,0,55,-0.5058680696074465,False,False,False
17障377,14.578074441511536,0,128,1.9560232024821262,False,False,False
2022障50,14.577881424820339,0,80,0.3372453797382976,False,False,False
2021障263,14.57501055797224,0,74,0.13489815189531904,False,False,False
18障302,14.57454880425856,0,90,0.6744907594765952,False,False,False
26障343,14.57160605841726,0,49,-0.708215297450425,False,False,False
21障401,14.571376775487241,0,120,1.6862268986914881,False,False,False
17障303,14.571264331275469,0,60,-0.3372453797382976,False,False,False
27障197,14.570075934457533,0,58,-0.40469445568595713,False,False,False
19障73,14.569312910636478,0,46,-0.8093889113719143,False,False,False
24障288,14.568873527695253,0,77,0.23607176581680833,False,False,False
25障175,14.566735931365915,0,66,-0.13489815189531904,False,False,False
28障81,14.566215728183986,0,112,1.41643059490085,False,False,False
20障265,14.564065837653063,0,89,0.6407662215027655,False,False,False
2022障204,14.561941088252217,0,97,0.9105625252934035,False,False,False
30障263,14.56184495209835,0,118,1.6187778227438285,False,False,False
27障182,14.561713649707395,0,71,0.03372453797382976,False,False,False
2022障194,14.559943840781086,0,69,-0.03372453797382976,False,False,False
22障250,14.558789155300845,0,37,-1.112909753136382,False,False,False
19障278,14.558670161005596,0,111,1.3827060569270202,False,False,False
28障179,14.557929213966926,0,87,0.5733171455551059,False,False,False
17障200,14.556396600905385,0,75,0.1686226898691488,False,False,False
27障57,14.554256309422746,0,72,0.06744907594765952,False,False,False
25障103,14.553770205598708,0,68,-0.06744907594765952,False,False,False
25障102,14.553770205598708,0,66,-0.13489815189531904,False,False,False
18障72,14.55136626744564,0,61,-0.30352084176446786,False,False,False
30障70,14.550258448244767,0,98,0.9442870632672333,False,False,False
18障440,14.549016929634009,0,58,-0.40469445568595713,False,False,False
26障264,14.54706635800223,0,66,-0.13489815189531904,False,False,False
26障268,14.54706635800223,0,102,1.0791852151625523,False,False,False
2019障43,14.546168454821048,0,53,-0.5733171455551059,False,False,False
2019障45,14.546168454821048,0,87,0.5733171455551059,False,False,False
28障164,14.545901844463074,0,31,-1.3152569809793606,False,False,False
30障184,14.5438167539128,0,68,-0.06744907594765952,False,False,False
17障208,14.543322326735973,0,54,-0.5395926075812761,False,False,False
24障284,14.542188299548798,0,43,-0.9105625252934035,False,False,False
24障287,14.542188299548798,0,61,-0.30352084176446786,False,False,False
29障68,14.540769062522822,0,98,0.9442870632672333,False,False,False
18障363,14.538932683303432,0,64,-0.20234722784297857,False,False,False
2019障239,14.53862312059496,0,123,1.7874005126129773,False,False,False
17障86,14.535864986451323,0,44,-0.8768379873195737,False,False,False
17障88,14.535864986451323,0,89,0.6407662215027655,False,False,False
2022障224,14.535668664436328,0,74,0.13489815189531904,False,False,False
24障202,14.53526454899052,0,32,-1.281532443005531,False,False,False
24障203,14.53526454899052,0,61,-0.30352084176446786,False,False,False
24障204,14.53526454899052,0,86,0.5395926075812761,False,False,False
28障152,14.534116099342976,0,76,0.20234722784297857,False,False,False
28障103,14.532936118695867,0,145,2.5293403480372323,False,False,False
29障206,14.53248254830576,0,58,-0.40469445568595713,False,False,False
2023障135,14.532011756261614,0,102,1.0791852151625523,False,False,False
26障182,14.52903815981668,0,39,-1.0454606771887227,False,False,False
25障191,14.528677762429927,0,68,-0.06744907594765952,False,False,False
30障67,14.528284505860576,0,64,-0.20234722784297857,False,False,False
17障80,14.526068514247013,0,69,-0.03372453797382976,False,False,False
19障271,14.525060847830723,0,79,0.30352084176446786,False,False,False
21障179,14.525020957202143,0,110,1.3489815189531904,False,False,False
21障266,14.52217032536872,0,53,-0.5733171455551059,False,False,False
2023障241,14.521369667823075,0,76,0.20234722784297857,False,False,False
20障180,14.520710605701021,0,82,0.40469445568595713,False,False,False
2020障85,14.520131846449878,0,101,1.0454606771887227,False,False,False
27障373,14.519213124356313,0,80,0.3372453797382976,False,False,False
27障374,14.519213124356313,0,57,-0.43841899365978687,False,False,False
26障170,14.519124353462734,0,56,-0.47214353163361666,False,False,False
21障300,14.518036690264406,0,65,-0.1686226898691488,False,False,False
2021障158,14.517614781579747,0,93,0.7756643733980845,False,False,False
20障304,14.513726338763284,0,56,-0.47214353163361666,False,False,False
27障60,14.512292110323713,0,55,-0.5058680696074465,False,False,False
22障301,14.509434486681743,0,67,-0.10117361392148928,False,False,False
22障303,14.509434486681743,0,74,0.13489815189531904,False,False,False
24障86,14.508627853311024,0,52,-0.6070416835289357,False,False,False
18障270,14.507114204639885,0,42,-0.9442870632672333,False,False,False
24障363,14.506673691052354,0,102,1.0791852151625523,False,False,False
2019障131,14.506457456571328,0,89,0.6407662215027655,False,False,False
2019障64,14.504204255722016,0,60,-0.3372453797382976,False,False,False
2019障65,14.504204255722016,0,62,-0.26979630379063807,False,False,False
2019障134,14.503543318246534,0,72,0.06744907594765952,False,False,False
17障379,14.50082180138489,0,133,2.1246458923512748,False,False,False
25障42,14.500400036365466,0,50,-0.6744907594765952,False,False,False
21障215,14.500008492078855,0,35,-1.1803588290840417,False,False,False
23障53,14.497771913959198,0,55,-0.5058680696074465,False,False,False
2023障191,14.497582870135313,0,92,0.7419398354242548,False,False,False
19障313,14.497513217143789,0,39,-1.0454606771887227,False,False,False
23障333,14.497458782085493,0,67,-0.10117361392148928,False,False,False
24障80,14.496992482520342,0,116,1.551328746796169,False,False,False
24障79,14.496992482520342,0,47,-0.7756643733980845,False,False,False
30障167,14.496184877019566,0,28,-1.41643059490085,False,False,False
2020障198,14.495039403281098,0,84,0.47214353163361666,False,False,False
30障108,14.495004896372457,0,48,-0.7419398354242548,False,False,False
30障107,14.495004896372457,0,81,0.3709699177121274,False,False,False
30障106,14.495004896372457,0,59,-0.3709699177121274,False,False,False
27障278,14.494673423941284,0,62,-0.26979630379063807,False,False,False
27障280,14.494673423941284,0,37,-1.112909753136382,False,False,False
27障281,14.494673423941284,0,96,0.8768379873195737,False,False,False
26障186,14.493192028043545,0,86,0.5395926075812761,False,False,False
2021障256,14.493102601836044,0,143,2.4618912720895727,False,False,False
2021障160,14.490670416105171,0,74,0.13489815189531904,False,False,False
23障38,14.48797544175489,0,65,-0.1686226898691488,False,False,False
27障199,14.487749673383009,0,45,-0.8431134493457441,False,False,False
19障79,14.486986649561954,0,107,1.2478079050317012,False,False,False
19障77,14.486986649561954,0,37,-1.112909753136382,False,False,False
20障202,14.485784334223785,0,29,-1.3827060569270202,False,False,False
20障203,14.485784334223785,0,53,-0.5733171455551059,False,False,False
2023障236,14.483651597283787,0,72,0.06744907594765952,False,False,False
22障396,14.483260048929699,0,24,-1.551328746796169,False,False,False
19障441,14.48314105463445,0,36,-1.1466342911102119,False,False,False
21障82,14.48263734544026,0,148,2.6305139619587212,False,False,False
21障81,14.48263734544026,0,132,2.0909213543774454,False,False,False
2022障95,14.481529810407372,0,98,0.9442870632672333,False,False,False
26障164,14.481406282923446,0,116,1.551328746796169,False,False,False
26障107,14.480226302276337,0,37,-1.112909753136382,False,False,False
26障108,14.480226302276337,0,46,-0.8093889113719143,False,False,False
18障303,14.479566573952953,0,48,-0.7419398354242548,False,False,False
28障57,14.479565949462625,0,62,-0.26979630379063807,False,False,False
2019障170,14.4794639505799,0,64,-0.20234722784297857,False,False,False
20障385,14.47912994064584,0,38,-1.0791852151625523,False,False,False
20障81,14.478326993939138,0,46,-0.8093889113719143,False,False,False
17障306,14.476282100969861,0,38,-1.0791852151625523,False,False,False
24障131,14.475348243822905,0,61,-0.30352084176446786,False,False,False
22障88,14.474035141857597,0,47,-0.7756643733980845,False,False,False
18障75,14.469040006371115,0,44,-0.8768379873195737,False,False,False
2021障121,14.468305773419047,0,124,1.821125050586807,False,False,False
24障105,14.467921516684259,0,57,-0.43841899365978687,False,False,False
2020障55,14.466761677216637,0,91,0.708215297450425,False,False,False
27障186,14.466731419401787,0,72,0.06744907594765952,False,False,False
2021障284,14.466123371751296,0,70,0.0,False,False,False
2019障286,14.465123121006817,0,111,1.3827060569270202,False,False,False
2023障128,14.463973891430582,0,87,0.5733171455551059,False,False,False
17障202,14.461414370599778,0,62,-0.26979630379063807,False,False,False
27障58,14.461112977703511,0,78,0.26979630379063807,False,False,False
27障59,14.461112977703511,0,128,1.9560232024821262,False,False,False
29障191,14.460400869890437,0,69,-0.03372453797382976,False,False,False
20障209,14.459852008804598,0,47,-0.7756643733980845,False,False,False
21障403,14.459621529877678,0,86,0.5395926075812761,False,False,False
21障404,14.459621529877678,0,57,-0.43841899365978687,False,False,False
25障166,14.457970708469079,0,27,-1.4501551328746798,False,False,False
25障167,14.457970708469079,0,46,-0.8093889113719143,False,False,False
2021障97,14.45769847641213,0,80,0.3372453797382976,False,False,False
23障152,14.455342586062809,0,39,-1.0454606771887227,False,False,False
23障153,14.455342586062809,0,28,-1.41643059490085,False,False,False
22障210,14.455331797219337,0,113,1.4501551328746798,False,False,False
23障134,14.455146777384682,0,79,0.30352084176446786,False,False,False
23障135,14.455146777384682,0,42,-0.9442870632672333,False,False,False
20障401,14.454711444838113,0,49,-0.708215297450425,False,False,False
18障441,14.454034699328401,0,72,0.06744907594765952,False,False,False
19障424,14.453983828490077,0,59,-0.3709699177121274,False,False,False
27障216,14.452826463486451,0,84,0.47214353163361666,False,False,False
27障217,14.452826463486451,0,108,1.281532443005531,False,False,False
2021障42,14.452596217836403,0,144,2.4956158100634025,False,False,False
2019障298,14.452048846837405,0,96,0.8768379873195737,False,False,False
24障207,14.450255800654125,0,86,0.5395926075812761,False,False,False
19障340,14.447173718254012,0,68,-0.06744907594765952,False,False,False
19障341,14.447173718254012,0,72,0.06744907594765952,False,False,False
19障342,14.447173718254012,0,41,-0.9780116012410631,False,False,False
18障350,14.446819158606514,0,46,-0.8093889113719143,False,False,False
28障77,14.44282511178374,0,102,1.0791852151625523,False,False,False
17障92,14.442721654732088,0,114,1.4838796708485096,False,False,False
2021障180,14.441130276480237,0,69,-0.03372453797382976,False,False,False
2022障114,14.440481618758657,0,111,1.3827060569270202,False,False,False
28障65,14.437601750363593,0,68,-0.06744907594765952,False,False,False
28障150,14.437136621566237,0,112,1.41643059490085,False,False,False
20障91,14.436362794840106,0,87,0.5733171455551059,False,False,False
18障194,14.436211342000911,0,101,1.0454606771887227,False,False,False
26障352,14.4360810401152,0,63,-0.23607176581680833,False,False,False
18障128,14.434116796474559,0,74,0.13489815189531904,False,False,False
23障186,14.43106740971805,0,58,-0.40469445568595713,False,False,False
23障188,14.43106740971805,0,66,-0.13489815189531904,False,False,False
18障340,14.429227075063174,0,50,-0.6744907594765952,False,False,False
2020障135,14.42705067896692,0,76,0.20234722784297857,False,False,False
25障280,14.4263843929216,0,54,-0.5395926075812761,False,False,False
2019障309,14.426116521418217,0,44,-0.8768379873195737,False,False,False
2020障139,14.424332349320249,0,67,-0.10117361392148928,False,False,False
2020障140,14.424332349320249,0,75,0.1686226898691488,False,False,False
2020障153,14.424332349320249,0,84,0.47214353163361666,False,False,False
2019障227,14.423758092657927,0,161,3.068932955618508,False,False,False
21障309,14.423054459958799,0,56,-0.47214353163361666,False,False,False
20障259,14.422877743561989,0,23,-1.5850532847699987,False,False,False
18障333,14.422228020537998,0,93,0.7756643733980845,False,False,False
24障65,14.421978074589664,0,168,3.3050047214353167,False,False,False
28障252,14.420372612956216,0,48,-0.7419398354242548,False,False,False
28障253,14.420372612956216,0,121,1.719951436665318,False,False,False
19障226,14.419231713714515,0,41,-0.9780116012410631,False,False,False
20障308,14.418744108457675,0,48,-0.7419398354242548,False,False,False
25障314,14.416194234735771,0,88,0.6070416835289357,False,False,False
21障232,14.416130709400521,0,41,-0.9780116012410631,False,False,False
22障217,14.415042712794245,0,61,-0.30352084176446786,False,False,False
22障308,14.414452256376135,0,79,0.30352084176446786,False,False,False
22障306,14.414452256376135,0,31,-1.3152569809793606,False,False,False
22障307,14.414452256376135,0,64,-0.20234722784297857,False,False,False
29障150,14.414408285551742,0,87,0.5733171455551059,False,False,False
29障170,14.413687203376202,0,53,-0.5733171455551059,False,False,False
23障319,14.413566112329503,0,30,-1.3489815189531904,False,False,False
2021障268,14.413188411168239,0,43,-0.9105625252934035,False,False,False
24障48,14.412181602385354,0,68,-0.06744907594765952,False,False,False
29障164,14.411689955905072,0,57,-0.43841899365978687,False,False,False
21障94,14.411467956105216,0,96,0.8768379873195737,False,False,False
17障134,14.409442045243969,0,42,-0.9442870632672333,False,False,False
29障40,14.408389699370584,0,79,0.30352084176446786,False,False,False
29障41,14.408389699370584,0,39,-1.0454606771887227,False,False,False
30障65,14.40489388946033,0,123,1.7874005126129773,False,False,False
2023障70,14.404057586262965,0,146,2.563064886011062,False,False,False
30障41,14.403305793977298,0,58,-0.40469445568595713,False,False,False
2023障116,14.403240319438943,0,75,0.1686226898691488,False,False,False
17障103,14.402015318105322,0,70,0.0,False,False,False
2020障186,14.40005717297549,0,87,0.5733171455551059,False,False,False
2020障194,14.40005717297549,0,75,0.1686226898691488,False,False,False
30障57,14.399670528040183,0,91,0.708215297450425,False,False,False
30障166,14.399205399242827,0,47,-0.7756643733980845,False,False,False
30障149,14.3990095905647,0,70,0.0,False,False,False
28障300,14.398520615648396,0,91,0.708215297450425,False,False,False
28障321,14.39536014783293,0,49,-0.708215297450425,False,False,False
28障322,14.39536014783293,0,87,0.5733171455551059,False,False,False
2019障167,14.394653070444912,0,72,0.06744907594765952,False,False,False
2019障166,14.394653070444912,0,58,-0.40469445568595713,False,False,False
26障212,14.394360675515264,0,70,0.0,False,False,False
18障111,14.393827730239028,0,46,-0.8093889113719143,False,False,False
19障236,14.393299388295326,0,65,-0.1686226898691488,False,False,False
19障237,14.393299388295326,0,62,-0.26979630379063807,False,False,False
23障42,14.392993211449282,0,57,-0.43841899365978687,False,False,False
25障336,14.392375472466489,0,172,3.439902873330636,False,False,False
26障65,14.390115295364213,0,120,1.6862268986914881,False,False,False
23障338,14.389747350060219,0,37,-1.112909753136382,False,False,False
21障87,14.389494013721025,0,67,-0.10117361392148928,False,False,False
2023障194,14.389390449153717,0,92,0.7419398354242548,False,False,False
2023障237,14.38866936697818,0,92,0.7419398354242548,False,False,False
2023障201,14.386672119507049,0,97,0.9105625252934035,False,False,False
2023障209,14.386672119507049,0,95,0.8431134493457441,False,False,False
2023障215,14.386672119507049,0,105,1.1803588290840417,False,False,False
22障218,14.386510251836638,0,32,-1.281532443005531,False,False,False
20障84,14.385183662219903,0,67,-0.10117361392148928,False,False,False
20障85,14.385183662219903,0,40,-1.011736139214893,False,False,False
26障160,14.384426805146708,0,25,-1.5176042088223394,False,False,False
26障147,14.384230996468583,0,41,-0.9780116012410631,False,False,False
18障94,14.38403125803472,0,64,-0.20234722784297857,False,False,False
26障38,14.38112654861222,0,39,-1.0454606771887227,False,False,False
2020障352,14.381004353983132,0,77,0.23607176581680833,False,False,False
22障95,14.380891810138362,0,70,0.0,False,False,False
25障319,14.380348102962635,0,74,0.13489815189531904,False,False,False
24障72,14.380013875490631,0,78,0.26979630379063807,False,False,False
24障177,14.379548746693276,0,49,-0.708215297450425,False,False,False
24障180,14.379548746693276,0,49,-0.708215297450425,False,False,False
24障167,14.377719856876547,0,41,-0.9780116012410631,False,False,False
27障45,14.37446319898215,0,68,-0.06744907594765952,False,False,False
27障46,14.37446319898215,0,52,-0.6070416835289357,False,False,False
20障72,14.373548291429222,0,58,-0.40469445568595713,False,False,False
24障107,14.372939286378651,0,155,2.86658572777553,False,False,False
2020障196,14.371524712017882,0,100,1.011736139214893,False,False,False
2020障204,14.370986207139408,0,81,0.3709699177121274,False,False,False
21障219,14.369180130000112,0,55,-0.5058680696074465,False,False,False
21障220,14.369180130000112,0,41,-0.9780116012410631,False,False,False
29障350,14.368361960567954,0,121,1.719951436665318,False,False,False
2019障171,14.367708704970337,0,40,-1.011736139214893,False,False,False
2022障214,14.362999613821724,0,114,1.4838796708485096,False,False,False
25障151,14.362792669485346,0,28,-1.41643059490085,False,False,False
2020障52,14.361982974706718,0,61,-0.30352084176446786,False,False,False
2020障44,14.361982974706718,0,58,-0.40469445568595713,False,False,False
29障55,14.360975952082226,0,63,-0.23607176581680833,False,False,False
26障200,14.36015162880195,0,62,-0.26979630379063807,False,False,False
29障326,14.35999967581782,0,40,-1.011736139214893,False,False,False
28障329,14.359514016059794,0,59,-0.3709699177121274,False,False,False
30障345,14.35742892550952,0,67,-0.10117361392148928,False,False,False
21障200,14.357394384880013,0,55,-0.5058680696074465,False,False,False
21障129,14.356214404232905,0,73,0.10117361392148928,False,False,False
21障130,14.356214404232905,0,35,-1.1803588290840417,False,False,False
17障70,14.356071876010727,0,69,-0.03372453797382976,False,False,False
22障204,14.34879218129735,0,37,-1.112909753136382,False,False,False
21障105,14.34878767709426,0,53,-0.5733171455551059,False,False,False
30障52,14.34849139541998,0,46,-0.8093889113719143,False,False,False
2020障338,14.346709743813806,0,145,2.5293403480372323,False,False,False
23障171,14.34625652958306,0,83,0.43841899365978687,False,False,False
23障166,14.34625652958306,0,76,0.20234722784297857,False,False,False
23障173,14.34625652958306,0,54,-0.5395926075812761,False,False,False
23障167,14.34625652958306,0,52,-0.6070416835289357,False,False,False
23障170,14.34625652958306,0,116,1.551328746796169,False,False,False
23障172,14.34625652958306,0,72,0.06744907594765952,False,False,False
19障259,14.345267737390126,0,64,-0.20234722784297857,False,False,False
30障36,14.344726010088136,0,90,0.6744907594765952,False,False,False
22障110,14.340185473511598,0,74,0.13489815189531904,False,False,False
24障345,14.337772272959969,0,50,-0.6744907594765952,False,False,False
24障346,14.337772272959969,0,75,0.1686226898691488,False,False,False
30障138,14.335792564907988,0,87,0.5733171455551059,False,False,False
18障346,14.334244844757567,0,57,-0.43841899365978687,False,False,False
18障348,14.334244844757567,0,48,-0.7419398354242548,False,False,False
26障53,14.333712801323863,0,101,1.0454606771887227,False,False,False
2020障48,14.333450513749112,0,66,-0.13489815189531904,False,False,False
26障327,14.332736525059454,0,38,-1.0791852151625523,False,False,False
26障328,14.332736525059454,0,66,-0.13489815189531904,False,False,False
27障51,14.332498999883118,0,47,-0.7756643733980845,False,False,False
27障175,14.332033871085763,0,45,-0.8431134493457441,False,False,False
27障154,14.331838062407636,0,52,-0.6070416835289357,False,False,False
2019障311,14.33113429111261,0,58,-0.40469445568595713,False,False,False
21障234,14.331121961064124,0,122,1.7536759746391475,False,False,False
24障71,14.328834742870429,0,46,-0.8093889113719143,False,False,False
18障250,14.32732109419929,0,33,-1.2478079050317012,False,False,False
18障253,14.32732109419929,0,68,-0.06744907594765952,False,False,False
18障254,14.32732109419929,0,79,0.30352084176446786,False,False,False
22障239,14.32251975748146,0,85,0.5058680696074465,False,False,False
22障240,14.32251975748146,0,78,0.26979630379063807,False,False,False
25障194,14.321940286514756,0,132,2.0909213543774454,False,False,False
25障315,14.321212004430164,0,60,-0.3372453797382976,False,False,False
26障127,14.321013970811869,0,75,0.1686226898691488,False,False,False
23障190,14.319312164108487,0,46,-0.8093889113719143,False,False,False
19障119,14.318631041710631,0,33,-1.2478079050317012,False,False,False
29障151,14.316511916921337,0,115,1.5176042088223394,False,False,False
2020障182,14.3152462928405,0,90,0.6744907594765952,False,False,False
26障360,14.314512463033973,0,94,0.8093889113719143,False,False,False
17障77,14.314107676911695,0,131,2.0571968164036156,False,False,False
17障195,14.31364254811434,0,26,-1.4838796708485096,False,False,False
2023障106,14.310976418780006,0,100,1.011736139214893,False,False,False
25障202,14.309642335982629,0,73,0.10117361392148928,False,False,False
2020障21,14.308330608796968,0,54,-0.5395926075812761,False,False,False
17障106,14.307033087799715,0,79,0.30352084176446786,False,False,False
18障228,14.306302840218068,0,84,0.47214353163361666,False,False,False
30障151,14.304027360259093,0,46,-0.8093889113719143,False,False,False
2020障351,14.298678092908608,0,102,1.0791852151625523,False,False,False
20障60,14.298533883498543,0,42,-0.9442870632672333,False,False,False
25障340,14.29739324216088,0,93,0.7756643733980845,False,False,False
2022障128,14.295959248828115,0,61,-0.30352084176446786,False,False,False
2022障190,14.295141982004093,0,103,1.112909753136382,False,False,False
2022障191,14.295141982004093,0,74,0.13489815189531904,False,False,False
23障339,14.29476511975461,0,59,-0.3709699177121274,False,False,False
27障365,14.290257397352455,0,71,0.03372453797382976,False,False,False
27障366,14.290257397352455,0,66,-0.13489815189531904,False,False,False
2019障306,14.290226700033404,0,65,-0.1686226898691488,False,False,False
2019障300,14.290226700033404,0,81,0.3709699177121274,False,False,False
17障228,14.28936737176958,0,69,-0.03372453797382976,False,False,False
17障229,14.28936737176958,0,77,0.23607176581680833,False,False,False
26障148,14.289248766162975,0,64,-0.20234722784297857,False,False,False
18障101,14.289049027729112,0,44,-0.8768379873195737,False,False,False
25障99,14.288968346821715,0,69,-0.03372453797382976,False,False,False
25障100,14.288968346821715,0,85,0.5058680696074465,False,False,False
20障45,14.288737411294234,0,63,-0.23607176581680833,False,False,False
2020障185,14.286713831882894,0,63,-0.23607176581680833,False,False,False
23障95,14.286340224415445,0,136,2.225819506272764,False,False,False
23障96,14.286340224415445,0,80,0.3372453797382976,False,False,False
29障351,14.28603569949343,0,100,1.011736139214893,False,False,False
24障166,14.284370707709543,0,66,-0.13489815189531904,False,False,False
23障45,14.281237965839717,0,57,-0.43841899365978687,False,False,False
23障47,14.281237965839717,0,41,-0.9780116012410631,False,False,False
18障236,14.28037051479888,0,60,-0.3372453797382976,False,False,False
27障205,14.279226233783396,0,62,-0.26979630379063807,False,False,False
2020障329,14.277659838927386,0,78,0.26979630379063807,False,False,False
26障188,14.275340748666961,0,48,-0.7419398354242548,False,False,False
29障338,14.274931251866159,0,63,-0.23607176581680833,False,False,False
25障218,14.27240014688982,0,71,0.03372453797382976,False,False,False
24障197,14.27046269021353,0,75,0.1686226898691488,False,False,False
24障195,14.27046269021353,0,87,0.5733171455551059,False,False,False
23障210,14.269772024483553,0,52,-0.6070416835289357,False,False,False
2023障132,14.267209897484621,0,119,1.6525023607176583,False,False,False
2023障134,14.267209897484621,0,22,-1.6187778227438285,False,False,False
28障241,14.266677313485614,0,50,-0.6744907594765952,False,False,False
29障328,14.265017445512212,0,78,0.26979630379063807,False,False,False
28障332,14.264531785754187,0,63,-0.23607176581680833,False,False,False
2020障359,14.26375488301205,0,60,-0.3372453797382976,False,False,False
29障207,14.263361583418623,0,61,-0.30352084176446786,False,False,False
17障73,14.262928544291492,0,72,0.06744907594765952,False,False,False
30障347,14.262446695203913,0,47,-0.7756643733980845,False,False,False
21障203,14.262412154574406,0,47,-0.7756643733980845,False,False,False
25障170,14.261026481509717,0,45,-0.8431134493457441,False,False,False
19障263,14.26025898905373,0,56,-0.47214353163361666,False,False,False
21障176,14.260219098425148,0,45,-0.8431134493457441,False,False,False
21障177,14.260219098425148,0,40,-1.011736139214893,False,False,False
18障126,14.259978061893028,0,61,-0.30352084176446786,False,False,False
19障232,14.257409566910512,0,35,-1.1803588290840417,False,False,False
21障49,14.257114650568788,0,112,1.41643059490085,False,False,False
25障80,14.256680007931925,0,68,-0.06744907594765952,False,False,False
20障68,14.25656968439951,0,44,-0.8768379873195737,False,False,False
22障207,14.253809950991743,0,40,-1.011736139214893,False,False,False
21障107,14.253805446788652,0,109,1.3152569809793606,False,False,False
28障301,14.252746040634088,0,40,-1.011736139214893,False,False,False
22障73,14.252277832317969,0,90,0.6744907594765952,False,False,False
2020障337,14.251727513508198,0,111,1.3827060569270202,False,False,False
22障186,14.251616894842487,0,44,-0.8768379873195737,False,False,False
26障320,14.250828568923259,0,83,0.43841899365978687,False,False,False
2021障215,14.250152740366874,0,76,0.20234722784297857,False,False,False
22障112,14.24520324320599,0,43,-0.9105625252934035,False,False,False
29障96,14.242687594257708,0,82,0.40469445568595713,False,False,False
18障255,14.242312345862892,0,73,0.10117361392148928,False,False,False
18障257,14.242312345862892,0,89,0.6407662215027655,False,False,False
23障316,14.241830159171554,0,35,-1.1803588290840417,False,False,False
28障162,14.240192394606876,0,41,-0.9780116012410631,False,False,False
2020障326,14.2399417683881,0,73,0.10117361392148928,False,False,False
2019障106,14.239754534971688,0,69,-0.03372453797382976,False,False,False
20障314,14.239340546992134,0,59,-0.3709699177121274,False,False,False
29障341,14.239085120093023,0,24,-1.551328746796169,False,False,False
26障332,14.237754294753847,0,115,1.5176042088223394,False,False,False
27障155,14.236855832102028,0,139,2.3269931201942535,False,False,False
27障156,14.236855832102028,0,55,-0.5058680696074465,False,False,False
21障239,14.236139730758516,0,110,1.3489815189531904,False,False,False
22障313,14.235048694910594,0,62,-0.26979630379063807,False,False,False
20障375,14.232946736472508,0,87,0.5733171455551059,False,False,False
20障222,14.231829379257395,0,63,-0.23607176581680833,False,False,False
20障226,14.231829379257395,0,41,-0.9780116012410631,False,False,False
29障322,14.227299374972924,0,60,-0.3372453797382976,False,False,False
28障346,14.226473616818199,0,115,1.5176042088223394,False,False,False
29障223,14.226119394325815,0,76,0.20234722784297857,False,False,False
25障333,14.225311563745558,0,110,1.3489815189531904,False,False,False
2019障293,14.224366315686904,0,81,0.3709699177121274,False,False,False
2019障290,14.224366315686904,0,56,-0.47214353163361666,False,False,False
2019障282,14.222369068215773,0,87,0.5733171455551059,False,False,False
2019障272,14.222369068215773,0,26,-1.4838796708485096,False,False,False
2019障274,14.222369068215773,0,89,0.6407662215027655,False,False,False
19障65,14.22218479078496,0,41,-0.9780116012410631,False,False,False
2020障183,14.220264062534893,0,112,1.41643059490085,False,False,False
17障179,14.218464509130607,0,83,0.43841899365978687,False,False,False
17障180,14.218464509130607,0,72,0.06744907594765952,False,False,False
30障325,14.214814818310678,0,66,-0.13489815189531904,False,False,False
30障225,14.21363483766357,0,49,-0.708215297450425,False,False,False
2020障19,14.213348378491359,0,76,0.20234722784297857,False,False,False
22障359,14.21319669760277,0,48,-0.7419398354242548,False,False,False
2020障334,14.210819922428993,0,40,-1.011736139214893,False,False,False
24障130,14.210546385045912,0,129,1.9897477404559558,False,False,False
29障190,14.207621669119716,0,148,2.6305139619587212,False,False,False
29障189,14.207621669119716,0,34,-1.2140833670578715,False,False,False
2022障158,14.207521698980996,0,117,1.5850532847699987,False,False,False
24障61,14.205444126470184,0,75,0.1686226898691488,False,False,False
20障64,14.205390551779308,0,62,-0.26979630379063807,False,False,False
25障198,14.203102720060642,0,87,0.5733171455551059,False,False,False
25障199,14.203102720060642,0,116,1.551328746796169,False,False,False
2023障51,14.20194961890179,0,108,1.281532443005531,False,False,False
22障71,14.201098699697766,0,46,-0.8093889113719143,False,False,False
2022障181,14.200159751698486,0,57,-0.43841899365978687,False,False,False
26障322,14.20003622421456,0,64,-0.20234722784297857,False,False,False
25障57,14.198857339909589,0,92,0.7419398354242548,False,False,False
26障227,14.198856243567452,0,56,-0.47214353163361666,False,False,False
22障48,14.198810784059841,0,42,-0.9442870632672333,False,False,False
27障345,14.198435634862312,0,81,0.3709699177121274,False,False,False
29障336,14.198177529013817,0,40,-1.011736139214893,False,False,False
19障111,14.195240425310386,0,83,0.43841899365978687,False,False,False
21障402,14.194819671100685,0,56,-0.47214353163361666,False,False,False
25障101,14.193986116516108,0,50,-0.6744907594765952,False,False,False
23障131,14.193259056932485,0,65,-0.1686226898691488,False,False,False
25障155,14.193168849692086,0,64,-0.20234722784297857,False,False,False
25障154,14.193168849692086,0,51,-0.6407662215027655,False,False,False
23障138,14.190540727285816,0,38,-1.0791852151625523,False,False,False
23障141,14.190540727285816,0,92,0.7419398354242548,False,False,False
19障99,14.190017063890238,0,46,-0.8093889113719143,False,False,False
2023障246,14.189727892547687,0,128,1.9560232024821262,False,False,False
2023障244,14.189727892547687,0,152,2.7654121138540404,False,False,False
19障214,14.189551935092881,0,78,0.26979630379063807,False,False,False
19障218,14.189551935092881,0,93,0.7756643733980845,False,False,False
22障58,14.189463328907083,0,33,-1.2478079050317012,False,False,False
19障199,14.189356126414756,0,64,-0.20234722784297857,False,False,False
19障201,14.189356126414756,0,40,-1.011736139214893,False,False,False
17障390,14.187988291702696,0,63,-0.23607176581680833,False,False,False
2021障41,14.187794359059408,0,108,1.281532443005531,False,False,False
26障176,14.187482578187346,0,86,0.5395926075812761,False,False,False
19障56,14.186251678558394,0,39,-1.0454606771887227,False,False,False
19障55,14.186251678558394,0,87,0.5733171455551059,False,False,False
22障400,14.186217467518022,0,88,0.6070416835289357,False,False,False
26障75,14.183136104609556,0,111,1.3827060569270202,False,False,False
19障131,14.18294247477826,0,54,-0.5395926075812761,False,False,False
21障383,14.182792301596834,0,34,-1.2140833670578715,False,False,False
21障380,14.182792301596834,0,85,0.5058680696074465,False,False,False
26障189,14.180358518361354,0,61,-0.30352084176446786,False,False,False
29障195,14.17908920816211,0,126,1.8885741265344667,False,False,False
20障386,14.178481950095712,0,29,-1.3827060569270202,False,False,False
20障387,14.178481950095712,0,46,-0.8093889113719143,False,False,False
17障235,14.177612126160017,0,49,-0.708215297450425,False,False,False
17障237,14.177612126160017,0,62,-0.26979630379063807,False,False,False
25障301,14.176600649760191,0,44,-0.8768379873195737,False,False,False
2021障178,14.176328417703244,0,67,-0.10117361392148928,False,False,False
22障379,14.17419009801417,0,41,-0.9780116012410631,False,False,False
23障298,14.173972527353923,0,29,-1.3827060569270202,False,False,False
23障294,14.173972527353923,0,93,0.7756643733980845,False,False,False
23障261,14.173776718675798,0,44,-0.8768379873195737,False,False,False
23障262,14.173776718675798,0,27,-1.4501551328746798,False,False,False
28障102,14.173152029613266,0,42,-0.9442870632672333,False,False,False
28障101,14.173152029613266,0,96,0.8768379873195737,False,False,False
28障140,14.172334762789244,0,74,0.13489815189531904,False,False,False
28障141,14.172334762789244,0,71,0.03372453797382976,False,False,False
2023障133,14.172227667179014,0,110,1.3489815189531904,False,False,False
18障215,14.171605291902043,0,62,-0.26979630379063807,False,False,False
18障201,14.169776402085315,0,52,-0.6070416835289357,False,False,False
21障63,14.16953307153214,0,59,-0.3709699177121274,False,False,False
30障198,14.166604651499865,0,39,-1.0454606771887227,False,False,False
2022障113,14.165706278012452,0,120,1.6862268986914881,False,False,False
19障270,14.165276758748123,0,116,1.551328746796169,False,False,False
21障178,14.16523686811954,0,64,-0.20234722784297857,False,False,False
20障179,14.160926516618419,0,26,-1.4838796708485096,False,False,False
2020障137,14.159530490543256,0,100,1.011736139214893,False,False,False
2020障142,14.159530490543256,0,49,-0.708215297450425,False,False,False
2020障143,14.159530490543256,0,41,-0.9780116012410631,False,False,False
27障372,14.159429035273712,0,45,-0.8431134493457441,False,False,False
2022障225,14.159111560049771,0,92,0.7419398354242548,False,False,False
27障43,14.15792925086267,0,31,-1.3152569809793606,False,False,False
28障293,14.15576656285735,0,96,0.8768379873195737,False,False,False
28障290,14.15576656285735,0,54,-0.5395926075812761,False,False,False
28障292,14.15576656285735,0,56,-0.47214353163361666,False,False,False
28障251,14.155570754179225,0,68,-0.06744907594765952,False,False,False
19障421,14.147775461359576,0,52,-0.6070416835289357,False,False,False
18障262,14.147330115557285,0,57,-0.43841899365978687,False,False,False
18障263,14.147330115557285,0,45,-0.8431134493457441,False,False,False
20障215,14.147018499122405,0,83,0.43841899365978687,False,False,False
20障214,14.147018499122405,0,53,-0.5733171455551059,False,False,False
27障231,14.146463309506505,0,73,0.10117361392148928,False,False,False
27障232,14.146463309506505,0,73,0.10117361392148928,False,False,False
27障233,14.146463309506505,0,125,1.8548495885606369,False,False,False
2020障323,14.144959538082492,0,70,0.0,False,False,False
24障285,14.143124216637911,0,51,-0.6407662215027655,False,False,False
2020障279,14.142962290611361,0,132,2.0909213543774454,False,False,False
2020障271,14.142766481933235,0,103,1.112909753136382,False,False,False
25障189,14.14214717607416,0,92,0.7419398354242548,False,False,False
25障188,14.14214717607416,0,30,-1.3489815189531904,False,False,False
2022障211,14.140775793330425,0,76,0.20234722784297857,False,False,False
29障357,14.140253767564742,0,161,3.068932955618508,False,False,False
2023障44,14.139807844769308,0,80,0.3372453797382976,False,False,False
23障182,14.139519053667891,0,118,1.6187778227438285,False,False,False
30障144,14.137121870112503,0,73,0.10117361392148928,False,False,False
30障146,14.137121870112503,0,65,-0.1686226898691488,False,False,False
22障19,14.135810962997331,0,82,0.40469445568595713,False,False,False
30障155,14.134403540465835,0,101,1.0454606771887227,False,False,False
2023障36,14.134153468910243,0,67,-0.10117361392148928,False,False,False
29障323,14.132317144667317,0,67,-0.10117361392148928,False,False,False
29障316,14.130319897196186,0,59,-0.3709699177121274,False,False,False
29障317,14.130319897196186,0,94,0.8093889113719143,False,False,False
22障10,14.129547023739468,0,37,-1.112909753136382,False,False,False
17障264,14.128071986535081,0,45,-0.8431134493457441,False,False,False
17障265,14.128071986535081,0,39,-1.0454606771887227,False,False,False
27障195,14.127965584300407,0,31,-1.3152569809793606,False,False,False
27障196,14.127965584300407,0,91,0.708215297450425,False,False,False
2019障244,14.127191029232039,0,66,-0.13489815189531904,False,False,False
2023障192,14.124588590376726,0,98,0.9442870632672333,False,False,False
2023障150,14.122687527554078,0,87,0.5733171455551059,False,False,False
2023障149,14.122687527554078,0,136,2.225819506272764,False,False,False
2023障198,14.121870260730056,0,103,1.112909753136382,False,False,False
2023障218,14.121870260730056,0,119,1.6525023607176583,False,False,False
20障231,14.120074133647831,0,39,-1.0454606771887227,False,False,False
20障233,14.120074133647831,0,56,-0.47214353163361666,False,False,False
22障225,14.119874148021024,0,49,-0.708215297450425,False,False,False
29障177,14.119763498640102,0,66,-0.13489815189531904,False,False,False
18障277,14.1182591497212,0,46,-0.8093889113719143,False,False,False
30障318,14.11783534053394,0,34,-1.2140833670578715,False,False,False
30障319,14.11783534053394,0,67,-0.10117361392148928,False,False,False
30障316,14.11783534053394,0,82,0.40469445568595713,False,False,False
30障271,14.117639531855813,0,54,-0.5395926075812761,False,False,False
22障247,14.11578228156629,0,72,0.06744907594765952,False,False,False
21障369,14.113742396710416,0,112,1.41643059490085,False,False,False
2019障328,14.113283011736025,0,60,-0.3372453797382976,False,False,False
18障155,14.112458914456958,0,81,0.3709699177121274,False,False,False
19障426,14.11192932958644,0,32,-1.281532443005531,False,False,False
17障222,14.109574261328985,0,75,0.1686226898691488,False,False,False
20障380,14.10943204520929,0,33,-1.2478079050317012,False,False,False
2023障54,14.107567122134624,0,95,0.8431134493457441,False,False,False
2023障47,14.106967388596182,0,90,0.6744907594765952,False,False,False
22障367,14.10514019312775,0,28,-1.41643059490085,False,False,False
22障366,14.10514019312775,0,67,-0.10117361392148928,False,False,False
26障314,14.103056746437822,0,77,0.23607176581680833,False,False,False
26障316,14.103056746437822,0,68,-0.06744907594765952,False,False,False
26障315,14.103056746437822,0,64,-0.20234722784297857,False,False,False
26障273,14.102860937759695,0,64,-0.20234722784297857,False,False,False
25障149,14.100904949033149,0,122,1.7536759746391475,False,False,False
25障150,14.100904949033149,0,154,2.8328611898017,False,False,False
24障337,14.10017593545552,0,59,-0.3709699177121274,False,False,False
17障369,14.100130121223083,0,40,-1.011736139214893,False,False,False
17障370,14.100130121223083,0,39,-1.0454606771887227,False,False,False
2019障173,14.098587740083198,0,65,-0.1686226898691488,False,False,False
23障133,14.098276826626877,0,90,0.6744907594765952,False,False,False
25障158,14.098186619386478,0,25,-1.5176042088223394,False,False,False
25障160,14.098186619386478,0,21,-1.6525023607176583,False,False,False
24障332,14.098178687984388,0,49,-0.708215297450425,False,False,False
24障333,14.098178687984388,0,30,-1.3489815189531904,False,False,False
23障146,14.095558496980209,0,82,0.40469445568595713,False,False,False
23障148,14.095558496980209,0,89,0.6407662215027655,False,False,False
23障145,14.095558496980209,0,58,-0.40469445568595713,False,False,False
23障147,14.095558496980209,0,40,-1.011736139214893,False,False,False
2023障242,14.09474566224208,0,64,-0.20234722784297857,False,False,False
19障202,14.094373896109149,0,33,-1.2478079050317012,False,False,False
19障203,14.094373896109149,0,59,-0.3709699177121274,False,False,False
18障422,14.093982686395602,0,74,0.13489815189531904,False,False,False
18障418,14.093982686395602,0,82,0.40469445568595713,False,False,False
18障419,14.093982686395602,0,59,-0.3709699177121274,False,False,False
18障421,14.093982686395602,0,51,-0.6407662215027655,False,False,False
2021障46,14.0928121287538,0,39,-1.0454606771887227,False,False,False
2020障357,14.089616148430519,0,69,-0.03372453797382976,False,False,False
20障137,14.08710219395479,0,43,-0.9105625252934035,False,False,False
2023障110,14.085520299642507,0,61,-0.30352084176446786,False,False,False
20障388,14.083499719790103,0,55,-0.5058680696074465,False,False,False
2021障212,14.083247250220284,0,144,2.4956158100634025,False,False,False
22障142,14.082810341873248,0,42,-0.9442870632672333,False,False,False
22障143,14.082810341873248,0,51,-0.6407662215027655,False,False,False
2021障182,14.081346187397637,0,82,0.40469445568595713,False,False,False
2021障246,14.080528920573615,0,90,0.6744907594765952,False,False,False
2021障243,14.080528920573615,0,50,-0.6744907594765952,False,False,False
19障247,14.080465878613134,0,55,-0.5058680696074465,False,False,False
22障382,14.079207867708563,0,103,1.112909753136382,False,False,False
22障381,14.079207867708563,0,95,0.8431134493457441,False,False,False
23障263,14.078794488370187,0,27,-1.4501551328746798,False,False,False
22障62,14.077708083297521,0,59,-0.3709699177121274,False,False,False
22障65,14.077708083297521,0,79,0.30352084176446786,False,False,False
20障262,14.070533994022897,0,30,-1.3489815189531904,False,False,False
20障263,14.070533994022897,0,17,-1.7874005126129773,False,False,False
20障260,14.070533994022897,0,90,0.6744907594765952,False,False,False
20障261,14.070533994022897,0,64,-0.20234722784297857,False,False,False
27障146,14.069950341955439,0,152,2.7654121138540404,False,False,False
27障147,14.069950341955439,0,113,1.4501551328746798,False,False,False
26障192,14.068603272751789,0,37,-1.112909753136382,False,False,False
25障332,14.067514593280444,0,117,1.5850532847699987,False,False,False
22障272,14.066242141941355,0,54,-0.5395926075812761,False,False,False
23障330,14.064886470874177,0,29,-1.3827060569270202,False,False,False
2020障154,14.064548260237649,0,50,-0.6744907594765952,False,False,False
2020障150,14.064548260237649,0,91,0.708215297450425,False,False,False
2020障151,14.064548260237649,0,62,-0.26979630379063807,False,False,False
18障243,14.062519235422297,0,90,0.6744907594765952,False,False,False
21障99,14.059124206566123,0,152,2.7654121138540404,False,False,False
29障61,14.057594357039976,0,78,0.26979630379063807,False,False,False
29障62,14.057594357039976,0,95,0.8431134493457441,False,False,False
21障228,14.05634662031792,0,102,1.0791852151625523,False,False,False
29障147,14.05462419646914,0,88,0.6070416835289357,False,False,False
29障148,14.05462419646914,0,74,0.13489815189531904,False,False,False
2021障266,14.053404322085639,0,65,-0.1686226898691488,False,False,False
2019障196,14.05336670656841,0,89,0.6407662215027655,False,False,False
27障348,14.052661059848006,0,95,0.8431134493457441,False,False,False
20障217,14.052036268816797,0,65,-0.1686226898691488,False,False,False
29障159,14.051905866822471,0,81,0.3709699177121274,False,False,False
29障158,14.051905866822471,0,111,1.3827060569270202,False,False,False
19障436,14.051875020674968,0,46,-0.8093889113719143,False,False,False
17障175,14.051559018984017,0,28,-1.41643059490085,False,False,False
17障176,14.051559018984017,0,89,0.6407662215027655,False,False,False
27障339,14.050663812376875,0,56,-0.47214353163361666,False,False,False
27障343,14.050663812376875,0,41,-0.9780116012410631,False,False,False
27障290,14.050468003698748,0,38,-1.0791852151625523,False,False,False
21障395,14.049751902355238,0,68,-0.06744907594765952,False,False,False
30障209,14.049355180528783,0,160,3.0352084176446787,False,False,False
22障236,14.047744416735258,0,60,-0.3372453797382976,False,False,False
22障235,14.047744416735258,0,78,0.26979630379063807,False,False,False
22障237,14.047744416735258,0,88,0.6070416835289357,False,False,False
2021障155,14.046075446887583,0,22,-1.6187778227438285,False,False,False
20障399,14.045441550854116,0,41,-0.9780116012410631,False,False,False
20障382,14.042592128710899,0,68,-0.06744907594765952,False,False,False
30障160,14.039421310160227,0,108,1.281532443005531,False,False,False
18障414,14.03484658786313,0,42,-0.9442870632672333,False,False,False
17障351,14.032272489405452,0,116,1.551328746796169,False,False,False
2020障132,14.027591935043668,0,101,1.0454606771887227,False,False,False
2020障131,14.027591935043668,0,112,1.41643059490085,False,False,False
2020障149,14.027591935043668,0,65,-0.1686226898691488,False,False,False
26障144,14.027361045710778,0,45,-0.8431134493457441,False,False,False
2023障199,14.026888030424448,0,111,1.3827060569270202,False,False,False
2023障228,14.026888030424448,0,106,1.2140833670578715,False,False,False
2023障231,14.026888030424448,0,100,1.011736139214893,False,False,False
26障155,14.024642716064108,0,50,-0.6744907594765952,False,False,False
24障163,14.022482987257346,0,65,-0.1686226898691488,False,False,False
24障164,14.022482987257346,0,75,0.1686226898691488,False,False,False
19障153,14.020549573445518,0,28,-1.41643059490085,False,False,False
19障154,14.020549573445518,0,105,1.1803588290840417,False,False,False
24障175,14.019764657610676,0,39,-1.0454606771887227,False,False,False
23障37,14.016436107062725,0,52,-0.6070416835289357,False,False,False
2020障305,14.011023735111774,0,79,0.30352084176446786,False,False,False
17障394,14.007997313060693,0,76,0.20234722784297857,False,False,False
2019障172,14.007924615887736,0,57,-0.43841899365978687,False,False,False
26障274,14.007878707454088,0,72,0.06744907594765952,False,False,False
19障310,14.003981373513625,0,51,-0.6407662215027655,False,False,False
18障150,14.00260293025468,0,47,-0.7756643733980845,False,False,False
18障149,14.00260293025468,0,52,-0.6070416835289357,False,False,False
18障424,13.999000456089995,0,36,-1.1466342911102119,False,False,False
30障200,13.998373118511513,0,81,0.3709699177121274,False,False,False
21障170,13.998331377972951,0,110,1.3489815189531904,False,False,False
21障171,13.998331377972951,0,57,-0.43841899365978687,False,False,False
18障74,13.997500671678951,0,58,-0.40469445568595713,False,False,False
21障182,13.995613048326282,0,48,-0.7419398354242548,False,False,False
20障175,13.99402102647183,0,45,-0.8431134493457441,False,False,False
22障182,13.98972917439029,0,69,-0.03372453797382976,False,False,False
2021障213,13.988265019914676,0,58,-0.40469445568595713,False,False,False
19障124,13.98826123455573,0,65,-0.1686226898691488,False,False,False
22障189,13.987010844743619,0,60,-0.3372453797382976,False,False,False
28障199,13.986764201209986,0,34,-1.2140833670578715,False,False,False
2021障230,13.985546690268007,0,69,-0.03372453797382976,False,False,False
19障254,13.985483648307527,0,84,0.47214353163361666,False,False,False
19障251,13.985483648307527,0,86,0.5395926075812761,False,False,False
19障253,13.985483648307527,0,60,-0.3372453797382976,False,False,False
26障194,13.983594524415393,0,83,0.43841899365978687,False,False,False
2020障54,13.981106764210018,0,104,1.1466342911102119,False,False,False
30障178,13.980037351792165,0,61,-0.30352084176446786,False,False,False
21障351,13.97904484839439,0,26,-1.4838796708485096,False,False,False
21障352,13.97904484839439,0,27,-1.4501551328746798,False,False,False
21障355,13.97904484839439,0,46,-0.8093889113719143,False,False,False
21障313,13.978849039716264,0,65,-0.1686226898691488,False,False,False
27障56,13.977938272220666,0,57,-0.43841899365978687,False,False,False
19障419,13.976039508201627,0,42,-0.9442870632672333,False,False,False
27障150,13.974968111649831,0,38,-1.0791852151625523,False,False,False
20障361,13.974734496893268,0,47,-0.7756643733980845,False,False,False
20障359,13.974734496893268,0,115,1.5176042088223394,False,False,False
20障363,13.974734496893268,0,22,-1.6187778227438285,False,False,False
20障365,13.974734496893268,0,42,-0.9442870632672333,False,False,False
20障313,13.974538688215143,0,41,-0.9780116012410631,False,False,False
29障43,13.972783476904988,0,62,-0.26979630379063807,False,False,False
22障363,13.972439892282857,0,77,0.23607176581680833,False,False,False
27障168,13.972249782003162,0,37,-1.112909753136382,False,False,False
2022障163,13.971233958167186,0,121,1.719951436665318,False,False,False
22障353,13.970442644811726,0,24,-1.551328746796169,False,False,False
22障354,13.970442644811726,0,48,-0.7419398354242548,False,False,False
22障358,13.970442644811726,0,118,1.6187778227438285,False,False,False
18障118,13.970314591364891,0,70,0.0,False,False,False
29障49,13.968464370794843,0,80,0.3372453797382976,False,False,False
18障247,13.967537005116688,0,69,-0.03372453797382976,False,False,False
2023障239,13.967504072056387,0,61,-0.30352084176446786,False,False,False
26障171,13.965258757696047,0,61,-0.30352084176446786,False,False,False
26障173,13.965258757696047,0,58,-0.40469445568595713,False,False,False
17障206,13.963296046046377,0,47,-0.7756643733980845,False,False,False
29障222,13.961317535548822,0,43,-0.9105625252934035,False,False,False
30障37,13.960298920242742,0,97,0.9105625252934035,False,False,False
17障82,13.959546949249242,0,108,1.281532443005531,False,False,False
28障317,13.958822335897988,0,45,-0.8431134493457441,False,False,False
2019障246,13.95756720943878,0,32,-1.281532443005531,False,False,False
2019障247,13.95756720943878,0,34,-1.2140833670578715,False,False,False
2019障258,13.95756720943878,0,68,-0.06744907594765952,False,False,False
30障47,13.955979814132597,0,64,-0.20234722784297857,False,False,False
27障291,13.955485773393141,0,54,-0.5395926075812761,False,False,False
17障194,13.95385845903174,0,102,1.0791852151625523,False,False,False
17障188,13.95385845903174,0,102,1.0791852151625523,False,False,False
27障333,13.95385269225454,0,64,-0.20234722784297857,False,False,False
19障346,13.953127405037517,0,107,1.2478079050317012,False,False,False
2021障152,13.951093216581976,0,81,0.3709699177121274,False,False,False
2021障154,13.951093216581976,0,22,-1.6187778227438285,False,False,False
2021障156,13.951093216581976,0,65,-0.1686226898691488,False,False,False
30障223,13.948832978886577,0,38,-1.0791852151625523,False,False,False
26障43,13.945520326146623,0,126,1.8885741265344667,False,False,False
21障229,13.944591374708358,0,47,-0.7756643733980845,False,False,False
2019障88,13.943264070843348,0,136,2.225819506272764,False,False,False
2021障139,13.942730931831838,0,60,-0.3372453797382976,False,False,False
24障50,13.94064226769319,0,30,-1.3489815189531904,False,False,False
17障313,13.93709445042172,0,82,0.40469445568595713,False,False,False
24障63,13.936323161583045,0,49,-0.708215297450425,False,False,False
27障200,13.931201590354448,0,59,-0.3709699177121274,False,False,False
2019障299,13.930442610950804,0,87,0.5733171455551059,False,False,False
2019障304,13.930442610950804,0,58,-0.40469445568595713,False,False,False
19障101,13.930438566533393,0,55,-0.5058680696074465,False,False,False
24障234,13.929176326337025,0,74,0.13489815189531904,False,False,False
19障196,13.927468405962559,0,91,0.708215297450425,False,False,False
19障155,13.92556734313991,0,43,-0.9105625252934035,False,False,False
28障19,13.923348320114085,0,50,-0.6744907594765952,False,False,False
30障341,13.920891113574578,0,51,-0.6407662215027655,False,False,False
30障339,13.920891113574578,0,45,-0.8431134493457441,False,False,False
30障340,13.920891113574578,0,158,2.967759341697019,False,False,False
29障200,13.91587544486815,0,69,-0.03372453797382976,False,False,False
25障256,13.914517120629869,0,39,-1.0454606771887227,False,False,False
27障187,13.9128658236351,0,141,2.394442196141913,False,False,False
17障225,13.912810267383025,0,66,-0.13489815189531904,False,False,False
17障223,13.912810267383025,0,81,0.3709699177121274,False,False,False
25障217,13.91261605780722,0,47,-0.7756643733980845,False,False,False
25障261,13.911798790983198,0,55,-0.5058680696074465,False,False,False
25障271,13.911798790983198,0,47,-0.7756643733980845,False,False,False
25障276,13.911798790983198,0,35,-1.1803588290840417,False,False,False
25障257,13.911798790983198,0,66,-0.13489815189531904,False,False,False
25障262,13.911798790983198,0,57,-0.43841899365978687,False,False,False
25障268,13.911798790983198,0,84,0.47214353163361666,False,False,False
19障351,13.910900206030666,0,87,0.5733171455551059,False,False,False
30障266,13.910001668416742,0,110,1.3489815189531904,False,False,False
23障209,13.90998793540095,0,61,-0.30352084176446786,False,False,False
23障272,13.90917066857693,0,43,-0.9105625252934035,False,False,False
23障269,13.90917066857693,0,30,-1.3489815189531904,False,False,False
28障73,13.90890228811961,0,101,1.0454606771887227,False,False,False
28障75,13.90890228811961,0,99,0.9780116012410631,False,False,False
28障72,13.90890228811961,0,76,0.20234722784297857,False,False,False
19障396,13.908181876383996,0,38,-1.0791852151625523,False,False,False
19障400,13.908181876383996,0,72,0.06744907594765952,False,False,False
18障110,13.90817281723241,0,49,-0.708215297450425,False,False,False
19障352,13.907986067705869,0,40,-1.011736139214893,False,False,False
29障319,13.907582107705355,0,138,2.2932685822204237,False,False,False
24障191,13.907014493047162,0,50,-0.6744907594765952,False,False,False
2019障327,13.906545535820856,0,69,-0.03372453797382976,False,False,False
2019障135,13.90583840721152,0,126,1.8885741265344667,False,False,False
21障174,13.903349147667344,0,83,0.43841899365978687,False,False,False
28障50,13.903247912260545,0,88,0.6070416835289357,False,False,False
24障340,13.901234461025027,0,42,-0.9442870632672333,False,False,False
21障186,13.900630818020675,0,54,-0.5395926075812761,False,False,False
18障444,13.900169103561714,0,78,0.26979630379063807,False,False,False
20障187,13.896320466519553,0,41,-0.9780116012410631,False,False,False
20障188,13.896320466519553,0,34,-1.2140833670578715,False,False,False
20障192,13.896320466519553,0,23,-1.5850532847699987,False,False,False
2020障67,13.896098015873621,0,107,1.2478079050317012,False,False,False
22障184,13.894746944084682,0,104,1.1466342911102119,False,False,False
18障399,13.892232480664289,0,68,-0.06744907594765952,False,False,False
22障191,13.892028614438011,0,46,-0.8093889113719143,False,False,False
22障198,13.892028614438011,0,43,-0.9105625252934035,False,False,False
28障268,13.890964704080357,0,54,-0.5395926075812761,False,False,False
18障393,13.890235233193158,0,37,-1.112909753136382,False,False,False
18障397,13.890235233193158,0,39,-1.0454606771887227,False,False,False
2023障124,13.889090041682673,0,126,1.8885741265344667,False,False,False
26障195,13.888612294109786,0,67,-0.10117361392148928,False,False,False
26障197,13.888612294109786,0,72,0.06744907594765952,False,False,False
26障198,13.888612294109786,0,51,-0.6407662215027655,False,False,False
25障312,13.884674192495222,0,104,1.1466342911102119,False,False,False
25障313,13.884674192495222,0,31,-1.3152569809793606,False,False,False
21障314,13.883866809410657,0,92,0.7419398354242548,False,False,False
24障208,13.883734235656354,0,76,0.20234722784297857,False,False,False
24障210,13.883734235656354,0,118,1.6187778227438285,False,False,False
23障312,13.882046070088952,0,44,-0.8768379873195737,False,False,False
23障313,13.882046070088952,0,123,1.7874005126129773,False,False,False
23障314,13.882046070088952,0,83,0.43841899365978687,False,False,False
27障229,13.881661450729512,0,77,0.23607176581680833,False,False,False
27障230,13.881661450729512,0,50,-0.6744907594765952,False,False,False
2020障267,13.880878761481037,0,60,-0.3372453797382976,False,False,False
2020障268,13.880878761481037,0,81,0.3709699177121274,False,False,False
2020障294,13.878160431834369,0,74,0.13489815189531904,False,False,False
2020障299,13.878160431834369,0,80,0.3372453797382976,False,False,False
2020障304,13.878160431834369,0,75,0.1686226898691488,False,False,False
2020障314,13.878160431834369,0,106,1.2140833670578715,False,False,False
25障180,13.877345317297168,0,58,-0.40469445568595713,False,False,False
25障179,13.877345317297168,0,84,0.47214353163361666,False,False,False
25障181,13.877345317297168,0,96,0.8768379873195737,False,False,False
19障257,13.873728402697962,0,58,-0.40469445568595713,False,False,False
17障65,13.870416963004109,0,107,1.2478079050317012,False,False,False
29障273,13.868236368065864,0,135,2.1920949682989344,False,False,False
29障274,13.868236368065864,0,163,3.1363820315661677,False,False,False
27障63,13.865941311771616,0,86,0.5395926075812761,False,False,False
29障279,13.865518038419193,0,52,-0.6070416835289357,False,False,False
29障287,13.865518038419193,0,42,-0.9442870632672333,False,False,False
2019障242,13.865303308779842,0,61,-0.30352084176446786,False,False,False
2019障243,13.865303308779842,0,105,1.1803588290840417,False,False,False
28障318,13.86384010559238,0,48,-0.7419398354242548,False,False,False
28障319,13.86384010559238,0,136,2.225819506272764,False,False,False
2019障252,13.862584979133173,0,38,-1.0791852151625523,False,False,False
2019障265,13.862584979133173,0,31,-1.3152569809793606,False,False,False
22障394,13.861356588331978,0,45,-0.8431134493457441,False,False,False
21障235,13.85958262637196,0,51,-0.6407662215027655,False,False,False
2021障239,13.857791131082784,0,119,1.6525023607176583,False,False,False
26障62,13.856192471700082,0,49,-0.708215297450425,False,False,False
18障251,13.855781759507126,0,35,-1.1803588290840417,False,False,False
20障220,13.855272274870838,0,45,-0.8431134493457441,False,False,False
20障219,13.855272274870838,0,90,0.6744907594765952,False,False,False
30障224,13.85385074858097,0,129,1.9897477404559558,False,False,False
27障356,13.853719585417513,0,69,-0.03372453797382976,False,False,False
30障275,13.853033481756947,0,56,-0.47214353163361666,False,False,False
30障274,13.853033481756947,0,97,0.9105625252934035,False,False,False
24障78,13.851314413246648,0,65,-0.1686226898691488,False,False,False
22障241,13.850980422789297,0,74,0.13489815189531904,False,False,False
26障357,13.848188758029385,0,72,0.06744907594765952,False,False,False
2021障138,13.84774870152623,0,57,-0.43841899365978687,False,False,False
24障55,13.845660037387583,0,138,2.2932685822204237,False,False,False
21障398,13.843014426440067,0,118,1.6187778227438285,False,False,False
2023障57,13.842765263357633,0,98,0.9442870632672333,False,False,False
26障270,13.840973217307498,0,81,0.3709699177121274,False,False,False
29障333,13.838393439931217,0,72,0.06744907594765952,False,False,False
29障335,13.838393439931217,0,37,-1.112909753136382,False,False,False
26障276,13.83825488766083,0,97,0.9105625252934035,False,False,False
26障279,13.83825488766083,0,34,-1.2140833670578715,False,False,False
26障278,13.83825488766083,0,28,-1.41643059490085,False,False,False
20障204,13.83693650815149,0,47,-0.7756643733980845,False,False,False
24障290,13.836095158854066,0,136,2.225819506272764,False,False,False
24障291,13.836095158854066,0,105,1.1803588290840417,False,False,False
22障399,13.834412222857404,0,34,-1.2140833670578715,False,False,False
24障292,13.833376829207396,0,54,-0.5395926075812761,False,False,False
24障299,13.833376829207396,0,76,0.20234722784297857,False,False,False
24障300,13.833376829207396,0,58,-0.40469445568595713,False,False,False
24障307,13.833376829207396,0,122,1.7536759746391475,False,False,False
24障308,13.833376829207396,0,57,-0.43841899365978687,False,False,False
24障310,13.833376829207396,0,101,1.0454606771887227,False,False,False
19障198,13.832486175656951,0,76,0.20234722784297857,False,False,False
21障406,13.83071647590794,0,62,-0.26979630379063807,False,False,False
19障211,13.82976784601028,0,32,-1.281532443005531,False,False,False
19障212,13.82976784601028,0,79,0.30352084176446786,False,False,False
17障388,13.828204202620098,0,81,0.3709699177121274,False,False,False
2019障169,13.828131505447141,0,98,0.9442870632672333,False,False,False
2021障43,13.823691163866664,0,63,-0.23607176581680833,False,False,False
21障56,13.821508428103192,0,99,0.9780116012410631,False,False,False
30障192,13.818580008070915,0,54,-0.5395926075812761,False,False,False
17障230,13.817828037077417,0,72,0.06744907594765952,False,False,False
17障231,13.817828037077417,0,59,-0.3709699177121274,False,False,False
2020障189,13.817659116251194,0,66,-0.13489815189531904,False,False,False
18障99,13.817509693036948,0,58,-0.40469445568595713,False,False,False
25障287,13.81681656067759,0,144,2.4956158100634025,False,False,False
25障300,13.81681656067759,0,68,-0.06744907594765952,False,False,False
25障299,13.81681656067759,0,131,2.0571968164036156,False,False,False
25障284,13.81681656067759,0,82,0.40469445568595713,False,False,False
23障278,13.814188438271321,0,62,-0.26979630379063807,False,False,False
23障286,13.814188438271321,0,32,-1.281532443005531,False,False,False
23障288,13.814188438271321,0,70,0.0,False,False,False
23障289,13.814188438271321,0,61,-0.30352084176446786,False,False,False
23障293,13.814188438271321,0,96,0.8768379873195737,False,False,False
23障290,13.814188438271321,0,107,1.2478079050317012,False,False,False
23障285,13.814188438271321,0,55,-0.5058680696074465,False,False,False
22障53,13.812906224520527,0,75,0.1686226898691488,False,False,False
22障50,13.812906224520527,0,71,0.03372453797382976,False,False,False
28障351,13.812756950148371,0,86,0.5395926075812761,False,False,False
18障205,13.811821202819443,0,40,-1.011736139214893,False,False,False
26障336,13.811130289172851,0,125,1.8548495885606369,False,False,False
26障334,13.811130289172851,0,38,-1.0791852151625523,False,False,False
26障337,13.811130289172851,0,91,0.708215297450425,False,False,False
26障335,13.811130289172851,0,112,1.41643059490085,False,False,False
21障265,13.810042486747026,0,39,-1.0454606771887227,False,False,False
24障344,13.80625223071942,0,69,-0.03372453797382976,False,False,False
24障342,13.80625223071942,0,84,0.47214353163361666,False,False,False
2023障263,13.806046728335138,0,22,-1.6187778227438285,False,False,False
20障256,13.805732135245904,0,47,-0.7756643733980845,False,False,False
22障270,13.801440283164363,0,56,-0.47214353163361666,False,False,False
24障196,13.798923355521366,0,43,-0.9105625252934035,False,False,False
28障249,13.79870080342142,0,99,0.9780116012410631,False,False,False
28障277,13.79598247377475,0,58,-0.40469445568595713,False,False,False
28障273,13.79598247377475,0,31,-1.3152569809793606,False,False,False
28障276,13.79598247377475,0,30,-1.3489815189531904,False,False,False
28障278,13.79598247377475,0,77,0.23607176581680833,False,False,False
2019障56,13.795711683037437,0,49,-0.708215297450425,False,False,False
20障299,13.794599445616415,0,53,-0.5733171455551059,False,False,False
30障204,13.792532166173773,0,63,-0.23607176581680833,False,False,False
2023障221,13.78877139979391,0,79,0.30352084176446786,False,False,False
27障288,13.788580283246551,0,49,-0.708215297450425,False,False,False
22障86,13.786858382623384,0,56,-0.47214353163361666,False,False,False
22障85,13.786858382623384,0,77,0.23607176581680833,False,False,False
26障154,13.78652608543357,0,58,-0.40469445568595713,False,False,False
27障293,13.785861953599882,0,51,-0.6407662215027655,False,False,False
22障100,13.785720144206467,0,65,-0.1686226898691488,False,False,False
19障273,13.784400548251421,0,115,1.5176042088223394,False,False,False
2020障290,13.783178201528761,0,40,-1.011736139214893,False,False,False
2020障292,13.783178201528761,0,54,-0.5395926075812761,False,False,False
2020障300,13.783178201528761,0,52,-0.6070416835289357,False,False,False
2020障303,13.783178201528761,0,47,-0.7756643733980845,False,False,False
25障185,13.78236308699156,0,87,0.5733171455551059,False,False,False
25障184,13.78236308699156,0,101,1.0454606771887227,False,False,False
25障187,13.78236308699156,0,76,0.20234722784297857,False,False,False
25障182,13.78236308699156,0,91,0.708215297450425,False,False,False
28障106,13.78162940794226,0,58,-0.40469445568595713,False,False,False
18障434,13.781149176713411,0,90,0.6744907594765952,False,False,False
2022障209,13.780991704247823,0,85,0.5058680696074465,False,False,False
2022障212,13.780991704247823,0,104,1.1466342911102119,False,False,False
17障61,13.779753838808647,0,35,-1.1803588290840417,False,False,False
17障59,13.779753838808647,0,66,-0.13489815189531904,False,False,False
23障179,13.77973496458529,0,60,-0.3372453797382976,False,False,False
23障178,13.77973496458529,0,18,-1.7536759746391475,False,False,False
23障176,13.77973496458529,0,133,2.1246458923512748,False,False,False
26障203,13.776615333660736,0,86,0.5395926075812761,False,False,False
22障368,13.773498417852364,0,50,-0.6744907594765952,False,False,False
29障275,13.773254137760256,0,29,-1.3827060569270202,False,False,False
27障74,13.771558815004452,0,111,1.3827060569270202,False,False,False
18障256,13.770773011170728,0,47,-0.7756643733980845,False,False,False
20障397,13.770666210107912,0,98,0.9442870632672333,False,False,False
29障301,13.770535808113586,0,52,-0.6070416835289357,False,False,False
29障310,13.770535808113586,0,66,-0.13489815189531904,False,False,False
19障228,13.77038388764222,0,62,-0.26979630379063807,False,False,False
19障229,13.77038388764222,0,40,-1.011736139214893,False,False,False
17障309,13.77018896027513,0,59,-0.3709699177121274,False,False,False
17障262,13.768287897452481,0,61,-0.30352084176446786,False,False,False
17障263,13.768287897452481,0,70,0.0,False,False,False
17障261,13.768287897452481,0,105,1.1803588290840417,False,False,False
17障260,13.768287897452481,0,72,0.06744907594765952,False,False,False
17障319,13.767470630628459,0,79,0.30352084176446786,False,False,False
17障328,13.767470630628459,0,45,-0.8431134493457441,False,False,False
17障326,13.767470630628459,0,40,-1.011736139214893,False,False,False
18障275,13.766453905060583,0,129,1.9897477404559558,False,False,False
20障225,13.760290044565231,0,53,-0.5733171455551059,False,False,False
20障224,13.760290044565231,0,99,0.9780116012410631,False,False,False
27障359,13.758737355111906,0,48,-0.7419398354242548,False,False,False
27障360,13.758737355111906,0,83,0.43841899365978687,False,False,False
30障285,13.75805125145134,0,78,0.26979630379063807,False,False,False
30障289,13.75805125145134,0,25,-1.5176042088223394,False,False,False
30障301,13.75805125145134,0,66,-0.13489815189531904,False,False,False
30障286,13.75805125145134,0,51,-0.6407662215027655,False,False,False
30障309,13.75805125145134,0,56,-0.47214353163361666,False,False,False
30障310,13.75805125145134,0,44,-0.8768379873195737,False,False,False
24障82,13.75633218294104,0,51,-0.6407662215027655,False,False,False
22障242,13.75599819248369,0,81,0.3709699177121274,False,False,False
28障345,13.754934282126035,0,107,1.2478079050317012,False,False,False
2020障197,13.754379103701796,0,80,0.3372453797382976,False,False,False
18障229,13.75243724445138,0,34,-1.2140833670578715,False,False,False
19障82,13.746326349982652,0,57,-0.43841899365978687,False,False,False
26障271,13.74599098700189,0,65,-0.1686226898691488,False,False,False
26障307,13.74327265735522,0,125,1.8548495885606369,False,False,False
26障295,13.74327265735522,0,64,-0.20234722784297857,False,False,False
26障298,13.74327265735522,0,77,0.23607176581680833,False,False,False
26障300,13.74327265735522,0,73,0.10117361392148928,False,False,False
26障301,13.74327265735522,0,53,-0.5733171455551059,False,False,False
26障303,13.74327265735522,0,81,0.3709699177121274,False,False,False
26障306,13.74327265735522,0,67,-0.10117361392148928,False,False,False
26障310,13.74327265735522,0,44,-0.8768379873195737,False,False,False
19障306,13.739179514736632,0,29,-1.3827060569270202,False,False,False
24障319,13.738394598901788,0,56,-0.47214353163361666,False,False,False
24障327,13.738394598901788,0,51,-0.6407662215027655,False,False,False
28障313,13.736598515406689,0,31,-1.3152569809793606,False,False,False
28障314,13.736598515406689,0,108,1.281532443005531,False,False,False
27障190,13.728671255360906,0,94,0.8093889113719143,False,False,False
20障71,13.727870222155527,0,63,-0.23607176581680833,False,False,False
21障61,13.726526197797584,0,37,-1.112909753136382,False,False,False
27障206,13.725360638016708,0,82,0.40469445568595713,False,False,False
29障353,13.725168510354726,0,159,3.001483879670849,False,False,False
2019障149,13.724786990391395,0,99,0.9780116012410631,False,False,False
30障197,13.723597777765308,0,62,-0.26979630379063807,False,False,False
30障195,13.723597777765308,0,99,0.9780116012410631,False,False,False
20障53,13.722215846296463,0,54,-0.5395926075812761,False,False,False
20障50,13.722215846296463,0,94,0.8093889113719143,False,False,False
20障51,13.722215846296463,0,55,-0.5058680696074465,False,False,False
20障52,13.722215846296463,0,58,-0.40469445568595713,False,False,False
2020障206,13.722138381067111,0,125,1.8548495885606369,False,False,False
2020障46,13.716304905433025,0,62,-0.26979630379063807,False,False,False
30障170,13.715235493015173,0,73,0.10117361392148928,False,False,False
21障267,13.715060256441419,0,74,0.13489815189531904,False,False,False
21障328,13.714242989617397,0,58,-0.40469445568595713,False,False,False
21障319,13.714242989617397,0,44,-0.8768379873195737,False,False,False
20障311,13.712650967762945,0,24,-1.551328746796169,False,False,False
20障257,13.710749904940295,0,35,-1.1803588290840417,False,False,False
20障258,13.710749904940295,0,57,-0.43841899365978687,False,False,False
20障320,13.709932638116275,0,59,-0.3709699177121274,False,False,False
20障330,13.709932638116275,0,52,-0.6070416835289357,False,False,False
26障190,13.70881918366919,0,74,0.13489815189531904,False,False,False
22障312,13.708359115681402,0,64,-0.20234722784297857,False,False,False
22障327,13.705640786034733,0,30,-1.3489815189531904,False,False,False
18障117,13.705512732587898,0,61,-0.30352084176446786,False,False,False
24障199,13.703941125215758,0,97,0.9105625252934035,False,False,False
21障93,13.699340117483523,0,98,0.9442870632672333,False,False,False
30障337,13.698667293083277,0,42,-0.9442870632672333,False,False,False
30障338,13.698667293083277,0,105,1.1803588290840417,False,False,False
24障364,13.697346407253074,0,136,2.225819506272764,False,False,False
18障407,13.693291006233796,0,93,0.7756643733980845,False,False,False
18障408,13.693291006233796,0,49,-0.708215297450425,False,False,False
30障109,13.691211195725447,0,85,0.5058680696074465,False,False,False
30障40,13.691177955355604,0,71,0.03372453797382976,False,False,False
27障317,13.690879723294275,0,81,0.3709699177121274,False,False,False
27障327,13.690879723294275,0,67,-0.10117361392148928,False,False,False
27障332,13.690879723294275,0,49,-0.708215297450425,False,False,False
21障372,13.68711839112942,0,64,-0.20234722784297857,False,False,False
21障373,13.68711839112942,0,93,0.7756643733980845,False,False,False
21障376,13.68711839112942,0,100,1.011736139214893,False,False,False
21障224,13.679789515931365,0,32,-1.281532443005531,False,False,False
22障370,13.678516187546757,0,92,0.7419398354242548,False,False,False
22障369,13.678516187546757,0,62,-0.26979630379063807,False,False,False
17障310,13.675206729969522,0,90,0.6744907594765952,False,False,False
17障340,13.672488400322852,0,114,1.4838796708485096,False,False,False
22障228,13.671187312348701,0,80,0.3372453797382976,False,False,False
22障229,13.671187312348701,0,29,-1.3827060569270202,False,False,False
22障230,13.671187312348701,0,78,0.26979630379063807,False,False,False
2021障283,13.669723157873088,0,85,0.5058680696074465,False,False,False
22障197,13.669290824947183,0,116,1.551328746796169,False,False,False
23障128,13.665110857221315,0,38,-1.0791852151625523,False,False,False
2022障46,13.66423173997105,0,111,1.3827060569270202,False,False,False
27障202,13.66208062546731,0,48,-0.7419398354242548,False,False,False
2021障265,13.661360873122954,0,66,-0.13489815189531904,False,False,False
2021障262,13.661360873122954,0,59,-0.3709699177121274,False,False,False
19障103,13.661317601646255,0,43,-0.9105625252934035,False,False,False
2021障168,13.659705011029365,0,103,1.112909753136382,False,False,False
2021障169,13.659705011029365,0,80,0.3372453797382976,False,False,False
19障72,13.655663225787189,0,42,-0.9442870632672333,False,False,False
19障69,13.655663225787189,0,41,-0.9780116012410631,False,False,False
22障222,13.648450087795755,0,109,1.3152569809793606,False,False,False
2020障353,13.64714777957444,0,58,-0.40469445568595713,False,False,False
2020障355,13.64714777957444,0,108,1.281532443005531,False,False,False
19障349,13.646098347253671,0,34,-1.2140833670578715,False,False,False
27障390,13.645512425535415,0,76,0.20234722784297857,False,False,False
2020障165,13.645380212786987,0,52,-0.6070416835289357,False,False,False
19障308,13.644197284431023,0,56,-0.47214353163361666,False,False,False
19障309,13.644197284431023,0,52,-0.6070416835289357,False,False,False
17障226,13.643689302495886,0,62,-0.26979630379063807,False,False,False
19障369,13.643380017607003,0,21,-1.6525023607176583,False,False,False
2022障198,13.643298698322486,0,137,2.259544044246594,False,False,False
29障300,13.642780248928364,0,124,1.821125050586807,False,False,False
17障221,13.638034926636822,0,167,3.271280183461487,False,False,False
20障74,13.63288799184992,0,91,0.708215297450425,False,False,False
20障75,13.63288799184992,0,103,1.112909753136382,False,False,False
27障354,13.631495764926212,0,28,-1.41643059490085,False,False,False
17障207,13.629672641886684,0,44,-0.8768379873195737,False,False,False
22障83,13.628596139768378,0,55,-0.5058680696074465,False,False,False
18障353,13.625433374416165,0,47,-0.7756643733980845,False,False,False
2020障53,13.621322675127418,0,62,-0.26979630379063807,False,False,False
30障176,13.620253262709566,0,130,2.023472278429786,False,False,False
30障173,13.620253262709566,0,57,-0.43841899365978687,False,False,False
30障177,13.620253262709566,0,167,3.271280183461487,False,False,False
30障175,13.620253262709566,0,92,0.7419398354242548,False,False,False
21障346,13.61926075931179,0,58,-0.40469445568595713,False,False,False
21障338,13.61926075931179,0,60,-0.3372453797382976,False,False,False
21障342,13.61926075931179,0,72,0.06744907594765952,False,False,False
21障344,13.61926075931179,0,43,-0.9105625252934035,False,False,False
21障340,13.61926075931179,0,49,-0.708215297450425,False,False,False
21障343,13.61926075931179,0,46,-0.8093889113719143,False,False,False
20障312,13.617668737457334,0,54,-0.5395926075812761,False,False,False
19障417,13.616255419119025,0,30,-1.3489815189531904,False,False,False
21障66,13.61566747576545,0,103,1.112909753136382,False,False,False
20障323,13.614950407810666,0,47,-0.7756643733980845,False,False,False
20障339,13.614950407810666,0,31,-1.3152569809793606,False,False,False
20障345,13.614950407810666,0,70,0.0,False,False,False
20障349,13.614950407810666,0,74,0.13489815189531904,False,False,False
20障350,13.614950407810666,0,45,-0.8431134493457441,False,False,False
20障357,13.614950407810666,0,56,-0.47214353163361666,False,False,False
20障327,13.614950407810666,0,31,-1.3152569809793606,False,False,False
20障356,13.614950407810666,0,46,-0.8093889113719143,False,False,False
30障199,13.612739055733178,0,108,1.281532443005531,False,False,False
22障338,13.610658555729126,0,39,-1.0454606771887227,False,False,False
22障340,13.610658555729126,0,56,-0.47214353163361666,False,False,False
22障347,13.610658555729126,0,38,-1.0791852151625523,False,False,False
22障350,13.610658555729126,0,61,-0.30352084176446786,False,False,False
22障352,13.610658555729126,0,72,0.06744907594765952,False,False,False
19障246,13.60892654392097,0,119,1.6525023607176583,False,False,False
29障46,13.608680281712243,0,70,0.0,False,False,False
2023障238,13.607719982973785,0,170,3.3724537973829762,False,False,False
26障169,13.605474668613445,0,97,0.9105625252934035,False,False,False
24障186,13.600596610160013,0,86,0.5395926075812761,False,False,False
24障187,13.600596610160013,0,54,-0.5395926075812761,False,False,False
30障43,13.596195725049997,0,77,0.23607176581680833,False,False,False
18障244,13.590979900730133,0,65,-0.1686226898691488,False,False,False
18障242,13.590979900730133,0,35,-1.1803588290840417,False,False,False
25障260,13.578699930047053,0,65,-0.1686226898691488,False,False,False
21障208,13.576445000875621,0,76,0.20234722784297857,False,False,False
22障234,13.576205082043094,0,58,-0.40469445568595713,False,False,False
22障232,13.576205082043094,0,47,-0.7756643733980845,False,False,False
20障201,13.5721346493745,0,60,-0.3372453797382976,False,False,False
22障212,13.567842797292956,0,51,-0.6407662215027655,False,False,False
23障334,13.567299294284869,0,51,-0.6407662215027655,False,False,False
27障37,13.566904113003297,0,98,0.9442870632672333,False,False,False
2021障261,13.566378642817346,0,61,-0.30352084176446786,False,False,False
2021障264,13.566378642817346,0,67,-0.10117361392148928,False,False,False
18障272,13.564932058832989,0,62,-0.26979630379063807,False,False,False
26障79,13.559149890288404,0,89,0.6407662215027655,False,False,False
19障442,13.558331657669951,0,43,-0.9105625252934035,False,False,False
21障246,13.55822093885014,0,103,1.112909753136382,False,False,False
21障245,13.55822093885014,0,35,-1.1803588290840417,False,False,False
27障183,13.553081734552501,0,74,0.13489815189531904,False,False,False
27障185,13.553081734552501,0,70,0.0,False,False,False
29障349,13.549694506024275,0,99,0.9780116012410631,False,False,False
19障375,13.548397787301393,0,29,-1.3827060569270202,False,False,False
19障377,13.548397787301393,0,46,-0.8093889113719143,False,False,False
19障378,13.548397787301393,0,29,-1.3827060569270202,False,False,False
19障382,13.548397787301393,0,62,-0.26979630379063807,False,False,False
19障390,13.548397787301393,0,63,-0.23607176581680833,False,False,False
18障103,13.54838872814981,0,44,-0.8768379873195737,False,False,False
20障47,13.548077111714932,0,58,-0.40469445568595713,False,False,False
2019障294,13.538399161988119,0,50,-0.6744907594765952,False,False,False
2019障296,13.538399161988119,0,145,2.5293403480372323,False,False,False
25障84,13.537711563305166,0,38,-1.0791852151625523,False,False,False
25障83,13.537711563305166,0,108,1.281532443005531,False,False,False
2020障354,13.536289057542307,0,83,0.43841899365978687,False,False,False
29障288,13.532419177483048,0,73,0.10117361392148928,False,False,False
18障381,13.530451144110557,0,59,-0.3709699177121274,False,False,False
18障389,13.530451144110557,0,50,-0.6744907594765952,False,False,False
26障39,13.526153715345009,0,48,-0.7419398354242548,False,False,False
26障309,13.520534867864392,0,147,2.5967894239848914,False,False,False
24障361,13.517553296812478,0,65,-0.1686226898691488,False,False,False
19障255,13.513944313615363,0,45,-0.8431134493457441,False,False,False
19障250,13.513944313615363,0,57,-0.43841899365978687,False,False,False
19障252,13.513944313615363,0,66,-0.13489815189531904,False,False,False
30障362,13.511162107464886,0,73,0.10117361392148928,False,False,False
19障225,13.505582028865225,0,97,0.9105625252934035,False,False,False
18障259,13.50165204628359,0,37,-1.112909753136382,False,False,False
2021障137,13.495404951987139,0,136,2.225819506272764,False,False,False
25障306,13.492630743532535,0,59,-0.3709699177121274,False,False,False
25障307,13.492630743532535,0,80,0.3372453797382976,False,False,False
25障192,13.491513386317424,0,96,0.8768379873195737,False,False,False
2023障46,13.490960018697013,0,161,3.068932955618508,False,False,False
23障307,13.490002621126267,0,33,-1.2478079050317012,False,False,False
23障306,13.490002621126267,0,73,0.10117361392148928,False,False,False
19障415,13.489013828933333,0,44,-0.8768379873195737,False,False,False
18障223,13.48763538567439,0,55,-0.5058680696074465,False,False,False
19障276,13.486758233301302,0,65,-0.1686226898691488,False,False,False
21障210,13.481462770570014,0,65,-0.1686226898691488,False,False,False
21障231,13.473948563593625,0,86,0.5395926075812761,False,False,False
22障216,13.472860566987348,0,70,0.0,False,False,False
28障308,13.471796656629694,0,70,0.0,False,False,False
28障309,13.471796656629694,0,74,0.13489815189531904,False,False,False
18障406,13.471067185742497,0,60,-0.3372453797382976,False,False,False
28障178,13.470140794536107,0,77,0.23607176581680833,False,False,False
27障386,13.470038421204963,0,59,-0.3709699177121274,False,False,False
18障288,13.469411323648908,0,59,-0.3709699177121274,False,False,False
30障273,13.468791705783518,0,71,0.03372453797382976,False,False,False
26障152,13.467781662688108,0,42,-0.9442870632672333,False,False,False
2020障330,13.458992384383707,0,118,1.6187778227438285,False,False,False
2020障331,13.458992384383707,0,76,0.20234722784297857,False,False,False
2020障209,13.457336522290118,0,82,0.40469445568595713,False,False,False
30障142,13.450711427546327,0,54,-0.5395926075812761,False,False,False
2021障57,13.449618678540572,0,84,0.47214353163361666,False,False,False
22障60,13.448803029327783,0,82,0.40469445568595713,False,False,False
22障59,13.448803029327783,0,56,-0.47214353163361666,False,False,False
29障325,13.44634999096853,0,92,0.7419398354242548,False,False,False
27障393,13.442852340890903,0,170,3.3724537973829762,False,False,False
30障328,13.433865434306286,0,48,-0.7419398354242548,False,False,False
30障327,13.433865434306286,0,79,0.30352084176446786,False,False,False
22障109,13.426535788662308,0,64,-0.20234722784297857,False,False,False
24障362,13.42257106650687,0,103,1.112909753136382,False,False,False
26障196,13.417969482995053,0,96,0.8768379873195737,False,False,False
26障199,13.417969482995053,0,40,-1.011736139214893,False,False,False
24障338,13.414208781756733,0,62,-0.26979630379063807,False,False,False
24障339,13.414208781756733,0,44,-0.8768379873195737,False,False,False
2022障223,13.413693408188836,0,118,1.6187778227438285,False,False,False
19障439,13.412367365347071,0,20,-1.6862268986914881,False,False,False
18障402,13.407787173193098,0,50,-0.6744907594765952,False,False,False
24障329,13.405295737965643,0,64,-0.20234722784297857,False,False,False
25障308,13.397648513226928,0,59,-0.3709699177121274,False,False,False
17障185,13.396997405655739,0,61,-0.30352084176446786,False,False,False
24障372,13.395984719731251,0,62,-0.26979630379063807,False,False,False
23障308,13.39502039082066,0,18,-1.7536759746391475,False,False,False
23障309,13.39502039082066,0,56,-0.47214353163361666,False,False,False
22障395,13.389817253639814,0,157,2.9340348037231894,False,False,False
23障331,13.387506183844271,0,92,0.7419398354242548,False,False,False
19障75,13.386542260900052,0,49,-0.708215297450425,False,False,False
28障169,13.385868419279594,0,135,2.1920949682989344,False,False,False
18障252,13.385138948392393,0,31,-1.3152569809793606,False,False,False
28障310,13.376814426324087,0,79,0.30352084176446786,False,False,False
27障352,13.366693906149221,0,40,-1.011736139214893,False,False,False
27障204,13.365576548934108,0,87,0.5733171455551059,False,False,False
2020障327,13.3640101540781,0,48,-0.7419398354242548,False,False,False
2020障328,13.3640101540781,0,59,-0.3709699177121274,False,False,False
29障327,13.351367760662923,0,85,0.5058680696074465,False,False,False
17障359,13.348302583177796,0,43,-0.9105625252934035,False,False,False
17障244,13.346646721084209,0,67,-0.10117361392148928,False,False,False
20障43,13.346555265487337,0,93,0.7756643733980845,False,False,False
18障127,13.34632837704374,0,55,-0.5058680696074465,False,False,False
27障243,13.342669608859495,0,51,-0.6407662215027655,False,False,False
19障248,13.339805579033833,0,51,-0.6407662215027655,False,False,False
2022障86,13.338954332026784,0,111,1.3827060569270202,False,False,False
2022障87,13.338954332026784,0,105,1.1803588290840417,False,False,False
2022障88,13.338954332026784,0,73,0.10117361392148928,False,False,False
30障331,13.338883204000679,0,76,0.20234722784297857,False,False,False
30障335,13.338883204000679,0,41,-0.9780116012410631,False,False,False
30障332,13.338883204000679,0,71,0.03372453797382976,False,False,False
30障330,13.338883204000679,0,44,-0.8768379873195737,False,False,False
30障333,13.338883204000679,0,72,0.06744907594765952,False,False,False
30障334,13.338883204000679,0,59,-0.3709699177121274,False,False,False
2021障216,13.336503055517587,0,69,-0.03372453797382976,False,False,False
20障106,13.335845410438242,0,55,-0.5058680696074465,False,False,False
22障111,13.3315535583567,0,36,-1.1466342911102119,False,False,False
19障57,13.331278845291182,0,116,1.551328746796169,False,False,False
2019障74,13.326656967405738,0,46,-0.8093889113719143,False,False,False
19障393,13.325659997810565,0,108,1.281532443005531,False,False,False
24障157,13.324515159074789,0,40,-1.011736139214893,False,False,False
26障331,13.324104609904557,0,81,0.3709699177121274,False,False,False
18障415,13.322718749241437,0,86,0.5395926075812761,False,False,False
23障175,13.309092153470557,0,114,1.4838796708485096,False,False,False
25障144,13.307954890544984,0,45,-0.8431134493457441,False,False,False
2021障163,13.307899766368745,0,73,0.10117361392148928,False,False,False
2022障49,13.30444765088845,0,105,1.1803588290840417,False,False,False
21障393,13.303437226916872,0,62,-0.26979630379063807,False,False,False
17障189,13.302015175350132,0,67,-0.10117361392148928,False,False,False
21障365,13.295074942166734,0,104,1.1466342911102119,False,False,False
21障237,13.29395758495162,0,109,1.3152569809793606,False,False,False
2020障350,13.293215934552313,0,60,-0.3372453797382976,False,False,False
20障374,13.290764590665612,0,44,-0.8768379873195737,False,False,False
20障376,13.290764590665612,0,54,-0.5395926075812761,False,False,False
20障227,13.289647233450498,0,79,0.30352084176446786,False,False,False
18障438,13.283562000124103,0,58,-0.40469445568595713,False,False,False
19障66,13.280002644978063,0,139,2.3269931201942535,False,False,False
27障388,13.264197468867225,0,48,-0.7419398354242548,False,False,False
17障361,13.253320352872189,0,98,0.9442870632672333,False,False,False
17障362,13.253320352872189,0,40,-1.011736139214893,False,False,False
2020障63,13.247250189801326,0,74,0.13489815189531904,False,False,False
2020障65,13.247250189801326,0,71,0.03372453797382976,False,False,False
17障391,13.2458061458958,0,90,0.6744907594765952,False,False,False
2021障136,13.230603093210144,0,111,1.3827060569270202,False,False,False
28障107,13.227763812175574,0,59,-0.3709699177121274,False,False,False
19障268,13.223094612941226,0,86,0.5395926075812761,False,False,False
19障280,13.22255610806275,0,66,-0.13489815189531904,False,False,False
28障18,13.211220481492392,0,92,0.7419398354242548,False,False,False
25障334,13.210143327608536,0,103,1.112909753136382,False,False,False
21障223,13.209146704816632,0,66,-0.13489815189531904,False,False,False
18障401,13.206265326965502,0,89,0.6407662215027655,False,False,False
18障261,13.205147969750389,0,32,-1.281532443005531,False,False,False
24障83,13.202466587174353,0,86,0.5395926075812761,False,False,False
21障368,13.200092711861126,0,108,1.281532443005531,False,False,False
21障367,13.200092711861126,0,41,-0.9780116012410631,False,False,False
21障366,13.200092711861126,0,110,1.3489815189531904,False,False,False
20障378,13.195782360360004,0,45,-0.8431134493457441,False,False,False
20障379,13.195782360360004,0,37,-1.112909753136382,False,False,False
20障377,13.195782360360004,0,128,1.9560232024821262,False,False,False
20障241,13.194126498266415,0,72,0.06744907594765952,False,False,False
20障237,13.194126498266415,0,74,0.13489815189531904,False,False,False
21障394,13.192578504884738,0,55,-0.5058680696074465,False,False,False
22障365,13.191490508278465,0,52,-0.6070416835289357,False,False,False
28障347,13.189309240705695,0,69,-0.03372453797382976,False,False,False
18障439,13.187441531401578,0,68,-0.06744907594765952,False,False,False
2019障174,13.18493805523391,0,100,1.011736139214893,False,False,False
2021障59,13.18481681976358,0,100,1.011736139214893,False,False,False
2022障101,13.18400845745207,0,83,0.43841899365978687,False,False,False
27障143,13.182018053161668,0,77,0.23607176581680833,False,False,False
17障220,13.16739211552209,0,112,1.41643059490085,False,False,False
2023障105,13.165682610752748,0,86,0.5395926075812761,False,False,False
19障374,13.149333704390507,0,46,-0.8093889113719143,False,False,False
2019障42,13.146863856965142,0,71,0.03372453797382976,False,False,False
26障356,13.136060919407692,0,83,0.43841899365978687,False,False,False
2022障98,13.131232461276184,0,78,0.26979630379063807,False,False,False
2023障40,13.131175929614413,0,102,1.0791852151625523,False,False,False
19障410,13.12922973985073,0,41,-0.9780116012410631,False,False,False
19障411,13.12922973985073,0,31,-1.3152569809793606,False,False,False
19障414,13.12922973985073,0,63,-0.23607176581680833,False,False,False
19障409,13.12922973985073,0,63,-0.23607176581680833,False,False,False
19障413,13.12922973985073,0,72,0.06744907594765952,False,False,False
19障412,13.12922973985073,0,89,0.6407662215027655,False,False,False
19障284,13.127573877757143,0,37,-1.112909753136382,False,False,False
28障176,13.11833554987549,0,77,0.23607176581680833,False,False,False
28障175,13.11833554987549,0,73,0.10117361392148928,False,False,False
25障339,13.114622592424453,0,90,0.6744907594765952,False,False,False
25障338,13.114622592424453,0,66,-0.13489815189531904,False,False,False
18障403,13.111283096659895,0,39,-1.0454606771887227,False,False,False
18障404,13.111283096659895,0,51,-0.6407662215027655,False,False,False
18障281,13.109627234566306,0,51,-0.6407662215027655,False,False,False
18障283,13.109627234566306,0,66,-0.13489815189531904,False,False,False
18障279,13.109627234566306,0,58,-0.40469445568595713,False,False,False
2020障195,13.1055312776295,0,83,0.43841899365978687,False,False,False
2020障192,13.1055312776295,0,101,1.0454606771887227,False,False,False
27障309,13.105486208960667,0,100,1.011736139214893,False,False,False
27障285,13.102169840680375,0,70,0.0,False,False,False
27障286,13.102169840680375,0,87,0.5733171455551059,False,False,False
23障46,13.09846731610329,0,72,0.06744907594765952,False,False,False
23障48,13.09846731610329,0,73,0.10117361392148928,False,False,False
29障202,13.092888884214323,0,48,-0.7419398354242548,False,False,False
2021障54,13.089834589457972,0,66,-0.13489815189531904,False,False,False
21障79,13.083332747584354,0,106,1.2140833670578715,False,False,False
30障205,13.08040432755208,0,61,-0.30352084176446786,False,False,False
30障206,13.08040432755208,0,70,0.0,False,False,False
20障76,13.079022396083232,0,75,0.1686226898691488,False,False,False
20障79,13.079022396083232,0,47,-0.7756643733980845,False,False,False
27障242,13.077867750082502,0,70,0.0,False,False,False
2022障90,13.074152473249791,0,80,0.3372453797382976,False,False,False
26障201,13.06562573345596,0,52,-0.6070416835289357,False,False,False
17障396,13.065276662375322,0,115,1.5176042088223394,False,False,False
22障314,13.063593974557435,0,107,1.2478079050317012,False,False,False
24障212,13.060747675002528,0,70,0.0,False,False,False
30障44,13.04233012928331,0,58,-0.40469445568595713,False,False,False
30障45,13.04233012928331,0,96,0.8768379873195737,False,False,False
24障368,13.03620063064865,0,106,1.2140833670578715,False,False,False
26障46,13.027551535187191,0,62,-0.26979630379063807,False,False,False
24障59,13.022673476733758,0,65,-0.1686226898691488,False,False,False
23障60,13.013458567766895,0,49,-0.708215297450425,False,False,False
21障397,13.012587526242735,0,77,0.23607176581680833,False,False,False
2019障165,13.005144944793313,0,105,1.1803588290840417,False,False,False
22障398,13.003985322660071,0,63,-0.23607176581680833,False,False,False
2019障129,13.001379559461471,0,106,1.2140833670578715,False,False,False
2019障130,13.001379559461471,0,97,0.9105625252934035,False,False,False
17障236,12.994841476423591,0,67,-0.10117361392148928,False,False,False
17障238,12.994841476423591,0,79,0.30352084176446786,False,False,False
18障105,12.994523132383122,0,52,-0.6070416835289357,False,False,False
18障107,12.994523132383122,0,45,-0.8431134493457441,False,False,False
18障108,12.994523132383122,0,64,-0.20234722784297857,False,False,False
26障163,12.991923221885799,0,158,2.967759341697019,False,False,False
2020障64,12.982448331024333,0,78,0.26979630379063807,False,False,False
21障348,12.967417475630182,0,81,0.3709699177121274,False,False,False
2019障73,12.966872878323137,0,111,1.3827060569270202,False,False,False
17障269,12.964494196805472,0,86,0.5395926075812761,False,False,False
25障145,12.95561114100589,0,43,-0.9105625252934035,False,False,False
2023障30,12.951382819173817,0,78,0.26979630379063807,False,False,False
24障77,12.93766472839736,0,125,1.8548495885606369,False,False,False
20障234,12.937303483911405,0,47,-0.7756643733980845,False,False,False
27障181,12.935936126236415,0,113,1.4501551328746798,False,False,False
22障249,12.933011631829864,0,54,-0.5395926075812761,False,False,False
22障245,12.933011631829864,0,92,0.7419398354242548,False,False,False
22障244,12.933011631829864,0,37,-1.112909753136382,False,False,False
22障246,12.933011631829864,0,62,-0.26979630379063807,False,False,False
20障396,12.923466294606625,0,75,0.1686226898691488,False,False,False
25障62,12.921104459867555,0,63,-0.23607176581680833,False,False,False
23障62,12.918476337461287,0,31,-1.3152569809793606,False,False,False
29障144,12.909330388441884,0,69,-0.03372453797382976,False,False,False
2023障100,12.900880751975755,0,125,1.8548495885606369,False,False,False
2023障102,12.900880751975755,0,108,1.281532443005531,False,False,False
20障56,12.899229285642635,0,34,-1.2140833670578715,False,False,False
20障57,12.899229285642635,0,76,0.20234722784297857,False,False,False
30障143,12.89684583177964,0,105,1.1803588290840417,False,False,False
26障168,12.893346829991751,0,66,-0.13489815189531904,False,False,False
27障52,12.890149852789847,0,91,0.708215297450425,False,False,False
27障53,12.890149852789847,0,52,-0.6070416835289357,False,False,False
2022障94,12.887504380918868,0,143,2.4618912720895727,False,False,False
2022障97,12.887504380918868,0,122,1.7536759746391475,False,False,False
2020障60,12.887466100718726,0,68,-0.06744907594765952,False,False,False
2019障48,12.882061998188147,0,73,0.10117361392148928,False,False,False
2019障52,12.882061998188147,0,77,0.23607176581680833,False,False,False
21障181,12.872230429952511,0,79,0.30352084176446786,False,False,False
19障272,12.870750863402133,0,42,-0.9442870632672333,False,False,False
21障197,12.867911323842366,0,75,0.1686226898691488,False,False,False
22障211,12.855714958671262,0,67,-0.10117361392148928,False,False,False
18障271,12.852804220211295,0,47,-0.7756643733980845,False,False,False
18障273,12.852804220211295,0,24,-1.551328746796169,False,False,False
27障171,12.848867163629391,0,87,0.5733171455551059,False,False,False
26障63,12.847560556545186,0,121,1.719951436665318,False,False,False
2021障210,12.84297121188742,0,97,0.9105625252934035,False,False,False
2020障199,12.840729418852508,0,94,0.8093889113719143,False,False,False
25障36,12.836293579732567,0,80,0.3372453797382976,False,False,False
23障35,12.8336654573263,0,78,0.26979630379063807,False,False,False
23障39,12.8336654573263,0,43,-0.9105625252934035,False,False,False
23障34,12.8336654573263,0,56,-0.47214353163361666,False,False,False
2019障254,12.829865484954864,0,38,-1.0791852151625523,False,False,False
29障198,12.82808702543733,0,124,1.821125050586807,False,False,False
30障201,12.815602468775086,0,71,0.03372453797382976,False,False,False
28障44,12.815459492829726,0,147,2.5967894239848914,False,False,False
20障70,12.81422053730624,0,90,0.6744907594765952,False,False,False
2020障49,12.802655220583738,0,59,-0.3709699177121274,False,False,False
27障55,12.79516762248424,0,125,1.8548495885606369,False,False,False
2022障155,12.792782414540905,0,87,0.5733171455551059,False,False,False
2019障57,12.78707976788254,0,96,0.8768379873195737,False,False,False
30障38,12.777528270506316,0,97,0.9105625252934035,False,False,False
17障85,12.776776299512816,0,71,0.03372453797382976,False,False,False
17障60,12.776776299512816,0,52,-0.6070416835289357,False,False,False
17障83,12.776776299512816,0,67,-0.10117361392148928,False,False,False
17障84,12.776776299512816,0,46,-0.8093889113719143,False,False,False
23障187,12.77675742528946,0,48,-0.7419398354242548,False,False,False
21障211,12.76933493194832,0,58,-0.40469445568595713,False,False,False
2021障127,12.764557181513705,0,157,2.9340348037231894,False,False,False
21障230,12.761820724971932,0,133,2.1246458923512748,False,False,False
22障215,12.760732728365655,0,58,-0.40469445568595713,False,False,False
28障173,12.758551460792889,0,38,-1.0791852151625523,False,False,False
21障169,12.758055339640087,0,53,-0.5733171455551059,False,False,False
24障51,12.757871617956765,0,54,-0.5395926075812761,False,False,False
20障172,12.753744988138966,0,42,-0.9442870632672333,False,False,False
20障173,12.753744988138966,0,42,-0.9442870632672333,False,False,False
20障174,12.753744988138966,0,44,-0.8768379873195737,False,False,False
27障201,12.748430940618022,0,131,2.0571968164036156,False,False,False
2020障188,12.7457471885469,0,59,-0.3709699177121274,False,False,False
18障436,12.743984800600908,0,43,-0.9105625252934035,False,False,False
29障199,12.733104795131723,0,167,3.271280183461487,False,False,False
17障224,12.730039617646598,0,79,0.30352084176446786,False,False,False
30障321,12.72533175727303,0,109,1.3152569809793606,False,False,False
30障202,12.720620238469479,0,55,-0.5058680696074465,False,False,False
30障203,12.720620238469479,0,42,-0.9442870632672333,False,False,False
28障49,12.720477262524119,0,118,1.6187778227438285,False,False,False
2019障232,12.720009500752585,0,59,-0.3709699177121274,False,False,False
2019障240,12.720009500752585,0,133,2.1246458923512748,False,False,False
22障77,12.71494645491909,0,68,-0.06744907594765952,False,False,False
22障78,12.71494645491909,0,54,-0.5395926075812761,False,False,False
2020障51,12.707672990278128,0,55,-0.5058680696074465,False,False,False
24障335,12.705675104723479,0,75,0.1686226898691488,False,False,False
24障209,12.700963585919927,0,61,-0.30352084176446786,False,False,False
2022障169,12.697800184235298,0,103,1.112909753136382,False,False,False
2022障170,12.697800184235298,0,83,0.43841899365978687,False,False,False
2022障171,12.697800184235298,0,112,1.41643059490085,False,False,False
2022障157,12.697800184235298,0,84,0.47214353163361666,False,False,False
17障52,12.691965419377828,0,42,-0.9442870632672333,False,False,False
17障54,12.691965419377828,0,56,-0.47214353163361666,False,False,False
17障53,12.691965419377828,0,89,0.6407662215027655,False,False,False
23障169,12.69194654515447,0,67,-0.10117361392148928,False,False,False
25障135,12.690809282228898,0,90,0.6744907594765952,False,False,False
25障137,12.690809282228898,0,52,-0.6070416835289357,False,False,False
23障125,12.688181159822628,0,84,0.47214353163361666,False,False,False
23障124,12.688181159822628,0,60,-0.3372453797382976,False,False,False
2021障249,12.688025337312705,0,82,0.40469445568595713,False,False,False
19障193,12.687192367629693,0,50,-0.6744907594765952,False,False,False
19障194,12.687192367629693,0,36,-1.1466342911102119,False,False,False
18障227,12.680525316747088,0,69,-0.03372453797382976,False,False,False
25障255,12.674241082297003,0,43,-0.9105625252934035,False,False,False
18障249,12.6730111097707,0,74,0.13489815189531904,False,False,False
23障258,12.671612959890735,0,110,1.3489815189531904,False,False,False
28障131,12.669975195326057,0,84,0.47214353163361666,False,False,False
28障128,12.669975195326057,0,42,-0.9442870632672333,False,False,False
28障129,12.669975195326057,0,82,0.40469445568595713,False,False,False
28障130,12.669975195326057,0,45,-0.8431134493457441,False,False,False
18障192,12.669245724438856,0,69,-0.03372453797382976,False,False,False
26障44,12.66776744610459,0,59,-0.3709699177121274,False,False,False
21障400,12.660243776703641,0,136,2.225819506272764,False,False,False
2020障130,12.657170923080068,0,91,0.708215297450425,False,False,False
28障247,12.653406995394162,0,34,-1.2140833670578715,False,False,False
28障245,12.653406995394162,0,72,0.06744907594765952,False,False,False
19障108,12.65268568649136,0,56,-0.47214353163361666,False,False,False
2019障163,12.645360855710715,0,72,0.06744907594765952,False,False,False
29障139,12.64452852966489,0,64,-0.20234722784297857,False,False,False
2019障125,12.64159547037887,0,35,-1.1803588290840417,False,False,False
21障53,12.638737778366766,0,78,0.26979630379063807,False,False,False
21障55,12.638737778366766,0,118,1.6187778227438285,False,False,False
18障100,12.634739043300522,0,78,0.26979630379063807,False,False,False
20障44,12.634427426865644,0,98,0.9442870632672333,False,False,False
2023障205,12.634384447163539,0,63,-0.23607176581680833,False,False,False
30障139,12.632043973002647,0,43,-0.9105625252934035,False,False,False
22障51,12.6301355747841,0,147,2.5967894239848914,False,False,False
26障187,12.621030764238371,0,48,-0.7419398354242548,False,False,False
2023障190,12.619510693266868,0,115,1.5176042088223394,False,False,False
26障134,12.617265378906527,0,59,-0.3709699177121274,False,False,False
26障136,12.617265378906527,0,51,-0.6407662215027655,False,False,False
26障133,12.617265378906527,0,98,0.9442870632672333,False,False,False
26障131,12.617265378906527,0,66,-0.13489815189531904,False,False,False
26障130,12.617265378906527,0,57,-0.43841899365978687,False,False,False
30障269,12.615475773070752,0,42,-0.9442870632672333,False,False,False
19障261,12.60594900462514,0,80,0.3372453797382976,False,False,False
25障142,12.59582705192329,0,35,-1.1803588290840417,False,False,False
25障143,12.59582705192329,0,48,-0.7419398354242548,False,False,False
23障126,12.59319892951702,0,96,0.8768379873195737,False,False,False
23障127,12.59319892951702,0,38,-1.0791852151625523,False,False,False
2021障248,12.593043107007098,0,64,-0.20234722784297857,False,False,False
19障440,12.589380804693247,0,39,-1.0454606771887227,False,False,False
21障359,12.58654126513348,0,68,-0.06744907594765952,False,False,False
2022障180,12.585060543790306,0,78,0.26979630379063807,False,False,False
2022障189,12.585060543790306,0,122,1.7536759746391475,False,False,False
21障238,12.581829746329927,0,74,0.13489815189531904,False,False,False
20障223,12.577519394828805,0,52,-0.6070416835289357,False,False,False
28障133,12.57499296502045,0,40,-1.011736139214893,False,False,False
28障134,12.57499296502045,0,61,-0.30352084176446786,False,False,False
28障135,12.57499296502045,0,89,0.6407662215027655,False,False,False
19障63,12.56787480635637,0,90,0.6744907594765952,False,False,False
19障64,12.56787480635637,0,31,-1.3152569809793606,False,False,False
27障136,12.564872444845582,0,90,0.6744907594765952,False,False,False
27障138,12.564872444845582,0,84,0.47214353163361666,False,False,False
2020障123,12.56218869277446,0,59,-0.3709699177121274,False,False,False
2020障124,12.56218869277446,0,59,-0.3709699177121274,False,False,False
2020障125,12.56218869277446,0,74,0.13489815189531904,False,False,False
2020障126,12.56218869277446,0,55,-0.5058680696074465,False,False,False
2020障128,12.56218869277446,0,55,-0.5058680696074465,False,False,False
2019障137,12.549929608353555,0,88,0.6070416835289357,False,False,False
18障62,12.549928163165534,0,32,-1.281532443005531,False,False,False
29障142,12.549546299359283,0,106,1.2140833670578715,False,False,False
29障141,12.549546299359283,0,49,-0.708215297450425,False,False,False
17障171,12.546481121874159,0,110,1.3489815189531904,False,False,False
17障172,12.546481121874159,0,53,-0.5733171455551059,False,False,False
21障62,12.543755548061158,0,107,1.2478079050317012,False,False,False
30障141,12.53706174269704,0,39,-1.0454606771887227,False,False,False
17障308,12.529912921942264,0,114,1.4838796708485096,False,False,False
30障320,12.523809911045436,0,61,-0.30352084176446786,False,False,False
26障141,12.52228314860092,0,45,-0.8431134493457441,False,False,False
24障159,12.517405090147488,0,57,-0.43841899365978687,False,False,False
24障160,12.517405090147488,0,61,-0.30352084176446786,False,False,False
23障275,12.516667085316021,0,78,0.26979630379063807,False,False,False
19障266,12.510966774319533,0,23,-1.5850532847699987,False,False,False
19障267,12.510966774319533,0,92,0.7419398354242548,False,False,False
25障159,12.504161189897975,0,76,0.20234722784297857,False,False,False
21障166,12.493253480863094,0,89,0.6407662215027655,False,False,False
21障165,12.493253480863094,0,41,-0.9780116012410631,False,False,False
18障260,12.493020131128695,0,55,-0.5058680696074465,False,False,False
18障265,12.493020131128695,0,49,-0.708215297450425,False,False,False
20障170,12.488943129361973,0,56,-0.47214353163361666,False,False,False
22障178,12.484651277280431,0,60,-0.3372453797382976,False,False,False
2021障211,12.48318712280482,0,54,-0.5395926075812761,False,False,False
19障71,12.472892576050763,0,35,-1.1803588290840417,False,False,False
20障310,12.47237492943008,0,75,0.1686226898691488,False,False,False
27障139,12.469890214539975,0,30,-1.3489815189531904,False,False,False
27障140,12.469890214539975,0,62,-0.26979630379063807,False,False,False
27障141,12.469890214539975,0,45,-0.8431134493457441,False,False,False
2019障237,12.455207641975592,0,135,2.1920949682989344,False,False,False
17障170,12.451498891568551,0,37,-1.112909753136382,False,False,False
17障174,12.451498891568551,0,116,1.551328746796169,False,False,False
26障293,12.44575130439992,0,64,-0.20234722784297857,False,False,False
19障188,12.4223905088527,0,47,-0.7756643733980845,False,False,False
19障189,12.4223905088527,0,57,-0.43841899365978687,False,False,False
25障243,12.40943922352001,0,151,2.7316875758802106,False,False,False
25障249,12.40943922352001,0,56,-0.47214353163361666,False,False,False
25障248,12.40943922352001,0,60,-0.3372453797382976,False,False,False
25障244,12.40943922352001,0,41,-0.9780116012410631,False,False,False
23障253,12.406811101113743,0,99,0.9780116012410631,False,False,False
23障251,12.406811101113743,0,44,-0.8768379873195737,False,False,False
23障254,12.406811101113743,0,38,-1.0791852151625523,False,False,False
18障187,12.404443865661863,0,44,-0.8768379873195737,False,False,False
18障188,12.404443865661863,0,63,-0.23607176581680833,False,False,False
18障189,12.404443865661863,0,55,-0.5058680696074465,False,False,False
28障288,12.40347889051384,0,33,-1.2478079050317012,False,False,False
28障287,12.40347889051384,0,118,1.6187778227438285,False,False,False
21障227,12.40203663588933,0,76,0.20234722784297857,False,False,False
21障167,12.398271250557487,0,36,-1.1466342911102119,False,False,False
21障168,12.398271250557487,0,74,0.13489815189531904,False,False,False
22障233,12.393434432306668,0,66,-0.13489815189531904,False,False,False
2021障224,12.391521260779504,0,72,0.06744907594765952,False,False,False
2021障242,12.391521260779504,0,96,0.8768379873195737,False,False,False
22障181,12.389669046974824,0,102,1.0791852151625523,False,False,False
22障179,12.389669046974824,0,36,-1.1466342911102119,False,False,False
28障238,12.38860513661717,0,56,-0.47214353163361666,False,False,False
28障239,12.38860513661717,0,117,1.5850532847699987,False,False,False
2020障246,12.37580086437118,0,89,0.6407662215027655,False,False,False
2020障247,12.37580086437118,0,85,0.5058680696074465,False,False,False
2020障264,12.37580086437118,0,107,1.2478079050317012,False,False,False
2020障254,12.37580086437118,0,80,0.3372453797382976,False,False,False
2020障259,12.37580086437118,0,75,0.1686226898691488,False,False,False
17障331,12.37496704736755,0,102,1.0791852151625523,False,False,False
30障311,12.36554766819043,0,66,-0.13489815189531904,False,False,False
29障264,12.363158470956005,0,79,0.30352084176446786,False,False,False
29障265,12.363158470956005,0,66,-0.13489815189531904,False,False,False
29障266,12.363158470956005,0,71,0.03372453797382976,False,False,False
29障267,12.363158470956005,0,59,-0.3709699177121274,False,False,False
29障268,12.363158470956005,0,32,-1.281532443005531,False,False,False
2023障109,12.361888910105739,0,99,0.9780116012410631,False,False,False
2023障111,12.361888910105739,0,91,0.708215297450425,False,False,False
2023障114,12.361888910105739,0,125,1.8548495885606369,False,False,False
2019障231,12.360225411669985,0,59,-0.3709699177121274,False,False,False
2019障235,12.360225411669985,0,75,0.1686226898691488,False,False,False
26障312,12.35076907409431,0,97,0.9105625252934035,False,False,False
26障313,12.35076907409431,0,84,0.47214353163361666,False,False,False
30障259,12.35067391429376,0,30,-1.3489815189531904,False,False,False
26障263,12.335895320197642,0,112,1.41643059490085,False,False,False
26障256,12.335895320197642,0,52,-0.6070416835289357,False,False,False
26障259,12.335895320197642,0,83,0.43841899365978687,False,False,False
26障262,12.335895320197642,0,58,-0.40469445568595713,False,False,False
24障276,12.331017261744208,0,88,0.6070416835289357,False,False,False
24障277,12.331017261744208,0,49,-0.708215297450425,False,False,False
24障278,12.331017261744208,0,52,-0.6070416835289357,False,False,False
19障192,12.327408278547093,0,72,0.06744907594765952,False,False,False
2021障130,12.320547569949296,0,105,1.1803588290840417,False,False,False
2021障131,12.320547569949296,0,77,0.23607176581680833,False,False,False
25障277,12.317773361494694,0,63,-0.23607176581680833,False,False,False
20障338,12.317429054855365,0,101,1.0454606771887227,False,False,False
23障273,12.315145239088427,0,79,0.30352084176446786,False,False,False
25障250,12.314456993214403,0,57,-0.43841899365978687,False,False,False
25障252,12.314456993214403,0,49,-0.708215297450425,False,False,False
25障254,12.314456993214403,0,63,-0.23607176581680833,False,False,False
25障251,12.314456993214403,0,43,-0.9105625252934035,False,False,False
22障332,12.313137202773824,0,80,0.3372453797382976,False,False,False
22障333,12.313137202773824,0,65,-0.1686226898691488,False,False,False
22障334,12.313137202773824,0,51,-0.6407662215027655,False,False,False
22障335,12.313137202773824,0,85,0.5058680696074465,False,False,False
23障255,12.311828870808133,0,48,-0.7419398354242548,False,False,False
23障256,12.311828870808133,0,46,-0.8093889113719143,False,False,False
18障191,12.309461635356255,0,49,-0.708215297450425,False,False,False
27障335,12.298376140033366,0,65,-0.1686226898691488,False,False,False
27障336,12.298376140033366,0,68,-0.06744907594765952,False,False,False
18障394,12.296209803704654,0,61,-0.30352084176446786,False,False,False
20障400,12.296149336119917,0,58,-0.40469445568595713,False,False,False
28障242,12.293622906311562,0,31,-1.3152569809793606,False,False,False
28障240,12.293622906311562,0,51,-0.6407662215027655,False,False,False
28障244,12.293622906311562,0,80,0.3372453797382976,False,False,False
22障397,12.291857484038378,0,56,-0.47214353163361666,False,False,False
2020障315,12.284135002345865,0,118,1.6187778227438285,False,False,False
2020障306,12.284135002345865,0,109,1.3152569809793606,False,False,False
27障272,12.283502386136695,0,49,-0.708215297450425,False,False,False
27障273,12.283502386136695,0,57,-0.43841899365978687,False,False,False
27障275,12.283502386136695,0,60,-0.3372453797382976,False,False,False
27障274,12.283502386136695,0,129,1.9897477404559558,False,False,False
2020障250,12.280818634065573,0,60,-0.3372453797382976,False,False,False
2020障251,12.280818634065573,0,67,-0.10117361392148928,False,False,False
2020障253,12.280818634065573,0,55,-0.5058680696074465,False,False,False
2020障256,12.280818634065573,0,81,0.3709699177121274,False,False,False
2020障257,12.280818634065573,0,58,-0.40469445568595713,False,False,False
2020障261,12.280818634065573,0,69,-0.03372453797382976,False,False,False
2020障263,12.280818634065573,0,75,0.1686226898691488,False,False,False
2021障244,12.27546525205422,0,91,0.708215297450425,False,False,False
2022障100,12.270358772602782,0,139,2.3269931201942535,False,False,False
2019障280,12.268559549644669,0,91,0.708215297450425,False,False,False
29障269,12.268176240650398,0,48,-0.7419398354242548,False,False,False
29障270,12.268176240650398,0,76,0.20234722784297857,False,False,False
29障271,12.268176240650398,0,41,-0.9780116012410631,False,False,False
17障300,12.265111063165271,0,35,-1.1803588290840417,False,False,False
17障302,12.265111063165271,0,73,0.10117361392148928,False,False,False
17障301,12.265111063165271,0,75,0.1686226898691488,False,False,False
30障284,12.259008052268443,0,47,-0.7756643733980845,False,False,False
30障267,12.255691683988152,0,56,-0.47214353163361666,False,False,False
30障262,12.255691683988152,0,82,0.40469445568595713,False,False,False
30障264,12.255691683988152,0,38,-1.0791852151625523,False,False,False
30障265,12.255691683988152,0,63,-0.23607176581680833,False,False,False
30障268,12.255691683988152,0,48,-0.7419398354242548,False,False,False
30障261,12.255691683988152,0,67,-0.10117361392148928,False,False,False
2022障179,12.253790572670889,0,101,1.0454606771887227,False,False,False
2022障186,12.253790572670889,0,147,2.5967894239848914,False,False,False
19障370,12.250876434346093,0,79,0.30352084176446786,False,False,False
26障284,12.244229458172326,0,63,-0.23607176581680833,False,False,False
26障265,12.240913089892032,0,38,-1.0791852151625523,False,False,False
26障267,12.240913089892032,0,32,-1.281532443005531,False,False,False
26障266,12.240913089892032,0,99,0.9780116012410631,False,False,False
24障301,12.239351399718892,0,55,-0.5058680696074465,False,False,False
24障286,12.2360350314386,0,118,1.6187778227438285,False,False,False
25障282,12.222791131189087,0,63,-0.23607176581680833,False,False,False
20障358,12.222446824549756,0,56,-0.47214353163361666,False,False,False
23障282,12.220163008782817,0,63,-0.23607176581680833,False,False,False
21障301,12.211883422154209,0,94,0.8093889113719143,False,False,False
21障302,12.211883422154209,0,38,-1.0791852151625523,False,False,False
21障303,12.211883422154209,0,33,-1.2478079050317012,False,False,False
20障303,12.207573070653087,0,24,-1.551328746796169,False,False,False
20障302,12.207573070653087,0,75,0.1686226898691488,False,False,False
22障304,12.203281218571545,0,50,-0.6744907594765952,False,False,False
22障305,12.203281218571545,0,29,-1.3827060569270202,False,False,False
22障302,12.203281218571545,0,79,0.30352084176446786,False,False,False
27障305,12.191836524111379,0,63,-0.23607176581680833,False,False,False
27障284,12.188520155831087,0,96,0.8768379873195737,False,False,False
27障283,12.188520155831087,0,28,-1.41643059490085,False,False,False
27障279,12.188520155831087,0,66,-0.13489815189531904,False,False,False
27障282,12.188520155831087,0,140,2.3607176581680833,False,False,False
2022障93,12.175376542297174,0,66,-0.13489815189531904,False,False,False
2022障96,12.175376542297174,0,78,0.26979630379063807,False,False,False
2022障99,12.175376542297174,0,121,1.719951436665318,False,False,False
17障304,12.170128832859664,0,56,-0.47214353163361666,False,False,False
17障305,12.170128832859664,0,34,-1.2140833670578715,False,False,False
17障307,12.170128832859664,0,63,-0.23607176581680833,False,False,False
26障304,12.149247227866717,0,56,-0.47214353163361666,False,False,False
23障154,12.149189317952612,0,45,-0.8431134493457441,False,False,False
19障343,12.141020450143815,0,34,-1.2140833670578715,False,False,False
19障344,12.141020450143815,0,73,0.10117361392148928,False,False,False
19障345,12.141020450143815,0,32,-1.281532443005531,False,False,False
28障147,12.13098335345604,0,43,-0.9105625252934035,False,False,False
28障148,12.13098335345604,0,25,-1.5176042088223394,False,False,False
28障149,12.13098335345604,0,125,1.8548495885606369,False,False,False
28障151,12.13098335345604,0,40,-1.011736139214893,False,False,False
29障109,12.130405218810115,0,127,1.9222986645082965,False,False,False
18障341,12.123073806952977,0,39,-1.0454606771887227,False,False,False
21障329,12.120217560128893,0,67,-0.10117361392148928,False,False,False
2020障138,12.118179081210052,0,86,0.5395926075812761,False,False,False
2020障141,12.118179081210052,0,44,-0.8768379873195737,False,False,False
21障304,12.116901191848601,0,61,-0.30352084176446786,False,False,False
21障308,12.116901191848601,0,58,-0.40469445568595713,False,False,False
21障305,12.116901191848601,0,56,-0.47214353163361666,False,False,False
21障307,12.116901191848601,0,23,-1.5850532847699987,False,False,False
21障306,12.116901191848601,0,110,1.3489815189531904,False,False,False
20障319,12.115907208627771,0,87,0.5733171455551059,False,False,False
20障305,12.112590840347478,0,53,-0.5733171455551059,False,False,False
20障306,12.112590840347478,0,42,-0.9442870632672333,False,False,False
20障307,12.112590840347478,0,114,1.4838796708485096,False,False,False
20障309,12.112590840347478,0,54,-0.5395926075812761,False,False,False
22障309,12.108298988265938,0,131,2.0571968164036156,False,False,False
29障162,12.105536687794874,0,65,-0.1686226898691488,False,False,False
29障163,12.105536687794874,0,47,-0.7756643733980845,False,False,False
2023障112,12.097087051328746,0,140,2.3607176581680833,False,False,False
2023障113,12.097087051328746,0,98,0.9442870632672333,False,False,False
2023障117,12.097087051328746,0,119,1.6525023607176583,False,False,False
30障164,12.09305213113263,0,55,-0.5058680696074465,False,False,False
30障163,12.09305213113263,0,37,-1.112909753136382,False,False,False
30障165,12.09305213113263,0,85,0.5058680696074465,False,False,False
2023障197,12.080518851396851,0,97,0.9105625252934035,False,False,False
2023障202,12.080518851396851,0,73,0.10117361392148928,False,False,False
2023障210,12.080518851396851,0,113,1.4501551328746798,False,False,False
2023障212,12.080518851396851,0,149,2.664238499932551,False,False,False
2023障219,12.080518851396851,0,112,1.41643059490085,False,False,False
2023障223,12.080518851396851,0,85,0.5058680696074465,False,False,False
17障333,12.078462970834348,0,62,-0.26979630379063807,False,False,False
17障342,12.078462970834348,0,69,-0.03372453797382976,False,False,False
26障159,12.07827353703651,0,24,-1.551328746796169,False,False,False
26障161,12.07827353703651,0,45,-0.8431134493457441,False,False,False
26障162,12.07827353703651,0,42,-0.9442870632672333,False,False,False
24障178,12.073395478583079,0,54,-0.5395926075812761,False,False,False
24障179,12.073395478583079,0,49,-0.708215297450425,False,False,False
19障367,12.049354588118499,0,55,-0.5058680696074465,False,False,False
22障284,12.04894199679937,0,58,-0.40469445568595713,False,False,False
2021障219,12.03917751124041,0,65,-0.1686226898691488,False,False,False
2021障235,12.03917751124041,0,83,0.43841899365978687,False,False,False
18障355,12.031407944927661,0,56,-0.47214353163361666,False,False,False
18障359,12.031407944927661,0,113,1.4501551328746798,False,False,False
18障343,12.02809157664737,0,45,-0.8431134493457441,False,False,False
18障344,12.02809157664737,0,38,-1.0791852151625523,False,False,False
18障342,12.02809157664737,0,49,-0.708215297450425,False,False,False
18障345,12.02809157664737,0,69,-0.03372453797382976,False,False,False
27障176,12.025880602975565,0,42,-0.9442870632672333,False,False,False
27障172,12.025880602975565,0,57,-0.43841899365978687,False,False,False
27障173,12.025880602975565,0,25,-1.5176042088223394,False,False,False
27障174,12.025880602975565,0,118,1.6187778227438285,False,False,False
22障348,12.016633126240622,0,81,0.3709699177121274,False,False,False
17障196,12.007489280004142,0,102,1.0791852151625523,False,False,False
17障197,12.007489280004142,0,70,0.0,False,False,False
17障198,12.007489280004142,0,37,-1.112909753136382,False,False,False
17障199,12.007489280004142,0,76,0.20234722784297857,False,False,False
2023障115,12.002104821023138,0,77,0.23607176581680833,False,False,False
2023障118,12.002104821023138,0,122,1.7536759746391475,False,False,False
2022障173,11.988988713893896,0,54,-0.5395926075812761,False,False,False
2022障174,11.988988713893896,0,63,-0.23607176581680833,False,False,False
2022障176,11.988988713893896,0,82,0.40469445568595713,False,False,False
2022障177,11.988988713893896,0,62,-0.26979630379063807,False,False,False
2022障178,11.988988713893896,0,53,-0.5733171455551059,False,False,False
2022障182,11.988988713893896,0,82,0.40469445568595713,False,False,False
2022障185,11.988988713893896,0,131,2.0571968164036156,False,False,False
2022障187,11.988988713893896,0,88,0.6070416835289357,False,False,False
2022障188,11.988988713893896,0,117,1.5850532847699987,False,False,False
2022障192,11.988988713893896,0,71,0.03372453797382976,False,False,False
2022障193,11.988988713893896,0,102,1.0791852151625523,False,False,False
2022障197,11.988988713893896,0,100,1.011736139214893,False,False,False
2022障195,11.988988713893896,0,120,1.6862268986914881,False,False,False
21障196,11.954261638993078,0,38,-1.0791852151625523,False,False,False
20障197,11.949951287491956,0,29,-1.3827060569270202,False,False,False
20障198,11.949951287491956,0,29,-1.3827060569270202,False,False,False
22障199,11.945659435410414,0,29,-1.3827060569270202,False,False,False
22障201,11.945659435410414,0,61,-0.30352084176446786,False,False,False
22障202,11.945659435410414,0,36,-1.1466342911102119,False,False,False
18障370,11.936425714622054,0,78,0.26979630379063807,False,False,False
2019障138,11.932784000037469,0,37,-1.112909753136382,False,False,False
2019障139,11.932784000037469,0,54,-0.5395926075812761,False,False,False
2019障140,11.932784000037469,0,67,-0.10117361392148928,False,False,False
2019障271,11.916215800105576,0,68,-0.06744907594765952,False,False,False
2019障273,11.916215800105576,0,73,0.10117361392148928,False,False,False
2022障201,11.894006483588289,0,88,0.6070416835289357,False,False,False
2022障175,11.894006483588289,0,94,0.8093889113719143,False,False,False
2022障183,11.894006483588289,0,62,-0.26979630379063807,False,False,False
2022障199,11.894006483588289,0,81,0.3709699177121274,False,False,False
2022障200,11.894006483588289,0,153,2.79913665182787,False,False,False
2022障184,11.894006483588289,0,117,1.5850532847699987,False,False,False
25障153,11.887015581581888,0,99,0.9780116012410631,False,False,False
23障137,11.884387459175619,0,81,0.3709699177121274,False,False,False
23障139,11.884387459175619,0,38,-1.0791852151625523,False,False,False
23障140,11.884387459175619,0,47,-0.7756643733980845,False,False,False
19障215,11.883398666982684,0,92,0.7419398354242548,False,False,False
19障216,11.883398666982684,0,35,-1.1803588290840417,False,False,False
19障217,11.883398666982684,0,79,0.30352084176446786,False,False,False
19障219,11.883398666982684,0,54,-0.5395926075812761,False,False,False
25障303,11.870447381649994,0,93,0.7756643733980845,False,False,False
25障302,11.870447381649994,0,50,-0.6744907594765952,False,False,False
23障297,11.867819259243726,0,32,-1.281532443005531,False,False,False
23障299,11.867819259243726,0,43,-0.9105625252934035,False,False,False
23障301,11.867819259243726,0,41,-0.9780116012410631,False,False,False
23障296,11.867819259243726,0,51,-0.6407662215027655,False,False,False
23障295,11.867819259243726,0,42,-0.9442870632672333,False,False,False
23障300,11.867819259243726,0,43,-0.9105625252934035,False,False,False
28障144,11.866181494679047,0,57,-0.43841899365978687,False,False,False
28障142,11.866181494679047,0,29,-1.3827060569270202,False,False,False
28障143,11.866181494679047,0,99,0.9780116012410631,False,False,False
18障211,11.865452023791846,0,38,-1.0791852151625523,False,False,False
18障214,11.865452023791846,0,44,-0.8768379873195737,False,False,False
18障216,11.865452023791846,0,35,-1.1803588290840417,False,False,False
18障217,11.865452023791846,0,42,-0.9442870632672333,False,False,False
2020障144,11.853377222433059,0,77,0.23607176581680833,False,False,False
2020障145,11.853377222433059,0,82,0.40469445568595713,False,False,False
2020障147,11.853377222433059,0,87,0.5733171455551059,False,False,False
28障297,11.849613294747153,0,108,1.281532443005531,False,False,False
28障291,11.849613294747153,0,102,1.0791852151625523,False,False,False
28障294,11.849613294747153,0,81,0.3709699177121274,False,False,False
28障289,11.849613294747153,0,72,0.06744907594765952,False,False,False
28障295,11.849613294747153,0,59,-0.3709699177121274,False,False,False
29障152,11.840734829017881,0,44,-0.8768379873195737,False,False,False
29障157,11.840734829017881,0,46,-0.8093889113719143,False,False,False
29障153,11.840734829017881,0,114,1.4838796708485096,False,False,False
29障154,11.840734829017881,0,120,1.6862268986914881,False,False,False
29障155,11.840734829017881,0,58,-0.40469445568595713,False,False,False
2019障136,11.837801769731861,0,69,-0.03372453797382976,False,False,False
2019障143,11.837801769731861,0,82,0.40469445568595713,False,False,False
2019障144,11.837801769731861,0,85,0.5058680696074465,False,False,False
2019障141,11.837801769731861,0,35,-1.1803588290840417,False,False,False
2019障142,11.837801769731861,0,63,-0.23607176581680833,False,False,False
2020障276,11.836809022501164,0,74,0.13489815189531904,False,False,False
2020障287,11.836809022501164,0,55,-0.5058680696074465,False,False,False
30障153,11.828250272355637,0,116,1.551328746796169,False,False,False
30障156,11.828250272355637,0,97,0.9105625252934035,False,False,False
30障157,11.828250272355637,0,54,-0.5395926075812761,False,False,False
29障313,11.824166629085989,0,46,-0.8093889113719143,False,False,False
29障314,11.824166629085989,0,42,-0.9442870632672333,False,False,False
29障315,11.824166629085989,0,59,-0.3709699177121274,False,False,False
29障318,11.824166629085989,0,47,-0.7756643733980845,False,False,False
2023障196,11.815716992619858,0,35,-1.1803588290840417,False,False,False
2023障200,11.815716992619858,0,78,0.26979630379063807,False,False,False
2023障203,11.815716992619858,0,47,-0.7756643733980845,False,False,False
2023障230,11.815716992619858,0,123,1.7874005126129773,False,False,False
2023障207,11.815716992619858,0,101,1.0454606771887227,False,False,False
2023障211,11.815716992619858,0,142,2.428166734115743,False,False,False
2023障216,11.815716992619858,0,73,0.10117361392148928,False,False,False
2023障220,11.815716992619858,0,96,0.8768379873195737,False,False,False
2023障224,11.815716992619858,0,86,0.5395926075812761,False,False,False
2023障226,11.815716992619858,0,103,1.112909753136382,False,False,False
2023障227,11.815716992619858,0,72,0.06744907594765952,False,False,False
2023障229,11.815716992619858,0,101,1.0454606771887227,False,False,False
2023障222,11.815716992619858,0,94,0.8093889113719143,False,False,False
26障151,11.813471678259518,0,73,0.10117361392148928,False,False,False
26障153,11.813471678259518,0,79,0.30352084176446786,False,False,False
30障317,11.811682072423743,0,55,-0.5058680696074465,False,False,False
30障313,11.811682072423743,0,72,0.06744907594765952,False,False,False
30障314,11.811682072423743,0,46,-0.8093889113719143,False,False,False
30障312,11.811682072423743,0,55,-0.5058680696074465,False,False,False
30障315,11.811682072423743,0,64,-0.20234722784297857,False,False,False
24障169,11.808593619806086,0,75,0.1686226898691488,False,False,False
24障168,11.808593619806086,0,73,0.10117361392148928,False,False,False
26障318,11.796903478327625,0,56,-0.47214353163361666,False,False,False
26障317,11.796903478327625,0,84,0.47214353163361666,False,False,False
25障163,11.792033351276281,0,46,-0.8093889113719143,False,False,False
25障156,11.792033351276281,0,43,-0.9105625252934035,False,False,False
25障157,11.792033351276281,0,85,0.5058680696074465,False,False,False
25障161,11.792033351276281,0,68,-0.06744907594765952,False,False,False
25障162,11.792033351276281,0,60,-0.3372453797382976,False,False,False
25障164,11.792033351276281,0,72,0.06744907594765952,False,False,False
24障330,11.792025419874191,0,69,-0.03372453797382976,False,False,False
24障331,11.792025419874191,0,46,-0.8093889113719143,False,False,False
24障334,11.792025419874191,0,50,-0.6744907594765952,False,False,False
23障150,11.789405228870011,0,79,0.30352084176446786,False,False,False
23障142,11.789405228870011,0,34,-1.2140833670578715,False,False,False
23障143,11.789405228870011,0,30,-1.3489815189531904,False,False,False
23障144,11.789405228870011,0,30,-1.3489815189531904,False,False,False
23障149,11.789405228870011,0,71,0.03372453797382976,False,False,False
23障151,11.789405228870011,0,46,-0.8093889113719143,False,False,False
2021障218,11.774375652463418,0,42,-0.9442870632672333,False,False,False
2021障220,11.774375652463418,0,79,0.30352084176446786,False,False,False
2021障222,11.774375652463418,0,57,-0.43841899365978687,False,False,False
2021障223,11.774375652463418,0,77,0.23607176581680833,False,False,False
2021障252,11.774375652463418,0,52,-0.6070416835289357,False,False,False
2021障225,11.774375652463418,0,89,0.6407662215027655,False,False,False
2021障226,11.774375652463418,0,90,0.6744907594765952,False,False,False
2021障227,11.774375652463418,0,68,-0.06744907594765952,False,False,False
2021障229,11.774375652463418,0,108,1.281532443005531,False,False,False
2021障234,11.774375652463418,0,50,-0.6744907594765952,False,False,False
2021障236,11.774375652463418,0,117,1.5850532847699987,False,False,False
2021障237,11.774375652463418,0,94,0.8093889113719143,False,False,False
2021障238,11.774375652463418,0,70,0.0,False,False,False
2021障240,11.774375652463418,0,72,0.06744907594765952,False,False,False
2021障247,11.774375652463418,0,167,3.271280183461487,False,False,False
2021障250,11.774375652463418,0,77,0.23607176581680833,False,False,False
28障145,11.77119926437344,0,50,-0.6744907594765952,False,False,False
28障146,11.77119926437344,0,36,-1.1466342911102119,False,False,False
27障157,11.761078744198572,0,70,0.0,False,False,False
27障158,11.761078744198572,0,53,-0.5733171455551059,False,False,False
27障159,11.761078744198572,0,85,0.5058680696074465,False,False,False
27障160,11.761078744198572,0,37,-1.112909753136382,False,False,False
27障161,11.761078744198572,0,51,-0.6407662215027655,False,False,False
27障162,11.761078744198572,0,68,-0.06744907594765952,False,False,False
2020障136,11.758394992127451,0,64,-0.20234722784297857,False,False,False
2020障146,11.758394992127451,0,79,0.30352084176446786,False,False,False
2020障148,11.758394992127451,0,61,-0.30352084176446786,False,False,False
29障160,11.745752598712274,0,36,-1.1466342911102119,False,False,False
29障161,11.745752598712274,0,78,0.26979630379063807,False,False,False
27障337,11.744510544266678,0,54,-0.5395926075812761,False,False,False
27障338,11.744510544266678,0,56,-0.47214353163361666,False,False,False
27障340,11.744510544266678,0,96,0.8768379873195737,False,False,False
27障341,11.744510544266678,0,74,0.13489815189531904,False,False,False
27障342,11.744510544266678,0,64,-0.20234722784297857,False,False,False
17障186,11.74268742122715,0,65,-0.1686226898691488,False,False,False
17障187,11.74268742122715,0,92,0.7419398354242548,False,False,False
17障183,11.74268742122715,0,51,-0.6407662215027655,False,False,False
17障184,11.74268742122715,0,38,-1.0791852151625523,False,False,False
30障158,11.73326804205003,0,34,-1.2140833670578715,False,False,False
30障159,11.73326804205003,0,54,-0.5395926075812761,False,False,False
30障162,11.73326804205003,0,54,-0.5395926075812761,False,False,False
30障161,11.73326804205003,0,55,-0.5058680696074465,False,False,False
17障344,11.726119221295255,0,66,-0.13489815189531904,False,False,False
17障345,11.726119221295255,0,43,-0.9105625252934035,False,False,False
17障346,11.726119221295255,0,159,3.001483879670849,False,False,False
17障347,11.726119221295255,0,49,-0.708215297450425,False,False,False
17障348,11.726119221295255,0,72,0.06744907594765952,False,False,False
17障349,11.726119221295255,0,69,-0.03372453797382976,False,False,False
17障352,11.726119221295255,0,42,-0.9442870632672333,False,False,False
17障353,11.726119221295255,0,123,1.7874005126129773,False,False,False
17障350,11.726119221295255,0,72,0.06744907594765952,False,False,False
2023障204,11.720734762314251,0,70,0.0,False,False,False
2023障206,11.720734762314251,0,84,0.47214353163361666,False,False,False
2023障208,11.720734762314251,0,77,0.23607176581680833,False,False,False
2023障213,11.720734762314251,0,77,0.23607176581680833,False,False,False
2023障214,11.720734762314251,0,86,0.5395926075812761,False,False,False
2023障217,11.720734762314251,0,129,1.9897477404559558,False,False,False
2023障225,11.720734762314251,0,100,1.011736139214893,False,False,False
26障157,11.71848944795391,0,38,-1.0791852151625523,False,False,False
26障158,11.71848944795391,0,36,-1.1466342911102119,False,False,False
24障170,11.713611389500478,0,52,-0.6070416835289357,False,False,False
24障176,11.713611389500478,0,69,-0.03372453797382976,False,False,False
24障171,11.713611389500478,0,99,0.9780116012410631,False,False,False
24障172,11.713611389500478,0,75,0.1686226898691488,False,False,False
24障173,11.713611389500478,0,58,-0.40469445568595713,False,False,False
24障174,11.713611389500478,0,56,-0.47214353163361666,False,False,False
21障183,11.689459780216085,0,78,0.26979630379063807,False,False,False
20障182,11.685149428714963,0,38,-1.0791852151625523,False,False,False
20障183,11.685149428714963,0,100,1.011736139214893,False,False,False
20障181,11.685149428714963,0,64,-0.20234722784297857,False,False,False
22障187,11.680857576633422,0,126,1.8885741265344667,False,False,False
22障188,11.680857576633422,0,64,-0.20234722784297857,False,False,False
22障190,11.680857576633422,0,56,-0.47214353163361666,False,False,False
2021障253,11.67939342215781,0,93,0.7756643733980845,False,False,False
2021障254,11.67939342215781,0,82,0.40469445568595713,False,False,False
2021障217,11.67939342215781,0,42,-0.9442870632672333,False,False,False
2021障221,11.67939342215781,0,72,0.06744907594765952,False,False,False
2021障228,11.67939342215781,0,62,-0.26979630379063807,False,False,False
2021障231,11.67939342215781,0,84,0.47214353163361666,False,False,False
2021障233,11.67939342215781,0,68,-0.06744907594765952,False,False,False
2021障241,11.67939342215781,0,76,0.20234722784297857,False,False,False
2021障251,11.67939342215781,0,46,-0.8093889113719143,False,False,False
21障353,11.672891580284192,0,63,-0.23607176581680833,False,False,False
21障357,11.672891580284192,0,43,-0.9105625252934035,False,False,False
21障356,11.672891580284192,0,48,-0.7419398354242548,False,False,False
21障354,11.672891580284192,0,75,0.1686226898691488,False,False,False
21障358,11.672891580284192,0,32,-1.281532443005531,False,False,False
20障360,11.66858122878307,0,41,-0.9780116012410631,False,False,False
20障362,11.66858122878307,0,43,-0.9105625252934035,False,False,False
20障364,11.66858122878307,0,52,-0.6070416835289357,False,False,False
27障163,11.666096513892965,0,85,0.5058680696074465,False,False,False
27障164,11.666096513892965,0,163,3.1363820315661677,False,False,False
27障165,11.666096513892965,0,40,-1.011736139214893,False,False,False
27障166,11.666096513892965,0,56,-0.47214353163361666,False,False,False
27障167,11.666096513892965,0,46,-0.8093889113719143,False,False,False
27障169,11.666096513892965,0,102,1.0791852151625523,False,False,False
22障355,11.664289376701529,0,40,-1.011736139214893,False,False,False
22障356,11.664289376701529,0,38,-1.0791852151625523,False,False,False
22障357,11.664289376701529,0,30,-1.3489815189531904,False,False,False
2019障245,11.651413941328583,0,61,-0.30352084176446786,False,False,False
2019障248,11.651413941328583,0,66,-0.13489815189531904,False,False,False
2019障249,11.651413941328583,0,59,-0.3709699177121274,False,False,False
2019障250,11.651413941328583,0,49,-0.708215297450425,False,False,False
2019障281,11.651413941328583,0,115,1.5176042088223394,False,False,False
2019障255,11.651413941328583,0,54,-0.5395926075812761,False,False,False
2019障256,11.651413941328583,0,72,0.06744907594765952,False,False,False
2019障257,11.651413941328583,0,65,-0.1686226898691488,False,False,False
2019障259,11.651413941328583,0,63,-0.23607176581680833,False,False,False
2019障260,11.651413941328583,0,81,0.3709699177121274,False,False,False
2019障261,11.651413941328583,0,105,1.1803588290840417,False,False,False
2019障262,11.651413941328583,0,64,-0.20234722784297857,False,False,False
2019障263,11.651413941328583,0,81,0.3709699177121274,False,False,False
2019障264,11.651413941328583,0,81,0.3709699177121274,False,False,False
2019障275,11.651413941328583,0,134,2.1583704303251046,False,False,False
2019障276,11.651413941328583,0,148,2.6305139619587212,False,False,False
2019障278,11.651413941328583,0,44,-0.8768379873195737,False,False,False
2019障279,11.651413941328583,0,43,-0.9105625252934035,False,False,False
17障190,11.647705190921542,0,76,0.20234722784297857,False,False,False
17障191,11.647705190921542,0,66,-0.13489815189531904,False,False,False
17障192,11.647705190921542,0,99,0.9780116012410631,False,False,False
17障193,11.647705190921542,0,59,-0.3709699177121274,False,False,False
19障207,11.618596808205691,0,44,-0.8768379873195737,False,False,False
19障208,11.618596808205691,0,83,0.43841899365978687,False,False,False
19障204,11.618596808205691,0,36,-1.1466342911102119,False,False,False
19障205,11.618596808205691,0,61,-0.30352084176446786,False,False,False
19障206,11.618596808205691,0,121,1.719951436665318,False,False,False
25障259,11.605645522873,0,52,-0.6070416835289357,False,False,False
25障263,11.605645522873,0,60,-0.3372453797382976,False,False,False
25障265,11.605645522873,0,29,-1.3827060569270202,False,False,False
25障266,11.605645522873,0,172,3.439902873330636,False,False,False
25障267,11.605645522873,0,51,-0.6407662215027655,False,False,False
25障269,11.605645522873,0,85,0.5058680696074465,False,False,False
25障272,11.605645522873,0,76,0.20234722784297857,False,False,False
25障273,11.605645522873,0,38,-1.0791852151625523,False,False,False
25障278,11.605645522873,0,59,-0.3709699177121274,False,False,False
25障258,11.605645522873,0,47,-0.7756643733980845,False,False,False
25障264,11.605645522873,0,50,-0.6744907594765952,False,False,False
25障274,11.605645522873,0,57,-0.43841899365978687,False,False,False
25障275,11.605645522873,0,73,0.10117361392148928,False,False,False
25障279,11.605645522873,0,45,-0.8431134493457441,False,False,False
25障270,11.605645522873,0,66,-0.13489815189531904,False,False,False
23障266,11.603017400466733,0,35,-1.1803588290840417,False,False,False
23障268,11.603017400466733,0,53,-0.5733171455551059,False,False,False
23障264,11.603017400466733,0,132,2.0909213543774454,False,False,False
23障265,11.603017400466733,0,29,-1.3827060569270202,False,False,False
23障271,11.603017400466733,0,55,-0.5058680696074465,False,False,False
23障274,11.603017400466733,0,56,-0.47214353163361666,False,False,False
23障270,11.603017400466733,0,51,-0.6407662215027655,False,False,False
19障395,11.602028608273798,0,43,-0.9105625252934035,False,False,False
19障397,11.602028608273798,0,39,-1.0454606771887227,False,False,False
19障398,11.602028608273798,0,31,-1.3152569809793606,False,False,False
19障399,11.602028608273798,0,45,-0.8431134493457441,False,False,False
19障401,11.602028608273798,0,54,-0.5395926075812761,False,False,False
18障198,11.600650165014853,0,46,-0.8093889113719143,False,False,False
18障195,11.600650165014853,0,34,-1.2140833670578715,False,False,False
18障196,11.600650165014853,0,35,-1.1803588290840417,False,False,False
18障197,11.600650165014853,0,95,0.8431134493457441,False,False,False
18障199,11.600650165014853,0,28,-1.41643059490085,False,False,False
18障200,11.600650165014853,0,63,-0.23607176581680833,False,False,False
18障202,11.600650165014853,0,80,0.3372453797382976,False,False,False
21障184,11.594477549910478,0,95,0.8431134493457441,False,False,False
21障185,11.594477549910478,0,31,-1.3152569809793606,False,False,False
21障187,11.594477549910478,0,68,-0.06744907594765952,False,False,False
21障189,11.594477549910478,0,37,-1.112909753136382,False,False,False
21障191,11.594477549910478,0,63,-0.23607176581680833,False,False,False
21障192,11.594477549910478,0,47,-0.7756643733980845,False,False,False
21障193,11.594477549910478,0,93,0.7756643733980845,False,False,False
21障195,11.594477549910478,0,45,-0.8431134493457441,False,False,False
21障194,11.594477549910478,0,78,0.26979630379063807,False,False,False
21障188,11.594477549910478,0,92,0.7419398354242548,False,False,False
21障190,11.594477549910478,0,84,0.47214353163361666,False,False,False
20障185,11.590167198409356,0,84,0.47214353163361666,False,False,False
20障184,11.590167198409356,0,62,-0.26979630379063807,False,False,False
20障186,11.590167198409356,0,47,-0.7756643733980845,False,False,False
20障189,11.590167198409356,0,51,-0.6407662215027655,False,False,False
20障190,11.590167198409356,0,54,-0.5395926075812761,False,False,False
20障193,11.590167198409356,0,42,-0.9442870632672333,False,False,False
20障194,11.590167198409356,0,71,0.03372453797382976,False,False,False
20障195,11.590167198409356,0,82,0.40469445568595713,False,False,False
20障196,11.590167198409356,0,43,-0.9105625252934035,False,False,False
20障191,11.590167198409356,0,57,-0.43841899365978687,False,False,False
22障196,11.585875346327814,0,65,-0.1686226898691488,False,False,False
22障192,11.585875346327814,0,61,-0.30352084176446786,False,False,False
22障193,11.585875346327814,0,42,-0.9442870632672333,False,False,False
22障194,11.585875346327814,0,41,-0.9780116012410631,False,False,False
22障195,11.585875346327814,0,39,-1.0454606771887227,False,False,False
28障264,11.58481143597016,0,77,0.23607176581680833,False,False,False
28障265,11.58481143597016,0,18,-1.7536759746391475,False,False,False
28障266,11.58481143597016,0,43,-0.9105625252934035,False,False,False
28障270,11.58481143597016,0,60,-0.3372453797382976,False,False,False
28障271,11.58481143597016,0,70,0.0,False,False,False
28障272,11.58481143597016,0,81,0.3709699177121274,False,False,False
28障254,11.58481143597016,0,80,0.3372453797382976,False,False,False
28障255,11.58481143597016,0,113,1.4501551328746798,False,False,False
28障256,11.58481143597016,0,56,-0.47214353163361666,False,False,False
28障257,11.58481143597016,0,47,-0.7756643733980845,False,False,False
28障258,11.58481143597016,0,69,-0.03372453797382976,False,False,False
28障259,11.58481143597016,0,50,-0.6744907594765952,False,False,False
28障260,11.58481143597016,0,51,-0.6407662215027655,False,False,False
28障261,11.58481143597016,0,48,-0.7419398354242548,False,False,False
28障262,11.58481143597016,0,98,0.9442870632672333,False,False,False
28障263,11.58481143597016,0,100,1.011736139214893,False,False,False
28障267,11.58481143597016,0,32,-1.281532443005531,False,False,False
18障392,11.58408196508296,0,61,-0.30352084176446786,False,False,False
18障395,11.58408196508296,0,57,-0.43841899365978687,False,False,False
18障396,11.58408196508296,0,95,0.8431134493457441,False,False,False
18障398,11.58408196508296,0,56,-0.47214353163361666,False,False,False
2020障275,11.572007163724171,0,48,-0.7419398354242548,False,False,False
2020障277,11.572007163724171,0,76,0.20234722784297857,False,False,False
2020障278,11.572007163724171,0,59,-0.3709699177121274,False,False,False
2020障280,11.572007163724171,0,65,-0.1686226898691488,False,False,False
2020障281,11.572007163724171,0,51,-0.6407662215027655,False,False,False
2020障282,11.572007163724171,0,36,-1.1466342911102119,False,False,False
2020障283,11.572007163724171,0,89,0.6407662215027655,False,False,False
2020障285,11.572007163724171,0,56,-0.47214353163361666,False,False,False
2020障286,11.572007163724171,0,67,-0.10117361392148928,False,False,False
2020障316,11.572007163724171,0,141,2.394442196141913,False,False,False
2020障317,11.572007163724171,0,78,0.26979630379063807,False,False,False
2020障289,11.572007163724171,0,87,0.5733171455551059,False,False,False
2020障293,11.572007163724171,0,52,-0.6070416835289357,False,False,False
2020障295,11.572007163724171,0,93,0.7756643733980845,False,False,False
2020障297,11.572007163724171,0,53,-0.5733171455551059,False,False,False
2020障309,11.572007163724171,0,104,1.1466342911102119,False,False,False
2020障310,11.572007163724171,0,72,0.06744907594765952,False,False,False
2020障312,11.572007163724171,0,55,-0.5058680696074465,False,False,False
29障290,11.559364770308996,0,55,-0.5058680696074465,False,False,False
29障291,11.559364770308996,0,71,0.03372453797382976,False,False,False
29障292,11.559364770308996,0,126,1.8885741265344667,False,False,False
29障293,11.559364770308996,0,56,-0.47214353163361666,False,False,False
29障294,11.559364770308996,0,58,-0.40469445568595713,False,False,False
29障295,11.559364770308996,0,66,-0.13489815189531904,False,False,False
29障296,11.559364770308996,0,35,-1.1803588290840417,False,False,False
29障297,11.559364770308996,0,55,-0.5058680696074465,False,False,False
29障278,11.559364770308996,0,48,-0.7419398354242548,False,False,False
29障280,11.559364770308996,0,100,1.011736139214893,False,False,False
29障281,11.559364770308996,0,41,-0.9780116012410631,False,False,False
29障282,11.559364770308996,0,102,1.0791852151625523,False,False,False
29障283,11.559364770308996,0,90,0.6744907594765952,False,False,False
29障284,11.559364770308996,0,38,-1.0791852151625523,False,False,False
29障285,11.559364770308996,0,59,-0.3709699177121274,False,False,False
29障286,11.559364770308996,0,55,-0.5058680696074465,False,False,False
29障289,11.559364770308996,0,52,-0.6070416835289357,False,False,False
29障298,11.559364770308996,0,72,0.06744907594765952,False,False,False
29障299,11.559364770308996,0,84,0.47214353163361666,False,False,False
2019障251,11.556431711022976,0,55,-0.5058680696074465,False,False,False
2019障253,11.556431711022976,0,35,-1.1803588290840417,False,False,False
2019障266,11.556431711022976,0,41,-0.9780116012410631,False,False,False
2019障267,11.556431711022976,0,54,-0.5395926075812761,False,False,False
2019障268,11.556431711022976,0,49,-0.708215297450425,False,False,False
2019障269,11.556431711022976,0,52,-0.6070416835289357,False,False,False
2019障270,11.556431711022976,0,72,0.06744907594765952,False,False,False
2019障277,11.556431711022976,0,75,0.1686226898691488,False,False,False
30障276,11.54688021364675,0,39,-1.0454606771887227,False,False,False
30障278,11.54688021364675,0,51,-0.6407662215027655,False,False,False
30障280,11.54688021364675,0,67,-0.10117361392148928,False,False,False
30障281,11.54688021364675,0,56,-0.47214353163361666,False,False,False
30障282,11.54688021364675,0,43,-0.9105625252934035,False,False,False
30障277,11.54688021364675,0,82,0.40469445568595713,False,False,False
30障279,11.54688021364675,0,39,-1.0454606771887227,False,False,False
30障283,11.54688021364675,0,103,1.112909753136382,False,False,False
26障277,11.532101619550632,0,49,-0.708215297450425,False,False,False
26障288,11.532101619550632,0,58,-0.40469445568595713,False,False,False
26障280,11.532101619550632,0,53,-0.5733171455551059,False,False,False
26障281,11.532101619550632,0,57,-0.43841899365978687,False,False,False
26障282,11.532101619550632,0,86,0.5395926075812761,False,False,False
26障283,11.532101619550632,0,70,0.0,False,False,False
26障285,11.532101619550632,0,41,-0.9780116012410631,False,False,False
26障290,11.532101619550632,0,99,0.9780116012410631,False,False,False
26障291,11.532101619550632,0,58,-0.40469445568595713,False,False,False
26障286,11.532101619550632,0,63,-0.23607176581680833,False,False,False
26障292,11.532101619550632,0,52,-0.6070416835289357,False,False,False
26障287,11.532101619550632,0,86,0.5395926075812761,False,False,False
26障289,11.532101619550632,0,88,0.6070416835289357,False,False,False
24障314,11.527223561097198,0,117,1.5850532847699987,False,False,False
24障293,11.527223561097198,0,40,-1.011736139214893,False,False,False
24障294,11.527223561097198,0,62,-0.26979630379063807,False,False,False
24障295,11.527223561097198,0,59,-0.3709699177121274,False,False,False
24障296,11.527223561097198,0,38,-1.0791852151625523,False,False,False
24障297,11.527223561097198,0,102,1.0791852151625523,False,False,False
24障298,11.527223561097198,0,47,-0.7756643733980845,False,False,False
24障313,11.527223561097198,0,29,-1.3827060569270202,False,False,False
24障303,11.527223561097198,0,62,-0.26979630379063807,False,False,False
24障304,11.527223561097198,0,36,-1.1466342911102119,False,False,False
24障305,11.527223561097198,0,28,-1.41643059490085,False,False,False
24障306,11.527223561097198,0,45,-0.8431134493457441,False,False,False
24障311,11.527223561097198,0,72,0.06744907594765952,False,False,False
24障312,11.527223561097198,0,57,-0.43841899365978687,False,False,False
19障209,11.523614577900084,0,57,-0.43841899365978687,False,False,False
19障210,11.523614577900084,0,75,0.1686226898691488,False,False,False
19障213,11.523614577900084,0,32,-1.281532443005531,False,False,False
25障281,11.510663292567394,0,80,0.3372453797382976,False,False,False
25障283,11.510663292567394,0,101,1.0454606771887227,False,False,False
25障285,11.510663292567394,0,68,-0.06744907594765952,False,False,False
25障286,11.510663292567394,0,57,-0.43841899365978687,False,False,False
25障292,11.510663292567394,0,71,0.03372453797382976,False,False,False
25障288,11.510663292567394,0,74,0.13489815189531904,False,False,False
25障289,11.510663292567394,0,94,0.8093889113719143,False,False,False
25障290,11.510663292567394,0,46,-0.8093889113719143,False,False,False
25障291,11.510663292567394,0,41,-0.9780116012410631,False,False,False
25障293,11.510663292567394,0,105,1.1803588290840417,False,False,False
25障294,11.510663292567394,0,66,-0.13489815189531904,False,False,False
25障295,11.510663292567394,0,74,0.13489815189531904,False,False,False
25障297,11.510663292567394,0,57,-0.43841899365978687,False,False,False
25障298,11.510663292567394,0,36,-1.1466342911102119,False,False,False
25障296,11.510663292567394,0,85,0.5058680696074465,False,False,False
23障279,11.508035170161124,0,51,-0.6407662215027655,False,False,False
23障280,11.508035170161124,0,48,-0.7419398354242548,False,False,False
23障281,11.508035170161124,0,92,0.7419398354242548,False,False,False
23障287,11.508035170161124,0,45,-0.8431134493457441,False,False,False
23障291,11.508035170161124,0,31,-1.3152569809793606,False,False,False
23障277,11.508035170161124,0,41,-0.9780116012410631,False,False,False
23障284,11.508035170161124,0,108,1.281532443005531,False,False,False
23障292,11.508035170161124,0,56,-0.47214353163361666,False,False,False
23障276,11.508035170161124,0,55,-0.5058680696074465,False,False,False
23障283,11.508035170161124,0,47,-0.7756643733980845,False,False,False
18障206,11.505667934709246,0,55,-0.5058680696074465,False,False,False
18障203,11.505667934709246,0,75,0.1686226898691488,False,False,False
18障204,11.505667934709246,0,94,0.8093889113719143,False,False,False
18障207,11.505667934709246,0,49,-0.708215297450425,False,False,False
18障208,11.505667934709246,0,61,-0.30352084176446786,False,False,False
18障209,11.505667934709246,0,66,-0.13489815189531904,False,False,False
18障210,11.505667934709246,0,37,-1.112909753136382,False,False,False
18障213,11.505667934709246,0,37,-1.112909753136382,False,False,False
28障279,11.489829205664552,0,59,-0.3709699177121274,False,False,False
28障282,11.489829205664552,0,66,-0.13489815189531904,False,False,False
28障283,11.489829205664552,0,56,-0.47214353163361666,False,False,False
28障286,11.489829205664552,0,76,0.20234722784297857,False,False,False
28障274,11.489829205664552,0,58,-0.40469445568595713,False,False,False
28障275,11.489829205664552,0,34,-1.2140833670578715,False,False,False
28障280,11.489829205664552,0,74,0.13489815189531904,False,False,False
28障281,11.489829205664552,0,70,0.0,False,False,False
28障285,11.489829205664552,0,129,1.9897477404559558,False,False,False
28障284,11.489829205664552,0,67,-0.10117361392148928,False,False,False
27障294,11.479708685489685,0,83,0.43841899365978687,False,False,False
27障295,11.479708685489685,0,43,-0.9105625252934035,False,False,False
27障296,11.479708685489685,0,56,-0.47214353163361666,False,False,False
27障297,11.479708685489685,0,113,1.4501551328746798,False,False,False
27障308,11.479708685489685,0,57,-0.43841899365978687,False,False,False
27障298,11.479708685489685,0,62,-0.26979630379063807,False,False,False
27障299,11.479708685489685,0,92,0.7419398354242548,False,False,False
27障300,11.479708685489685,0,49,-0.708215297450425,False,False,False
27障301,11.479708685489685,0,94,0.8093889113719143,False,False,False
27障302,11.479708685489685,0,56,-0.47214353163361666,False,False,False
27障304,11.479708685489685,0,61,-0.30352084176446786,False,False,False
27障306,11.479708685489685,0,54,-0.5395926075812761,False,False,False
27障307,11.479708685489685,0,47,-0.7756643733980845,False,False,False
27障303,11.479708685489685,0,110,1.3489815189531904,False,False,False
2020障318,11.477024933418564,0,54,-0.5395926075812761,False,False,False
2020障272,11.477024933418564,0,68,-0.06744907594765952,False,False,False
2020障273,11.477024933418564,0,62,-0.26979630379063807,False,False,False
2020障274,11.477024933418564,0,82,0.40469445568595713,False,False,False
2020障284,11.477024933418564,0,73,0.10117361392148928,False,False,False
2020障288,11.477024933418564,0,96,0.8768379873195737,False,False,False
2020障291,11.477024933418564,0,113,1.4501551328746798,False,False,False
2020障296,11.477024933418564,0,95,0.8431134493457441,False,False,False
2020障298,11.477024933418564,0,43,-0.9105625252934035,False,False,False
2020障301,11.477024933418564,0,81,0.3709699177121274,False,False,False
2020障302,11.477024933418564,0,70,0.0,False,False,False
2020障308,11.477024933418564,0,72,0.06744907594765952,False,False,False
2020障311,11.477024933418564,0,82,0.40469445568595713,False,False,False
2020障313,11.477024933418564,0,98,0.9442870632672333,False,False,False
29障302,11.464382540003388,0,39,-1.0454606771887227,False,False,False
29障303,11.464382540003388,0,123,1.7874005126129773,False,False,False
29障304,11.464382540003388,0,73,0.10117361392148928,False,False,False
29障306,11.464382540003388,0,54,-0.5395926075812761,False,False,False
29障307,11.464382540003388,0,55,-0.5058680696074465,False,False,False
29障308,11.464382540003388,0,74,0.13489815189531904,False,False,False
29障309,11.464382540003388,0,67,-0.10117361392148928,False,False,False
29障305,11.464382540003388,0,49,-0.708215297450425,False,False,False
29障311,11.464382540003388,0,65,-0.1686226898691488,False,False,False
29障312,11.464382540003388,0,24,-1.551328746796169,False,False,False
17障317,11.461317362518262,0,65,-0.1686226898691488,False,False,False
17障318,11.461317362518262,0,56,-0.47214353163361666,False,False,False
17障324,11.461317362518262,0,63,-0.23607176581680833,False,False,False
17障327,11.461317362518262,0,55,-0.5058680696074465,False,False,False
17障329,11.461317362518262,0,148,2.6305139619587212,False,False,False
17障314,11.461317362518262,0,87,0.5733171455551059,False,False,False
17障315,11.461317362518262,0,51,-0.6407662215027655,False,False,False
17障316,11.461317362518262,0,43,-0.9105625252934035,False,False,False
17障320,11.461317362518262,0,72,0.06744907594765952,False,False,False
17障321,11.461317362518262,0,65,-0.1686226898691488,False,False,False
17障322,11.461317362518262,0,99,0.9780116012410631,False,False,False
17障323,11.461317362518262,0,54,-0.5395926075812761,False,False,False
17障325,11.461317362518262,0,102,1.0791852151625523,False,False,False
17障330,11.461317362518262,0,93,0.7756643733980845,False,False,False
30障297,11.451897983341143,0,18,-1.7536759746391475,False,False,False
30障298,11.451897983341143,0,58,-0.40469445568595713,False,False,False
30障300,11.451897983341143,0,39,-1.0454606771887227,False,False,False
30障303,11.451897983341143,0,82,0.40469445568595713,False,False,False
30障306,11.451897983341143,0,57,-0.43841899365978687,False,False,False
30障287,11.451897983341143,0,44,-0.8768379873195737,False,False,False
30障290,11.451897983341143,0,47,-0.7756643733980845,False,False,False
30障291,11.451897983341143,0,92,0.7419398354242548,False,False,False
30障292,11.451897983341143,0,52,-0.6070416835289357,False,False,False
30障293,11.451897983341143,0,54,-0.5395926075812761,False,False,False
30障294,11.451897983341143,0,41,-0.9780116012410631,False,False,False
30障295,11.451897983341143,0,60,-0.3372453797382976,False,False,False
30障296,11.451897983341143,0,48,-0.7419398354242548,False,False,False
30障299,11.451897983341143,0,62,-0.26979630379063807,False,False,False
30障302,11.451897983341143,0,102,1.0791852151625523,False,False,False
30障304,11.451897983341143,0,116,1.551328746796169,False,False,False
30障305,11.451897983341143,0,20,-1.6862268986914881,False,False,False
30障307,11.451897983341143,0,46,-0.8093889113719143,False,False,False
30障308,11.451897983341143,0,42,-0.9442870632672333,False,False,False
30障288,11.451897983341143,0,69,-0.03372453797382976,False,False,False
26障294,11.437119389245023,0,94,0.8093889113719143,False,False,False
26障305,11.437119389245023,0,48,-0.7419398354242548,False,False,False
26障308,11.437119389245023,0,73,0.10117361392148928,False,False,False
26障296,11.437119389245023,0,101,1.0454606771887227,False,False,False
26障299,11.437119389245023,0,51,-0.6407662215027655,False,False,False
26障297,11.437119389245023,0,125,1.8548495885606369,False,False,False
24障315,11.43224133079159,0,56,-0.47214353163361666,False,False,False
24障316,11.43224133079159,0,74,0.13489815189531904,False,False,False
24障317,11.43224133079159,0,59,-0.3709699177121274,False,False,False
24障318,11.43224133079159,0,41,-0.9780116012410631,False,False,False
24障320,11.43224133079159,0,93,0.7756643733980845,False,False,False
24障321,11.43224133079159,0,169,3.3387292594091464,False,False,False
24障322,11.43224133079159,0,42,-0.9442870632672333,False,False,False
24障323,11.43224133079159,0,38,-1.0791852151625523,False,False,False
24障324,11.43224133079159,0,46,-0.8093889113719143,False,False,False
24障325,11.43224133079159,0,100,1.011736139214893,False,False,False
24障326,11.43224133079159,0,39,-1.0454606771887227,False,False,False
24障328,11.43224133079159,0,79,0.30352084176446786,False,False,False
21障315,11.4080897215072,0,37,-1.112909753136382,False,False,False
21障317,11.4080897215072,0,78,0.26979630379063807,False,False,False
21障330,11.4080897215072,0,39,-1.0454606771887227,False,False,False
21障321,11.4080897215072,0,69,-0.03372453797382976,False,False,False
21障316,11.4080897215072,0,52,-0.6070416835289357,False,False,False
21障318,11.4080897215072,0,42,-0.9442870632672333,False,False,False
21障320,11.4080897215072,0,56,-0.47214353163361666,False,False,False
21障323,11.4080897215072,0,31,-1.3152569809793606,False,False,False
21障324,11.4080897215072,0,88,0.6070416835289357,False,False,False
21障326,11.4080897215072,0,38,-1.0791852151625523,False,False,False
21障327,11.4080897215072,0,65,-0.1686226898691488,False,False,False
21障325,11.4080897215072,0,73,0.10117361392148928,False,False,False
20障326,11.403779370006077,0,30,-1.3489815189531904,False,False,False
20障332,11.403779370006077,0,27,-1.4501551328746798,False,False,False
20障334,11.403779370006077,0,54,-0.5395926075812761,False,False,False
20障336,11.403779370006077,0,39,-1.0454606771887227,False,False,False
20障316,11.403779370006077,0,32,-1.281532443005531,False,False,False
20障322,11.403779370006077,0,54,-0.5395926075812761,False,False,False
20障324,11.403779370006077,0,34,-1.2140833670578715,False,False,False
20障328,11.403779370006077,0,44,-0.8768379873195737,False,False,False
20障317,11.403779370006077,0,59,-0.3709699177121274,False,False,False
20障340,11.403779370006077,0,67,-0.10117361392148928,False,False,False
22障315,11.399487517924536,0,90,0.6744907594765952,False,False,False
22障316,11.399487517924536,0,45,-0.8431134493457441,False,False,False
22障319,11.399487517924536,0,36,-1.1466342911102119,False,False,False
22障320,11.399487517924536,0,71,0.03372453797382976,False,False,False
22障324,11.399487517924536,0,69,-0.03372453797382976,False,False,False
22障326,11.399487517924536,0,48,-0.7419398354242548,False,False,False
22障331,11.399487517924536,0,45,-0.8431134493457441,False,False,False
22障328,11.399487517924536,0,51,-0.6407662215027655,False,False,False
22障318,11.399487517924536,0,50,-0.6744907594765952,False,False,False
22障321,11.399487517924536,0,108,1.281532443005531,False,False,False
22障322,11.399487517924536,0,40,-1.011736139214893,False,False,False
22障330,11.399487517924536,0,25,-1.5176042088223394,False,False,False
22障323,11.399487517924536,0,138,2.2932685822204237,False,False,False
22障329,11.399487517924536,0,57,-0.43841899365978687,False,False,False
22障317,11.399487517924536,0,118,1.6187778227438285,False,False,False
22障325,11.399487517924536,0,54,-0.5395926075812761,False,False,False
27障310,11.384726455184078,0,103,1.112909753136382,False,False,False
27障311,11.384726455184078,0,65,-0.1686226898691488,False,False,False
27障312,11.384726455184078,0,42,-0.9442870632672333,False,False,False
27障313,11.384726455184078,0,66,-0.13489815189531904,False,False,False
27障314,11.384726455184078,0,49,-0.708215297450425,False,False,False
27障315,11.384726455184078,0,76,0.20234722784297857,False,False,False
27障316,11.384726455184078,0,45,-0.8431134493457441,False,False,False
27障318,11.384726455184078,0,65,-0.1686226898691488,False,False,False
27障319,11.384726455184078,0,40,-1.011736139214893,False,False,False
27障320,11.384726455184078,0,63,-0.23607176581680833,False,False,False
27障321,11.384726455184078,0,75,0.1686226898691488,False,False,False
27障322,11.384726455184078,0,44,-0.8768379873195737,False,False,False
27障324,11.384726455184078,0,58,-0.40469445568595713,False,False,False
27障325,11.384726455184078,0,97,0.9105625252934035,False,False,False
27障326,11.384726455184078,0,52,-0.6070416835289357,False,False,False
27障328,11.384726455184078,0,31,-1.3152569809793606,False,False,False
27障329,11.384726455184078,0,67,-0.10117361392148928,False,False,False
27障330,11.384726455184078,0,56,-0.47214353163361666,False,False,False
27障331,11.384726455184078,0,95,0.8431134493457441,False,False,False
27障334,11.384726455184078,0,77,0.23607176581680833,False,False,False
17障336,11.366335132212654,0,52,-0.6070416835289357,False,False,False
17障338,11.366335132212654,0,46,-0.8093889113719143,False,False,False
17障343,11.366335132212654,0,46,-0.8093889113719143,False,False,False
17障332,11.366335132212654,0,42,-0.9442870632672333,False,False,False
17障334,11.366335132212654,0,60,-0.3372453797382976,False,False,False
17障335,11.366335132212654,0,71,0.03372453797382976,False,False,False
17障337,11.366335132212654,0,51,-0.6407662215027655,False,False,False
17障339,11.366335132212654,0,63,-0.23607176581680833,False,False,False
17障341,11.366335132212654,0,135,2.1920949682989344,False,False,False
19障353,11.337226749496805,0,58,-0.40469445568595713,False,False,False
19障354,11.337226749496805,0,45,-0.8431134493457441,False,False,False
19障355,11.337226749496805,0,51,-0.6407662215027655,False,False,False
19障356,11.337226749496805,0,35,-1.1803588290840417,False,False,False
19障357,11.337226749496805,0,47,-0.7756643733980845,False,False,False
19障358,11.337226749496805,0,30,-1.3489815189531904,False,False,False
19障359,11.337226749496805,0,34,-1.2140833670578715,False,False,False
19障360,11.337226749496805,0,103,1.112909753136382,False,False,False
19障361,11.337226749496805,0,42,-0.9442870632672333,False,False,False
19障362,11.337226749496805,0,55,-0.5058680696074465,False,False,False
19障363,11.337226749496805,0,28,-1.41643059490085,False,False,False
19障364,11.337226749496805,0,61,-0.30352084176446786,False,False,False
19障365,11.337226749496805,0,76,0.20234722784297857,False,False,False
19障366,11.337226749496805,0,73,0.10117361392148928,False,False,False
19障368,11.337226749496805,0,102,1.0791852151625523,False,False,False
18障352,11.319280106305968,0,49,-0.708215297450425,False,False,False
18障357,11.319280106305968,0,52,-0.6070416835289357,False,False,False
18障358,11.319280106305968,0,65,-0.1686226898691488,False,False,False
18障360,11.319280106305968,0,49,-0.708215297450425,False,False,False
18障364,11.319280106305968,0,45,-0.8431134493457441,False,False,False
18障366,11.319280106305968,0,72,0.06744907594765952,False,False,False
18障351,11.319280106305968,0,75,0.1686226898691488,False,False,False
18障354,11.319280106305968,0,80,0.3372453797382976,False,False,False
18障356,11.319280106305968,0,47,-0.7756643733980845,False,False,False
18障362,11.319280106305968,0,60,-0.3372453797382976,False,False,False
18障365,11.319280106305968,0,55,-0.5058680696074465,False,False,False
18障361,11.319280106305968,0,49,-0.708215297450425,False,False,False
21障332,11.313107491201592,0,63,-0.23607176581680833,False,False,False
21障333,11.313107491201592,0,71,0.03372453797382976,False,False,False
21障334,11.313107491201592,0,68,-0.06744907594765952,False,False,False
21障336,11.313107491201592,0,74,0.13489815189531904,False,False,False
21障337,11.313107491201592,0,29,-1.3827060569270202,False,False,False
21障347,11.313107491201592,0,65,-0.1686226898691488,False,False,False
21障349,11.313107491201592,0,29,-1.3827060569270202,False,False,False
21障350,11.313107491201592,0,29,-1.3827060569270202,False,False,False
21障339,11.313107491201592,0,88,0.6070416835289357,False,False,False
21障341,11.313107491201592,0,86,0.5395926075812761,False,False,False
21障345,11.313107491201592,0,78,0.26979630379063807,False,False,False
21障335,11.313107491201592,0,49,-0.708215297450425,False,False,False
20障329,11.308797139700468,0,39,-1.0454606771887227,False,False,False
20障331,11.308797139700468,0,36,-1.1466342911102119,False,False,False
20障337,11.308797139700468,0,33,-1.2478079050317012,False,False,False
20障342,11.308797139700468,0,40,-1.011736139214893,False,False,False
20障346,11.308797139700468,0,34,-1.2140833670578715,False,False,False
20障348,11.308797139700468,0,32,-1.281532443005531,False,False,False
20障355,11.308797139700468,0,35,-1.1803588290840417,False,False,False
20障325,11.308797139700468,0,73,0.10117361392148928,False,False,False
20障333,11.308797139700468,0,64,-0.20234722784297857,False,False,False
20障335,11.308797139700468,0,50,-0.6744907594765952,False,False,False
20障341,11.308797139700468,0,53,-0.5733171455551059,False,False,False
20障344,11.308797139700468,0,48,-0.7419398354242548,False,False,False
20障347,11.308797139700468,0,38,-1.0791852151625523,False,False,False
20障351,11.308797139700468,0,15,-1.8548495885606369,False,False,False
20障352,11.308797139700468,0,40,-1.011736139214893,False,False,False
20障353,11.308797139700468,0,43,-0.9105625252934035,False,False,False
20障354,11.308797139700468,0,26,-1.4838796708485096,False,False,False
20障321,11.308797139700468,0,47,-0.7756643733980845,False,False,False
20障343,11.308797139700468,0,23,-1.5850532847699987,False,False,False
22障339,11.304505287618928,0,51,-0.6407662215027655,False,False,False
22障342,11.304505287618928,0,86,0.5395926075812761,False,False,False
22障343,11.304505287618928,0,46,-0.8093889113719143,False,False,False
22障345,11.304505287618928,0,60,-0.3372453797382976,False,False,False
22障346,11.304505287618928,0,70,0.0,False,False,False
22障349,11.304505287618928,0,40,-1.011736139214893,False,False,False
22障336,11.304505287618928,0,28,-1.41643059490085,False,False,False
22障337,11.304505287618928,0,48,-0.7419398354242548,False,False,False
22障341,11.304505287618928,0,30,-1.3489815189531904,False,False,False
22障344,11.304505287618928,0,36,-1.1466342911102119,False,False,False
22障351,11.304505287618928,0,152,2.7654121138540404,False,False,False
19障371,11.242244519191196,0,19,-1.719951436665318,False,False,False
19障372,11.242244519191196,0,17,-1.7874005126129773,False,False,False
19障373,11.242244519191196,0,72,0.06744907594765952,False,False,False
19障376,11.242244519191196,0,42,-0.9442870632672333,False,False,False
19障379,11.242244519191196,0,26,-1.4838796708485096,False,False,False
19障380,11.242244519191196,0,48,-0.7419398354242548,False,False,False
19障381,11.242244519191196,0,62,-0.26979630379063807,False,False,False
19障383,11.242244519191196,0,34,-1.2140833670578715,False,False,False
19障402,11.242244519191196,0,30,-1.3489815189531904,False,False,False
19障384,11.242244519191196,0,51,-0.6407662215027655,False,False,False
19障385,11.242244519191196,0,30,-1.3489815189531904,False,False,False
19障386,11.242244519191196,0,21,-1.6525023607176583,False,False,False
19障387,11.242244519191196,0,63,-0.23607176581680833,False,False,False
19障388,11.242244519191196,0,86,0.5395926075812761,False,False,False
19障391,11.242244519191196,0,26,-1.4838796708485096,False,False,False
19障392,11.242244519191196,0,40,-1.011736139214893,False,False,False
19障389,11.242244519191196,0,50,-0.6744907594765952,False,False,False
18障376,11.22429787600036,0,38,-1.0791852151625523,False,False,False
18障367,11.22429787600036,0,53,-0.5733171455551059,False,False,False
18障371,11.22429787600036,0,42,-0.9442870632672333,False,False,False
18障375,11.22429787600036,0,43,-0.9105625252934035,False,False,False
18障377,11.22429787600036,0,41,-0.9780116012410631,False,False,False
18障378,11.22429787600036,0,52,-0.6070416835289357,False,False,False
18障379,11.22429787600036,0,59,-0.3709699177121274,False,False,False
18障380,11.22429787600036,0,39,-1.0454606771887227,False,False,False
18障387,11.22429787600036,0,68,-0.06744907594765952,False,False,False
18障388,11.22429787600036,0,121,1.719951436665318,False,False,False
18障390,11.22429787600036,0,52,-0.6070416835289357,False,False,False
18障391,11.22429787600036,0,51,-0.6407662215027655,False,False,False
18障382,11.22429787600036,0,63,-0.23607176581680833,False,False,False
18障212,11.22429787600036,0,69,-0.03372453797382976,False,False,False
18障372,11.22429787600036,0,66,-0.13489815189531904,False,False,False
18障373,11.22429787600036,0,52,-0.6070416835289357,False,False,False
18障374,11.22429787600036,0,70,0.0,False,False,False
18障383,11.22429787600036,0,60,-0.3372453797382976,False,False,False
18障384,11.22429787600036,0,42,-0.9442870632672333,False,False,False
18障385,11.22429787600036,0,76,0.20234722784297857,False,False,False
18障386,11.22429787600036,0,78,0.26979630379063807,False,False,False
18障369,11.22429787600036,0,41,-0.9780116012410631,False,False,False
18障368,11.22429787600036,0,56,-0.47214353163361666,False,False,False
