前件,後件,項目数,共起事例数,支持度,信頼度,lift
発生場所2=プール,発生場所1=学校内・校舎外（園内・園舎外） | 競技種目=水泳,3,72,0.011805213969503197,0.782608695652174,64.50176263219743
発生場所1=学校内・校舎外（園内・園舎外） | 競技種目=水泳,発生場所2=プール,3,72,0.011805213969503197,0.972972972972973,64.50176263219741
競技種目=水泳,和暦=平成 | 発生場所2=プール,3,63,0.010329562223315297,0.75,60.1875
和暦=平成 | 発生場所2=プール,競技種目=水泳,3,63,0.010329562223315297,0.8289473684210527,60.1875
発生場所2=プール,和暦=平成 | 競技種目=水泳,3,63,0.010329562223315297,0.6847826086956522,57.21217986896963
和暦=平成 | 競技種目=水泳,発生場所2=プール,3,63,0.010329562223315297,0.863013698630137,57.21217986896962
発生場所2=プール,競技種目=水泳,2,72,0.011805213969503197,0.782608695652174,56.82298136645963
発生場所1=学校内・校舎外（園内・園舎外） | 発生場所2=プール,競技種目=水泳,3,72,0.011805213969503197,0.782608695652174,56.82298136645963
競技種目=水泳,発生場所2=プール,2,72,0.011805213969503197,0.8571428571428571,56.82298136645962
競技種目=水泳,発生場所1=学校内・校舎外（園内・園舎外） | 発生場所2=プール,3,72,0.011805213969503197,0.8571428571428571,56.82298136645962
場合別1=学校行事 | 発生場所2=運動場・校庭（園庭）,場合別2=運動会・体育祭,3,62,0.01016560091818331,0.5740740740740741,51.489379084967325
場合別2=運動会・体育祭,場合別1=学校行事 | 発生場所2=運動場・校庭（園庭）,3,62,0.01016560091818331,0.9117647058823529,51.48937908496732
場合別1=学校行事 | 発生場所1=学校内・校舎外（園内・園舎外）,場合別2=運動会・体育祭,3,62,0.01016560091818331,0.543859649122807,48.77941176470589
場合別2=運動会・体育祭,場合別1=学校行事 | 発生場所1=学校内・校舎外（園内・園舎外）,3,62,0.01016560091818331,0.9117647058823529,48.779411764705884
通学方法=徒歩,場合別2=下校（降園）中 | 被災学校種=小,3,87,0.01426463354648303,0.5471698113207547,37.49650201399194
場合別2=下校（降園）中 | 被災学校種=小,通学方法=徒歩,3,87,0.01426463354648303,0.9775280898876404,37.49650201399194
通学方法=徒歩,場合別1=通学中 | 被災学校種=小,3,121,0.019839317920970653,0.7610062893081762,37.13101886792453
場合別1=通学中 | 被災学校種=小,通学方法=徒歩,3,121,0.019839317920970653,0.968,37.13101886792453
発生場所2=道路 | 被災学校種=小,通学方法=徒歩,3,113,0.01852762747991474,0.9338842975206612,35.82239201621706
通学方法=徒歩,発生場所2=道路 | 被災学校種=小,3,113,0.01852762747991474,0.710691823899371,35.82239201621705
通学方法=自転車,場合別1=通学中 | 被災学校種=高,3,100,0.016396130513198885,0.7246376811594203,33.73713906405576
場合別1=通学中 | 被災学校種=高,通学方法=自転車,3,100,0.016396130513198885,0.7633587786259542,33.73713906405576
通学方法=自転車,発生場所2=道路 | 被災学校種=高,3,97,0.01590424659780292,0.7028985507246377,29.362864800476473
発生場所2=道路 | 被災学校種=高,通学方法=自転車,3,97,0.01590424659780292,0.6643835616438356,29.362864800476473
通学方法=自転車,場合別2=登校（登園）中 | 発生場所2=道路,3,74,0.012133136579767174,0.5362318840579711,27.253985507246377
場合別2=登校（登園）中 | 発生場所2=道路,通学方法=自転車,3,74,0.012133136579767174,0.6166666666666667,27.253985507246377
場合別2=その他の教科,場合別1=各教科等 | 発生場所2=教室（保育室）,3,61,0.01000163961305132,0.4420289855072464,25.675569358178056
場合別1=各教科等 | 発生場所2=教室（保育室）,場合別2=その他の教科,3,61,0.01000163961305132,0.580952380952381,25.675569358178056
通学方法=徒歩,和暦=平成 | 場合別2=下校（降園）中,3,94,0.015412362682406953,0.5911949685534591,25.572327044025158
和暦=平成 | 場合別2=下校（降園）中,通学方法=徒歩,3,94,0.015412362682406953,0.6666666666666666,25.572327044025158
通学方法=自転車,場合別1=通学中 | 被災学年=1,3,67,0.010985407443843253,0.4855072463768116,25.526799100449775
場合別1=通学中 | 被災学年=1,通学方法=自転車,3,67,0.010985407443843253,0.5775862068965517,25.526799100449775
場合別2=登校（登園）中,発生場所2=道路 | 通学方法=自転車,3,74,0.012133136579767174,0.5606060606060606,25.326936026936025
発生場所2=道路 | 通学方法=自転車,場合別2=登校（登園）中,3,74,0.012133136579767174,0.5481481481481482,25.326936026936025
場合別2=登校（登園）中,発生場所1=学校外（園外） | 通学方法=自転車,3,74,0.012133136579767174,0.5606060606060606,24.957199734571997
発生場所1=学校外（園外） | 通学方法=自転車,場合別2=登校（登園）中,3,74,0.012133136579767174,0.5401459854014599,24.957199734571997
通学方法=自転車,場合別2=登校（登園）中,2,74,0.012133136579767174,0.5362318840579711,24.77635046113307
通学方法=自転車,場合別1=通学中 | 場合別2=登校（登園）中,3,74,0.012133136579767174,0.5362318840579711,24.77635046113307
場合別1=通学中 | 通学方法=自転車,場合別2=登校（登園）中,3,74,0.012133136579767174,0.5362318840579711,24.77635046113307
通学方法=自転車,場合別2=登校（登園）中 | 発生場所1=学校外（園外）,3,74,0.012133136579767174,0.5362318840579711,24.77635046113307
場合別2=登校（登園）中,通学方法=自転車,2,74,0.012133136579767174,0.5606060606060606,24.776350461133067
場合別2=登校（登園）中,場合別1=通学中 | 通学方法=自転車,3,74,0.012133136579767174,0.5606060606060606,24.776350461133067
場合別1=通学中 | 場合別2=登校（登園）中,通学方法=自転車,3,74,0.012133136579767174,0.5606060606060606,24.776350461133067
場合別2=登校（登園）中 | 発生場所1=学校外（園外）,通学方法=自転車,3,74,0.012133136579767174,0.5606060606060606,24.776350461133067
通学方法=徒歩,発生場所1=学校外（園外） | 被災学校種=小,3,121,0.019839317920970653,0.7610062893081762,24.300405018275217
発生場所1=学校外（園外） | 被災学校種=小,通学方法=徒歩,3,121,0.019839317920970653,0.6335078534031413,24.300405018275214
場合別2=下校（降園）中,発生場所2=道路 | 通学方法=徒歩,3,97,0.01590424659780292,0.5271739130434783,24.17468944099379
発生場所2=道路 | 通学方法=徒歩,場合別2=下校（降園）中,3,97,0.01590424659780292,0.7293233082706767,24.174689440993788
場合別2=下校（降園）中 | 発生場所1=学校外（園外）,通学方法=徒歩,3,115,0.018855550090178717,0.6284153005464481,24.1050623775647
通学方法=徒歩,場合別2=下校（降園）中 | 発生場所1=学校外（園外）,3,115,0.018855550090178717,0.7232704402515723,24.105062377564696
場合別2=下校（降園）中,通学方法=徒歩,2,115,0.018855550090178717,0.625,23.974056603773587
場合別2=下校（降園）中,場合別1=通学中 | 通学方法=徒歩,3,115,0.018855550090178717,0.625,23.974056603773587
場合別1=通学中 | 場合別2=下校（降園）中,通学方法=徒歩,3,115,0.018855550090178717,0.625,23.974056603773587
場合別2=下校（降園）中,発生場所1=学校外（園外） | 通学方法=徒歩,3,115,0.018855550090178717,0.625,23.974056603773587
通学方法=徒歩,場合別2=下校（降園）中,2,115,0.018855550090178717,0.7232704402515723,23.974056603773583
通学方法=徒歩,場合別1=通学中 | 場合別2=下校（降園）中,3,115,0.018855550090178717,0.7232704402515723,23.974056603773583
場合別1=通学中 | 通学方法=徒歩,場合別2=下校（降園）中,3,115,0.018855550090178717,0.7232704402515723,23.974056603773583
発生場所1=学校外（園外） | 通学方法=徒歩,場合別2=下校（降園）中,3,115,0.018855550090178717,0.7232704402515723,23.974056603773583
場合別2=下校（降園）中,性別=男 | 通学方法=徒歩,3,70,0.011477291359239219,0.3804347826086957,23.920327207530256
性別=男 | 通学方法=徒歩,場合別2=下校（降園）中,3,70,0.011477291359239219,0.7216494845360825,23.920327207530253
被災学校種=小 | 通学方法=徒歩,場合別2=下校（降園）中,3,87,0.01426463354648303,0.71900826446281,23.832779374775424
場合別2=下校（降園）中,被災学校種=小 | 通学方法=徒歩,3,87,0.01426463354648303,0.47282608695652173,23.83277937477542
場合別2=下校（降園）中,和暦=平成 | 通学方法=徒歩,3,94,0.015412362682406953,0.5108695652173914,23.78468304015931
和暦=平成 | 通学方法=徒歩,場合別2=下校（降園）中,3,94,0.015412362682406953,0.7175572519083969,23.784683040159308
場合別2=下校（降園）中,場合別1=通学中 | 被災学校種=小,3,89,0.014592556156747007,0.483695652173913,23.600478260869565
場合別1=通学中 | 被災学校種=小,場合別2=下校（降園）中,3,89,0.014592556156747007,0.712,23.60047826086956
通学方法=徒歩,場合別2=下校（降園）中 | 性別=男,3,70,0.011477291359239219,0.44025157232704404,23.553459119496857
場合別2=下校（降園）中 | 性別=男,通学方法=徒歩,3,70,0.011477291359239219,0.6140350877192983,23.553459119496857
通学方法=自転車,発生場所2=道路 | 被災学年=1,3,65,0.010657484833579275,0.47101449275362317,23.546863863150392
発生場所2=道路 | 被災学年=1,通学方法=自転車,3,65,0.010657484833579275,0.5327868852459017,23.546863863150392
通学方法=徒歩,場合別2=下校（降園）中 | 発生場所2=道路,3,97,0.01590424659780292,0.610062893081761,23.401091728966417
場合別2=下校（降園）中 | 発生場所2=道路,通学方法=徒歩,3,97,0.01590424659780292,0.610062893081761,23.401091728966417
場合別1=特別活動（除学校行事） | 性別=男,場合別2=日常の清掃,3,75,0.012297097884899164,0.39473684210526316,23.373786407766993
場合別2=日常の清掃,場合別1=特別活動（除学校行事） | 性別=男,3,75,0.012297097884899164,0.7281553398058253,23.37378640776699
場合別2=登校（登園）中,場合別1=通学中 | 被災学校種=高,3,66,0.010821446138711265,0.5,23.27862595419847
場合別1=通学中 | 被災学校種=高,場合別2=登校（登園）中,3,66,0.010821446138711265,0.5038167938931297,23.278625954198468
発生場所2=道路 | 被災学校種=小,場合別2=下校（降園）中,3,83,0.013608788325955074,0.6859504132231405,22.73701940352138
場合別2=下校（降園）中,発生場所2=道路 | 被災学校種=小,3,83,0.013608788325955074,0.45108695652173914,22.737019403521376
場合別2=日常の清掃,場合別1=特別活動（除学校行事） | 発生場所1=学校内・校舎内（園内・園舎内）,3,88,0.01442859485161502,0.8543689320388349,22.55755894590846
場合別1=特別活動（除学校行事） | 発生場所1=学校内・校舎内（園内・園舎内）,場合別2=日常の清掃,3,88,0.01442859485161502,0.38095238095238093,22.55755894590846
場合別1=学校行事,場合別2=運動会・体育祭,2,68,0.011149368748975241,0.22972972972972974,20.604729729729733
場合別2=運動会・体育祭,場合別1=学校行事,2,68,0.011149368748975241,1.0,20.60472972972973
場合別1=学校行事,場合別2=競技大会・球技大会,2,63,0.010329562223315297,0.21283783783783783,20.60472972972973
場合別2=競技大会・球技大会,場合別1=学校行事,2,63,0.010329562223315297,1.0,20.60472972972973
場合別1=学校行事,場合別2=運動会・体育祭 | 発生場所1=学校内・校舎外（園内・園舎外）,3,62,0.01016560091818331,0.20945945945945946,20.60472972972973
場合別2=運動会・体育祭 | 発生場所1=学校内・校舎外（園内・園舎外）,場合別1=学校行事,3,62,0.01016560091818331,1.0,20.60472972972973
場合別1=学校行事,場合別2=運動会・体育祭 | 発生場所2=運動場・校庭（園庭）,3,62,0.01016560091818331,0.20945945945945946,20.60472972972973
場合別2=運動会・体育祭 | 発生場所2=運動場・校庭（園庭）,場合別1=学校行事,3,62,0.01016560091818331,1.0,20.60472972972973
通学方法=自転車,場合別1=通学中 | 発生場所2=道路,3,135,0.022134776192818496,0.9782608695652174,20.573838080959522
場合別1=通学中 | 発生場所2=道路,通学方法=自転車,3,135,0.022134776192818496,0.46551724137931033,20.57383808095952
和暦=平成 | 場合別1=特別活動（除学校行事）,場合別2=日常の清掃,3,84,0.013772749631087064,0.34285714285714286,20.301803051317616
場合別2=日常の清掃,和暦=平成 | 場合別1=特別活動（除学校行事）,3,84,0.013772749631087064,0.8155339805825242,20.301803051317613
場合別1=特別活動（除学校行事）,場合別2=日常の清掃,2,103,0.01688801442859485,0.34219269102990035,20.2624584717608
場合別2=日常の清掃,場合別1=特別活動（除学校行事）,2,103,0.01688801442859485,1.0,20.262458471760798
場合別1=特別活動（除学校行事）,場合別2=日常の清掃 | 発生場所1=学校内・校舎内（園内・園舎内）,3,88,0.01442859485161502,0.292358803986711,20.262458471760798
場合別2=日常の清掃 | 発生場所1=学校内・校舎内（園内・園舎内）,場合別1=特別活動（除学校行事）,3,88,0.01442859485161502,1.0,20.262458471760798
場合別1=特別活動（除学校行事）,和暦=平成 | 場合別2=日常の清掃,3,84,0.013772749631087064,0.27906976744186046,20.262458471760798
和暦=平成 | 場合別2=日常の清掃,場合別1=特別活動（除学校行事）,3,84,0.013772749631087064,1.0,20.262458471760798
場合別1=特別活動（除学校行事）,場合別2=学級（ホームルーム）活動,2,77,0.012625020495163142,0.2558139534883721,20.262458471760798
場合別2=学級（ホームルーム）活動,場合別1=特別活動（除学校行事）,2,77,0.012625020495163142,1.0,20.262458471760798
場合別2=日常の清掃 | 性別=男,場合別1=特別活動（除学校行事）,3,75,0.012297097884899164,1.0,20.262458471760798
場合別2=日常の清掃 | 被災学校種=小,場合別1=特別活動（除学校行事）,3,66,0.010821446138711265,1.0,20.262458471760798
場合別1=特別活動（除学校行事）,場合別2=日常の清掃 | 性別=男,3,75,0.012297097884899164,0.24916943521594684,20.262458471760795
場合別1=特別活動（除学校行事）,場合別2=日常の清掃 | 被災学校種=小,3,66,0.010821446138711265,0.21926910299003322,20.262458471760795
場合別2=登校（登園）中,発生場所2=道路 | 被災学校種=高,3,63,0.010329562223315297,0.4772727272727273,19.93757783312578
発生場所2=道路 | 被災学校種=高,場合別2=登校（登園）中,3,63,0.010329562223315297,0.4315068493150685,19.937577833125776
通学方法=徒歩,和暦=平成 | 場合別1=通学中,3,131,0.02147893097229054,0.8238993710691824,19.783316000594265
和暦=平成 | 場合別1=通学中,通学方法=徒歩,3,131,0.02147893097229054,0.515748031496063,19.783316000594265
場合別2=日常の清掃,場合別1=特別活動（除学校行事） | 被災学校種=小,3,66,0.010821446138711265,0.6407766990291263,19.63867883104845
場合別1=特別活動（除学校行事） | 被災学校種=小,場合別2=日常の清掃,3,66,0.010821446138711265,0.3316582914572864,19.63867883104845
通学方法=徒歩,場合別1=通学中 | 性別=女,3,62,0.01016560091818331,0.389937106918239,19.49365914011754
場合別1=通学中 | 性別=女,通学方法=徒歩,3,62,0.01016560091818331,0.5081967213114754,19.49365914011754
通学方法=自転車,場合別1=通学中 | 性別=男,3,90,0.014756517461878997,0.6521739130434783,19.308780075981428
場合別1=通学中 | 性別=男,通学方法=自転車,3,90,0.014756517461878997,0.4368932038834951,19.308780075981424
場合別2=登校（登園）中,場合別1=通学中 | 発生場所2=道路,3,120,0.019675356615838663,0.9090909090909091,19.11912225705329
場合別1=通学中 | 発生場所2=道路,場合別2=登校（登園）中,3,120,0.019675356615838663,0.41379310344827586,19.11912225705329
場合別2=下校（降園）中,場合別1=通学中 | 性別=女,3,70,0.011477291359239219,0.3804347826086957,19.01862081254455
場合別1=通学中 | 性別=女,場合別2=下校（降園）中,3,70,0.011477291359239219,0.5737704918032787,19.018620812544544
場合別2=登校（登園）中,和暦=平成 | 場合別1=通学中,3,104,0.01705197573372684,0.7878787878787878,18.918396564065855
和暦=平成 | 場合別1=通学中,場合別2=登校（登園）中,3,104,0.01705197573372684,0.4094488188976378,18.918396564065855
場合別1=通学中 | 発生場所1=学校外（園外）,通学方法=徒歩,3,159,0.026069847515986226,0.48623853211009177,18.651376146788994
通学方法=徒歩,場合別1=通学中 | 発生場所1=学校外（園外）,3,159,0.026069847515986226,1.0,18.65137614678899
場合別2=登校（登園）中,場合別1=通学中 | 発生場所1=学校外（園外）,3,132,0.02164289227742253,1.0,18.65137614678899
場合別1=通学中 | 発生場所1=学校外（園外）,場合別2=登校（登園）中,3,132,0.02164289227742253,0.4036697247706422,18.65137614678899
場合別2=登校（登園）中,場合別1=通学中 | 性別=男,3,83,0.013608788325955074,0.6287878787878788,18.616394527802296
場合別1=通学中 | 性別=男,場合別2=登校（登園）中,3,83,0.013608788325955074,0.4029126213592233,18.616394527802292
場合別1=通学中,場合別2=下校（降園）中 | 発生場所1=学校外（園外）,3,183,0.03000491883915396,0.5579268292682927,18.594512195121954
場合別1=通学中,発生場所2=道路 | 通学方法=徒歩,3,133,0.021806853582554516,0.4054878048780488,18.594512195121954
場合別1=通学中,和暦=平成 | 通学方法=自転車,3,99,0.016232169208066895,0.3018292682926829,18.594512195121954
場合別1=通学中,場合別2=下校（降園）中 | 被災学校種=小,3,89,0.014592556156747007,0.27134146341463417,18.594512195121954
場合別1=通学中,場合別2=登校（登園）中 | 性別=男,3,83,0.013608788325955074,0.2530487804878049,18.594512195121954
場合別1=通学中,場合別2=登校（登園）中 | 通学方法=自転車,3,74,0.012133136579767174,0.22560975609756098,18.594512195121954
場合別1=通学中,場合別2=下校（降園）中,2,184,0.03016888014428595,0.5609756097560976,18.59451219512195
場合別2=下校（降園）中,場合別1=通学中,2,184,0.03016888014428595,1.0,18.59451219512195
場合別2=下校（降園）中 | 発生場所1=学校外（園外）,場合別1=通学中,3,183,0.03000491883915396,1.0,18.59451219512195
場合別1=通学中,通学方法=徒歩,2,159,0.026069847515986226,0.4847560975609756,18.59451219512195
通学方法=徒歩,場合別1=通学中,2,159,0.026069847515986226,1.0,18.59451219512195
場合別1=通学中,発生場所1=学校外（園外） | 通学方法=徒歩,3,159,0.026069847515986226,0.4847560975609756,18.59451219512195
発生場所1=学校外（園外） | 通学方法=徒歩,場合別1=通学中,3,159,0.026069847515986226,1.0,18.59451219512195
場合別1=通学中,場合別2=下校（降園）中 | 発生場所2=道路,3,159,0.026069847515986226,0.4847560975609756,18.59451219512195
場合別2=下校（降園）中 | 発生場所2=道路,場合別1=通学中,3,159,0.026069847515986226,1.0,18.59451219512195
場合別1=通学中,和暦=平成 | 場合別2=下校（降園）中,3,141,0.023118544023610427,0.4298780487804878,18.59451219512195
和暦=平成 | 場合別2=下校（降園）中,場合別1=通学中,3,141,0.023118544023610427,1.0,18.59451219512195
場合別1=通学中,通学方法=自転車,2,138,0.02262666010821446,0.42073170731707316,18.59451219512195
通学方法=自転車,場合別1=通学中,2,138,0.02262666010821446,1.0,18.59451219512195
場合別1=通学中,発生場所1=学校外（園外） | 通学方法=自転車,3,137,0.022462698803082472,0.4176829268292683,18.59451219512195
発生場所1=学校外（園外） | 通学方法=自転車,場合別1=通学中,3,137,0.022462698803082472,1.0,18.59451219512195
場合別1=通学中,発生場所2=道路 | 通学方法=自転車,3,135,0.022134776192818496,0.4115853658536585,18.59451219512195
発生場所2=道路 | 通学方法=自転車,場合別1=通学中,3,135,0.022134776192818496,1.0,18.59451219512195
発生場所2=道路 | 通学方法=徒歩,場合別1=通学中,3,133,0.021806853582554516,1.0,18.59451219512195
場合別1=通学中,場合別2=登校（登園）中,2,132,0.02164289227742253,0.4024390243902439,18.59451219512195
場合別2=登校（登園）中,場合別1=通学中,2,132,0.02164289227742253,1.0,18.59451219512195
場合別1=通学中,場合別2=登校（登園）中 | 発生場所1=学校外（園外）,3,132,0.02164289227742253,0.4024390243902439,18.59451219512195
場合別2=登校（登園）中 | 発生場所1=学校外（園外）,場合別1=通学中,3,132,0.02164289227742253,1.0,18.59451219512195
場合別1=通学中,和暦=平成 | 通学方法=徒歩,3,131,0.02147893097229054,0.39939024390243905,18.59451219512195
和暦=平成 | 通学方法=徒歩,場合別1=通学中,3,131,0.02147893097229054,1.0,18.59451219512195
場合別1=通学中,被災学校種=小 | 通学方法=徒歩,3,121,0.019839317920970653,0.36890243902439024,18.59451219512195
被災学校種=小 | 通学方法=徒歩,場合別1=通学中,3,121,0.019839317920970653,1.0,18.59451219512195
場合別1=通学中,場合別2=登校（登園）中 | 発生場所2=道路,3,120,0.019675356615838663,0.36585365853658536,18.59451219512195
場合別2=登校（登園）中 | 発生場所2=道路,場合別1=通学中,3,120,0.019675356615838663,1.0,18.59451219512195
場合別1=通学中,場合別2=下校（降園）中 | 通学方法=徒歩,3,115,0.018855550090178717,0.35060975609756095,18.59451219512195
場合別2=下校（降園）中 | 通学方法=徒歩,場合別1=通学中,3,115,0.018855550090178717,1.0,18.59451219512195
場合別1=通学中,場合別2=下校（降園）中 | 性別=男,3,114,0.018691588785046728,0.3475609756097561,18.59451219512195
場合別2=下校（降園）中 | 性別=男,場合別1=通学中,3,114,0.018691588785046728,1.0,18.59451219512195
場合別1=通学中,和暦=平成 | 場合別2=登校（登園）中,3,104,0.01705197573372684,0.3170731707317073,18.59451219512195
和暦=平成 | 場合別2=登校（登園）中,場合別1=通学中,3,104,0.01705197573372684,1.0,18.59451219512195
場合別1=通学中,被災学校種=高 | 通学方法=自転車,3,100,0.016396130513198885,0.3048780487804878,18.59451219512195
被災学校種=高 | 通学方法=自転車,場合別1=通学中,3,100,0.016396130513198885,1.0,18.59451219512195
和暦=平成 | 通学方法=自転車,場合別1=通学中,3,99,0.016232169208066895,1.0,18.59451219512195
場合別1=通学中,性別=男 | 通学方法=徒歩,3,97,0.01590424659780292,0.29573170731707316,18.59451219512195
性別=男 | 通学方法=徒歩,場合別1=通学中,3,97,0.01590424659780292,1.0,18.59451219512195
場合別1=通学中,性別=男 | 通学方法=自転車,3,90,0.014756517461878997,0.27439024390243905,18.59451219512195
性別=男 | 通学方法=自転車,場合別1=通学中,3,90,0.014756517461878997,1.0,18.59451219512195
場合別2=下校（降園）中 | 被災学校種=小,場合別1=通学中,3,89,0.014592556156747007,1.0,18.59451219512195
場合別2=登校（登園）中 | 性別=男,場合別1=通学中,3,83,0.013608788325955074,1.0,18.59451219512195
場合別2=登校（登園）中 | 通学方法=自転車,場合別1=通学中,3,74,0.012133136579767174,1.0,18.59451219512195
場合別1=通学中,場合別2=下校（降園）中 | 性別=女,3,70,0.011477291359239219,0.21341463414634146,18.59451219512195
場合別2=下校（降園）中 | 性別=女,場合別1=通学中,3,70,0.011477291359239219,1.0,18.59451219512195
場合別1=通学中,被災学年=1 | 通学方法=自転車,3,67,0.010985407443843253,0.20426829268292682,18.59451219512195
被災学年=1 | 通学方法=自転車,場合別1=通学中,3,67,0.010985407443843253,1.0,18.59451219512195
場合別1=通学中,場合別2=登校（登園）中 | 被災学校種=高,3,66,0.010821446138711265,0.20121951219512196,18.59451219512195
場合別2=登校（登園）中 | 被災学校種=高,場合別1=通学中,3,66,0.010821446138711265,1.0,18.59451219512195
性別=女 | 通学方法=徒歩,場合別1=通学中,3,62,0.01016560091818331,1.0,18.59451219512195
場合別2=下校（降園）中,場合別1=通学中 | 発生場所1=学校外（園外）,3,183,0.03000491883915396,0.9945652173913043,18.55000997207818
場合別1=通学中 | 発生場所1=学校外（園外）,場合別2=下校（降園）中,3,183,0.03000491883915396,0.5596330275229358,18.55000997207818
通学方法=自転車,場合別1=通学中 | 発生場所1=学校外（園外）,3,137,0.022462698803082472,0.9927536231884058,18.516221247174578
場合別1=通学中 | 発生場所1=学校外（園外）,通学方法=自転車,3,137,0.022462698803082472,0.41896024464831805,18.516221247174578
場合別2=下校（降園）中,和暦=平成 | 場合別1=通学中,3,141,0.023118544023610427,0.7663043478260869,18.400355186579937
和暦=平成 | 場合別1=通学中,場合別2=下校（降園）中,3,141,0.023118544023610427,0.5551181102362205,18.400355186579937
場合別2=下校（降園）中,場合別1=通学中 | 性別=男,3,114,0.018691588785046728,0.6195652173913043,18.343341072182355
場合別1=通学中 | 性別=男,場合別2=下校（降園）中,3,114,0.018691588785046728,0.5533980582524272,18.343341072182355
場合別1=保育中 | 発生場所2=教室（保育室）,被災学校種=保,3,107,0.017543859649122806,0.7482517482517482,18.254349650349653
被災学校種=保,場合別1=保育中 | 発生場所2=教室（保育室）,3,107,0.017543859649122806,0.428,18.25434965034965
場合別2=下校（降園）中,場合別1=通学中 | 発生場所2=道路,3,159,0.026069847515986226,0.8641304347826086,18.17355697151424
場合別1=通学中 | 発生場所2=道路,場合別2=下校（降園）中,3,159,0.026069847515986226,0.5482758620689655,18.17355697151424
場合別1=通学中 | 性別=男,通学方法=徒歩,3,97,0.01590424659780292,0.470873786407767,18.0620076937168
通学方法=徒歩,場合別1=通学中 | 性別=男,3,97,0.01590424659780292,0.610062893081761,18.062007693716797
発生場所2=道路 | 被災学校種=小,場合別1=通学中,3,116,0.019019511395310707,0.9586776859504132,17.826143922596252
場合別1=通学中,発生場所2=道路 | 被災学校種=小,3,116,0.019019511395310707,0.35365853658536583,17.82614392259625
発生場所2=道路,場合別2=登校（登園）中 | 通学方法=自転車,3,74,0.012133136579767174,0.21574344023323616,17.78134110787172
場合別2=登校（登園）中 | 通学方法=自転車,発生場所2=道路,3,74,0.012133136579767174,1.0,17.78134110787172
被災学校種=幼,場合別1=保育中 | 性別=女,3,63,0.010329562223315297,0.5384615384615384,17.656327543424318
場合別1=保育中 | 性別=女,被災学校種=幼,3,63,0.010329562223315297,0.3387096774193548,17.656327543424315
被災学校種=幼,和暦=平成 | 場合別1=保育中,3,104,0.01705197573372684,0.8888888888888888,17.6017316017316
和暦=平成 | 場合別1=保育中,被災学校種=幼,3,104,0.01705197573372684,0.33766233766233766,17.6017316017316
通学方法=徒歩,場合別1=通学中 | 発生場所2=道路,3,133,0.021806853582554516,0.8364779874213837,17.591997397527653
場合別1=通学中 | 発生場所2=道路,通学方法=徒歩,3,133,0.021806853582554516,0.4586206896551724,17.591997397527653
発生場所2=道路,発生場所1=学校外（園外） | 通学方法=自転車,3,135,0.022134776192818496,0.3935860058309038,17.521759485858997
発生場所1=学校外（園外） | 通学方法=自転車,発生場所2=道路,3,135,0.022134776192818496,0.9854014598540146,17.521759485858997
発生場所2=道路,通学方法=自転車,2,135,0.022134776192818496,0.3935860058309038,17.394790214222336
通学方法=自転車,発生場所2=道路,2,135,0.022134776192818496,0.9782608695652174,17.394790214222336
発生場所2=道路,場合別1=通学中 | 通学方法=自転車,3,135,0.022134776192818496,0.3935860058309038,17.394790214222336
場合別1=通学中 | 通学方法=自転車,発生場所2=道路,3,135,0.022134776192818496,0.9782608695652174,17.394790214222336
通学方法=自転車,発生場所1=学校外（園外） | 発生場所2=道路,3,135,0.022134776192818496,0.9782608695652174,17.394790214222336
発生場所1=学校外（園外） | 発生場所2=道路,通学方法=自転車,3,135,0.022134776192818496,0.3935860058309038,17.394790214222336
性別=男 | 通学方法=自転車,発生場所2=道路,3,88,0.01442859485161502,0.9777777777777777,17.38620019436346
発生場所2=道路,性別=男 | 通学方法=自転車,3,88,0.01442859485161502,0.2565597667638484,17.386200194363457
性別=男 | 発生場所2=道路,通学方法=自転車,3,88,0.01442859485161502,0.39285714285714285,17.362577639751553
通学方法=自転車,性別=男 | 発生場所2=道路,3,88,0.01442859485161502,0.6376811594202898,17.36257763975155
場合別2=下校（降園）中,性別=女 | 発生場所2=道路,3,62,0.01016560091818331,0.33695652173913043,17.269729630982827
性別=女 | 発生場所2=道路,場合別2=下校（降園）中,3,62,0.01016560091818331,0.5210084033613446,17.269729630982827
被災学年=1 | 通学方法=自転車,発生場所2=道路,3,65,0.010657484833579275,0.9701492537313433,17.25055480614421
発生場所2=道路,被災学校種=高 | 通学方法=自転車,3,97,0.01590424659780292,0.282798833819242,17.24790087463557
被災学校種=高 | 通学方法=自転車,発生場所2=道路,3,97,0.01590424659780292,0.97,17.24790087463557
発生場所2=道路,和暦=平成 | 通学方法=自転車,3,96,0.01574028529267093,0.27988338192419826,17.242512589451366
和暦=平成 | 通学方法=自転車,発生場所2=道路,3,96,0.01574028529267093,0.9696969696969697,17.242512589451366
通学方法=自転車,和暦=平成 | 場合別1=通学中,3,99,0.016232169208066895,0.717391304347826,17.225864429989727
和暦=平成 | 場合別1=通学中,通学方法=自転車,3,99,0.016232169208066895,0.38976377952755903,17.225864429989727
場合別1=通学中,性別=女 | 発生場所2=道路,3,109,0.017871782259386786,0.3323170731707317,17.031948145111706
性別=女 | 発生場所2=道路,場合別1=通学中,3,109,0.017871782259386786,0.9159663865546218,17.031948145111702
場合別2=登校（登園）中 | 被災学校種=高,発生場所2=道路,3,63,0.010329562223315297,0.9545454545454546,16.97309833024119
被災学校種=保,場合別1=保育中 | 性別=男,3,133,0.021806853582554516,0.532,16.8993125
場合別1=保育中 | 性別=男,被災学校種=保,3,133,0.021806853582554516,0.6927083333333334,16.8993125
発生場所2=道路,和暦=令和 | 場合別1=通学中,3,70,0.011477291359239219,0.20408163265306123,16.82018753447325
和暦=令和 | 場合別1=通学中,発生場所2=道路,3,70,0.011477291359239219,0.9459459459459459,16.82018753447325
場合別2=登校（登園）中,和暦=平成 | 発生場所2=道路,3,95,0.01557632398753894,0.7196969696969697,16.817746429815397
和暦=平成 | 発生場所2=道路,場合別2=登校（登園）中,3,95,0.01557632398753894,0.36398467432950193,16.817746429815394
発生場所2=道路,被災学校種=小 | 通学方法=徒歩,3,113,0.01852762747991474,0.3294460641399417,16.605715249500037
被災学校種=小 | 通学方法=徒歩,発生場所2=道路,3,113,0.01852762747991474,0.9338842975206612,16.605715249500037
発生場所2=道路,場合別2=下校（降園）中 | 被災学校種=小,3,83,0.013608788325955074,0.24198250728862974,16.58259901071183
場合別2=下校（降園）中 | 被災学校種=小,発生場所2=道路,3,83,0.013608788325955074,0.9325842696629213,16.582599010711828
場合別1=通学中 | 被災学校種=小,発生場所2=道路,3,116,0.019019511395310707,0.928,16.50108454810496
発生場所2=道路,場合別1=通学中 | 被災学校種=小,3,116,0.019019511395310707,0.33819241982507287,16.501084548104956
場合別1=通学中 | 被災学年=1,発生場所2=道路,3,107,0.017543859649122806,0.9224137931034483,16.401754297778226
発生場所2=道路,場合別1=通学中 | 被災学年=1,3,107,0.017543859649122806,0.3119533527696793,16.401754297778222
場合別1=通学中,発生場所2=道路 | 被災学年=1,3,107,0.017543859649122806,0.32621951219512196,16.30830167932827
発生場所2=道路 | 被災学年=1,場合別1=通学中,3,107,0.017543859649122806,0.8770491803278688,16.308301679328267
発生場所2=道路,場合別1=通学中 | 被災学校種=高,3,120,0.019675356615838663,0.3498542274052478,16.288251396523712
場合別1=通学中 | 被災学校種=高,発生場所2=道路,3,120,0.019675356615838663,0.916030534351145,16.288251396523712
発生場所2=道路,場合別2=登校（登園）中 | 性別=男,3,76,0.012461059190031152,0.22157434402332363,16.281709930099407
場合別2=登校（登園）中 | 性別=男,発生場所2=道路,3,76,0.012461059190031152,0.9156626506024096,16.281709930099407
場合別1=通学中 | 被災学年=3,発生場所2=道路,3,64,0.010493523528447287,0.9142857142857143,16.25722615576843
通学方法=自転車,和暦=平成 | 発生場所2=道路,3,96,0.01574028529267093,0.6956521739130435,16.255872063968017
和暦=平成 | 発生場所2=道路,通学方法=自転車,3,96,0.01574028529267093,0.367816091954023,16.255872063968017
発生場所2=道路,和暦=平成 | 場合別2=登校（登園）中,3,95,0.01557632398753894,0.27696793002915454,16.2425712043059
和暦=平成 | 場合別2=登校（登園）中,発生場所2=道路,3,95,0.01557632398753894,0.9134615384615384,16.2425712043059
発生場所2=道路,場合別2=登校（登園）中,2,120,0.019675356615838663,0.3498542274052478,16.164855552610653
場合別2=登校（登園）中,発生場所2=道路,2,120,0.019675356615838663,0.9090909090909091,16.164855552610653
発生場所2=道路,場合別1=通学中 | 場合別2=登校（登園）中,3,120,0.019675356615838663,0.3498542274052478,16.164855552610653
場合別1=通学中 | 場合別2=登校（登園）中,発生場所2=道路,3,120,0.019675356615838663,0.9090909090909091,16.164855552610653
発生場所2=道路,場合別2=登校（登園）中 | 発生場所1=学校外（園外）,3,120,0.019675356615838663,0.3498542274052478,16.164855552610653
場合別2=登校（登園）中,発生場所1=学校外（園外） | 発生場所2=道路,3,120,0.019675356615838663,0.9090909090909091,16.164855552610653
発生場所1=学校外（園外） | 発生場所2=道路,場合別2=登校（登園）中,3,120,0.019675356615838663,0.3498542274052478,16.164855552610653
場合別2=登校（登園）中 | 発生場所1=学校外（園外）,発生場所2=道路,3,120,0.019675356615838663,0.9090909090909091,16.164855552610653
被災学校種=保,場合別1=保育中 | 発生場所1=学校内・校舎内（園内・園舎内）,3,151,0.024758157074930315,0.604,16.157
場合別1=保育中 | 発生場所1=学校内・校舎内（園内・園舎内）,被災学校種=保,3,151,0.024758157074930315,0.6622807017543859,16.157
場合別1=保育中,発生場所1=学校内・校舎内（園内・園舎内） | 被災学校種=保,3,151,0.024758157074930315,0.3994708994708995,16.134920634920636
発生場所1=学校内・校舎内（園内・園舎内） | 被災学校種=保,場合別1=保育中,3,151,0.024758157074930315,1.0,16.134920634920636
性別=女 | 被災学校種=保,場合別1=保育中,3,116,0.019019511395310707,1.0,16.134920634920636
場合別1=保育中,発生場所2=教室（保育室） | 被災学校種=保,3,107,0.017543859649122806,0.2830687830687831,16.134920634920636
発生場所2=教室（保育室） | 被災学校種=保,場合別1=保育中,3,107,0.017543859649122806,1.0,16.134920634920636
場合別1=保育中,発生場所1=学校内・校舎外（園内・園舎外） | 被災学校種=保,3,76,0.012461059190031152,0.20105820105820105,16.134920634920636
発生場所1=学校内・校舎外（園内・園舎外） | 被災学校種=保,場合別1=保育中,3,76,0.012461059190031152,1.0,16.134920634920636
発生場所2=運動場・校庭（園庭） | 被災学校種=保,場合別1=保育中,3,73,0.011969175274635186,1.0,16.134920634920636
発生場所1=学校内・校舎内（園内・園舎内） | 被災学校種=幼,場合別1=保育中,3,65,0.010657484833579275,1.0,16.134920634920636
性別=女 | 被災学校種=幼,場合別1=保育中,3,63,0.010329562223315297,1.0,16.134920634920636
被災学年=4 | 被災学校種=保,場合別1=保育中,3,61,0.01000163961305132,1.0,16.134920634920636
場合別1=保育中,性別=女 | 被災学校種=保,3,116,0.019019511395310707,0.30687830687830686,16.134920634920633
場合別1=保育中,被災学校種=保,2,249,0.04082636497786522,0.6587301587301587,16.070380952380955
被災学校種=保,場合別1=保育中,2,249,0.04082636497786522,0.996,16.07038095238095
場合別1=保育中,和暦=平成 | 被災学校種=保,3,199,0.03262829972126578,0.5264550264550265,16.054246031746032
和暦=平成 | 被災学校種=保,場合別1=保育中,3,199,0.03262829972126578,0.995,16.054246031746032
場合別1=保育中,性別=男 | 被災学校種=保,3,133,0.021806853582554516,0.35185185185185186,16.014510779436154
性別=男 | 被災学校種=保,場合別1=保育中,3,133,0.021806853582554516,0.9925373134328358,16.014510779436154
被災学校種=幼,場合別1=保育中,2,116,0.019019511395310707,0.9914529914529915,15.997015330348665
場合別1=保育中,被災学校種=幼,2,116,0.019019511395310707,0.30687830687830686,15.997015330348662
和暦=平成 | 被災学校種=幼,場合別1=保育中,3,104,0.01705197573372684,0.9904761904761905,15.981254724111867
場合別1=保育中,和暦=平成 | 被災学校種=幼,3,104,0.01705197573372684,0.2751322751322751,15.981254724111865
発生場所2=道路,場合別1=通学中 | 性別=女,3,109,0.017871782259386786,0.3177842565597668,15.886608039000144
場合別1=通学中 | 性別=女,発生場所2=道路,3,109,0.017871782259386786,0.8934426229508197,15.886608039000144
場合別1=通学中,和暦=令和 | 発生場所2=道路,3,70,0.011477291359239219,0.21341463414634146,15.873364069006543
和暦=令和 | 発生場所2=道路,場合別1=通学中,3,70,0.011477291359239219,0.8536585365853658,15.873364069006543
発生場所2=道路 | 被災学年=3,場合別1=通学中,3,64,0.010493523528447287,0.8533333333333334,15.867317073170733
場合別1=通学中 | 発生場所1=学校外（園外）,発生場所2=道路,3,290,0.047548778488276766,0.8868501529051988,15.769385080375532
発生場所2=道路,場合別1=通学中 | 発生場所1=学校外（園外）,3,290,0.047548778488276766,0.8454810495626822,15.76938508037553
被災学校種=保,和暦=平成 | 場合別1=保育中,3,199,0.03262829972126578,0.796,15.76235064935065
和暦=平成 | 場合別1=保育中,被災学校種=保,3,199,0.03262829972126578,0.6461038961038961,15.76235064935065
場合別2=下校（降園）中 | 性別=女,発生場所2=道路,3,62,0.01016560091818331,0.8857142857142857,15.749187838400667
場合別1=通学中,発生場所2=道路,2,290,0.047548778488276766,0.8841463414634146,15.721307686837802
発生場所2=道路,場合別1=通学中,2,290,0.047548778488276766,0.8454810495626822,15.721307686837802
場合別1=通学中,発生場所1=学校外（園外） | 発生場所2=道路,3,290,0.047548778488276766,0.8841463414634146,15.721307686837802
発生場所1=学校外（園外） | 発生場所2=道路,場合別1=通学中,3,290,0.047548778488276766,0.8454810495626822,15.721307686837802
場合別2=登校（登園）中,性別=男 | 発生場所2=道路,3,76,0.012461059190031152,0.5757575757575758,15.67654220779221
性別=男 | 発生場所2=道路,場合別2=登校（登園）中,3,76,0.012461059190031152,0.3392857142857143,15.676542207792208
場合別1=通学中,和暦=平成 | 発生場所2=道路,3,220,0.036071487129037544,0.6707317073170732,15.6735351836277
和暦=平成 | 発生場所2=道路,場合別1=通学中,3,220,0.036071487129037544,0.842911877394636,15.673535183627699
場合別1=保育中 | 被災学年=4,被災学校種=保,3,61,0.01000163961305132,0.6421052631578947,15.664800000000001
被災学校種=保,場合別1=保育中 | 被災学年=4,3,61,0.01000163961305132,0.244,15.6648
発生場所2=道路,場合別1=通学中 | 性別=男,3,181,0.02967699622888998,0.5276967930029155,15.623411361770787
場合別1=通学中 | 性別=男,発生場所2=道路,3,181,0.02967699622888998,0.8786407766990292,15.623411361770785
通学方法=徒歩,和暦=平成 | 発生場所2=道路,3,106,0.01737989834399082,0.6666666666666666,15.578544061302683
和暦=平成 | 発生場所2=道路,通学方法=徒歩,3,106,0.01737989834399082,0.4061302681992337,15.578544061302683
発生場所2=道路,場合別2=下校（降園）中 | 発生場所1=学校外（園外）,3,159,0.026069847515986226,0.46355685131195334,15.449361946183625
場合別2=下校（降園）中 | 発生場所1=学校外（園外）,発生場所2=道路,3,159,0.026069847515986226,0.8688524590163934,15.449361946183625
場合別2=下校（降園）中,発生場所1=学校外（園外） | 被災学校種=小,3,89,0.014592556156747007,0.483695652173913,15.445339175961756
発生場所1=学校外（園外） | 被災学校種=小,場合別2=下校（降園）中,3,89,0.014592556156747007,0.46596858638743455,15.445339175961756
和暦=平成 | 場合別1=通学中,発生場所2=道路,3,220,0.036071487129037544,0.8661417322834646,15.401161589495192
発生場所2=道路,和暦=平成 | 場合別1=通学中,3,220,0.036071487129037544,0.641399416909621,15.40116158949519
発生場所2=学校外運動場・競技場,発生場所1=学校外（園外） | 競技種目=サッカー・フットサル,3,101,0.016560091818330874,0.2700534759358289,15.39304812834225
発生場所1=学校外（園外） | 競技種目=サッカー・フットサル,発生場所2=学校外運動場・競技場,3,101,0.016560091818330874,0.9439252336448598,15.393048128342246
場合別2=下校（降園）中,発生場所2=道路,2,159,0.026069847515986226,0.8641304347826086,15.365398022563063
場合別1=通学中 | 場合別2=下校（降園）中,発生場所2=道路,3,159,0.026069847515986226,0.8641304347826086,15.365398022563063
場合別2=下校（降園）中,発生場所1=学校外（園外） | 発生場所2=道路,3,159,0.026069847515986226,0.8641304347826086,15.365398022563063
発生場所2=道路,場合別2=下校（降園）中,2,159,0.026069847515986226,0.46355685131195334,15.365398022563062
発生場所2=道路,場合別1=通学中 | 場合別2=下校（降園）中,3,159,0.026069847515986226,0.46355685131195334,15.365398022563062
発生場所1=学校外（園外） | 発生場所2=道路,場合別2=下校（降園）中,3,159,0.026069847515986226,0.46355685131195334,15.365398022563062
場合別1=通学中,発生場所2=道路 | 被災学校種=高,3,120,0.019675356615838663,0.36585365853658536,15.28316070831941
発生場所2=道路 | 被災学校種=高,場合別1=通学中,3,120,0.019675356615838663,0.821917808219178,15.28316070831941
被災学校種=保,場合別1=保育中 | 性別=女,3,116,0.019019511395310707,0.464,15.214709677419355
場合別1=保育中 | 性別=女,被災学校種=保,3,116,0.019019511395310707,0.6236559139784946,15.214709677419355
発生場所2=道路,場合別2=下校（降園）中 | 性別=男,3,97,0.01590424659780292,0.282798833819242,15.129737609329448
場合別2=下校（降園）中 | 性別=男,発生場所2=道路,3,97,0.01590424659780292,0.8508771929824561,15.129737609329446
場合別1=保育中 | 発生場所1=学校内・校舎外（園内・園舎外）,被災学校種=保,3,76,0.012461059190031152,0.6178861788617886,15.073951219512198
被災学校種=保,場合別1=保育中 | 発生場所1=学校内・校舎外（園内・園舎外）,3,76,0.012461059190031152,0.304,15.073951219512194
発生場所1=学校外（園外） | 競技種目=野球（含軟式）,発生場所2=学校外運動場・競技場,3,154,0.025250040990326284,0.9221556886227545,15.038041563930962
発生場所2=学校外運動場・競技場,発生場所1=学校外（園外） | 競技種目=野球（含軟式）,3,154,0.025250040990326284,0.4117647058823529,15.03804156393096
場合別1=通学中,性別=男 | 発生場所2=道路,3,181,0.02967699622888998,0.551829268292683,15.025029943379792
性別=男 | 発生場所2=道路,場合別1=通学中,3,181,0.02967699622888998,0.8080357142857143,15.025029943379792
場合別2=下校（降園）中 | 通学方法=徒歩,発生場所2=道路,3,97,0.01590424659780292,0.8434782608695652,14.998174673596148
発生場所2=道路,場合別2=下校（降園）中 | 通学方法=徒歩,3,97,0.01590424659780292,0.282798833819242,14.998174673596147
場合別1=保育中 | 発生場所2=運動場・校庭（園庭）,被災学校種=保,3,73,0.011969175274635186,0.6134453781512605,14.965613445378153
被災学校種=保,場合別1=保育中 | 発生場所2=運動場・校庭（園庭）,3,73,0.011969175274635186,0.292,14.96561344537815
通学方法=徒歩,発生場所2=道路,2,133,0.021806853582554516,0.8364779874213837,14.873700423565655
場合別1=通学中 | 通学方法=徒歩,発生場所2=道路,3,133,0.021806853582554516,0.8364779874213837,14.873700423565655
通学方法=徒歩,発生場所1=学校外（園外） | 発生場所2=道路,3,133,0.021806853582554516,0.8364779874213837,14.873700423565655
発生場所1=学校外（園外） | 通学方法=徒歩,発生場所2=道路,3,133,0.021806853582554516,0.8364779874213837,14.873700423565655
発生場所2=道路,通学方法=徒歩,2,133,0.021806853582554516,0.3877551020408163,14.873700423565653
発生場所2=道路,場合別1=通学中 | 通学方法=徒歩,3,133,0.021806853582554516,0.3877551020408163,14.873700423565653
発生場所2=道路,発生場所1=学校外（園外） | 通学方法=徒歩,3,133,0.021806853582554516,0.3877551020408163,14.873700423565653
発生場所1=学校外（園外） | 発生場所2=道路,通学方法=徒歩,3,133,0.021806853582554516,0.3877551020408163,14.873700423565653
被災学校種=幼,場合別1=保育中 | 発生場所1=学校内・校舎内（園内・園舎内）,3,65,0.010657484833579275,0.5555555555555556,14.861111111111112
場合別1=保育中 | 発生場所1=学校内・校舎内（園内・園舎内）,被災学校種=幼,3,65,0.010657484833579275,0.2850877192982456,14.86111111111111
場合別2=下校（降園）中,和暦=平成 | 発生場所2=道路,3,117,0.019183472700442697,0.6358695652173914,14.858883058470767
和暦=平成 | 発生場所2=道路,場合別2=下校（降園）中,3,117,0.019183472700442697,0.4482758620689655,14.858883058470765
発生場所2=道路,和暦=平成 | 場合別2=下校（降園）中,3,117,0.019183472700442697,0.34110787172011664,14.754729855468025
和暦=平成 | 場合別2=下校（降園）中,発生場所2=道路,3,117,0.019183472700442697,0.8297872340425532,14.754729855468023
和暦=平成 | 通学方法=徒歩,発生場所2=道路,3,106,0.01737989834399082,0.8091603053435115,14.387955400262614
発生場所2=道路,和暦=平成 | 通学方法=徒歩,3,106,0.01737989834399082,0.30903790087463556,14.387955400262612
場合別1=通学中,発生場所2=道路 | 被災学年=2,3,75,0.012297097884899164,0.22865853658536586,14.37720015086749
発生場所2=道路 | 被災学年=2,場合別1=通学中,3,75,0.012297097884899164,0.7731958762886598,14.37720015086749
場合別2=下校（降園）中,性別=男 | 発生場所2=道路,3,97,0.01590424659780292,0.5271739130434783,14.353721855590063
性別=男 | 発生場所2=道路,場合別2=下校（降園）中,3,97,0.01590424659780292,0.4330357142857143,14.353721855590061
性別=男 | 通学方法=徒歩,発生場所2=道路,3,78,0.01278898180029513,0.8041237113402062,14.298398004267982
発生場所2=道路,性別=男 | 通学方法=徒歩,3,78,0.01278898180029513,0.22740524781341107,14.29839800426798
場合別1=通学中 | 被災学年=2,発生場所2=道路,3,75,0.012297097884899164,0.7894736842105263,14.03790087463557
発生場所2=道路,場合別1=通学中 | 被災学年=2,3,75,0.012297097884899164,0.21865889212827988,14.037900874635568
通学方法=徒歩,性別=男 | 発生場所2=道路,3,78,0.01278898180029513,0.49056603773584906,13.356974393530997
性別=男 | 発生場所2=道路,通学方法=徒歩,3,78,0.01278898180029513,0.3482142857142857,13.356974393530997
競技種目=マット運動,場合別2=体育（保健体育） | 発生場所2=体育館・屋内運動場,3,73,0.011969175274635186,0.9358974358974359,13.152162353775259
競技種目=マット運動,場合別1=各教科等 | 発生場所2=体育館・屋内運動場,3,73,0.011969175274635186,0.9358974358974359,12.769660987781794
競技種目=マット運動,場合別2=体育（保健体育） | 発生場所1=学校内・校舎内（園内・園舎内）,3,73,0.011969175274635186,0.9358974358974359,12.769660987781794
場合別1=通学中,発生場所1=学校外（園外） | 被災学校種=小,3,125,0.020495163141498605,0.38109756097560976,12.16918337377091
発生場所1=学校外（園外） | 被災学校種=小,場合別1=通学中,3,125,0.020495163141498605,0.6544502617801047,12.16918337377091
発生場所2=道路,発生場所1=学校外（園外） | 被災学校種=小,3,121,0.019839317920970653,0.35276967930029157,11.26461923587685
発生場所1=学校外（園外） | 被災学校種=小,発生場所2=道路,3,121,0.019839317920970653,0.6335078534031413,11.264619235876848
発生場所2=学校外運動場・競技場,場合別2=体育的部活動 | 発生場所1=学校外（園外）,3,360,0.05902606984751599,0.9625668449197861,10.464697303325803
場合別2=体育的部活動 | 発生場所1=学校外（園外）,発生場所2=学校外運動場・競技場,3,360,0.05902606984751599,0.6417112299465241,10.464697303325803
発生場所2=学校外体育館,場合別2=体育的部活動 | 発生場所1=学校外（園外）,3,127,0.020823085751762584,0.9548872180451128,10.381207028265852
場合別2=体育的部活動 | 発生場所1=学校外（園外）,発生場所2=学校外体育館,3,127,0.020823085751762584,0.22638146167557932,10.381207028265852
発生場所2=学校外運動場・競技場,場合別1=課外指導 | 発生場所1=学校外（園外）,3,361,0.059190031152647975,0.9652406417112299,10.22049075311943
場合別1=課外指導 | 発生場所1=学校外（園外）,発生場所2=学校外運動場・競技場,3,361,0.059190031152647975,0.6267361111111112,10.22049075311943
発生場所2=学校外体育館,場合別1=課外指導 | 発生場所1=学校外（園外）,3,128,0.020987047056894574,0.9624060150375939,10.19047619047619
場合別1=課外指導 | 発生場所1=学校外（園外）,発生場所2=学校外体育館,3,128,0.020987047056894574,0.2222222222222222,10.19047619047619
通学方法=自転車,発生場所1=学校外（園外） | 被災学年=1,3,66,0.010821446138711265,0.4782608695652174,8.604463255098114
競技種目=バレーボール,場合別2=体育的部活動 | 発生場所2=体育館・屋内運動場,3,68,0.011149368748975241,0.591304347826087,8.525686093123651
競技種目=バレーボール,場合別1=課外指導 | 発生場所2=体育館・屋内運動場,3,68,0.011149368748975241,0.591304347826087,8.485565217391304
競技種目=マット運動,場合別1=各教科等 | 発生場所1=学校内・校舎内（園内・園舎内）,3,73,0.011969175274635186,0.9358974358974359,8.189438251848582
通学方法=自転車,発生場所1=学校外（園外） | 被災学校種=高,3,99,0.016232169208066895,0.717391304347826,8.02820103709613
通学方法=徒歩,性別=女 | 発生場所1=学校外（園外）,3,62,0.01016560091818331,0.389937106918239,7.980625554007852
性別=女 | 発生場所1=学校外（園外）,通学方法=徒歩,3,62,0.01016560091818331,0.2080536912751678,7.980625554007852
競技種目=バレーボール,場合別2=体育的部活動 | 発生場所1=学校内・校舎内（園内・園舎内）,3,72,0.011805213969503197,0.6260869565217392,7.824803991446901
場合別2=下校（降園）中,性別=女 | 発生場所1=学校外（園外）,3,69,0.01131333005410723,0.375,7.6749161073825505
性別=女 | 発生場所1=学校外（園外）,場合別2=下校（降園）中,3,69,0.01131333005410723,0.23154362416107382,7.67491610738255
場合別1=通学中,性別=女 | 発生場所1=学校外（園外）,3,121,0.019839317920970653,0.36890243902439024,7.550120723522672
性別=女 | 発生場所1=学校外（園外）,場合別1=通学中,3,121,0.019839317920970653,0.40604026845637586,7.550120723522672
競技種目=ソフトボール,場合別2=体育（保健体育） | 発生場所2=運動場・校庭（園庭）,3,64,0.010493523528447287,0.463768115942029,7.482861743731309
競技種目=バドミントン,場合別2=体育的部活動 | 発生場所2=体育館・屋内運動場,3,64,0.010493523528447287,0.512,7.382241134751773
競技種目=バドミントン,場合別1=課外指導 | 発生場所2=体育館・屋内運動場,3,64,0.010493523528447287,0.512,7.347501176470589
発生場所2=学校外運動場・競技場,発生場所1=学校外（園外） | 被災学校種=高,3,245,0.04017051975733727,0.6550802139037433,7.330888485502625
発生場所1=学校外（園外） | 被災学校種=高,発生場所2=学校外運動場・競技場,3,245,0.04017051975733727,0.44954128440366975,7.330888485502625
競技種目=バレーボール,場合別1=課外指導 | 発生場所1=学校内・校舎内（園内・園舎内）,3,72,0.011805213969503197,0.6260869565217392,7.15075720566683
場合別2=その他の教科,場合別1=各教科等 | 被災学校種=小,3,63,0.010329562223315297,0.45652173913043476,7.139297658862876
発生場所2=道路,性別=女 | 発生場所1=学校外（園外）,3,119,0.019511395310706673,0.3469387755102041,7.100602657170251
性別=女 | 発生場所1=学校外（園外）,発生場所2=道路,3,119,0.019511395310706673,0.39932885906040266,7.100602657170251
場合別2=その他の教科,場合別1=各教科等 | 発生場所1=学校内・校舎内（園内・園舎内）,3,111,0.01819970486965076,0.8043478260869565,7.038331981785291
競技種目=ソフトボール,場合別1=各教科等 | 発生場所2=運動場・校庭（園庭）,3,64,0.010493523528447287,0.463768115942029,6.815715034049241
場合別1=各教科等 | 競技種目=サッカー・フットサル,場合別2=体育（保健体育）,3,108,0.017707820954254796,1.0,6.814525139664805
場合別1=各教科等 | 競技種目=バスケットボール,場合別2=体育（保健体育）,3,81,0.013280865715691098,1.0,6.814525139664805
場合別1=各教科等 | 競技種目=マット運動,場合別2=体育（保健体育）,3,73,0.011969175274635186,1.0,6.814525139664805
場合別1=各教科等 | 競技種目=その他,場合別2=体育（保健体育）,3,69,0.01131333005410723,1.0,6.814525139664805
場合別1=各教科等 | 競技種目=ソフトボール,場合別2=体育（保健体育）,3,66,0.010821446138711265,1.0,6.814525139664805
競技種目=バドミントン,場合別2=体育的部活動 | 発生場所1=学校内・校舎内（園内・園舎内）,3,68,0.011149368748975241,0.544,6.79888524590164
発生場所2=学校外運動場・競技場,性別=男 | 発生場所1=学校外（園外）,3,337,0.05525495982948024,0.9010695187165776,6.693816071440203
性別=男 | 発生場所1=学校外（園外）,発生場所2=学校外運動場・競技場,3,337,0.05525495982948024,0.4104750304506699,6.693816071440202
競技種目=ソフトボール,場合別2=体育（保健体育） | 発生場所1=学校内・校舎外（園内・園舎外）,3,64,0.010493523528447287,0.463768115942029,6.624172691171978
場合別2=体育（保健体育）,場合別1=各教科等 | 発生場所2=体育館・屋内運動場,3,434,0.07115920642728316,0.4849162011173184,6.616339844775224
場合別1=各教科等 | 発生場所2=体育館・屋内運動場,場合別2=体育（保健体育）,3,434,0.07115920642728316,0.970917225950783,6.616339844775224
発生場所1=学校内・校舎内（園内・園舎内） | 競技種目=マット運動,場合別2=体育（保健体育）,3,73,0.011969175274635186,0.948051948051948,6.460523833708192
発生場所2=体育館・屋内運動場 | 競技種目=マット運動,場合別2=体育（保健体育）,3,73,0.011969175274635186,0.948051948051948,6.460523833708192
発生場所2=学校外運動場・競技場,発生場所1=学校外（園外） | 被災学年=3,3,101,0.016560091818330874,0.2700534759358289,6.408778792733932
発生場所1=学校外（園外） | 被災学年=3,発生場所2=学校外運動場・競技場,3,101,0.016560091818330874,0.39299610894941633,6.408778792733931
発生場所1=学校外（園外） | 被災学年=1,発生場所2=道路,3,122,0.02000327922610264,0.35988200589970504,6.399184705487759
発生場所2=道路,発生場所1=学校外（園外） | 被災学年=1,3,122,0.02000327922610264,0.3556851311953353,6.399184705487758
競技種目=マット運動,場合別2=体育（保健体育）,2,73,0.011969175274635186,0.9358974358974359,6.3776966050709065
競技種目=マット運動,場合別1=各教科等 | 場合別2=体育（保健体育）,3,73,0.011969175274635186,0.9358974358974359,6.3776966050709065
発生場所2=学校外運動場・競技場,和暦=令和 | 発生場所1=学校外（園外）,3,100,0.016396130513198885,0.26737967914438504,6.345325537360329
和暦=令和 | 発生場所1=学校外（園外）,発生場所2=学校外運動場・競技場,3,100,0.016396130513198885,0.38910505836575876,6.345325537360328
場合別1=通学中,発生場所1=学校外（園外） | 被災学年=1,3,115,0.018855550090178717,0.35060975609756095,6.307872868551694
発生場所1=学校外（園外） | 被災学年=1,場合別1=通学中,3,115,0.018855550090178717,0.3392330383480826,6.307872868551694
競技種目=バドミントン,場合別1=課外指導 | 発生場所1=学校内・校舎内（園内・園舎内）,3,68,0.011149368748975241,0.544,6.213213483146068
場合別2=体育（保健体育）,場合別1=各教科等 | 発生場所2=運動場・校庭（園庭）,3,378,0.061977373339891784,0.4223463687150838,6.206965066971798
場合別1=各教科等 | 発生場所2=運動場・校庭（園庭）,場合別2=体育（保健体育）,3,378,0.061977373339891784,0.9108433734939759,6.206965066971798
発生場所2=学校外運動場・競技場,発生場所1=学校外（園外） | 被災学年=2,3,153,0.025086079685194294,0.4090909090909091,6.175855085508551
発生場所1=学校外（園外） | 被災学年=2,発生場所2=学校外運動場・競技場,3,153,0.025086079685194294,0.3787128712871287,6.175855085508551
発生場所1=学校内・校舎内（園内・園舎内） | 被災学校種=保,発生場所2=教室（保育室）,3,107,0.017543859649122806,0.7086092715231788,6.16520391871593
場合別2=体育（保健体育）,場合別1=各教科等 | 発生場所1=学校内・校舎外（園内・園舎外）,3,427,0.07001147729135924,0.4770949720670391,6.100214328379185
場合別1=各教科等 | 発生場所1=学校内・校舎外（園内・園舎外）,場合別2=体育（保健体育）,3,427,0.07001147729135924,0.8951781970649895,6.100214328379185
発生場所1=学校内・校舎内（園内・園舎内） | 競技種目=マット運動,発生場所2=体育館・屋内運動場,3,77,0.012625020495163142,1.0,6.056603773584906
場合別1=各教科等 | 競技種目=マット運動,発生場所2=体育館・屋内運動場,3,73,0.011969175274635186,1.0,6.056603773584906
場合別2=体育（保健体育） | 競技種目=マット運動,発生場所2=体育館・屋内運動場,3,73,0.011969175274635186,1.0,6.056603773584906
発生場所2=実習実験室,場合別1=各教科等 | 発生場所1=学校内・校舎内（園内・園舎内）,3,105,0.01721593703885883,0.6907894736842105,6.044655667144907
競技種目=マット運動,発生場所2=体育館・屋内運動場,2,77,0.012625020495163142,0.9871794871794872,5.978955007256895
競技種目=マット運動,発生場所1=学校内・校舎内（園内・園舎内） | 発生場所2=体育館・屋内運動場,3,77,0.012625020495163142,0.9871794871794872,5.978955007256895
競技種目=ソフトボール,場合別1=各教科等 | 発生場所1=学校内・校舎外（園内・園舎外）,3,64,0.010493523528447287,0.463768115942029,5.929814966730471
発生場所2=学校外運動場・競技場,発生場所1=学校外（園外） | 被災学校種=中,3,121,0.019839317920970653,0.3235294117647059,5.925543190249073
発生場所1=学校外（園外） | 被災学校種=中,発生場所2=学校外運動場・競技場,3,121,0.019839317920970653,0.3633633633633634,5.925543190249073
場合別1=各教科等 | 競技種目=バスケットボール,発生場所2=体育館・屋内運動場,3,79,0.01295294310542712,0.9753086419753086,5.907058001397624
場合別2=体育（保健体育） | 競技種目=バスケットボール,発生場所2=体育館・屋内運動場,3,79,0.01295294310542712,0.9753086419753086,5.907058001397624
発生場所2=学校外体育館,発生場所1=学校外（園外） | 被災学校種=高,3,70,0.011477291359239219,0.5263157894736842,5.889908256880734
発生場所1=学校内・校舎内（園内・園舎内） | 競技種目=バスケットボール,発生場所2=体育館・屋内運動場,3,170,0.027873421872438103,0.9714285714285714,5.88355795148248
競技種目=ソフトボール,性別=女 | 発生場所2=運動場・校庭（園庭）,3,70,0.011477291359239219,0.5072463768115942,5.881550669532155
発生場所2=体育館・屋内運動場,場合別2=体育（保健体育） | 発生場所1=学校内・校舎内（園内・園舎内）,3,434,0.07115920642728316,0.43098311817279045,5.880460934532101
場合別2=体育（保健体育） | 発生場所1=学校内・校舎内（園内・園舎内）,発生場所2=体育館・屋内運動場,3,434,0.07115920642728316,0.970917225950783,5.880460934532101
場合別2=昼食時休憩時間中,場合別1=休憩時間 | 発生場所2=運動場・校庭（園庭）,3,198,0.03246433841613379,0.43805309734513276,5.858960176991151
場合別1=休憩時間 | 発生場所2=運動場・校庭（園庭）,場合別2=昼食時休憩時間中,3,198,0.03246433841613379,0.4342105263157895,5.85896017699115
発生場所1=学校内・校舎内（園内・園舎内） | 競技種目=柔道,発生場所2=体育館・屋内運動場,3,87,0.01426463354648303,0.9666666666666667,5.854716981132076
通学方法=徒歩,和暦=平成 | 発生場所1=学校外（園外）,3,131,0.02147893097229054,0.8238993710691824,5.829422580221513
給付年度=1,和暦=令和 | 被災学年=3,3,80,0.013116904410559108,0.26666666666666666,5.808571428571429
和暦=令和 | 被災学年=3,給付年度=1,3,80,0.013116904410559108,0.2857142857142857,5.808571428571428
発生場所1=学校内・校舎内（園内・園舎内） | 競技種目=バレーボール,発生場所2=体育館・屋内運動場,3,87,0.01426463354648303,0.9560439560439561,5.790379431888867
発生場所1=学校内・校舎内（園内・園舎内） | 競技種目=バドミントン,発生場所2=体育館・屋内運動場,3,106,0.01737989834399082,0.954954954954955,5.783783783783784
給付年度=2,和暦=令和 | 被災学校種=中,3,117,0.019183472700442697,0.3644859813084112,5.744186046511628
和暦=令和 | 被災学校種=中,給付年度=2,3,117,0.019183472700442697,0.3023255813953488,5.7441860465116275
場合別1=各教科等 | 被災学校種=高,場合別2=体育（保健体育）,3,332,0.054435153303820295,0.8405063291139241,5.727651509794216
場合別2=体育（保健体育）,場合別1=各教科等 | 被災学校種=高,3,332,0.054435153303820295,0.37094972067039106,5.727651509794215
競技種目=バスケットボール,発生場所2=体育館・屋内運動場 | 被災学校種=高,3,94,0.015412362682406953,0.4034334763948498,5.6956962327134
発生場所2=体育館・屋内運動場 | 被災学校種=高,競技種目=バスケットボール,3,94,0.015412362682406953,0.2175925925925926,5.6956962327134
場合別2=昼食時休憩時間中,場合別1=休憩時間 | 発生場所1=学校内・校舎外（園内・園舎外）,3,209,0.03426791277258567,0.46238938053097345,5.674271291465608
場合別1=休憩時間 | 発生場所1=学校内・校舎外（園内・園舎外）,場合別2=昼食時休憩時間中,3,209,0.03426791277258567,0.42052313883299797,5.674271291465607
発生場所2=道路,和暦=令和 | 発生場所1=学校外（園外）,3,82,0.013444827020823086,0.239067055393586,5.67342401107191
和暦=令和 | 発生場所1=学校外（園外）,発生場所2=道路,3,82,0.013444827020823086,0.31906614785992216,5.67342401107191
場合別2=休憩時間中,場合別1=休憩時間 | 発生場所2=教室（保育室）,3,164,0.02688965404164617,0.3048327137546468,5.633862791483609
場合別1=休憩時間 | 発生場所2=教室（保育室）,場合別2=休憩時間中,3,164,0.02688965404164617,0.49696969696969695,5.633862791483609
発生場所2=学校外運動場・競技場,発生場所1=学校外（園外） | 被災学年=1,3,117,0.019183472700442697,0.31283422459893045,5.628247598315271
発生場所1=学校外（園外） | 被災学年=1,発生場所2=学校外運動場・競技場,3,117,0.019183472700442697,0.34513274336283184,5.628247598315271
競技種目=柔道,性別=男 | 発生場所2=体育館・屋内運動場,3,77,0.012625020495163142,0.5968992248062015,5.6007513416815735
場合別2=登校（登園）中,発生場所1=学校外（園外） | 被災学校種=高,3,66,0.010821446138711265,0.5,5.595412844036697
場合別2=授業終了後の特定時間中,場合別1=休憩時間 | 被災学校種=中,3,82,0.013444827020823086,0.35807860262008734,5.58547671964172
場合別1=休憩時間 | 被災学校種=中,場合別2=授業終了後の特定時間中,3,82,0.013444827020823086,0.20971867007672634,5.58547671964172
場合別2=休憩時間中,場合別1=休憩時間 | 発生場所2=廊下,3,129,0.02115100836202656,0.23977695167286245,5.581677970430489
場合別1=休憩時間 | 発生場所2=廊下,場合別2=休憩時間中,3,129,0.02115100836202656,0.49236641221374045,5.581677970430489
場合別2=登校（登園）中,和暦=平成 | 発生場所1=学校外（園外）,3,104,0.01705197573372684,0.7878787878787878,5.574562328622654
発生場所2=学校外運動場・競技場,場合別1=課外指導 | 競技種目=サッカー・フットサル,3,100,0.016396130513198885,0.26737967914438504,5.527961569835947
場合別1=課外指導 | 競技種目=サッカー・フットサル,発生場所2=学校外運動場・競技場,3,100,0.016396130513198885,0.3389830508474576,5.527961569835947
発生場所2=学校外運動場・競技場,場合別2=体育的部活動 | 競技種目=サッカー・フットサル,3,100,0.016396130513198885,0.26737967914438504,5.527961569835947
場合別2=体育的部活動 | 競技種目=サッカー・フットサル,発生場所2=学校外運動場・競技場,3,100,0.016396130513198885,0.3389830508474576,5.527961569835947
場合別1=通学中,和暦=平成 | 発生場所1=学校外（園外）,3,253,0.04148221019839318,0.7713414634146342,5.457554043347859
和暦=平成 | 発生場所1=学校外（園外）,場合別1=通学中,3,253,0.04148221019839318,0.29350348027842227,5.457554043347858
発生場所2=教室（保育室）,場合別1=保育中 | 発生場所1=学校内・校舎内（園内・園舎内）,3,143,0.023446466633874407,0.20399429386590584,5.456847360912982
場合別1=保育中 | 発生場所1=学校内・校舎内（園内・園舎内）,発生場所2=教室（保育室）,3,143,0.023446466633874407,0.6271929824561403,5.456847360912981
発生場所1=学校外（園外）,発生場所2=学校外運動場・競技場,2,374,0.06132152811936383,0.3342269883824844,5.450402144772118
発生場所1=学校外（園外）,発生場所2=道路,2,343,0.05623872766027217,0.3065236818588025,5.450402144772118
発生場所1=学校外（園外）,性別=男 | 発生場所2=学校外運動場・競技場,3,337,0.05525495982948024,0.30116175156389635,5.450402144772118
発生場所1=学校外（園外）,場合別1=通学中 | 発生場所2=道路,3,290,0.047548778488276766,0.25915996425379806,5.450402144772118
発生場所1=学校外（園外）,和暦=平成 | 発生場所2=学校外運動場・競技場,3,274,0.044925397606164943,0.2448614834673816,5.450402144772118
発生場所1=学校外（園外）,和暦=平成 | 発生場所2=道路,3,261,0.04279390063944909,0.23324396782841822,5.450402144772118
発生場所1=学校外（園外）,性別=男 | 発生場所2=道路,3,224,0.0367273323495655,0.20017873100983022,5.450402144772118
発生場所2=学校外運動場・競技場,発生場所1=学校外（園外）,2,374,0.06132152811936383,1.0,5.450402144772117
発生場所1=学校外（園外）,場合別1=課外指導 | 発生場所2=学校外運動場・競技場,3,361,0.059190031152647975,0.322609472743521,5.450402144772117
場合別1=課外指導 | 発生場所2=学校外運動場・競技場,発生場所1=学校外（園外）,3,361,0.059190031152647975,1.0,5.450402144772117
発生場所1=学校外（園外）,場合別2=体育的部活動 | 発生場所2=学校外運動場・競技場,3,360,0.05902606984751599,0.32171581769436997,5.450402144772117
場合別2=体育的部活動 | 発生場所2=学校外運動場・競技場,発生場所1=学校外（園外）,3,360,0.05902606984751599,1.0,5.450402144772117
発生場所2=道路,発生場所1=学校外（園外）,2,343,0.05623872766027217,1.0,5.450402144772117
性別=男 | 発生場所2=学校外運動場・競技場,発生場所1=学校外（園外）,3,337,0.05525495982948024,1.0,5.450402144772117
場合別1=通学中 | 発生場所2=道路,発生場所1=学校外（園外）,3,290,0.047548778488276766,1.0,5.450402144772117
和暦=平成 | 発生場所2=学校外運動場・競技場,発生場所1=学校外（園外）,3,274,0.044925397606164943,1.0,5.450402144772117
和暦=平成 | 発生場所2=道路,発生場所1=学校外（園外）,3,261,0.04279390063944909,1.0,5.450402144772117
発生場所1=学校外（園外）,発生場所2=学校外運動場・競技場 | 被災学校種=高,3,245,0.04017051975733727,0.21894548704200179,5.450402144772117
発生場所2=学校外運動場・競技場 | 被災学校種=高,発生場所1=学校外（園外）,3,245,0.04017051975733727,1.0,5.450402144772117
性別=男 | 発生場所2=道路,発生場所1=学校外（園外）,3,224,0.0367273323495655,1.0,5.450402144772117
場合別1=通学中 | 性別=男,発生場所1=学校外（園外）,3,206,0.0337760288571897,1.0,5.450402144772117
通学方法=徒歩,発生場所1=学校外（園外）,2,159,0.026069847515986226,1.0,5.450402144772117
場合別1=通学中 | 通学方法=徒歩,発生場所1=学校外（園外）,3,159,0.026069847515986226,1.0,5.450402144772117
場合別2=下校（降園）中 | 発生場所2=道路,発生場所1=学校外（園外）,3,159,0.026069847515986226,1.0,5.450402144772117
発生場所2=学校外運動場・競技場 | 競技種目=野球（含軟式）,発生場所1=学校外（園外）,3,154,0.025250040990326284,1.0,5.450402144772117
発生場所2=学校外運動場・競技場 | 被災学年=2,発生場所1=学校外（園外）,3,153,0.025086079685194294,1.0,5.450402144772117
発生場所2=道路 | 被災学校種=高,発生場所1=学校外（園外）,3,146,0.023938350549270373,1.0,5.450402144772117
発生場所2=道路 | 通学方法=自転車,発生場所1=学校外（園外）,3,135,0.022134776192818496,1.0,5.450402144772117
発生場所2=学校外体育館,発生場所1=学校外（園外）,2,133,0.021806853582554516,1.0,5.450402144772117
発生場所2=道路 | 通学方法=徒歩,発生場所1=学校外（園外）,3,133,0.021806853582554516,1.0,5.450402144772117
場合別2=登校（登園）中,発生場所1=学校外（園外）,2,132,0.02164289227742253,1.0,5.450402144772117
場合別1=通学中 | 場合別2=登校（登園）中,発生場所1=学校外（園外）,3,132,0.02164289227742253,1.0,5.450402144772117
和暦=平成 | 通学方法=徒歩,発生場所1=学校外（園外）,3,131,0.02147893097229054,1.0,5.450402144772117
場合別1=課外指導 | 発生場所2=学校外体育館,発生場所1=学校外（園外）,3,128,0.020987047056894574,1.0,5.450402144772117
場合別2=体育的部活動 | 発生場所2=学校外体育館,発生場所1=学校外（園外）,3,127,0.020823085751762584,1.0,5.450402144772117
場合別1=通学中 | 被災学校種=小,発生場所1=学校外（園外）,3,125,0.020495163141498605,1.0,5.450402144772117
発生場所2=道路 | 被災学年=1,発生場所1=学校外（園外）,3,122,0.02000327922610264,1.0,5.450402144772117
発生場所2=学校外運動場・競技場 | 被災学校種=中,発生場所1=学校外（園外）,3,121,0.019839317920970653,1.0,5.450402144772117
被災学校種=小 | 通学方法=徒歩,発生場所1=学校外（園外）,3,121,0.019839317920970653,1.0,5.450402144772117
発生場所2=道路 | 被災学校種=小,発生場所1=学校外（園外）,3,121,0.019839317920970653,1.0,5.450402144772117
場合別2=登校（登園）中 | 発生場所2=道路,発生場所1=学校外（園外）,3,120,0.019675356615838663,1.0,5.450402144772117
性別=女 | 発生場所2=道路,発生場所1=学校外（園外）,3,119,0.019511395310706673,1.0,5.450402144772117
発生場所2=学校外運動場・競技場 | 被災学年=1,発生場所1=学校外（園外）,3,117,0.019183472700442697,1.0,5.450402144772117
場合別2=下校（降園）中 | 通学方法=徒歩,発生場所1=学校外（園外）,3,115,0.018855550090178717,1.0,5.450402144772117
場合別2=下校（降園）中 | 性別=男,発生場所1=学校外（園外）,3,114,0.018691588785046728,1.0,5.450402144772117
和暦=平成 | 場合別2=登校（登園）中,発生場所1=学校外（園外）,3,104,0.01705197573372684,1.0,5.450402144772117
発生場所2=学校外運動場・競技場 | 被災学年=3,発生場所1=学校外（園外）,3,101,0.016560091818330874,1.0,5.450402144772117
発生場所2=学校外運動場・競技場 | 競技種目=サッカー・フットサル,発生場所1=学校外（園外）,3,101,0.016560091818330874,1.0,5.450402144772117
和暦=令和 | 発生場所2=学校外運動場・競技場,発生場所1=学校外（園外）,3,100,0.016396130513198885,1.0,5.450402144772117
和暦=平成 | 発生場所2=学校外体育館,発生場所1=学校外（園外）,3,98,0.01606820790293491,1.0,5.450402144772117
性別=男 | 通学方法=徒歩,発生場所1=学校外（園外）,3,97,0.01590424659780292,1.0,5.450402144772117
発生場所2=道路 | 被災学年=2,発生場所1=学校外（園外）,3,97,0.01590424659780292,1.0,5.450402144772117
場合別1=通学中 | 被災学年=2,発生場所1=学校外（園外）,3,95,0.01557632398753894,1.0,5.450402144772117
性別=男 | 通学方法=自転車,発生場所1=学校外（園外）,3,90,0.014756517461878997,1.0,5.450402144772117
場合別2=下校（降園）中 | 被災学校種=小,発生場所1=学校外（園外）,3,89,0.014592556156747007,1.0,5.450402144772117
性別=男 | 発生場所2=学校外体育館,発生場所1=学校外（園外）,3,89,0.014592556156747007,1.0,5.450402144772117
場合別2=登校（登園）中 | 性別=男,発生場所1=学校外（園外）,3,83,0.013608788325955074,1.0,5.450402144772117
和暦=令和 | 発生場所2=道路,発生場所1=学校外（園外）,3,82,0.013444827020823086,1.0,5.450402144772117
発生場所2=道路 | 被災学年=3,発生場所1=学校外（園外）,3,75,0.012297097884899164,1.0,5.450402144772117
場合別2=登校（登園）中 | 通学方法=自転車,発生場所1=学校外（園外）,3,74,0.012133136579767174,1.0,5.450402144772117
和暦=令和 | 場合別1=通学中,発生場所1=学校外（園外）,3,74,0.012133136579767174,1.0,5.450402144772117
場合別1=通学中 | 被災学年=3,発生場所1=学校外（園外）,3,70,0.011477291359239219,1.0,5.450402144772117
発生場所2=学校外体育館 | 被災学校種=高,発生場所1=学校外（園外）,3,70,0.011477291359239219,1.0,5.450402144772117
発生場所2=道路 | 被災学校種=中,発生場所1=学校外（園外）,3,69,0.01131333005410723,1.0,5.450402144772117
場合別2=登校（登園）中 | 被災学校種=高,発生場所1=学校外（園外）,3,66,0.010821446138711265,1.0,5.450402144772117
場合別1=通学中 | 被災学校種=中,発生場所1=学校外（園外）,3,65,0.010657484833579275,1.0,5.450402144772117
性別=女 | 通学方法=徒歩,発生場所1=学校外（園外）,3,62,0.01016560091818331,1.0,5.450402144772117
場合別1=通学中,発生場所1=学校外（園外）,2,327,0.05361534677816036,0.9969512195121951,5.433785065062446
発生場所1=学校外（園外）,場合別1=通学中,2,327,0.05361534677816036,0.29222520107238603,5.433785065062446
発生場所1=学校外（園外）,和暦=平成 | 場合別1=通学中,3,253,0.04148221019839318,0.22609472743521,5.428943868611597
和暦=平成 | 場合別1=通学中,発生場所1=学校外（園外）,3,253,0.04148221019839318,0.9960629921259843,5.428943868611597
場合別2=その他の教科,和暦=平成 | 場合別1=各教科等,3,112,0.01836366617478275,0.8115942028985508,5.421591504357351
場合別2=下校（降園）中,発生場所1=学校外（園外）,2,183,0.03000491883915396,0.9945652173913043,5.4207803939853125
場合別1=通学中 | 場合別2=下校（降園）中,発生場所1=学校外（園外）,3,183,0.03000491883915396,0.9945652173913043,5.4207803939853125
場合別2=体育（保健体育）,場合別1=各教科等 | 被災学校種=中,3,298,0.04886046892933268,0.3329608938547486,5.415275977653631
場合別1=各教科等 | 被災学校種=中,場合別2=体育（保健体育）,3,298,0.04886046892933268,0.7946666666666666,5.415275977653631
和暦=平成 | 場合別2=下校（降園）中,発生場所1=学校外（園外）,3,140,0.022954582718478438,0.9929078014184397,5.411746810412032
通学方法=自転車,発生場所1=学校外（園外）,2,137,0.022462698803082472,0.9927536231884058,5.410906477056377
場合別1=通学中 | 通学方法=自転車,発生場所1=学校外（園外）,3,137,0.022462698803082472,0.9927536231884058,5.410906477056377
場合別1=通学中 | 被災学校種=高,発生場所1=学校外（園外）,3,130,0.02131496966715855,0.9923664122137404,5.408796021529582
場合別1=通学中 | 性別=女,発生場所1=学校外（園外）,3,121,0.019839317920970653,0.9918032786885246,5.405726717355953
場合別1=通学中 | 被災学年=1,発生場所1=学校外（園外）,3,115,0.018855550090178717,0.9913793103448276,5.403415919386151
被災学校種=高 | 通学方法=自転車,発生場所1=学校外（園外）,3,99,0.016232169208066895,0.99,5.395898123324397
和暦=平成 | 通学方法=自転車,発生場所1=学校外（園外）,3,98,0.01606820790293491,0.98989898989899,5.395347577653207
発生場所2=道路,和暦=平成 | 発生場所1=学校外（園外）,3,261,0.04279390063944909,0.760932944606414,5.383909546582969
和暦=平成 | 発生場所1=学校外（園外）,発生場所2=道路,3,261,0.04279390063944909,0.302784222737819,5.383909546582969
場合別2=下校（降園）中,和暦=平成 | 発生場所1=学校外（園外）,3,140,0.022954582718478438,0.7608695652173914,5.383461111671543
競技種目=ソフトボール,性別=女 | 発生場所1=学校内・校舎外（園内・園舎外）,3,70,0.011477291359239219,0.5072463768115942,5.380340264650283
場合別2=下校（降園）中 | 性別=女,発生場所1=学校外（園外）,3,69,0.01131333005410723,0.9857142857142858,5.3725392569896595
被災学年=1 | 通学方法=自転車,発生場所1=学校外（園外）,3,66,0.010821446138711265,0.9850746268656716,5.36905285902925
場合別1=通学中,和暦=令和 | 発生場所1=学校外（園外）,3,74,0.012133136579767174,0.22560975609756098,5.354061877194647
和暦=令和 | 発生場所1=学校外（園外）,場合別1=通学中,3,74,0.012133136579767174,0.28793774319066145,5.354061877194647
場合別2=体育（保健体育）,場合別1=各教科等 | 被災学年=3,3,273,0.04476143630103296,0.30502793296089387,5.300186219739293
場合別1=各教科等 | 被災学年=3,場合別2=体育（保健体育）,3,273,0.04476143630103296,0.7777777777777778,5.300186219739293
場合別2=体育（保健体育）,和暦=令和 | 場合別1=各教科等,3,243,0.03984259714707329,0.27150837988826815,5.290509932711014
和暦=令和 | 場合別1=各教科等,場合別2=体育（保健体育）,3,243,0.03984259714707329,0.7763578274760383,5.290509932711014
発生場所2=体育館・屋内運動場,場合別2=体育的部活動 | 発生場所1=学校内・校舎内（園内・園舎内）,3,423,0.06935563207083129,0.4200595829195631,5.249884008660687
場合別2=体育的部活動 | 発生場所1=学校内・校舎内（園内・園舎内）,発生場所2=体育館・屋内運動場,3,423,0.06935563207083129,0.8668032786885246,5.249884008660687
発生場所2=体育館・屋内運動場 | 被災学年=2,競技種目=バスケットボール,3,69,0.01131333005410723,0.2,5.235193133047211
競技種目=バスケットボール,発生場所2=体育館・屋内運動場 | 被災学年=2,3,69,0.01131333005410723,0.296137339055794,5.23519313304721
性別=男 | 競技種目=バドミントン,発生場所2=体育館・屋内運動場,3,63,0.010329562223315297,0.863013698630137,5.226932023778755
発生場所2=学校外体育館,和暦=平成 | 発生場所1=学校外（園外）,3,98,0.01606820790293491,0.7368421052631579,5.213457076566125
競技種目=バドミントン,和暦=平成 | 発生場所2=体育館・屋内運動場,3,78,0.01278898180029513,0.624,5.206259917920657
競技種目=バスケットボール,場合別2=体育的部活動 | 発生場所2=体育館・屋内運動場,3,84,0.013772749631087064,0.3605150214592275,5.1980641037348185
発生場所2=道路,発生場所1=学校外（園外） | 被災学年=3,3,75,0.012297097884899164,0.21865889212827988,5.189107327199919
発生場所1=学校外（園外） | 被災学年=3,発生場所2=道路,3,75,0.012297097884899164,0.2918287937743191,5.189107327199919
発生場所2=学校外運動場・競技場,和暦=平成 | 発生場所1=学校外（園外）,3,274,0.044925397606164943,0.732620320855615,5.183586237701156
和暦=平成 | 発生場所1=学校外（園外）,発生場所2=学校外運動場・競技場,3,274,0.044925397606164943,0.31786542923433875,5.183586237701155
場合別2=授業終了後の特定時間中,場合別1=休憩時間 | 性別=女,3,85,0.013936710936219052,0.37117903930131,5.1803683311182835
競技種目=バスケットボール,場合別1=課外指導 | 発生場所2=体育館・屋内運動場,3,84,0.013772749631087064,0.3605150214592275,5.173602625599597
場合別2=体育（保健体育）,場合別1=各教科等 | 被災学年=2,3,262,0.04295786194458108,0.2927374301675978,5.160131753156586
場合別1=各教科等 | 被災学年=2,場合別2=体育（保健体育）,3,262,0.04295786194458108,0.7572254335260116,5.160131753156586
競技種目=バドミントン,発生場所2=体育館・屋内運動場,2,106,0.01737989834399082,0.848,5.136
競技種目=バドミントン,発生場所1=学校内・校舎内（園内・園舎内） | 発生場所2=体育館・屋内運動場,3,106,0.01737989834399082,0.848,5.136
発生場所2=廊下,場合別2=休憩時間中 | 発生場所1=学校内・校舎内（園内・園舎内）,3,129,0.02115100836202656,0.32908163265306123,5.133168484785219
場合別2=休憩時間中 | 発生場所1=学校内・校舎内（園内・園舎内）,発生場所2=廊下,3,129,0.02115100836202656,0.329923273657289,5.133168484785219
発生場所2=昇降口・玄関,場合別1=休憩時間 | 発生場所1=学校内・校舎内（園内・園舎内）,3,72,0.011805213969503197,0.75,5.128082959641255
場合別1=休憩時間 | 被災学年=4,場合別2=休憩時間中,3,61,0.01000163961305132,0.45185185185185184,5.122387443205287
給付年度=2,和暦=令和 | 被災学年=2,3,114,0.018691588785046728,0.35514018691588783,5.120567375886525
和暦=令和 | 被災学年=2,給付年度=2,3,114,0.018691588785046728,0.2695035460992908,5.120567375886525
和暦=平成 | 競技種目=バドミントン,発生場所2=体育館・屋内運動場,3,78,0.01278898180029513,0.8387096774193549,5.079732197200244
場合別1=通学中,発生場所1=学校外（園外） | 被災学年=3,3,70,0.011477291359239219,0.21341463414634146,5.064653127076018
発生場所1=学校外（園外） | 被災学年=3,場合別1=通学中,3,70,0.011477291359239219,0.2723735408560311,5.064653127076017
通学方法=自転車,和暦=平成 | 発生場所1=学校外（園外）,3,98,0.01606820790293491,0.7101449275362319,5.0245637042267735
給付年度=1,和暦=令和 | 被災学校種=小,3,87,0.01426463354648303,0.29,4.9963559322033895
和暦=令和 | 被災学校種=小,給付年度=1,3,87,0.01426463354648303,0.2457627118644068,4.9963559322033895
競技種目=バスケットボール | 被災学校種=高,発生場所2=体育館・屋内運動場,3,94,0.015412362682406953,0.8245614035087719,4.994041708043694
給付年度=2,和暦=令和 | 場合別1=課外指導,3,141,0.023118544023610427,0.4392523364485981,4.9795539033457255
和暦=令和 | 場合別1=課外指導,給付年度=2,3,141,0.023118544023610427,0.2620817843866171,4.9795539033457255
場合別1=各教科等 | 性別=男,場合別2=体育（保健体育）,3,596,0.09772093785866535,0.7303921568627451,4.977275714755176
場合別2=体育（保健体育）,場合別1=各教科等 | 性別=男,3,596,0.09772093785866535,0.6659217877094972,4.977275714755175
給付年度=3,和暦=令和 | 場合別1=各教科等,3,71,0.011641252664371209,0.25539568345323743,4.976544004413084
和暦=令和 | 場合別1=各教科等,給付年度=3,3,71,0.011641252664371209,0.2268370607028754,4.976544004413083
場合別1=各教科等,場合別2=体育（保健体育） | 性別=男,3,596,0.09772093785866535,0.48613376835236544,4.974714518760196
場合別1=各教科等,場合別2=体育（保健体育） | 発生場所1=学校内・校舎内（園内・園舎内）,3,447,0.07329070339399901,0.3646003262642741,4.974714518760196
場合別1=各教科等,場合別2=体育（保健体育） | 発生場所2=体育館・屋内運動場,3,434,0.07115920642728316,0.3539967373572594,4.974714518760196
場合別1=各教科等,場合別2=体育（保健体育） | 被災学校種=高,3,332,0.054435153303820295,0.2707993474714519,4.974714518760196
場合別1=各教科等,場合別2=体育（保健体育） | 性別=女,3,299,0.049024430234464664,0.24388254486133767,4.974714518760196
場合別1=各教科等,場合別2=体育（保健体育） | 被災学校種=中,3,298,0.04886046892933268,0.24306688417618272,4.974714518760196
場合別1=各教科等,場合別2=体育（保健体育） | 被災学校種=小,3,246,0.04033448106246926,0.200652528548124,4.974714518760196
場合別2=体育（保健体育）,場合別1=各教科等,2,895,0.14674536809313002,1.0,4.974714518760195
場合別1=各教科等,場合別2=体育（保健体育）,2,895,0.14674536809313002,0.7300163132137031,4.974714518760195
場合別1=各教科等,和暦=平成 | 場合別2=体育（保健体育）,3,652,0.10690277094605673,0.531810766721044,4.974714518760195
和暦=平成 | 場合別2=体育（保健体育）,場合別1=各教科等,3,652,0.10690277094605673,1.0,4.974714518760195
場合別2=体育（保健体育） | 性別=男,場合別1=各教科等,3,596,0.09772093785866535,1.0,4.974714518760195
場合別2=体育（保健体育） | 発生場所1=学校内・校舎内（園内・園舎内）,場合別1=各教科等,3,447,0.07329070339399901,1.0,4.974714518760195
場合別2=体育（保健体育） | 発生場所2=体育館・屋内運動場,場合別1=各教科等,3,434,0.07115920642728316,1.0,4.974714518760195
場合別1=各教科等,場合別2=体育（保健体育） | 発生場所1=学校内・校舎外（園内・園舎外）,3,427,0.07001147729135924,0.34828711256117456,4.974714518760195
場合別2=体育（保健体育） | 発生場所1=学校内・校舎外（園内・園舎外）,場合別1=各教科等,3,427,0.07001147729135924,1.0,4.974714518760195
場合別1=各教科等,場合別2=体育（保健体育） | 発生場所2=運動場・校庭（園庭）,3,378,0.061977373339891784,0.3083197389885807,4.974714518760195
場合別2=体育（保健体育） | 発生場所2=運動場・校庭（園庭）,場合別1=各教科等,3,378,0.061977373339891784,1.0,4.974714518760195
場合別2=体育（保健体育） | 被災学校種=高,場合別1=各教科等,3,332,0.054435153303820295,1.0,4.974714518760195
場合別2=体育（保健体育） | 性別=女,場合別1=各教科等,3,299,0.049024430234464664,1.0,4.974714518760195
場合別2=体育（保健体育） | 被災学校種=中,場合別1=各教科等,3,298,0.04886046892933268,1.0,4.974714518760195
場合別1=各教科等,場合別2=体育（保健体育） | 被災学年=3,3,273,0.04476143630103296,0.2226753670473083,4.974714518760195
場合別2=体育（保健体育） | 被災学年=3,場合別1=各教科等,3,273,0.04476143630103296,1.0,4.974714518760195
場合別1=各教科等,場合別2=体育（保健体育） | 被災学年=2,3,262,0.04295786194458108,0.2137030995106036,4.974714518760195
場合別2=体育（保健体育） | 被災学年=2,場合別1=各教科等,3,262,0.04295786194458108,1.0,4.974714518760195
場合別2=体育（保健体育） | 被災学校種=小,場合別1=各教科等,3,246,0.04033448106246926,1.0,4.974714518760195
和暦=令和 | 場合別2=体育（保健体育）,場合別1=各教科等,3,243,0.03984259714707329,1.0,4.974714518760195
場合別2=体育（保健体育） | 被災学年=1,場合別1=各教科等,3,191,0.03131660928020987,1.0,4.974714518760195
場合別2=その他の教科,場合別1=各教科等,2,138,0.02262666010821446,1.0,4.974714518760195
和暦=平成 | 場合別2=その他の教科,場合別1=各教科等,3,112,0.01836366617478275,1.0,4.974714518760195
場合別2=その他の教科 | 発生場所1=学校内・校舎内（園内・園舎内）,場合別1=各教科等,3,111,0.01819970486965076,1.0,4.974714518760195
場合別2=体育（保健体育） | 競技種目=サッカー・フットサル,場合別1=各教科等,3,108,0.017707820954254796,1.0,4.974714518760195
場合別2=その他の教科 | 性別=男,場合別1=各教科等,3,82,0.013444827020823086,1.0,4.974714518760195
場合別2=体育（保健体育） | 競技種目=バスケットボール,場合別1=各教科等,3,81,0.013280865715691098,1.0,4.974714518760195
場合別2=体育（保健体育） | 被災学年=6,場合別1=各教科等,3,76,0.012461059190031152,1.0,4.974714518760195
場合別2=体育（保健体育） | 競技種目=マット運動,場合別1=各教科等,3,73,0.011969175274635186,1.0,4.974714518760195
場合別2=体育（保健体育） | 競技種目=その他,場合別1=各教科等,3,69,0.01131333005410723,1.0,4.974714518760195
場合別2=体育（保健体育） | 競技種目=ソフトボール,場合別1=各教科等,3,66,0.010821446138711265,1.0,4.974714518760195
場合別2=その他の教科 | 被災学校種=小,場合別1=各教科等,3,63,0.010329562223315297,1.0,4.974714518760195
場合別2=その他の教科 | 発生場所2=教室（保育室）,場合別1=各教科等,3,61,0.01000163961305132,1.0,4.974714518760195
発生場所2=学校外体育館,性別=男 | 発生場所1=学校外（園外）,3,89,0.014592556156747007,0.6691729323308271,4.9711153645380195
場合別2=体育（保健体育）,場合別1=各教科等 | 性別=女,3,299,0.049024430234464664,0.3340782122905028,4.969617114048235
場合別1=各教科等 | 性別=女,場合別2=体育（保健体育）,3,299,0.049024430234464664,0.7292682926829268,4.969617114048235
場合別1=休憩時間 | 発生場所1=学校内・校舎内（園内・園舎内）,場合別2=休憩時間中,3,391,0.06410887030660764,0.4383408071748879,4.969220414423125
場合別2=休憩時間中,場合別1=休憩時間 | 発生場所1=学校内・校舎内（園内・園舎内）,3,391,0.06410887030660764,0.7267657992565055,4.969220414423124
給付年度=3,和暦=令和 | 被災学校種=小,3,80,0.013116904410559108,0.28776978417266186,4.957931959517132
和暦=令和 | 被災学校種=小,給付年度=3,3,80,0.013116904410559108,0.22598870056497175,4.957931959517132
和暦=令和 | 場合別2=体育的部活動,給付年度=2,3,133,0.021806853582554516,0.258252427184466,4.906796116504855
給付年度=2,和暦=令和 | 場合別2=体育的部活動,3,133,0.021806853582554516,0.4143302180685358,4.906796116504854
給付年度=4,和暦=令和 | 発生場所1=学校内・校舎内（園内・園舎内）,3,101,0.016560091818330874,0.48325358851674644,4.904099228558464
場合別2=始業前の特定時間中,場合別1=休憩時間 | 被災学校種=小,3,121,0.019839317920970653,0.6914285714285714,4.89781981085117
給付年度=1,和暦=令和 | 場合別1=休憩時間,3,62,0.01016560091818331,0.20666666666666667,4.885503875968992
和暦=令和 | 場合別1=休憩時間,給付年度=1,3,62,0.01016560091818331,0.24031007751937986,4.885503875968992
場合別2=授業終了後の特定時間中,場合別1=休憩時間 | 被災学年=1,3,64,0.010493523528447287,0.2794759825327511,4.884022972685527
場合別2=体育（保健体育）,和暦=平成 | 場合別1=各教科等,3,652,0.10690277094605673,0.7284916201117319,4.866451687909587
和暦=平成 | 場合別1=各教科等,場合別2=体育（保健体育）,3,652,0.10690277094605673,0.7141292442497261,4.866451687909587
場合別2=昼食時休憩時間中,場合別1=休憩時間 | 被災学校種=中,3,141,0.023118544023610427,0.31194690265486724,4.8658929905167145
場合別1=休憩時間 | 被災学校種=中,場合別2=昼食時休憩時間中,3,141,0.023118544023610427,0.36061381074168797,4.8658929905167145
場合別2=始業前の特定時間中,場合別1=休憩時間 | 性別=女,3,61,0.01000163961305132,0.3485714285714286,4.864844720496895
場合別2=昼食時休憩時間中,和暦=令和 | 場合別1=休憩時間,3,93,0.015248401377274963,0.20575221238938052,4.863886602181519
和暦=令和 | 場合別1=休憩時間,場合別2=昼食時休憩時間中,3,93,0.015248401377274963,0.36046511627906974,4.863886602181518
和暦=令和 | 被災学校種=高,給付年度=5,3,113,0.01852762747991474,0.21161048689138576,4.851926163723917
給付年度=5,和暦=令和 | 被災学校種=高,3,113,0.01852762747991474,0.424812030075188,4.851926163723916
性別=男 | 発生場所1=学校外（園外）,発生場所2=道路,3,224,0.0367273323495655,0.2728380024360536,4.851425588505805
発生場所2=道路,性別=男 | 発生場所1=学校外（園外）,3,224,0.0367273323495655,0.6530612244897959,4.851425588505804
通学方法=自転車,性別=男 | 発生場所1=学校外（園外）,3,90,0.014756517461878997,0.6521739130434783,4.844833977651856
場合別2=授業終了後の特定時間中,場合別1=休憩時間 | 被災学年=2,3,65,0.010657484833579275,0.2838427947598253,4.835634651508868
場合別2=昼食時休憩時間中,場合別1=休憩時間 | 被災学年=3,3,105,0.01721593703885883,0.2323008849557522,4.835505451689873
場合別1=休憩時間 | 被災学年=3,場合別2=昼食時休憩時間中,3,105,0.01721593703885883,0.3583617747440273,4.835505451689873
発生場所2=体育館・屋内運動場,場合別1=課外指導 | 発生場所1=学校内・校舎内（園内・園舎内）,3,425,0.06968355468109526,0.42204568023833167,4.820330718677125
場合別1=課外指導 | 発生場所1=学校内・校舎内（園内・園舎内）,発生場所2=体育館・屋内運動場,3,425,0.06968355468109526,0.795880149812734,4.820330718677125
場合別2=体育（保健体育）,場合別1=各教科等 | 被災学年=1,3,191,0.03131660928020987,0.21340782122905028,4.8028572017563755
場合別1=各教科等 | 被災学年=1,場合別2=体育（保健体育）,3,191,0.03131660928020987,0.7047970479704797,4.8028572017563755
場合別2=その他の教科 | 発生場所1=学校内・校舎内（園内・園舎内）,発生場所2=教室（保育室）,3,61,0.01000163961305132,0.5495495495495496,4.781316266337664
場合別2=体育（保健体育） | 被災学校種=小,被災学年=6,3,74,0.012133136579767174,0.3008130081300813,4.777756605691057
競技種目=バスケットボール,場合別2=体育的部活動 | 発生場所1=学校内・校舎内（園内・園舎内）,3,89,0.014592556156747007,0.38197424892703863,4.773895377471329
競技種目=バスケットボール,場合別2=体育（保健体育） | 発生場所2=体育館・屋内運動場,3,79,0.01295294310542712,0.33905579399141633,4.764749510492277
発生場所2=道路,発生場所1=学校外（園外） | 被災学校種=高,3,146,0.023938350549270373,0.42565597667638483,4.763441838072057
発生場所1=学校外（園外） | 被災学校種=高,発生場所2=道路,3,146,0.023938350549270373,0.26788990825688075,4.763441838072057
和暦=令和 | 場合別1=各教科等,給付年度=5,3,65,0.010657484833579275,0.20766773162939298,4.76152441807394
給付年度=5,和暦=令和 | 場合別1=各教科等,3,65,0.010657484833579275,0.24436090225563908,4.761524418073939
給付年度=1,和暦=令和 | 被災学校種=高,3,125,0.020495163141498605,0.4166666666666667,4.758895131086143
和暦=令和 | 被災学校種=高,給付年度=1,3,125,0.020495163141498605,0.2340823970037453,4.758895131086142
和暦=令和 | 発生場所1=学校外（園外）,給付年度=2,3,64,0.010493523528447287,0.2490272373540856,4.7315175097276265
競技種目=バドミントン,性別=男 | 発生場所2=体育館・屋内運動場,3,63,0.010329562223315297,0.504,4.729070769230769
場合別1=課外指導 | 競技種目=バドミントン,発生場所2=体育館・屋内運動場,3,64,0.010493523528447287,0.7804878048780488,4.727105384261391
場合別2=体育的部活動 | 競技種目=バドミントン,発生場所2=体育館・屋内運動場,3,64,0.010493523528447287,0.7804878048780488,4.727105384261391
場合別2=休憩時間中,場合別1=休憩時間 | 被災学校種=小,3,359,0.058862108542383995,0.6672862453531598,4.726804657850084
場合別1=休憩時間 | 被災学校種=小,場合別2=休憩時間中,3,359,0.058862108542383995,0.4169570267131243,4.726804657850084
競技種目=バスケットボール,発生場所2=体育館・屋内運動場 | 被災学校種=中,3,68,0.011149368748975241,0.2918454935622318,4.721394337496158
給付年度=3,和暦=令和 | 発生場所1=学校内・校舎外（園内・園舎外）,3,111,0.01819970486965076,0.39928057553956836,4.7194035469298985
和暦=令和 | 発生場所1=学校内・校舎外（園内・園舎外）,給付年度=3,3,111,0.01819970486965076,0.21511627906976744,4.719403546929898
発生場所1=学校内・校舎内（園内・園舎内） | 競技種目=マット運動,場合別1=各教科等,3,73,0.011969175274635186,0.948051948051948,4.716287790512912
発生場所2=体育館・屋内運動場 | 競技種目=マット運動,場合別1=各教科等,3,73,0.011969175274635186,0.948051948051948,4.716287790512912
給付年度=1,和暦=令和 | 発生場所2=体育館・屋内運動場,3,64,0.010493523528447287,0.21333333333333335,4.714202898550725
和暦=令和 | 発生場所2=体育館・屋内運動場,給付年度=1,3,64,0.010493523528447287,0.2318840579710145,4.714202898550725
和暦=令和 | 場合別1=休憩時間,給付年度=2,3,64,0.010493523528447287,0.24806201550387597,4.713178294573644
給付年度=3,和暦=令和 | 発生場所2=運動場・校庭（園庭）,3,104,0.01705197573372684,0.37410071942446044,4.704412964473782
和暦=令和 | 発生場所2=運動場・校庭（園庭）,給付年度=3,3,104,0.01705197573372684,0.21443298969072164,4.704412964473781
給付年度=1,和暦=令和 | 性別=女,3,91,0.014920478767010985,0.30333333333333334,4.695507614213199
和暦=令和 | 性別=女,給付年度=1,3,91,0.014920478767010985,0.23096446700507614,4.695507614213198
給付年度=3,和暦=令和 | 性別=女,3,84,0.013772749631087064,0.302158273381295,4.677318044041924
和暦=令和 | 性別=女,給付年度=3,3,84,0.013772749631087064,0.2131979695431472,4.6773180440419235
場合別2=登校（登園）中,性別=男 | 発生場所1=学校外（園外）,3,83,0.013608788325955074,0.6287878787878788,4.671105082493633
性別=男 | 発生場所1=学校外（園外）,場合別1=通学中,3,206,0.0337760288571897,0.25091352009744217,4.665614509372865
場合別1=通学中,性別=男 | 発生場所1=学校外（園外）,3,206,0.0337760288571897,0.6280487804878049,4.6656145093728645
競技種目=マット運動,場合別1=各教科等,2,73,0.011969175274635186,0.9358974358974359,4.655822562429414
競技種目=その他,場合別2=体育（保健体育）,2,69,0.01131333005410723,0.6831683168316832,4.655467669671996
競技種目=その他,場合別1=各教科等 | 場合別2=体育（保健体育）,3,69,0.01131333005410723,0.6831683168316832,4.655467669671996
給付年度=4,和暦=令和 | 被災学年=1,3,68,0.011149368748975241,0.3253588516746411,4.647221630828187
競技種目=バスケットボール,場合別1=各教科等 | 発生場所2=体育館・屋内運動場,3,79,0.01295294310542712,0.33905579399141633,4.626177377077513
競技種目=バスケットボール,場合別2=体育（保健体育） | 発生場所1=学校内・校舎内（園内・園舎内）,3,79,0.01295294310542712,0.33905579399141633,4.626177377077513
場合別1=各教科等 | 被災学年=6,場合別2=体育（保健体育）,3,76,0.012461059190031152,0.6785714285714286,4.6241420590582605
和暦=令和 | 被災学年=1,給付年度=5,3,86,0.014100672241351041,0.20140515222482436,4.617932418869187
給付年度=5,和暦=令和 | 被災学年=1,3,86,0.014100672241351041,0.3233082706766917,4.617932418869186
場合別2=下校（降園）中,性別=男 | 発生場所1=学校外（園外）,3,114,0.018691588785046728,0.6195652173913043,4.602592278769263
和暦=令和 | 被災学年=1,給付年度=2,3,103,0.01688801442859485,0.24121779859484777,4.583138173302108
給付年度=2,和暦=令和 | 被災学年=1,3,103,0.01688801442859485,0.32087227414330216,4.583138173302107
場合別2=昼食時休憩時間中,場合別1=休憩時間 | 性別=男,3,325,0.05328742416789638,0.7190265486725663,4.582385496712625
場合別1=休憩時間 | 性別=男,場合別2=昼食時休憩時間中,3,325,0.05328742416789638,0.3396029258098224,4.582385496712625
競技種目=バレーボール,発生場所2=体育館・屋内運動場,2,87,0.01426463354648303,0.7565217391304347,4.581952420016407
競技種目=バレーボール,発生場所1=学校内・校舎内（園内・園舎内） | 発生場所2=体育館・屋内運動場,3,87,0.01426463354648303,0.7565217391304347,4.581952420016407
場合別1=休憩時間 | 被災学年=1,場合別2=休憩時間中,3,141,0.023118544023610427,0.4040114613180516,4.580048146057243
場合別2=休憩時間中,場合別1=休憩時間 | 被災学年=1,3,141,0.023118544023610427,0.2620817843866171,4.580048146057242
性別=女 | 競技種目=バスケットボール,発生場所2=体育館・屋内運動場,3,62,0.01016560091818331,0.7560975609756098,4.579383341003222
給付年度=1,和暦=令和 | 場合別1=課外指導,3,121,0.019839317920970653,0.4033333333333333,4.572360594795539
和暦=令和 | 場合別1=課外指導,給付年度=1,3,121,0.019839317920970653,0.22490706319702602,4.572360594795539
場合別2=始業前の特定時間中,場合別1=休憩時間 | 発生場所1=学校内・校舎内（園内・園舎内）,3,117,0.019183472700442697,0.6685714285714286,4.571319666880205
競技種目=バレーボール,和暦=平成 | 発生場所2=体育館・屋内運動場,3,63,0.010329562223315297,0.5478260869565217,4.5707131386427164
場合別1=保育中,和暦=平成 | 被災学年=4,3,83,0.013608788325955074,0.21957671957671956,4.570643046752262
和暦=平成 | 被災学年=4,場合別1=保育中,3,83,0.013608788325955074,0.2832764505119454,4.570643046752262
発生場所2=廊下,場合別1=休憩時間 | 発生場所1=学校内・校舎内（園内・園舎内）,3,262,0.04295786194458108,0.6683673469387755,4.569924270156493
場合別1=休憩時間 | 発生場所1=学校内・校舎内（園内・園舎内）,発生場所2=廊下,3,262,0.04295786194458108,0.2937219730941704,4.569924270156493
給付年度=3,和暦=令和 | 被災学年=2,3,88,0.01442859485161502,0.31654676258992803,4.564110413796622
和暦=令和 | 被災学年=2,給付年度=3,3,88,0.01442859485161502,0.20803782505910165,4.564110413796622
場合別2=昼食時休憩時間中,場合別1=休憩時間 | 被災学年=2,3,121,0.019839317920970653,0.2676991150442478,4.560605873337619
場合別1=休憩時間 | 被災学年=2,場合別2=昼食時休憩時間中,3,121,0.019839317920970653,0.33798882681564246,4.560605873337618
給付年度=2,和暦=令和 | 性別=男,3,235,0.03853090670601738,0.7320872274143302,4.5561224489795915
和暦=令和 | 性別=男,給付年度=2,3,235,0.03853090670601738,0.23979591836734693,4.5561224489795915
競技種目=バスケットボール,性別=女 | 発生場所2=体育館・屋内運動場,3,62,0.01016560091818331,0.26609442060085836,4.5459660258953365
給付年度=1,和暦=令和 | 場合別2=体育的部活動,3,115,0.018855550090178717,0.38333333333333336,4.5397087378640775
和暦=令和 | 場合別2=体育的部活動,給付年度=1,3,115,0.018855550090178717,0.22330097087378642,4.5397087378640775
通学方法=徒歩,性別=男 | 発生場所1=学校外（園外）,3,97,0.01590424659780292,0.610062893081761,4.5320019304575645
給付年度=2,和暦=令和 | 発生場所1=学校内・校舎外（園内・園舎外）,3,123,0.02016724053123463,0.38317757009345793,4.529069767441861
和暦=令和 | 発生場所1=学校内・校舎外（園内・園舎外）,給付年度=2,3,123,0.02016724053123463,0.23837209302325582,4.529069767441861
給付年度=4,和暦=令和 | 性別=男,3,152,0.024922118380062305,0.7272727272727273,4.526159554730983
場合別2=授業終了後の特定時間中,場合別1=休憩時間 | 発生場所1=学校内・校舎外（園内・園舎外）,3,84,0.013772749631087064,0.36681222707423583,4.5013838489452
被災学年=4,和暦=平成 | 場合別1=保育中,3,83,0.013608788325955074,0.226775956284153,4.4906057057696405
和暦=平成 | 場合別1=保育中,被災学年=4,3,83,0.013608788325955074,0.2694805194805195,4.4906057057696405
場合別2=授業終了後の特定時間中,和暦=平成 | 場合別1=休憩時間,3,191,0.03131660928020987,0.834061135371179,4.477939141398609
競技種目=テニス（含ソフトテニス）,場合別2=体育的部活動 | 発生場所2=運動場・校庭（園庭）,3,68,0.011149368748975241,0.7311827956989247,4.472902578703853
和暦=令和 | 被災学年=1,給付年度=3,3,87,0.01426463354648303,0.20374707259953162,4.469976243829293
給付年度=3,和暦=令和 | 被災学年=1,3,87,0.01426463354648303,0.3129496402877698,4.469976243829292
競技種目=野球（含軟式）,場合別2=体育的部活動 | 発生場所2=運動場・校庭（園庭）,3,557,0.09132644695851778,0.7281045751633987,4.4540720199815125
場合別2=体育的部活動 | 発生場所2=運動場・校庭（園庭）,競技種目=野球（含軟式）,3,557,0.09132644695851778,0.5586760280842528,4.4540720199815125
競技種目=テニス（含ソフトテニス）,場合別2=体育的部活動 | 発生場所1=学校内・校舎外（園内・園舎外）,3,70,0.011477291359239219,0.7526881720430108,4.448299574893723
給付年度=5,和暦=令和 | 性別=男,3,190,0.03115264797507788,0.7142857142857143,4.4453352769679295
競技種目=テニス（含ソフトテニス）,場合別1=課外指導 | 発生場所2=運動場・校庭（園庭）,3,68,0.011149368748975241,0.7311827956989247,4.441717002955918
場合別2=その他の教科,場合別1=各教科等 | 性別=男,3,82,0.013444827020823086,0.5942028985507246,4.441229752770673
被災学年=6,場合別1=各教科等 | 被災学校種=小,3,109,0.017871782259386786,0.2838541666666667,4.439042467948719
場合別1=各教科等 | 被災学校種=小,被災学年=6,3,109,0.017871782259386786,0.2794871794871795,4.439042467948719
給付年度=2,和暦=令和,2,321,0.05263157894736842,1.0,4.438864628820961
給付年度=1,和暦=令和,2,300,0.04918839153959666,1.0,4.438864628820961
給付年度=3,和暦=令和,2,278,0.0455812428266929,1.0,4.438864628820961
給付年度=5,和暦=令和,2,266,0.04361370716510903,1.0,4.438864628820961
性別=男 | 給付年度=2,和暦=令和,3,235,0.03853090670601738,1.0,4.438864628820961
給付年度=4,和暦=令和,2,209,0.03426791277258567,1.0,4.438864628820961
性別=男 | 給付年度=1,和暦=令和,3,209,0.03426791277258567,1.0,4.438864628820961
性別=男 | 給付年度=3,和暦=令和,3,194,0.03180849319560584,1.0,4.438864628820961
性別=男 | 給付年度=5,和暦=令和,3,190,0.03115264797507788,1.0,4.438864628820961
性別=男 | 給付年度=4,和暦=令和,3,152,0.024922118380062305,1.0,4.438864628820961
場合別1=課外指導 | 給付年度=2,和暦=令和,3,141,0.023118544023610427,1.0,4.438864628820961
発生場所1=学校内・校舎内（園内・園舎内） | 給付年度=2,和暦=令和,3,134,0.021970814887686506,1.0,4.438864628820961
場合別2=体育的部活動 | 給付年度=2,和暦=令和,3,133,0.021806853582554516,1.0,4.438864628820961
発生場所1=学校内・校舎内（園内・園舎内） | 給付年度=1,和暦=令和,3,131,0.02147893097229054,1.0,4.438864628820961
給付年度=1 | 被災学校種=高,和暦=令和,3,125,0.020495163141498605,1.0,4.438864628820961
発生場所1=学校内・校舎外（園内・園舎外） | 給付年度=2,和暦=令和,3,123,0.02016724053123463,1.0,4.438864628820961
場合別1=課外指導 | 給付年度=1,和暦=令和,3,121,0.019839317920970653,1.0,4.438864628820961
給付年度=2 | 被災学校種=高,和暦=令和,3,119,0.019511395310706673,1.0,4.438864628820961
発生場所1=学校内・校舎内（園内・園舎内） | 給付年度=3,和暦=令和,3,119,0.019511395310706673,1.0,4.438864628820961
給付年度=2 | 被災学校種=中,和暦=令和,3,117,0.019183472700442697,1.0,4.438864628820961
発生場所1=学校内・校舎内（園内・園舎内） | 給付年度=5,和暦=令和,3,116,0.019019511395310707,1.0,4.438864628820961
場合別2=体育的部活動 | 給付年度=1,和暦=令和,3,115,0.018855550090178717,1.0,4.438864628820961
給付年度=2 | 被災学年=2,和暦=令和,3,114,0.018691588785046728,1.0,4.438864628820961
発生場所2=運動場・校庭（園庭） | 給付年度=2,和暦=令和,3,113,0.01852762747991474,1.0,4.438864628820961
給付年度=5 | 被災学校種=高,和暦=令和,3,113,0.01852762747991474,1.0,4.438864628820961
発生場所1=学校内・校舎外（園内・園舎外） | 給付年度=3,和暦=令和,3,111,0.01819970486965076,1.0,4.438864628820961
発生場所1=学校内・校舎外（園内・園舎外） | 給付年度=1,和暦=令和,3,110,0.018035743564518772,1.0,4.438864628820961
発生場所2=運動場・校庭（園庭） | 給付年度=1,和暦=令和,3,105,0.01721593703885883,1.0,4.438864628820961
発生場所2=運動場・校庭（園庭） | 給付年度=3,和暦=令和,3,104,0.01705197573372684,1.0,4.438864628820961
給付年度=2 | 被災学年=1,和暦=令和,3,103,0.01688801442859485,1.0,4.438864628820961
場合別1=課外指導 | 給付年度=3,和暦=令和,3,101,0.016560091818330874,1.0,4.438864628820961
発生場所1=学校内・校舎内（園内・園舎内） | 給付年度=4,和暦=令和,3,101,0.016560091818330874,1.0,4.438864628820961
発生場所1=学校内・校舎外（園内・園舎外） | 給付年度=5,和暦=令和,3,98,0.01606820790293491,1.0,4.438864628820961
給付年度=3 | 被災学校種=高,和暦=令和,3,97,0.01590424659780292,1.0,4.438864628820961
場合別1=課外指導 | 給付年度=5,和暦=令和,3,97,0.01590424659780292,1.0,4.438864628820961
場合別2=体育的部活動 | 給付年度=3,和暦=令和,3,96,0.01574028529267093,1.0,4.438864628820961
場合別2=体育的部活動 | 給付年度=5,和暦=令和,3,95,0.01557632398753894,1.0,4.438864628820961
性別=女 | 給付年度=1,和暦=令和,3,91,0.014920478767010985,1.0,4.438864628820961
発生場所2=運動場・校庭（園庭） | 給付年度=5,和暦=令和,3,91,0.014920478767010985,1.0,4.438864628820961
給付年度=3 | 被災学年=2,和暦=令和,3,88,0.01442859485161502,1.0,4.438864628820961
給付年度=1 | 被災学校種=小,和暦=令和,3,87,0.01426463354648303,1.0,4.438864628820961
給付年度=3 | 被災学年=1,和暦=令和,3,87,0.01426463354648303,1.0,4.438864628820961
性別=女 | 給付年度=2,和暦=令和,3,86,0.014100672241351041,1.0,4.438864628820961
給付年度=5 | 被災学年=1,和暦=令和,3,86,0.014100672241351041,1.0,4.438864628820961
性別=女 | 給付年度=3,和暦=令和,3,84,0.013772749631087064,1.0,4.438864628820961
給付年度=1 | 被災学年=1,和暦=令和,3,83,0.013608788325955074,1.0,4.438864628820961
給付年度=1 | 被災学年=2,和暦=令和,3,81,0.013280865715691098,1.0,4.438864628820961
給付年度=5 | 被災学年=2,和暦=令和,3,81,0.013280865715691098,1.0,4.438864628820961
給付年度=1 | 被災学年=3,和暦=令和,3,80,0.013116904410559108,1.0,4.438864628820961
給付年度=3 | 被災学校種=小,和暦=令和,3,80,0.013116904410559108,1.0,4.438864628820961
給付年度=4 | 被災学校種=高,和暦=令和,3,80,0.013116904410559108,1.0,4.438864628820961
場合別1=課外指導 | 給付年度=4,和暦=令和,3,78,0.01278898180029513,1.0,4.438864628820961
給付年度=3 | 被災学校種=中,和暦=令和,3,77,0.012625020495163142,1.0,4.438864628820961
場合別2=体育的部活動 | 給付年度=4,和暦=令和,3,76,0.012461059190031152,1.0,4.438864628820961
性別=女 | 給付年度=5,和暦=令和,3,76,0.012461059190031152,1.0,4.438864628820961
発生場所1=学校内・校舎外（園内・園舎外） | 給付年度=4,和暦=令和,3,74,0.012133136579767174,1.0,4.438864628820961
発生場所2=運動場・校庭（園庭） | 給付年度=4,和暦=令和,3,72,0.011805213969503197,1.0,4.438864628820961
給付年度=2 | 被災学校種=小,和暦=令和,3,71,0.011641252664371209,1.0,4.438864628820961
場合別1=各教科等 | 給付年度=3,和暦=令和,3,71,0.011641252664371209,1.0,4.438864628820961
給付年度=1 | 被災学校種=中,和暦=令和,3,69,0.01131333005410723,1.0,4.438864628820961
給付年度=5 | 被災学校種=中,和暦=令和,3,68,0.011149368748975241,1.0,4.438864628820961
給付年度=4 | 被災学年=1,和暦=令和,3,68,0.011149368748975241,1.0,4.438864628820961
場合別1=各教科等 | 給付年度=5,和暦=令和,3,65,0.010657484833579275,1.0,4.438864628820961
発生場所2=体育館・屋内運動場 | 給付年度=1,和暦=令和,3,64,0.010493523528447287,1.0,4.438864628820961
場合別1=各教科等 | 給付年度=2,和暦=令和,3,64,0.010493523528447287,1.0,4.438864628820961
場合別1=休憩時間 | 給付年度=2,和暦=令和,3,64,0.010493523528447287,1.0,4.438864628820961
発生場所1=学校外（園外） | 給付年度=2,和暦=令和,3,64,0.010493523528447287,1.0,4.438864628820961
場合別1=各教科等 | 給付年度=1,和暦=令和,3,63,0.010329562223315297,1.0,4.438864628820961
発生場所2=体育館・屋内運動場 | 給付年度=2,和暦=令和,3,63,0.010329562223315297,1.0,4.438864628820961
場合別1=休憩時間 | 給付年度=1,和暦=令和,3,62,0.01016560091818331,1.0,4.438864628820961
和暦=令和,給付年度=2,2,321,0.05263157894736842,0.2336244541484716,4.43886462882096
和暦=令和,給付年度=1,2,300,0.04918839153959666,0.2183406113537118,4.43886462882096
和暦=令和,給付年度=3,2,278,0.0455812428266929,0.20232896652110627,4.43886462882096
和暦=平成 | 競技種目=バレーボール,発生場所2=体育館・屋内運動場,3,63,0.010329562223315297,0.7325581395348837,4.436814392277315
場合別1=通学中,発生場所1=学校外（園外） | 被災学校種=高,3,130,0.02131496966715855,0.39634146341463417,4.43538823002909
発生場所1=学校外（園外） | 被災学校種=高,場合別1=通学中,3,130,0.02131496966715855,0.23853211009174313,4.43538823002909
給付年度=1,和暦=令和 | 発生場所1=学校内・校舎内（園内・園舎内）,3,131,0.02147893097229054,0.43666666666666665,4.4313311148086525
和暦=令和 | 発生場所1=学校内・校舎内（園内・園舎内）,給付年度=1,3,131,0.02147893097229054,0.21797004991680533,4.4313311148086525
場合別2=休憩時間中,和暦=平成 | 場合別1=休憩時間,3,444,0.07279881947860305,0.8252788104089219,4.430788261165506
和暦=平成 | 場合別1=休憩時間,場合別2=休憩時間中,3,444,0.07279881947860305,0.3908450704225352,4.430788261165506
場合別2=休憩時間中,場合別1=休憩時間 | 性別=男,3,374,0.06132152811936383,0.6951672862453532,4.430329444942957
場合別1=休憩時間 | 性別=男,場合別2=休憩時間中,3,374,0.06132152811936383,0.39080459770114945,4.430329444942957
場合別1=課外指導 | 競技種目=バレーボール,発生場所2=体育館・屋内運動場,3,68,0.011149368748975241,0.7311827956989247,4.428484479610469
場合別2=体育的部活動 | 競技種目=バレーボール,発生場所2=体育館・屋内運動場,3,68,0.011149368748975241,0.7311827956989247,4.428484479610469
給付年度=2,和暦=令和 | 発生場所2=運動場・校庭（園庭）,3,113,0.01852762747991474,0.35202492211838005,4.4268041237113405
和暦=令和 | 発生場所2=運動場・校庭（園庭）,給付年度=2,3,113,0.01852762747991474,0.2329896907216495,4.4268041237113405
給付年度=5,和暦=令和 | 発生場所1=学校内・校舎内（園内・園舎内）,3,116,0.019019511395310707,0.43609022556390975,4.425481340622771
競技種目=野球（含軟式）,場合別1=課外指導 | 発生場所2=運動場・校庭（園庭）,3,557,0.09132644695851778,0.7281045751633987,4.42301773298961
場合別1=課外指導 | 発生場所2=運動場・校庭（園庭）,競技種目=野球（含軟式）,3,557,0.09132644695851778,0.5547808764940239,4.423017732989609
給付年度=5,和暦=令和 | 性別=女,3,76,0.012461059190031152,0.2857142857142857,4.422770123277737
競技種目=バスケットボール,発生場所2=体育館・屋内運動場,2,170,0.027873421872438103,0.7296137339055794,4.418981294031905
競技種目=バスケットボール,発生場所1=学校内・校舎内（園内・園舎内） | 発生場所2=体育館・屋内運動場,3,170,0.027873421872438103,0.7296137339055794,4.418981294031905
場合別1=特別活動（除学校行事）,発生場所2=教室（保育室） | 被災学校種=小,3,63,0.010329562223315297,0.20930232558139536,4.417075722217752
発生場所2=教室（保育室） | 被災学校種=小,場合別1=特別活動（除学校行事）,3,63,0.010329562223315297,0.2179930795847751,4.417075722217752
給付年度=1,和暦=令和 | 発生場所2=運動場・校庭（園庭）,3,105,0.01721593703885883,0.35,4.401340206185567
和暦=令和 | 発生場所2=運動場・校庭（園庭）,給付年度=1,3,105,0.01721593703885883,0.21649484536082475,4.401340206185567
給付年度=5,和暦=令和 | 被災学年=2,3,81,0.013280865715691098,0.30451127819548873,4.390577507598784
場合別2=昼食時休憩時間中 | 発生場所1=学校内・校舎内（園内・園舎内）,発生場所2=廊下,3,68,0.011149368748975241,0.2821576763485477,4.389999153188246
競技種目=テニス（含ソフトテニス）,場合別1=課外指導 | 発生場所1=学校内・校舎外（園内・園舎外）,3,70,0.011477291359239219,0.7526881720430108,4.376210830591346
場合別1=休憩時間,場合別2=休憩時間中 | 発生場所1=学校内・校舎内（園内・園舎内）,3,391,0.06410887030660764,0.2804878048780488,4.375179340028695
場合別2=休憩時間中,場合別1=休憩時間,2,538,0.08821118216101,1.0,4.375179340028694
場合別1=休憩時間,場合別2=休憩時間中,2,538,0.08821118216101,0.38593974175035867,4.375179340028694
場合別2=昼食時休憩時間中,場合別1=休憩時間,2,452,0.07411050991965897,1.0,4.375179340028694
場合別1=休憩時間,和暦=平成 | 場合別2=休憩時間中,3,444,0.07279881947860305,0.31850789096126253,4.375179340028694
和暦=平成 | 場合別2=休憩時間中,場合別1=休憩時間,3,444,0.07279881947860305,1.0,4.375179340028694
場合別2=休憩時間中 | 発生場所1=学校内・校舎内（園内・園舎内）,場合別1=休憩時間,3,391,0.06410887030660764,1.0,4.375179340028694
場合別1=休憩時間,場合別2=休憩時間中 | 性別=男,3,374,0.06132152811936383,0.2682926829268293,4.375179340028694
場合別2=休憩時間中 | 性別=男,場合別1=休憩時間,3,374,0.06132152811936383,1.0,4.375179340028694
場合別1=休憩時間,場合別2=休憩時間中 | 被災学校種=小,3,359,0.058862108542383995,0.25753228120516497,4.375179340028694
場合別2=休憩時間中 | 被災学校種=小,場合別1=休憩時間,3,359,0.058862108542383995,1.0,4.375179340028694
場合別1=休憩時間,和暦=平成 | 場合別2=昼食時休憩時間中,3,359,0.058862108542383995,0.25753228120516497,4.375179340028694
和暦=平成 | 場合別2=昼食時休憩時間中,場合別1=休憩時間,3,359,0.058862108542383995,1.0,4.375179340028694
場合別1=休憩時間,場合別2=昼食時休憩時間中 | 性別=男,3,325,0.05328742416789638,0.23314203730272598,4.375179340028694
場合別2=昼食時休憩時間中 | 性別=男,場合別1=休憩時間,3,325,0.05328742416789638,1.0,4.375179340028694
場合別2=昼食時休憩時間中 | 被災学校種=小,場合別1=休憩時間,3,275,0.04508935891129694,1.0,4.375179340028694
場合別2=昼食時休憩時間中 | 発生場所1=学校内・校舎内（園内・園舎内）,場合別1=休憩時間,3,241,0.03951467453680931,1.0,4.375179340028694
場合別2=授業終了後の特定時間中,場合別1=休憩時間,2,229,0.03754713887522545,1.0,4.375179340028694
場合別2=昼食時休憩時間中 | 発生場所1=学校内・校舎外（園内・園舎外）,場合別1=休憩時間,3,209,0.03426791277258567,1.0,4.375179340028694
場合別2=昼食時休憩時間中 | 発生場所2=運動場・校庭（園庭）,場合別1=休憩時間,3,198,0.03246433841613379,1.0,4.375179340028694
和暦=平成 | 場合別2=授業終了後の特定時間中,場合別1=休憩時間,3,191,0.03131660928020987,1.0,4.375179340028694
場合別2=始業前の特定時間中,場合別1=休憩時間,2,175,0.02869322839809805,1.0,4.375179340028694
場合別2=休憩時間中 | 性別=女,場合別1=休憩時間,3,164,0.02688965404164617,1.0,4.375179340028694
場合別2=休憩時間中 | 発生場所2=教室（保育室）,場合別1=休憩時間,3,164,0.02688965404164617,1.0,4.375179340028694
場合別2=休憩時間中 | 発生場所1=学校内・校舎外（園内・園舎外）,場合別1=休憩時間,3,146,0.023938350549270373,1.0,4.375179340028694
場合別2=授業終了後の特定時間中 | 性別=男,場合別1=休憩時間,3,144,0.023610427939006393,1.0,4.375179340028694
場合別2=授業終了後の特定時間中 | 発生場所1=学校内・校舎内（園内・園舎内）,場合別1=休憩時間,3,143,0.023446466633874407,1.0,4.375179340028694
和暦=平成 | 場合別2=始業前の特定時間中,場合別1=休憩時間,3,142,0.023282505328742417,1.0,4.375179340028694
場合別2=休憩時間中 | 被災学年=1,場合別1=休憩時間,3,141,0.023118544023610427,1.0,4.375179340028694
場合別2=昼食時休憩時間中 | 被災学校種=中,場合別1=休憩時間,3,141,0.023118544023610427,1.0,4.375179340028694
場合別2=休憩時間中 | 発生場所2=運動場・校庭（園庭）,場合別1=休憩時間,3,138,0.02262666010821446,1.0,4.375179340028694
場合別2=休憩時間中 | 被災学年=2,場合別1=休憩時間,3,131,0.02147893097229054,1.0,4.375179340028694
場合別2=休憩時間中 | 被災学校種=中,場合別1=休憩時間,3,131,0.02147893097229054,1.0,4.375179340028694
場合別2=休憩時間中 | 発生場所2=廊下,場合別1=休憩時間,3,129,0.02115100836202656,1.0,4.375179340028694
場合別2=昼食時休憩時間中 | 性別=女,場合別1=休憩時間,3,127,0.020823085751762584,1.0,4.375179340028694
場合別2=昼食時休憩時間中 | 被災学年=2,場合別1=休憩時間,3,121,0.019839317920970653,1.0,4.375179340028694
場合別2=始業前の特定時間中 | 被災学校種=小,場合別1=休憩時間,3,121,0.019839317920970653,1.0,4.375179340028694
場合別2=始業前の特定時間中 | 発生場所1=学校内・校舎内（園内・園舎内）,場合別1=休憩時間,3,117,0.019183472700442697,1.0,4.375179340028694
場合別2=始業前の特定時間中 | 性別=男,場合別1=休憩時間,3,114,0.018691588785046728,1.0,4.375179340028694
場合別2=授業終了後の特定時間中 | 被災学校種=小,場合別1=休憩時間,3,106,0.01737989834399082,1.0,4.375179340028694
場合別2=昼食時休憩時間中 | 被災学年=3,場合別1=休憩時間,3,105,0.01721593703885883,1.0,4.375179340028694
場合別2=休憩時間中 | 被災学年=3,場合別1=休憩時間,3,102,0.016724053123462864,1.0,4.375179340028694
場合別2=昼食時休憩時間中 | 被災学年=1,場合別1=休憩時間,3,97,0.01590424659780292,1.0,4.375179340028694
和暦=令和 | 場合別2=休憩時間中,場合別1=休憩時間,3,94,0.015412362682406953,1.0,4.375179340028694
和暦=令和 | 場合別2=昼食時休憩時間中,場合別1=休憩時間,3,93,0.015248401377274963,1.0,4.375179340028694
場合別2=授業終了後の特定時間中 | 性別=女,場合別1=休憩時間,3,85,0.013936710936219052,1.0,4.375179340028694
場合別2=授業終了後の特定時間中 | 発生場所1=学校内・校舎外（園内・園舎外）,場合別1=休憩時間,3,84,0.013772749631087064,1.0,4.375179340028694
場合別2=授業終了後の特定時間中 | 被災学校種=中,場合別1=休憩時間,3,82,0.013444827020823086,1.0,4.375179340028694
場合別2=昼食時休憩時間中 | 発生場所2=教室（保育室）,場合別1=休憩時間,3,79,0.01295294310542712,1.0,4.375179340028694
場合別2=昼食時休憩時間中 | 発生場所2=廊下,場合別1=休憩時間,3,68,0.011149368748975241,1.0,4.375179340028694
場合別2=授業終了後の特定時間中 | 発生場所2=運動場・校庭（園庭）,場合別1=休憩時間,3,67,0.010985407443843253,1.0,4.375179340028694
場合別2=授業終了後の特定時間中 | 被災学年=2,場合別1=休憩時間,3,65,0.010657484833579275,1.0,4.375179340028694
場合別2=授業終了後の特定時間中 | 被災学年=1,場合別1=休憩時間,3,64,0.010493523528447287,1.0,4.375179340028694
場合別2=始業前の特定時間中 | 性別=女,場合別1=休憩時間,3,61,0.01000163961305132,1.0,4.375179340028694
場合別2=休憩時間中 | 被災学年=4,場合別1=休憩時間,3,61,0.01000163961305132,1.0,4.375179340028694
場合別1=休憩時間,場合別2=昼食時休憩時間中,2,452,0.07411050991965897,0.3242467718794835,4.375179340028693
場合別1=通学中,発生場所1=学校外（園外） | 被災学年=2,3,95,0.01557632398753894,0.2896341463414634,4.372471927070755
発生場所1=学校外（園外） | 被災学年=2,場合別1=通学中,3,95,0.01557632398753894,0.23514851485148514,4.372471927070755
給付年度=4,和暦=令和 | 被災学校種=高,3,80,0.013116904410559108,0.3827751196172249,4.371807967313585
場合別1=各教科等 | 発生場所1=学校内・校舎内（園内・園舎内）,場合別2=体育（保健体育）,3,447,0.07329070339399901,0.6413199426111909,4.37029087149235
場合別2=体育（保健体育）,場合別1=各教科等 | 発生場所1=学校内・校舎内（園内・園舎内）,3,447,0.07329070339399901,0.4994413407821229,4.370290871492349
給付年度=3,和暦=令和 | 被災学校種=中,3,77,0.012625020495163142,0.27697841726618705,4.36509397133456
競技種目=バスケットボール,場合別1=課外指導 | 発生場所1=学校内・校舎内（園内・園舎内）,3,89,0.014592556156747007,0.38197424892703863,4.3626609442060085
場合別2=始業前の特定時間中,和暦=平成 | 場合別1=休憩時間,3,142,0.023282505328742417,0.8114285714285714,4.356428571428571
給付年度=5,和暦=令和 | 発生場所1=学校内・校舎外（園内・園舎外）,3,98,0.01606820790293491,0.3684210526315789,4.354651162790698
競技種目=バスケットボール | 被災学年=2,発生場所2=体育館・屋内運動場,3,69,0.01131333005410723,0.71875,4.3531839622641515
競技種目=バスケットボール,性別=男 | 発生場所2=体育館・屋内運動場,3,108,0.017707820954254796,0.463519313304721,4.3492373720699895
給付年度=3,和暦=令和 | 発生場所1=学校内・校舎内（園内・園舎内）,3,119,0.019511395310706673,0.42805755395683454,4.343965094147644
給付年度=3,和暦=令和 | 性別=男,3,194,0.03180849319560584,0.697841726618705,4.342996623109675
和暦=令和 | 発生場所2=体育館・屋内運動場,給付年度=2,3,63,0.010329562223315297,0.22826086956521738,4.336956521739131
給付年度=1,和暦=令和 | 性別=男,3,209,0.03426791277258567,0.6966666666666667,4.335683673469387
和暦=令和 | 性別=男,給付年度=1,3,209,0.03426791277258567,0.21326530612244898,4.335683673469387
給付年度=1,和暦=令和 | 発生場所1=学校内・校舎外（園内・園舎外）,3,110,0.018035743564518772,0.36666666666666664,4.333914728682171
和暦=令和 | 発生場所1=学校内・校舎外（園内・園舎外）,給付年度=1,3,110,0.018035743564518772,0.2131782945736434,4.33391472868217
給付年度=4,和暦=令和 | 発生場所2=運動場・校庭（園庭）,3,72,0.011805213969503197,0.3444976076555024,4.332146204311154
性別=男 | 競技種目=バスケットボール,発生場所2=体育館・屋内運動場,3,108,0.017707820954254796,0.7152317880794702,4.331875546669999
競技種目=野球（含軟式）,場合別2=体育的部活動 | 発生場所1=学校内・校舎外（園内・園舎外）,3,560,0.09181833087391375,0.7320261437908496,4.326189390484876
場合別2=体育的部活動 | 発生場所1=学校内・校舎外（園内・園舎外）,競技種目=野球（含軟式）,3,560,0.09181833087391375,0.5426356589147286,4.326189390484876
競技種目=サッカー・フットサル | 被災学校種=高,発生場所2=学校外運動場・競技場,3,61,0.01000163961305132,0.26521739130434785,4.325029063008603
場合別2=昼食時休憩時間中,場合別1=休憩時間 | 被災学校種=小,3,275,0.04508935891129694,0.6084070796460177,4.309726804600537
場合別1=休憩時間 | 被災学校種=小,場合別2=昼食時休憩時間中,3,275,0.04508935891129694,0.31939605110336816,4.309726804600536
給付年度=4,和暦=令和 | 場合別2=体育的部活動,3,76,0.012461059190031152,0.36363636363636365,4.306443071491615
給付年度=5,和暦=令和 | 発生場所2=運動場・校庭（園庭）,3,91,0.014920478767010985,0.34210526315789475,4.302061855670104
競技種目=ラグビー,場合別2=体育的部活動 | 被災学校種=高,3,80,0.013116904410559108,0.8791208791208791,4.299725935652159
場合別2=体育（保健体育）,場合別1=各教科等 | 被災学校種=小,3,246,0.04033448106246926,0.2748603351955307,4.298392780403954
場合別1=各教科等 | 被災学校種=小,場合別2=体育（保健体育）,3,246,0.04033448106246926,0.6307692307692307,4.298392780403954
競技種目=サッカー・フットサル,性別=男 | 発生場所2=学校外運動場・競技場,3,100,0.016396130513198885,0.2364066193853428,4.278468758549572
性別=男 | 発生場所2=学校外運動場・競技場,競技種目=サッカー・フットサル,3,100,0.016396130513198885,0.29673590504451036,4.278468758549571
場合別2=授業終了後の特定時間中,場合別1=休憩時間 | 発生場所1=学校内・校舎内（園内・園舎内）,3,143,0.023446466633874407,0.6244541484716157,4.269670237139444
発生場所1=学校外（園外） | 被災学年=2,発生場所2=道路,3,97,0.01590424659780292,0.2400990099009901,4.269282394711775
発生場所2=道路,発生場所1=学校外（園外） | 被災学年=2,3,97,0.01590424659780292,0.282798833819242,4.269282394711774
場合別2=昼食時休憩時間中,和暦=平成 | 場合別1=休憩時間,3,359,0.058862108542383995,0.7942477876106194,4.264187725913
和暦=平成 | 場合別1=休憩時間,場合別2=昼食時休憩時間中,3,359,0.058862108542383995,0.3160211267605634,4.264187725913
発生場所2=体育館・屋内運動場 | 被災学校種=小,場合別2=体育（保健体育）,3,110,0.018035743564518772,0.625,4.259078212290503
競技種目=野球（含軟式）,場合別1=課外指導 | 発生場所1=学校内・校舎外（園内・園舎外）,3,560,0.09181833087391375,0.7320261437908496,4.256079552888838
場合別1=課外指導 | 発生場所1=学校内・校舎外（園内・園舎外）,競技種目=野球（含軟式）,3,560,0.09181833087391375,0.5338417540514776,4.256079552888838
場合別2=休憩時間中,場合別1=休憩時間 | 性別=女,3,164,0.02688965404164617,0.3048327137546468,4.254404396314854
場合別1=休憩時間 | 性別=女,場合別2=休憩時間中,3,164,0.02688965404164617,0.37528604118993136,4.254404396314854
発生場所2=学校外運動場・競技場,場合別2=体育的部活動 | 被災学年=3,3,96,0.01574028529267093,0.25668449197860965,4.242598147906613
場合別2=体育的部活動 | 被災学年=3,発生場所2=学校外運動場・競技場,3,96,0.01574028529267093,0.2601626016260163,4.242598147906613
給付年度=2,和暦=令和 | 発生場所1=学校内・校舎内（園内・園舎内）,3,134,0.021970814887686506,0.4174454828660436,4.2362728785357735
和暦=令和 | 発生場所1=学校内・校舎内（園内・園舎内）,給付年度=2,3,134,0.021970814887686506,0.22296173044925124,4.2362728785357735
給付年度=2,和暦=令和 | 被災学校種=高,3,119,0.019511395310706673,0.3707165109034268,4.234082397003745
和暦=令和 | 被災学校種=高,給付年度=2,3,119,0.019511395310706673,0.22284644194756553,4.234082397003745
給付年度=4,和暦=令和 | 場合別1=課外指導,3,78,0.01278898180029513,0.37320574162679426,4.23082122338628
給付年度=5,和暦=令和 | 場合別2=体育的部活動,3,95,0.01557632398753894,0.35714285714285715,4.229542302357836
競技種目=柔道,和暦=平成 | 発生場所2=体育館・屋内運動場,3,65,0.010657484833579275,0.5038759689922481,4.204021251550918
競技種目=ラグビー,場合別1=課外指導 | 被災学校種=高,3,80,0.013116904410559108,0.8791208791208791,4.195428984161379
被災学年=4,場合別1=保育中,2,95,0.01557632398753894,0.25956284153005466,4.188025847861914
場合別1=保育中,被災学年=4,2,95,0.01557632398753894,0.25132275132275134,4.188025847861914
給付年度=4,和暦=令和 | 発生場所1=学校内・校舎外（園内・園舎外）,3,74,0.012133136579767174,0.35406698564593303,4.184989429175476
場合別1=休憩時間 | 被災学校種=中,発生場所2=廊下,3,105,0.01721593703885883,0.26854219948849106,4.17816039459262
発生場所2=廊下,場合別1=休憩時間 | 被災学校種=中,3,105,0.01721593703885883,0.26785714285714285,4.178160394592619
場合別2=始業前の特定時間中,場合別1=休憩時間 | 性別=男,3,114,0.018691588785046728,0.6514285714285715,4.151580832960144
和暦=平成 | 競技種目=バスケットボール,発生場所2=体育館・屋内運動場,3,111,0.01819970486965076,0.6851851851851852,4.149895178197066
場合別2=休憩時間中,場合別1=休憩時間 | 被災学年=2,3,131,0.02147893097229054,0.24349442379182157,4.14824718074391
場合別1=休憩時間 | 被災学年=2,場合別2=休憩時間中,3,131,0.02147893097229054,0.3659217877094972,4.14824718074391
和暦=令和 | 性別=女,給付年度=2,3,86,0.014100672241351041,0.2182741116751269,4.147208121827411
給付年度=2,和暦=令和 | 性別=女,3,86,0.014100672241351041,0.26791277258566976,4.14720812182741
発生場所2=廊下 | 被災学校種=小,場合別2=休憩時間中,3,64,0.010493523528447287,0.3657142857142857,4.145894848645778
給付年度=5,和暦=令和 | 場合別1=課外指導,3,97,0.01590424659780292,0.36466165413533835,4.13396176314392
和暦=令和 | 場合別1=休憩時間,場合別2=休憩時間中,3,94,0.015412362682406953,0.3643410852713178,4.130327656263509
発生場所2=学校外運動場・競技場,性別=男 | 競技種目=サッカー・フットサル,3,100,0.016396130513198885,0.26737967914438504,4.128477628105327
性別=男 | 競技種目=サッカー・フットサル,発生場所2=学校外運動場・競技場,3,100,0.016396130513198885,0.25316455696202533,4.128477628105327
性別=男 | 競技種目=柔道,発生場所2=体育館・屋内運動場,3,77,0.012625020495163142,0.6814159292035398,4.127066288195024
給付年度=3,和暦=令和 | 場合別1=課外指導,3,101,0.016560091818330874,0.36330935251798563,4.118631488860956
給付年度=1,和暦=令和 | 場合別1=各教科等,3,63,0.010329562223315297,0.21,4.091980830670926
和暦=令和 | 場合別1=各教科等,給付年度=1,3,63,0.010329562223315297,0.2012779552715655,4.091980830670926
給付年度=3,和暦=令和 | 場合別2=体育的部活動,3,96,0.01574028529267093,0.34532374100719426,4.089571837675491
競技種目=柔道,発生場所2=体育館・屋内運動場,2,87,0.01426463354648303,0.6744186046511628,4.084686265906099
競技種目=柔道,発生場所1=学校内・校舎内（園内・園舎内） | 発生場所2=体育館・屋内運動場,3,87,0.01426463354648303,0.6744186046511628,4.084686265906099
性別=女 | 発生場所2=教室（保育室）,場合別1=保育中,3,62,0.01016560091818331,0.2530612244897959,4.083122772918691
場合別1=保育中 | 被災学校種=保,被災学年=4,3,61,0.01000163961305132,0.24497991967871485,4.082329317269076
発生場所2=学校外運動場・競技場,場合別1=課外指導 | 被災学年=3,3,96,0.01574028529267093,0.25668449197860965,4.066282380720883
場合別1=課外指導 | 被災学年=3,発生場所2=学校外運動場・競技場,3,96,0.01574028529267093,0.24935064935064935,4.066282380720883
被災学校種=保,被災学年=4,2,61,0.01000163961305132,0.244,4.066
発生場所1=学校内・校舎内（園内・園舎内） | 被災学校種=高,発生場所2=体育館・屋内運動場,3,432,0.07083128381701918,0.6676970633693973,4.043976553614652
発生場所2=体育館・屋内運動場,発生場所1=学校内・校舎内（園内・園舎内） | 被災学校種=高,3,432,0.07083128381701918,0.42899702085402186,4.043976553614651
給付年度=5,和暦=令和 | 被災学校種=中,3,68,0.011149368748975241,0.2556390977443609,4.028792912513842
性別=男 | 被災学校種=保,発生場所2=教室（保育室）,3,62,0.01016560091818331,0.4626865671641791,4.025571145698043
和暦=平成 | 競技種目=柔道,発生場所2=体育館・屋内運動場,3,65,0.010657484833579275,0.6632653061224489,4.017135155949172
場合別2=授業終了後の特定時間中,場合別1=休憩時間 | 性別=男,3,144,0.023610427939006393,0.62882096069869,4.007501608465319
競技種目=サッカー・フットサル,場合別2=体育的部活動 | 発生場所2=学校外運動場・競技場,3,100,0.016396130513198885,0.2364066193853428,4.0051221434200155
場合別2=体育的部活動 | 発生場所2=学校外運動場・競技場,競技種目=サッカー・フットサル,3,100,0.016396130513198885,0.2777777777777778,4.0051221434200155
競技種目=サッカー・フットサル,場合別1=課外指導 | 発生場所2=学校外運動場・競技場,3,100,0.016396130513198885,0.2364066193853428,3.994027622247107
場合別1=課外指導 | 発生場所2=学校外運動場・競技場,競技種目=サッカー・フットサル,3,100,0.016396130513198885,0.2770083102493075,3.994027622247107
給付年度=3,和暦=令和 | 被災学校種=高,3,97,0.01590424659780292,0.3489208633093525,3.9851467140894026
競技種目=バスケットボール,和暦=平成 | 発生場所2=体育館・屋内運動場,3,111,0.01819970486965076,0.47639484978540775,3.9747362364448726
給付年度=1,和暦=令和 | 被災学年=1,3,83,0.013608788325955074,0.27666666666666667,3.951733021077283
場合別1=休憩時間 | 被災学年=3,場合別2=休憩時間中,3,102,0.016724053123462864,0.34812286689419797,3.94647093901062
発生場所1=学校内・校舎内（園内・園舎内） | 被災学年=4,発生場所2=教室（保育室）,3,86,0.014100672241351041,0.45263157894736844,3.9380884450784595
場合別2=昼食時休憩時間中,場合別1=休憩時間 | 性別=女,3,127,0.020823085751762584,0.2809734513274336,3.9214120815698346
場合別1=休憩時間 | 性別=女,場合別2=昼食時休憩時間中,3,127,0.020823085751762584,0.2906178489702517,3.9214120815698346
場合別2=授業終了後の特定時間中,場合別1=休憩時間 | 発生場所2=運動場・校庭（園庭）,3,67,0.010985407443843253,0.2925764192139738,3.9132096069869
競技種目=サッカー・フットサル,発生場所2=学校外運動場・競技場,2,101,0.016560091818330874,0.23877068557919623,3.8937497629612774
発生場所2=学校外運動場・競技場,競技種目=サッカー・フットサル,2,101,0.016560091818330874,0.2700534759358289,3.8937497629612774
競技種目=サッカー・フットサル,発生場所1=学校外（園外） | 発生場所2=学校外運動場・競技場,3,101,0.016560091818330874,0.23877068557919623,3.8937497629612774
発生場所1=学校外（園外） | 発生場所2=学校外運動場・競技場,競技種目=サッカー・フットサル,3,101,0.016560091818330874,0.2700534759358289,3.8937497629612774
給付年度=1,和暦=令和 | 被災学年=2,3,81,0.013280865715691098,0.27,3.8929787234042554
発生場所2=体育館・屋内運動場 | 被災学年=3,場合別2=体育（保健体育）,3,126,0.020659124446630595,0.5701357466063348,3.8852043782704313
和暦=令和 | 場合別1=各教科等,給付年度=2,3,64,0.010493523528447287,0.20447284345047922,3.8849840255591053
場合別1=各教科等 | 発生場所1=学校内・校舎内（園内・園舎内）,発生場所2=体育館・屋内運動場,3,447,0.07329070339399901,0.6413199426111909,3.884220784494194
発生場所2=体育館・屋内運動場,場合別1=各教科等 | 発生場所1=学校内・校舎内（園内・園舎内）,3,447,0.07329070339399901,0.4438927507447865,3.8842207844941936
発生場所1=学校内・校舎内（園内・園舎内） | 被災学校種=小,被災学年=6,3,207,0.033939990162321694,0.2423887587822014,3.8498152078454333
被災学年=6,発生場所1=学校内・校舎内（園内・園舎内） | 被災学校種=小,3,207,0.033939990162321694,0.5390625,3.849815207845433
競技種目=バスケットボール | 被災学校種=中,発生場所2=体育館・屋内運動場,3,68,0.011149368748975241,0.6355140186915887,3.849056603773585
場合別2=その他の教科,発生場所2=教室（保育室）,2,61,0.01000163961305132,0.4420289855072464,3.845841344662904
場合別1=各教科等 | 場合別2=その他の教科,発生場所2=教室（保育室）,3,61,0.01000163961305132,0.4420289855072464,3.845841344662904
場合別2=その他の教科,発生場所1=学校内・校舎内（園内・園舎内） | 発生場所2=教室（保育室）,3,61,0.01000163961305132,0.4420289855072464,3.845841344662904
競技種目=バスケットボール,発生場所1=学校内・校舎内（園内・園舎内） | 被災学校種=高,3,95,0.01557632398753894,0.40772532188841204,3.8434570914952473
和暦=平成 | 発生場所2=廊下,場合別2=休憩時間中,3,107,0.017543859649122806,0.33647798742138363,3.8144595637230836
給付年度=2,和暦=令和 | 被災学校種=小,3,71,0.011641252664371209,0.22118380062305296,3.8107344632768365
和暦=令和 | 被災学校種=小,給付年度=2,3,71,0.011641252664371209,0.20056497175141244,3.8107344632768365
場合別2=休憩時間中,場合別1=休憩時間 | 被災学校種=中,3,131,0.02147893097229054,0.24349442379182157,3.798139362420255
場合別1=休憩時間 | 被災学校種=中,場合別2=休憩時間中,3,131,0.02147893097229054,0.3350383631713555,3.798139362420255
和暦=平成 | 被災学年=5,場合別1=保育中,3,74,0.012133136579767174,0.23492063492063492,3.7904257999496096
被災学校種=保,和暦=平成 | 発生場所2=教室（保育室）,3,87,0.01426463354648303,0.348,3.790092857142857
和暦=平成 | 発生場所2=学校外運動場・競技場,競技種目=サッカー・フットサル,3,72,0.011805213969503197,0.26277372262773724,3.7887870787389346
和暦=平成 | 被災学校種=保,発生場所2=教室（保育室）,3,87,0.01426463354648303,0.435,3.7846861626248214
場合別2=昼食時休憩時間中,場合別1=休憩時間 | 被災学年=1,3,97,0.01590424659780292,0.21460176991150443,3.7503042827801303
場合別1=休憩時間 | 被災学年=1,場合別2=昼食時休憩時間中,3,97,0.01590424659780292,0.27793696275071633,3.7503042827801303
発生場所2=廊下,和暦=平成 | 場合別2=休憩時間中,3,107,0.017543859649122806,0.2729591836734694,3.749500137892995
和暦=平成 | 場合別2=休憩時間中,発生場所2=廊下,3,107,0.017543859649122806,0.240990990990991,3.749500137892995
競技種目=野球（含軟式）,発生場所2=運動場・校庭（園庭） | 被災学校種=高,3,383,0.06279717986555174,0.5006535947712418,3.7466089257789004
発生場所2=運動場・校庭（園庭） | 被災学校種=高,競技種目=野球（含軟式）,3,383,0.06279717986555174,0.4699386503067485,3.7466089257789004
場合別1=保育中 | 被災学校種=保,発生場所2=教室（保育室）,3,107,0.017543859649122806,0.42971887550200805,3.73873811938195
発生場所2=実習実験室,場合別1=各教科等 | 性別=男,3,76,0.012461059190031152,0.5,3.737132352941176
発生場所2=廊下,場合別2=休憩時間中,2,129,0.02115100836202656,0.32908163265306123,3.7306112965632354
発生場所2=廊下,場合別1=休憩時間 | 場合別2=休憩時間中,3,129,0.02115100836202656,0.32908163265306123,3.7306112965632354
発生場所1=学校内・校舎内（園内・園舎内） | 発生場所2=廊下,場合別2=休憩時間中,3,129,0.02115100836202656,0.32908163265306123,3.7306112965632354
場合別2=休憩時間中,発生場所2=廊下,2,129,0.02115100836202656,0.23977695167286245,3.7306112965632345
場合別1=休憩時間 | 場合別2=休憩時間中,発生場所2=廊下,3,129,0.02115100836202656,0.23977695167286245,3.7306112965632345
場合別2=休憩時間中,発生場所1=学校内・校舎内（園内・園舎内） | 発生場所2=廊下,3,129,0.02115100836202656,0.23977695167286245,3.7306112965632345
発生場所2=教室（保育室） | 被災学校種=小,場合別2=休憩時間中,3,95,0.01557632398753894,0.328719723183391,3.7265085347500033
被災学校種=保,発生場所2=教室（保育室）,2,107,0.017543859649122806,0.428,3.723783166904422
被災学校種=保,発生場所1=学校内・校舎内（園内・園舎内） | 発生場所2=教室（保育室）,3,107,0.017543859649122806,0.428,3.723783166904422
被災学年=5,場合別1=保育中,2,93,0.015248401377274963,0.23076923076923078,3.723443223443224
場合別1=保育中,被災学年=5,2,93,0.015248401377274963,0.24603174603174602,3.7234432234432235
競技種目=サッカー・フットサル,場合別2=体育（保健体育） | 発生場所2=運動場・校庭（園庭）,3,97,0.01590424659780292,0.2293144208037825,3.699969980111824
場合別2=体育（保健体育） | 発生場所2=運動場・校庭（園庭）,競技種目=サッカー・フットサル,3,97,0.01590424659780292,0.2566137566137566,3.699969980111824
発生場所2=実習実験室,和暦=平成 | 場合別1=各教科等,3,84,0.013772749631087064,0.5526315789473685,3.691675794085433
発生場所1=学校外（園外） | 被災学校種=中,発生場所2=道路,3,69,0.01131333005410723,0.2072072072072072,3.684422031360807
発生場所2=道路,発生場所1=学校外（園外） | 被災学校種=中,3,69,0.01131333005410723,0.20116618075801748,3.6844220313608065
場合別1=保育中 | 性別=男,発生場所2=教室（保育室）,3,81,0.013280865715691098,0.421875,3.6704930456490725
発生場所2=教室（保育室）,場合別2=休憩時間中 | 発生場所1=学校内・校舎内（園内・園舎内）,3,164,0.02688965404164617,0.23395149786019973,3.649284361763064
場合別2=休憩時間中 | 発生場所1=学校内・校舎内（園内・園舎内）,発生場所2=教室（保育室）,3,164,0.02688965404164617,0.4194373401534527,3.649284361763064
場合別2=昼食時休憩時間中,場合別1=休憩時間 | 発生場所1=学校内・校舎内（園内・園舎内）,3,241,0.03951467453680931,0.5331858407079646,3.645628298742013
場合別1=休憩時間 | 発生場所1=学校内・校舎内（園内・園舎内）,場合別2=昼食時休憩時間中,3,241,0.03951467453680931,0.2701793721973094,3.645628298742013
和暦=平成 | 場合別1=保育中,被災学年=5,3,74,0.012133136579767174,0.24025974025974026,3.6360897167348782
発生場所2=運動場・校庭（園庭） | 競技種目=ソフトボール,場合別2=体育（保健体育）,3,64,0.010493523528447287,0.5333333333333333,3.634413407821229
性別=男 | 発生場所2=廊下,場合別2=休憩時間中,3,87,0.01426463354648303,0.31985294117647056,3.6259908703258255
給付年度=1,和暦=令和 | 被災学校種=中,3,69,0.01131333005410723,0.23,3.624728682170543
発生場所2=廊下,場合別2=休憩時間中 | 性別=男,3,87,0.01426463354648303,0.22193877551020408,3.619263614536724
場合別2=休憩時間中 | 性別=男,発生場所2=廊下,3,87,0.01426463354648303,0.232620320855615,3.619263614536724
場合別1=休憩時間 | 被災学年=5,被災学校種=小,3,130,0.02131496966715855,1.0,3.617437722419929
発生場所1=学校内・校舎外（園内・園舎外） | 競技種目=ソフトボール,場合別2=体育（保健体育）,3,64,0.010493523528447287,0.5289256198347108,3.6043769333764257
発生場所2=学校外運動場・競技場 | 被災学校種=高,競技種目=サッカー・フットサル,3,61,0.01000163961305132,0.24897959183673468,3.5898972354899406
場合別1=課外指導 | 競技種目=バスケットボール,発生場所2=体育館・屋内運動場,3,84,0.013772749631087064,0.5915492957746479,3.582779697050226
場合別2=体育的部活動 | 競技種目=バスケットボール,発生場所2=体育館・屋内運動場,3,84,0.013772749631087064,0.5915492957746479,3.582779697050226
性別=男 | 発生場所2=実習実験室,場合別1=各教科等,3,76,0.012461059190031152,0.7169811320754716,3.56677644741297
発生場所2=廊下,場合別1=休憩時間 | 被災学年=1,3,80,0.013116904410559108,0.20408163265306123,3.566458101865388
場合別1=休憩時間 | 被災学年=1,発生場所2=廊下,3,80,0.013116904410559108,0.22922636103151864,3.566458101865388
場合別1=休憩時間 | 被災学年=4,被災学校種=小,3,133,0.021806853582554516,0.9851851851851852,3.5638460524581523
場合別1=休憩時間 | 被災学年=6,被災学校種=小,3,127,0.020823085751762584,0.9844961240310077,3.5613534166459764
発生場所1=学校内・校舎内（園内・園舎内） | 被災学年=5,発生場所2=教室（保育室）,3,83,0.013608788325955074,0.4088669950738916,3.5573178358853994
性別=男 | 発生場所2=学校外運動場・競技場,競技種目=野球（含軟式）,3,150,0.02459419576979833,0.44510385756676557,3.5486123232675855
和暦=平成 | 競技種目=サッカー・フットサル,発生場所2=学校外運動場・競技場,3,72,0.011805213969503197,0.2175226586102719,3.5472478472300755
場合別1=特別活動（除学校行事） | 発生場所1=学校内・校舎内（園内・園舎内）,発生場所2=教室（保育室）,3,94,0.015412362682406953,0.4069264069264069,3.540433888508068
競技種目=野球（含軟式）,発生場所1=学校内・校舎外（園内・園舎外） | 被災学校種=高,3,386,0.0632890637809477,0.5045751633986928,3.5372458868604912
発生場所1=学校内・校舎外（園内・園舎外） | 被災学校種=高,競技種目=野球（含軟式）,3,386,0.0632890637809477,0.4436781609195402,3.537245886860491
場合別2=昼食時休憩時間中,発生場所2=運動場・校庭（園庭） | 被災学校種=小,3,153,0.025086079685194294,0.33849557522123896,3.529033356024507
発生場所2=運動場・校庭（園庭） | 被災学校種=小,場合別2=昼食時休憩時間中,3,153,0.025086079685194294,0.26153846153846155,3.5290333560245064
場合別2=体育（保健体育） | 被災学年=6,被災学校種=小,3,74,0.012133136579767174,0.9736842105263158,3.5222419928825626
場合別1=各教科等 | 被災学年=6,被災学校種=小,3,109,0.017871782259386786,0.9732142857142857,3.5205420691408236
場合別2=休憩時間中 | 発生場所2=運動場・校庭（園庭）,被災学校種=小,3,134,0.021970814887686506,0.9710144927536232,3.512584455103409
場合別1=特別活動（除学校行事）,発生場所1=学校内・校舎内（園内・園舎内） | 被災学校種=小,3,148,0.02426627315953435,0.49169435215946844,3.511526760914049
場合別1=休憩時間 | 発生場所2=廊下,場合別2=昼食時休憩時間中,3,68,0.011149368748975241,0.2595419847328244,3.502094170100655
場合別2=休憩時間中 | 発生場所1=学校内・校舎外（園内・園舎外）,被災学校種=小,3,141,0.023118544023610427,0.9657534246575342,3.4935528689123974
競技種目=野球（含軟式）,場合別2=体育的部活動 | 性別=男,3,732,0.12001967535661584,0.9568627450980393,3.457290214664065
場合別2=体育的部活動 | 性別=男,競技種目=野球（含軟式）,3,732,0.12001967535661584,0.43364928909952605,3.4572902146640643
競技種目=ラグビー,場合別2=体育的部活動 | 性別=男,3,87,0.01426463354648303,0.9560439560439561,3.4543318056351233
和暦=平成 | 発生場所2=実習実験室,場合別1=各教科等,3,84,0.013772749631087064,0.6942148760330579,3.453520822940962
場合別1=各教科等 | 被災学年=5,被災学校種=小,3,76,0.012461059190031152,0.95,3.4365658362989326
発生場所2=実習実験室,場合別1=各教科等,2,105,0.01721593703885883,0.6907894736842105,3.436480424143556
発生場所1=学校内・校舎内（園内・園舎内） | 発生場所2=実習実験室,場合別1=各教科等,3,105,0.01721593703885883,0.6907894736842105,3.436480424143556
和暦=平成 | 発生場所2=学校外運動場・競技場,競技種目=野球（含軟式）,3,118,0.019347434005574683,0.4306569343065693,3.433433519393158
場合別2=休憩時間中,場合別1=休憩時間 | 発生場所2=運動場・校庭（園庭）,3,138,0.02262666010821446,0.25650557620817843,3.430762081784387
場合別1=休憩時間 | 発生場所2=運動場・校庭（園庭）,場合別2=休憩時間中,3,138,0.02262666010821446,0.3026315789473684,3.430762081784387
競技種目=ソフトボール,発生場所2=運動場・校庭（園庭） | 被災学校種=高,3,63,0.010329562223315297,0.45652173913043476,3.416351026940517
競技種目=その他,場合別1=各教科等,2,69,0.01131333005410723,0.6831683168316832,3.39856734449954
場合別1=各教科等 | 被災学年=4,被災学校種=小,3,62,0.01016560091818331,0.9393939393939394,3.3981990725762974
場合別2=昼食時休憩時間中,発生場所1=学校内・校舎外（園内・園舎外） | 被災学校種=小,3,161,0.026397770126250206,0.3561946902654867,3.389128573992517
発生場所1=学校内・校舎外（園内・園舎外） | 被災学校種=小,場合別2=昼食時休憩時間中,3,161,0.026397770126250206,0.25117004680187205,3.3891285739925165
競技種目=野球（含軟式）,場合別2=体育的部活動 | 発生場所2=学校外運動場・競技場,3,153,0.025086079685194294,0.2,3.388333333333333
場合別2=体育的部活動 | 発生場所2=学校外運動場・競技場,競技種目=野球（含軟式）,3,153,0.025086079685194294,0.425,3.388333333333333
競技種目=野球（含軟式）,場合別1=課外指導 | 性別=男,3,732,0.12001967535661584,0.9568627450980393,3.3870608719401867
場合別1=課外指導 | 性別=男,競技種目=野球（含軟式）,3,732,0.12001967535661584,0.4248403946604759,3.3870608719401862
競技種目=ラグビー,場合別1=課外指導 | 性別=男,3,87,0.01426463354648303,0.9560439560439561,3.3841625582774744
競技種目=野球（含軟式）,場合別1=課外指導 | 発生場所2=学校外運動場・競技場,3,153,0.025086079685194294,0.2,3.378947368421053
場合別1=課外指導 | 発生場所2=学校外運動場・競技場,競技種目=野球（含軟式）,3,153,0.025086079685194294,0.42382271468144045,3.3789473684210525
競技種目=サッカー・フットサル,場合別1=各教科等 | 発生場所2=運動場・校庭（園庭）,3,97,0.01590424659780292,0.2293144208037825,3.370093138511493
場合別1=各教科等 | 発生場所2=運動場・校庭（園庭）,競技種目=サッカー・フットサル,3,97,0.01590424659780292,0.23373493975903614,3.3700931385114927
和暦=平成 | 発生場所2=教室（保育室）,場合別1=保育中,3,116,0.019019511395310707,0.20714285714285716,3.3422335600907034
場合別1=保育中,和暦=平成 | 発生場所2=教室（保育室）,3,116,0.019019511395310707,0.30687830687830686,3.342233560090703
発生場所2=廊下 | 被災学年=1,場合別1=休憩時間,3,80,0.013116904410559108,0.7619047619047619,3.3334699733551956
場合別2=休憩時間中,場合別1=休憩時間 | 発生場所1=学校内・校舎外（園内・園舎外）,3,146,0.023938350549270373,0.27137546468401486,3.3302192336173175
場合別1=休憩時間 | 発生場所1=学校内・校舎外（園内・園舎外）,場合別2=休憩時間中,3,146,0.023938350549270373,0.2937625754527163,3.330219233617317
発生場所2=学校外運動場・競技場,性別=男 | 競技種目=野球（含軟式）,3,150,0.02459419576979833,0.40106951871657753,3.323536677516856
性別=男 | 競技種目=野球（含軟式）,発生場所2=学校外運動場・競技場,3,150,0.02459419576979833,0.20380434782608695,3.323536677516856
被災学校種=保,性別=男 | 発生場所2=教室（保育室）,3,62,0.01016560091818331,0.248,3.317
被災学年=6,性別=男 | 被災学校種=小,3,210,0.03443187407771766,0.546875,3.3089192708333335
性別=男 | 被災学校種=小,被災学年=6,3,210,0.03443187407771766,0.20833333333333334,3.3089192708333335
場合別1=休憩時間 | 被災学年=3,発生場所2=廊下,3,62,0.01016560091818331,0.21160409556313994,3.2922790276520164
発生場所2=教室（保育室）,場合別1=保育中,2,143,0.023446466633874407,0.20399429386590584,3.291431741503068
場合別1=保育中,発生場所2=教室（保育室）,2,143,0.023446466633874407,0.3783068783068783,3.291431741503068
場合別1=保育中,発生場所1=学校内・校舎内（園内・園舎内） | 発生場所2=教室（保育室）,3,143,0.023446466633874407,0.3783068783068783,3.291431741503068
発生場所1=学校内・校舎内（園内・園舎内） | 発生場所2=教室（保育室）,場合別1=保育中,3,143,0.023446466633874407,0.20399429386590584,3.291431741503068
競技種目=野球（含軟式）,場合別2=体育的部活動 | 被災学校種=高,3,514,0.08427611083784227,0.6718954248366014,3.286199034545655
場合別2=体育的部活動 | 被災学校種=高,競技種目=野球（含軟式）,3,514,0.08427611083784227,0.41218925421010427,3.2861990345456547
競技種目=野球（含軟式）,発生場所2=学校外運動場・競技場,2,154,0.025250040990326284,0.20130718954248367,3.282814302191465
競技種目=野球（含軟式）,発生場所1=学校外（園外） | 発生場所2=学校外運動場・競技場,3,154,0.025250040990326284,0.20130718954248367,3.282814302191465
発生場所2=学校外運動場・競技場,競技種目=野球（含軟式）,2,154,0.025250040990326284,0.4117647058823529,3.2828143021914644
発生場所1=学校外（園外） | 発生場所2=学校外運動場・競技場,競技種目=野球（含軟式）,3,154,0.025250040990326284,0.4117647058823529,3.2828143021914644
発生場所2=学校外運動場・競技場 | 被災学年=2,競技種目=野球（含軟式）,3,63,0.010329562223315297,0.4117647058823529,3.2828143021914644
場合別2=体育（保健体育） | 性別=女,発生場所2=体育館・屋内運動場,3,162,0.026561731431382195,0.5418060200668896,3.2815043856881427
発生場所2=昇降口・玄関,場合別1=休憩時間,2,72,0.011805213969503197,0.75,3.2813845050215207
発生場所1=学校内・校舎内（園内・園舎内） | 発生場所2=昇降口・玄関,場合別1=休憩時間,3,72,0.011805213969503197,0.75,3.2813845050215207
場合別2=授業終了後の特定時間中,場合別1=休憩時間 | 被災学校種=小,3,106,0.01737989834399082,0.462882096069869,3.2788825829618253
発生場所2=学校外運動場・競技場,場合別1=課外指導 | 競技種目=野球（含軟式）,3,153,0.025086079685194294,0.4090909090909091,3.2786405447377853
発生場所2=学校外運動場・競技場,場合別2=体育的部活動 | 競技種目=野球（含軟式）,3,153,0.025086079685194294,0.4090909090909091,3.2786405447377853
場合別1=課外指導 | 競技種目=野球（含軟式）,発生場所2=学校外運動場・競技場,3,153,0.025086079685194294,0.20105124835742444,3.278640544737785
場合別2=体育的部活動 | 競技種目=野球（含軟式）,発生場所2=学校外運動場・競技場,3,153,0.025086079685194294,0.20105124835742444,3.278640544737785
和暦=平成 | 場合別1=保育中,発生場所2=教室（保育室）,3,116,0.019019511395310707,0.37662337662337664,3.276784556385127
場合別2=体育（保健体育） | 発生場所1=学校内・校舎外（園内・園舎外）,競技種目=サッカー・フットサル,3,97,0.01590424659780292,0.22716627634660422,3.2753832610825984
競技種目=サッカー・フットサル,場合別2=体育（保健体育） | 発生場所1=学校内・校舎外（園内・園舎外）,3,97,0.01590424659780292,0.2293144208037825,3.275383261082598
和暦=令和 | 被災学校種=小,被災学年=6,3,73,0.011969175274635186,0.2062146892655367,3.2752692443502824
場合別2=体育（保健体育） | 被災学校種=中,発生場所2=体育館・屋内運動場,3,161,0.026397770126250206,0.540268456375839,3.2721919716347987
和暦=平成 | 競技種目=野球（含軟式）,発生場所2=学校外運動場・競技場,3,118,0.019347434005574683,0.2,3.2614973262032088
発生場所2=学校外運動場・競技場,和暦=平成 | 競技種目=野球（含軟式）,3,118,0.019347434005574683,0.3155080213903743,3.2614973262032083
競技種目=ソフトボール,場合別2=体育（保健体育）,2,66,0.010821446138711265,0.4782608695652174,3.259120718970124
競技種目=ソフトボール,場合別1=各教科等 | 場合別2=体育（保健体育）,3,66,0.010821446138711265,0.4782608695652174,3.259120718970124
発生場所2=体育館・屋内運動場 | 被災学校種=小,場合別1=各教科等,3,115,0.018855550090178717,0.6534090909090909,3.250523691235355
発生場所2=廊下 | 被災学校種=小,場合別1=休憩時間,3,130,0.02131496966715855,0.7428571428571429,3.250133224021316
場合別1=休憩時間 | 発生場所2=教室（保育室）,場合別2=昼食時休憩時間中,3,79,0.01295294310542712,0.23939393939393938,3.2302292839903455
和暦=令和 | 被災学年=6,被災学校種=小,3,73,0.011969175274635186,0.8902439024390244,3.220401874837254
場合別1=休憩時間 | 発生場所1=学校内・校舎内（園内・園舎内）,発生場所2=教室（保育室）,3,330,0.05410723069355632,0.36995515695067266,3.218768191500931
発生場所2=教室（保育室）,場合別1=休憩時間 | 発生場所1=学校内・校舎内（園内・園舎内）,3,330,0.05410723069355632,0.47075606276747506,3.2187681915009305
競技種目=野球（含軟式）,場合別1=課外指導 | 被災学校種=高,3,514,0.08427611083784227,0.6718954248366014,3.206486851391574
場合別1=課外指導 | 被災学校種=高,競技種目=野球（含軟式）,3,514,0.08427611083784227,0.40219092331768386,3.2064868513915736
競技種目=ラグビー,性別=男 | 被災学校種=高,3,79,0.01295294310542712,0.8681318681318682,3.2011706552214414
競技種目=ソフトボール,発生場所1=学校内・校舎外（園内・園舎外） | 被災学校種=高,3,63,0.010329562223315297,0.45652173913043476,3.200374812593703
発生場所1=学校内・校舎内（園内・園舎内） | 被災学年=6,被災学校種=小,3,207,0.033939990162321694,0.8846153846153846,3.2000410621407065
和暦=令和 | 場合別2=体育（保健体育）,発生場所2=体育館・屋内運動場,3,128,0.020987047056894574,0.5267489711934157,3.1903098066620084
発生場所2=廊下,発生場所1=学校内・校舎内（園内・園舎内） | 被災学校種=小,3,175,0.02869322839809805,0.44642857142857145,3.1882527601204416
発生場所1=学校内・校舎内（園内・園舎内） | 被災学校種=小,発生場所2=廊下,3,175,0.02869322839809805,0.20491803278688525,3.1882527601204416
場合別2=体育（保健体育） | 被災学年=2,発生場所2=体育館・屋内運動場,3,137,0.022462698803082472,0.5229007633587787,3.1670027365692066
発生場所2=体育館・屋内運動場 | 競技種目=バスケットボール,場合別2=体育（保健体育）,3,79,0.01295294310542712,0.4647058823529412,3.166749917844233
性別=男 | 被災学年=6,被災学校種=小,3,210,0.03443187407771766,0.875,3.165258007117438
和暦=令和 | 発生場所2=体育館・屋内運動場,場合別2=体育（保健体育）,3,128,0.020987047056894574,0.463768115942029,3.1603594850619383
被災学年=1 | 被災学校種=小,場合別2=休憩時間中,3,80,0.013116904410559108,0.2787456445993031,3.1599808297605017
被災学年=6,被災学校種=小,2,334,0.054763075914084275,0.8697916666666666,3.146417185646501
発生場所2=学校外運動場・競技場,場合別2=体育的部活動 | 性別=男,3,325,0.05328742416789638,0.8689839572192514,3.1397708264693214
発生場所2=学校外運動場・競技場,場合別2=体育的部活動 | 被災学校種=高,3,240,0.039350713231677326,0.6417112299465241,3.1385700011578592
和暦=平成 | 被災学年=6,被災学校種=小,3,261,0.04279390063944909,0.8642384105960265,3.1263286276543094
発生場所2=廊下 | 被災学年=3,場合別1=休憩時間,3,62,0.01016560091818331,0.7126436781609196,3.1179438974917133
性別=女 | 被災学年=6,被災学校種=小,3,124,0.02033120183636662,0.8611111111111112,3.1150158165282726
被災学年=6,和暦=平成 | 被災学校種=小,3,261,0.04279390063944909,0.6796875,3.1121727195945947
性別=女 | 発生場所2=体育館・屋内運動場,場合別2=体育（保健体育）,3,162,0.026561731431382195,0.453781512605042,3.09230552556218
発生場所2=学校外運動場・競技場 | 被災学校種=高,競技種目=野球（含軟式）,3,95,0.01557632398753894,0.3877551020408163,3.091396558623449
発生場所1=学校内・校舎内（園内・園舎内） | 競技種目=バスケットボール,場合別2=体育（保健体育）,3,79,0.01295294310542712,0.4514285714285714,3.076271348762969
発生場所2=学校外運動場・競技場,場合別1=課外指導 | 性別=男,3,325,0.05328742416789638,0.8689839572192514,3.075991384260136
発生場所1=学校内・校舎外（園内・園舎外） | 被災学年=6,被災学校種=小,3,102,0.016724053123462864,0.85,3.0748220640569395
発生場所2=道路 | 通学方法=徒歩,被災学校種=小,3,113,0.01852762747991474,0.849624060150376,3.073462125063549
発生場所2=運動場・校庭（園庭） | 被災学年=6,被災学校種=小,3,94,0.015412362682406953,0.8468468468468469,3.0634157288961563
発生場所2=学校外運動場・競技場,場合別1=課外指導 | 被災学校種=高,3,240,0.039350713231677326,0.6417112299465241,3.062438803946675
場合別2=始業前の特定時間中,発生場所1=学校内・校舎内（園内・園舎内） | 被災学校種=小,3,75,0.012297097884899164,0.42857142857142855,3.0607226497156237
場合別2=休憩時間中,性別=男 | 発生場所2=教室（保育室）,3,122,0.02000327922610264,0.22676579925650558,3.0329925650557623
性別=男 | 発生場所2=教室（保育室）,場合別2=休憩時間中,3,122,0.02000327922610264,0.2675438596491228,3.0329925650557623
被災学校種=小,場合別1=休憩時間 | 発生場所2=運動場・校庭（園庭）,3,380,0.06230529595015576,0.22538552787663108,3.014531435349941
場合別1=休憩時間 | 発生場所2=運動場・校庭（園庭）,被災学校種=小,3,380,0.06230529595015576,0.8333333333333334,3.014531435349941
発生場所2=学校外運動場・競技場,和暦=令和 | 場合別2=体育的部活動,3,95,0.01557632398753894,0.2540106951871658,3.008177145527231
発生場所2=廊下,場合別1=休憩時間 | 性別=男,3,185,0.030332841449417936,0.4719387755102041,3.0076850489412066
発生場所2=学校外運動場・競技場,競技種目=野球（含軟式） | 被災学校種=高,3,95,0.01557632398753894,0.2540106951871658,2.996540096608364
競技種目=野球（含軟式）,和暦=平成 | 場合別2=体育的部活動,3,586,0.09608132480734546,0.7660130718954249,2.983342098014174
和暦=平成 | 場合別2=体育的部活動,競技種目=野球（含軟式）,3,586,0.09608132480734546,0.37420178799489145,2.9833420980141736
性別=男 | 発生場所2=廊下,場合別1=休憩時間,3,185,0.030332841449417936,0.6801470588235294,2.9757653599459872
競技種目=野球（含軟式）,場合別2=体育的部活動 | 被災学年=2,3,320,0.05246761764223643,0.41830065359477125,2.973444855797797
場合別2=体育的部活動 | 被災学年=2,競技種目=野球（含軟式）,3,320,0.05246761764223643,0.372960372960373,2.973444855797797
競技種目=バスケットボール,場合別1=各教科等 | 発生場所1=学校内・校舎内（園内・園舎内）,3,79,0.01295294310542712,0.33905579399141633,2.9668598099765395
発生場所2=廊下 | 被災学校種=中,場合別1=休憩時間,3,105,0.01721593703885883,0.6774193548387096,2.9638311658258893
発生場所1=学校内・校舎内（園内・園舎内） | 給付年度=1,発生場所2=体育館・屋内運動場,3,64,0.010493523528447287,0.48854961832061067,2.958951461904076
発生場所1=学校内・校舎内（園内・園舎内） | 給付年度=30,発生場所2=体育館・屋内運動場,3,76,0.012461059190031152,0.48717948717948717,2.9506531204644415
和暦=平成 | 発生場所2=廊下,場合別1=休憩時間,3,214,0.03508771929824561,0.6729559748427673,2.944303077880945
発生場所2=教室（保育室）,発生場所1=学校内・校舎内（園内・園舎内） | 被災学校種=小,3,289,0.04738481718314478,0.4122681883024251,2.944290023953736
発生場所1=学校内・校舎内（園内・園舎内） | 被災学校種=小,発生場所2=教室（保育室）,3,289,0.04738481718314478,0.33840749414519905,2.944290023953736
発生場所2=体育館・屋内運動場,場合別2=体育（保健体育）,2,434,0.07115920642728316,0.43098311817279045,2.936945293559608
場合別2=体育（保健体育）,発生場所2=体育館・屋内運動場,2,434,0.07115920642728316,0.4849162011173184,2.936945293559608
発生場所2=体育館・屋内運動場,場合別1=各教科等 | 場合別2=体育（保健体育）,3,434,0.07115920642728316,0.43098311817279045,2.936945293559608
場合別1=各教科等 | 場合別2=体育（保健体育）,発生場所2=体育館・屋内運動場,3,434,0.07115920642728316,0.4849162011173184,2.936945293559608
場合別2=体育（保健体育）,発生場所1=学校内・校舎内（園内・園舎内） | 発生場所2=体育館・屋内運動場,3,434,0.07115920642728316,0.4849162011173184,2.936945293559608
発生場所1=学校内・校舎内（園内・園舎内） | 発生場所2=体育館・屋内運動場,場合別2=体育（保健体育）,3,434,0.07115920642728316,0.43098311817279045,2.936945293559608
被災学校種=小,場合別1=休憩時間 | 発生場所1=学校内・校舎外（園内・園舎外）,3,403,0.0660764059681915,0.23902728351126928,2.933254330251975
場合別1=休憩時間 | 発生場所1=学校内・校舎外（園内・園舎外）,被災学校種=小,3,403,0.0660764059681915,0.8108651911468813,2.9332543302519745
競技種目=サッカー・フットサル,場合別1=各教科等 | 発生場所1=学校内・校舎外（園内・園舎外）,3,97,0.01590424659780292,0.2293144208037825,2.9320516823527663
場合別1=各教科等 | 発生場所1=学校内・校舎外（園内・園舎外）,競技種目=サッカー・フットサル,3,97,0.01590424659780292,0.20335429769392033,2.9320516823527663
競技種目=テニス（含ソフトテニス）,和暦=平成 | 場合別2=体育的部活動,3,70,0.011477291359239219,0.7526881720430108,2.931446463148354
発生場所2=廊下,和暦=平成 | 場合別1=休憩時間,3,214,0.03508771929824561,0.5459183673469388,2.930947290888186
場合別2=体育的部活動,場合別1=課外指導 | 競技種目=野球（含軟式）,3,761,0.12477455320544352,0.3656895723209995,2.9308024987986543
場合別1=課外指導 | 競技種目=野球（含軟式）,場合別2=体育的部活動,3,761,0.12477455320544352,1.0,2.9308024987986543
場合別1=課外指導 | 競技種目=サッカー・フットサル,場合別2=体育的部活動,3,295,0.04836858501393671,1.0,2.9308024987986543
和暦=令和 | 競技種目=野球（含軟式）,場合別2=体育的部活動,3,175,0.02869322839809805,1.0,2.9308024987986543
場合別1=課外指導 | 競技種目=バスケットボール,場合別2=体育的部活動,3,142,0.023282505328742417,1.0,2.9308024987986543
場合別1=課外指導 | 競技種目=バレーボール,場合別2=体育的部活動,3,93,0.015248401377274963,1.0,2.9308024987986543
場合別1=課外指導 | 競技種目=柔道,場合別2=体育的部活動,3,92,0.015084440072142975,1.0,2.9308024987986543
場合別1=課外指導 | 競技種目=ラグビー,場合別2=体育的部活動,3,89,0.014592556156747007,1.0,2.9308024987986543
場合別1=課外指導 | 競技種目=テニス（含ソフトテニス）,場合別2=体育的部活動,3,85,0.013936710936219052,1.0,2.9308024987986543
場合別1=課外指導 | 競技種目=バドミントン,場合別2=体育的部活動,3,82,0.013444827020823086,1.0,2.9308024987986543
場合別1=課外指導 | 競技種目=ソフトボール,場合別2=体育的部活動,3,67,0.010985407443843253,1.0,2.9308024987986543
発生場所2=廊下,場合別1=休憩時間,2,262,0.04295786194458108,0.6683673469387755,2.9242270078763215
発生場所1=学校内・校舎内（園内・園舎内） | 発生場所2=廊下,場合別1=休憩時間,3,262,0.04295786194458108,0.6683673469387755,2.9242270078763215
場合別1=課外指導 | 発生場所2=学校外運動場・競技場,場合別2=体育的部活動,3,360,0.05902606984751599,0.997229916897507,2.9226839323199876
競技種目=野球（含軟式） | 被災学年=2,場合別2=体育的部活動,3,320,0.05246761764223643,0.9968847352024922,2.921672272945699
競技種目=野球（含軟式） | 被災学年=1,場合別2=体育的部活動,3,302,0.04951631414986063,0.9966996699669967,2.921129883291068
発生場所2=その他,和暦=平成 | 発生場所1=学校外（園外）,3,132,0.02164289227742253,0.4125,2.918604988399072
競技種目=野球（含軟式） | 被災学校種=中,場合別2=体育的部活動,3,239,0.03918675192654533,0.9958333333333333,2.9185908217203265
競技種目=野球（含軟式）,場合別2=体育的部活動 | 被災学年=1,3,302,0.04951631414986063,0.39477124183006534,2.918436125965538
場合別2=体育的部活動 | 被災学年=1,競技種目=野球（含軟式）,3,302,0.04951631414986063,0.3660606060606061,2.918436125965538
場合別2=体育（保健体育） | 被災学年=1,発生場所2=体育館・屋内運動場,3,92,0.015084440072142975,0.4816753926701571,2.9173170008890645
場合別2=体育的部活動,場合別1=課外指導 | 発生場所2=体育館・屋内運動場,3,423,0.06935563207083129,0.20326765977895242,2.917010487039602
場合別1=課外指導 | 発生場所2=体育館・屋内運動場,場合別2=体育的部活動,3,423,0.06935563207083129,0.9952941176470588,2.9170104870396014
場合別2=体育的部活動 | 被災学年=3,競技種目=野球（含軟式）,3,135,0.022134776192818496,0.36585365853658536,2.916786226685796
発生場所2=教室（保育室） | 被災学校種=中,場合別1=休憩時間,3,116,0.019019511395310707,0.6666666666666666,2.916786226685796
場合別2=体育的部活動,競技種目=野球（含軟式）,2,761,0.12477455320544352,0.3656895723209995,2.915478041288596
競技種目=野球（含軟式）,場合別2=体育的部活動,2,761,0.12477455320544352,0.9947712418300654,2.915478041288596
競技種目=野球（含軟式）,場合別1=課外指導 | 場合別2=体育的部活動,3,761,0.12477455320544352,0.9947712418300654,2.915478041288596
場合別1=課外指導 | 場合別2=体育的部活動,競技種目=野球（含軟式）,3,761,0.12477455320544352,0.3656895723209995,2.915478041288596
場合別2=体育的部活動,発生場所1=学校内・校舎外（園内・園舎外） | 競技種目=野球（含軟式）,3,560,0.09181833087391375,0.2691013935607881,2.9151854339737953
発生場所1=学校内・校舎外（園内・園舎外） | 競技種目=野球（含軟式）,場合別2=体育的部活動,3,560,0.09181833087391375,0.9946714031971581,2.915185433973795
場合別2=体育的部活動,発生場所2=運動場・校庭（園庭） | 競技種目=野球（含軟式）,3,557,0.09132644695851778,0.2676597789524267,2.915101771126519
発生場所2=運動場・校庭（園庭） | 競技種目=野球（含軟式）,場合別2=体育的部活動,3,557,0.09132644695851778,0.9946428571428572,2.9151017711265186
場合別2=体育的部活動,性別=男 | 競技種目=野球（含軟式）,3,732,0.12001967535661584,0.351753964440173,2.9148742243486616
性別=男 | 競技種目=野球（含軟式）,場合別2=体育的部活動,3,732,0.12001967535661584,0.9945652173913043,2.9148742243486616
場合別2=体育的部活動,競技種目=野球（含軟式） | 被災学校種=高,3,514,0.08427611083784227,0.2469966362325805,2.9137959078965348
競技種目=野球（含軟式） | 被災学校種=高,場合別2=体育的部活動,3,514,0.08427611083784227,0.9941972920696325,2.9137959078965343
発生場所1=学校外（園外） | 競技種目=野球（含軟式）,場合別2=体育的部活動,3,166,0.027217576651910148,0.9940119760479041,2.9132527832369854
発生場所2=学校外運動場・競技場 | 競技種目=野球（含軟式）,場合別2=体育的部活動,3,153,0.025086079685194294,0.9935064935064936,2.91177131374152
場合別2=体育的部活動,和暦=平成 | 競技種目=野球（含軟式）,3,586,0.09608132480734546,0.28159538683325325,2.9109326513491722
和暦=平成 | 競技種目=野球（含軟式）,場合別2=体育的部活動,3,586,0.09608132480734546,0.9932203389830508,2.910932651349172
場合別2=体育的部活動,場合別1=課外指導 | 発生場所2=運動場・校庭（園庭）,3,997,0.1634694212165929,0.4790965881787602,2.9103686168349188
場合別1=課外指導 | 発生場所2=運動場・校庭（園庭）,場合別2=体育的部活動,3,997,0.1634694212165929,0.9930278884462151,2.9103686168349188
競技種目=ラグビー,和暦=平成 | 場合別2=体育的部活動,3,68,0.011149368748975241,0.7472527472527473,2.9102774620016
発生場所2=体育館・屋内運動場 | 被災学校種=中,場合別2=体育（保健体育）,3,161,0.026397770126250206,0.4270557029177719,2.910181823570381
発生場所2=学校外運動場・競技場,和暦=令和 | 場合別1=課外指導,3,96,0.01574028529267093,0.25668449197860965,2.909886090292826
場合別1=課外指導 | 給付年度=27,場合別2=体育的部活動,3,134,0.021970814887686506,0.9925925925925926,2.909092850659405
場合別1=課外指導 | 発生場所2=学校外体育館,場合別2=体育的部活動,3,127,0.020823085751762584,0.9921875,2.90790560427679
被災学年=6,性別=女 | 被災学校種=小,3,124,0.02033120183636662,0.3229166666666667,2.9048211651917404
発生場所2=体育館・屋内運動場 | 被災学年=3,場合別1=各教科等,3,129,0.02115100836202656,0.583710407239819,2.903792637647354
発生場所1=学校外（園外） | 競技種目=サッカー・フットサル,場合別2=体育的部活動,3,106,0.01737989834399082,0.9906542056074766,2.9034118212397884
発生場所2=学校外運動場・競技場 | 競技種目=サッカー・フットサル,場合別2=体育的部活動,3,100,0.016396130513198885,0.9900990099009901,2.901784652275895
場合別1=保育中 | 性別=女,発生場所2=教室（保育室）,3,62,0.01016560091818331,0.3333333333333333,2.9001426533523533
競技種目=野球（含軟式）,場合別1=課外指導 | 被災学年=2,3,320,0.05246761764223643,0.41830065359477125,2.895818032093655
場合別1=課外指導 | 被災学年=2,競技種目=野球（含軟式）,3,320,0.05246761764223643,0.36322360953461974,2.8958180320936546
競技種目=ラグビー | 被災学校種=高,場合別2=体育的部活動,3,80,0.013116904410559108,0.9876543209876543,2.8946197518999055
発生場所1=学校内・校舎内（園内・園舎内） | 被災学校種=小,場合別2=休憩時間中,3,218,0.03574356451877357,0.25526932084309134,2.8938431000409186
場合別2=休憩時間中,発生場所1=学校内・校舎内（園内・園舎内） | 被災学校種=小,3,218,0.03574356451877357,0.4052044609665427,2.8938431000409177
競技種目=野球（含軟式） | 被災学年=3,場合別2=体育的部活動,3,135,0.022134776192818496,0.9854014598540146,2.8880170608599878
場合別2=体育的部活動,場合別1=課外指導 | 発生場所1=学校内・校舎外（園内・園舎外）,3,1032,0.16920806689621248,0.49591542527630944,2.8833061761298486
場合別1=課外指導 | 発生場所1=学校内・校舎外（園内・園舎外）,場合別2=体育的部活動,3,1032,0.16920806689621248,0.9837940896091516,2.8833061761298486
場合別1=課外指導 | 給付年度=28,場合別2=体育的部活動,3,121,0.019839317920970653,0.983739837398374,2.8831471736149363
競技種目=野球（含軟式）,和暦=平成 | 場合別1=課外指導,3,586,0.09608132480734546,0.7660130718954249,2.88211827605811
和暦=平成 | 場合別1=課外指導,競技種目=野球（含軟式）,3,586,0.09608132480734546,0.36150524367674275,2.8821182760581094
発生場所2=廊下,発生場所1=学校内・校舎内（園内・園舎内） | 被災学校種=中,3,155,0.02541400229545827,0.39540816326530615,2.8777975987531055
場合別2=体育的部活動,場合別1=課外指導 | 性別=男,3,1688,0.27676668306279717,0.8111484863046612,2.871267915247898
場合別1=課外指導 | 性別=男,場合別2=体育的部活動,3,1688,0.27676668306279717,0.97968659315148,2.871267915247898
発生場所2=学校外運動場・競技場 | 被災学校種=高,場合別2=体育的部活動,3,240,0.039350713231677326,0.9795918367346939,2.870990202904804
場合別1=課外指導 | 給付年度=24,場合別2=体育的部活動,3,96,0.01574028529267093,0.9795918367346939,2.870990202904804
場合別1=課外指導 | 給付年度=5,場合別2=体育的部活動,3,95,0.01557632398753894,0.979381443298969,2.870373581297651
競技種目=ラグビー,場合別2=体育的部活動,2,89,0.014592556156747007,0.978021978021978,2.8663892570668157
競技種目=ラグビー,場合別1=課外指導 | 場合別2=体育的部活動,3,89,0.014592556156747007,0.978021978021978,2.8663892570668157
場合別1=保育中,性別=男 | 発生場所2=教室（保育室）,3,81,0.013280865715691098,0.21428571428571427,2.866071428571429
性別=男 | 発生場所2=学校外体育館,場合別2=体育的部活動,3,87,0.01426463354648303,0.9775280898876404,2.864941768488572
性別=男 | 競技種目=ラグビー,場合別2=体育的部活動,3,87,0.01426463354648303,0.9775280898876404,2.864941768488572
場合別2=体育（保健体育） | 被災学校種=高,発生場所2=体育館・屋内運動場,3,157,0.02574192490572225,0.47289156626506024,2.8641168447374405
場合別2=体育的部活動,場合別1=課外指導 | 被災学校種=高,3,1247,0.2044597474995901,0.5992311388755406,2.8597110453849157
場合別1=課外指導 | 被災学校種=高,場合別2=体育的部活動,3,1247,0.2044597474995901,0.9757433489827856,2.8597110453849153
場合別2=体育的部活動,場合別1=課外指導 | 被災学年=1,3,825,0.1352680767338908,0.3964440172993753,2.8580520821618083
場合別1=課外指導 | 被災学年=1,場合別2=体育的部活動,3,825,0.1352680767338908,0.975177304964539,2.8580520821618083
発生場所2=学校外運動場・競技場 | 被災学年=1,場合別2=体育的部活動,3,114,0.018691588785046728,0.9743589743589743,2.8556537167781757
場合別1=課外指導 | 給付年度=4,場合別2=体育的部活動,3,76,0.012461059190031152,0.9743589743589743,2.8556537167781757
場合別2=体育的部活動,場合別1=課外指導 | 発生場所1=学校外（園外）,3,561,0.09198229217904574,0.2695819317635752,2.854479517059106
場合別1=課外指導 | 発生場所1=学校外（園外）,場合別2=体育的部活動,3,561,0.09198229217904574,0.9739583333333334,2.854479517059106
場合別2=体育的部活動,場合別1=課外指導 | 被災学年=2,3,858,0.14067879980324643,0.4123017779913503,2.854288926185296
場合別1=課外指導 | 被災学年=2,場合別2=体育的部活動,3,858,0.14067879980324643,0.9738933030646992,2.8542889261852955
発生場所2=学校外運動場・競技場 | 被災学年=2,場合別2=体育的部活動,3,149,0.02443023446466634,0.9738562091503268,2.8541802112483627
和暦=平成 | 発生場所2=体育館・屋内運動場,場合別2=体育（保健体育）,3,306,0.05017215937038859,0.4186046511627907,2.8525919189294533
場合別2=体育（保健体育）,和暦=平成 | 発生場所2=体育館・屋内運動場,3,306,0.05017215937038859,0.3418994413407821,2.852591918929453
場合別1=課外指導 | 給付年度=22,場合別2=体育的部活動,3,109,0.017871782259386786,0.9732142857142857,2.852298860437976
場合別2=昼食時休憩時間中 | 発生場所1=学校内・校舎内（園内・園舎内）,発生場所2=教室（保育室）,3,79,0.01295294310542712,0.3278008298755187,2.8520075055788707
場合別2=体育（保健体育）,性別=男 | 発生場所2=体育館・屋内運動場,3,272,0.044597474995900964,0.3039106145251397,2.8516166738289646
性別=男 | 発生場所2=体育館・屋内運動場,場合別2=体育（保健体育）,3,272,0.044597474995900964,0.41846153846153844,2.851616673828964
場合別2=体育的部活動,場合別1=課外指導 | 被災学校種=中,3,792,0.12985735366453516,0.3805862566074003,2.851591620452745
場合別1=課外指導 | 被災学校種=中,場合別2=体育的部活動,3,792,0.12985735366453516,0.972972972972973,2.8515916204527447
発生場所1=学校内・校舎内（園内・園舎内） | 給付年度=2,発生場所2=体育館・屋内運動場,3,63,0.010329562223315297,0.4701492537313433,2.8475077442973813
和暦=平成 | 競技種目=ラグビー,場合別2=体育的部活動,3,68,0.011149368748975241,0.9714285714285714,2.847065284547264
競技種目=野球（含軟式）,場合別1=課外指導 | 被災学年=1,3,302,0.04951631414986063,0.39477124183006534,2.8459926760302228
場合別1=課外指導 | 被災学年=1,競技種目=野球（含軟式）,3,302,0.04951631414986063,0.35697399527186763,2.8459926760302228
発生場所2=体育館・屋内運動場,和暦=平成 | 場合別2=体育（保健体育）,3,306,0.05017215937038859,0.3038728897715988,2.8425164949646953
和暦=平成 | 場合別2=体育（保健体育）,発生場所2=体育館・屋内運動場,3,306,0.05017215937038859,0.46932515337423314,2.8425164949646953
場合別1=休憩時間,発生場所2=運動場・校庭（園庭） | 被災学校種=小,3,380,0.06230529595015576,0.27259684361549497,2.8419968362579553
発生場所2=運動場・校庭（園庭） | 被災学校種=小,場合別1=休憩時間,3,380,0.06230529595015576,0.6495726495726496,2.8419968362579553
場合別1=課外指導 | 給付年度=17,場合別2=体育的部活動,3,95,0.01557632398753894,0.9693877551020408,2.841084054957879
場合別1=課外指導 | 給付年度=29,場合別2=体育的部活動,3,126,0.020659124446630595,0.9692307692307692,2.84062396037408
競技種目=野球（含軟式）,発生場所2=運動場・校庭（園庭） | 被災学年=1,3,234,0.038366945400885394,0.3058823529411765,2.8395380069836156
発生場所2=運動場・校庭（園庭） | 被災学年=1,競技種目=野球（含軟式）,3,234,0.038366945400885394,0.3561643835616438,2.839538006983615
場合別2=休憩時間中 | 性別=男,発生場所2=教室（保育室）,3,122,0.02000327922610264,0.32620320855614976,2.8381075163822502
場合別1=課外指導 | 給付年度=26,場合別2=体育的部活動,3,122,0.02000327922610264,0.9682539682539683,2.837761149630443
和暦=平成 | 発生場所2=学校外運動場・競技場,場合別2=体育的部活動,3,265,0.043449745859977046,0.9671532846715328,2.8345352634366545
競技種目=テニス（含ソフトテニス）,和暦=平成 | 場合別1=課外指導,3,70,0.011477291359239219,0.7526881720430108,2.83198344311556
発生場所2=学校外運動場・競技場,場合別2=体育的部活動 | 被災学年=2,3,149,0.02443023446466634,0.3983957219251337,2.8319528065517368
場合別2=体育的部活動,和暦=平成 | 場合別1=課外指導,3,1566,0.25676340383669455,0.7525228255646323,2.8313613282656958
和暦=平成 | 場合別1=課外指導,場合別2=体育的部活動,3,1566,0.25676340383669455,0.9660703269586675,2.8313613282656953
性別=男 | 発生場所2=学校外運動場・競技場,場合別2=体育的部活動,3,325,0.05328742416789638,0.9643916913946587,2.8264415789601265
場合別2=体育的部活動,場合別1=課外指導,2,2081,0.3412034759796688,1.0,2.8249189439555353
場合別2=体育的部活動 | 性別=男,場合別1=課外指導,3,1688,0.27676668306279717,1.0,2.8249189439555353
和暦=平成 | 場合別2=体育的部活動,場合別1=課外指導,3,1566,0.25676340383669455,1.0,2.8249189439555353
場合別2=体育的部活動 | 被災学校種=高,場合別1=課外指導,3,1247,0.2044597474995901,1.0,2.8249189439555353
場合別2=体育的部活動 | 発生場所1=学校内・校舎外（園内・園舎外）,場合別1=課外指導,3,1032,0.16920806689621248,1.0,2.8249189439555353
場合別2=体育的部活動 | 発生場所2=運動場・校庭（園庭）,場合別1=課外指導,3,997,0.1634694212165929,1.0,2.8249189439555353
場合別2=体育的部活動 | 被災学年=2,場合別1=課外指導,3,858,0.14067879980324643,1.0,2.8249189439555353
場合別2=体育的部活動 | 被災学年=1,場合別1=課外指導,3,825,0.1352680767338908,1.0,2.8249189439555353
場合別1=課外指導,場合別2=体育的部活動 | 被災学校種=中,3,792,0.12985735366453516,0.3668364983788791,2.8249189439555353
場合別2=体育的部活動 | 被災学校種=中,場合別1=課外指導,3,792,0.12985735366453516,1.0,2.8249189439555353
場合別2=体育的部活動 | 競技種目=野球（含軟式）,場合別1=課外指導,3,761,0.12477455320544352,1.0,2.8249189439555353
場合別2=体育的部活動 | 発生場所1=学校外（園外）,場合別1=課外指導,3,561,0.09198229217904574,1.0,2.8249189439555353
和暦=令和 | 場合別2=体育的部活動,場合別1=課外指導,3,515,0.08444007214297426,1.0,2.8249189439555353
場合別2=体育的部活動 | 発生場所1=学校内・校舎内（園内・園舎内）,場合別1=課外指導,3,488,0.08001311690441056,1.0,2.8249189439555353
場合別2=体育的部活動 | 発生場所2=体育館・屋内運動場,場合別1=課外指導,3,423,0.06935563207083129,1.0,2.8249189439555353
場合別2=体育的部活動 | 性別=女,場合別1=課外指導,3,393,0.06443679291687161,1.0,2.8249189439555353
場合別2=体育的部活動 | 被災学年=3,場合別1=課外指導,3,369,0.060501721593703886,1.0,2.8249189439555353
場合別2=体育的部活動 | 発生場所2=学校外運動場・競技場,場合別1=課外指導,3,360,0.05902606984751599,1.0,2.8249189439555353
場合別2=体育的部活動 | 競技種目=サッカー・フットサル,場合別1=課外指導,3,295,0.04836858501393671,1.0,2.8249189439555353
和暦=令和 | 競技種目=野球（含軟式）,場合別1=課外指導,3,175,0.02869322839809805,1.0,2.8249189439555353
場合別2=体育的部活動 | 競技種目=バスケットボール,場合別1=課外指導,3,142,0.023282505328742417,1.0,2.8249189439555353
場合別2=体育的部活動 | 給付年度=27,場合別1=課外指導,3,134,0.021970814887686506,1.0,2.8249189439555353
場合別2=体育的部活動 | 給付年度=2,場合別1=課外指導,3,133,0.021806853582554516,1.0,2.8249189439555353
場合別2=体育的部活動 | 発生場所2=学校外体育館,場合別1=課外指導,3,127,0.020823085751762584,1.0,2.8249189439555353
場合別2=体育的部活動 | 給付年度=29,場合別1=課外指導,3,126,0.020659124446630595,1.0,2.8249189439555353
場合別2=体育的部活動 | 給付年度=30,場合別1=課外指導,3,124,0.02033120183636662,1.0,2.8249189439555353
場合別2=体育的部活動 | 給付年度=26,場合別1=課外指導,3,122,0.02000327922610264,1.0,2.8249189439555353
場合別2=体育的部活動 | 給付年度=28,場合別1=課外指導,3,121,0.019839317920970653,1.0,2.8249189439555353
場合別2=体育的部活動 | 給付年度=21,場合別1=課外指導,3,119,0.019511395310706673,1.0,2.8249189439555353
場合別2=体育的部活動 | 給付年度=1,場合別1=課外指導,3,115,0.018855550090178717,1.0,2.8249189439555353
場合別2=体育的部活動 | 給付年度=18,場合別1=課外指導,3,111,0.01819970486965076,1.0,2.8249189439555353
場合別2=体育的部活動 | 給付年度=22,場合別1=課外指導,3,109,0.017871782259386786,1.0,2.8249189439555353
場合別2=体育的部活動 | 給付年度=19,場合別1=課外指導,3,106,0.01737989834399082,1.0,2.8249189439555353
場合別2=体育的部活動 | 給付年度=25,場合別1=課外指導,3,105,0.01721593703885883,1.0,2.8249189439555353
場合別2=体育的部活動 | 給付年度=20,場合別1=課外指導,3,101,0.016560091818330874,1.0,2.8249189439555353
場合別2=体育的部活動 | 給付年度=23,場合別1=課外指導,3,97,0.01590424659780292,1.0,2.8249189439555353
場合別2=体育的部活動 | 給付年度=24,場合別1=課外指導,3,96,0.01574028529267093,1.0,2.8249189439555353
場合別2=体育的部活動 | 給付年度=3,場合別1=課外指導,3,96,0.01574028529267093,1.0,2.8249189439555353
場合別2=体育的部活動 | 給付年度=17,場合別1=課外指導,3,95,0.01557632398753894,1.0,2.8249189439555353
場合別2=体育的部活動 | 給付年度=5,場合別1=課外指導,3,95,0.01557632398753894,1.0,2.8249189439555353
場合別2=体育的部活動 | 競技種目=バレーボール,場合別1=課外指導,3,93,0.015248401377274963,1.0,2.8249189439555353
場合別2=体育的部活動 | 競技種目=柔道,場合別1=課外指導,3,92,0.015084440072142975,1.0,2.8249189439555353
場合別2=体育的部活動 | 競技種目=ラグビー,場合別1=課外指導,3,89,0.014592556156747007,1.0,2.8249189439555353
場合別2=体育的部活動 | 競技種目=テニス（含ソフトテニス）,場合別1=課外指導,3,85,0.013936710936219052,1.0,2.8249189439555353
場合別2=体育的部活動 | 競技種目=バドミントン,場合別1=課外指導,3,82,0.013444827020823086,1.0,2.8249189439555353
場合別2=体育的部活動 | 給付年度=4,場合別1=課外指導,3,76,0.012461059190031152,1.0,2.8249189439555353
場合別2=体育的部活動 | 競技種目=ソフトボール,場合別1=課外指導,3,67,0.010985407443843253,1.0,2.8249189439555353
場合別2=運動会・体育祭 | 発生場所1=学校内・校舎外（園内・園舎外）,発生場所2=運動場・校庭（園庭）,3,62,0.01016560091818331,1.0,2.8249189439555353
場合別2=体育的部活動 | 発生場所2=その他,場合別1=課外指導,3,62,0.01016560091818331,1.0,2.8249189439555353
場合別1=課外指導,場合別2=体育的部活動,2,2081,0.3412034759796688,0.9638721630384437,2.824918943955535
場合別1=課外指導,場合別2=体育的部活動 | 性別=男,3,1688,0.27676668306279717,0.7818434460398332,2.824918943955535
場合別1=課外指導,和暦=平成 | 場合別2=体育的部活動,3,1566,0.25676340383669455,0.7253358036127837,2.824918943955535
場合別1=課外指導,場合別2=体育的部活動 | 被災学校種=高,3,1247,0.2044597474995901,0.5775822139879574,2.824918943955535
場合別1=課外指導,場合別2=体育的部活動 | 発生場所1=学校内・校舎外（園内・園舎外）,3,1032,0.16920806689621248,0.4779990736452061,2.824918943955535
場合別1=課外指導,場合別2=体育的部活動 | 発生場所2=運動場・校庭（園庭）,3,997,0.1634694212165929,0.4617878647522001,2.824918943955535
場合別1=課外指導,場合別2=体育的部活動 | 被災学年=2,3,858,0.14067879980324643,0.39740620657711906,2.824918943955535
場合別1=課外指導,場合別2=体育的部活動 | 被災学年=1,3,825,0.1352680767338908,0.38212135247799905,2.824918943955535
場合別1=課外指導,場合別2=体育的部活動 | 競技種目=野球（含軟式）,3,761,0.12477455320544352,0.3524779990736452,2.824918943955535
場合別1=課外指導,場合別2=体育的部活動 | 発生場所1=学校外（園外）,3,561,0.09198229217904574,0.25984251968503935,2.824918943955535
場合別1=課外指導,和暦=令和 | 場合別2=体育的部活動,3,515,0.08444007214297426,0.23853635942566004,2.824918943955535
場合別1=課外指導,場合別2=体育的部活動 | 発生場所1=学校内・校舎内（園内・園舎内）,3,488,0.08001311690441056,0.22603056970819824,2.824918943955535
場合別1=課外指導 | 給付年度=25,場合別2=体育的部活動,3,105,0.01721593703885883,0.963302752293578,2.8232501135216395
被災学年=5,性別=男 | 被災学校種=小,3,188,0.030824725364813906,0.4665012406947891,2.8226101855134114
発生場所2=学校外運動場・競技場,場合別2=体育的部活動,2,360,0.05902606984751599,0.9625668449197861,2.821093314351646
発生場所2=学校外運動場・競技場,場合別1=課外指導 | 場合別2=体育的部活動,3,360,0.05902606984751599,0.9625668449197861,2.821093314351646
発生場所1=学校外（園外） | 発生場所2=学校外運動場・競技場,場合別2=体育的部活動,3,360,0.05902606984751599,0.9625668449197861,2.821093314351646
場合別1=課外指導 | 給付年度=20,場合別2=体育的部活動,3,101,0.016560091818330874,0.9619047619047619,2.8191528797968006
場合別1=課外指導 | 給付年度=30,場合別2=体育的部活動,3,124,0.02033120183636662,0.9612403100775194,2.8172055027211873
競技種目=野球（含軟式） | 被災学年=2,場合別1=課外指導,3,320,0.05246761764223643,0.9968847352024922,2.8161185734136174
競技種目=野球（含軟式） | 被災学年=1,場合別1=課外指導,3,302,0.04951631414986063,0.9966996699669967,2.8155957791239987
場合別1=課外指導 | 給付年度=23,場合別2=体育的部活動,3,97,0.01590424659780292,0.9603960396039604,2.8147311127076184
競技種目=野球（含軟式） | 被災学校種=中,場合別1=課外指導,3,239,0.03918675192654533,0.9958333333333333,2.8131484483557205
競技種目=ラグビー,和暦=平成 | 場合別1=課外指導,3,68,0.011149368748975241,0.7472527472527473,2.8115326992563268
和暦=平成 | 競技種目=テニス（含ソフトテニス）,場合別2=体育的部活動,3,70,0.011477291359239219,0.958904109589041,2.81035856049186
競技種目=野球（含軟式）,場合別1=課外指導,2,761,0.12477455320544352,0.9947712418300654,2.8101481259479244
場合別1=課外指導,競技種目=野球（含軟式）,2,761,0.12477455320544352,0.3524779990736452,2.810148125947924
場合別1=課外指導,発生場所1=学校内・校舎外（園内・園舎外） | 競技種目=野球（含軟式）,3,560,0.09181833087391375,0.25937934228809634,2.8098660899024863
発生場所1=学校内・校舎外（園内・園舎外） | 競技種目=野球（含軟式）,場合別1=課外指導,3,560,0.09181833087391375,0.9946714031971581,2.809866089902486
発生場所2=運動場・校庭（園庭） | 競技種目=野球（含軟式）,場合別1=課外指導,3,557,0.09132644695851778,0.9946428571428572,2.8097854496129164
場合別1=課外指導,発生場所2=運動場・校庭（園庭） | 競技種目=野球（含軟式）,3,557,0.09132644695851778,0.25798981009726724,2.809785449612916
発生場所2=学校外運動場・競技場 | 被災学校種=中,場合別2=体育的部活動,3,116,0.019019511395310707,0.9586776859504132,2.809694957525983
性別=男 | 競技種目=野球（含軟式）,場合別1=課外指導,3,732,0.12001967535661584,0.9945652173913043,2.8095661236079508
場合別1=課外指導,性別=男 | 競技種目=野球（含軟式）,3,732,0.12001967535661584,0.33904585456229736,2.8095661236079503
場合別1=課外指導 | 被災学年=3,場合別2=体育的部活動,3,369,0.060501721593703886,0.9584415584415584,2.809002914432996
場合別1=課外指導,競技種目=野球（含軟式） | 被災学校種=高,3,514,0.08427611083784227,0.238073182028717,2.808526764396799
競技種目=野球（含軟式） | 被災学校種=高,場合別1=課外指導,3,514,0.08427611083784227,0.9941972920696325,2.808526764396799
発生場所1=学校外（園外） | 競技種目=野球（含軟式）,場合別1=課外指導,3,166,0.027217576651910148,0.9940119760479041,2.8080032616564
性別=女 | 発生場所2=廊下,場合別1=休憩時間,3,77,0.012625020495163142,0.6416666666666667,2.807406743185079
発生場所2=学校外運動場・競技場 | 競技種目=野球（含軟式）,場合別1=課外指導,3,153,0.025086079685194294,0.9935064935064936,2.8065753144493306
場合別1=課外指導,和暦=平成 | 競技種目=野球（含軟式）,3,586,0.09608132480734546,0.2714219546086151,2.805766951115159
和暦=平成 | 競技種目=野球（含軟式）,場合別1=課外指導,3,586,0.09608132480734546,0.9932203389830508,2.8057669511151584
発生場所1=学校内・校舎外（園内・園舎外） | 競技種目=サッカー・フットサル,発生場所2=運動場・校庭（園庭）,3,293,0.04804066240367273,0.9932203389830508,2.8057669511151584
場合別2=体育的部活動,和暦=令和 | 場合別1=課外指導,3,515,0.08444007214297426,0.24747717443536763,2.8055079681808683
和暦=令和 | 場合別1=課外指導,場合別2=体育的部活動,3,515,0.08444007214297426,0.9572490706319703,2.805507968180868
発生場所2=学校外体育館 | 被災学校種=高,場合別2=体育的部活動,3,67,0.010985407443843253,0.9571428571428572,2.805196677421569
場合別1=課外指導 | 給付年度=18,場合別2=体育的部活動,3,111,0.01819970486965076,0.9568965517241379,2.804474804884919
発生場所1=学校内・校舎外（園内・園舎外） | 競技種目=ソフトボール,発生場所2=運動場・校庭（園庭）,3,120,0.019675356615838663,0.9917355371900827,2.8015725064021835
発生場所2=学校外体育館,場合別2=体育的部活動,2,127,0.020823085751762584,0.9548872180451128,2.798585844717512
発生場所2=学校外体育館,場合別1=課外指導 | 場合別2=体育的部活動,3,127,0.020823085751762584,0.9548872180451128,2.798585844717512
発生場所1=学校外（園外） | 発生場所2=学校外体育館,場合別2=体育的部活動,3,127,0.020823085751762584,0.9548872180451128,2.798585844717512
発生場所1=学校外（園外） | 競技種目=サッカー・フットサル,場合別1=課外指導,3,106,0.01737989834399082,0.9906542056074766,2.7985178323297824
発生場所2=学校外運動場・競技場 | 競技種目=サッカー・フットサル,場合別1=課外指導,3,100,0.016396130513198885,0.9900990099009901,2.796949449460926
場合別1=課外指導 | 被災学年=3,競技種目=野球（含軟式）,3,135,0.022134776192818496,0.35064935064935066,2.7955691367456073
場合別2=体育（保健体育） | 被災学年=3,発生場所2=体育館・屋内運動場,3,126,0.020659124446630595,0.46153846153846156,2.795355587808418
場合別2=昼食時休憩時間中 | 発生場所2=運動場・校庭（園庭）,被災学校種=小,3,153,0.025086079685194294,0.7727272727272727,2.7952927855063088
発生場所2=運動場・校庭（園庭）,発生場所1=学校内・校舎外（園内・園舎外） | 競技種目=野球（含軟式）,3,557,0.09132644695851778,0.25798981009726724,2.794813235849437
発生場所1=学校内・校舎外（園内・園舎外） | 競技種目=野球（含軟式）,発生場所2=運動場・校庭（園庭）,3,557,0.09132644695851778,0.9893428063943162,2.794813235849437
競技種目=野球（含軟式）,発生場所2=運動場・校庭（園庭） | 被災学年=2,3,239,0.03918675192654533,0.31241830065359477,2.7938991432350067
発生場所2=運動場・校庭（園庭） | 被災学年=2,競技種目=野球（含軟式）,3,239,0.03918675192654533,0.35043988269794724,2.7938991432350067
場合別1=課外指導 | 給付年度=21,場合別2=体育的部活動,3,119,0.019511395310706673,0.952,2.7901239788563186
競技種目=ラグビー | 被災学校種=高,場合別1=課外指導,3,80,0.013116904410559108,0.9876543209876543,2.7900434014375652
性別=男 | 被災学年=5,被災学校種=小,3,188,0.030824725364813906,0.7704918032786885,2.787206113995683
場合別2=昼食時休憩時間中 | 発生場所1=学校内・校舎外（園内・園舎外）,被災学校種=小,3,161,0.026397770126250206,0.7703349282296651,2.786638628275639
発生場所2=学校外運動場・競技場 | 被災学年=3,場合別2=体育的部活動,3,96,0.01574028529267093,0.9504950495049505,2.7857132661848594
場合別1=課外指導 | 給付年度=3,場合別2=体育的部活動,3,96,0.01574028529267093,0.9504950495049505,2.7857132661848594
場合別1=課外指導 | 給付年度=1,場合別2=体育的部活動,3,115,0.018855550090178717,0.9504132231404959,2.7854734492714486
和暦=令和 | 発生場所2=学校外運動場・競技場,場合別2=体育的部活動,3,95,0.01557632398753894,0.95,2.7842623738587213
競技種目=野球（含軟式） | 被災学年=3,場合別1=課外指導,3,135,0.022134776192818496,0.9854014598540146,2.7836792513430457
発生場所2=体育館・屋内運動場,和暦=令和 | 発生場所1=学校内・校舎内（園内・園舎内）,3,276,0.04525332021642892,0.2740814299900695,2.781402065739491
和暦=令和 | 発生場所1=学校内・校舎内（園内・園舎内）,発生場所2=体育館・屋内運動場,3,276,0.04525332021642892,0.45923460898502494,2.7814020657394907
和暦=平成 | 発生場所2=学校外体育館,場合別2=体育的部活動,3,93,0.015248401377274963,0.9489795918367347,2.7812717590640292
発生場所1=学校内・校舎内（園内・園舎内） | 被災学年=5,被災学校種=小,3,156,0.02557796360059026,0.7684729064039408,2.779902880283295
発生場所2=プール,和暦=平成 | 発生場所1=学校内・校舎外（園内・園舎外）,3,76,0.012461059190031152,0.8260869565217391,2.7759252605102405
発生場所2=学校外運動場・競技場 | 被災学校種=高,場合別1=課外指導,3,240,0.039350713231677326,0.9795918367346939,2.7672675369360342
被災学年=5,発生場所1=学校内・校舎内（園内・園舎内） | 被災学校種=小,3,156,0.02557796360059026,0.3870967741935484,2.7645236836141116
場合別1=課外指導 | 給付年度=2,場合別2=体育的部活動,3,133,0.021806853582554516,0.9432624113475178,2.764515832200149
発生場所2=体育館・屋内運動場,場合別2=体育（保健体育） | 性別=男,3,272,0.044597474995900964,0.2701092353525323,2.764087628213246
場合別2=体育（保健体育） | 性別=男,発生場所2=体育館・屋内運動場,3,272,0.044597474995900964,0.4563758389261745,2.764087628213246
競技種目=ラグビー,場合別1=課外指導,2,89,0.014592556156747007,0.978021978021978,2.7628328133191498
性別=男 | 発生場所2=学校外体育館,場合別1=課外指導,3,87,0.01426463354648303,0.9775280898876404,2.7614376193722645
性別=男 | 競技種目=ラグビー,場合別1=課外指導,3,87,0.01426463354648303,0.9775280898876404,2.7614376193722645
被災学年=4,性別=男 | 被災学校種=小,3,167,0.027381537957042137,0.4562841530054645,2.7607907233931823
発生場所2=学校外運動場・競技場,和暦=平成 | 場合別2=体育的部活動,3,265,0.043449745859977046,0.7085561497326203,2.759568299629151
発生場所2=学校外運動場・競技場,場合別1=課外指導 | 被災学年=2,3,149,0.02443023446466634,0.3983957219251337,2.7580198728960164
発生場所1=学校内・校舎外（園内・園舎外） | 給付年度=21,発生場所2=運動場・校庭（園庭）,3,123,0.02016724053123463,0.9761904761904762,2.757658969099451
発生場所2=体育館・屋内運動場,発生場所1=学校内・校舎内（園内・園舎内） | 被災学年=2,3,345,0.05656665027053615,0.3426017874875869,2.756633643650122
発生場所1=学校内・校舎内（園内・園舎内） | 被災学年=2,発生場所2=体育館・屋内運動場,3,345,0.05656665027053615,0.4551451187335092,2.756633643650122
場合別1=特別活動（除学校行事） | 被災学校種=小,発生場所2=教室（保育室）,3,63,0.010329562223315297,0.3165829145728643,2.7544068416261047
通学方法=徒歩,被災学校種=小,2,121,0.019839317920970653,0.7610062893081762,2.7528928579422103
場合別1=通学中 | 通学方法=徒歩,被災学校種=小,3,121,0.019839317920970653,0.7610062893081762,2.7528928579422103
発生場所1=学校外（園外） | 通学方法=徒歩,被災学校種=小,3,121,0.019839317920970653,0.7610062893081762,2.7528928579422103
発生場所2=学校外運動場・競技場 | 被災学年=1,場合別1=課外指導,3,114,0.018691588785046728,0.9743589743589743,2.752485124879752
発生場所1=学校内・校舎外（園内・園舎外） | 競技種目=テニス（含ソフトテニス）,発生場所2=運動場・校庭（園庭）,3,75,0.012297097884899164,0.974025974025974,2.751544425930716
発生場所2=学校外運動場・競技場 | 被災学年=2,場合別1=課外指導,3,149,0.02443023446466634,0.9738562091503268,2.751064853917482
場合別1=休憩時間,発生場所1=学校内・校舎外（園内・園舎外） | 被災学校種=小,3,403,0.0660764059681915,0.2890961262553802,2.7506977754002557
発生場所1=学校内・校舎外（園内・園舎外） | 被災学校種=小,場合別1=休憩時間,3,403,0.0660764059681915,0.6287051482059283,2.7506977754002557
発生場所2=学校外体育館 | 被災学校種=高,場合別1=課外指導,3,68,0.011149368748975241,0.9714285714285714,2.7442069741282342
和暦=平成 | 競技種目=ラグビー,場合別1=課外指導,3,68,0.011149368748975241,0.9714285714285714,2.7442069741282342
被災学年=1 | 被災学校種=小,場合別1=休憩時間,3,180,0.029513034923757994,0.627177700348432,2.744014917091167
場合別1=各教科等 | 競技種目=ソフトボール,発生場所2=運動場・校庭（園庭）,3,64,0.010493523528447287,0.9696969696969697,2.7393153395932464
場合別2=体育（保健体育） | 競技種目=ソフトボール,発生場所2=運動場・校庭（園庭）,3,64,0.010493523528447287,0.9696969696969697,2.7393153395932464
場合別2=下校（降園）中 | 通学方法=徒歩,被災学校種=小,3,87,0.01426463354648303,0.7565217391304347,2.7366702769611635
通学方法=徒歩,和暦=平成 | 被災学校種=小,3,95,0.01557632398753894,0.5974842767295597,2.73577823106125
場合別1=保育中 | 発生場所1=学校内・校舎外（園内・園舎外）,発生場所2=運動場・校庭（園庭）,3,119,0.019511395310706673,0.967479674796748,2.7330516612252738
和暦=平成 | 発生場所2=学校外運動場・競技場,場合別1=課外指導,3,265,0.043449745859977046,0.9671532846715328,2.7321296355774334
発生場所2=学校外運動場・競技場,場合別1=課外指導,2,361,0.059190031152647975,0.9652406417112299,2.7267265742458506
発生場所1=学校外（園外） | 発生場所2=学校外運動場・競技場,場合別1=課外指導,3,361,0.059190031152647975,0.9652406417112299,2.7267265742458506
発生場所1=学校内・校舎内（園内・園舎内） | 給付年度=28,発生場所2=体育館・屋内運動場,3,63,0.010329562223315297,0.45,2.725471698113208
場合別1=課外指導 | 給付年度=19,場合別2=体育的部活動,3,106,0.01737989834399082,0.9298245614035088,2.725132148005766
発生場所2=体育館・屋内運動場,発生場所1=学校内・校舎内（園内・園舎内） | 被災学校種=中,3,377,0.0618134120347598,0.3743793445878848,2.7247489530328277
発生場所1=学校内・校舎内（園内・園舎内） | 被災学校種=中,発生場所2=体育館・屋内運動場,3,377,0.0618134120347598,0.4498806682577566,2.7247489530328277
競技種目=サッカー・フットサル,場合別2=体育的部活動 | 発生場所1=学校外（園外）,3,106,0.01737989834399082,0.25059101654846333,2.724339768144524
性別=男 | 発生場所2=学校外運動場・競技場,場合別1=課外指導,3,325,0.05328742416789638,0.9643916913946587,2.7243283584140916
発生場所2=学校外体育館,和暦=平成 | 場合別2=体育的部活動,3,93,0.015248401377274963,0.6992481203007519,2.7233169129720856
発生場所1=学校内・校舎外（園内・園舎外） | 給付年度=20,発生場所2=運動場・校庭（園庭）,3,133,0.021806853582554516,0.9637681159420289,2.7225668083049723
発生場所2=学校外体育館,場合別1=課外指導,2,128,0.020987047056894574,0.9624060150375939,2.718718983656455
発生場所1=学校外（園外） | 発生場所2=学校外体育館,場合別1=課外指導,3,128,0.020987047056894574,0.9624060150375939,2.718718983656455
発生場所2=廊下 | 被災学年=2,場合別1=休憩時間,3,64,0.010493523528447287,0.6213592233009708,2.718558036522684
場合別1=特別活動（除学校行事）,発生場所2=教室（保育室）,2,94,0.015412362682406953,0.3122923588039867,2.717077170250378
場合別1=特別活動（除学校行事）,発生場所1=学校内・校舎内（園内・園舎内） | 発生場所2=教室（保育室）,3,94,0.015412362682406953,0.3122923588039867,2.717077170250378
発生場所1=学校内・校舎外（園内・園舎外） | 被災学校種=保,発生場所2=運動場・校庭（園庭）,3,73,0.011969175274635186,0.9605263157894737,2.7134089856415007
場合別2=休憩時間中 | 性別=女,被災学校種=小,3,123,0.02016724053123463,0.75,2.7130782918149468
和暦=令和 | 被災学年=5,被災学校種=小,3,66,0.010821446138711265,0.75,2.7130782918149468
発生場所2=運動場・校庭（園庭）,場合別2=体育的部活動 | 発生場所1=学校内・校舎外（園内・園舎外）,3,991,0.16248565338580095,0.4590088003705419,2.712688637073581
場合別2=体育的部活動 | 発生場所1=学校内・校舎外（園内・園舎外）,発生場所2=運動場・校庭（園庭）,3,991,0.16248565338580095,0.9602713178294574,2.712688637073581
和暦=令和 | 発生場所2=学校外運動場・競技場,場合別1=課外指導,3,96,0.01574028529267093,0.96,2.7119221861973135
和暦=平成 | 発生場所2=学校外体育館,場合別1=課外指導,3,94,0.015412362682406953,0.9591836734693877,2.7096161299165336
和暦=令和 | 場合別2=体育的部活動,競技種目=野球（含軟式）,3,175,0.02869322839809805,0.33980582524271846,2.709118598895869
競技種目=野球（含軟式）,和暦=令和 | 場合別2=体育的部活動,3,175,0.02869322839809805,0.22875816993464052,2.7091185988958686
和暦=平成 | 競技種目=テニス（含ソフトテニス）,場合別1=課外指導,3,70,0.011477291359239219,0.958904109589041,2.7088263846148966
場合別2=体育（保健体育） | 被災学校種=小,発生場所2=体育館・屋内運動場,3,110,0.018035743564518772,0.44715447154471544,2.708237459733088
発生場所2=学校外運動場・競技場 | 被災学校種=中,場合別1=課外指導,3,116,0.019019511395310707,0.9586776859504132,2.7081867561887774
競技種目=サッカー・フットサル,発生場所2=運動場・校庭（園庭） | 被災学校種=高,3,153,0.025086079685194294,0.3617021276595745,2.7067745725101164
発生場所2=体育館・屋内運動場 | 被災学年=2,場合別2=体育（保健体育）,3,137,0.022462698803082472,0.39710144927536234,2.706057809084285
被災学年=5,被災学校種=小,2,301,0.04935235284472864,0.7468982630272953,2.70185795148486
和暦=平成 | 被災学年=5,被災学校種=小,3,235,0.03853090670601738,0.746031746031746,2.6987233802180426
性別=男 | 被災学年=4,被災学校種=小,3,167,0.027381537957042137,0.7455357142857143,2.696929016268429
発生場所1=学校内・校舎外（園内・園舎外） | 給付年度=1,発生場所2=運動場・校庭（園庭）,3,105,0.01721593703885883,0.9545454545454546,2.696513537412102
発生場所2=運動場・校庭（園庭）,場合別1=課外指導 | 発生場所1=学校内・校舎外（園内・園舎外）,3,998,0.16363338252172488,0.46225104214914314,2.687577794154074
場合別1=課外指導 | 発生場所1=学校内・校舎外（園内・園舎外）,発生場所2=運動場・校庭（園庭）,3,998,0.16363338252172488,0.9513822688274547,2.687577794154074
発生場所2=学校外運動場・競技場 | 被災学年=3,場合別1=課外指導,3,96,0.01574028529267093,0.9504950495049505,2.685071471482489
和暦=平成 | 発生場所2=その他,発生場所1=学校外（園外）,3,132,0.02164289227742253,0.4925373134328358,2.684526429514625
発生場所1=学校内・校舎外（園内・園舎外） | 給付年度=27,発生場所2=運動場・校庭（園庭）,3,131,0.02147893097229054,0.9492753623188406,2.681625954044747
競技種目=テニス（含ソフトテニス）,場合別2=体育的部活動,2,85,0.013936710936219052,0.9139784946236559,2.678690455891243
競技種目=テニス（含ソフトテニス）,場合別1=課外指導 | 場合別2=体育的部活動,3,85,0.013936710936219052,0.9139784946236559,2.678690455891243
発生場所1=学校内・校舎外（園内・園舎外） | 被災学年=4,被災学校種=小,3,97,0.01590424659780292,0.7404580152671756,2.678560756295673
場合別2=体育的部活動,場合別1=課外指導 | 発生場所1=学校内・校舎内（園内・園舎内）,3,488,0.08001311690441056,0.23450264296011533,2.6783363659433395
場合別1=課外指導 | 発生場所1=学校内・校舎内（園内・園舎内）,場合別2=体育的部活動,3,488,0.08001311690441056,0.9138576779026217,2.6783363659433395
場合別1=特別活動（除学校行事）,和暦=平成 | 発生場所2=教室（保育室）,3,74,0.012133136579767174,0.24584717607973422,2.6775391551969627
場合別2=昼食時休憩時間中 | 性別=女,被災学校種=小,3,94,0.015412362682406953,0.7401574803149606,2.6774735898226245
競技種目=野球（含軟式）,発生場所1=学校内・校舎外（園内・園舎外） | 被災学年=1,3,236,0.038694868011149366,0.3084967320261438,2.676417594064653
発生場所1=学校内・校舎外（園内・園舎外） | 被災学年=1,競技種目=野球（含軟式）,3,236,0.038694868011149366,0.3357041251778094,2.676417594064653
場合別2=昼食時休憩時間中 | 発生場所1=学校内・校舎外（園内・園舎外）,発生場所2=運動場・校庭（園庭）,3,198,0.03246433841613379,0.9473684210526315,2.6762389995368228
場合別1=学校行事 | 発生場所1=学校内・校舎外（園内・園舎外）,発生場所2=運動場・校庭（園庭）,3,108,0.017707820954254796,0.9473684210526315,2.6762389995368228
競技種目=ラグビー,和暦=平成 | 被災学校種=高,3,61,0.01000163961305132,0.6703296703296703,2.6756156147517403
場合別2=休憩時間中,和暦=平成 | 発生場所2=教室（保育室）,3,132,0.02164289227742253,0.24535315985130113,2.6721587891662244
和暦=平成 | 発生場所2=教室（保育室）,場合別2=休憩時間中,3,132,0.02164289227742253,0.2357142857142857,2.6721587891662244
場合別2=休憩時間中 | 発生場所1=学校内・校舎外（園内・園舎外）,発生場所2=運動場・校庭（園庭）,3,138,0.02262666010821446,0.9452054794520548,2.670128864834684
被災学年=5,和暦=平成 | 被災学校種=小,3,235,0.03853090670601738,0.5831265508684863,2.6700366619721456
発生場所2=学校外運動場・競技場,和暦=平成 | 場合別1=課外指導,3,265,0.043449745859977046,0.7085561497326203,2.6659370494875083
発生場所1=学校内・校舎外（園内・園舎外） | 競技種目=テニス（含ソフトテニス）,場合別2=体育的部活動,3,70,0.011477291359239219,0.9090909090909091,2.6643659079987767
発生場所1=学校内・校舎外（園内・園舎外） | 給付年度=19,発生場所2=運動場・校庭（園庭）,3,132,0.02164289227742253,0.9428571428571428,2.663495004300933
発生場所2=学校外体育館,和暦=平成 | 場合別1=課外指導,3,94,0.015412362682406953,0.706766917293233,2.659205076231603
発生場所1=学校内・校舎外（園内・園舎外） | 給付年度=28,発生場所2=運動場・校庭（園庭）,3,112,0.01836366617478275,0.9411764705882353,2.6587472413699156
場合別1=課外指導 | 競技種目=ラグビー,被災学校種=高,3,80,0.013116904410559108,0.898876404494382,2.658703778375963
場合別2=体育的部活動 | 競技種目=ラグビー,被災学校種=高,3,80,0.013116904410559108,0.898876404494382,2.658703778375963
発生場所2=運動場・校庭（園庭） | 競技種目=テニス（含ソフトテニス）,場合別2=体育的部活動,3,68,0.011149368748975241,0.9066666666666666,2.657260932244113
場合別2=休憩時間中,性別=男 | 被災学校種=小,3,236,0.038694868011149366,0.43866171003717475,2.654164453885644
性別=男 | 被災学校種=小,場合別2=休憩時間中,3,236,0.038694868011149366,0.23412698412698413,2.6541644538856435
競技種目=サッカー・フットサル,場合別1=課外指導 | 発生場所1=学校外（園外）,3,106,0.01737989834399082,0.25059101654846333,2.6533934200157603
発生場所2=運動場・校庭（園庭） | 競技種目=ソフトボール,場合別1=各教科等,3,64,0.010493523528447287,0.5333333333333333,2.6531810766721042
発生場所2=教室（保育室）,場合別2=休憩時間中,2,164,0.02688965404164617,0.23395149786019973,2.6521750658910004
発生場所2=教室（保育室）,場合別1=休憩時間 | 場合別2=休憩時間中,3,164,0.02688965404164617,0.23395149786019973,2.6521750658910004
発生場所1=学校内・校舎内（園内・園舎内） | 発生場所2=教室（保育室）,場合別2=休憩時間中,3,164,0.02688965404164617,0.23395149786019973,2.6521750658910004
場合別2=休憩時間中,発生場所2=教室（保育室）,2,164,0.02688965404164617,0.3048327137546468,2.652175065891
場合別1=休憩時間 | 場合別2=休憩時間中,発生場所2=教室（保育室）,3,164,0.02688965404164617,0.3048327137546468,2.652175065891
場合別2=休憩時間中,発生場所1=学校内・校舎内（園内・園舎内） | 発生場所2=教室（保育室）,3,164,0.02688965404164617,0.3048327137546468,2.652175065891
場合別1=各教科等 | 被災学校種=中,発生場所2=体育館・屋内運動場,3,164,0.02688965404164617,0.43733333333333335,2.6487547169811325
発生場所1=学校内・校舎外（園内・園舎外） | 給付年度=30,発生場所2=運動場・校庭（園庭）,3,116,0.019019511395310707,0.9354838709677419,2.6426661088616297
場合別1=課外指導 | 性別=女,場合別2=体育的部活動,3,393,0.06443679291687161,0.9013761467889908,2.641755463366677
場合別1=特別活動（除学校行事） | 性別=女,被災学校種=小,3,81,0.013280865715691098,0.7297297297297297,2.6397518514956237
発生場所2=運動場・校庭（園庭） | 被災学年=4,被災学校種=小,3,89,0.014592556156747007,0.7295081967213115,2.6389504696342105
発生場所1=学校内・校舎内（園内・園舎内） | 被災学年=1,発生場所2=体育館・屋内運動場,3,309,0.050664043285784555,0.4352112676056338,2.635902205686952
発生場所2=体育館・屋内運動場,発生場所1=学校内・校舎内（園内・園舎内） | 被災学年=1,3,309,0.050664043285784555,0.30685203574975173,2.6359022056869517
競技種目=野球（含軟式）,発生場所1=学校内・校舎外（園内・園舎外） | 被災学年=2,3,241,0.03951467453680931,0.3150326797385621,2.635643777401221
発生場所1=学校内・校舎外（園内・園舎外） | 被災学年=2,競技種目=野球（含軟式）,3,241,0.03951467453680931,0.33058984910836764,2.635643777401221
競技種目=ラグビー,被災学校種=高,2,81,0.013280865715691098,0.8901098901098901,2.6327741124055377
発生場所1=学校内・校舎外（園内・園舎外） | 被災学年=1,発生場所2=運動場・校庭（園庭）,3,655,0.10739465486145269,0.9317211948790897,2.6320368538988275
発生場所2=運動場・校庭（園庭）,発生場所1=学校内・校舎外（園内・園舎外） | 被災学年=1,3,655,0.10739465486145269,0.3033811949976841,2.632036853898827
発生場所1=学校内・校舎外（園内・園舎外） | 競技種目=ソフトボール,場合別1=各教科等,3,64,0.010493523528447287,0.5289256198347108,2.6312539603359713
発生場所2=運動場・校庭（園庭）,発生場所1=学校内・校舎外（園内・園舎外） | 被災学年=2,3,679,0.11132972618462043,0.3144974525243168,2.6311659299668153
発生場所1=学校内・校舎外（園内・園舎外） | 被災学年=2,発生場所2=運動場・校庭（園庭）,3,679,0.11132972618462043,0.9314128943758574,2.6311659299668153
発生場所1=学校内・校舎外（園内・園舎外） | 被災学年=4,発生場所2=運動場・校庭（園庭）,3,122,0.02000327922610264,0.9312977099236641,2.6308405432257653
発生場所2=運動場・校庭（園庭）,発生場所1=学校内・校舎外（園内・園舎外） | 被災学校種=高,3,810,0.13280865715691098,0.37517369152385366,2.630096947820671
発生場所1=学校内・校舎外（園内・園舎外） | 被災学校種=高,発生場所2=運動場・校庭（園庭）,3,810,0.13280865715691098,0.9310344827586207,2.6300969478206704
発生場所1=学校内・校舎外（園内・園舎外） | 給付年度=18,発生場所2=運動場・校庭（園庭）,3,134,0.021970814887686506,0.9305555555555556,2.6287440172919565
和暦=平成 | 場合別1=特別活動（除学校行事）,発生場所2=教室（保育室）,3,74,0.012133136579767174,0.3020408163265306,2.6278843634458062
性別=男 | 競技種目=ラグビー,被災学校種=高,3,79,0.01295294310542712,0.8876404494382022,2.625469981146263
和暦=平成 | 通学方法=徒歩,被災学校種=小,3,95,0.01557632398753894,0.7251908396946565,2.623332699464834
発生場所1=学校内・校舎外（園内・園舎外） | 給付年度=5,発生場所2=運動場・校庭（園庭）,3,91,0.014920478767010985,0.9285714285714286,2.6231390193872826
発生場所2=運動場・校庭（園庭）,和暦=令和 | 発生場所1=学校内・校舎外（園内・園舎外）,3,479,0.07853746515822266,0.221861973135711,2.622356926656398
和暦=令和 | 発生場所1=学校内・校舎外（園内・園舎外）,発生場所2=運動場・校庭（園庭）,3,479,0.07853746515822266,0.9282945736434108,2.6223569266563977
競技種目=野球（含軟式）,性別=男 | 発生場所2=運動場・校庭（園庭）,3,537,0.08804722085587802,0.7019607843137254,2.6217139152047837
性別=男 | 発生場所2=運動場・校庭（園庭）,競技種目=野球（含軟式）,3,537,0.08804722085587802,0.3288426209430496,2.6217139152047837
発生場所1=学校内・校舎外（園内・園舎外） | 給付年度=3,発生場所2=運動場・校庭（園庭）,3,103,0.01688801442859485,0.9279279279279279,2.62132118222901
性別=男 | 発生場所1=学校内・校舎外（園内・園舎外）,発生場所2=運動場・校庭（園庭）,3,1629,0.2670929660600098,0.9276765375854215,2.6206110248881362
発生場所2=運動場・校庭（園庭）,性別=男 | 発生場所1=学校内・校舎外（園内・園舎外）,3,1629,0.2670929660600098,0.7545159796201946,2.620611024888136
発生場所2=運動場・校庭（園庭）,発生場所1=学校内・校舎外（園内・園舎外） | 被災学校種=中,3,619,0.1014920478767011,0.2867068087077351,2.617701835791132
発生場所1=学校内・校舎外（園内・園舎外） | 被災学校種=中,発生場所2=運動場・校庭（園庭）,3,619,0.1014920478767011,0.9266467065868264,2.617701835791132
発生場所1=学校内・校舎外（園内・園舎外）,和暦=平成 | 発生場所2=運動場・校庭（園庭）,3,1674,0.2744712247909493,0.7181467181467182,2.6164736164736166
発生場所1=学校内・校舎外（園内・園舎外）,発生場所2=運動場・校庭（園庭） | 被災学校種=小,3,585,0.09591736350221347,0.25096525096525096,2.6164736164736166
和暦=平成 | 発生場所2=運動場・校庭（園庭）,発生場所1=学校内・校舎外（園内・園舎外）,3,1674,0.2744712247909493,1.0,2.616473616473616
発生場所2=運動場・校庭（園庭） | 被災学校種=小,発生場所1=学校内・校舎外（園内・園舎外）,3,585,0.09591736350221347,1.0,2.616473616473616
場合別1=休憩時間 | 発生場所2=運動場・校庭（園庭）,発生場所1=学校内・校舎外（園内・園舎外）,3,456,0.07476635514018691,1.0,2.616473616473616
場合別1=各教科等 | 発生場所2=運動場・校庭（園庭）,発生場所1=学校内・校舎外（園内・園舎外）,3,415,0.06804394162977537,1.0,2.616473616473616
場合別2=体育（保健体育） | 発生場所2=運動場・校庭（園庭）,発生場所1=学校内・校舎外（園内・園舎外）,3,378,0.061977373339891784,1.0,2.616473616473616
場合別2=昼食時休憩時間中 | 発生場所2=運動場・校庭（園庭）,発生場所1=学校内・校舎外（園内・園舎外）,3,198,0.03246433841613379,1.0,2.616473616473616
発生場所2=運動場・校庭（園庭） | 被災学年=5,発生場所1=学校内・校舎外（園内・園舎外）,3,143,0.023446466633874407,1.0,2.616473616473616
場合別2=休憩時間中 | 発生場所2=運動場・校庭（園庭）,発生場所1=学校内・校舎外（園内・園舎外）,3,138,0.02262666010821446,1.0,2.616473616473616
発生場所2=運動場・校庭（園庭） | 給付年度=18,発生場所1=学校内・校舎外（園内・園舎外）,3,134,0.021970814887686506,1.0,2.616473616473616
発生場所2=運動場・校庭（園庭） | 給付年度=20,発生場所1=学校内・校舎外（園内・園舎外）,3,133,0.021806853582554516,1.0,2.616473616473616
発生場所2=運動場・校庭（園庭） | 給付年度=19,発生場所1=学校内・校舎外（園内・園舎外）,3,132,0.02164289227742253,1.0,2.616473616473616
発生場所2=運動場・校庭（園庭） | 給付年度=27,発生場所1=学校内・校舎外（園内・園舎外）,3,131,0.02147893097229054,1.0,2.616473616473616
発生場所2=運動場・校庭（園庭） | 給付年度=22,発生場所1=学校内・校舎外（園内・園舎外）,3,128,0.020987047056894574,1.0,2.616473616473616
発生場所2=運動場・校庭（園庭） | 給付年度=17,発生場所1=学校内・校舎外（園内・園舎外）,3,125,0.020495163141498605,1.0,2.616473616473616
発生場所2=運動場・校庭（園庭） | 給付年度=21,発生場所1=学校内・校舎外（園内・園舎外）,3,123,0.02016724053123463,1.0,2.616473616473616
発生場所2=運動場・校庭（園庭） | 被災学年=4,発生場所1=学校内・校舎外（園内・園舎外）,3,122,0.02000327922610264,1.0,2.616473616473616
発生場所2=運動場・校庭（園庭） | 競技種目=ソフトボール,発生場所1=学校内・校舎外（園内・園舎外）,3,120,0.019675356615838663,1.0,2.616473616473616
場合別1=保育中 | 発生場所2=運動場・校庭（園庭）,発生場所1=学校内・校舎外（園内・園舎外）,3,119,0.019511395310706673,1.0,2.616473616473616
発生場所2=運動場・校庭（園庭） | 給付年度=25,発生場所1=学校内・校舎外（園内・園舎外）,3,116,0.019019511395310707,1.0,2.616473616473616
発生場所2=運動場・校庭（園庭） | 給付年度=29,発生場所1=学校内・校舎外（園内・園舎外）,3,116,0.019019511395310707,1.0,2.616473616473616
発生場所2=運動場・校庭（園庭） | 給付年度=30,発生場所1=学校内・校舎外（園内・園舎外）,3,116,0.019019511395310707,1.0,2.616473616473616
発生場所2=運動場・校庭（園庭） | 給付年度=2,発生場所1=学校内・校舎外（園内・園舎外）,3,113,0.01852762747991474,1.0,2.616473616473616
発生場所2=運動場・校庭（園庭） | 給付年度=28,発生場所1=学校内・校舎外（園内・園舎外）,3,112,0.01836366617478275,1.0,2.616473616473616
発生場所2=運動場・校庭（園庭） | 被災学年=6,発生場所1=学校内・校舎外（園内・園舎外）,3,111,0.01819970486965076,1.0,2.616473616473616
場合別1=学校行事 | 発生場所2=運動場・校庭（園庭）,発生場所1=学校内・校舎外（園内・園舎外）,3,108,0.017707820954254796,1.0,2.616473616473616
発生場所2=運動場・校庭（園庭） | 給付年度=24,発生場所1=学校内・校舎外（園内・園舎外）,3,105,0.01721593703885883,1.0,2.616473616473616
発生場所2=運動場・校庭（園庭） | 給付年度=26,発生場所1=学校内・校舎外（園内・園舎外）,3,105,0.01721593703885883,1.0,2.616473616473616
発生場所2=運動場・校庭（園庭） | 給付年度=1,発生場所1=学校内・校舎外（園内・園舎外）,3,105,0.01721593703885883,1.0,2.616473616473616
発生場所2=運動場・校庭（園庭） | 給付年度=23,発生場所1=学校内・校舎外（園内・園舎外）,3,98,0.01606820790293491,1.0,2.616473616473616
発生場所2=プール,発生場所1=学校内・校舎外（園内・園舎外）,2,92,0.015084440072142975,1.0,2.616473616473616
発生場所2=運動場・校庭（園庭） | 給付年度=5,発生場所1=学校内・校舎外（園内・園舎外）,3,91,0.014920478767010985,1.0,2.616473616473616
和暦=平成 | 発生場所2=プール,発生場所1=学校内・校舎外（園内・園舎外）,3,76,0.012461059190031152,1.0,2.616473616473616
発生場所2=運動場・校庭（園庭） | 競技種目=テニス（含ソフトテニス）,発生場所1=学校内・校舎外（園内・園舎外）,3,75,0.012297097884899164,1.0,2.616473616473616
発生場所2=運動場・校庭（園庭） | 被災学校種=保,発生場所1=学校内・校舎外（園内・園舎外）,3,73,0.011969175274635186,1.0,2.616473616473616
発生場所2=プール | 競技種目=水泳,発生場所1=学校内・校舎外（園内・園舎外）,3,72,0.011805213969503197,1.0,2.616473616473616
性別=男 | 発生場所2=プール,発生場所1=学校内・校舎外（園内・園舎外）,3,69,0.01131333005410723,1.0,2.616473616473616
場合別2=授業終了後の特定時間中 | 発生場所2=運動場・校庭（園庭）,発生場所1=学校内・校舎外（園内・園舎外）,3,67,0.010985407443843253,1.0,2.616473616473616
場合別2=運動会・体育祭 | 発生場所2=運動場・校庭（園庭）,発生場所1=学校内・校舎外（園内・園舎外）,3,62,0.01016560091818331,1.0,2.616473616473616
発生場所1=学校内・校舎外（園内・園舎外） | 給付年度=17,発生場所2=運動場・校庭（園庭）,3,125,0.020495163141498605,0.9259259259259259,2.615665688847718
発生場所1=学校内・校舎外（園内・園舎外） | 被災学年=6,発生場所2=運動場・校庭（園庭）,3,111,0.01819970486965076,0.925,2.6130500231588702
発生場所1=学校内・校舎外（園内・園舎外）,発生場所2=運動場・校庭（園庭） | 被災学校種=中,3,619,0.1014920478767011,0.26555126555126557,2.612253497737369
発生場所2=運動場・校庭（園庭） | 被災学校種=中,発生場所1=学校内・校舎外（園内・園舎外）,3,619,0.1014920478767011,0.9983870967741936,2.6122534977373686
発生場所2=運動場・校庭（園庭） | 被災学年=3,発生場所1=学校内・校舎外（園内・園舎外）,3,443,0.07263485817347107,0.9977477477477478,2.6105806578779553
発生場所1=学校内・校舎外（園内・園舎外）,性別=男 | 発生場所2=運動場・校庭（園庭）,3,1629,0.2670929660600098,0.6988416988416989,2.6100646180254263
性別=男 | 発生場所2=運動場・校庭（園庭）,発生場所1=学校内・校舎外（園内・園舎外）,3,1629,0.2670929660600098,0.9975505205143906,2.610064618025426
発生場所1=学校内・校舎外（園内・園舎外）,発生場所2=運動場・校庭（園庭）,2,2153,0.353008689949172,0.9236379236379236,2.6092022678405264
発生場所2=運動場・校庭（園庭）,発生場所1=学校内・校舎外（園内・園舎外）,2,2153,0.353008689949172,0.9972209356183418,2.609202267840526
発生場所1=学校内・校舎外（園内・園舎外）,発生場所2=運動場・校庭（園庭） | 被災学年=1,3,655,0.10739465486145269,0.280995280995281,2.608508704399115
発生場所2=運動場・校庭（園庭） | 被災学年=1,発生場所1=学校内・校舎外（園内・園舎外）,3,655,0.10739465486145269,0.9969558599695586,2.608508704399115
発生場所2=運動場・校庭（園庭） | 競技種目=サッカー・フットサル,発生場所1=学校内・校舎外（園内・園舎外）,3,293,0.04804066240367273,0.9965986394557823,2.6075740463495563
発生場所1=学校内・校舎外（園内・園舎外）,性別=女 | 発生場所2=運動場・校庭（園庭）,3,524,0.08591572388916216,0.2247962247962248,2.6065250475896864
性別=女 | 発生場所2=運動場・校庭（園庭）,発生場所1=学校内・校舎外（園内・園舎外）,3,524,0.08591572388916216,0.9961977186311787,2.6065250475896864
和暦=平成 | 発生場所1=学校内・校舎外（園内・園舎外）,発生場所2=運動場・校庭（園庭）,3,1674,0.2744712247909493,0.9223140495867769,2.605462430954031
発生場所2=運動場・校庭（園庭）,和暦=平成 | 発生場所1=学校内・校舎外（園内・園舎外）,3,1674,0.2744712247909493,0.7753589624826308,2.6054624309540304
発生場所1=学校内・校舎外（園内・園舎外）,発生場所2=運動場・校庭（園庭） | 被災学年=2,3,679,0.11132972618462043,0.2912912912912913,2.604964201738395
発生場所2=運動場・校庭（園庭） | 被災学年=2,発生場所1=学校内・校舎外（園内・園舎外）,3,679,0.11132972618462043,0.9956011730205279,2.604964201738395
発生場所2=プール,性別=男 | 発生場所1=学校内・校舎外（園内・園舎外）,3,69,0.01131333005410723,0.75,2.6049259681093395
競技種目=サッカー・フットサル,発生場所2=運動場・校庭（園庭） | 被災学校種=中,3,112,0.01836366617478275,0.2647754137115839,2.6046213681079844
発生場所2=教室（保育室） | 被災学校種=小,場合別1=休憩時間,3,172,0.028201344482702083,0.5951557093425606,2.6039129636156937
発生場所1=学校内・校舎外（園内・園舎外）,発生場所2=運動場・校庭（園庭） | 競技種目=野球（含軟式）,3,557,0.09132644695851778,0.23895323895323894,2.6024567935282223
発生場所2=運動場・校庭（園庭） | 競技種目=野球（含軟式）,発生場所1=学校内・校舎外（園内・園舎外）,3,557,0.09132644695851778,0.9946428571428572,2.602456793528222
発生場所1=学校内・校舎外（園内・園舎外） | 給付年度=26,発生場所2=運動場・校庭（園庭）,3,105,0.01721593703885883,0.9210526315789473,2.6018990273274665
発生場所1=学校内・校舎外（園内・園舎外）,場合別1=課外指導 | 発生場所2=運動場・校庭（園庭）,3,998,0.16363338252172488,0.42814242814242814,2.6008373199608257
場合別1=課外指導 | 発生場所2=運動場・校庭（園庭）,発生場所1=学校内・校舎外（園内・園舎外）,3,998,0.16363338252172488,0.9940239043824701,2.6008373199608257
発生場所1=学校内・校舎外（園内・園舎外）,場合別2=体育的部活動 | 発生場所2=運動場・校庭（園庭）,3,991,0.16248565338580095,0.42513942513942515,2.6007275365349587
場合別2=体育的部活動 | 発生場所2=運動場・校庭（園庭）,発生場所1=学校内・校舎外（園内・園舎外）,3,991,0.16248565338580095,0.9939819458375125,2.6007275365349587
発生場所1=学校内・校舎外（園内・園舎外）,発生場所2=運動場・校庭（園庭） | 被災学校種=高,3,810,0.13280865715691098,0.3474903474903475,2.6004216310964776
発生場所2=運動場・校庭（園庭） | 被災学校種=高,発生場所1=学校内・校舎外（園内・園舎外）,3,810,0.13280865715691098,0.9938650306748467,2.6004216310964776
競技種目=水泳,和暦=平成 | 発生場所1=学校内・校舎外（園内・園舎外）,3,65,0.010657484833579275,0.7738095238095238,2.600255804801259
場合別1=休憩時間 | 性別=女,被災学校種=小,3,314,0.0514838498114445,0.7185354691075515,2.5992573108463564
場合別2=休憩時間中,発生場所2=運動場・校庭（園庭） | 被災学校種=小,3,134,0.021970814887686506,0.24907063197026022,2.5967209989514823
発生場所2=運動場・校庭（園庭） | 被災学校種=小,場合別2=休憩時間中,3,134,0.021970814887686506,0.22905982905982905,2.5967209989514823
発生場所1=学校内・校舎外（園内・園舎外） | 給付年度=2,発生場所2=運動場・校庭（園庭）,3,113,0.01852762747991474,0.9186991869918699,2.595250737129882
競技種目=野球（含軟式）,和暦=令和 | 場合別1=課外指導,3,175,0.02869322839809805,0.22875816993464052,2.5933012610248563
和暦=令和 | 場合別1=課外指導,競技種目=野球（含軟式）,3,175,0.02869322839809805,0.3252788104089219,2.593301261024856
発生場所2=運動場・校庭（園庭）,場合別1=休憩時間 | 発生場所1=学校内・校舎外（園内・園舎外）,3,456,0.07476635514018691,0.2112088930060213,2.5918773409330464
場合別1=休憩時間 | 発生場所1=学校内・校舎外（園内・園舎外）,発生場所2=運動場・校庭（園庭）,3,456,0.07476635514018691,0.9175050301810865,2.5918773409330464
発生場所2=運動場・校庭（園庭） | 給付年度=3,発生場所1=学校内・校舎外（園内・園舎外）,3,103,0.01688801442859485,0.9903846153846154,2.591315216315216
発生場所1=学校内・校舎外（園内・園舎外） | 被災学年=5,発生場所2=運動場・校庭（園庭）,3,143,0.023446466633874407,0.9166666666666666,2.58950903195924
競技種目=サッカー・フットサル,場合別2=体育的部活動 | 発生場所2=運動場・校庭（園庭）,3,179,0.029349073618626004,0.4231678486997636,2.5886667093479017
和暦=平成 | 場合別2=休憩時間中,発生場所2=教室（保育室）,3,132,0.02164289227742253,0.2972972972972973,2.586613717854802
発生場所1=学校内・校舎外（園内・園舎外）,和暦=令和 | 発生場所2=運動場・校庭（園庭）,3,479,0.07853746515822266,0.2054912054912055,2.584104870702809
和暦=令和 | 発生場所2=運動場・校庭（園庭）,発生場所1=学校内・校舎外（園内・園舎外）,3,479,0.07853746515822266,0.9876288659793815,2.584104870702809
場合別2=運動会・体育祭,発生場所1=学校内・校舎外（園内・園舎外） | 発生場所2=運動場・校庭（園庭）,3,62,0.01016560091818331,0.9117647058823529,2.5828392666867024
競技種目=テニス（含ソフトテニス）,場合別1=課外指導,2,85,0.013936710936219052,0.9139784946236559,2.5819151638303275
場合別1=休憩時間 | 被災学校種=中,発生場所2=教室（保育室）,3,116,0.019019511395310707,0.2966751918158568,2.581201133929972
発生場所1=学校内・校舎外（園内・園舎外） | 給付年度=29,発生場所2=運動場・校庭（園庭）,3,116,0.019019511395310707,0.9133858267716536,2.580240925187733
被災学年=4,被災学校種=小,2,261,0.04279390063944909,0.7131147540983607,2.5796482118896216
発生場所1=学校内・校舎外（園内・園舎外） | 被災学校種=小,発生場所2=運動場・校庭（園庭）,3,585,0.09591736350221347,0.9126365054602185,2.5781241532199504
発生場所2=運動場・校庭（園庭）,発生場所1=学校内・校舎外（園内・園舎外） | 被災学校種=小,3,585,0.09591736350221347,0.27095877721167205,2.57812415321995
和暦=平成 | 競技種目=ラグビー,被災学校種=高,3,61,0.01000163961305132,0.8714285714285714,2.5775183594291255
場合別2=運動会・体育祭,発生場所2=運動場・校庭（園庭）,2,62,0.01016560091818331,0.9117647058823529,2.5756613900771055
場合別1=学校行事 | 場合別2=運動会・体育祭,発生場所2=運動場・校庭（園庭）,3,62,0.01016560091818331,0.9117647058823529,2.5756613900771055
発生場所2=運動場・校庭（園庭）,性別=女 | 発生場所1=学校内・校舎外（園内・園舎外）,3,524,0.08591572388916216,0.2427049559981473,2.574360915882957
性別=女 | 発生場所1=学校内・校舎外（園内・園舎外）,発生場所2=運動場・校庭（園庭）,3,524,0.08591572388916216,0.9113043478260869,2.574360915882957
被災学年=4,場合別1=休憩時間 | 被災学校種=小,3,133,0.021806853582554516,0.3633879781420765,2.574103691856591
被災学年=5,発生場所1=学校内・校舎外（園内・園舎外） | 被災学校種=小,3,109,0.017871782259386786,0.2704714640198511,2.5734874556272573
性別=女 | 被災学年=5,被災学校種=小,3,113,0.01852762747991474,0.710691823899371,2.570883412789006
競技種目=サッカー・フットサル,場合別1=課外指導 | 発生場所2=運動場・校庭（園庭）,3,179,0.029349073618626004,0.4231678486997636,2.570618236274759
発生場所1=学校内・校舎外（園内・園舎外） | 競技種目=テニス（含ソフトテニス）,場合別1=課外指導,3,70,0.011477291359239219,0.9090909090909091,2.5681081308686684
発生場所1=学校内・校舎外（園内・園舎外） | 給付年度=22,発生場所2=運動場・校庭（園庭）,3,128,0.020987047056894574,0.9078014184397163,2.56446542430006
発生場所2=運動場・校庭（園庭） | 競技種目=テニス（含ソフトテニス）,場合別1=課外指導,3,68,0.011149368748975241,0.9066666666666666,2.561259842519685
被災学年=5,発生場所2=運動場・校庭（園庭） | 被災学校種=小,3,99,0.016232169208066895,0.2456575682382134,2.5611376216835273
場合別2=始業前の特定時間中,性別=男 | 被災学校種=小,3,74,0.012133136579767174,0.4228571428571429,2.5585374149659867
発生場所1=学校内・校舎外（園内・園舎外） | 給付年度=4,発生場所2=運動場・校庭（園庭）,3,67,0.010985407443843253,0.9054054054054054,2.5576968816894707
和暦=平成 | 被災学校種=小,場合別2=休憩時間中,3,300,0.04918839153959666,0.22522522522522523,2.553250276298604
場合別2=休憩時間中,和暦=平成 | 被災学校種=小,3,300,0.04918839153959666,0.5576208178438662,2.5532502762986033
被災学年=6,発生場所2=運動場・校庭（園庭） | 被災学校種=小,3,94,0.015412362682406953,0.24479166666666666,2.552110042735043
発生場所2=運動場・校庭（園庭）,発生場所1=学校内・校舎外（園内・園舎外） | 被災学年=3,3,443,0.07263485817347107,0.20518758684576194,2.54357539059411
発生場所1=学校内・校舎外（園内・園舎外） | 被災学年=3,発生場所2=運動場・校庭（園庭）,3,443,0.07263485817347107,0.9004065040650406,2.5435753905941096
被災学年=2 | 被災学校種=小,場合別1=休憩時間,3,154,0.025250040990326284,0.5811320754716981,2.5425570504317694
被災学年=4,和暦=平成 | 被災学校種=小,3,203,0.033284144941793735,0.5546448087431693,2.5396236400334757
場合別2=始業前の特定時間中,和暦=平成 | 被災学校種=小,3,97,0.01590424659780292,0.5542857142857143,2.537979407979408
場合別1=各教科等 | 競技種目=サッカー・フットサル,発生場所2=運動場・校庭（園庭）,3,97,0.01590424659780292,0.8981481481481481,2.537195718182286
場合別2=体育（保健体育） | 競技種目=サッカー・フットサル,発生場所2=運動場・校庭（園庭）,3,97,0.01590424659780292,0.8981481481481481,2.537195718182286
場合別1=各教科等 | 競技種目=ソフトボール,発生場所1=学校内・校舎外（園内・園舎外）,3,64,0.010493523528447287,0.9696969696969697,2.537186537186537
場合別2=体育（保健体育） | 競技種目=ソフトボール,発生場所1=学校内・校舎外（園内・園舎外）,3,64,0.010493523528447287,0.9696969696969697,2.537186537186537
競技種目=サッカー・フットサル,発生場所1=学校内・校舎外（園内・園舎外） | 被災学校種=高,3,153,0.025086079685194294,0.3617021276595745,2.535656639765224
被災学年=4,発生場所2=運動場・校庭（園庭） | 被災学校種=小,3,89,0.014592556156747007,0.24316939890710382,2.53519686142637
発生場所1=学校内・校舎外（園内・園舎外） | 被災学年=5,被災学校種=小,3,109,0.017871782259386786,0.6987179487179487,2.527568665024181
被災学年=6,発生場所1=学校内・校舎外（園内・園舎外） | 被災学校種=小,3,102,0.016724053123462864,0.265625,2.5273742199687987
給付年度=20 | 被災学校種=小,場合別1=休憩時間,3,64,0.010493523528447287,0.5765765765765766,2.52262592578231
被災学年=5,性別=女 | 被災学校種=小,3,113,0.01852762747991474,0.2803970223325062,2.522332506203474
被災学年=4,発生場所1=学校内・校舎外（園内・園舎外） | 被災学校種=小,3,97,0.01590424659780292,0.2650273224043716,2.5216874248740444
発生場所2=その他,発生場所1=学校外（園外）,2,148,0.02426627315953435,0.4625,2.5208109919571045
発生場所1=学校内・校舎外（園内・園舎外） | 給付年度=25,発生場所2=運動場・校庭（園庭）,3,116,0.019019511395310707,0.8923076923076924,2.520696903837247
被災学年=3 | 被災学校種=小,場合別1=休憩時間,3,137,0.022462698803082472,0.5756302521008403,2.518485586487105
競技種目=サッカー・フットサル,場合別2=体育的部活動 | 発生場所1=学校内・校舎外（園内・園舎外）,3,180,0.029513034923757994,0.425531914893617,2.5148441365660568
通学方法=徒歩,性別=男 | 被災学校種=小,3,66,0.010821446138711265,0.41509433962264153,2.5115678346810424
競技種目=ソフトボール | 被災学校種=高,発生場所2=運動場・校庭（園庭）,3,63,0.010329562223315297,0.8873239436619719,2.506618217876038
和暦=平成 | 被災学年=4,被災学校種=小,3,203,0.033284144941793735,0.6928327645051194,2.506279377649302
発生場所2=運動場・校庭（園庭） | 被災学年=5,被災学校種=小,3,99,0.016232169208066895,0.6923076923076923,2.5043799616753355
場合別2=始業前の特定時間中,被災学校種=小,2,121,0.019839317920970653,0.6914285714285714,2.5011997966446367
場合別1=休憩時間 | 場合別2=始業前の特定時間中,被災学校種=小,3,121,0.019839317920970653,0.6914285714285714,2.5011997966446367
場合別2=体育（保健体育） | 発生場所1=学校内・校舎外（園内・園舎外）,発生場所2=運動場・校庭（園庭）,3,378,0.061977373339891784,0.8852459016393442,2.500747917599982
場合別1=特別活動（除学校行事）,和暦=平成 | 被災学校種=小,3,164,0.02688965404164617,0.5448504983388704,2.494777169195774
発生場所1=学校内・校舎外（園内・園舎外） | 被災学校種=小,場合別2=休憩時間中,3,141,0.023118544023610427,0.21996879875195008,2.493661159085769
場合別2=休憩時間中,発生場所1=学校内・校舎外（園内・園舎外） | 被災学校種=小,3,141,0.023118544023610427,0.2620817843866171,2.4936611590857685
場合別1=休憩時間 | 給付年度=24,被災学校種=小,3,62,0.01016560091818331,0.6888888888888889,2.4920126532226177
競技種目=ソフトボール,和暦=平成 | 発生場所2=運動場・校庭（園庭）,3,94,0.015412362682406953,0.6811594202898551,2.481715235572178
発生場所2=実習実験室,性別=男 | 発生場所1=学校内・校舎内（園内・園舎内）,3,106,0.01737989834399082,0.6973684210526315,2.48002915451895
場合別1=休憩時間 | 被災学年=2,発生場所2=教室（保育室）,3,102,0.016724053123462864,0.2849162011173184,2.478892882474358
競技種目=バスケットボール,場合別2=体育的部活動 | 被災学校種=中,3,75,0.012297097884899164,0.3218884120171674,2.478784627389778
被災学年=4,発生場所1=学校内・校舎内（園内・園舎内） | 被災学校種=小,3,127,0.020823085751762584,0.3469945355191257,2.478126079778861
和暦=令和 | 場合別1=各教科等,発生場所2=体育館・屋内運動場,3,128,0.020987047056894574,0.40894568690095845,2.4768219904756164
発生場所2=体育館・屋内運動場 | 被災学校種=高,場合別2=体育（保健体育）,3,157,0.02574192490572225,0.36342592592592593,2.4765751086281815
競技種目=サッカー・フットサル,場合別1=課外指導 | 発生場所1=学校内・校舎外（園内・園舎外）,3,180,0.029513034923757994,0.425531914893617,2.474088797841916
和暦=平成 | 場合別2=始業前の特定時間中,被災学校種=小,3,97,0.01590424659780292,0.6830985915492958,2.4710666132023458
発生場所2=廊下,性別=男 | 発生場所1=学校内・校舎内（園内・園舎内）,3,272,0.044597474995900964,0.6938775510204082,2.467614684357708
発生場所2=学校外体育館,場合別2=体育的部活動 | 被災学校種=高,3,67,0.010985407443843253,0.5037593984962406,2.463856111811204
競技種目=ソフトボール,発生場所1=学校内・校舎外（園内・園舎外） | 発生場所2=運動場・校庭（園庭）,3,120,0.019675356615838663,0.8695652173913043,2.463296916335144
場合別1=休憩時間 | 給付年度=20,被災学校種=小,3,64,0.010493523528447287,0.6808510638297872,2.4629363216476112
性別=男 | 通学方法=徒歩,被災学校種=小,3,66,0.010821446138711265,0.6804123711340206,2.4613493781413953
発生場所2=廊下,発生場所1=学校内・校舎内（園内・園舎内） | 被災学年=3,3,87,0.01426463354648303,0.22193877551020408,2.461099257884972
場合別1=各教科等 | 発生場所1=学校内・校舎外（園内・園舎外）,発生場所2=運動場・校庭（園庭）,3,415,0.06804394162977537,0.870020964360587,2.4577387038606857
競技種目=ソフトボール,発生場所2=運動場・校庭（園庭）,2,120,0.019675356615838663,0.8695652173913043,2.4564512556135085
競技種目=野球（含軟式）,性別=男 | 発生場所1=学校内・校舎外（園内・園舎外）,3,540,0.08853910477127398,0.7058823529411765,2.45169502880879
性別=男 | 発生場所1=学校内・校舎外（園内・園舎外）,競技種目=野球（含軟式）,3,540,0.08853910477127398,0.30751708428246016,2.45169502880879
競技種目=サッカー・フットサル,場合別2=体育的部活動 | 性別=男,3,287,0.0470568945728808,0.6784869976359338,2.45147642096064
場合別1=各教科等 | 被災学年=2,発生場所2=体育館・屋内運動場,3,140,0.022954582718478438,0.4046242774566474,2.4506489257279966
和暦=平成 | 場合別2=休憩時間中,被災学校種=小,3,300,0.04918839153959666,0.6756756756756757,2.4442146773107627
給付年度=24 | 被災学校種=小,場合別1=休憩時間,3,62,0.01016560091818331,0.5585585585585585,2.443793865601613
発生場所2=学校外体育館,場合別1=課外指導 | 被災学校種=高,3,68,0.011149368748975241,0.5112781954887218,2.4399731723675386
性別=男 | 発生場所2=その他,発生場所1=学校外（園外）,3,93,0.015248401377274963,0.44711538461538464,2.4369586512683026
発生場所2=運動場・校庭（園庭） | 給付年度=4,発生場所1=学校内・校舎外（園内・園舎外）,3,67,0.010985407443843253,0.9305555555555556,2.43477405977406
発生場所1=学校内・校舎内（園内・園舎内） | 被災学年=3,発生場所2=体育館・屋内運動場,3,221,0.03623544843416954,0.4018181818181818,2.433653516295026
発生場所2=体育館・屋内運動場,発生場所1=学校内・校舎内（園内・園舎内） | 被災学年=3,3,221,0.03623544843416954,0.21946375372393248,2.4336535162950255
場合別1=特別活動（除学校行事） | 発生場所2=教室（保育室）,被災学校種=小,3,63,0.010329562223315297,0.6702127659574468,2.4244529416218676
場合別2=昼食時休憩時間中,性別=男 | 被災学校種=小,3,181,0.02967699622888998,0.4004424778761062,2.422915349768226
場合別1=各教科等 | 性別=女,発生場所2=体育館・屋内運動場,3,164,0.02688965404164617,0.4,2.4226415094339626
場合別1=各教科等 | 被災学校種=高,発生場所2=体育館・屋内運動場,3,158,0.02590588621085424,0.4,2.4226415094339626
和暦=平成 | 場合別1=特別活動（除学校行事）,被災学校種=小,3,164,0.02688965404164617,0.6693877551020408,2.421468516232116
場合別1=特別活動（除学校行事）,性別=女 | 被災学校種=小,3,81,0.013280865715691098,0.2691029900332226,2.420736189104166
発生場所1=学校内・校舎内（園内・園舎内） | 被災学年=4,被災学校種=小,3,127,0.020823085751762584,0.6684210526315789,2.4179715302491105
競技種目=サッカー・フットサル,発生場所1=学校内・校舎外（園内・園舎外） | 被災学校種=中,3,112,0.01836366617478275,0.2647754137115839,2.4174629464475306
競技種目=バスケットボール,発生場所1=学校内・校舎内（園内・園舎内） | 被災学年=2,3,70,0.011477291359239219,0.30042918454935624,2.4173055363674454
発生場所2=廊下,和暦=平成 | 発生場所1=学校内・校舎内（園内・園舎内）,3,318,0.05213969503197245,0.8112244897959183,2.4158487125318873
和暦=平成 | 競技種目=ソフトボール,発生場所2=運動場・校庭（園庭）,3,94,0.015412362682406953,0.8545454545454545,2.414021643016548
被災学校種=小,場合別2=休憩時間中,2,359,0.058862108542383995,0.2129300118623962,2.413866435592481
被災学校種=小,場合別1=休憩時間 | 場合別2=休憩時間中,3,359,0.058862108542383995,0.2129300118623962,2.413866435592481
場合別2=休憩時間中,被災学校種=小,2,359,0.058862108542383995,0.6672862453531598,2.4138664355924804
場合別1=休憩時間 | 場合別2=休憩時間中,被災学校種=小,3,359,0.058862108542383995,0.6672862453531598,2.4138664355924804
競技種目=バスケットボール,場合別1=課外指導 | 被災学校種=中,3,75,0.012297097884899164,0.3218884120171674,2.411790448271135
発生場所1=学校内・校舎外（園内・園舎外） | 給付年度=23,発生場所2=運動場・校庭（園庭）,3,98,0.01606820790293491,0.8521739130434782,2.4073222305012387
競技種目=野球（含軟式）,場合別2=体育的部活動 | 被災学校種=中,3,239,0.03918675192654533,0.31241830065359477,2.4058575955634782
場合別2=体育的部活動 | 被災学校種=中,競技種目=野球（含軟式）,3,239,0.03918675192654533,0.30176767676767674,2.4058575955634773
競技種目=サッカー・フットサル,場合別1=課外指導 | 性別=男,3,287,0.0470568945728808,0.6784869976359338,2.401678583042113
性別=女 | 被災学年=4,被災学校種=小,3,94,0.015412362682406953,0.6619718309859155,2.3946418725878402
発生場所1=学校内・校舎外（園内・園舎外） | 給付年度=24,発生場所2=運動場・校庭（園庭）,3,105,0.01721593703885883,0.8467741935483871,2.3920684606075096
場合別1=特別活動（除学校行事）,被災学校種=小,2,199,0.03262829972126578,0.6611295681063123,2.3915950390749696
場合別1=課外指導 | 発生場所2=その他,場合別2=体育的部活動,3,62,0.01016560091818331,0.8157894736842105,2.390917827967323
場合別1=学校行事,和暦=平成 | 発生場所1=学校外（園外）,3,100,0.016396130513198885,0.33783783783783783,2.3903398758387158
発生場所2=学校外運動場・競技場,場合別2=体育的部活動 | 被災学校種=中,3,116,0.019019511395310707,0.31016042780748665,2.388470264138714
場合別2=運動会・体育祭,発生場所1=学校内・校舎外（園内・園舎外）,2,62,0.01016560091818331,0.9117647058823529,2.385608297373003
場合別1=学校行事 | 場合別2=運動会・体育祭,発生場所1=学校内・校舎外（園内・園舎外）,3,62,0.01016560091818331,0.9117647058823529,2.385608297373003
性別=女 | 競技種目=ソフトボール,発生場所2=運動場・校庭（園庭）,3,70,0.011477291359239219,0.8433734939759037,2.3824617599624998
競技種目=ソフトボール,場合別1=各教科等,2,66,0.010821446138711265,0.4782608695652174,2.379211291580963
和暦=平成 | 発生場所1=学校内・校舎内（園内・園舎内）,発生場所2=教室（保育室）,3,560,0.09181833087391375,0.2734375,2.3790232703281027
発生場所2=教室（保育室）,和暦=平成 | 発生場所1=学校内・校舎内（園内・園舎内）,3,560,0.09181833087391375,0.7988587731811697,2.3790232703281022
競技種目=野球（含軟式）,性別=男 | 被災学校種=高,3,493,0.08083292343007051,0.6444444444444445,2.3763401854091093
性別=男 | 被災学校種=高,競技種目=野球（含軟式）,3,493,0.08083292343007051,0.2980652962515115,2.3763401854091093
競技種目=サッカー・フットサル,性別=男 | 発生場所2=運動場・校庭（園庭）,3,269,0.044105591080505,0.6359338061465721,2.375113462148159
場合別1=休憩時間,性別=男 | 被災学校種=小,3,547,0.08968683390719791,0.39239598278335724,2.3742292648766825
性別=男 | 被災学校種=小,場合別1=休憩時間,3,547,0.08968683390719791,0.5426587301587301,2.374229264876682
和暦=令和 | 場合別2=昼食時休憩時間中,被災学校種=小,3,61,0.01000163961305132,0.6559139784946236,2.3727279684689857
場合別1=特別活動（除学校行事）,性別=男 | 被災学校種=小,3,118,0.019347434005574683,0.3920265780730897,2.371994146495808
発生場所2=実習実験室,和暦=平成 | 発生場所1=学校内・校舎内（園内・園舎内）,3,121,0.019839317920970653,0.7960526315789473,2.37066650390625
競技種目=バレーボール,場合別2=体育的部活動,2,93,0.015248401377274963,0.808695652173913,2.370127238158912
競技種目=バレーボール,場合別1=課外指導 | 場合別2=体育的部活動,3,93,0.015248401377274963,0.808695652173913,2.370127238158912
競技種目=バスケットボール,場合別2=体育（保健体育）,2,81,0.013280865715691098,0.34763948497854075,2.368998009926391
競技種目=バスケットボール,場合別1=各教科等 | 場合別2=体育（保健体育）,3,81,0.013280865715691098,0.34763948497854075,2.368998009926391
競技種目=野球（含軟式）,被災学年=1 | 被災学校種=高,3,235,0.03853090670601738,0.30718954248366015,2.36559219647455
被災学年=1 | 被災学校種=高,競技種目=野球（含軟式）,3,235,0.03853090670601738,0.2967171717171717,2.3655921964745494
発生場所2=学校外体育館,場合別2=体育的部活動 | 性別=男,3,87,0.01426463354648303,0.6541353383458647,2.363490182802979
競技種目=野球（含軟式）,場合別2=体育的部活動 | 発生場所1=学校外（園外）,3,166,0.027217576651910148,0.2169934640522876,2.3590786760336933
場合別2=体育的部活動 | 発生場所1=学校外（園外）,競技種目=野球（含軟式）,3,166,0.027217576651910148,0.29590017825311943,2.3590786760336933
場合別2=体育的部活動 | 性別=女,発生場所2=体育館・屋内運動場,3,153,0.025086079685194294,0.3893129770992366,2.3579144462048105
和暦=平成 | 競技種目=バレーボール,場合別2=体育的部活動,3,69,0.01131333005410723,0.8023255813953488,2.3514578188035715
場合別1=各教科等 | 競技種目=サッカー・フットサル,発生場所1=学校内・校舎外（園内・園舎外）,3,97,0.01590424659780292,0.8981481481481481,2.3499809333142667
場合別2=体育（保健体育） | 競技種目=サッカー・フットサル,発生場所1=学校内・校舎外（園内・園舎外）,3,97,0.01590424659780292,0.8981481481481481,2.3499809333142667
和暦=平成 | 場合別1=学校行事,発生場所1=学校外（園外）,3,100,0.016396130513198885,0.43103448275862066,2.3493112692983265
発生場所2=廊下,場合別1=休憩時間 | 被災学校種=小,3,130,0.02131496966715855,0.33163265306122447,2.34916091872289
場合別2=始業前の特定時間中 | 性別=男,被災学校種=小,3,74,0.012133136579767174,0.6491228070175439,2.348161328588375
発生場所2=階段,和暦=平成 | 発生場所1=学校内・校舎内（園内・園舎内）,3,74,0.012133136579767174,0.7872340425531915,2.344404504654255
被災学年=6,場合別1=休憩時間 | 被災学校種=小,3,127,0.020823085751762584,0.3307291666666667,2.342760961091754
競技種目=野球（含軟式）,場合別1=課外指導 | 被災学校種=中,3,239,0.03918675192654533,0.31241830065359477,2.3408344173050053
場合別1=課外指導 | 被災学校種=中,競技種目=野球（含軟式）,3,239,0.03918675192654533,0.2936117936117936,2.3408344173050053
競技種目=バレーボール,和暦=平成 | 場合別2=体育的部活動,3,69,0.01131333005410723,0.6,2.3367816091954023
給付年度=18 | 被災学校種=小,場合別1=休憩時間,3,71,0.011641252664371209,0.5338345864661654,2.3356220536995287
性別=男 | 発生場所2=教室（保育室）,場合別1=休憩時間,3,243,0.03984259714707329,0.5328947368421053,2.331510043041607
発生場所1=学校内・校舎内（園内・園舎内） | 被災学校種=小,場合別1=休憩時間,3,455,0.07460239383505493,0.5327868852459017,2.331038172966108
場合別1=休憩時間,発生場所1=学校内・校舎内（園内・園舎内） | 被災学校種=小,3,455,0.07460239383505493,0.32639885222381637,2.3310381729661076
和暦=平成 | 競技種目=水泳,発生場所1=学校内・校舎外（園内・園舎外）,3,65,0.010657484833579275,0.8904109589041096,2.3297367817915764
発生場所2=昇降口・玄関,和暦=平成 | 発生場所1=学校内・校舎内（園内・園舎内）,3,75,0.012297097884899164,0.78125,2.3265838623046875
発生場所2=教室（保育室） | 被災学年=2,場合別1=休憩時間,3,102,0.016724053123462864,0.53125,2.324314024390244
発生場所2=学校外運動場・競技場,場合別1=課外指導 | 被災学校種=中,3,116,0.019019511395310707,0.31016042780748665,2.323917013756586
競技種目=ソフトボール | 被災学校種=高,発生場所1=学校内・校舎外（園内・園舎外）,3,63,0.010329562223315297,0.8873239436619719,2.321659687856871
発生場所1=学校内・校舎内（園内・園舎内） | 競技種目=バレーボール,場合別2=体育的部活動,3,72,0.011805213969503197,0.7912087912087912,2.318876702346188
場合別2=始業前の特定時間中 | 発生場所1=学校内・校舎内（園内・園舎内）,被災学校種=小,3,75,0.012297097884899164,0.6410256410256411,2.3188703348845703
場合別2=日常の清掃,被災学校種=小,2,66,0.010821446138711265,0.6407766990291263,2.317969802715683
場合別1=特別活動（除学校行事） | 場合別2=日常の清掃,被災学校種=小,3,66,0.010821446138711265,0.6407766990291263,2.317969802715683
場合別1=特別活動（除学校行事） | 発生場所1=学校内・校舎内（園内・園舎内）,被災学校種=小,3,148,0.02426627315953435,0.6406926406926406,2.317665726918396
場合別1=学校行事 | 性別=男,発生場所1=学校外（園外）,3,82,0.013444827020823086,0.42487046632124353,2.3157149008876354
発生場所2=学校外体育館,場合別1=課外指導 | 性別=男,3,87,0.01426463354648303,0.6541353383458647,2.315479645137219
発生場所2=体育館・屋内運動場,性別=女 | 発生場所1=学校内・校舎内（園内・園舎内）,3,357,0.05853418593212002,0.3545183714001986,2.314997373843481
性別=女 | 発生場所1=学校内・校舎内（園内・園舎内）,発生場所2=体育館・屋内運動場,3,357,0.05853418593212002,0.3822269807280514,2.314997373843481
発生場所2=教室（保育室）,性別=男 | 発生場所1=学校内・校舎内（園内・園舎内）,3,456,0.07476635514018691,0.6504992867332382,2.3133499415661922
性別=男 | 発生場所1=学校内・校舎内（園内・園舎内）,発生場所2=教室（保育室）,3,456,0.07476635514018691,0.26588921282798833,2.3133499415661922
競技種目=ソフトボール,和暦=平成 | 発生場所1=学校内・校舎外（園内・園舎外）,3,95,0.01557632398753894,0.6884057971014492,2.3132710504252003
競技種目=サッカー・フットサル | 被災学年=2,場合別2=体育的部活動,3,127,0.020823085751762584,0.7888198757763976,2.31187526302751
発生場所2=体育館・屋内運動場 | 競技種目=バスケットボール,場合別1=各教科等,3,79,0.01295294310542712,0.4647058823529412,2.311779099894444
被災学年=4,性別=女 | 被災学校種=小,3,94,0.015412362682406953,0.2568306010928962,2.310338991247159
和暦=令和 | 発生場所2=体育館・屋内運動場,場合別1=各教科等,3,128,0.020987047056894574,0.463768115942029,2.3071139797148734
競技種目=水泳,発生場所1=学校内・校舎外（園内・園舎外）,2,74,0.012133136579767174,0.8809523809523809,2.304988662131519
発生場所1=学校内・校舎内（園内・園舎内）,和暦=平成 | 発生場所2=教室（保育室）,3,560,0.09181833087391375,0.21140052850132127,2.3023782559456403
発生場所1=学校内・校舎内（園内・園舎内）,発生場所2=体育館・屋内運動場,2,1007,0.16510903426791276,0.3801434503586259,2.30237825594564
発生場所2=体育館・屋内運動場,発生場所1=学校内・校舎内（園内・園舎内）,2,1007,0.16510903426791276,1.0,2.30237825594564
発生場所1=学校内・校舎内（園内・園舎内）,和暦=平成 | 発生場所2=体育館・屋内運動場,3,731,0.11985571405148385,0.2759531898829747,2.30237825594564
和暦=平成 | 発生場所2=体育館・屋内運動場,発生場所1=学校内・校舎内（園内・園舎内）,3,731,0.11985571405148385,1.0,2.30237825594564
発生場所1=学校内・校舎内（園内・園舎内）,発生場所2=教室（保育室）,2,701,0.11493687489752419,0.2646281615704039,2.30237825594564
発生場所2=教室（保育室）,発生場所1=学校内・校舎内（園内・園舎内）,2,701,0.11493687489752419,1.0,2.30237825594564
発生場所1=学校内・校舎内（園内・園舎内）,性別=男 | 発生場所2=体育館・屋内運動場,3,650,0.10657484833579275,0.2453756134390336,2.30237825594564
性別=男 | 発生場所2=体育館・屋内運動場,発生場所1=学校内・校舎内（園内・園舎内）,3,650,0.10657484833579275,1.0,2.30237825594564
和暦=平成 | 発生場所2=教室（保育室）,発生場所1=学校内・校舎内（園内・園舎内）,3,560,0.09181833087391375,1.0,2.30237825594564
性別=男 | 発生場所2=教室（保育室）,発生場所1=学校内・校舎内（園内・園舎内）,3,456,0.07476635514018691,1.0,2.30237825594564
場合別1=各教科等 | 発生場所2=体育館・屋内運動場,発生場所1=学校内・校舎内（園内・園舎内）,3,447,0.07329070339399901,1.0,2.30237825594564
場合別2=体育（保健体育） | 発生場所2=体育館・屋内運動場,発生場所1=学校内・校舎内（園内・園舎内）,3,434,0.07115920642728316,1.0,2.30237825594564
発生場所2=体育館・屋内運動場 | 被災学校種=高,発生場所1=学校内・校舎内（園内・園舎内）,3,432,0.07083128381701918,1.0,2.30237825594564
場合別1=課外指導 | 発生場所2=体育館・屋内運動場,発生場所1=学校内・校舎内（園内・園舎内）,3,425,0.06968355468109526,1.0,2.30237825594564
場合別2=体育的部活動 | 発生場所2=体育館・屋内運動場,発生場所1=学校内・校舎内（園内・園舎内）,3,423,0.06935563207083129,1.0,2.30237825594564
発生場所2=廊下,発生場所1=学校内・校舎内（園内・園舎内）,2,392,0.06427283161173963,1.0,2.30237825594564
発生場所2=体育館・屋内運動場 | 被災学校種=中,発生場所1=学校内・校舎内（園内・園舎内）,3,377,0.0618134120347598,1.0,2.30237825594564
性別=女 | 発生場所2=体育館・屋内運動場,発生場所1=学校内・校舎内（園内・園舎内）,3,357,0.05853418593212002,1.0,2.30237825594564
発生場所2=体育館・屋内運動場 | 被災学年=2,発生場所1=学校内・校舎内（園内・園舎内）,3,345,0.05656665027053615,1.0,2.30237825594564
場合別1=休憩時間 | 発生場所2=教室（保育室）,発生場所1=学校内・校舎内（園内・園舎内）,3,330,0.05410723069355632,1.0,2.30237825594564
和暦=平成 | 発生場所2=廊下,発生場所1=学校内・校舎内（園内・園舎内）,3,318,0.05213969503197245,1.0,2.30237825594564
発生場所2=体育館・屋内運動場 | 被災学年=1,発生場所1=学校内・校舎内（園内・園舎内）,3,309,0.050664043285784555,1.0,2.30237825594564
発生場所2=教室（保育室） | 被災学校種=小,発生場所1=学校内・校舎内（園内・園舎内）,3,289,0.04738481718314478,1.0,2.30237825594564
和暦=令和 | 発生場所2=体育館・屋内運動場,発生場所1=学校内・校舎内（園内・園舎内）,3,276,0.04525332021642892,1.0,2.30237825594564
性別=男 | 発生場所2=廊下,発生場所1=学校内・校舎内（園内・園舎内）,3,272,0.044597474995900964,1.0,2.30237825594564
場合別1=休憩時間 | 発生場所2=廊下,発生場所1=学校内・校舎内（園内・園舎内）,3,262,0.04295786194458108,1.0,2.30237825594564
性別=女 | 発生場所2=教室（保育室）,発生場所1=学校内・校舎内（園内・園舎内）,3,245,0.04017051975733727,1.0,2.30237825594564
発生場所2=体育館・屋内運動場 | 被災学年=3,発生場所1=学校内・校舎内（園内・園舎内）,3,221,0.03623544843416954,1.0,2.30237825594564
発生場所2=教室（保育室） | 被災学年=2,発生場所1=学校内・校舎内（園内・園舎内）,3,192,0.03148057058534186,1.0,2.30237825594564
発生場所2=体育館・屋内運動場 | 被災学校種=小,発生場所1=学校内・校舎内（園内・園舎内）,3,176,0.02885718970323004,1.0,2.30237825594564
発生場所2=廊下 | 被災学校種=小,発生場所1=学校内・校舎内（園内・園舎内）,3,175,0.02869322839809805,1.0,2.30237825594564
発生場所2=教室（保育室） | 被災学校種=中,発生場所1=学校内・校舎内（園内・園舎内）,3,174,0.02852926709296606,1.0,2.30237825594564
発生場所2=体育館・屋内運動場 | 競技種目=バスケットボール,発生場所1=学校内・校舎内（園内・園舎内）,3,170,0.027873421872438103,1.0,2.30237825594564
発生場所2=教室（保育室） | 被災学年=1,発生場所1=学校内・校舎内（園内・園舎内）,3,164,0.02688965404164617,1.0,2.30237825594564
場合別2=休憩時間中 | 発生場所2=教室（保育室）,発生場所1=学校内・校舎内（園内・園舎内）,3,164,0.02688965404164617,1.0,2.30237825594564
発生場所2=廊下 | 被災学校種=中,発生場所1=学校内・校舎内（園内・園舎内）,3,155,0.02541400229545827,1.0,2.30237825594564
発生場所2=実習実験室,発生場所1=学校内・校舎内（園内・園舎内）,2,152,0.024922118380062305,1.0,2.30237825594564
場合別1=保育中 | 発生場所2=教室（保育室）,発生場所1=学校内・校舎内（園内・園舎内）,3,143,0.023446466633874407,1.0,2.30237825594564
和暦=令和 | 発生場所2=教室（保育室）,発生場所1=学校内・校舎内（園内・園舎内）,3,141,0.023118544023610427,1.0,2.30237825594564
場合別2=休憩時間中 | 発生場所2=廊下,発生場所1=学校内・校舎内（園内・園舎内）,3,129,0.02115100836202656,1.0,2.30237825594564
和暦=平成 | 発生場所2=実習実験室,発生場所1=学校内・校舎内（園内・園舎内）,3,121,0.019839317920970653,1.0,2.30237825594564
性別=女 | 発生場所2=廊下,発生場所1=学校内・校舎内（園内・園舎内）,3,120,0.019675356615838663,1.0,2.30237825594564
発生場所2=教室（保育室） | 被災学年=3,発生場所1=学校内・校舎内（園内・園舎内）,3,115,0.018855550090178717,1.0,2.30237825594564
発生場所2=教室（保育室） | 被災学校種=保,発生場所1=学校内・校舎内（園内・園舎内）,3,107,0.017543859649122806,1.0,2.30237825594564
発生場所2=体育館・屋内運動場 | 競技種目=バドミントン,発生場所1=学校内・校舎内（園内・園舎内）,3,106,0.01737989834399082,1.0,2.30237825594564
性別=男 | 発生場所2=実習実験室,発生場所1=学校内・校舎内（園内・園舎内）,3,106,0.01737989834399082,1.0,2.30237825594564
発生場所2=廊下 | 被災学年=1,発生場所1=学校内・校舎内（園内・園舎内）,3,105,0.01721593703885883,1.0,2.30237825594564
場合別1=各教科等 | 発生場所2=教室（保育室）,発生場所1=学校内・校舎内（園内・園舎内）,3,105,0.01721593703885883,1.0,2.30237825594564
場合別1=各教科等 | 発生場所2=実習実験室,発生場所1=学校内・校舎内（園内・園舎内）,3,105,0.01721593703885883,1.0,2.30237825594564
発生場所2=廊下 | 被災学年=2,発生場所1=学校内・校舎内（園内・園舎内）,3,103,0.01688801442859485,1.0,2.30237825594564
発生場所2=昇降口・玄関,発生場所1=学校内・校舎内（園内・園舎内）,2,96,0.01574028529267093,1.0,2.30237825594564
発生場所2=階段,発生場所1=学校内・校舎内（園内・園舎内）,2,94,0.015412362682406953,1.0,2.30237825594564
場合別1=特別活動（除学校行事） | 発生場所2=教室（保育室）,発生場所1=学校内・校舎内（園内・園舎内）,3,94,0.015412362682406953,1.0,2.30237825594564
発生場所2=廊下 | 被災学年=3,発生場所1=学校内・校舎内（園内・園舎内）,3,87,0.01426463354648303,1.0,2.30237825594564
発生場所2=体育館・屋内運動場 | 競技種目=柔道,発生場所1=学校内・校舎内（園内・園舎内）,3,87,0.01426463354648303,1.0,2.30237825594564
発生場所2=体育館・屋内運動場 | 競技種目=バレーボール,発生場所1=学校内・校舎内（園内・園舎内）,3,87,0.01426463354648303,1.0,2.30237825594564
発生場所2=教室（保育室） | 被災学年=4,発生場所1=学校内・校舎内（園内・園舎内）,3,86,0.014100672241351041,1.0,2.30237825594564
発生場所2=教室（保育室） | 被災学年=5,発生場所1=学校内・校舎内（園内・園舎内）,3,83,0.013608788325955074,1.0,2.30237825594564
場合別2=昼食時休憩時間中 | 発生場所2=教室（保育室）,発生場所1=学校内・校舎内（園内・園舎内）,3,79,0.01295294310542712,1.0,2.30237825594564
発生場所2=体育館・屋内運動場 | 競技種目=マット運動,発生場所1=学校内・校舎内（園内・園舎内）,3,77,0.012625020495163142,1.0,2.30237825594564
発生場所2=体育館・屋内運動場 | 給付年度=30,発生場所1=学校内・校舎内（園内・園舎内）,3,76,0.012461059190031152,1.0,2.30237825594564
場合別1=休憩時間 | 発生場所2=体育館・屋内運動場,発生場所1=学校内・校舎内（園内・園舎内）,3,75,0.012297097884899164,1.0,2.30237825594564
和暦=平成 | 発生場所2=昇降口・玄関,発生場所1=学校内・校舎内（園内・園舎内）,3,75,0.012297097884899164,1.0,2.30237825594564
和暦=平成 | 発生場所2=階段,発生場所1=学校内・校舎内（園内・園舎内）,3,74,0.012133136579767174,1.0,2.30237825594564
和暦=令和 | 発生場所2=廊下,発生場所1=学校内・校舎内（園内・園舎内）,3,74,0.012133136579767174,1.0,2.30237825594564
場合別1=各教科等 | 競技種目=マット運動,発生場所1=学校内・校舎内（園内・園舎内）,3,73,0.011969175274635186,1.0,2.30237825594564
場合別2=体育（保健体育） | 競技種目=マット運動,発生場所1=学校内・校舎内（園内・園舎内）,3,73,0.011969175274635186,1.0,2.30237825594564
場合別1=休憩時間 | 発生場所2=昇降口・玄関,発生場所1=学校内・校舎内（園内・園舎内）,3,72,0.011805213969503197,1.0,2.30237825594564
場合別2=昼食時休憩時間中 | 発生場所2=廊下,発生場所1=学校内・校舎内（園内・園舎内）,3,68,0.011149368748975241,1.0,2.30237825594564
発生場所2=教室（保育室） | 被災学校種=高,発生場所1=学校内・校舎内（園内・園舎内）,3,65,0.010657484833579275,1.0,2.30237825594564
発生場所2=体育館・屋内運動場 | 給付年度=1,発生場所1=学校内・校舎内（園内・園舎内）,3,64,0.010493523528447287,1.0,2.30237825594564
発生場所2=体育館・屋内運動場 | 給付年度=28,発生場所1=学校内・校舎内（園内・園舎内）,3,63,0.010329562223315297,1.0,2.30237825594564
発生場所2=体育館・屋内運動場 | 給付年度=2,発生場所1=学校内・校舎内（園内・園舎内）,3,63,0.010329562223315297,1.0,2.30237825594564
場合別2=その他の教科 | 発生場所2=教室（保育室）,発生場所1=学校内・校舎内（園内・園舎内）,3,61,0.01000163961305132,1.0,2.30237825594564
場合別2=休憩時間中 | 被災学校種=小,発生場所2=教室（保育室）,3,95,0.01557632398753894,0.2646239554317549,2.3023416607393337
発生場所2=廊下,発生場所1=学校内・校舎内（園内・園舎内） | 被災学年=1,3,105,0.01721593703885883,0.26785714285714285,2.300930583501006
発生場所2=学校外運動場・競技場 | 被災学年=1,被災学校種=高,3,91,0.014920478767010985,0.7777777777777778,2.3005172971225347
競技種目=野球（含軟式）,場合別1=課外指導 | 発生場所1=学校外（園外）,3,166,0.027217576651910148,0.2169934640522876,2.2976443355119827
場合別1=課外指導 | 発生場所1=学校外（園外）,競技種目=野球（含軟式）,3,166,0.027217576651910148,0.2881944444444444,2.297644335511982
給付年度=19 | 被災学校種=小,場合別1=休憩時間,3,63,0.010329562223315297,0.525,2.2969691535150645
場合別1=休憩時間,和暦=平成 | 被災学校種=小,3,699,0.1146089522872602,0.5014347202295553,2.295983752762806
和暦=平成 | 被災学校種=小,場合別1=休憩時間,3,699,0.1146089522872602,0.5247747747747747,2.2959837527628055
性別=男 | 発生場所1=学校内・校舎内（園内・園舎内）,発生場所2=体育館・屋内運動場,3,650,0.10657484833579275,0.37900874635568516,2.2955058033995273
発生場所2=体育館・屋内運動場,性別=男 | 発生場所1=学校内・校舎内（園内・園舎内）,3,650,0.10657484833579275,0.6454816285998014,2.295505803399527
競技種目=ソフトボール,発生場所1=学校内・校舎外（園内・園舎外）,2,121,0.019839317920970653,0.8768115942028986,2.294154402850055
競技種目=野球（含軟式） | 被災学年=1,被災学校種=高,3,235,0.03853090670601738,0.7755775577557755,2.2940094688421313
和暦=令和 | 競技種目=サッカー・フットサル,場合別2=体育的部活動,3,72,0.011805213969503197,0.782608695652174,2.293671520798947
発生場所2=体育館・屋内運動場 | 競技種目=バレーボール,場合別2=体育的部活動,3,68,0.011149368748975241,0.7816091954022989,2.2907421829690633
性別=女 | 発生場所2=体育館・屋内運動場,場合別1=各教科等,3,164,0.02688965404164617,0.45938375350140054,2.285303028225972
被災学年=5,場合別1=休憩時間 | 被災学校種=小,3,130,0.02131496966715855,0.3225806451612903,2.285039901090255
競技種目=テニス（含ソフトテニス）,発生場所1=学校内・校舎外（園内・園舎外） | 発生場所2=運動場・校庭（園庭）,3,75,0.012297097884899164,0.8064516129032258,2.2845092369237223
競技種目=バレーボール,場合別1=課外指導,2,93,0.015248401377274963,0.808695652173913,2.284499667720563
場合別2=休憩時間中 | 性別=男,被災学校種=小,3,236,0.038694868011149366,0.6310160427807486,2.2826612366072276
発生場所2=教室（保育室）,性別=女 | 発生場所1=学校内・校舎内（園内・園舎内）,3,245,0.04017051975733727,0.34950071326676174,2.282232173676638
性別=女 | 発生場所1=学校内・校舎内（園内・園舎内）,発生場所2=教室（保育室）,3,245,0.04017051975733727,0.2623126338329764,2.282232173676638
競技種目=テニス（含ソフトテニス）,発生場所2=運動場・校庭（園庭）,2,75,0.012297097884899164,0.8064516129032258,2.2781604386738183
競技種目=マット運動,発生場所1=学校内・校舎内（園内・園舎内）,2,77,0.012625020495163142,0.9871794871794872,2.272860585997619
和暦=令和 | 場合別1=休憩時間,被災学校種=小,3,162,0.026561731431382195,0.627906976744186,2.2714143838450718
競技種目=サッカー・フットサル | 被災学年=1,場合別2=体育的部活動,3,113,0.01852762747991474,0.773972602739726,2.268360838111287
性別=男 | 通学方法=自転車,被災学校種=高,3,69,0.01131333005410723,0.7666666666666667,2.2676527643064985
発生場所2=教室（保育室） | 被災学年=1,場合別1=休憩時間,3,85,0.013936710936219052,0.5182926829268293,2.2676234384295064
和暦=平成 | 競技種目=バレーボール,場合別1=課外指導,3,69,0.01131333005410723,0.8023255813953488,2.2665047341038593
場合別1=課外指導 | 競技種目=テニス（含ソフトテニス）,発生場所2=運動場・校庭（園庭）,3,68,0.011149368748975241,0.8,2.2599351551644284
場合別2=体育的部活動 | 競技種目=テニス（含ソフトテニス）,発生場所2=運動場・校庭（園庭）,3,68,0.011149368748975241,0.8,2.2599351551644284
和暦=平成 | 競技種目=ソフトボール,発生場所1=学校内・校舎外（園内・園舎外）,3,95,0.01557632398753894,0.8636363636363636,2.2596817596817598
競技種目=バレーボール,和暦=平成 | 場合別1=課外指導,3,69,0.01131333005410723,0.6,2.2574953732264036
発生場所2=学校外運動場・競技場,場合別2=体育的部活動 | 被災学年=1,3,114,0.018691588785046728,0.3048128342245989,2.2533981526494897
場合別2=授業終了後の特定時間中 | 発生場所1=学校内・校舎外（園内・園舎外）,発生場所2=運動場・校庭（園庭）,3,67,0.010985407443843253,0.7976190476190477,2.25320915767882
競技種目=ソフトボール,和暦=平成 | 性別=女,3,72,0.011805213969503197,0.5217391304347826,2.252007754084741
競技種目=バスケットボール,発生場所1=学校内・校舎内（園内・園舎内） | 被災学校種=中,3,72,0.011805213969503197,0.3090128755364807,2.2490089831706395
発生場所2=運動場・校庭（園庭） | 競技種目=サッカー・フットサル,場合別2=体育（保健体育）,3,97,0.01590424659780292,0.3299319727891156,2.2483297229506327
場合別1=特別活動（除学校行事） | 性別=男,被災学校種=小,3,118,0.019347434005574683,0.6210526315789474,2.2466192170818506
発生場所1=学校内・校舎内（園内・園舎内） | 競技種目=バスケットボール,場合別1=各教科等,3,79,0.01295294310542712,0.4514285714285714,2.245728268468888
場合別1=各教科等 | 競技種目=バスケットボール,発生場所1=学校内・校舎内（園内・園舎内）,3,79,0.01295294310542712,0.9753086419753086,2.2455294101198215
場合別2=体育（保健体育） | 競技種目=バスケットボール,発生場所1=学校内・校舎内（園内・園舎内）,3,79,0.01295294310542712,0.9753086419753086,2.2455294101198215
競技種目=サッカー・フットサル,発生場所2=運動場・校庭（園庭） | 被災学年=2,3,106,0.01737989834399082,0.25059101654846333,2.2409891641188824
発生場所1=学校内・校舎外（園内・園舎外） | 競技種目=サッカー・フットサル,場合別2=体育（保健体育）,3,97,0.01590424659780292,0.3288135593220339,2.2407082662626645
競技種目=サッカー・フットサル,発生場所2=運動場・校庭（園庭） | 被災学年=1,3,102,0.016724053123462864,0.24113475177304963,2.2384792253635153
発生場所1=学校内・校舎内（園内・園舎内） | 競技種目=バレーボール,場合別1=課外指導,3,72,0.011805213969503197,0.7912087912087912,2.235100702909874
場合別1=休憩時間,被災学校種=小,2,861,0.1411706837186424,0.6176470588235294,2.2342997697299563
被災学校種=小,場合別1=休憩時間,2,861,0.1411706837186424,0.5106761565836299,2.234299769729956
和暦=令和 | 競技種目=野球（含軟式）,被災学校種=高,3,132,0.02164289227742253,0.7542857142857143,2.2310322848829154
被災学年=4 | 被災学校種=小,場合別1=休憩時間,3,133,0.021806853582554516,0.5095785440613027,2.229497518098913
競技種目=サッカー・フットサル | 被災学年=2,場合別1=課外指導,3,127,0.020823085751762584,0.7888198757763976,2.2283522104493976
場合別1=各教科等 | 被災学年=3,発生場所2=体育館・屋内運動場,3,129,0.02115100836202656,0.36752136752136755,2.225931301403
和暦=平成 | 場合別1=休憩時間,被災学校種=小,3,699,0.1146089522872602,0.6153169014084507,2.225870570397474
被災学校種=小,和暦=平成 | 場合別1=休憩時間,3,699,0.1146089522872602,0.41459074733096085,2.2258705703974737
競技種目=サッカー・フットサル,性別=男 | 発生場所1=学校内・校舎外（園内・園舎外）,3,270,0.04426955238563699,0.6382978723404256,2.216958270731353
競技種目=サッカー・フットサル | 被災学校種=中,場合別2=体育的部活動,3,121,0.019839317920970653,0.75625,2.2164193897164823
場合別2=休憩時間中 | 被災学校種=中,発生場所1=学校内・校舎内（園内・園舎内）,3,126,0.020659124446630595,0.9618320610687023,2.2145012232759593
競技種目=柔道,場合別2=体育的部活動 | 性別=男,3,79,0.01295294310542712,0.6124031007751938,2.212705279400419
競技種目=野球（含軟式）,発生場所2=運動場・校庭（園庭） | 被災学校種=中,3,172,0.028201344482702083,0.22483660130718955,2.2117394054395954
発生場所2=運動場・校庭（園庭） | 被災学校種=中,競技種目=野球（含軟式）,3,172,0.028201344482702083,0.27741935483870966,2.211739405439595
和暦=令和 | 競技種目=サッカー・フットサル,場合別1=課外指導,3,72,0.011805213969503197,0.782608695652174,2.210806130052158
場合別1=学校行事,発生場所1=学校外（園外）,2,120,0.019675356615838663,0.40540540540540543,2.209622491123832
和暦=平成 | 競技種目=ソフトボール,性別=女,3,72,0.011805213969503197,0.6545454545454545,2.209226744478543
発生場所2=教室（保育室）,場合別1=休憩時間 | 性別=男,3,243,0.03984259714707329,0.3466476462196862,2.209199576064646
場合別1=休憩時間 | 性別=男,発生場所2=教室（保育室）,3,243,0.03984259714707329,0.25391849529780564,2.2091995760646457
発生場所2=体育館・屋内運動場,場合別1=各教科等,2,447,0.07329070339399901,0.4438927507447865,2.20823971190249
場合別1=各教科等,発生場所2=体育館・屋内運動場,2,447,0.07329070339399901,0.3646003262642741,2.20823971190249
場合別1=各教科等,発生場所1=学校内・校舎内（園内・園舎内） | 発生場所2=体育館・屋内運動場,3,447,0.07329070339399901,0.3646003262642741,2.20823971190249
発生場所1=学校内・校舎内（園内・園舎内） | 発生場所2=体育館・屋内運動場,場合別1=各教科等,3,447,0.07329070339399901,0.4438927507447865,2.20823971190249
発生場所2=体育館・屋内運動場 | 競技種目=バレーボール,場合別1=課外指導,3,68,0.011149368748975241,0.7816091954022989,2.2079826228617976
性別=女 | 競技種目=ソフトボール,発生場所1=学校内・校舎外（園内・園舎外）,3,70,0.011477291359239219,0.8433734939759037,2.2066644958211223
競技種目=柔道,性別=男 | 発生場所1=学校内・校舎内（園内・園舎内）,3,80,0.013116904410559108,0.6201550387596899,2.2054376567902905
競技種目=テニス（含ソフトテニス）,和暦=平成 | 発生場所1=学校内・校舎外（園内・園舎外）,3,61,0.01000163961305132,0.6559139784946236,2.2040877988092062
発生場所1=学校内・校舎内（園内・園舎内） | 被災学年=2,発生場所2=教室（保育室）,3,192,0.03148057058534186,0.2532981530343008,2.2038023328904432
発生場所2=教室（保育室）,発生場所1=学校内・校舎内（園内・園舎内） | 被災学年=2,3,192,0.03148057058534186,0.2738944365192582,2.203802332890443
競技種目=サッカー・フットサル,場合別2=体育的部活動 | 被災学校種=中,3,121,0.019839317920970653,0.2860520094562648,2.202817178881009
競技種目=サッカー・フットサル,場合別2=体育（保健体育） | 性別=男,3,91,0.014920478767010985,0.21513002364066194,2.20147317816174
場合別2=昼食時休憩時間中,被災学校種=小,2,275,0.04508935891129694,0.6084070796460177,2.2008747204988506
場合別1=休憩時間 | 場合別2=昼食時休憩時間中,被災学校種=小,3,275,0.04508935891129694,0.6084070796460177,2.2008747204988506
発生場所2=学校外運動場・競技場,性別=男 | 被災学校種=高,3,223,0.03656337104443352,0.5962566844919787,2.198651462343759
発生場所2=学校外運動場・競技場,場合別1=課外指導 | 被災学年=1,3,114,0.018691588785046728,0.3048128342245989,2.1974627375128
場合別1=休憩時間 | 給付年度=19,被災学校種=小,3,63,0.010329562223315297,0.6057692307692307,2.1913324664659184
競技種目=サッカー・フットサル | 被災学年=1,場合別1=課外指導,3,113,0.01852762747991474,0.773972602739726,2.186409867582024
和暦=平成 | 競技種目=テニス（含ソフトテニス）,発生場所1=学校内・校舎外（園内・園舎外）,3,61,0.01000163961305132,0.8356164383561644,2.1863683644505563
競技種目=野球（含軟式） | 被災学年=1,発生場所2=運動場・校庭（園庭）,3,234,0.038366945400885394,0.7722772277227723,2.1816205705795224
場合別1=休憩時間 | 給付年度=18,被災学校種=小,3,71,0.011641252664371209,0.6016949152542372,2.1765938838289403
場合別2=日常の清掃,性別=男 | 発生場所1=学校内・校舎内（園内・園舎内）,3,63,0.010329562223315297,0.6116504854368932,2.175193184069744
場合別2=体育的部活動,発生場所2=運動場・校庭（園庭） | 被災学校種=高,3,604,0.09903262829972126,0.2902450744834214,2.1720303181280824
発生場所2=運動場・校庭（園庭） | 被災学校種=高,場合別2=体育的部活動,3,604,0.09903262829972126,0.7411042944785277,2.1720303181280824
場合別1=各教科等,和暦=平成 | 発生場所2=体育館・屋内運動場,3,319,0.052303656337104446,0.2601957585644372,2.1709082510047915
和暦=平成 | 発生場所2=体育館・屋内運動場,場合別1=各教科等,3,319,0.052303656337104446,0.4363885088919289,2.170908251004791
場合別2=昼食時休憩時間中,和暦=平成 | 被災学校種=小,3,214,0.03508771929824561,0.47345132743362833,2.167852587100375
競技種目=柔道,場合別1=課外指導 | 性別=男,3,79,0.01295294310542712,0.6124031007751938,2.16775769682409
競技種目=テニス（含ソフトテニス）,発生場所1=学校内・校舎外（園内・園舎外）,2,77,0.012625020495163142,0.8279569892473119,2.1663276179405213
場合別1=各教科等,性別=男 | 発生場所2=体育館・屋内運動場,3,283,0.04640104935235285,0.23083197389885807,2.16591416739867
性別=男 | 発生場所2=体育館・屋内運動場,場合別1=各教科等,3,283,0.04640104935235285,0.43538461538461537,2.1659141673986695
発生場所2=体育館・屋内運動場 | 被災学校種=中,場合別1=各教科等,3,164,0.02688965404164617,0.4350132625994695,2.1640667933068225
和暦=平成 | 発生場所1=学校内・校舎内（園内・園舎内）,発生場所2=体育館・屋内運動場,3,731,0.11985571405148385,0.35693359375,2.161805350825472
発生場所2=体育館・屋内運動場,和暦=平成 | 発生場所1=学校内・校舎内（園内・園舎内）,3,731,0.11985571405148385,0.7259185700099305,2.1618053508254715
和暦=令和 | 発生場所2=学校外運動場・競技場,被災学校種=高,3,73,0.011969175274635186,0.73,2.1591998060135786
発生場所2=その他,性別=男 | 発生場所1=学校外（園外）,3,93,0.015248401377274963,0.290625,2.1589791412911086
和暦=平成 | 場合別2=昼食時休憩時間中,被災学校種=小,3,214,0.03508771929824561,0.596100278551532,2.156355633977339
場合別1=課外指導 | 競技種目=テニス（含ソフトテニス）,発生場所1=学校内・校舎外（園内・園舎外）,3,70,0.011477291359239219,0.8235294117647058,2.15474297827239
場合別2=体育的部活動 | 競技種目=テニス（含ソフトテニス）,発生場所1=学校内・校舎外（園内・園舎外）,3,70,0.011477291359239219,0.8235294117647058,2.15474297827239
競技種目=柔道,和暦=平成 | 場合別2=体育的部活動,3,71,0.011641252664371209,0.5503875968992248,2.143559357272268
通学方法=自転車,被災学校種=高,2,100,0.016396130513198885,0.7246376811594203,2.1433390966980137
場合別1=通学中 | 通学方法=自転車,被災学校種=高,3,100,0.016396130513198885,0.7246376811594203,2.1433390966980137
競技種目=サッカー・フットサル,場合別1=課外指導 | 被災学校種=中,3,121,0.019839317920970653,0.2860520094562648,2.1432815794517923
発生場所1=学校外（園外） | 通学方法=自転車,被災学校種=高,3,99,0.016232169208066895,0.7226277372262774,2.1373940685465884
競技種目=サッカー・フットサル | 被災学校種=中,場合別1=課外指導,3,121,0.019839317920970653,0.75625,2.1363449513663735
競技種目=サッカー・フットサル,場合別2=体育的部活動 | 被災学年=2,3,127,0.020823085751762584,0.30023640661938533,2.1341979533468893
性別=男 | 競技種目=サッカー・フットサル,場合別2=体育的部活動,3,287,0.0470568945728808,0.7265822784810126,2.1294691573549716
場合別1=課外指導 | 性別=女,発生場所2=体育館・屋内運動場,3,153,0.025086079685194294,0.35091743119266056,2.1253678379781897
発生場所2=道路 | 通学方法=自転車,被災学校種=高,3,97,0.01590424659780292,0.7185185185185186,2.1252397887703416
和暦=平成 | 競技種目=柔道,場合別2=体育的部活動,3,71,0.011641252664371209,0.7244897959183674,2.1233365042316783
場合別1=休憩時間 | 被災学年=1,発生場所2=教室（保育室）,3,85,0.013936710936219052,0.24355300859598855,2.1190154057445567
和暦=平成 | 発生場所2=教室（保育室）,場合別1=休憩時間,3,271,0.04443351369076898,0.48392857142857143,2.117274287763886
和暦=平成 | 場合別1=各教科等,発生場所2=体育館・屋内運動場,3,319,0.052303656337104446,0.3493975903614458,2.116162764264606
発生場所2=体育館・屋内運動場,和暦=平成 | 場合別1=各教科等,3,319,0.052303656337104446,0.31678252234359483,2.1161627642646055
競技種目=サッカー・フットサル | 被災学校種=高,場合別2=体育的部活動,3,166,0.027217576651910148,0.7217391304347827,2.115274846959029
発生場所2=廊下,発生場所1=学校内・校舎内（園内・園舎内） | 被災学年=2,3,103,0.01688801442859485,0.2627551020408163,2.1141733078455656
競技種目=野球（含軟式） | 被災学年=2,発生場所2=運動場・校庭（園庭）,3,239,0.03918675192654533,0.7445482866043613,2.1032885595182957
発生場所2=体育館・屋内運動場,場合別1=各教科等 | 性別=男,3,283,0.04640104935235285,0.2810327706057597,2.1005133185349614
場合別1=各教科等 | 性別=男,発生場所2=体育館・屋内運動場,3,283,0.04640104935235285,0.34681372549019607,2.1005133185349614
競技種目=サッカー・フットサル,発生場所1=学校内・校舎外（園内・園舎外） | 被災学年=2,3,106,0.01737989834399082,0.25059101654846333,2.09650838124702
場合別2=休憩時間中 | 発生場所2=教室（保育室）,被災学校種=小,3,95,0.01557632398753894,0.5792682926829268,2.0954669733530076
発生場所2=運動場・校庭（園庭） | 被災学校種=高,場合別1=課外指導,3,604,0.09903262829972126,0.7411042944785277,2.093559560919194
場合別1=課外指導,発生場所2=運動場・校庭（園庭） | 被災学校種=高,3,604,0.09903262829972126,0.2797591477535896,2.0935595609191937
競技種目=野球（含軟式） | 被災学校種=高,発生場所2=運動場・校庭（園庭）,3,383,0.06279717986555174,0.7408123791102514,2.092734923665319
競技種目=サッカー・フットサル,発生場所1=学校内・校舎外（園内・園舎外） | 被災学年=1,3,102,0.016724053123462864,0.24113475177304963,2.092006900517539
場合別2=体育的部活動,発生場所1=学校内・校舎外（園内・園舎外） | 被災学校種=高,3,621,0.10181997048696508,0.2984142239308025,2.091986611211454
発生場所1=学校内・校舎外（園内・園舎外） | 被災学校種=高,場合別2=体育的部活動,3,621,0.10181997048696508,0.7137931034482758,2.0919866112114534
和暦=平成 | 通学方法=自転車,被災学校種=高,3,70,0.011477291359239219,0.7070707070707071,2.091379361020486
競技種目=柔道,場合別2=体育的部活動,2,92,0.015084440072142975,0.7131782945736435,2.090184727825397
競技種目=柔道,場合別1=課外指導 | 場合別2=体育的部活動,3,92,0.015084440072142975,0.7131782945736435,2.090184727825397
和暦=令和 | 発生場所2=運動場・校庭（園庭）,競技種目=野球（含軟式）,3,127,0.020823085751762584,0.2618556701030928,2.087657165959167
場合別2=体育的部活動 | 給付年度=1,被災学校種=高,3,81,0.013280865715691098,0.7043478260869566,2.0833256019904693
競技種目=野球（含軟式）,被災学年=2 | 被災学校種=高,3,209,0.03426791277258567,0.27320261437908494,2.082828431372549
被災学年=2 | 被災学校種=高,競技種目=野球（含軟式）,3,209,0.03426791277258567,0.26125,2.082828431372549
場合別2=体育的部活動 | 被災学年=3,発生場所1=学校外（園外）,3,141,0.023118544023610427,0.3821138211382114,2.082673990278777
性別=男 | 競技種目=バドミントン,発生場所1=学校内・校舎内（園内・園舎内）,3,66,0.010821446138711265,0.9041095890410958,2.0816022588001677
性別=女 | 発生場所2=廊下,被災学校種=小,3,69,0.01131333005410723,0.575,2.0800266903914593
和暦=平成 | 被災学年=4,発生場所2=教室（保育室）,3,70,0.011477291359239219,0.23890784982935154,2.0786005365324036
競技種目=サッカー・フットサル,場合別1=課外指導 | 被災学年=2,3,127,0.020823085751762584,0.30023640661938533,2.078481094178923
場合別1=各教科等 | 被災学年=1,発生場所2=体育館・屋内運動場,3,93,0.015248401377274963,0.34317343173431736,2.0784655016361486
発生場所2=教室（保育室）,和暦=平成 | 場合別1=休憩時間,3,271,0.04443351369076898,0.38659058487874465,2.0755422334291054
和暦=平成 | 場合別1=休憩時間,発生場所2=教室（保育室）,3,271,0.04443351369076898,0.238556338028169,2.075542233429105
発生場所2=運動場・校庭（園庭）,和暦=平成 | 競技種目=野球（含軟式）,3,433,0.07099524512215118,0.20055581287633165,2.073203224970757
和暦=平成 | 競技種目=野球（含軟式）,発生場所2=運動場・校庭（園庭）,3,433,0.07099524512215118,0.7338983050847457,2.073203224970757
競技種目=柔道,和暦=平成 | 場合別1=課外指導,3,71,0.011641252664371209,0.5503875968992248,2.0708290891353314
発生場所1=学校内・校舎外（園内・園舎外） | 被災学年=4,場合別1=休憩時間,3,62,0.01016560091818331,0.4732824427480916,2.0706955655097636
発生場所2=運動場・校庭（園庭）,競技種目=野球（含軟式）,2,560,0.09181833087391375,0.25937934228809634,2.0679145210654895
競技種目=野球（含軟式）,発生場所2=運動場・校庭（園庭）,2,560,0.09181833087391375,0.7320261437908496,2.0679145210654895
場合別1=課外指導 | 競技種目=野球（含軟式）,発生場所2=運動場・校庭（園庭）,3,557,0.09132644695851778,0.7319316688567674,2.067647637034472
場合別2=体育的部活動 | 競技種目=野球（含軟式）,発生場所2=運動場・校庭（園庭）,3,557,0.09132644695851778,0.7319316688567674,2.067647637034472
発生場所2=運動場・校庭（園庭）,場合別1=課外指導 | 競技種目=野球（含軟式）,3,557,0.09132644695851778,0.25798981009726724,2.0676476370344714
発生場所2=運動場・校庭（園庭）,場合別2=体育的部活動 | 競技種目=野球（含軟式）,3,557,0.09132644695851778,0.25798981009726724,2.0676476370344714
被災学校種=小,場合別1=休憩時間 | 性別=男,3,547,0.08968683390719791,0.32443653618030843,2.067647266628737
場合別1=休憩時間 | 性別=男,被災学校種=小,3,547,0.08968683390719791,0.5715778474399164,2.067647266628737
場合別1=課外指導 | 被災学年=3,発生場所1=学校外（園外）,3,146,0.023938350549270373,0.37922077922077924,2.066905748407089
性別=女 | 被災学校種=中,発生場所2=体育館・屋内運動場,3,171,0.028037383177570093,0.34063745019920316,2.0631060663008345
競技種目=野球（含軟式）,発生場所1=学校内・校舎外（園内・園舎外） | 発生場所2=運動場・校庭（園庭）,3,557,0.09132644695851778,0.7281045751633987,2.0625684179849366
発生場所1=学校内・校舎外（園内・園舎外） | 発生場所2=運動場・校庭（園庭）,競技種目=野球（含軟式）,3,557,0.09132644695851778,0.2587087784486763,2.0625684179849366
競技種目=野球（含軟式）,和暦=平成 | 発生場所2=運動場・校庭（園庭）,3,433,0.07099524512215118,0.5660130718954248,2.062194579145876
和暦=平成 | 発生場所2=運動場・校庭（園庭）,競技種目=野球（含軟式）,3,433,0.07099524512215118,0.2586618876941458,2.062194579145876
性別=男 | 競技種目=野球（含軟式）,発生場所2=運動場・校庭（園庭）,3,537,0.08804722085587802,0.7296195652173914,2.06111613166321
発生場所2=運動場・校庭（園庭）,性別=男 | 競技種目=野球（含軟式）,3,537,0.08804722085587802,0.24872626215840668,2.0611161316632094
発生場所2=教室（保育室）,場合別1=休憩時間,2,330,0.05410723069355632,0.47075606276747506,2.059642200013508
場合別1=休憩時間,発生場所2=教室（保育室）,2,330,0.05410723069355632,0.23672883787661406,2.059642200013508
場合別1=休憩時間,発生場所1=学校内・校舎内（園内・園舎内） | 発生場所2=教室（保育室）,3,330,0.05410723069355632,0.23672883787661406,2.059642200013508
発生場所1=学校内・校舎内（園内・園舎内） | 発生場所2=教室（保育室）,場合別1=休憩時間,3,330,0.05410723069355632,0.47075606276747506,2.059642200013508
場合別1=学校行事,性別=男 | 発生場所1=学校外（園外）,3,82,0.013444827020823086,0.27702702702702703,2.0579632616782435
場合別2=休憩時間中,性別=女 | 被災学校種=小,3,123,0.02016724053123463,0.22862453531598512,2.056609204855742
場合別2=体育的部活動 | 給付年度=5,被災学校種=高,3,66,0.010821446138711265,0.6947368421052632,2.054898157129001
競技種目=バスケットボール | 被災学校種=中,場合別2=体育的部活動,3,75,0.012297097884899164,0.7009345794392523,2.0543008169149446
場合別1=課外指導 | 給付年度=1,被災学校種=高,3,84,0.013772749631087064,0.6942148760330579,2.0533542817292045
競技種目=サッカー・フットサル,和暦=平成 | 場合別2=体育的部活動,3,223,0.03656337104443352,0.5271867612293144,2.0532005470865826
競技種目=野球（含軟式）,発生場所1=学校内・校舎外（園内・園舎外） | 被災学校種=中,3,172,0.028201344482702083,0.22483660130718955,2.052812023012798
発生場所1=学校内・校舎外（園内・園舎外） | 被災学校種=中,競技種目=野球（含軟式）,3,172,0.028201344482702083,0.25748502994011974,2.0528120230127977
性別=男 | 競技種目=サッカー・フットサル,場合別1=課外指導,3,287,0.0470568945728808,0.7265822784810126,2.0525360428233888
場合別2=休憩時間中 | 被災学年=1,被災学校種=小,3,80,0.013116904410559108,0.5673758865248227,2.0524469347063428
和暦=令和 | 競技種目=野球（含軟式）,発生場所2=運動場・校庭（園庭）,3,127,0.020823085751762584,0.7257142857142858,2.050084033613446
性別=男 | 競技種目=柔道,場合別2=体育的部活動,3,79,0.01295294310542712,0.6991150442477876,2.0489681186291477
和暦=平成 | 競技種目=柔道,場合別1=課外指導,3,71,0.011641252664371209,0.7244897959183674,2.0466249491922754
競技種目=バドミントン,発生場所1=学校内・校舎内（園内・園舎内）,2,111,0.01819970486965076,0.888,2.044511891279728
被災学年=4,発生場所2=教室（保育室）,2,86,0.014100672241351041,0.23497267759562843,2.044362854002479
被災学年=4,発生場所1=学校内・校舎内（園内・園舎内） | 発生場所2=教室（保育室）,3,86,0.014100672241351041,0.23497267759562843,2.044362854002479
競技種目=サッカー・フットサル,場合別2=体育的部活動,2,295,0.04836858501393671,0.6973995271867612,2.04394027693996
競技種目=サッカー・フットサル,場合別1=課外指導 | 場合別2=体育的部活動,3,295,0.04836858501393671,0.6973995271867612,2.04394027693996
場合別1=課外指導 | 給付年度=5,被災学校種=高,3,67,0.010985407443843253,0.6907216494845361,2.0430219884608074
競技種目=サッカー・フットサル,和暦=平成 | 発生場所2=運動場・校庭（園庭）,3,237,0.03885882931628136,0.5602836879432624,2.041320318259234
発生場所2=教室（保育室）,和暦=令和 | 発生場所1=学校内・校舎内（園内・園舎内）,3,141,0.023118544023610427,0.20114122681883023,2.0411985729917563
和暦=令和 | 発生場所1=学校内・校舎内（園内・園舎内）,発生場所2=教室（保育室）,3,141,0.023118544023610427,0.23460898502495842,2.0411985729917563
競技種目=サッカー・フットサル | 被災学校種=高,場合別1=課外指導,3,166,0.027217576651910148,0.7217391304347827,2.0388545421592124
競技種目=野球（含軟式） | 被災学年=1,発生場所1=学校内・校舎外（園内・園舎外）,3,236,0.038694868011149366,0.7788778877887789,2.0379134438540376
競技種目=サッカー・フットサル,和暦=平成 | 場合別2=体育（保健体育）,3,92,0.015084440072142975,0.21749408983451538,2.0345037636513945
和暦=平成 | 競技種目=バドミントン,発生場所1=学校内・校舎内（園内・園舎内）,3,82,0.013444827020823086,0.8817204301075269,2.0300539461026075
競技種目=ソフトボール,性別=女,2,83,0.013608788325955074,0.6014492753623188,2.0300161208825585
競技種目=柔道,性別=男 | 被災学校種=高,3,71,0.011641252664371209,0.5503875968992248,2.0295126683726554
発生場所2=体育館・屋内運動場 | 被災学年=1,場合別2=体育（保健体育）,3,92,0.015084440072142975,0.2977346278317152,2.0289201063079676
発生場所1=学校内・校舎外（園内・園舎外） | 競技種目=野球（含軟式）,被災学校種=高,3,386,0.0632890637809477,0.6856127886323268,2.027910959199108
場合別1=休憩時間,性別=女 | 被災学校種=小,3,314,0.0514838498114445,0.22525107604017217,2.0262629981843805
性別=女 | 被災学校種=小,場合別1=休憩時間,3,314,0.0514838498114445,0.4631268436578171,2.0262629981843805
場合別1=課外指導,発生場所1=学校内・校舎外（園内・園舎外） | 被災学校種=高,3,624,0.10231185440236104,0.2890226956924502,2.0261487598025907
発生場所1=学校内・校舎外（園内・園舎外） | 被災学校種=高,場合別1=課外指導,3,624,0.10231185440236104,0.7172413793103448,2.0261487598025907
通学方法=自転車,和暦=平成 | 被災学校種=高,3,70,0.011477291359239219,0.5072463768115942,2.0246699294331894
競技種目=野球（含軟式） | 被災学校種=中,発生場所2=運動場・校庭（園庭）,3,172,0.028201344482702083,0.7166666666666667,2.0245252431681333
発生場所2=運動場・校庭（園庭） | 競技種目=野球（含軟式）,被災学校種=高,3,383,0.06279717986555174,0.6839285714285714,2.0229293681585143
和暦=平成 | 競技種目=サッカー・フットサル,発生場所2=運動場・校庭（園庭）,3,237,0.03885882931628136,0.716012084592145,2.0226761018654438
発生場所2=体育館・屋内運動場 | 被災学年=2,場合別1=各教科等,3,140,0.022954582718478438,0.4057971014492754,2.018724732250514
場合別2=休憩時間中 | 発生場所1=学校内・校舎内（園内・園舎内）,被災学校種=小,3,218,0.03574356451877357,0.5575447570332481,2.016883436029526
場合別2=体育的部活動,被災学年=1 | 被災学校種=高,3,545,0.08935891129693392,0.26189332051898123,2.016776972026852
被災学年=1 | 被災学校種=高,場合別2=体育的部活動,3,545,0.08935891129693392,0.6881313131313131,2.0167769720268516
競技種目=バスケットボール | 被災学年=2,場合別2=体育的部活動,3,66,0.010821446138711265,0.6875,2.014926717924075
競技種目=柔道,場合別1=課外指導,2,92,0.015084440072142975,0.7131782945736435,2.0146708747589863
場合別2=昼食時休憩時間中 | 性別=男,被災学校種=小,3,181,0.02967699622888998,0.556923076923077,2.0146345469477147
競技種目=バスケットボール,場合別2=体育的部活動 | 被災学年=2,3,66,0.010821446138711265,0.2832618025751073,2.0135358204027733
発生場所2=教室（保育室）,発生場所1=学校内・校舎内（園内・園舎内） | 被災学年=1,3,164,0.02688965404164617,0.23395149786019973,2.009676317534307
発生場所1=学校内・校舎内（園内・園舎内） | 被災学年=1,発生場所2=教室（保育室）,3,164,0.02688965404164617,0.23098591549295774,2.009676317534307
競技種目=野球（含軟式）,和暦=平成 | 被災学校種=高,3,385,0.06312510247581571,0.5032679738562091,2.008790165280772
和暦=平成 | 被災学校種=高,競技種目=野球（含軟式）,3,385,0.06312510247581571,0.2519633507853403,2.008790165280772
発生場所1=学校内・校舎外（園内・園舎外） | 被災学年=3,場合別2=体育（保健体育）,3,145,0.023774389244138383,0.29471544715447157,2.008345823681701
和暦=令和 | 被災学校種=小,場合別1=休憩時間,3,162,0.026561731431382195,0.4576271186440678,2.0022007149283856
競技種目=サッカー・フットサル | 被災学年=3,発生場所2=運動場・校庭（園庭）,3,63,0.010329562223315297,0.7078651685393258,1.999661724373019
発生場所2=廊下,性別=女 | 発生場所1=学校内・校舎内（園内・園舎内）,3,120,0.019675356615838663,0.30612244897959184,1.998973036752174
競技種目=野球（含軟式）,被災学校種=高,2,517,0.08476799475323823,0.6758169934640523,1.9989368783400847
被災学校種=高,競技種目=野球（含軟式）,2,517,0.08476799475323823,0.2507274490785645,1.9989368783400845
場合別1=課外指導 | 競技種目=野球（含軟式）,被災学校種=高,3,514,0.08427611083784227,0.6754270696452037,1.9977835585674575
場合別2=体育的部活動 | 競技種目=野球（含軟式）,被災学校種=高,3,514,0.08427611083784227,0.6754270696452037,1.9977835585674575
被災学校種=高,場合別1=課外指導 | 競技種目=野球（含軟式）,3,514,0.08427611083784227,0.2492725509214355,1.9977835585674573
被災学校種=高,場合別2=体育的部活動 | 競技種目=野球（含軟式）,3,514,0.08427611083784227,0.2492725509214355,1.9977835585674573
場合別2=日常の清掃,和暦=平成 | 発生場所1=学校内・校舎内（園内・園舎内）,3,69,0.01131333005410723,0.6699029126213593,1.9949891914441746
場合別1=課外指導,被災学年=1 | 被災学校種=高,3,559,0.09165436956878177,0.2589161648911533,1.993850618271647
被災学年=1 | 被災学校種=高,場合別1=課外指導,3,559,0.09165436956878177,0.7058080808080808,1.9938506182716464
競技種目=サッカー・フットサル,和暦=平成 | 場合別1=課外指導,3,223,0.03656337104443352,0.5271867612293144,1.98353612383565
被災学校種=高,性別=男 | 競技種目=野球（含軟式）,3,493,0.08083292343007051,0.2390882638215325,1.9812490775102265
性別=男 | 競技種目=野球（含軟式）,被災学校種=高,3,493,0.08083292343007051,0.6698369565217391,1.9812490775102263
競技種目=バスケットボール | 被災学校種=中,場合別1=課外指導,3,75,0.012297097884899164,0.7009345794392523,1.9800833719314497
発生場所2=運動場・校庭（園庭） | 被災学年=3,場合別2=体育（保健体育）,3,129,0.02115100836202656,0.2905405405405405,1.9798958176053147
場合別1=特別活動（除学校行事） | 被災学校種=中,発生場所1=学校内・校舎内（園内・園舎内）,3,67,0.010985407443843253,0.8589743589743589,1.9776838865174087
競技種目=サッカー・フットサル | 被災学校種=中,発生場所2=運動場・校庭（園庭）,3,112,0.01836366617478275,0.7,1.9774432607688746
性別=男 | 競技種目=柔道,場合別1=課外指導,3,79,0.01295294310542712,0.6991150442477876,1.9749433324998873
競技種目=サッカー・フットサル,場合別2=体育的部活動 | 被災学年=1,3,113,0.01852762747991474,0.26713947990543735,1.9748893187191061
和暦=平成 | 競技種目=サッカー・フットサル,場合別2=体育的部活動,3,223,0.03656337104443352,0.6737160120845922,1.974528571698187
競技種目=サッカー・フットサル | 被災学年=1,発生場所2=運動場・校庭（園庭）,3,102,0.016724053123462864,0.6986301369863014,1.9735735087908532
場合別2=体育的部活動 | 発生場所2=学校外運動場・競技場,被災学校種=高,3,240,0.039350713231677326,0.6666666666666666,1.9718719689621724
場合別1=課外指導 | 給付年度=28,被災学校種=高,3,82,0.013444827020823086,0.6666666666666666,1.9718719689621724
和暦=令和 | 被災学校種=高,競技種目=野球（含軟式）,3,132,0.02164289227742253,0.24719101123595505,1.9707424542850847
給付年度=2 | 被災学校種=高,場合別1=課外指導,3,83,0.013608788325955074,0.6974789915966386,1.9703216163723478
給付年度=2 | 被災学校種=高,場合別2=体育的部活動,3,80,0.013116904410559108,0.6722689075630253,1.970287394150356
競技種目=サッカー・フットサル,場合別1=課外指導,2,295,0.04836858501393671,0.6973995271867612,1.970097135855515
発生場所2=運動場・校庭（園庭） | 競技種目=ソフトボール,性別=女,3,70,0.011477291359239219,0.5833333333333334,1.9688710570005536
場合別2=日常の清掃,発生場所1=学校内・校舎内（園内・園舎内）,2,88,0.01442859485161502,0.8543689320388349,1.9670804516817118
場合別1=特別活動（除学校行事） | 場合別2=日常の清掃,発生場所1=学校内・校舎内（園内・園舎内）,3,88,0.01442859485161502,0.8543689320388349,1.9670804516817118
場合別1=課外指導 | 発生場所2=学校外運動場・競技場,被災学校種=高,3,240,0.039350713231677326,0.6648199445983379,1.9664097197406705
競技種目=野球（含軟式） | 被災学年=2,発生場所1=学校内・校舎外（園内・園舎外）,3,241,0.03951467453680931,0.7507788161993769,1.9643929643929643
場合別2=その他の教科,和暦=平成 | 発生場所1=学校内・校舎内（園内・園舎内）,3,91,0.014920478767010985,0.6594202898550725,1.9637716542119565
競技種目=サッカー・フットサル,発生場所2=運動場・校庭（園庭）,2,294,0.048204623708804725,0.6950354609929078,1.9634188404797337
和暦=令和 | 発生場所1=学校内・校舎外（園内・園舎外）,競技種目=野球（含軟式）,3,127,0.020823085751762584,0.24612403100775193,1.9622359021127829
競技種目=サッカー・フットサル,発生場所1=学校内・校舎外（園内・園舎外） | 発生場所2=運動場・校庭（園庭）,3,293,0.04804066240367273,0.6926713947990544,1.9621936074683848
場合別1=課外指導 | 給付年度=24,被災学校種=高,3,65,0.010657484833579275,0.6632653061224489,1.9618113976919571
競技種目=バスケットボール,場合別1=課外指導 | 被災学年=2,3,66,0.010821446138711265,0.2832618025751073,1.960969050971146
場合別1=休憩時間 | 被災学校種=高,発生場所1=学校内・校舎内（園内・園舎内）,3,103,0.01688801442859485,0.8512396694214877,1.9598757054743878
場合別1=課外指導 | 競技種目=サッカー・フットサル,発生場所1=学校外（園外）,3,106,0.01737989834399082,0.3593220338983051,1.9584495842232015
場合別2=体育的部活動 | 競技種目=サッカー・フットサル,発生場所1=学校外（園外）,3,106,0.01737989834399082,0.3593220338983051,1.9584495842232015
性別=男 | 発生場所2=学校外運動場・競技場,被災学校種=高,3,223,0.03656337104443352,0.6617210682492581,1.957243838628625
場合別2=体育的部活動 | 給付年度=28,被災学校種=高,3,80,0.013116904410559108,0.6611570247933884,1.955575506408766
被災学校種=高,場合別1=課外指導 | 被災学年=1,3,559,0.09165436956878177,0.2710960232783705,1.9543908344855576
場合別1=課外指導 | 被災学年=1,被災学校種=高,3,559,0.09165436956878177,0.6607565011820331,1.9543908344855576
被災学校種=高,場合別2=体育的部活動 | 被災学年=1,3,545,0.08935891129693392,0.26430649854510185,1.9539458601534259
場合別2=体育的部活動 | 被災学年=1,被災学校種=高,3,545,0.08935891129693392,0.6606060606060606,1.9539458601534256
競技種目=バドミントン,和暦=平成 | 発生場所1=学校内・校舎内（園内・園舎内）,3,82,0.013444827020823086,0.656,1.9535859375
競技種目=野球（含軟式） | 被災学校種=高,発生場所1=学校内・校舎外（園内・園舎外）,3,386,0.0632890637809477,0.746615087040619,1.953498676902932
和暦=令和 | 場合別2=体育的部活動,被災学校種=高,3,340,0.05574684374487621,0.6601941747572816,1.9527275809139961
発生場所1=学校内・校舎外（園内・園舎外） | 競技種目=ソフトボール,性別=女,3,70,0.011477291359239219,0.5785123966942148,1.9525993953724496
競技種目=バスケットボール | 被災学年=2,場合別1=課外指導,3,66,0.010821446138711265,0.6875,1.9421317739694304
場合別2=体育的部活動 | 給付年度=24,被災学校種=高,3,63,0.010329562223315297,0.65625,1.9410614694471386
場合別2=体育的部活動 | 給付年度=3,被災学校種=高,3,63,0.010329562223315297,0.65625,1.9410614694471386
発生場所2=学校外運動場・競技場,被災学校種=高,2,245,0.04017051975733727,0.6550802139037433,1.937601466827803
発生場所1=学校外（園外） | 発生場所2=学校外運動場・競技場,被災学校種=高,3,245,0.04017051975733727,0.6550802139037433,1.937601466827803
競技種目=バレーボール,性別=女,2,66,0.010821446138711265,0.5739130434782609,1.9370756237819111
場合別2=日常の清掃 | 性別=男,発生場所1=学校内・校舎内（園内・園舎内）,3,63,0.010329562223315297,0.84,1.9339977349943376
和暦=平成 | 競技種目=野球（含軟式）,発生場所1=学校内・校舎外（園内・園舎外）,3,436,0.07148712903754714,0.7389830508474576,1.9335296555635537
和暦=平成 | 競技種目=野球（含軟式）,被災学校種=高,3,385,0.06312510247581571,0.652542372881356,1.9300950204672114
競技種目=サッカー・フットサル,場合別1=課外指導 | 被災学年=1,3,113,0.01852762747991474,0.26713947990543735,1.925867243431752
競技種目=野球（含軟式） | 被災学年=2,被災学校種=高,3,209,0.03426791277258567,0.6510903426791277,1.9258001939864207
競技種目=野球（含軟式）,発生場所1=学校内・校舎外（園内・園舎外）,2,563,0.09231021478930972,0.7359477124183007,1.9255877726465962
発生場所1=学校内・校舎外（園内・園舎外）,競技種目=野球（含軟式）,2,563,0.09231021478930972,0.24152724152724153,1.9255877726465962
発生場所1=学校内・校舎外（園内・園舎外）,場合別1=課外指導 | 競技種目=野球（含軟式）,3,560,0.09181833087391375,0.24024024024024024,1.9253945140935942
場合別1=課外指導 | 競技種目=野球（含軟式）,発生場所1=学校内・校舎外（園内・園舎外）,3,560,0.09181833087391375,0.735873850197109,1.9253945140935942
発生場所1=学校内・校舎外（園内・園舎外）,場合別2=体育的部活動 | 競技種目=野球（含軟式）,3,560,0.09181833087391375,0.24024024024024024,1.9253945140935942
場合別2=体育的部活動 | 競技種目=野球（含軟式）,発生場所1=学校内・校舎外（園内・園舎外）,3,560,0.09181833087391375,0.735873850197109,1.9253945140935942
和暦=令和 | 場合別1=課外指導,被災学校種=高,3,350,0.0573864567961961,0.6505576208178439,1.9242245050281424
性別=男 | 競技種目=サッカー・フットサル,発生場所2=運動場・校庭（園庭）,3,269,0.044105591080505,0.6810126582278481,1.9238055593013643
競技種目=バドミントン,場合別2=体育的部活動,2,82,0.013444827020823086,0.656,1.9226064392119173
競技種目=バドミントン,場合別1=課外指導 | 場合別2=体育的部活動,3,82,0.013444827020823086,0.656,1.9226064392119173
発生場所1=学校内・校舎外（園内・園舎外）,性別=男 | 競技種目=野球（含軟式）,3,540,0.08853910477127398,0.23166023166023167,1.9196953164344468
性別=男 | 競技種目=野球（含軟式）,発生場所1=学校内・校舎外（園内・園舎外）,3,540,0.08853910477127398,0.7336956521739131,1.9196953164344468
競技種目=サッカー・フットサル,場合別2=体育的部活動 | 被災学校種=高,3,166,0.027217576651910148,0.39243498817966904,1.9193752950343237
競技種目=バスケットボール | 被災学校種=高,発生場所1=学校内・校舎内（園内・園舎内）,3,95,0.01557632398753894,0.8333333333333334,1.9186485466213667
和暦=平成 | 発生場所1=学校内・校舎外（園内・園舎外）,競技種目=野球（含軟式）,3,436,0.07148712903754714,0.24022038567493112,1.91516880030249
競技種目=野球（含軟式）,和暦=平成 | 発生場所1=学校内・校舎外（園内・園舎外）,3,436,0.07148712903754714,0.5699346405228758,1.9151688003024898
場合別2=その他の教科 | 性別=男,発生場所1=学校内・校舎内（園内・園舎内）,3,68,0.011149368748975241,0.8292682926829268,1.9092892854183354
場合別1=課外指導 | 競技種目=バドミントン,発生場所1=学校内・校舎内（園内・園舎内）,3,68,0.011149368748975241,0.8292682926829268,1.9092892854183354
場合別2=体育的部活動 | 競技種目=バドミントン,発生場所1=学校内・校舎内（園内・園舎内）,3,68,0.011149368748975241,0.8292682926829268,1.9092892854183354
場合別1=特別活動（除学校行事）,性別=女 | 発生場所1=学校内・校舎内（園内・園舎内）,3,88,0.01442859485161502,0.292358803986711,1.9090967296733943
発生場所1=学校外（園外） | 被災学校種=高,場合別2=体育的部活動,3,355,0.05820626332185604,0.6513761467889908,1.9090548386670132
場合別1=課外指導 | 給付年度=3,被災学校種=高,3,65,0.010657484833579275,0.6435643564356436,1.9035397720179388
給付年度=3 | 被災学校種=高,場合別2=体育的部活動,3,63,0.010329562223315297,0.6494845360824743,1.9035109012816003
和暦=平成 | 競技種目=サッカー・フットサル,場合別1=課外指導,3,223,0.03656337104443352,0.6737160120845922,1.9031931253839407
給付年度=1 | 被災学校種=高,場合別2=体育的部活動,3,81,0.013280865715691098,0.648,1.899160019221528
和暦=令和 | 競技種目=野球（含軟式）,発生場所1=学校内・校舎外（園内・園舎外）,3,127,0.020823085751762584,0.7257142857142858,1.8988122816694246
給付年度=1 | 被災学校種=高,場合別1=課外指導,3,84,0.013772749631087064,0.672,1.8983455303381198
発生場所2=学校外運動場・競技場,被災学年=2 | 被災学校種=高,3,93,0.015248401377274963,0.24866310160427807,1.895745320855615
和暦=平成 | 競技種目=サッカー・フットサル,場合別2=体育（保健体育）,3,92,0.015084440072142975,0.27794561933534745,1.8940674104204291
給付年度=3 | 被災学校種=高,場合別1=課外指導,3,65,0.010657484833579275,0.6701030927835051,1.8929869212073172
給付年度=30,和暦=平成 | 発生場所2=体育館・屋内運動場,3,76,0.012461059190031152,0.22686567164179106,1.892823161892317
和暦=平成 | 場合別2=日常の清掃,発生場所1=学校内・校舎内（園内・園舎内）,3,69,0.01131333005410723,0.8214285714285714,1.8912392816696328
競技種目=サッカー・フットサル,和暦=平成 | 発生場所1=学校内・校舎外（園内・園舎外）,3,238,0.039022790621413346,0.5626477541371159,1.890682453158275
被災学年=5 | 被災学校種=小,場合別1=休憩時間,3,130,0.02131496966715855,0.4318936877076412,1.8896123395472766
場合別2=下校（降園）中 | 発生場所2=道路,被災学校種=小,3,83,0.013608788325955074,0.5220125786163522,1.8883479934644913
競技種目=柔道,和暦=平成 | 被災学校種=高,3,61,0.01000163961305132,0.4728682170542636,1.8874497747473518
場合別1=休憩時間 | 発生場所2=教室（保育室）,被災学校種=小,3,172,0.028201344482702083,0.5212121212121212,1.885452388655236
場合別1=保育中,性別=女 | 発生場所1=学校内・校舎内（園内・園舎内）,3,109,0.017871782259386786,0.28835978835978837,1.8829832432616158
和暦=平成 | 競技種目=サッカー・フットサル,発生場所1=学校内・校舎外（園内・園舎外）,3,238,0.039022790621413346,0.7190332326283988,1.8813314825399416
競技種目=サッカー・フットサル | 被災学校種=高,発生場所2=運動場・校庭（園庭）,3,153,0.025086079685194294,0.6652173913043479,1.8791852105443343
競技種目=バドミントン,性別=男 | 発生場所1=学校内・校舎内（園内・園舎内）,3,66,0.010821446138711265,0.528,1.8777096209912536
給付年度=25 | 被災学校種=高,場合別2=体育的部活動,3,64,0.010493523528447287,0.64,1.8757135992311387
競技種目=野球（含軟式） | 被災学校種=中,発生場所1=学校内・校舎外（園内・園舎外）,3,172,0.028201344482702083,0.7166666666666667,1.875139425139425
発生場所2=学校外運動場・競技場,被災学年=1 | 被災学校種=高,3,91,0.014920478767010985,0.24331550802139038,1.8737137416950254
競技種目=サッカー・フットサル,場合別1=課外指導 | 被災学校種=高,3,166,0.027217576651910148,0.39243498817966904,1.872817678331613
場合別2=体育的部活動 | 発生場所1=学校外（園外）,被災学校種=高,3,355,0.05820626332185604,0.6327985739750446,1.871696655030939
性別=男 | 被災学校種=高,場合別2=体育的部活動,3,1056,0.17314313821938024,0.6384522370012092,1.8711774115667346
場合別2=体育的部活動,性別=男 | 被災学校種=高,3,1056,0.17314313821938024,0.5074483421432003,1.8711774115667343
場合別2=昼食時休憩時間中,性別=女 | 被災学校種=小,3,94,0.015412362682406953,0.2079646017699115,1.8707612185762392
和暦=平成 | 場合別2=その他の教科,発生場所1=学校内・校舎内（園内・園舎内）,3,91,0.014920478767010985,0.8125,1.8706823329558324
給付年度=30 | 被災学校種=高,場合別1=課外指導,3,78,0.01278898180029513,0.6610169491525424,1.8673193019367098
和暦=令和 | 被災学校種=高,場合別2=体育的部活動,3,340,0.05574684374487621,0.6367041198501873,1.8660540254523268
発生場所1=学校外（園外） | 被災学校種=高,場合別1=課外指導,3,360,0.05902606984751599,0.6605504587155964,1.8660015042642069
場合別1=休憩時間 | 被災学年=1,被災学校種=小,3,180,0.029513034923757994,0.5157593123209169,1.8657271920790464
給付年度=25 | 被災学校種=高,場合別1=課外指導,3,66,0.010821446138711265,0.66,1.8644465030106532
和暦=平成 | 競技種目=バスケットボール,場合別2=体育的部活動,3,103,0.01688801442859485,0.6358024691358025,1.8634114652855642
給付年度=30 | 被災学校種=高,場合別2=体育的部活動,3,75,0.012297097884899164,0.635593220338983,1.862798198388975
給付年度=28 | 被災学校種=高,場合別2=体育的部活動,3,80,0.013116904410559108,0.6349206349206349,1.8608269833642248
競技種目=サッカー・フットサル | 被災学年=2,発生場所2=運動場・校庭（園庭）,3,106,0.01737989834399082,0.6583850931677019,1.859884522107371
発生場所1=学校外（園外） | 競技種目=野球（含軟式）,被災学校種=高,3,105,0.01721593703885883,0.6287425149700598,1.8596996114463602
場合別2=体育（保健体育） | 被災学校種=中,被災学年=3,3,118,0.019347434005574683,0.3959731543624161,1.8591534014290807
性別=男 | 競技種目=柔道,被災学校種=高,3,71,0.011641252664371209,0.6283185840707964,1.8584457052608085
競技種目=サッカー・フットサル,性別=男 | 被災学校種=高,3,213,0.034923757993113626,0.5035460992907801,1.8567881859579611
和暦=平成 | 発生場所2=学校外運動場・競技場,被災学校種=高,3,172,0.028201344482702083,0.6277372262773723,1.8567261605556222
競技種目=バドミントン,場合別1=課外指導,2,82,0.013444827020823086,0.656,1.853146827234831
競技種目=サッカー・フットサル | 被災学年=3,発生場所1=学校内・校舎外（園内・園舎外）,3,63,0.010329562223315297,0.7078651685393258,1.8521105375037956
場合別2=その他の教科,発生場所1=学校内・校舎内（園内・園舎内）,2,111,0.01819970486965076,0.8043478260869565,1.851912944999754
場合別1=各教科等 | 場合別2=その他の教科,発生場所1=学校内・校舎内（園内・園舎内）,3,111,0.01819970486965076,0.8043478260869565,1.851912944999754
和暦=令和 | 被災学校種=高,場合別1=課外指導,3,350,0.0573864567961961,0.6554307116104869,1.8515386336787216
和暦=平成 | 被災学年=5,発生場所2=教室（保育室）,3,67,0.010985407443843253,0.2126984126984127,1.8505672169010257
被災学校種=高,場合別2=体育的部活動 | 性別=男,3,1056,0.17314313821938024,0.5121241513094084,1.8503822267986265
場合別2=体育的部活動 | 性別=男,被災学校種=高,3,1056,0.17314313821938024,0.6255924170616114,1.8503822267986263
場合別1=休憩時間 | 被災学校種=中,発生場所1=学校内・校舎内（園内・園舎内）,3,314,0.0514838498114445,0.80306905370844,1.8489687272811535
場合別1=課外指導 | 発生場所1=学校外（園外）,被災学校種=高,3,360,0.05902606984751599,0.625,1.8486299709020366
給付年度=26 | 被災学校種=高,場合別1=課外指導,3,70,0.011477291359239219,0.6542056074766355,1.8480778138026863
給付年度=22 | 被災学校種=高,場合別2=体育的部活動,3,63,0.010329562223315297,0.63,1.8464055742431522
場合別2=休憩時間中 | 被災学年=2,発生場所1=学校内・校舎内（園内・園舎内）,3,105,0.01721593703885883,0.8015267175572519,1.8454176860632991
被災学校種=小,場合別1=休憩時間 | 発生場所1=学校内・校舎内（園内・園舎内）,3,455,0.07460239383505493,0.26986951364175565,1.845217672310614
場合別1=休憩時間 | 発生場所1=学校内・校舎内（園内・園舎内）,被災学校種=小,3,455,0.07460239383505493,0.5100896860986547,1.845217672310614
場合別2=体育的部活動 | 給付年度=20,被災学校種=高,3,63,0.010329562223315297,0.6237623762376238,1.8449693174943098
給付年度=29 | 被災学校種=高,場合別2=体育的部活動,3,73,0.011969175274635186,0.6293103448275862,1.8443843311405324
競技種目=サッカー・フットサル,性別=男 | 発生場所1=学校外（園外）,3,105,0.01721593703885883,0.24822695035460993,1.8440148236452691
通学方法=自転車,性別=男 | 被災学校種=高,3,69,0.01131333005410723,0.5,1.8437122128174124
給付年度=27 | 被災学校種=高,場合別2=体育的部活動,3,78,0.01278898180029513,0.6290322580645161,1.8435693137604439
競技種目=野球（含軟式）,性別=男 | 被災学年=1,3,288,0.04722085587801279,0.3764705882352941,1.8427721650457938
性別=男 | 被災学年=1,競技種目=野球（含軟式）,3,288,0.04722085587801279,0.23113964686998395,1.8427721650457936
被災学校種=高,場合別1=課外指導 | 性別=男,3,1073,0.17593048040662404,0.520368574199806,1.8419779071646063
場合別1=課外指導 | 性別=男,被災学校種=高,3,1073,0.17593048040662404,0.6227510156703424,1.8419779071646063
和暦=平成 | 競技種目=柔道,被災学校種=高,3,61,0.01000163961305132,0.6224489795918368,1.8410845424493754
発生場所2=体育館・屋内運動場 | 被災学年=1,場合別2=体育的部活動,3,194,0.03180849319560584,0.627831715210356,1.8400507597635563
給付年度=28 | 被災学校種=高,場合別1=課外指導,3,82,0.013444827020823086,0.6507936507936508,1.8384393127329675
発生場所2=運動場・校庭（園庭） | 被災学年=1,場合別2=体育的部活動,3,412,0.0675520577143794,0.6270928462709284,1.8378852808295973
場合別2=休憩時間中,性別=男 | 発生場所1=学校内・校舎内（園内・園舎内）,3,278,0.0455812428266929,0.516728624535316,1.8376255866127649
発生場所2=学校外運動場・競技場,和暦=平成 | 被災学校種=高,3,172,0.028201344482702083,0.45989304812834225,1.8356594898787693
給付年度=18 | 被災学校種=高,場合別2=体育的部活動,3,62,0.01016560091818331,0.6262626262626263,1.8354520699547128
場合別2=体育的部活動,被災学年=2 | 被災学校種=高,3,501,0.08214461387112641,0.2407496395963479,1.8354150648726575
被災学年=2 | 被災学校種=高,場合別2=体育的部活動,3,501,0.08214461387112641,0.62625,1.8354150648726573
発生場所1=学校内・校舎内（園内・園舎内） | 給付年度=18,場合別1=休憩時間,3,78,0.01278898180029513,0.41935483870967744,1.834752626463646
競技種目=柔道,被災学校種=高,2,80,0.013116904410559108,0.6201550387596899,1.8342995060113232
場合別1=保育中 | 被災学校種=幼,性別=女,3,63,0.010329562223315297,0.5431034482758621,1.8330868461729293
性別=男 | 被災学校種=高,場合別1=課外指導,3,1073,0.17593048040662404,0.6487303506650545,1.8326106571126297
場合別1=課外指導,性別=男 | 被災学校種=高,3,1073,0.17593048040662404,0.4969893469198703,1.8326106571126293
競技種目=サッカー・フットサル | 被災学校種=中,発生場所1=学校内・校舎外（園内・園舎外）,3,112,0.01836366617478275,0.7,1.8315315315315313
場合別1=特別活動（除学校行事）,和暦=平成 | 発生場所1=学校内・校舎内（園内・園舎内）,3,185,0.030332841449417936,0.6146179401993356,1.8303490318729236
被災学校種=保,性別=女 | 発生場所1=学校内・校舎内（園内・園舎内）,3,70,0.011477291359239219,0.28,1.8283940042826554
競技種目=サッカー・フットサル | 被災学年=1,発生場所1=学校内・校舎外（園内・園舎外）,3,102,0.016724053123462864,0.6986301369863014,1.827947321098006
場合別1=特別活動（除学校行事） | 性別=女,発生場所1=学校内・校舎内（園内・園舎内）,3,88,0.01442859485161502,0.7927927927927928,1.8253088875965435
競技種目=サッカー・フットサル,発生場所1=学校内・校舎外（園内・園舎外）,2,295,0.04836858501393671,0.6973995271867612,1.8247274630253354
発生場所2=学校外運動場・競技場 | 競技種目=野球（含軟式）,被災学校種=高,3,95,0.01557632398753894,0.6168831168831169,1.8246217894617507
競技種目=サッカー・フットサル | 被災学年=1,被災学校種=高,3,90,0.014756517461878997,0.6164383561643836,1.823306272670502
競技種目=バレーボール,発生場所1=学校内・校舎内（園内・園舎内）,2,91,0.014920478767010985,0.7913043478260869,1.8218819242700282
発生場所2=体育館・屋内運動場 | 被災学校種=高,場合別1=各教科等,3,158,0.02590588621085424,0.36574074074074076,1.8194557730650716
発生場所1=学校内・校舎内（園内・園舎内） | 被災学年=3,発生場所2=教室（保育室）,3,115,0.018855550090178717,0.20909090909090908,1.8191803916482945
被災学校種=幼,性別=女,2,63,0.010329562223315297,0.5384615384615384,1.81741943723128
性別=男 | 被災学年=4,場合別1=休憩時間,3,93,0.015248401377274963,0.41517857142857145,1.8164807081369134
場合別1=課外指導,被災学年=2 | 被災学校種=高,3,512,0.0839481882275783,0.23714682723483094,1.8079481241315425
被災学年=2 | 被災学校種=高,場合別1=課外指導,3,512,0.0839481882275783,0.64,1.8079481241315425
給付年度=22 | 被災学校種=高,場合別1=課外指導,3,64,0.010493523528447287,0.64,1.8079481241315425
給付年度=26 | 被災学校種=高,場合別2=体育的部活動,3,66,0.010821446138711265,0.616822429906542,1.807784718885151
発生場所2=教室（保育室）,発生場所1=学校内・校舎内（園内・園舎内） | 被災学校種=中,3,174,0.02852926709296606,0.24821683309557774,1.8065327745225879
発生場所1=学校内・校舎内（園内・園舎内） | 被災学校種=中,発生場所2=教室（保育室）,3,174,0.02852926709296606,0.20763723150357996,1.8065327745225879
給付年度=30 | 被災学校種=高,被災学年=2,3,66,0.010821446138711265,0.559322033898305,1.8039688443922592
場合別2=体育的部活動 | 給付年度=25,被災学校種=高,3,64,0.010493523528447287,0.6095238095238096,1.8028543716225578
給付年度=29 | 被災学校種=高,場合別1=課外指導,3,74,0.012133136579767174,0.6379310344827587,1.8021034642474967
発生場所2=学校外運動場・競技場 | 被災学年=2,被災学校種=高,3,93,0.015248401377274963,0.6078431372549019,1.7978832658184511
給付年度=18 | 被災学校種=高,場合別1=課外指導,3,63,0.010329562223315297,0.6363636363636364,1.7976756916080678
発生場所1=学校外（園外） | 競技種目=サッカー・フットサル,被災学校種=高,3,65,0.010657484833579275,0.6074766355140186,1.796799224054316
和暦=平成 | 競技種目=バスケットボール,場合別1=課外指導,3,103,0.01688801442859485,0.6358024691358025,1.796090439675433
発生場所1=学校内・校舎内（園内・園舎内） | 競技種目=バドミントン,場合別2=体育的部活動,3,68,0.011149368748975241,0.6126126126126126,1.7954465758406168
場合別1=休憩時間 | 発生場所2=廊下,被災学校種=小,3,130,0.02131496966715855,0.4961832061068702,1.794911847002255
場合別2=休憩時間中 | 発生場所2=廊下,被災学校種=小,3,64,0.010493523528447287,0.49612403100775193,1.7946977847664765
場合別1=保育中,和暦=平成 | 性別=女,3,157,0.02574192490572225,0.41534391534391535,1.7927689594356262
場合別2=体育的部活動,発生場所2=運動場・校庭（園庭） | 被災学年=2,3,417,0.06837186424003935,0.2003844305622297,1.7920009413475644
発生場所2=運動場・校庭（園庭） | 被災学年=2,場合別2=体育的部活動,3,417,0.06837186424003935,0.6114369501466276,1.7920009413475644
被災学年=5,発生場所2=教室（保育室）,2,83,0.013608788325955074,0.20595533498759305,1.791899555048973
被災学年=5,発生場所1=学校内・校舎内（園内・園舎内） | 発生場所2=教室（保育室）,3,83,0.013608788325955074,0.20595533498759305,1.791899555048973
被災学校種=高,場合別2=体育的部活動 | 発生場所2=運動場・校庭（園庭）,3,604,0.09903262829972126,0.2929194956353055,1.7918916789164776
場合別2=体育的部活動 | 発生場所2=運動場・校庭（園庭）,被災学校種=高,3,604,0.09903262829972126,0.6058174523570712,1.7918916789164776
場合別1=課外指導 | 給付年度=25,被災学校種=高,3,66,0.010821446138711265,0.6055045871559633,1.7909662837362852
場合別2=体育的部活動 | 給付年度=30,被災学校種=高,3,75,0.012297097884899164,0.6048387096774194,1.788996746034229
性別=男 | 競技種目=サッカー・フットサル,発生場所1=学校内・校舎外（園内・園舎外）,3,270,0.04426955238563699,0.6835443037974683,1.7884756365769023
場合別1=課外指導 | 給付年度=30,被災学校種=高,3,78,0.01278898180029513,0.6046511627906976,1.78844201836104
発生場所1=学校内・校舎外（園内・園舎外） | 競技種目=サッカー・フットサル,場合別2=体育的部活動,3,180,0.029513034923757994,0.6101694915254238,1.7882862704534164
競技種目=バレーボール,被災学校種=中,2,62,0.01016560091818331,0.5391304347826087,1.7880133342790268
発生場所2=学校外運動場・競技場 | 競技種目=サッカー・フットサル,被災学校種=高,3,61,0.01000163961305132,0.6039603960396039,1.786398862970681
発生場所2=学校外運動場・競技場 | 被災学年=3,被災学校種=高,3,61,0.01000163961305132,0.6039603960396039,1.786398862970681
競技種目=バスケットボール,場合別2=体育的部活動,2,142,0.023282505328742417,0.6094420600858369,1.7861543125725703
競技種目=バスケットボール,場合別1=課外指導 | 場合別2=体育的部活動,3,142,0.023282505328742417,0.6094420600858369,1.7861543125725703
場合別1=各教科等 | 被災学校種=小,発生場所2=体育館・屋内運動場,3,115,0.018855550090178717,0.2948717948717949,1.7859216255442671
競技種目=野球（含軟式）,性別=男 | 被災学年=2,3,312,0.05115592720118052,0.40784313725490196,1.7856678349731852
性別=男 | 被災学年=2,競技種目=野球（含軟式）,3,312,0.05115592720118052,0.22397702799712849,1.785667834973185
発生場所2=運動場・校庭（園庭） | 競技種目=サッカー・フットサル,場合別2=体育的部活動,3,179,0.029349073618626004,0.608843537414966,1.7844001608331943
場合別1=各教科等 | 被災学校種=高,被災学年=3,3,150,0.02459419576979833,0.379746835443038,1.7829683982810538
場合別1=課外指導 | 競技種目=バレーボール,発生場所1=学校内・校舎内（園内・園舎内）,3,72,0.011805213969503197,0.7741935483870968,1.7824863916998503
場合別2=体育的部活動 | 競技種目=バレーボール,発生場所1=学校内・校舎内（園内・園舎内）,3,72,0.011805213969503197,0.7741935483870968,1.7824863916998503
被災学校種=高,場合別2=体育的部活動 | 発生場所1=学校内・校舎外（園内・園舎外）,3,621,0.10181997048696508,0.3011639185257032,1.7798437394266122
場合別2=体育的部活動 | 発生場所1=学校内・校舎外（園内・園舎外）,被災学校種=高,3,621,0.10181997048696508,0.6017441860465116,1.779843739426612
被災学校種=高,場合別1=課外指導 | 発生場所2=運動場・校庭（園庭）,3,604,0.09903262829972126,0.2929194956353055,1.7793984102387732
場合別1=課外指導 | 発生場所2=運動場・校庭（園庭）,被災学校種=高,3,604,0.09903262829972126,0.601593625498008,1.7793984102387732
場合別2=体育的部活動 | 給付年度=2,被災学校種=高,3,80,0.013116904410559108,0.6015037593984962,1.7791326035748924
給付年度=27 | 被災学校種=高,場合別1=課外指導,3,78,0.01278898180029513,0.6290322580645161,1.7769651421655785
場合別1=課外指導 | 給付年度=20,被災学校種=高,3,63,0.010329562223315297,0.6,1.774684772065955
発生場所2=体育館・屋内運動場 | 被災学年=1,場合別1=課外指導,3,194,0.03180849319560584,0.627831715210356,1.773573705913831
場合別2=体育的部活動,被災学校種=高,2,1247,0.2044597474995901,0.5992311388755406,1.7724106285169359
被災学校種=高,場合別2=体育的部活動,2,1247,0.2044597474995901,0.604752667313288,1.7724106285169359
被災学校種=高,場合別1=課外指導 | 場合別2=体育的部活動,3,1247,0.2044597474995901,0.604752667313288,1.7724106285169359
場合別1=課外指導 | 場合別2=体育的部活動,被災学校種=高,3,1247,0.2044597474995901,0.5992311388755406,1.7724106285169359
発生場所2=運動場・校庭（園庭） | 被災学年=1,場合別1=課外指導,3,412,0.0675520577143794,0.6270928462709284,1.7714864610497418
和暦=平成 | 場合別2=下校（降園）中,被災学校種=小,3,69,0.01131333005410723,0.48936170212765956,1.7702354811842205
場合別2=昼食時休憩時間中,発生場所1=学校内・校舎内（園内・園舎内） | 被災学校種=小,3,112,0.01836366617478275,0.24778761061946902,1.7696213549978237
発生場所2=体育館・屋内運動場 | 競技種目=バドミントン,場合別2=体育的部活動,3,64,0.010493523528447287,0.6037735849056604,1.7695411313501308
性別=女 | 競技種目=バスケットボール,発生場所1=学校内・校舎内（園内・園舎内）,3,63,0.010329562223315297,0.7682926829268293,1.7689003673728698
発生場所2=運動場・校庭（園庭） | 被災学校種=中,場合別2=体育的部活動,3,374,0.06132152811936383,0.603225806451613,1.7679357008882206
和暦=令和 | 性別=女,発生場所2=体育館・屋内運動場,3,115,0.018855550090178717,0.2918781725888325,1.7677904415285892
場合別1=特別活動（除学校行事）,発生場所1=学校内・校舎内（園内・園舎内）,2,231,0.03787506148548942,0.7674418604651163,1.7669414522373517
性別=男 | 競技種目=バスケットボール,場合別2=体育的部活動,3,91,0.014920478767010985,0.6026490066225165,1.7662452145077983
場合別2=休憩時間中,和暦=平成 | 発生場所1=学校内・校舎内（園内・園舎内）,3,319,0.052303656337104446,0.5929368029739777,1.7657820123722117
競技種目=バスケットボール,性別=女 | 発生場所1=学校内・校舎内（園内・園舎内）,3,63,0.010329562223315297,0.2703862660944206,1.7656165277407616
和暦=令和 | 場合別2=休憩時間中,発生場所1=学校内・校舎内（園内・園舎内）,3,72,0.011805213969503197,0.7659574468085106,1.763523770511554
場合別2=体育的部活動,発生場所1=学校内・校舎外（園内・園舎外） | 被災学年=1,3,423,0.06935563207083129,0.20326765977895242,1.7634842915957765
発生場所1=学校内・校舎外（園内・園舎外） | 被災学年=1,場合別2=体育的部活動,3,423,0.06935563207083129,0.6017069701280228,1.7634842915957762
場合別2=休憩時間中 | 被災学年=3,発生場所1=学校内・校舎内（園内・園舎内）,3,78,0.01278898180029513,0.7647058823529411,1.7606421957231364
場合別2=授業終了後の特定時間中,和暦=平成 | 被災学校種=小,3,88,0.01442859485161502,0.38427947598253276,1.7595499429560564
被災学校種=高,場合別1=課外指導 | 発生場所1=学校内・校舎外（園内・園舎外）,3,624,0.10231185440236104,0.3026188166828322,1.759458687272253
場合別1=課外指導 | 発生場所1=学校内・校舎外（園内・園舎外）,被災学校種=高,3,624,0.10231185440236104,0.5948522402287894,1.759458687272253
場合別2=下校（降園）中 | 発生場所1=学校外（園外）,被災学校種=小,3,89,0.014592556156747007,0.48633879781420764,1.7593003130894735
場合別2=その他の教科,性別=男 | 発生場所1=学校内・校舎内（園内・園舎内）,3,68,0.011149368748975241,0.4927536231884058,1.7523640512105463
場合別1=課外指導 | 競技種目=バスケットボール,被災学校種=中,3,75,0.012297097884899164,0.528169014084507,1.75166004181697
場合別2=体育的部活動 | 競技種目=バスケットボール,被災学校種=中,3,75,0.012297097884899164,0.528169014084507,1.75166004181697
発生場所1=学校外（園外） | 被災学校種=中,場合別2=体育的部活動,3,199,0.03262829972126578,0.5975975975975976,1.7514405323151117
場合別1=課外指導,被災学校種=高,2,1278,0.20954254795868174,0.5919407132931913,1.750846949745477
被災学校種=高,場合別1=課外指導,2,1278,0.20954254795868174,0.6197866149369544,1.750846949745477
場合別2=下校（降園）中,被災学校種=小,2,89,0.014592556156747007,0.483695652173913,1.7497388983444222
場合別1=通学中 | 場合別2=下校（降園）中,被災学校種=小,3,89,0.014592556156747007,0.483695652173913,1.7497388983444222
発生場所1=学校外（園外） | 被災学校種=中,場合別1=課外指導,3,206,0.0337760288571897,0.6186186186186187,1.7475474548193402
発生場所1=学校外（園外） | 被災学年=1,被災学校種=高,3,200,0.03279226102639777,0.5899705014749262,1.7450194415594447
発生場所1=学校内・校舎内（園内・園舎内） | 給付年度=19,場合別1=休憩時間,3,69,0.01131333005410723,0.3988439306358382,1.7450137252137568
場合別1=課外指導 | 給付年度=2,被災学校種=高,3,83,0.013608788325955074,0.5886524822695035,1.7411209938708543
発生場所1=学校外（園外） | 被災学年=2,場合別2=体育的部活動,3,240,0.039350713231677326,0.594059405940594,1.7410707913655372
競技種目=サッカー・フットサル | 被災学校種=高,発生場所1=学校内・校舎外（園内・園舎外）,3,153,0.025086079685194294,0.6652173913043479,1.7405237535672318
和暦=平成 | 競技種目=バレーボール,発生場所1=学校内・校舎内（園内・園舎内）,3,65,0.010657484833579275,0.7558139534883721,1.7401696120519372
競技種目=サッカー・フットサル,場合別2=体育（保健体育）,2,108,0.017707820954254796,0.2553191489361702,1.7398787590633542
競技種目=サッカー・フットサル,場合別1=各教科等 | 場合別2=体育（保健体育）,3,108,0.017707820954254796,0.2553191489361702,1.7398787590633542
場合別2=体育的部活動,和暦=平成 | 被災学校種=高,3,907,0.14871290375471388,0.43584814992791926,1.7396844675460599
和暦=平成 | 被災学校種=高,場合別2=体育的部活動,3,907,0.14871290375471388,0.5935863874345549,1.7396844675460597
和暦=平成 | 場合別1=特別活動（除学校行事）,発生場所1=学校内・校舎内（園内・園舎内）,3,185,0.030332841449417936,0.7551020408163265,1.7385305197956873
発生場所2=教室（保育室）,場合別1=休憩時間 | 被災学校種=小,3,172,0.028201344482702083,0.24536376604850213,1.7380645866780657
場合別2=体育的部活動,発生場所1=学校内・校舎外（園内・園舎外） | 被災学年=2,3,432,0.07083128381701918,0.20759250360403653,1.7367718511399435
発生場所1=学校内・校舎外（園内・園舎外） | 被災学年=2,場合別2=体育的部活動,3,432,0.07083128381701918,0.5925925925925926,1.7367718511399433
発生場所2=運動場・校庭（園庭） | 被災学年=2,場合別1=課外指導,3,419,0.06869978685030333,0.6143695014662757,1.7355440432806
場合別1=特別活動（除学校行事） | 性別=男,発生場所1=学校内・校舎内（園内・園舎内）,3,143,0.023446466633874407,0.7526315789473684,1.7328425821064555
競技種目=野球（含軟式） | 被災学年=3,発生場所2=運動場・校庭（園庭）,3,84,0.013772749631087064,0.6131386861313869,1.7320670897245618
発生場所1=学校内・校舎内（園内・園舎内） | 競技種目=バドミントン,場合別1=課外指導,3,68,0.011149368748975241,0.6126126126126126,1.7305809746754628
競技種目=バスケットボール,場合別1=各教科等,2,81,0.013280865715691098,0.34763948497854075,1.7294071932170636
競技種目=バスケットボール,発生場所1=学校内・校舎内（園内・園舎内）,2,175,0.02869322839809805,0.7510729613733905,1.729254054894794
発生場所1=学校内・校舎内（園内・園舎内） | 被災学年=3,場合別1=各教科等,3,191,0.03131660928020987,0.3472727272727273,1.727582678333086
被災学校種=高,場合別2=体育的部活動 | 被災学年=2,3,501,0.08214461387112641,0.24296799224054316,1.7271116371504345
場合別2=体育的部活動 | 被災学年=2,被災学校種=高,3,501,0.08214461387112641,0.583916083916084,1.7271116371504345
競技種目=サッカー・フットサル | 被災学年=2,被災学校種=高,3,94,0.015412362682406953,0.5838509316770186,1.7269189293395424
発生場所1=学校内・校舎外（園内・園舎外） | 競技種目=サッカー・フットサル,場合別1=課外指導,3,180,0.029513034923757994,0.6101694915254238,1.7236793556338859
競技種目=サッカー・フットサル | 被災学年=2,発生場所1=学校内・校舎外（園内・園舎外）,3,106,0.01737989834399082,0.6583850931677019,1.7226472257528158
場合別2=体育的部活動 | 給付年度=27,被災学校種=高,3,78,0.01278898180029513,0.582089552238806,1.7217091072281656
競技種目=バスケットボール,和暦=平成 | 場合別2=体育的部活動,3,103,0.01688801442859485,0.44206008583690987,1.7216631312383865
競技種目=バスケットボール,場合別1=課外指導,2,142,0.023282505328742417,0.6094420600858369,1.7216244207797682
和暦=平成 | 場合別1=保育中,性別=女,3,157,0.02574192490572225,0.5097402597402597,1.7204791611266432
発生場所2=運動場・校庭（園庭） | 競技種目=サッカー・フットサル,場合別1=課外指導,3,179,0.029349073618626004,0.608843537414966,1.7199336427484382
被災学校種=高,場合別1=課外指導 | 被災学年=2,3,512,0.0839481882275783,0.24830261881668284,1.7189530898557874
場合別1=課外指導 | 被災学年=2,被災学校種=高,3,512,0.0839481882275783,0.5811577752553916,1.7189530898557872
場合別2=下校（降園）中,和暦=平成 | 被災学校種=小,3,69,0.01131333005410723,0.375,1.7170608108108107
発生場所1=学校内・校舎内（園内・園舎内） | 給付年度=22,場合別1=休憩時間,3,62,0.01016560091818331,0.3924050632911392,1.7168425258340445
発生場所1=学校内・校舎外（園内・園舎外） | 被災学年=1,場合別1=課外指導,3,427,0.07001147729135924,0.6073968705547653,1.7158469261294644
場合別1=課外指導,和暦=平成 | 被災学校種=高,3,928,0.15215609116248566,0.4298286243631311,1.7156575785279689
和暦=平成 | 被災学校種=高,場合別1=課外指導,3,928,0.15215609116248566,0.6073298429319371,1.7156575785279689
場合別1=課外指導 | 競技種目=サッカー・フットサル,発生場所2=運動場・校庭（園庭）,3,179,0.029349073618626004,0.6067796610169491,1.7141033592136976
場合別2=体育的部活動 | 競技種目=サッカー・フットサル,発生場所2=運動場・校庭（園庭）,3,179,0.029349073618626004,0.6067796610169491,1.7141033592136976
場合別2=体育的部活動 | 給付年度=29,被災学校種=高,3,73,0.011969175274635186,0.5793650793650794,1.7136506396933167
性別=男 | 被災学年=6,場合別1=休憩時間,3,94,0.015412362682406953,0.39166666666666666,1.7136119081779053
被災学校種=高,和暦=平成 | 場合別2=体育的部活動,3,907,0.14871290375471388,0.4398642095053346,1.7131109921922323
和暦=平成 | 場合別2=体育的部活動,被災学校種=高,3,907,0.14871290375471388,0.5791826309067688,1.713110992192232
場合別1=特別活動（除学校行事） | 被災学校種=小,発生場所1=学校内・校舎内（園内・園舎内）,3,148,0.02426627315953435,0.7437185929648241,1.712321516984697
給付年度=5 | 被災学校種=高,場合別2=体育的部活動,3,66,0.010821446138711265,0.584070796460177,1.711796149740807
場合別2=休憩時間中 | 性別=男,発生場所1=学校内・校舎内（園内・園舎内）,3,278,0.0455812428266929,0.7433155080213903,1.711393462975636
発生場所1=学校内・校舎外（園内・園舎外） | 被災学年=5,場合別1=休憩時間,3,61,0.01000163961305132,0.391025641025641,1.7108073060368612
和暦=令和 | 競技種目=野球（含軟式）,被災学年=1,3,86,0.014100672241351041,0.49142857142857144,1.7107436399217222
場合別2=体育的部活動 | 給付年度=22,被災学校種=高,3,63,0.010329562223315297,0.5779816513761468,1.7095587253846358
競技種目=バスケットボール,性別=男 | 発生場所1=学校内・校舎内（園内・園舎内）,3,112,0.01836366617478275,0.48068669527896996,1.709450818954191
場合別1=課外指導 | 給付年度=27,被災学校種=高,3,78,0.01278898180029513,0.5777777777777777,1.7089557064338827
発生場所2=運動場・校庭（園庭） | 被災学校種=中,場合別1=課外指導,3,375,0.06148548942449582,0.6048387096774194,1.708620329005364
性別=男 | 競技種目=バスケットボール,発生場所1=学校内・校舎内（園内・園舎内）,3,112,0.01836366617478275,0.7417218543046358,1.7077242693106733
発生場所1=学校内・校舎外（園内・園舎外） | 被災学校種=中,場合別2=体育的部活動,3,389,0.06378094769634367,0.5823353293413174,1.7067098383722703
給付年度=28,和暦=平成 | 発生場所2=体育館・屋内運動場,3,63,0.010329562223315297,0.20454545454545456,1.706597438129586
発生場所2=体育館・屋内運動場 | 競技種目=バドミントン,場合別1=課外指導,3,64,0.010493523528447287,0.6037735849056604,1.7056114378599456
場合別2=休憩時間中,発生場所1=学校内・校舎内（園内・園舎内） | 被災学校種=中,3,126,0.020659124446630595,0.2342007434944238,1.7045230722822085
競技種目=サッカー・フットサル,性別=男 | 被災学校種=中,3,158,0.02590588621085424,0.3735224586288416,1.70389938307951
和暦=令和 | 被災学年=3,場合別2=体育（保健体育）,3,70,0.011477291359239219,0.25,1.7036312849162012
性別=男 | 競技種目=バスケットボール,場合別1=課外指導,3,91,0.014920478767010985,0.6026490066225165,1.7024345953639317
発生場所1=学校内・校舎内（園内・園舎内） | 被災学年=6,場合別1=休憩時間,3,91,0.014920478767010985,0.3888888888888889,1.7014586322333811
場合別2=体育（保健体育） | 被災学校種=小,性別=女,3,124,0.02033120183636662,0.5040650406504065,1.7013241189412447
場合別1=課外指導 | 給付年度=30,被災学年=2,3,68,0.011149368748975241,0.5271317829457365,1.7001463480624255
発生場所1=学校外（園外） | 被災学年=2,場合別1=課外指導,3,243,0.03984259714707329,0.6014851485148515,1.6991467905475124
競技種目=サッカー・フットサル,被災学年=2 | 被災学校種=高,3,94,0.015412362682406953,0.2222222222222222,1.6941666666666666
被災学校種=高,和暦=平成 | 場合別1=課外指導,3,928,0.15215609116248566,0.45004849660523766,1.693303998023038
和暦=平成 | 場合別1=課外指導,被災学校種=高,3,928,0.15215609116248566,0.5724861196792104,1.6933039980230378
場合別2=体育的部活動 | 発生場所2=体育館・屋内運動場,被災学校種=高,3,242,0.039678635841941305,0.5721040189125296,1.6921738173363325
発生場所2=教室（保育室）,性別=男 | 被災学校種=小,3,196,0.03213641580586982,0.2796005706134094,1.6917498811222065
場合別1=休憩時間 | 被災学年=3,被災学校種=小,3,137,0.022462698803082472,0.46757679180887374,1.6914299248175095
場合別1=課外指導 | 発生場所2=体育館・屋内運動場,被災学校種=高,3,243,0.03984259714707329,0.571764705882353,1.691170194556969
場合別1=課外指導 | 給付年度=22,被災学校種=高,3,64,0.010493523528447287,0.5714285714285714,1.6901759733961477
通学方法=自転車,被災学年=1,2,67,0.010985407443843253,0.4855072463768116,1.6901305340480446
場合別1=通学中 | 通学方法=自転車,被災学年=1,3,67,0.010985407443843253,0.4855072463768116,1.6901305340480446
発生場所1=学校内・校舎外（園内・園舎外） | 被災学年=2,場合別1=課外指導,3,436,0.07148712903754714,0.598079561042524,1.689526281981637
場合別1=課外指導,発生場所1=学校内・校舎外（園内・園舎外） | 被災学年=2,3,436,0.07148712903754714,0.20194534506716072,1.6895262819816368
場合別1=特別活動（除学校行事）,性別=男 | 発生場所1=学校内・校舎内（園内・園舎内）,3,143,0.023446466633874407,0.4750830564784053,1.689522776362562
被災学年=3 | 被災学校種=高,場合別2=体育（保健体育）,3,116,0.019019511395310707,0.24786324786324787,1.6890703337630713
給付年度=21,和暦=平成 | 発生場所1=学校外（園外）,3,86,0.014100672241351041,0.23822714681440443,1.685553791671755
発生場所2=体育館・屋内運動場 | 被災学年=1,被災学校種=高,3,176,0.02885718970323004,0.56957928802589,1.684706148239526
場合別1=課外指導 | 給付年度=29,被災学校種=高,3,74,0.012133136579767174,0.5692307692307692,1.6836752965753934
競技種目=バレーボール,和暦=平成 | 発生場所1=学校内・校舎内（園内・園舎内）,3,65,0.010657484833579275,0.5652173913043478,1.6832328464673911
場合別2=昼食時休憩時間中 | 発生場所1=学校内・校舎内（園内・園舎内）,被災学校種=小,3,112,0.01836366617478275,0.46473029045643155,1.681132883448266
発生場所1=学校内・校舎内（園内・園舎内） | 被災学年=4,場合別1=休憩時間,3,73,0.011969175274635186,0.38421052631578945,1.680989956958393
和暦=令和 | 発生場所1=学校外（園外）,被災学校種=高,3,146,0.023938350549270373,0.5680933852140078,1.680311133084497
競技種目=バスケットボール | 被災学年=2,発生場所1=学校内・校舎内（園内・園舎内）,3,70,0.011477291359239219,0.7291666666666666,1.6788174782936958
給付年度=21 | 被災学校種=高,場合別2=体育的部活動,3,63,0.010329562223315297,0.5727272727272728,1.6785505220392294
場合別1=各教科等 | 被災学校種=中,被災学年=3,3,134,0.021970814887686506,0.35733333333333334,1.6777336412625097
発生場所1=学校外（園外） | 通学方法=自転車,被災学年=1,3,66,0.010821446138711265,0.48175182481751827,1.677057294270573
発生場所2=道路 | 通学方法=自転車,被災学年=1,3,65,0.010657484833579275,0.48148148148148145,1.6761161846778285
給付年度=5 | 被災学校種=高,場合別1=課外指導,3,67,0.010985407443843253,0.5929203539823009,1.6749519402214235
発生場所1=学校内・校舎内（園内・園舎内） | 被災学校種=高,場合別2=体育（保健体育）,3,159,0.026069847515986226,0.24574961360123648,1.6746669199485378
和暦=令和 | 被災学校種=中,発生場所2=体育館・屋内運動場,3,107,0.017543859649122806,0.27648578811369506,1.6745648676320022
場合別2=授業終了後の特定時間中,被災学校種=小,2,106,0.01737989834399082,0.462882096069869,1.67444715535595
場合別1=休憩時間 | 場合別2=授業終了後の特定時間中,被災学校種=小,3,106,0.01737989834399082,0.462882096069869,1.67444715535595
場合別1=保育中 | 発生場所1=学校内・校舎外（園内・園舎外）,性別=女,3,61,0.01000163961305132,0.4959349593495935,1.6738834073454183
場合別2=休憩時間中,発生場所1=学校内・校舎内（園内・園舎内）,2,391,0.06410887030660764,0.7267657992565055,1.6732897733731322
場合別1=休憩時間 | 場合別2=休憩時間中,発生場所1=学校内・校舎内（園内・園舎内）,3,391,0.06410887030660764,0.7267657992565055,1.6732897733731322
和暦=平成 | 場合別2=授業終了後の特定時間中,被災学校種=小,3,88,0.01442859485161502,0.4607329842931937,1.6666728773453077
場合別2=体育的部活動 | 給付年度=30,被災学年=2,3,64,0.010493523528447287,0.5161290322580645,1.6646594223912932
場合別1=課外指導 | 競技種目=サッカー・フットサル,被災学校種=高,3,166,0.027217576651910148,0.5627118644067797,1.6643936280392575
場合別2=体育的部活動 | 競技種目=サッカー・フットサル,被災学校種=高,3,166,0.027217576651910148,0.5627118644067797,1.6643936280392575
被災学年=6 | 被災学校種=小,場合別1=休憩時間,3,127,0.020823085751762584,0.38023952095808383,1.663616096358216
競技種目=バスケットボール,和暦=平成 | 場合別1=課外指導,3,103,0.01688801442859485,0.44206008583690987,1.6632476641081513
場合別1=保育中,性別=女,2,186,0.030496802754549926,0.49206349206349204,1.660816401823596
場合別2=体育的部活動,性別=男 | 発生場所1=学校外（園外）,3,464,0.07607804558124283,0.2229697260932244,1.6563853342784112
性別=男 | 発生場所1=学校外（園外）,場合別2=体育的部活動,3,464,0.07607804558124283,0.5651644336175395,1.656385334278411
和暦=平成 | 場合別2=休憩時間中,発生場所1=学校内・校舎内（園内・園舎内）,3,319,0.052303656337104446,0.7184684684684685,1.6541861793843675
発生場所1=学校内・校舎外（園内・園舎外） | 被災学校種=中,場合別1=課外指導,3,391,0.06410887030660764,0.5853293413173652,1.6535079447404404
場合別2=体育的部活動 | 給付年度=18,被災学校種=高,3,62,0.01016560091818331,0.5585585585585585,1.6521089469683066
場合別2=その他の教科,被災学校種=小,2,63,0.010329562223315297,0.45652173913043476,1.6514389602351849
場合別1=各教科等 | 場合別2=その他の教科,被災学校種=小,3,63,0.010329562223315297,0.45652173913043476,1.6514389602351849
和暦=平成 | 競技種目=バスケットボール,発生場所1=学校内・校舎内（園内・園舎内）,3,116,0.019019511395310707,0.7160493827160493,1.6486165289487298
給付年度=20 | 被災学校種=高,場合別2=体育的部活動,3,63,0.010329562223315297,0.5625,1.6485764055742431
性別=女 | 発生場所1=学校内・校舎外（園内・園舎外）,被災学校種=小,3,262,0.04295786194458108,0.45565217391304347,1.6482933622156895
給付年度=21 | 被災学校種=高,場合別1=課外指導,3,64,0.010493523528447287,0.5818181818181818,1.6435892037559476
場合別1=課外指導 | 給付年度=26,被災学校種=高,3,70,0.011477291359239219,0.5555555555555556,1.6432266408018106
場合別2=体育的部活動 | 発生場所1=学校内・校舎内（園内・園舎内）,被災学校種=高,3,271,0.04443351369076898,0.555327868852459,1.6425531872604981
和暦=令和 | 発生場所1=学校外（園外）,場合別2=体育的部活動,3,144,0.023610427939006393,0.5603112840466926,1.6421617113891294
競技種目=サッカー・フットサル,和暦=平成 | 被災学校種=高,3,174,0.02852926709296606,0.41134751773049644,1.6418903865433885
発生場所2=体育館・屋内運動場 | 被災学校種=高,場合別2=体育的部活動,3,242,0.039678635841941305,0.5601851851851852,1.6417921405307279
発生場所2=運動場・校庭（園庭） | 競技種目=サッカー・フットサル,場合別1=各教科等,3,97,0.01590424659780292,0.3299319727891156,1.6413173752372072
場合別2=体育（保健体育） | 被災学校種=高,被災学年=3,3,116,0.019019511395310707,0.3493975903614458,1.6404741367316844
被災学校種=保,和暦=平成 | 性別=女,3,95,0.01557632398753894,0.38,1.640212314225053
場合別1=休憩時間,発生場所1=学校内・校舎内（園内・園舎内） | 被災学校種=中,3,314,0.0514838498114445,0.22525107604017217,1.6393870080775776
発生場所1=学校内・校舎内（園内・園舎内） | 被災学校種=中,場合別1=休憩時間,3,314,0.0514838498114445,0.3747016706443914,1.6393870080775776
発生場所2=学校外運動場・競技場,性別=男 | 被災学年=2,3,140,0.022954582718478438,0.37433155080213903,1.6389433800016124
給付年度=29,和暦=平成 | 場合別1=各教科等,3,79,0.01295294310542712,0.2453416149068323,1.6389249828223114
競技種目=サッカー・フットサル,被災学年=1 | 被災学校種=高,3,90,0.014756517461878997,0.2127659574468085,1.6384590586718248
給付年度=27 | 被災学年=2,場合別2=体育的部活動,3,62,0.01016560091818331,0.5585585585585585,1.6370248191487977
発生場所2=廊下,性別=男 | 被災学校種=小,3,106,0.01737989834399082,0.27040816326530615,1.6361303449951412
発生場所1=学校内・校舎外（園内・園舎外） | 競技種目=サッカー・フットサル,場合別1=各教科等,3,97,0.01590424659780292,0.3288135593220339,1.6357535875245388
発生場所2=体育館・屋内運動場 | 競技種目=バスケットボール,被災学校種=高,3,94,0.015412362682406953,0.5529411764705883,1.6354938095509786
場合別2=始業前の特定時間中,和暦=平成 | 発生場所1=学校内・校舎内（園内・園舎内）,3,96,0.01574028529267093,0.5485714285714286,1.6336607142857142
給付年度=28,和暦=平成 | 被災学校種=高,3,126,0.020659124446630595,0.4090909090909091,1.632883150880533
性別=男 | 競技種目=柔道,発生場所1=学校内・校舎内（園内・園舎内）,3,80,0.013116904410559108,0.7079646017699115,1.6300023050942585
場合別2=体育的部活動 | 性別=女,被災学校種=中,3,193,0.03164453189047385,0.4910941475826972,1.6287021240385373
場合別1=課外指導 | 発生場所1=学校内・校舎内（園内・園舎内）,被災学校種=高,3,294,0.048204623708804725,0.550561797752809,1.6284560642552772
場合別1=休憩時間 | 被災学年=6,発生場所1=学校内・校舎内（園内・園舎内）,3,91,0.014920478767010985,0.7054263565891473,1.6241583045818082
被災学年=6 | 被災学校種=小,場合別1=各教科等,3,109,0.017871782259386786,0.3263473053892216,1.623484678278028
性別=女 | 発生場所2=運動場・校庭（園庭）,被災学校種=小,3,236,0.038694868011149366,0.44866920152091255,1.623032894469778
発生場所1=学校内・校舎内（園内・園舎内） | 被災学校種=高,場合別1=各教科等,3,211,0.034595835382849646,0.3261205564142195,1.6223566668599712
被災学年=3 | 被災学校種=中,場合別2=体育（保健体育）,3,118,0.019347434005574683,0.23790322580645162,1.6211975130654173
被災学年=6,場合別1=休憩時間 | 発生場所1=学校内・校舎内（園内・園舎内）,3,91,0.014920478767010985,0.23697916666666666,1.6203317684977576
給付年度=18,和暦=平成 | 場合別1=休憩時間,3,118,0.019347434005574683,0.30179028132992325,1.6202631389359172
競技種目=サッカー・フットサル,性別=男 | 被災学年=1,3,140,0.022954582718478438,0.3309692671394799,1.6200494063271973
場合別1=特別活動（除学校行事）,発生場所1=学校内・校舎内（園内・園舎内） | 被災学校種=中,3,67,0.010985407443843253,0.22259136212624583,1.6200294959522354
競技種目=バスケットボール | 被災学校種=高,場合別2=体育的部活動,3,63,0.010329562223315297,0.5526315789473685,1.6196540124939933
被災学年=4,場合別1=休憩時間 | 性別=男,3,93,0.015248401377274963,0.2540983606557377,1.6193792075646232
性別=男 | 発生場所1=学校外（園外）,場合別1=課外指導,3,470,0.07706181341203476,0.5724725943970768,1.6171886768076755
場合別1=課外指導,性別=男 | 発生場所1=学校外（園外）,3,470,0.07706181341203476,0.2176933765632237,1.6171886768076753
発生場所2=運動場・校庭（園庭） | 給付年度=29,場合別2=体育的部活動,3,64,0.010493523528447287,0.5517241379310345,1.6169944820958093
場合別2=昼食時休憩時間中 | 被災学校種=中,発生場所1=学校内・校舎内（園内・園舎内）,3,99,0.016232169208066895,0.7021276595744681,1.616563456302258
和暦=令和 | 発生場所1=学校外（園外）,場合別1=課外指導,3,147,0.024102311854402363,0.5719844357976653,1.6158096683325434
発生場所2=廊下,被災学校種=小,2,175,0.02869322839809805,0.44642857142857145,1.614927554651754
発生場所1=学校内・校舎内（園内・園舎内） | 発生場所2=廊下,被災学校種=小,3,175,0.02869322839809805,0.44642857142857145,1.614927554651754
競技種目=サッカー・フットサル,性別=男 | 被災学年=2,3,156,0.02557796360059026,0.36879432624113473,1.6146996380076675
被災学年=4,場合別1=休憩時間,2,135,0.022134776192818496,0.36885245901639346,1.6137956582073054
場合別1=保育中 | 発生場所1=学校内・校舎内（園内・園舎内）,性別=女,3,109,0.017871782259386786,0.4780701754385965,1.6135860542335363
発生場所2=廊下,和暦=平成 | 被災学校種=小,3,138,0.02262666010821446,0.3520408163265306,1.611934638720353
競技種目=サッカー・フットサル,被災学校種=高,2,230,0.037711100180357435,0.5437352245862884,1.6082643718485805
発生場所1=学校外（園外） | 被災学年=3,場合別2=体育的部活動,3,141,0.023118544023610427,0.5486381322957199,1.6079500090685226
競技種目=サッカー・フットサル,場合別1=各教科等 | 性別=男,3,91,0.014920478767010985,0.21513002364066194,1.6079387428730356
場合別1=課外指導 | 給付年度=18,被災学校種=高,3,63,0.010329562223315297,0.5431034482758621,1.6063956988528043
競技種目=柔道,発生場所1=学校内・校舎内（園内・園舎内）,2,90,0.014756517461878997,0.6976744186046512,1.6063104111248652
場合別1=各教科等 | 性別=女,被災学校種=小,3,182,0.02984095753402197,0.44390243902439025,1.6057894280010416
発生場所2=体育館・屋内運動場 | 被災学年=3,被災学校種=中,3,107,0.017543859649122806,0.4841628959276018,1.6057147918773482
和暦=令和 | 被災学年=1,競技種目=野球（含軟式）,3,86,0.014100672241351041,0.20140515222482436,1.6057124489139918
発生場所1=学校内・校舎内（園内・園舎内） | 競技種目=バスケットボール,被災学校種=高,3,95,0.01557632398753894,0.5428571428571428,1.6056671747263402
場合別2=体育的部活動 | 発生場所1=学校内・校舎内（園内・園舎内）,被災学年=1,3,225,0.03689129365469749,0.4610655737704918,1.6050450538962497
発生場所1=学校外（園外） | 被災学年=3,場合別1=課外指導,3,146,0.023938350549270373,0.5680933852140078,1.6048177658268798
被災学校種=幼,和暦=平成 | 発生場所1=学校内・校舎内（園内・園舎内）,3,63,0.010329562223315297,0.5384615384615384,1.6035531850961537
和暦=平成 | 被災学校種=保,性別=女,3,95,0.01557632398753894,0.475,1.603223574986165
性別=女 | 被災学校種=高,発生場所1=学校外（園外）,3,120,0.019675356615838663,0.29411764705882354,1.6030594543447405
場合別2=体育（保健体育） | 発生場所2=運動場・校庭（園庭）,被災学年=3,3,129,0.02115100836202656,0.3412698412698413,1.6023131346456982
場合別2=休憩時間中 | 被災学年=1,発生場所1=学校内・校舎内（園内・園舎内）,3,98,0.01606820790293491,0.6950354609929078,1.600234532501225
場合別2=体育的部活動 | 給付年度=26,被災学校種=高,3,66,0.010821446138711265,0.5409836065573771,1.6001256141578286
場合別2=体育的部活動 | 発生場所2=体育館・屋内運動場,被災学年=1,3,194,0.03180849319560584,0.458628841607565,1.59656238867839
場合別1=課外指導 | 競技種目=サッカー・フットサル,発生場所1=学校内・校舎外（園内・園舎外）,3,180,0.029513034923757994,0.6101694915254238,1.5964923761533931
場合別2=体育的部活動 | 競技種目=サッカー・フットサル,発生場所1=学校内・校舎外（園内・園舎外）,3,180,0.029513034923757994,0.6101694915254238,1.5964923761533931
性別=男 | 被災学年=5,場合別1=休憩時間,3,89,0.014592556156747007,0.36475409836065575,1.5958645953383352
場合別2=体育的部活動 | 被災学年=3,被災学校種=高,3,199,0.03262829972126578,0.5392953929539296,1.5951322025344405
性別=男 | 競技種目=サッカー・フットサル,被災学校種=高,3,213,0.034923757993113626,0.5392405063291139,1.594969858439023
被災学年=3 | 被災学校種=高,場合別1=各教科等,3,150,0.02459419576979833,0.32051282051282054,1.594459781653909
場合別2=体育（保健体育） | 発生場所1=学校内・校舎外（園内・園舎外）,被災学年=3,3,145,0.023774389244138383,0.3395784543325527,1.5943718190717773
場合別2=昼食時休憩時間中,発生場所1=学校内・校舎内（園内・園舎内） | 被災学校種=中,3,99,0.016232169208066895,0.21902654867256638,1.5940846304940124
給付年度=2 | 被災学年=2,場合別2=体育的部活動,3,62,0.01016560091818331,0.543859649122807,1.5939452186448821
場合別1=休憩時間,性別=男 | 発生場所1=学校内・校舎内（園内・園舎内）,3,624,0.10231185440236104,0.44763271162123386,1.5919019872757465
性別=男 | 発生場所1=学校内・校舎内（園内・園舎内）,場合別1=休憩時間,3,624,0.10231185440236104,0.3638483965014577,1.5919019872757465
場合別1=課外指導 | 発生場所2=体育館・屋内運動場,被災学年=1,3,194,0.03180849319560584,0.45647058823529413,1.5890491539081386
発生場所2=体育館・屋内運動場 | 被災学校種=高,場合別1=課外指導,3,243,0.03984259714707329,0.5625,1.5890169059749886
給付年度=20 | 被災学校種=高,場合別1=課外指導,3,63,0.010329562223315297,0.5625,1.5890169059749886
性別=女 | 発生場所2=体育館・屋内運動場,被災学校種=中,3,171,0.028037383177570093,0.4789915966386555,1.5885643001082979
性別=女 | 被災学校種=高,発生場所2=体育館・屋内運動場,3,107,0.017543859649122806,0.2622549019607843,1.588374028856826
場合別2=休憩時間中 | 性別=女,発生場所1=学校内・校舎内（園内・園舎内）,3,113,0.01852762747991474,0.6890243902439024,1.586394773913764
競技種目=野球（含軟式） | 被災学年=3,発生場所1=学校内・校舎外（園内・園舎外）,3,83,0.013608788325955074,0.6058394160583942,1.5851628479365707
競技種目=野球（含軟式）,性別=男 | 発生場所1=学校外（園外）,3,163,0.026725692736514182,0.2130718954248366,1.5828568699099614
競技種目=野球（含軟式） | 被災学校種=高,被災学年=1,3,235,0.03853090670601738,0.45454545454545453,1.5823474470734744
性別=女 | 被災学年=3,場合別2=体育（保健体育）,3,83,0.013608788325955074,0.23184357541899442,1.5799038731625106
給付年度=27 | 被災学年=2,場合別1=課外指導,3,62,0.01016560091818331,0.5585585585585585,1.577882653380569
場合別1=休憩時間 | 被災学年=2,発生場所1=学校内・校舎内（園内・園舎内）,3,245,0.04017051975733727,0.6843575418994413,1.575649923761681
場合別1=各教科等 | 被災学校種=小,性別=女,3,182,0.02984095753402197,0.4666666666666667,1.5750968456004428
場合別1=課外指導 | 被災学年=3,被災学校種=高,3,205,0.033612067552057714,0.5324675324675324,1.574936702482774
和暦=平成 | 競技種目=柔道,発生場所1=学校内・校舎内（園内・園舎内）,3,67,0.010985407443843253,0.6836734693877551,1.5740749300852845
場合別1=保育中 | 被災学校種=保,性別=女,3,116,0.019019511395310707,0.46586345381526106,1.5723858355391684
場合別2=昼食時休憩時間中 | 被災学校種=小,発生場所2=運動場・校庭（園庭）,3,153,0.025086079685194294,0.5563636363636364,1.571682176091625
場合別1=課外指導 | 発生場所2=学校外体育館,被災学校種=高,3,68,0.011149368748975241,0.53125,1.5713354752667312
場合別2=体育的部活動,性別=男 | 発生場所2=運動場・校庭（園庭）,3,875,0.14346614199049024,0.4204709274387314,1.570393255633082
性別=男 | 発生場所2=運動場・校庭（園庭）,場合別2=体育的部活動,3,875,0.14346614199049024,0.5358236374770361,1.5703932556330817
性別=男 | 競技種目=サッカー・フットサル,場合別2=体育（保健体育）,3,91,0.014920478767010985,0.23037974683544304,1.56992857647974
和暦=平成 | 発生場所2=廊下,被災学校種=小,3,138,0.02262666010821446,0.4339622641509434,1.5698314644463844
性別=男 | 競技種目=バスケットボール,被災学校種=高,3,80,0.013116904410559108,0.5298013245033113,1.567050571360667
場合別1=課外指導 | 性別=女,被災学校種=中,3,206,0.0337760288571897,0.4724770642201835,1.5669590074382267
被災学校種=保,性別=女,2,116,0.019019511395310707,0.464,1.5660962921970119
場合別1=休憩時間,和暦=平成 | 発生場所1=学校内・校舎内（園内・園舎内）,3,733,0.12018363666174783,0.5258249641319943,1.565921121211442
和暦=平成 | 発生場所1=学校内・校舎内（園内・園舎内）,場合別1=休憩時間,3,733,0.12018363666174783,0.35791015625,1.565921121211442
場合別2=体育的部活動 | 給付年度=21,被災学校種=高,3,63,0.010329562223315297,0.5294117647058824,1.56589832829349
場合別2=始業前の特定時間中,性別=男 | 発生場所1=学校内・校舎内（園内・園舎内）,3,77,0.012625020495163142,0.44,1.5647580174927112
発生場所1=学校内・校舎内（園内・園舎内） | 被災学校種=保,性別=女,3,70,0.011477291359239219,0.46357615894039733,1.5646657406626914
和暦=平成 | 被災学年=6,場合別1=休憩時間,3,108,0.017707820954254796,0.3576158940397351,1.5646336712685396
和暦=令和 | 被災学年=3,場合別1=各教科等,3,88,0.01442859485161502,0.3142857142857143,1.5634817058960615
競技種目=バドミントン,被災学校種=高,2,66,0.010821446138711265,0.528,1.5617225994180406
給付年度=30 | 被災学年=2,被災学校種=高,3,66,0.010821446138711265,0.528,1.5617225994180406
発生場所1=学校内・校舎内（園内・園舎内） | 被災学年=3,場合別2=体育（保健体育）,3,126,0.020659124446630595,0.2290909090909091,1.5611457592686644
競技種目=バスケットボール | 被災学校種=高,場合別1=課外指導,3,63,0.010329562223315297,0.5526315789473685,1.56113941639648
給付年度=2 | 被災学年=2,場合別1=課外指導,3,63,0.010329562223315297,0.5526315789473685,1.56113941639648
場合別2=体育的部活動 | 発生場所2=学校外体育館,被災学校種=高,3,67,0.010985407443843253,0.5275590551181102,1.560418369139357
被災学年=6,場合別1=休憩時間 | 性別=男,3,94,0.015412362682406953,0.24479166666666666,1.5600672675026124
発生場所2=学校外運動場・競技場,性別=男 | 被災学年=3,3,90,0.014756517461878997,0.24064171122994651,1.5596958520631707
発生場所2=運動場・校庭（園庭） | 給付年度=29,場合別1=課外指導,3,64,0.010493523528447287,0.5517241379310345,1.5585759690789158
給付年度=18,和暦=平成 | 被災学校種=小,3,133,0.021806853582554516,0.340153452685422,1.5575044353816734
発生場所1=学校内・校舎外（園内・園舎外） | 被災学年=3,場合別1=各教科等,3,154,0.025250040990326284,0.3130081300813008,1.557126089205427
発生場所2=学校外体育館,被災学校種=高,2,70,0.011477291359239219,0.5263157894736842,1.5567410281280307
発生場所1=学校外（園外） | 発生場所2=学校外体育館,被災学校種=高,3,70,0.011477291359239219,0.5263157894736842,1.5567410281280307
和暦=平成 | 場合別2=始業前の特定時間中,発生場所1=学校内・校舎内（園内・園舎内）,3,96,0.01574028529267093,0.676056338028169,1.5565374124702918
場合別1=休憩時間 | 被災学年=2,被災学校種=小,3,154,0.025250040990326284,0.4301675977653631,1.5561044951191874
場合別2=始業前の特定時間中 | 性別=男,発生場所1=学校内・校舎内（園内・園舎内）,3,77,0.012625020495163142,0.6754385964912281,1.5551151377878445
性別=男 | 発生場所2=教室（保育室）,被災学校種=小,3,196,0.03213641580586982,0.4298245614035088,1.5548635824436536
和暦=平成 | 競技種目=サッカー・フットサル,被災学校種=高,3,174,0.02852926709296606,0.525679758308157,1.554859770087997
競技種目=野球（含軟式） | 被災学年=3,被災学校種=高,3,72,0.011805213969503197,0.5255474452554745,1.5544684134884281
性別=女 | 発生場所2=教室（保育室）,場合別1=休憩時間,3,87,0.01426463354648303,0.3551020408163265,1.553635112581618
発生場所2=運動場・校庭（園庭） | 競技種目=ソフトボール,被災学校種=高,3,63,0.010329562223315297,0.525,1.552849175557711
場合別2=登校（登園）中 | 発生場所2=道路,被災学校種=高,3,63,0.010329562223315297,0.525,1.552849175557711
発生場所1=学校外（園外） | 被災学年=2,被災学校種=高,3,212,0.03475979668798164,0.5247524752475248,1.5521170448761656
発生場所1=学校内・校舎内（園内・園舎内） | 被災学年=6,場合別1=各教科等,3,73,0.011969175274635186,0.31196581196581197,1.5519408541431379
発生場所1=学校外（園外）,場合別2=体育的部活動 | 被災学校種=高,3,355,0.05820626332185604,0.31724754244861486,1.5516381406528486
場合別2=体育的部活動 | 被災学校種=高,発生場所1=学校外（園外）,3,355,0.05820626332185604,0.2846832397754611,1.5516381406528483
場合別1=課外指導 | 発生場所1=学校内・校舎内（園内・園舎内）,被災学年=1,3,238,0.039022790621413346,0.44569288389513106,1.5515301934226053
給付年度=30,和暦=平成 | 被災学年=2,3,125,0.020495163141498605,0.373134328358209,1.5502358778315508
競技種目=バスケットボール | 被災学校種=中,発生場所1=学校内・校舎内（園内・園舎内）,3,72,0.011805213969503197,0.6728971962616822,1.5492638731596828
被災学年=3 | 被災学校種=高,発生場所1=学校外（園外）,3,133,0.021806853582554516,0.2841880341880342,1.5489390710570334
発生場所2=教室（保育室）,和暦=平成 | 被災学校種=小,3,237,0.03885882931628136,0.33808844507845937,1.5480491190191619
場合別2=授業終了後の特定時間中,和暦=平成 | 発生場所1=学校内・校舎内（園内・園舎内）,3,119,0.019511395310706673,0.519650655021834,1.54753385985262
競技種目=柔道,和暦=平成 | 発生場所1=学校内・校舎内（園内・園舎内）,3,67,0.010985407443843253,0.5193798449612403,1.5467273800872092
発生場所1=学校内・校舎外（園内・園舎外） | 給付年度=29,場合別2=体育的部活動,3,67,0.010985407443843253,0.5275590551181102,1.5461713970040143
給付年度=27,和暦=平成 | 場合別2=体育的部活動,3,134,0.021970814887686506,0.39644970414201186,1.544027296016686
発生場所2=運動場・校庭（園庭） | 給付年度=27,場合別2=体育的部活動,3,69,0.01131333005410723,0.5267175572519084,1.5437051329550164
場合別2=体育的部活動,性別=男 | 被災学年=1,3,656,0.10755861616658469,0.31523306102835175,1.5430228244076383
性別=男 | 被災学年=1,場合別2=体育的部活動,3,656,0.10755861616658469,0.5264847512038523,1.543022824407638
被災学年=1 | 被災学校種=小,性別=女,3,131,0.02147893097229054,0.4564459930313589,1.5405999510228323
競技種目=サッカー・フットサル | 被災学校種=高,発生場所1=学校外（園外）,3,65,0.010657484833579275,0.2826086956521739,1.5403310409138593
発生場所1=学校内・校舎外（園内・園舎外） | 競技種目=ソフトボール,被災学校種=高,3,63,0.010329562223315297,0.5206611570247934,1.5400157112969035
場合別2=始業前の特定時間中,発生場所1=学校内・校舎内（園内・園舎内）,2,117,0.019183472700442697,0.6685714285714286,1.5393043196893708
場合別1=休憩時間 | 場合別2=始業前の特定時間中,発生場所1=学校内・校舎内（園内・園舎内）,3,117,0.019183472700442697,0.6685714285714286,1.5393043196893708
発生場所2=運動場・校庭（園庭） | 競技種目=サッカー・フットサル,被災学校種=高,3,153,0.025086079685194294,0.5204081632653061,1.5392674043429204
給付年度=24 | 被災学校種=高,場合別2=体育的部活動,3,63,0.010329562223315297,0.525,1.5386713118692936
和暦=平成 | 被災学年=4,場合別1=休憩時間,3,103,0.01688801442859485,0.3515358361774744,1.5380323277233978
給付年度=30 | 被災学年=2,場合別1=課外指導,3,68,0.011149368748975241,0.544,1.5367559055118112
給付年度=24,和暦=平成 | 被災学校種=小,3,111,0.01819970486965076,0.33534743202416917,1.5354984894259818
発生場所1=学校外（園外）,場合別1=課外指導 | 被災学校種=高,3,360,0.05902606984751599,0.32171581769436997,1.5353245478231319
場合別1=課外指導 | 被災学校種=高,発生場所1=学校外（園外）,3,360,0.05902606984751599,0.28169014084507044,1.5353245478231319
発生場所1=学校内・校舎外（園内・園舎外） | 競技種目=サッカー・フットサル,被災学校種=高,3,153,0.025086079685194294,0.5186440677966102,1.5340495487349783
場合別2=昼食時休憩時間中 | 被災学校種=小,発生場所1=学校内・校舎外（園内・園舎外）,3,161,0.026397770126250206,0.5854545454545454,1.5318263718263718
被災学校種=高,性別=男 | 発生場所1=学校外（園外）,3,425,0.06968355468109526,0.2061105722599418,1.5311429722452925
性別=男 | 発生場所1=学校外（園外）,被災学校種=高,3,425,0.06968355468109526,0.5176613885505481,1.5311429722452923
和暦=平成 | 発生場所2=教室（保育室）,被災学校種=小,3,237,0.03885882931628136,0.4232142857142857,1.530951321809863
発生場所2=体育館・屋内運動場 | 被災学校種=中,性別=女,3,171,0.028037383177570093,0.4535809018567639,1.5309296737268419
発生場所1=学校外（園外） | 被災学年=3,被災学校種=高,3,133,0.021806853582554516,0.5175097276264592,1.5306943883577955
和暦=令和 | 被災学年=1,場合別2=体育的部活動,3,223,0.03656337104443352,0.522248243559719,1.5306064572180327
発生場所1=学校外（園外） | 被災学年=1,場合別2=体育的部活動,3,177,0.029021151008362025,0.5221238938053098,1.530242012647085
給付年度=24 | 被災学校種=高,場合別1=課外指導,3,65,0.010657484833579275,0.5416666666666666,1.5301644279759148
給付年度=28,和暦=平成 | 場合別2=体育的部活動,3,121,0.019839317920970653,0.39285714285714285,1.5300355774493706
被災学年=2 | 被災学校種=小,性別=女,3,120,0.019675356615838663,0.4528301886792453,1.5283958609599984
場合別1=休憩時間 | 給付年度=19,発生場所1=学校内・校舎内（園内・園舎内）,3,69,0.01131333005410723,0.6634615384615384,1.527539419810088
発生場所1=学校内・校舎内（園内・園舎内） | 被災学年=3,場合別1=休憩時間,3,192,0.03148057058534186,0.3490909090909091,1.5273353332463806
給付年度=26,和暦=平成 | 発生場所1=学校外（園外）,3,69,0.01131333005410723,0.215625,1.5256344257540606
競技種目=野球（含軟式） | 被災学年=3,被災学校種=中,3,63,0.010329562223315297,0.45985401459854014,1.5250949619556804
発生場所1=学校外（園外）,場合別2=体育的部活動 | 被災学年=2,3,240,0.039350713231677326,0.21447721179624665,1.5245880125236695
場合別2=体育的部活動 | 被災学年=2,発生場所1=学校外（園外）,3,240,0.039350713231677326,0.27972027972027974,1.5245880125236693
給付年度=28,和暦=平成 | 被災学年=1,3,102,0.016724053123462864,0.33116883116883117,1.5243763783386424
和暦=令和 | 場合別2=体育的部活動,発生場所1=学校外（園外）,3,144,0.023610427939006393,0.2796116504854369,1.523995939509097
給付年度=29,和暦=平成 | 場合別2=体育的部活動,3,126,0.020659124446630595,0.391304347826087,1.5239880059970015
和暦=令和 | 被災学年=1,被災学校種=高,3,220,0.036071487129037544,0.5152224824355972,1.523929156340789
和暦=令和 | 発生場所1=学校内・校舎内（園内・園舎内）,場合別1=各教科等,3,184,0.03016888014428595,0.30615640599001664,1.5230407178899767
競技種目=バスケットボール,被災学校種=中,2,107,0.017543859649122806,0.4592274678111588,1.523017034355768
被災学年=1,場合別1=課外指導 | 被災学校種=高,3,559,0.09165436956878177,0.3190639269406393,1.5226689283340837
場合別1=課外指導 | 被災学校種=高,被災学年=1,3,559,0.09165436956878177,0.43740219092331767,1.5226689283340837
場合別1=休憩時間 | 給付年度=18,発生場所1=学校内・校舎内（園内・園舎内）,3,78,0.01278898180029513,0.6610169491525424,1.5219110505403384
競技種目=ソフトボール,被災学校種=高,2,71,0.011641252664371209,0.5144927536231884,1.5217707586555895
被災学年=1,場合別2=体育的部活動 | 被災学校種=高,3,545,0.08935891129693392,0.3110730593607306,1.5214391251331965
場合別2=体育的部活動 | 被災学校種=高,被災学年=1,3,545,0.08935891129693392,0.4370489174017642,1.5214391251331965
和暦=令和 | 発生場所1=学校内・校舎内（園内・園舎内）,場合別2=体育（保健体育）,3,134,0.021970814887686506,0.22296173044925124,1.5193783173295903
給付年度=29,和暦=平成 | 場合別1=課外指導,3,130,0.02131496966715855,0.40372670807453415,1.5190186258769796
場合別2=授業終了後の特定時間中 | 性別=男,発生場所1=学校内・校舎内（園内・園舎内）,3,95,0.01557632398753894,0.6597222222222222,1.518930099408582
給付年度=23,和暦=平成 | 被災学年=1,3,95,0.01557632398753894,0.3298611111111111,1.5183569182389938
性別=女 | 発生場所1=学校内・校舎外（園内・園舎外）,場合別2=体育（保健体育）,3,128,0.020987047056894574,0.22260869565217392,1.5169725528297304
場合別1=各教科等 | 発生場所1=学校内・校舎外（園内・園舎外）,被災学年=3,3,154,0.025250040990326284,0.3228511530398323,1.5158346284757023
場合別1=課外指導,性別=男 | 発生場所2=運動場・校庭（園庭）,3,876,0.14363010329562223,0.40574339972209356,1.5153882393784743
性別=男 | 発生場所2=運動場・校庭（園庭）,場合別1=課外指導,3,876,0.14363010329562223,0.5364360073484384,1.5153882393784743
場合別1=課外指導 | 給付年度=21,被災学校種=高,3,64,0.010493523528447287,0.512,1.5143976721629484
給付年度=24,和暦=平成 | 場合別1=各教科等,3,75,0.012297097884899164,0.22658610271903323,1.5136348745710666
発生場所1=学校内・校舎外（園内・園舎外） | 給付年度=29,場合別1=課外指導,3,68,0.011149368748975241,0.5354330708661418,1.5125550251100504
場合別2=体育的部活動,性別=男 | 発生場所1=学校内・校舎外（園内・園舎外）,3,906,0.1485489424495819,0.43536761172513216,1.5121338632753878
性別=男 | 発生場所1=学校内・校舎外（園内・園舎外）,場合別2=体育的部活動,3,906,0.1485489424495819,0.5159453302961275,1.5121338632753876
被災学年=4,和暦=平成 | 場合別1=休憩時間,3,103,0.01688801442859485,0.2814207650273224,1.5109025051951048
被災学年=6,和暦=平成 | 場合別1=休憩時間,3,108,0.017707820954254796,0.28125,1.5099856954225352
被災学年=6 | 被災学校種=小,場合別2=体育（保健体育）,3,74,0.012133136579767174,0.2215568862275449,1.5098049710634598
給付年度=19,和暦=平成 | 場合別1=休憩時間,3,104,0.01705197573372684,0.2810810810810811,1.5090787971069661
場合別1=休憩時間 | 被災学年=3,発生場所1=学校内・校舎内（園内・園舎内）,3,192,0.03148057058534186,0.6552901023890785,1.5087256830770064
和暦=令和 | 被災学年=1,場合別1=課外指導,3,228,0.037383177570093455,0.5339578454332553,1.5083876328380845
発生場所1=学校外（園外） | 被災学年=1,場合別1=課外指導,3,181,0.02967699622888998,0.5339233038348082,1.508290055622277
発生場所1=学校内・校舎外（園内・園舎外） | 給付年度=27,場合別2=体育的部活動,3,71,0.011641252664371209,0.5144927536231884,1.5078766479326409
和暦=令和 | 場合別2=体育的部活動,被災学年=1,3,223,0.03656337104443352,0.4330097087378641,1.5073779757946537
給付年度=21,和暦=平成 | 性別=女,3,126,0.020659124446630595,0.3490304709141274,1.5065370432450553
被災学校種=高,性別=男 | 被災学年=1,3,634,0.10395146745368093,0.30746847720659554,1.5050162459735363
性別=男 | 被災学年=1,被災学校種=高,3,634,0.10395146745368093,0.5088282504012841,1.5050162459735361
場合別2=体育的部活動 | 給付年度=2,被災学年=2,3,62,0.01016560091818331,0.46616541353383456,1.5035128805620608
発生場所1=学校外（園外）,場合別1=課外指導 | 被災学年=2,3,243,0.03984259714707329,0.21715817694369974,1.5033458810211404
場合別1=課外指導 | 被災学年=2,発生場所1=学校外（園外）,3,243,0.03984259714707329,0.2758229284903519,1.5033458810211404
場合別1=課外指導,性別=男 | 被災学年=1,3,663,0.10870634530250861,0.30708661417322836,1.503147078525297
性別=男 | 被災学年=1,場合別1=課外指導,3,663,0.10870634530250861,0.5321027287319422,1.5031470785252967
給付年度=27,和暦=平成 | 場合別1=課外指導,3,135,0.022134776192818496,0.3994082840236686,1.5027705886862153
給付年度=28,和暦=平成 | 場合別1=課外指導,3,123,0.02016724053123463,0.39935064935064934,1.5025537386734178
発生場所2=教室（保育室） | 被災学校種=中,被災学年=2,3,81,0.013280865715691098,0.46551724137931033,1.5014223454111124
発生場所1=学校内・校舎内（園内・園舎内）,場合別1=休憩時間 | 性別=男,3,624,0.10231185440236104,0.23556058890147225,1.5012372327169063
場合別1=休憩時間 | 性別=男,発生場所1=学校内・校舎内（園内・園舎内）,3,624,0.10231185440236104,0.6520376175548589,1.5012372327169063
場合別1=各教科等 | 被災学年=6,発生場所1=学校内・校舎内（園内・園舎内）,3,73,0.011969175274635186,0.6517857142857143,1.500657256107426
給付年度=30 | 被災学年=2,場合別2=体育的部活動,3,64,0.010493523528447287,0.512,1.500570879384911
場合別2=体育（保健体育） | 性別=女,被災学校種=小,3,124,0.02033120183636662,0.41471571906354515,1.500208286220974
性別=男 | 発生場所2=廊下,被災学校種=中,3,123,0.02016724053123463,0.4522058823529412,1.4997301122732942
場合別1=課外指導 | 競技種目=バスケットボール,被災学年=2,3,66,0.010821446138711265,0.4647887323943662,1.4990727016780747
場合別2=体育的部活動 | 競技種目=バスケットボール,被災学年=2,3,66,0.010821446138711265,0.4647887323943662,1.4990727016780747
発生場所1=学校外（園外）,場合別2=体育的部活動 | 性別=男,3,464,0.07607804558124283,0.41465594280607687,1.4982148075676913
場合別2=体育的部活動 | 性別=男,発生場所1=学校外（園外）,3,464,0.07607804558124283,0.27488151658767773,1.498214807567691
発生場所2=学校外運動場・競技場,和暦=令和 | 性別=男,3,90,0.014756517461878997,0.24064171122994651,1.4976263232565752
発生場所2=体育館・屋内運動場 | 被災学年=1,場合別1=各教科等,3,93,0.015248401377274963,0.30097087378640774,1.497244175549185
場合別2=体育的部活動 | 性別=女,被災学年=1,3,169,0.027709460567306117,0.4300254452926209,1.496989264177908
場合別2=体育（保健体育） | 性別=男,被災学年=3,3,190,0.03115264797507788,0.3187919463087248,1.4967760435234123
性別=女 | 被災学年=2,発生場所2=体育館・屋内運動場,3,123,0.02016724053123463,0.2469879518072289,1.4959081609456695
場合別1=各教科等 | 発生場所2=運動場・校庭（園庭）,被災学年=3,3,132,0.02164289227742253,0.3180722891566265,1.4933971451626367
場合別2=体育的部活動 | 給付年度=27,被災学年=2,3,62,0.01016560091818331,0.4626865671641791,1.4922926351847319
場合別2=体育的部活動,性別=男 | 被災学年=2,3,709,0.11624856533858009,0.3407015857760692,1.4917006257345629
性別=男 | 被災学年=2,場合別2=体育的部活動,3,709,0.11624856533858009,0.5089734386216799,1.4917006257345629
競技種目=野球（含軟式） | 被災学校種=中,被災学年=2,3,111,0.01819970486965076,0.4625,1.4916909042834479
発生場所2=教室（保育室）,被災学校種=小,2,289,0.04738481718314478,0.4122681883024251,1.4913544961189151
発生場所1=学校内・校舎内（園内・園舎内） | 発生場所2=教室（保育室）,被災学校種=小,3,289,0.04738481718314478,0.4122681883024251,1.4913544961189151
発生場所1=学校内・校舎内（園内・園舎内） | 競技種目=バスケットボール,場合別2=体育的部活動,3,89,0.014592556156747007,0.5085714285714286,1.4905224136747441
場合別1=課外指導 | 被災学年=3,被災学校種=中,3,173,0.028365305787834073,0.44935064935064933,1.4902607995593313
和暦=令和 | 被災学校種=高,発生場所1=学校外（園外）,3,146,0.023938350549270373,0.27340823970037453,1.4901848560612907
和暦=令和 | 場合別1=課外指導,発生場所1=学校外（園外）,3,147,0.024102311854402363,0.2732342007434944,1.4892362737574374
場合別1=保育中,和暦=平成 | 発生場所1=学校内・校舎内（園内・園舎内）,3,189,0.030988686669945892,0.5,1.489013671875
発生場所2=運動場・校庭（園庭） | 給付年度=27,場合別1=課外指導,3,69,0.01131333005410723,0.5267175572519084,1.4879344055949002
和暦=令和 | 性別=女,場合別2=体育（保健体育）,3,86,0.014100672241351041,0.2182741116751269,1.4874344213481552
場合別1=休憩時間 | 給付年度=22,発生場所1=学校内・校舎内（園内・園舎内）,3,62,0.01016560091818331,0.6458333333333334,1.4869526236315593
発生場所1=学校外（園外）,場合別1=課外指導 | 性別=男,3,470,0.07706181341203476,0.42001787310098304,1.4867608868502005
場合別1=課外指導 | 性別=男,発生場所1=学校外（園外）,3,470,0.07706181341203476,0.2727800348229832,1.4867608868502005
性別=男 | 給付年度=1,被災学校種=高,3,105,0.01721593703885883,0.5023923444976076,1.4859800723040293
発生場所1=学校内・校舎内（園内・園舎内）,和暦=平成 | 場合別1=休憩時間,3,733,0.12018363666174783,0.27670819177047945,1.4856014626832343
和暦=平成 | 場合別1=休憩時間,発生場所1=学校内・校舎内（園内・園舎内）,3,733,0.12018363666174783,0.6452464788732394,1.4856014626832341
給付年度=19,和暦=平成 | 被災学校種=小,3,120,0.019675356615838663,0.32432432432432434,1.4850255661066472
給付年度=17,和暦=平成 | 被災学校種=小,3,108,0.017707820954254796,0.32432432432432434,1.4850255661066472
給付年度=26,和暦=平成 | 場合別2=体育的部活動,3,122,0.02000327922610264,0.38125,1.4848299808429117
給付年度=23,和暦=平成 | 場合別1=各教科等,3,64,0.010493523528447287,0.2222222222222222,1.4844833880978459
場合別1=休憩時間 | 被災学年=1,発生場所1=学校内・校舎内（園内・園舎内）,3,225,0.03689129365469749,0.6446991404011462,1.4843412824864441
競技種目=バスケットボール,和暦=平成 | 発生場所1=学校内・校舎内（園内・園舎内）,3,116,0.019019511395310707,0.4978540772532189,1.4826230552575106
給付年度=26,和暦=平成 | 場合別1=課外指導,3,126,0.020659124446630595,0.39375,1.4814813386798271
場合別1=課外指導 | 給付年度=27,被災学年=2,3,62,0.01016560091818331,0.45925925925925926,1.4812386156648452
発生場所2=運動場・校庭（園庭） | 被災学年=3,場合別1=各教科等,3,132,0.02164289227742253,0.2972972972972973,1.4789691812530312
性別=男 | 発生場所2=体育館・屋内運動場,被災学校種=高,3,325,0.05328742416789638,0.5,1.4789039767216294
和暦=平成 | 競技種目=バスケットボール,被災学校種=高,3,81,0.013280865715691098,0.5,1.4789039767216294
場合別2=登校（登園）中,被災学校種=高,2,66,0.010821446138711265,0.5,1.4789039767216294
場合別1=通学中 | 場合別2=登校（登園）中,被災学校種=高,3,66,0.010821446138711265,0.5,1.4789039767216294
場合別2=登校（登園）中 | 発生場所1=学校外（園外）,被災学校種=高,3,66,0.010821446138711265,0.5,1.4789039767216294
性別=女 | 発生場所2=運動場・校庭（園庭）,場合別2=体育（保健体育）,3,114,0.018691588785046728,0.21673003802281368,1.4769122926269729
和暦=令和 | 被災学校種=小,場合別1=各教科等,3,105,0.01721593703885883,0.2966101694915254,1.4755509165814138
場合別2=授業終了後の特定時間中,性別=男 | 発生場所1=学校内・校舎内（園内・園舎内）,3,95,0.01557632398753894,0.4148471615720524,1.4753077775090073
和暦=令和 | 場合別1=課外指導,被災学年=1,3,228,0.037383177570093455,0.42379182156133827,1.4752889952640422
場合別2=体育的部活動 | 被災学年=3,被災学校種=中,3,164,0.02688965404164617,0.4444444444444444,1.4739894870400578
場合別1=休憩時間,発生場所1=学校内・校舎内（園内・園舎内）,2,892,0.14625348417773407,0.6398852223816356,1.4732578223124182
発生場所1=学校内・校舎内（園内・園舎内）,場合別1=休憩時間,2,892,0.14625348417773407,0.33673084182710455,1.473257822312418
発生場所1=学校外（園外） | 被災学校種=中,被災学年=2,3,152,0.024922118380062305,0.45645645645645644,1.4721987984811886
給付年度=19,和暦=平成 | 被災学年=3,3,91,0.014920478767010985,0.24594594594594596,1.4720552741161184
発生場所1=学校内・校舎内（園内・園舎内） | 被災学年=2,被災学校種=中,3,336,0.055090998524348254,0.44327176781002636,1.470100332720691
被災学年=6,場合別1=休憩時間,2,129,0.02115100836202656,0.3359375,1.4697868095408895
給付年度=18,和暦=平成 | 被災学年=3,3,96,0.01574028529267093,0.24552429667519182,1.469531585301271
場合別2=体育的部活動,発生場所1=学校外（園外）,2,561,0.09198229217904574,0.2695819317635752,1.4693299390760008
発生場所1=学校外（園外）,場合別2=体育的部活動,2,561,0.09198229217904574,0.5013404825737265,1.4693299390760008
発生場所1=学校外（園外）,場合別1=課外指導 | 場合別2=体育的部活動,3,561,0.09198229217904574,0.5013404825737265,1.4693299390760008
場合別1=課外指導 | 場合別2=体育的部活動,発生場所1=学校外（園外）,3,561,0.09198229217904574,0.2695819317635752,1.4693299390760008
性別=男 | 発生場所1=学校内・校舎外（園内・園舎外）,場合別1=課外指導,3,912,0.14953271028037382,0.5193621867881549,1.467156080232032
場合別1=課外指導,性別=男 | 発生場所1=学校内・校舎外（園内・園舎外）,3,912,0.14953271028037382,0.4224177860120426,1.4671560802320318
給付年度=17,和暦=平成 | 発生場所1=学校外（園外）,3,69,0.01131333005410723,0.2072072072072072,1.4660751238477456
発生場所1=学校内・校舎外（園内・園舎外） | 給付年度=30,場合別2=体育的部活動,3,62,0.01016560091818331,0.5,1.4654012493993271
給付年度=24,和暦=平成 | 被災学年=3,3,81,0.013280865715691098,0.24471299093655588,1.464675693544705
発生場所2=運動場・校庭（園庭）,場合別2=体育的部活動 | 性別=男,3,875,0.14346614199049024,0.40528022232515054,1.4643389075598894
場合別2=体育的部活動 | 性別=男,発生場所2=運動場・校庭（園庭）,3,875,0.14346614199049024,0.5183649289099526,1.4643389075598892
給付年度=27,和暦=平成 | 被災学校種=高,3,124,0.02033120183636662,0.3668639053254438,1.4643343969763623
場合別1=保育中 | 発生場所2=教室（保育室）,性別=女,3,62,0.01016560091818331,0.43356643356643354,1.463376689718693
和暦=平成 | 場合別2=体育（保健体育）,被災学年=3,3,203,0.033284144941793735,0.3113496932515337,1.461833548222559
場合別1=課外指導 | 性別=女,被災学年=1,3,183,0.03000491883915396,0.4197247706422018,1.461130922458213
場合別1=課外指導,性別=男 | 被災学年=2,3,720,0.11805213969503198,0.333487725798981,1.460116037076802
性別=男 | 被災学年=2,場合別1=課外指導,3,720,0.11805213969503198,0.5168700646087581,1.460116037076802
給付年度=24,和暦=平成 | 場合別1=休憩時間,3,90,0.014756517461878997,0.2719033232628399,1.4598049019190673
発生場所1=学校内・校舎外（園内・園舎外） | 競技種目=野球（含軟式）,被災学年=1,3,236,0.038694868011149366,0.4191829484902309,1.459244750480547
性別=女 | 被災学年=3,場合別1=各教科等,3,105,0.01721593703885883,0.29329608938547486,1.4590643141615098
和暦=令和 | 場合別2=体育的部活動,発生場所2=体育館・屋内運動場,3,124,0.02033120183636662,0.2407766990291262,1.458289063931123
給付年度=20,和暦=平成 | 場合別1=各教科等,3,78,0.01278898180029513,0.21787709497206703,1.455457176598726
発生場所2=運動場・校庭（園庭） | 競技種目=野球（含軟式）,被災学年=1,3,234,0.038366945400885394,0.41785714285714287,1.4546294031311156
場合別2=体育的部活動 | 給付年度=27,発生場所2=運動場・校庭（園庭）,3,69,0.01131333005410723,0.5149253731343284,1.4546224412905369
発生場所1=学校外（園外）,場合別1=課外指導,2,576,0.09444171175602557,0.514745308310992,1.4541137727599538
場合別1=課外指導,発生場所1=学校外（園外）,2,576,0.09444171175602557,0.2667901806391848,1.4541137727599536
和暦=平成 | 競技種目=バスケットボール,被災学校種=中,3,71,0.011641252664371209,0.4382716049382716,1.4535174108311681
発生場所1=学校内・校舎外（園内・園舎外） | 給付年度=27,場合別1=課外指導,3,71,0.011641252664371209,0.5144927536231884,1.4534003262379926
被災学校種=保,和暦=平成 | 発生場所1=学校内・校舎内（園内・園舎内）,3,122,0.02000327922610264,0.488,1.45327734375
給付年度=28,和暦=平成 | 場合別1=各教科等,3,67,0.010985407443843253,0.21753246753246752,1.4531550049074693
競技種目=サッカー・フットサル,和暦=平成 | 場合別1=各教科等,3,92,0.015084440072142975,0.21749408983451538,1.452898635159594
発生場所1=学校外（園外）,和暦=平成 | 場合別2=体育的部活動,3,417,0.06837186424003935,0.3726541554959786,1.4513522952554108
和暦=平成 | 場合別2=体育的部活動,発生場所1=学校外（園外）,3,417,0.06837186424003935,0.2662835249042146,1.4513522952554108
被災学年=6,場合別1=各教科等,2,112,0.01836366617478275,0.2916666666666667,1.4509584013050572
発生場所1=学校内・校舎外（園内・園舎外） | 被災学年=5,性別=女,3,67,0.010985407443843253,0.42948717948717946,1.449608360648759
性別=男 | 競技種目=サッカー・フットサル,発生場所1=学校外（園外）,3,105,0.01721593703885883,0.26582278481012656,1.4488410764584108
給付年度=30,和暦=平成 | 場合別1=課外指導,3,129,0.02115100836202656,0.3850746268656716,1.448840314160229
性別=男 | 被災学年=6,発生場所1=学校内・校舎内（園内・園舎内）,3,151,0.024758157074930315,0.6291666666666667,1.448579652699132
発生場所2=体育館・屋内運動場 | 競技種目=バスケットボール,場合別2=体育的部活動,3,84,0.013772749631087064,0.49411764705882355,1.4481612347005115
競技種目=バスケットボール,被災学校種=高,2,114,0.018691588785046728,0.4892703862660944,1.4471678398821095
給付年度=24,和暦=平成 | 被災学校種=高,3,120,0.019675356615838663,0.36253776435045315,1.4470666392496163
場合別1=通学中 | 発生場所2=道路,被災学校種=小,3,116,0.019019511395310707,0.4,1.4469750889679718
和暦=平成 | 被災学年=5,場合別1=休憩時間,3,104,0.01705197573372684,0.33015873015873015,1.4445036551205848
被災学年=2 | 被災学校種=高,発生場所1=学校外（園外）,3,212,0.03475979668798164,0.265,1.4443565683646113
被災学年=6,和暦=平成 | 場合別1=各教科等,3,83,0.013608788325955074,0.21614583333333334,1.4438920454545456
場合別1=課外指導 | 給付年度=27,発生場所2=運動場・校庭（園庭）,3,69,0.01131333005410723,0.5111111111111111,1.4438474602439402
給付年度=29,和暦=平成 | 被災学年=1,3,101,0.016560091818330874,0.3136645962732919,1.4438040548458924
場合別1=課外指導 | 競技種目=バスケットボール,発生場所1=学校内・校舎内（園内・園舎内）,3,89,0.014592556156747007,0.6267605633802817,1.4430398928109998
場合別2=体育的部活動 | 競技種目=バスケットボール,発生場所1=学校内・校舎内（園内・園舎内）,3,89,0.014592556156747007,0.6267605633802817,1.4430398928109998
発生場所1=学校外（園外）,和暦=平成 | 場合別1=課外指導,3,429,0.07033939990162322,0.38337801608579086,1.4424568291839843
和暦=平成 | 場合別1=課外指導,発生場所1=学校外（園外）,3,429,0.07033939990162322,0.2646514497223936,1.442456829183984
給付年度=30,和暦=平成 | 場合別2=体育的部活動,3,124,0.02033120183636662,0.3701492537313433,1.4415966146280093
給付年度=23,和暦=平成 | 被災学校種=高,3,104,0.01705197573372684,0.3611111111111111,1.4413721640488655
場合別1=課外指導 | 給付年度=2,被災学年=2,3,63,0.010329562223315297,0.44680851063829785,1.4410814946499093
給付年度=21,和暦=平成 | 被災学年=1,3,113,0.01852762747991474,0.31301939058171746,1.4408341608738828
発生場所2=運動場・校庭（園庭） | 被災学年=1,被災学校種=高,3,320,0.05246761764223643,0.487062404870624,1.4406370549495324
発生場所1=学校外（園外）,被災学校種=高,2,545,0.08935891129693392,0.4870420017873101,1.4405767065474318
被災学校種=高,発生場所1=学校外（園外）,2,545,0.08935891129693392,0.26430649854510185,1.4405767065474318
被災学年=1,場合別2=体育的部活動 | 発生場所2=運動場・校庭（園庭）,3,412,0.0675520577143794,0.23515981735159816,1.4385553922040093
場合別2=体育的部活動 | 発生場所2=運動場・校庭（園庭）,被災学年=1,3,412,0.0675520577143794,0.41323971915747243,1.4385553922040093
給付年度=29,和暦=平成 | 被災学校種=高,3,116,0.019019511395310707,0.36024844720496896,1.4379288478423466
場合別2=授業終了後の特定時間中,発生場所1=学校内・校舎内（園内・園舎内）,2,143,0.023446466633874407,0.6244541484716157,1.4377296532760984
場合別1=休憩時間 | 場合別2=授業終了後の特定時間中,発生場所1=学校内・校舎内（園内・園舎内）,3,143,0.023446466633874407,0.6244541484716157,1.4377296532760984
場合別2=体育的部活動 | 性別=女,被災学校種=高,3,191,0.03131660928020987,0.4860050890585242,1.4375097178312022
発生場所1=学校内・校舎内（園内・園舎内） | 競技種目=バスケットボール,場合別1=課外指導,3,89,0.014592556156747007,0.5085714285714286,1.4366730629259579
場合別1=課外指導 | 性別=男,発生場所2=運動場・校庭（園庭）,3,876,0.14363010329562223,0.5084155542658154,1.4362327306471554
発生場所2=運動場・校庭（園庭）,場合別1=課外指導 | 性別=男,3,876,0.14363010329562223,0.40574339972209356,1.4362327306471552
発生場所2=運動場・校庭（園庭） | 被災学年=2,被災学校種=高,3,331,0.05427119199868831,0.48533724340175954,1.435534358635951
発生場所1=学校内・校舎外（園内・園舎外） | 給付年度=30,場合別1=課外指導,3,63,0.010329562223315297,0.5080645161290323,1.4352410763645058
場合別2=体育的部活動 | 給付年度=29,発生場所2=運動場・校庭（園庭）,3,64,0.010493523528447287,0.5079365079365079,1.4348794635964621
被災学年=6,和暦=平成 | 発生場所1=学校内・校舎内（園内・園舎内）,3,185,0.030332841449417936,0.4817708333333333,1.4347267150878904
給付年度=25,和暦=平成 | 被災学年=1,3,96,0.01574028529267093,0.3116883116883117,1.43470717961284
和暦=平成 | 場合別2=授業終了後の特定時間中,発生場所1=学校内・校舎内（園内・園舎内）,3,119,0.019511395310706673,0.6230366492146597,1.4344660338090638
和暦=令和 | 被災学校種=高,被災学年=1,3,220,0.036071487129037544,0.41198501872659177,1.4341875737519882
場合別2=体育（保健体育） | 被災学年=3,被災学校種=中,3,118,0.019347434005574683,0.43223443223443225,1.4334952703631334
場合別2=体育（保健体育）,被災学年=3,2,273,0.04476143630103296,0.30502793296089387,1.432151934663966
被災学年=3,場合別2=体育（保健体育）,2,273,0.04476143630103296,0.21016166281755197,1.432151934663966
被災学年=3,場合別1=各教科等 | 場合別2=体育（保健体育）,3,273,0.04476143630103296,0.21016166281755197,1.432151934663966
場合別1=各教科等 | 場合別2=体育（保健体育）,被災学年=3,3,273,0.04476143630103296,0.30502793296089387,1.432151934663966
発生場所2=体育館・屋内運動場 | 被災学年=2,被災学校種=高,3,167,0.027381537957042137,0.48405797101449277,1.4317505165942732
発生場所2=廊下,性別=男 | 被災学校種=中,3,123,0.02016724053123463,0.3137755102040816,1.431351411170302
発生場所1=学校内・校舎外（園内・園舎外） | 被災学年=1,被災学校種=高,3,340,0.05574684374487621,0.48364153627311524,1.4305187826041366
性別=女 | 発生場所2=体育館・屋内運動場,和暦=令和,3,115,0.018855550090178717,0.32212885154061627,1.42988636502636
場合別1=課外指導 | 発生場所2=運動場・校庭（園庭）,被災学年=1,3,412,0.0675520577143794,0.4103585657370518,1.4285256235332644
被災学年=1,場合別1=課外指導 | 発生場所2=運動場・校庭（園庭）,3,412,0.0675520577143794,0.23515981735159816,1.4285256235332642
場合別2=始業前の特定時間中 | 被災学校種=小,発生場所1=学校内・校舎内（園内・園舎内）,3,75,0.012297097884899164,0.6198347107438017,1.4270939602968844
場合別1=保育中 | 性別=男,発生場所1=学校内・校舎内（園内・園舎内）,3,119,0.019511395310706673,0.6197916666666666,1.4269948565496413
被災学年=6 | 被災学校種=小,発生場所1=学校内・校舎内（園内・園舎内）,3,207,0.033939990162321694,0.6197604790419161,1.4269230508405613
被災学年=1,場合別2=体育的部活動 | 発生場所1=学校内・校舎外（園内・園舎外）,3,423,0.06935563207083129,0.24143835616438356,1.426872610704046
場合別2=体育的部活動 | 発生場所1=学校内・校舎外（園内・園舎外）,被災学年=1,3,423,0.06935563207083129,0.40988372093023256,1.426872610704046
場合別2=体育的部活動 | 被災学校種=中,被災学年=2,3,350,0.0573864567961961,0.44191919191919193,1.4253120843549187
場合別2=体育的部活動 | 被災学年=1,発生場所2=体育館・屋内運動場,3,194,0.03180849319560584,0.23515151515151514,1.4242195540308749
給付年度=22,和暦=平成 | 場合別1=休憩時間,3,96,0.01574028529267093,0.26519337016574585,1.4237802505641584
発生場所1=学校外（園外）,和暦=平成 | 被災学校種=高,3,399,0.06542056074766354,0.35656836461126007,1.4232398270707298
和暦=平成 | 被災学校種=高,発生場所1=学校外（園外）,3,399,0.06542056074766354,0.26112565445026176,1.4232398270707296
競技種目=ソフトボール,場合別2=体育的部活動,2,67,0.010985407443843253,0.4855072463768116,1.4229258508660132
競技種目=ソフトボール,場合別1=課外指導 | 場合別2=体育的部活動,3,67,0.010985407443843253,0.4855072463768116,1.4229258508660132
発生場所2=体育館・屋内運動場 | 被災学年=2,被災学校種=中,3,148,0.02426627315953435,0.4289855072463768,1.4227202874908385
発生場所1=学校内・校舎内（園内・園舎内） | 被災学年=5,場合別1=休憩時間,3,66,0.010821446138711265,0.3251231527093596,1.4224721006989844
場合別1=課外指導 | 被災学校種=中,被災学年=2,3,359,0.058862108542383995,0.44103194103194104,1.4224504539152873
発生場所1=学校内・校舎外（園内・園舎外） | 被災学年=2,被災学校種=高,3,350,0.0573864567961961,0.48010973936899864,1.4200724056311942
給付年度=20,和暦=平成 | 被災学校種=小,3,111,0.01819970486965076,0.3100558659217877,1.4196927374301676
性別=女 | 被災学校種=高,場合別1=課外指導,3,205,0.033612067552057714,0.5024509803921569,1.419383292918835
発生場所2=体育館・屋内運動場 | 被災学校種=小,性別=女,3,74,0.012133136579767174,0.42045454545454547,1.4191213462796197
給付年度=22,和暦=平成 | 性別=女,3,119,0.019511395310706673,0.3287292817679558,1.4189100421109428
和暦=令和 | 場合別1=休憩時間,発生場所1=学校内・校舎内（園内・園舎内）,3,159,0.026069847515986226,0.6162790697674418,1.4189075298269642
給付年度=25,和暦=平成 | 発生場所1=学校内・校舎外（園内・園舎外）,3,130,0.02131496966715855,0.42207792207792205,1.418321348073414
発生場所2=体育館・屋内運動場 | 被災学校種=高,被災学年=1,3,176,0.02885718970323004,0.4074074074074074,1.4182521562658548
場合別2=体育的部活動,和暦=平成 | 発生場所1=学校外（園外）,3,417,0.06837186424003935,0.2003844305622297,1.4178012088155907
和暦=平成 | 発生場所1=学校外（園外）,場合別2=体育的部活動,3,417,0.06837186424003935,0.4837587006960557,1.4178012088155902
場合別1=課外指導 | 発生場所1=学校内・校舎外（園内・園舎外）,被災学年=1,3,427,0.07001147729135924,0.4070543374642517,1.4170230617548352
被災学年=1,場合別1=課外指導 | 発生場所1=学校内・校舎外（園内・園舎外）,3,427,0.07001147729135924,0.2437214611872146,1.417023061754835
給付年度=27,和暦=平成 | 被災学校種=中,3,114,0.018691588785046728,0.33727810650887574,1.4167074184556703
給付年度=18,和暦=平成 | 発生場所1=学校内・校舎内（園内・園舎内）,3,186,0.030496802754549926,0.47570332480818417,1.41665750879156
和暦=平成 | 場合別1=学校行事,被災学年=3,3,70,0.011477291359239219,0.3017241379310345,1.416640121048021
性別=男 | 給付年度=28,被災学校種=高,3,102,0.016724053123462864,0.4788732394366197,1.4164150762967718
場合別1=各教科等 | 性別=男,被災学年=3,3,246,0.04033448106246926,0.3014705882352941,1.4154496671647874
場合別1=学校行事,和暦=平成 | 被災学年=3,3,70,0.011477291359239219,0.23648648648648649,1.4154377635731905
発生場所1=学校内・校舎内（園内・園舎内） | 被災学年=2,場合別1=休憩時間,3,245,0.04017051975733727,0.3232189973614776,1.4141410795607259
和暦=令和 | 性別=女,場合別1=各教科等,3,112,0.01836366617478275,0.28426395939086296,1.4141320459419846
和暦=平成 | 場合別1=保育中,発生場所1=学校内・校舎内（園内・園舎内）,3,189,0.030988686669945892,0.6136363636363636,1.4128230206939154
給付年度=27,和暦=平成 | 発生場所2=運動場・校庭（園庭）,3,131,0.02147893097229054,0.3875739644970414,1.4120750355241671
場合別1=休憩時間 | 性別=女,発生場所1=学校内・校舎内（園内・園舎内）,3,268,0.04394162977537301,0.6132723112128147,1.411984834309912
被災学年=6,性別=女 | 発生場所1=学校内・校舎内（園内・園舎内）,3,83,0.013608788325955074,0.21614583333333334,1.4114276632762313
被災学年=5,場合別1=休憩時間,2,130,0.02131496966715855,0.3225806451612903,1.4113481742028047
場合別2=体育（保健体育） | 被災学年=2,被災学校種=高,3,125,0.020495163141498605,0.4770992366412214,1.411167916719112
競技種目=バスケットボール,場合別2=体育的部活動 | 性別=男,3,91,0.014920478767010985,0.3905579399141631,1.4111450684457825
場合別2=体育的部活動 | 被災学年=1,発生場所2=運動場・校庭（園庭）,3,412,0.0675520577143794,0.4993939393939394,1.4107473998905218
和暦=平成 | 被災学年=6,発生場所1=学校内・校舎内（園内・園舎内）,3,185,0.030332841449417936,0.6125827814569537,1.4103972759931902
和暦=平成 | 場合別1=通学中,被災学校種=小,3,99,0.016232169208066895,0.38976377952755903,1.4099461988959565
性別=男 | 発生場所2=廊下,被災学校種=小,3,106,0.01737989834399082,0.3897058823529412,1.4097367594724723
給付年度=20,和暦=平成 | 場合別1=休憩時間,3,94,0.015412362682406953,0.26256983240223464,1.409694901251082
被災学年=4,性別=女 | 発生場所1=学校内・校舎内（園内・園舎内）,3,79,0.01295294310542712,0.21584699453551912,1.4094762523256221
場合別2=体育（保健体育） | 被災学年=1,被災学校種=高,3,91,0.014920478767010985,0.47643979057591623,1.4092174019022856
給付年度=29,和暦=平成 | 被災学校種=中,3,108,0.017707820954254796,0.33540372670807456,1.4088342487551975
被災学年=5,場合別1=休憩時間 | 性別=男,3,89,0.014592556156747007,0.22084367245657568,1.4074457244646343
和暦=令和 | 場合別1=課外指導,発生場所2=体育館・屋内運動場,3,125,0.020495163141498605,0.23234200743494424,1.4072034789927756
発生場所2=学校外運動場・競技場 | 競技種目=サッカー・フットサル,性別=男,3,100,0.016396130513198885,0.9900990099009901,1.4069463796333035
和暦=令和 | 発生場所2=体育館・屋内運動場,性別=女,3,115,0.018855550090178717,0.4166666666666667,1.4063364692861098
給付年度=30,和暦=平成 | 被災学校種=高,3,118,0.019347434005574683,0.3522388059701492,1.4059584277565054
和暦=平成 | 発生場所1=学校外（園外）,場合別1=課外指導,3,429,0.07033939990162322,0.4976798143851508,1.405905135680887
給付年度=30,場合別1=課外指導 | 被災学年=2,3,68,0.011149368748975241,0.20298507462686566,1.4052281159469395
和暦=平成 | 被災学校種=保,発生場所1=学校内・校舎内（園内・園舎内）,3,122,0.02000327922610264,0.61,1.4044507361268403
給付年度=20,和暦=平成 | 被災学年=3,3,84,0.013772749631087064,0.2346368715083799,1.4043673006178696
発生場所1=学校内・校舎外（園内・園舎外）,場合別2=体育的部活動 | 性別=男,3,906,0.1485489424495819,0.3886743886743887,1.4043395121594175
場合別2=体育的部活動 | 性別=男,発生場所1=学校内・校舎外（園内・園舎外）,3,906,0.1485489424495819,0.5367298578199052,1.4043395121594173
発生場所1=学校内・校舎内（園内・園舎内） | 被災学年=4,性別=女,3,79,0.01295294310542712,0.41578947368421054,1.403375760929718
競技種目=サッカー・フットサル | 被災学校種=中,性別=男,3,158,0.02590588621085424,0.9875,1.403253145386766
被災学年=6,発生場所1=学校内・校舎内（園内・園舎内）,2,234,0.038366945400885394,0.609375,1.4030117497168744
競技種目=野球（含軟式）,性別=男 | 被災学校種=中,3,235,0.03853090670601738,0.30718954248366015,1.401308167245956
発生場所2=運動場・校庭（園庭） | 給付年度=21,場合別1=課外指導,3,61,0.01000163961305132,0.4959349593495935,1.4009760616364848
和暦=平成 | 競技種目=ラグビー,性別=男,3,69,0.01131333005410723,0.9857142857142858,1.4007156170949275
発生場所1=学校外（園外）,性別=男 | 被災学校種=高,3,425,0.06968355468109526,0.37980339588918677,1.4004963189408404
性別=男 | 被災学校種=高,発生場所1=学校外（園外）,3,425,0.06968355468109526,0.2569528415961306,1.4004963189408404
給付年度=23,和暦=平成 | 被災学校種=中,3,96,0.01574028529267093,0.3333333333333333,1.4001377410468319
和暦=平成 | 競技種目=野球（含軟式）,被災学年=2,3,256,0.04197409411378915,0.43389830508474575,1.3994424974679345
発生場所2=教室（保育室） | 被災学年=2,被災学校種=中,3,81,0.013280865715691098,0.421875,1.399138458401305
被災学年=6,性別=男 | 発生場所1=学校内・校舎内（園内・園舎内）,3,151,0.024758157074930315,0.3932291666666667,1.398428389212828
場合別1=各教科等 | 性別=女,発生場所1=学校内・校舎内（園内・園舎内）,3,249,0.04082636497786522,0.6073170731707317,1.39827362373284
場合別2=休憩時間中 | 被災学校種=小,発生場所1=学校内・校舎内（園内・園舎内）,3,218,0.03574356451877357,0.6072423398328691,1.3981015593207509
競技種目=ラグビー,和暦=平成 | 性別=男,3,69,0.01131333005410723,0.7582417582417582,1.3962912087912087
場合別1=保育中 | 被災学校種=保,発生場所1=学校内・校舎内（園内・園舎内）,3,151,0.024758157074930315,0.606425702811245,1.3962213519991633
発生場所2=体育館・屋内運動場 | 競技種目=バスケットボール,場合別1=課外指導,3,84,0.013772749631087064,0.49411764705882355,1.3958423017192056
給付年度=25,和暦=平成 | 場合別1=休憩時間,3,80,0.013116904410559108,0.2597402597402597,1.3945033839400034
発生場所1=学校外（園外） | 競技種目=サッカー・フットサル,性別=男,3,105,0.01721593703885883,0.9813084112149533,1.3944547996272134
給付年度=19,和暦=平成 | 発生場所1=学校内・校舎内（園内・園舎内）,3,173,0.028365305787834073,0.46756756756756757,1.3924290012668918
性別=男 | 被災学校種=保,発生場所1=学校内・校舎内（園内・園舎内）,3,81,0.013280865715691098,0.6044776119402985,1.3917361099372898
競技種目=野球（含軟式） | 被災学校種=中,性別=男,3,235,0.03853090670601738,0.9791666666666666,1.391411346691519
場合別2=体育的部活動 | 給付年度=29,発生場所1=学校内・校舎外（園内・園舎外）,3,67,0.010985407443843253,0.5317460317460317,1.3912994627280342
競技種目=野球（含軟式）,和暦=令和 | 性別=男,3,171,0.028037383177570093,0.2235294117647059,1.3911284513805522
給付年度=25,和暦=平成 | 被災学校種=中,3,102,0.016724053123462864,0.33116883116883117,1.3910459375335409
和暦=平成 | 場合別2=体育的部活動,発生場所2=運動場・校庭（園庭）,3,771,0.1264141662567634,0.49233716475095785,1.3908125835183383
発生場所2=運動場・校庭（園庭）,和暦=平成 | 場合別2=体育的部活動,3,771,0.1264141662567634,0.3571097730430755,1.390812583518338
場合別1=課外指導 | 給付年度=29,発生場所2=運動場・校庭（園庭）,3,64,0.010493523528447287,0.49230769230769234,1.3907293262550326
場合別1=課外指導 | 性別=女,被災学校種=高,3,205,0.033612067552057714,0.4701834862385321,1.3907124551740093
被災学校種=保,発生場所1=学校内・校舎内（園内・園舎内）,2,151,0.024758157074930315,0.604,1.3906364665911666
競技種目=野球（含軟式）,和暦=平成 | 被災学年=2,3,256,0.04197409411378915,0.33464052287581697,1.3903082758989154
発生場所1=学校内・校舎外（園内・園舎外） | 給付年度=21,場合別1=課外指導,3,62,0.01016560091818331,0.49206349206349204,1.3900394803590728
競技種目=ラグビー,性別=男,2,89,0.014592556156747007,0.978021978021978,1.3897847259916225
場合別2=体育（保健体育） | 被災学年=3,発生場所1=学校内・校舎外（園内・園舎外）,3,145,0.023774389244138383,0.5311355311355311,1.3897021039878181
場合別1=休憩時間 | 被災学年=2,被災学校種=中,3,150,0.02459419576979833,0.41899441340782123,1.3895850611062
性別=女 | 被災学校種=保,発生場所1=学校内・校舎内（園内・園舎内）,3,70,0.011477291359239219,0.603448275862069,1.3893661889327138
場合別2=体育（保健体育） | 被災学年=1,被災学校種=中,3,80,0.013116904410559108,0.418848167539267,1.389100040142463
場合別1=課外指導 | 競技種目=ラグビー,性別=男,3,87,0.01426463354648303,0.9775280898876404,1.3890829031278469
場合別2=体育的部活動 | 競技種目=ラグビー,性別=男,3,87,0.01426463354648303,0.9775280898876404,1.3890829031278469
場合別1=課外指導 | 被災学年=1,発生場所2=体育館・屋内運動場,3,194,0.03180849319560584,0.2293144208037825,1.3888665863776262
場合別1=保育中,発生場所1=学校内・校舎内（園内・園舎内）,2,228,0.037383177570093455,0.6031746031746031,1.3887360908878463
和暦=令和 | 競技種目=野球（含軟式）,性別=男,3,171,0.028037383177570093,0.9771428571428571,1.388535481294102
場合別1=課外指導 | 競技種目=サッカー・フットサル,被災学年=2,3,127,0.020823085751762584,0.43050847457627117,1.3885093529564663
場合別2=体育的部活動 | 競技種目=サッカー・フットサル,被災学年=2,3,127,0.020823085751762584,0.43050847457627117,1.3885093529564663
競技種目=バスケットボール,和暦=平成 | 被災学校種=高,3,81,0.013280865715691098,0.34763948497854075,1.387600274138822
発生場所1=学校外（園外） | 競技種目=野球（含軟式）,性別=男,3,163,0.026725692736514182,0.9760479041916168,1.3869795358025794
給付年度=30,和暦=平成 | 発生場所1=学校内・校舎内（園内・園舎内）,3,156,0.02557796360059026,0.46567164179104475,1.3867828824626864
発生場所1=学校内・校舎内（園内・園舎内） | 被災学年=1,場合別1=休憩時間,3,225,0.03689129365469749,0.31690140845070425,1.386500495079516
場合別2=体育的部活動 | 発生場所1=学校内・校舎内（園内・園舎内）,被災学校種=中,3,204,0.03344810624692573,0.4180327868852459,1.3863958494905464
場合別2=体育的部活動 | 給付年度=27,発生場所1=学校内・校舎外（園内・園舎外）,3,71,0.011641252664371209,0.5298507462686567,1.3863404982807968
競技種目=ラグビー | 被災学校種=高,性別=男,3,79,0.01295294310542712,0.9753086419753086,1.3859290324807565
被災学年=5,和暦=平成 | 場合別1=休憩時間,3,104,0.01705197573372684,0.25806451612903225,1.3855065879145843
性別=男 | 給付年度=5,被災学校種=高,3,89,0.014592556156747007,0.46842105263157896,1.3854995150339475
場合別1=課外指導 | 性別=男,発生場所1=学校内・校舎外（園内・園舎外）,3,912,0.14953271028037382,0.5293093441671504,1.384923933966302
発生場所1=学校内・校舎外（園内・園舎外）,場合別1=課外指導 | 性別=男,3,912,0.14953271028037382,0.3912483912483912,1.3849239339663018
和暦=令和 | 被災学年=2,被災学校種=高,3,198,0.03246433841613379,0.46808510638297873,1.3845058505479084
被災学年=2 | 被災学校種=中,場合別2=体育的部活動,3,350,0.0573864567961961,0.47233468286099867,1.3843196687982848
発生場所2=学校外運動場・競技場 | 競技種目=野球（含軟式）,性別=男,3,150,0.02459419576979833,0.974025974025974,1.3841063410028926
性別=男 | 競技種目=バスケットボール,被災学校種=中,3,63,0.010329562223315297,0.41721854304635764,1.3836954290591272
場合別1=通学中 | 発生場所1=学校外（園外）,被災学校種=小,3,125,0.020495163141498605,0.382262996941896,1.3828125850229087
和暦=平成 | 競技種目=サッカー・フットサル,場合別1=各教科等,3,92,0.015084440072142975,0.27794561933534745,1.3827001079333474
和暦=令和 | 被災学校種=小,性別=女,3,145,0.023774389244138383,0.4096045197740113,1.3825002579422774
競技種目=バスケットボール,場合別1=課外指導 | 性別=男,3,91,0.014920478767010985,0.3905579399141631,1.3824799045481606
場合別1=課外指導 | 競技種目=サッカー・フットサル,性別=男,3,287,0.0470568945728808,0.9728813559322034,1.3824798205569684
場合別2=体育的部活動 | 競技種目=サッカー・フットサル,性別=男,3,287,0.0470568945728808,0.9728813559322034,1.3824798205569684
被災学校種=高,性別=男 | 被災学年=2,3,651,0.10673880964092475,0.3157129000969932,1.3822921591468498
性別=男 | 被災学年=2,被災学校種=高,3,651,0.10673880964092475,0.46733668341708545,1.3822921591468496
場合別1=通学中,和暦=平成 | 被災学校種=小,3,99,0.016232169208066895,0.3018292682926829,1.3820245550428476
発生場所1=学校内・校舎内（園内・園舎内） | 給付年度=21,性別=女,3,61,0.01000163961305132,0.40939597315436244,1.3817963698220568
場合別1=課外指導 | 競技種目=野球（含軟式）,被災学年=1,3,302,0.04951631414986063,0.3968462549277267,1.3814870484042268
場合別2=体育的部活動 | 競技種目=野球（含軟式）,被災学年=1,3,302,0.04951631414986063,0.3968462549277267,1.3814870484042268
和暦=平成 | 被災学校種=幼,発生場所1=学校内・校舎内（園内・園舎内）,3,63,0.010329562223315297,0.6,1.381426953567384
競技種目=野球（含軟式） | 被災学年=2,性別=男,3,312,0.05115592720118052,0.9719626168224299,1.3811742777260019
発生場所1=学校内・校舎外（園内・園舎外） | 競技種目=野球（含軟式）,被災学年=2,3,241,0.03951467453680931,0.4280639431616341,1.3806250604668462
場合別2=体育的部活動,被災学年=1,2,825,0.1352680767338908,0.3964440172993753,1.3800867930986815
場合別1=課外指導 | 場合別2=体育的部活動,被災学年=1,3,825,0.1352680767338908,0.3964440172993753,1.3800867930986815
被災学年=1,場合別2=体育的部活動,2,825,0.1352680767338908,0.4708904109589041,1.3800867930986813
被災学年=1,場合別1=課外指導 | 場合別2=体育的部活動,3,825,0.1352680767338908,0.4708904109589041,1.3800867930986813
場合別2=体育的部活動 | 発生場所1=学校外（園外）,被災学年=2,3,240,0.039350713231677326,0.42780748663101603,1.3797979169553498
発生場所1=学校内・校舎外（園内・園舎外） | 被災学校種=小,性別=女,3,262,0.04295786194458108,0.40873634945397813,1.3795700029440026
場合別1=課外指導 | 被災学校種=中,発生場所1=学校外（園外）,3,206,0.0337760288571897,0.25307125307125306,1.379340100519725
競技種目=野球（含軟式）,被災学年=1,2,303,0.04968027545499262,0.396078431372549,1.3788141283910824
競技種目=サッカー・フットサル,発生場所1=学校外（園外）,2,107,0.017543859649122806,0.25295508274231676,1.3787069255097317
場合別1=通学中,被災学校種=小,2,125,0.020495163141498605,0.38109756097560976,1.3785966929953999
場合別1=課外指導 | 給付年度=21,発生場所2=運動場・校庭（園庭）,3,61,0.01000163961305132,0.488,1.378560444650301
競技種目=サッカー・フットサル | 被災学年=2,性別=男,3,156,0.02557796360059026,0.968944099378882,1.3768849166150516
発生場所2=運動場・校庭（園庭） | 競技種目=野球（含軟式）,被災学年=2,3,239,0.03918675192654533,0.42678571428571427,1.376502417466193
被災学年=1 | 被災学校種=高,発生場所1=学校外（園外）,3,200,0.03279226102639777,0.25252525252525254,1.3763641779727571
場合別1=課外指導 | 給付年度=27,発生場所1=学校内・校舎外（園内・園舎外）,3,71,0.011641252664371209,0.5259259259259259,1.3760713094046426
場合別2=授業終了後の特定時間中,和暦=平成 | 性別=女,3,73,0.011969175274635186,0.31877729257641924,1.3759537915241196
性別=男 | 被災学年=3,場合別2=体育（保健体育）,3,190,0.03115264797507788,0.20191285866099895,1.3759402513669639
場合別2=体育（保健体育）,性別=男 | 被災学年=3,3,190,0.03115264797507788,0.2122905027932961,1.3759402513669636
場合別1=課外指導 | 給付年度=18,発生場所1=学校内・校舎外（園内・園舎外）,3,61,0.01000163961305132,0.5258620689655172,1.3759042293525052
給付年度=25,和暦=平成 | 被災学年=2,3,102,0.016724053123462864,0.33116883116883117,1.375884673909197
場合別1=課外指導 | 被災学年=1,発生場所2=運動場・校庭（園庭）,3,412,0.0675520577143794,0.48699763593380613,1.3757288474109697
発生場所2=学校外運動場・競技場,性別=男 | 被災学年=1,3,105,0.01721593703885883,0.2807486631016043,1.3742264014901162
給付年度=30,発生場所2=体育館・屋内運動場,2,76,0.012461059190031152,0.22686567164179106,1.3740354829625459
和暦=平成 | 給付年度=30,発生場所2=体育館・屋内運動場,3,76,0.012461059190031152,0.22686567164179106,1.3740354829625459
給付年度=30,発生場所1=学校内・校舎内（園内・園舎内） | 発生場所2=体育館・屋内運動場,3,76,0.012461059190031152,0.22686567164179106,1.3740354829625459
場合別1=特別活動（除学校行事） | 被災学校種=小,性別=女,3,81,0.013280865715691098,0.40703517587939697,1.3738281890915562
和暦=平成 | 競技種目=バスケットボール,被災学年=2,3,69,0.01131333005410723,0.42592592592592593,1.373729361302074
和暦=令和 | 被災学校種=中,場合別2=体育（保健体育）,3,78,0.01278898180029513,0.20155038759689922,1.3734701831882552
性別=男 | 発生場所2=道路,被災学校種=高,3,104,0.01705197573372684,0.4642857142857143,1.3732679783843702
性別=女 | 発生場所2=教室（保育室）,被災学校種=小,3,93,0.015248401377274963,0.3795918367346939,1.3731498293267486
場合別2=体育的部活動 | 被災学年=2,発生場所2=運動場・校庭（園庭）,3,417,0.06837186424003935,0.486013986013986,1.3729501161182496
給付年度=25,和暦=平成 | 発生場所2=運動場・校庭（園庭）,3,116,0.019019511395310707,0.37662337662337664,1.3721780012102593
性別=女 | 被災学校種=高,場合別2=体育的部活動,3,191,0.03131660928020987,0.4681372549019608,1.3720178364474092
給付年度=27,和暦=平成 | 発生場所1=学校内・校舎外（園内・園舎外）,3,138,0.02262666010821446,0.40828402366863903,1.3719692894518067
発生場所2=廊下,和暦=平成 | 被災学校種=中,3,128,0.020987047056894574,0.32653061224489793,1.3715635014336311
場合別2=休憩時間中,性別=女 | 発生場所1=学校内・校舎内（園内・園舎内）,3,113,0.01852762747991474,0.2100371747211896,1.3715382533453269
競技種目=ソフトボール,場合別1=課外指導,2,67,0.010985407443843253,0.4855072463768116,1.3715186177175425
給付年度=17,和暦=平成 | 場合別1=休憩時間,3,85,0.013936710936219052,0.2552552552552553,1.370424121304403
場合別2=体育的部活動 | 被災学校種=中,発生場所1=学校外（園外）,3,199,0.03262829972126578,0.25126262626262624,1.3694823570828931
競技種目=野球（含軟式） | 被災学年=3,性別=男,3,132,0.02164289227742253,0.9635036496350365,1.3691539513336644
和暦=平成 | 発生場所1=学校外（園外）,被災学校種=高,3,399,0.06542056074766354,0.462877030162413,1.3691013612805802
場合別2=昼食時休憩時間中,性別=男 | 発生場所1=学校内・校舎内（園内・園舎内）,3,174,0.02852926709296606,0.38495575221238937,1.3690059083051678
被災学年=2 | 被災学校種=中,場合別1=課外指導,3,359,0.058862108542383995,0.4844804318488529,1.3686179499055833
場合別1=課外指導 | 給付年度=29,発生場所1=学校内・校舎外（園内・園舎外）,3,68,0.011149368748975241,0.5230769230769231,1.3686169686169687
発生場所2=運動場・校庭（園庭）,場合別2=体育的部活動 | 被災学校種=高,3,604,0.09903262829972126,0.2797591477535896,1.368284717040211
場合別2=体育的部活動 | 被災学校種=高,発生場所2=運動場・校庭（園庭）,3,604,0.09903262829972126,0.4843624699278268,1.368284717040211
給付年度=17,和暦=平成 | 発生場所2=運動場・校庭（園庭）,3,125,0.020495163141498605,0.37537537537537535,1.3676310719321472
性別=男 | 競技種目=野球（含軟式）,被災学年=2,3,312,0.05115592720118052,0.42391304347826086,1.3672372565700226
和暦=平成 | 被災学年=6,場合別1=各教科等,3,83,0.013608788325955074,0.27483443708609273,1.367222864427471
競技種目=野球（含軟式）,性別=男,2,736,0.1206755205771438,0.9620915032679739,1.3671472689728268
場合別1=課外指導 | 競技種目=野球（含軟式）,性別=男,3,732,0.12001967535661584,0.961892247043364,1.366864122720754
場合別2=体育的部活動 | 競技種目=野球（含軟式）,性別=男,3,732,0.12001967535661584,0.961892247043364,1.366864122720754
発生場所2=運動場・校庭（園庭） | 被災学校種=高,被災学年=1,3,320,0.05246761764223643,0.39263803680981596,1.3668375493738971
和暦=令和 | 発生場所2=運動場・校庭（園庭）,場合別2=体育的部活動,3,226,0.03705525495982948,0.465979381443299,1.3656935355226718
和暦=平成 | 性別=女,被災学校種=小,3,533,0.08739137563535006,0.3772116065109696,1.3645394947274043
被災学校種=小,和暦=平成 | 性別=女,3,533,0.08739137563535006,0.31613285883748515,1.364539494727404
発生場所1=学校内・校舎内（園内・園舎内） | 競技種目=バスケットボール,被災学校種=中,3,72,0.011805213969503197,0.4114285714285714,1.3644931251456536
給付年度=27,和暦=平成 | 被災学年=2,3,111,0.01819970486965076,0.32840236686390534,1.3643910323589636
場合別1=課外指導,被災学年=1,2,846,0.13871126414166257,0.3918480778138027,1.3640875722525017
被災学年=1,場合別1=課外指導,2,846,0.13871126414166257,0.4828767123287671,1.3640875722525014
被災学年=2,和暦=平成 | 場合別2=体育的部活動,3,662,0.10854238399737662,0.3500793231094659,1.363431540002958
和暦=平成 | 場合別2=体育的部活動,被災学年=2,3,662,0.10854238399737662,0.4227330779054917,1.363431540002958
場合別2=体育（保健体育） | 発生場所2=体育館・屋内運動場,被災学年=3,3,126,0.020659124446630595,0.2903225806451613,1.3631080980406765
発生場所1=学校内・校舎外（園内・園舎外） | 競技種目=野球（含軟式）,性別=男,3,540,0.08853910477127398,0.9591474245115453,1.3629636864156371
発生場所2=運動場・校庭（園庭） | 競技種目=野球（含軟式）,性別=男,3,537,0.08804722085587802,0.9589285714285715,1.362652692717348
競技種目=サッカー・フットサル | 被災学年=1,性別=男,3,140,0.022954582718478438,0.958904109589041,1.3626179320558158
場合別2=昼食時休憩時間中 | 発生場所1=学校内・校舎内（園内・園舎内）,被災学校種=中,3,99,0.016232169208066895,0.4107883817427386,1.3623699511957381
給付年度=17,和暦=平成 | 発生場所1=学校内・校舎外（園内・園舎外）,3,135,0.022134776192818496,0.40540540540540543,1.3622961804779987
給付年度=17,和暦=平成 | 被災学校種=中,3,108,0.017707820954254796,0.32432432432432434,1.3622961804779987
性別=男 | 競技種目=野球（含軟式）,被災学年=1,3,288,0.04722085587801279,0.391304347826087,1.3621947587849912
競技種目=サッカー・フットサル | 被災学校種=高,被災学年=1,3,90,0.014756517461878997,0.391304347826087,1.3621947587849912
給付年度=23,和暦=平成 | 性別=男,3,213,0.034923757993113626,0.7395833333333334,1.3619319897342994
発生場所2=運動場・校庭（園庭） | 被災学校種=小,性別=女,3,236,0.038694868011149366,0.40341880341880343,1.3616221815447052
被災学年=3 | 被災学校種=小,性別=女,3,96,0.01574028529267093,0.40336134453781514,1.3614282458971414
和暦=令和 | 被災学校種=高,発生場所2=体育館・屋内運動場,3,120,0.019675356615838663,0.2247191011235955,1.3610345558617767
給付年度=17,和暦=平成 | 性別=女,3,105,0.01721593703885883,0.3153153153153153,1.3610106922208833
和暦=平成 | 競技種目=野球（含軟式）,性別=男,3,565,0.0926381373995737,0.9576271186440678,1.3608033076910926
場合別1=課外指導 | 発生場所1=学校外（園外）,被災学年=2,3,243,0.03984259714707329,0.421875,1.3606640005288206
発生場所1=学校内・校舎外（園内・園舎外） | 被災学校種=高,被災学年=1,3,340,0.05574684374487621,0.39080459770114945,1.360455046449378
場合別1=課外指導 | 競技種目=サッカー・フットサル,被災学校種=中,3,121,0.019839317920970653,0.4101694915254237,1.3603174164293415
場合別2=体育的部活動 | 競技種目=サッカー・フットサル,被災学校種=中,3,121,0.019839317920970653,0.4101694915254237,1.3603174164293415
競技種目=野球（含軟式）,和暦=平成 | 性別=男,3,565,0.0926381373995737,0.738562091503268,1.3600513877048404
性別=男 | 給付年度=2,場合別1=課外指導,3,113,0.01852762747991474,0.4808510638297872,1.358365279433938
和暦=令和 | 被災学年=2,場合別2=体育的部活動,3,196,0.03213641580586982,0.46335697399527187,1.3580077772211259
場合別2=体育（保健体育）,和暦=平成 | 被災学年=3,3,203,0.033284144941793735,0.22681564245810057,1.3575550572639405
性別=女,被災学校種=小,2,678,0.11116576487948844,0.375207526286663,1.3572898593252418
被災学校種=小,性別=女,2,678,0.11116576487948844,0.40213523131672596,1.3572898593252416
場合別1=休憩時間 | 被災学校種=中,被災学年=3,3,113,0.01852762747991474,0.289002557544757,1.3569103914283858
場合別1=各教科等 | 被災学校種=中,発生場所1=学校内・校舎内（園内・園舎内）,3,221,0.03623544843416954,0.5893333333333334,1.3568682521706306
発生場所1=学校内・校舎外（園内・園舎外） | 被災学校種=中,被災学年=3,3,193,0.03164453189047385,0.28892215568862273,1.3565328926442726
場合別1=課外指導 | 競技種目=野球（含軟式）,被災学年=2,3,320,0.05246761764223643,0.4204993429697766,1.3562271246814739
場合別2=体育的部活動 | 競技種目=野球（含軟式）,被災学年=2,3,320,0.05246761764223643,0.4204993429697766,1.3562271246814739
給付年度=30,和暦=平成 | 場合別1=各教科等,3,68,0.011149368748975241,0.20298507462686566,1.3559758709192264
給付年度=20,和暦=平成 | 発生場所1=学校内・校舎内（園内・園舎内）,3,163,0.026725692736514182,0.4553072625698324,1.3559174777409218
発生場所1=学校内・校舎内（園内・園舎内） | 被災学校種=高,被災学年=1,3,252,0.04131824889326119,0.3894899536321484,1.355878554339311
競技種目=野球（含軟式） | 被災学校種=高,性別=男,3,493,0.08083292343007051,0.9535783365570599,1.3550499241988603
場合別1=各教科等 | 発生場所2=体育館・屋内運動場,被災学年=3,3,129,0.02115100836202656,0.28859060402684567,1.3549762078211947
被災学年=2,場合別2=体育的部活動 | 性別=男,3,709,0.11624856533858009,0.3749338974087784,1.3546930333507936
場合別2=体育的部活動 | 性別=男,被災学年=2,3,709,0.11624856533858009,0.4200236966824645,1.3546930333507936
和暦=平成 | 場合別1=課外指導,発生場所2=運動場・校庭（園庭）,3,777,0.12739793408755534,0.4793337446020975,1.3540789756036093
発生場所2=運動場・校庭（園庭）,和暦=平成 | 場合別1=課外指導,3,777,0.12739793408755534,0.35988883742473365,1.3540789756036091
競技種目=サッカー・フットサル,和暦=平成 | 性別=男,3,311,0.050991965896048534,0.735224586288416,1.3539054202213312
給付年度=28,和暦=平成 | 発生場所1=学校内・校舎内（園内・園舎内）,3,140,0.022954582718478438,0.45454545454545453,1.3536487926136362
給付年度=20,和暦=平成 | 発生場所2=運動場・校庭（園庭）,3,133,0.021806853582554516,0.3715083798882682,1.3535421797721312
和暦=令和 | 場合別1=各教科等,発生場所1=学校内・校舎内（園内・園舎内）,3,184,0.03016888014428595,0.5878594249201278,1.3534747574888106
被災学年=1 | 被災学校種=中,場合別2=体育的部活動,3,278,0.0455812428266929,0.46179401993355484,1.353427067551538
場合別2=体育的部活動,発生場所2=運動場・校庭（園庭）,2,997,0.1634694212165929,0.4790965881787602,1.3534090279306432
場合別1=課外指導 | 場合別2=体育的部活動,発生場所2=運動場・校庭（園庭）,3,997,0.1634694212165929,0.4790965881787602,1.3534090279306432
発生場所2=運動場・校庭（園庭）,場合別2=体育的部活動,2,997,0.1634694212165929,0.4617878647522001,1.353409027930643
発生場所2=運動場・校庭（園庭）,場合別1=課外指導 | 場合別2=体育的部活動,3,997,0.1634694212165929,0.4617878647522001,1.353409027930643
競技種目=野球（含軟式）,被災学年=2,2,321,0.05263157894736842,0.4196078431372549,1.3533517902137058
被災学年=2,和暦=平成 | 場合別1=課外指導,3,680,0.11149368748975241,0.3595980962453728,1.3529850641582535
和暦=平成 | 場合別1=課外指導,被災学年=2,3,680,0.11149368748975241,0.41949413942011105,1.3529850641582533
場合別2=体育的部活動 | 被災学年=2,被災学校種=中,3,350,0.0573864567961961,0.40792540792540793,1.3528749662518014
場合別2=体育的部活動 | 性別=男,被災学年=1,3,656,0.10755861616658469,0.3886255924170616,1.3528695708628191
被災学年=1,場合別2=体育的部活動 | 性別=男,3,656,0.10755861616658469,0.3744292237442922,1.352869570862819
競技種目=バスケットボール,和暦=令和,2,71,0.011641252664371209,0.30472103004291845,1.3526154019154
和暦=令和 | 場合別2=体育（保健体育）,被災学年=3,3,70,0.011477291359239219,0.2880658436213992,1.3525123789429667
被災学年=3,和暦=平成 | 場合別1=各教科等,3,263,0.043121823249713066,0.20246343341031564,1.352491216176906
和暦=平成 | 場合別1=各教科等,被災学年=3,3,263,0.043121823249713066,0.28806133625410735,1.3524912161769058
給付年度=26,和暦=平成 | 性別=男,3,235,0.03853090670601738,0.734375,1.3523409193840579
発生場所1=学校内・校舎内（園内・園舎内） | 被災学校種=小,性別=女,3,342,0.056074766355140186,0.40046838407494145,1.3516639039696006
場合別1=課外指導 | 被災学年=2,被災学校種=中,3,359,0.058862108542383995,0.40749148694665155,1.3514358775897921
場合別2=昼食時休憩時間中 | 被災学年=2,発生場所1=学校内・校舎内（園内・園舎内）,3,71,0.011641252664371209,0.5867768595041323,1.350982282414384
場合別1=各教科等 | 被災学年=2,発生場所1=学校内・校舎内（園内・園舎内）,3,203,0.033284144941793735,0.5867052023121387,1.350817300453656
発生場所2=体育館・屋内運動場 | 被災学年=2,場合別2=体育的部活動,3,159,0.026069847515986226,0.4608695652173913,1.3507176733593798
競技種目=野球（含軟式） | 被災学年=1,性別=男,3,288,0.04722085587801279,0.9504950495049505,1.3506685244479713
和暦=平成 | 被災学校種=小,性別=女,3,533,0.08739137563535006,0.40015015015015015,1.3505897984315252
性別=女,和暦=平成 | 被災学校種=小,3,533,0.08739137563535006,0.2949640287769784,1.350589798431525
被災学年=2,場合別2=体育的部活動 | 発生場所1=学校内・校舎外（園内・園舎外）,3,432,0.07083128381701918,0.22845055526176627,1.3501162175789851
場合別2=体育的部活動 | 発生場所1=学校内・校舎外（園内・園舎外）,被災学年=2,3,432,0.07083128381701918,0.4186046511627907,1.350116217578985
場合別2=体育的部活動,和暦=平成 | 発生場所2=運動場・校庭（園庭）,3,771,0.1264141662567634,0.37049495434887075,1.3498498964000973
和暦=平成 | 発生場所2=運動場・校庭（園庭）,場合別2=体育的部活動,3,771,0.1264141662567634,0.460573476702509,1.3498498964000971
場合別1=保育中 | 性別=女,発生場所1=学校内・校舎内（園内・園舎内）,3,109,0.017871782259386786,0.5860215053763441,1.3492431714950257
場合別2=体育的部活動,発生場所1=学校内・校舎外（園内・園舎外） | 発生場所2=運動場・校庭（園庭）,3,991,0.16248565338580095,0.4762133589620375,1.3490131334461062
発生場所1=学校内・校舎外（園内・園舎外） | 発生場所2=運動場・校庭（園庭）,場合別2=体育的部活動,3,991,0.16248565338580095,0.46028797027403623,1.3490131334461062
被災学年=2,場合別2=体育的部活動 | 発生場所2=運動場・校庭（園庭）,3,417,0.06837186424003935,0.22051824431517716,1.348987735284118
場合別2=体育的部活動 | 発生場所2=運動場・校庭（園庭）,被災学年=2,3,417,0.06837186424003935,0.4182547642928786,1.3489877352841178
給付年度=24,和暦=平成 | 被災学年=1,3,97,0.01590424659780292,0.2930513595166163,1.3489209371259192
性別=女 | 被災学校種=高,被災学年=1,3,158,0.02590588621085424,0.3872549019607843,1.3480979720655386
被災学年=2,場合別1=課外指導 | 性別=男,3,720,0.11805213969503198,0.3807509254362771,1.3477654638629448
場合別1=課外指導 | 性別=男,被災学年=2,3,720,0.11805213969503198,0.4178757980266976,1.3477654638629448
場合別1=課外指導 | 発生場所1=学校内・校舎内（園内・園舎内）,被災学校種=中,3,217,0.03557960321364158,0.40636704119850187,1.3477066798638733
給付年度=17,和暦=平成 | 被災学年=2,3,108,0.017707820954254796,0.32432432432432434,1.3474482657043967
被災学年=2,場合別1=課外指導 | 発生場所2=運動場・校庭（園庭）,3,419,0.06869978685030333,0.22157588577472237,1.346007298147442
場合別1=課外指導 | 発生場所2=運動場・校庭（園庭）,被災学年=2,3,419,0.06869978685030333,0.41733067729083667,1.346007298147442
被災学年=1 | 被災学校種=高,発生場所2=体育館・屋内運動場,3,176,0.02885718970323004,0.2222222222222222,1.3459119496855345
性別=男 | 競技種目=バスケットボール,被災学年=2,3,63,0.010329562223315297,0.41721854304635764,1.3456456340770677
場合別2=体育的部活動 | 性別=女,発生場所1=学校外（園外）,3,97,0.01590424659780292,0.24681933842239187,1.3452646515086397
被災学年=4,和暦=平成 | 性別=女,3,114,0.018691588785046728,0.3114754098360656,1.3444363231352894
場合別1=各教科等,被災学年=3,2,351,0.057550418101328084,0.28629690048939643,1.344206925392478
被災学年=3,場合別1=各教科等,2,351,0.057550418101328084,0.2702078521939954,1.3442069253924778
被災学年=3 | 被災学校種=中,場合別1=各教科等,3,134,0.021970814887686506,0.2701612903225806,1.3439752933747302
場合別1=課外指導 | 被災学年=2,発生場所2=運動場・校庭（園庭）,3,419,0.06869978685030333,0.47559591373439275,1.3435199063761285
発生場所1=学校内・校舎外（園内・園舎外）,和暦=平成 | 場合別2=体育的部活動,3,804,0.13182488932611905,0.34491634491634493,1.343323619185688
和暦=平成 | 場合別2=体育的部活動,発生場所1=学校内・校舎外（園内・園舎外）,3,804,0.13182488932611905,0.5134099616858238,1.343323619185688
和暦=令和 | 被災学年=2,場合別1=課外指導,3,201,0.03295622233152976,0.475177304964539,1.342337370532063
発生場所1=学校内・校舎内（園内・園舎内） | 給付年度=18,被災学校種=小,3,69,0.01131333005410723,0.3709677419354839,1.3419527034783607
和暦=平成 | 発生場所2=学校外運動場・競技場,被災学年=2,3,114,0.018691588785046728,0.41605839416058393,1.3419038318272878
給付年度=23,和暦=平成 | 発生場所1=学校内・校舎外（園内・園舎外）,3,115,0.018855550090178717,0.3993055555555556,1.341798668503214
給付年度=30,和暦=平成 | 被災学校種=中,3,107,0.017543859649122806,0.3194029850746269,1.3416245220180092
場合別2=体育的部活動 | 被災学年=1,発生場所1=学校内・校舎外（園内・園舎外）,3,423,0.06935563207083129,0.5127272727272727,1.3415373815373814
給付年度=24,和暦=平成 | 発生場所1=学校内・校舎内（園内・園舎内）,3,149,0.02443023446466634,0.4501510574018127,1.340562157760574
被災学年=2,場合別1=課外指導 | 発生場所1=学校内・校舎外（園内・園舎外）,3,436,0.07148712903754714,0.23056583818085669,1.3405348399094803
場合別1=課外指導 | 発生場所1=学校内・校舎外（園内・園舎外）,被災学年=2,3,436,0.07148712903754714,0.4156339370829361,1.3405348399094803
性別=男 | 発生場所2=学校外運動場・競技場,被災学年=2,3,140,0.022954582718478438,0.41543026706231456,1.3398779475478881
被災学年=1,場合別1=課外指導 | 性別=男,3,663,0.10870634530250861,0.3784246575342466,1.3395310425428728
場合別1=課外指導 | 性別=男,被災学年=1,3,663,0.10870634530250861,0.3847939640162507,1.3395310425428728
性別=女 | 被災学校種=中,発生場所1=学校内・校舎内（園内・園舎内）,3,292,0.047876701098540746,0.5816733067729084,1.339231973577942
性別=男 | 給付年度=29,場合別2=体育的部活動,3,106,0.01737989834399082,0.45689655172413796,1.3390735554855921
競技種目=サッカー・フットサル | 被災学年=2,被災学校種=中,3,65,0.010657484833579275,0.40372670807453415,1.338950077513096
発生場所1=学校内・校舎内（園内・園舎内） | 給付年度=19,被災学校種=小,3,64,0.010493523528447287,0.3699421965317919,1.338242856848991
被災学年=1,和暦=平成 | 場合別2=体育的部活動,3,602,0.09870470568945729,0.3436073059360731,1.3382253888276563
和暦=平成 | 場合別2=体育的部活動,被災学年=1,3,602,0.09870470568945729,0.384418901660281,1.3382253888276563
給付年度=26,和暦=平成 | 被災学年=2,3,103,0.01688801442859485,0.321875,1.3372722241144415
被災学校種=高,被災学年=1,2,792,0.12985735366453516,0.38409311348205627,1.337091266625035
被災学年=1,被災学校種=高,2,792,0.12985735366453516,0.4520547945205479,1.3370912666250347
給付年度=1,場合別1=課外指導 | 被災学校種=高,3,84,0.013772749631087064,0.28,1.3362441314553992
性別=女 | 被災学校種=小,場合別1=各教科等,3,182,0.02984095753402197,0.26843657817109146,1.3353953427940348
和暦=平成 | 競技種目=サッカー・フットサル,性別=男,3,311,0.050991965896048534,0.9395770392749244,1.3351538589323775
発生場所2=運動場・校庭（園庭）,場合別1=課外指導 | 被災学校種=高,3,604,0.09903262829972126,0.2797591477535896,1.3350947121667787
場合別1=課外指導 | 被災学校種=高,発生場所2=運動場・校庭（園庭）,3,604,0.09903262829972126,0.4726134585289515,1.3350947121667787
給付年度=21,和暦=平成 | 被災学年=2,3,116,0.019019511395310707,0.32132963988919666,1.3350064534633586
和暦=平成 | 発生場所2=廊下,被災学校種=中,3,128,0.020987047056894574,0.4025157232704403,1.334933875055147
場合別2=体育的部活動 | 発生場所2=学校外運動場・競技場,被災学年=2,3,149,0.02443023446466634,0.41388888888888886,1.3349065750044067
場合別2=体育（保健体育） | 被災学年=3,発生場所2=運動場・校庭（園庭）,3,129,0.02115100836202656,0.4725274725274725,1.3348518086822858
給付年度=26,和暦=平成 | 被災学校種=高,3,107,0.017543859649122806,0.334375,1.3346551865183245
給付年度=27,和暦=平成 | 被災学年=1,3,98,0.01606820790293491,0.28994082840236685,1.3346031037177626
性別=男 | 給付年度=2,場合別2=体育的部活動,3,107,0.017543859649122806,0.4553191489361702,1.3344504994530042
被災学年=1,性別=男 | 被災学校種=高,3,634,0.10395146745368093,0.3618721461187215,1.334376190555068
性別=男 | 被災学校種=高,被災学年=1,3,634,0.10395146745368093,0.38331318016928656,1.3343761905550677
場合別2=体育的部活動 | 被災学校種=中,発生場所2=運動場・校庭（園庭）,3,374,0.06132152811936383,0.4722222222222222,1.333989501312336
場合別1=課外指導 | 競技種目=サッカー・フットサル,被災学年=1,3,113,0.01852762747991474,0.38305084745762713,1.333462967262596
場合別2=体育的部活動 | 競技種目=サッカー・フットサル,被災学年=1,3,113,0.01852762747991474,0.38305084745762713,1.333462967262596
被災学校種=中,和暦=平成 | 被災学年=2,3,590,0.09673717002787342,0.320826536160957,1.332916242537927
和暦=平成 | 被災学年=2,被災学校種=中,3,590,0.09673717002787342,0.4019073569482289,1.332916242537927
発生場所2=運動場・校庭（園庭） | 被災学校種=中,被災学年=3,3,176,0.02885718970323004,0.2838709677419355,1.332816806973106
発生場所2=体育館・屋内運動場 | 被災学校種=中,被災学年=3,3,107,0.017543859649122806,0.2838196286472148,1.3325757622166
発生場所1=学校内・校舎内（園内・園舎内） | 被災学年=2,場合別1=各教科等,3,203,0.033284144941793735,0.2678100263852243,1.3322784265281262
被災学年=5,性別=女,2,159,0.026069847515986226,0.3945409429280397,1.3316575599989564
場合別2=体育的部活動,和暦=平成 | 被災学年=1,3,602,0.09870470568945729,0.2892839980778472,1.3315797013409736
和暦=平成 | 被災学年=1,場合別2=体育的部活動,3,602,0.09870470568945729,0.45433962264150946,1.3315797013409736
給付年度=25,和暦=平成 | 場合別1=課外指導,3,109,0.017871782259386786,0.3538961038961039,1.3315313619138418
給付年度=28,和暦=平成 | 性別=女,3,95,0.01557632398753894,0.30844155844155846,1.331341164143712
和暦=令和 | 性別=女,被災学校種=小,3,145,0.023774389244138383,0.3680203045685279,1.3312905323626643
発生場所1=学校内・校舎内（園内・園舎内） | 被災学年=1,被災学校種=中,3,285,0.04672897196261682,0.4014084507042254,1.3312616317808974
場合別1=課外指導 | 発生場所2=学校外運動場・競技場,被災学年=2,3,149,0.02443023446466634,0.41274238227146814,1.33120877285758
発生場所2=廊下 | 被災学校種=小,性別=女,3,69,0.01131333005410723,0.3942857142857143,1.3307961103644559
場合別2=体育（保健体育） | 発生場所1=学校内・校舎内（園内・園舎内）,和暦=令和,3,134,0.021970814887686506,0.29977628635346754,1.3306663540537107
給付年度=30,和暦=平成 | 性別=男,3,242,0.039678635841941305,0.7223880597014926,1.330267142548129
給付年度=23,和暦=平成 | 被災学年=3,3,64,0.010493523528447287,0.2222222222222222,1.3300621524370297
給付年度=19,和暦=平成 | 性別=女,3,114,0.018691588785046728,0.3081081081081081,1.3299018763986918
被災学年=2,場合別2=体育的部活動,2,858,0.14067879980324643,0.4537281861448969,1.3297877017288449
被災学年=2,場合別1=課外指導 | 場合別2=体育的部活動,3,858,0.14067879980324643,0.4537281861448969,1.3297877017288449
場合別2=体育的部活動,被災学年=2,2,858,0.14067879980324643,0.4123017779913503,1.3297877017288446
場合別1=課外指導 | 場合別2=体育的部活動,被災学年=2,3,858,0.14067879980324643,0.4123017779913503,1.3297877017288446
場合別1=休憩時間 | 発生場所2=廊下,被災学校種=中,3,105,0.01721593703885883,0.40076335877862596,1.3291221996687546
発生場所1=学校内・校舎外（園内・園舎外） | 給付年度=27,被災学校種=高,3,62,0.01016560091818331,0.4492753623188406,1.3288702399527683
競技種目=バスケットボール,被災学年=2,2,96,0.01574028529267093,0.41201716738197425,1.328869753496912
和暦=平成 | 場合別1=通学中,性別=女,3,100,0.016396130513198885,0.3937007874015748,1.3288218607427809
給付年度=27,和暦=平成 | 被災学年=3,3,75,0.012297097884899164,0.22189349112426035,1.3280946048742532
給付年度=25,和暦=平成 | 場合別2=体育的部活動,3,105,0.01721593703885883,0.3409090909090909,1.3277168234064785
被災学年=1,和暦=平成 | 場合別1=課外指導,3,618,0.10132808657156911,0.3527397260273973,1.3271804990999976
和暦=平成 | 場合別1=課外指導,被災学年=1,3,618,0.10132808657156911,0.3812461443553362,1.3271804990999976
性別=女 | 被災学年=6,発生場所1=学校内・校舎内（園内・園舎内）,3,83,0.013608788325955074,0.5763888888888888,1.3270652447464453
競技種目=サッカー・フットサル,性別=男,2,395,0.0647647155271356,0.933806146572104,1.3269533289709372
給付年度=29,和暦=平成 | 性別=男,3,232,0.038039022790621414,0.7204968944099379,1.3267845890719236
性別=男 | 競技種目=サッカー・フットサル,被災学校種=中,3,158,0.02590588621085424,0.4,1.3265905383360521
発生場所2=体育館・屋内運動場 | 競技種目=バスケットボール,被災学校種=中,3,68,0.011149368748975241,0.4,1.3265905383360521
場合別1=各教科等,性別=女 | 発生場所1=学校内・校舎内（園内・園舎内）,3,249,0.04082636497786522,0.2030995106035889,1.3262354552155127
性別=女 | 発生場所1=学校内・校舎内（園内・園舎内）,場合別1=各教科等,3,249,0.04082636497786522,0.26659528907922914,1.3262354552155127
給付年度=29,和暦=平成 | 発生場所1=学校内・校舎外（園内・園舎外）,3,127,0.020823085751762584,0.3944099378881988,1.3253477747548894
場合別1=課外指導 | 性別=女,発生場所1=学校外（園外）,3,106,0.01737989834399082,0.24311926605504589,1.325097769141845
給付年度=28,和暦=平成 | 発生場所2=運動場・校庭（園庭）,3,112,0.01836366617478275,0.36363636363636365,1.3248615184099055
被災学校種=小,性別=女 | 発生場所1=学校内・校舎内（園内・園舎内）,3,342,0.056074766355140186,0.20284697508896798,1.3245864037126507
性別=女 | 発生場所1=学校内・校舎内（園内・園舎内）,被災学校種=小,3,342,0.056074766355140186,0.36616702355460384,1.3245864037126507
発生場所1=学校内・校舎内（園内・園舎内） | 給付年度=22,性別=女,3,62,0.01016560091818331,0.3924050632911392,1.3244485229732474
被災学年=2,性別=男 | 被災学校種=中,3,549,0.09001475651746188,0.2903225806451613,1.3243660578570222
性別=男 | 被災学校種=中,被災学年=2,3,549,0.09001475651746188,0.4106207928197457,1.324366057857022
給付年度=23,和暦=平成 | 場合別1=休憩時間,3,71,0.011641252664371209,0.2465277777777778,1.3235677083333335
場合別2=体育（保健体育） | 発生場所1=学校内・校舎内（園内・園舎内）,被災学年=3,3,126,0.020659124446630595,0.28187919463087246,1.3234651332207015
被災学年=1 | 被災学校種=中,場合別1=課外指導,3,282,0.046237088047220855,0.4684385382059801,1.3233009006569119
発生場所2=学校外運動場・競技場 | 被災学校種=高,和暦=令和,3,73,0.011969175274635186,0.2979591836734694,1.3226004812405312
競技種目=バスケットボール,場合別2=体育的部活動 | 被災学校種=高,3,63,0.010329562223315297,0.2703862660944206,1.3224425316037463
和暦=令和 | 発生場所2=運動場・校庭（園庭）,場合別1=課外指導,3,227,0.03721921626496147,0.46804123711340206,1.3221785572740339
場合別1=課外指導 | 発生場所1=学校内・校舎内（園内・園舎内）,和暦=令和,3,159,0.026069847515986226,0.29775280898876405,1.3216844119523086
被災学校種=中,性別=男 | 被災学年=3,3,375,0.06148548942449582,0.2039151712887439,1.321656354612167
性別=男 | 被災学年=3,被災学校種=中,3,375,0.06148548942449582,0.3985122210414453,1.3216563546121667
場合別2=体育的部活動,和暦=平成 | 被災学年=2,3,662,0.10854238399737662,0.3181162902450745,1.3216561677143797
和暦=平成 | 被災学年=2,場合別2=体育的部活動,3,662,0.10854238399737662,0.45095367847411444,1.3216561677143794
場合別2=体育（保健体育） | 被災学年=2,和暦=令和,3,78,0.01278898180029513,0.29770992366412213,1.32149404980166
給付年度=28,和暦=平成 | 被災学年=3,3,68,0.011149368748975241,0.22077922077922077,1.3214253852134128
場合別1=課外指導 | 被災学年=1,発生場所1=学校内・校舎外（園内・園舎外）,3,427,0.07001147729135924,0.5047281323877069,1.3206078418844376
給付年度=1,場合別2=体育的部活動 | 被災学校種=高,3,81,0.013280865715691098,0.27,1.3205533279871693
給付年度=18,場合別1=休憩時間,2,118,0.019347434005574683,0.30179028132992325,1.3203866038961276
和暦=平成 | 給付年度=18,場合別1=休憩時間,3,118,0.019347434005574683,0.30179028132992325,1.3203866038961276
和暦=令和 | 場合別1=各教科等,被災学年=3,3,88,0.01442859485161502,0.28115015974440893,1.320042204989338
給付年度=23,和暦=平成 | 場合別1=課外指導,3,101,0.016560091818330874,0.3506944444444444,1.3194851429158954
発生場所2=学校外運動場・競技場,被災学年=2,2,153,0.025086079685194294,0.4090909090909091,1.3194317580885535
発生場所1=学校外（園外） | 発生場所2=学校外運動場・競技場,被災学年=2,3,153,0.025086079685194294,0.4090909090909091,1.3194317580885535
発生場所2=学校外運動場・競技場 | 競技種目=野球（含軟式）,被災学年=2,3,63,0.010329562223315297,0.4090909090909091,1.3194317580885535
給付年度=21,和暦=平成 | 被災学校種=小,3,104,0.01705197573372684,0.2880886426592798,1.319108582266477
被災学校種=高,和暦=令和 | 性別=男,3,437,0.07165109034267912,0.2119301648884578,1.3189408935252083
和暦=令和 | 性別=男,被災学校種=高,3,437,0.07165109034267912,0.4459183673469388,1.3189408935252083
発生場所1=学校内・校舎外（園内・園舎外）,和暦=平成 | 場合別1=課外指導,3,817,0.13395638629283488,0.3504933504933505,1.3187285284755983
和暦=平成 | 場合別1=課外指導,発生場所1=学校内・校舎外（園内・園舎外）,3,817,0.13395638629283488,0.5040098704503393,1.318728528475598
競技種目=サッカー・フットサル | 被災学校種=高,被災学年=2,3,94,0.015412362682406953,0.40869565217391307,1.3181569447957142
和暦=平成 | 被災学年=5,性別=女,3,123,0.02016724053123463,0.3904761904761905,1.3179381769309828
場合別1=課外指導,和暦=平成 | 被災学年=1,3,618,0.10132808657156911,0.28624363131079206,1.317584835746808
和暦=平成 | 被災学年=1,場合別1=課外指導,3,618,0.10132808657156911,0.46641509433962264,1.317584835746808
被災学年=5,和暦=平成 | 性別=女,3,123,0.02016724053123463,0.3052109181141439,1.3173965955967188
場合別2=体育的部活動 | 被災学年=2,発生場所1=学校内・校舎外（園内・園舎外）,3,432,0.07083128381701918,0.5034965034965035,1.3173853173853174
発生場所2=学校外運動場・競技場,性別=男 | 被災学校種=中,3,108,0.017707820954254796,0.2887700534759358,1.3172838864246317
和暦=令和 | 被災学年=2,発生場所2=体育館・屋内運動場,3,92,0.015084440072142975,0.21749408983451538,1.3172755252241404
被災学校種=中,和暦=平成 | 場合別2=体育的部活動,3,622,0.10198393179209707,0.33822729744426316,1.3172722139926953
和暦=平成 | 場合別2=体育的部活動,被災学校種=中,3,622,0.10198393179209707,0.39719029374201786,1.3172722139926953
場合別2=体育的部活動 | 発生場所2=体育館・屋内運動場,被災学校種=中,3,168,0.027545499262174127,0.3971631205673759,1.3171820948017539
被災学年=3,性別=男 | 被災学校種=中,3,375,0.06148548942449582,0.28868360277136257,1.3168895237864924
性別=男 | 被災学校種=中,被災学年=3,3,375,0.06148548942449582,0.28047868362004486,1.3168895237864924
給付年度=19,和暦=平成 | 被災学校種=中,3,116,0.019019511395310707,0.31351351351351353,1.3168863077953987
和暦=令和 | 発生場所2=体育館・屋内運動場,場合別2=体育的部活動,3,124,0.02033120183636662,0.4492753623188406,1.3167373545327288
和暦=平成 | 発生場所2=道路,被災学校種=小,3,95,0.01557632398753894,0.36398467432950193,1.3166918913022732
通学方法=徒歩,性別=女,2,62,0.01016560091818331,0.389937106918239,1.3161186580488875
場合別2=下校（降園）中 | 発生場所2=道路,性別=女,3,62,0.01016560091818331,0.389937106918239,1.3161186580488875
場合別1=通学中 | 通学方法=徒歩,性別=女,3,62,0.01016560091818331,0.389937106918239,1.3161186580488875
発生場所1=学校外（園外） | 通学方法=徒歩,性別=女,3,62,0.01016560091818331,0.389937106918239,1.3161186580488875
被災学年=2,場合別1=課外指導,2,881,0.14444990982128217,0.46589106292966687,1.3161044894895964
場合別1=課外指導,被災学年=2,2,881,0.14444990982128217,0.4080592867068087,1.316104489489596
競技種目=サッカー・フットサル | 被災学校種=高,性別=男,3,213,0.034923757993113626,0.9260869565217391,1.3159842376109243
場合別1=通学中,和暦=平成 | 性別=女,3,100,0.016396130513198885,0.3048780487804878,1.315959815649112
給付年度=22,和暦=平成 | 被災学校種=小,3,104,0.01705197573372684,0.287292817679558,1.3154646359066249
給付年度=25,和暦=平成 | 性別=男,3,220,0.036071487129037544,0.7142857142857143,1.3153467908902692
性別=男 | 給付年度=29,場合別1=課外指導,3,108,0.017707820954254796,0.46551724137931033,1.3150484739103352
給付年度=21,和暦=平成 | 被災学校種=中,3,113,0.01852762747991474,0.31301939058171746,1.3148107872988255
和暦=令和 | 性別=女,発生場所1=学校内・校舎内（園内・園舎内）,3,225,0.03689129365469749,0.5710659898477157,1.3148099177354542
発生場所2=運動場・校庭（園庭） | 被災学年=3,被災学校種=中,3,176,0.02885718970323004,0.3963963963963964,1.3146392722249165
発生場所2=運動場・校庭（園庭）,場合別1=課外指導,2,1004,0.1646171503525168,0.4650301065308013,1.3136723574485212
場合別1=課外指導,発生場所2=運動場・校庭（園庭）,2,1004,0.1646171503525168,0.4650301065308013,1.3136723574485212
給付年度=18,和暦=平成 | 性別=女,3,119,0.019511395310706673,0.30434782608695654,1.3136711898827658
発生場所1=学校外（園外） | 競技種目=野球（含軟式）,被災学年=2,3,68,0.011149368748975241,0.40718562874251496,1.3132867000003166
和暦=平成 | 被災学年=4,性別=女,3,114,0.018691588785046728,0.3890784982935154,1.3132206757565856
場合別2=体育的部活動,性別=男 | 被災学校種=中,3,599,0.09821282177406132,0.2878423834694858,1.3130521292299133
性別=男 | 被災学校種=中,場合別2=体育的部活動,3,599,0.09821282177406132,0.44801795063575167,1.313052129229913
給付年度=24,和暦=平成 | 性別=男,3,236,0.038694868011149366,0.7129909365558912,1.3129624764656944
場合別2=体育（保健体育） | 性別=男,発生場所1=学校内・校舎外（園内・園舎外）,3,299,0.049024430234464664,0.5016778523489933,1.3126268646402874
給付年度=29,和暦=平成 | 発生場所2=運動場・校庭（園庭）,3,116,0.019019511395310707,0.36024844720496896,1.3125180881141612
場合別1=課外指導 | 競技種目=バスケットボール,被災学校種=高,3,63,0.010329562223315297,0.44366197183098594,1.3122669089220091
場合別2=体育的部活動 | 競技種目=バスケットボール,被災学校種=高,3,63,0.010329562223315297,0.44366197183098594,1.3122669089220091
発生場所1=学校内・校舎内（園内・園舎内） | 被災学校種=中,場合別1=各教科等,3,221,0.03623544843416954,0.2637231503579952,1.3119473850190968
給付年度=23,和暦=平成 | 場合別2=体育的部活動,3,97,0.01590424659780292,0.3368055555555556,1.3117350468284377
発生場所2=廊下,被災学校種=中,2,155,0.02541400229545827,0.39540816326530615,1.31136182042148
発生場所1=学校内・校舎内（園内・園舎内） | 発生場所2=廊下,被災学校種=中,3,155,0.02541400229545827,0.39540816326530615,1.31136182042148
場合別1=課外指導,和暦=平成 | 発生場所2=運動場・校庭（園庭）,3,777,0.12739793408755534,0.35988883742473365,1.3112078969255978
和暦=平成 | 発生場所2=運動場・校庭（園庭）,場合別1=課外指導,3,777,0.12739793408755534,0.46415770609318996,1.3112078969255978
場合別2=昼食時休憩時間中,和暦=平成 | 発生場所1=学校内・校舎内（園内・園舎内）,3,199,0.03262829972126578,0.44026548672566373,1.3111226579784292
場合別1=課外指導 | 発生場所2=体育館・屋内運動場,被災学校種=中,3,168,0.027545499262174127,0.3952941176470588,1.3109835908262162
性別=男 | 給付年度=27,場合別2=体育的部活動,3,106,0.01737989834399082,0.4472573839662447,1.3108230585344192
性別=女 | 被災学校種=中,被災学年=1,3,189,0.030988686669945892,0.37649402390438247,1.3106375866397424
被災学年=2,和暦=平成 | 被災学校種=中,3,590,0.09673717002787342,0.3120042305658382,1.3105466957445229
和暦=平成 | 被災学校種=中,被災学年=2,3,590,0.09673717002787342,0.40633608815426997,1.3105466957445226
競技種目=サッカー・フットサル | 被災学校種=中,被災学年=2,3,65,0.010657484833579275,0.40625,1.3102690375462718
発生場所2=体育館・屋内運動場 | 被災学年=2,場合別1=課外指導,3,160,0.026233808821118216,0.463768115942029,1.3101073363272047
発生場所2=運動場・校庭（園庭） | 被災学校種=高,被災学年=2,3,331,0.05427119199868831,0.40613496932515336,1.3098980316838236
被災学年=4,性別=女,2,142,0.023282505328742417,0.3879781420765027,1.3095067451713283
場合別1=課外指導,発生場所1=学校内・校舎外（園内・園舎外） | 発生場所2=運動場・校庭（園庭）,3,998,0.16363338252172488,0.46225104214914314,1.3094608017034945
発生場所1=学校内・校舎外（園内・園舎外） | 発生場所2=運動場・校庭（園庭）,場合別1=課外指導,3,998,0.16363338252172488,0.463539247561542,1.3094608017034945
発生場所2=体育館・屋内運動場 | 被災学年=1,被災学校種=中,3,122,0.02000327922610264,0.3948220064724919,1.3094178452831582
場合別2=体育（保健体育） | 発生場所2=体育館・屋内運動場,和暦=令和,3,128,0.020987047056894574,0.29493087557603687,1.3091582315416659
発生場所2=体育館・屋内運動場 | 競技種目=バスケットボール,被災学年=2,3,69,0.01131333005410723,0.40588235294117647,1.3090832737113882
発生場所1=学校内・校舎内（園内・園舎内）,場合別1=各教科等,2,697,0.11428102967699623,0.2631181577953945,1.3089377197341852
場合別1=各教科等,発生場所1=学校内・校舎内（園内・園舎内）,2,697,0.11428102967699623,0.5685154975530179,1.3089377197341852
給付年度=22,和暦=平成 | 発生場所1=学校内・校舎外（園内・園舎外）,3,141,0.023118544023610427,0.38950276243093923,1.3088580430117345
和暦=平成 | 被災学年=2,場合別1=課外指導,3,680,0.11149368748975241,0.46321525885558584,1.3085455598704114
場合別1=課外指導,和暦=平成 | 被災学年=2,3,680,0.11149368748975241,0.31496062992125984,1.3085455598704112
発生場所1=学校内・校舎内（園内・園舎内） | 被災学年=3,被災学校種=中,3,217,0.03557960321364158,0.39454545454545453,1.3085006673587423
場合別2=体育的部活動 | 給付年度=30,発生場所1=学校内・校舎外（園内・園舎外）,3,62,0.01016560091818331,0.5,1.308236808236808
給付年度=27 | 被災学校種=高,発生場所1=学校内・校舎外（園内・園舎外）,3,62,0.01016560091818331,0.5,1.308236808236808
発生場所1=学校外（園外） | 被災学校種=小,性別=女,3,74,0.012133136579767174,0.387434554973822,1.307672025891168
被災学校種=中,和暦=平成 | 場合別1=課外指導,3,639,0.10477127397934087,0.3474714518760196,1.3073586582306251
和暦=平成 | 場合別1=課外指導,被災学校種=中,3,639,0.10477127397934087,0.3942011104256632,1.3073586582306251
性別=男 | 給付年度=28,場合別2=体育的部活動,3,95,0.01557632398753894,0.4460093896713615,1.307165433736489
被災学校種=中,性別=男 | 被災学年=2,3,549,0.09001475651746188,0.29853181076672103,1.3070678491502021
性別=男 | 被災学年=2,被災学校種=中,3,549,0.09001475651746188,0.39411342426417806,1.3070678491502021
被災学年=3 | 被災学校種=中,発生場所2=体育館・屋内運動場,3,107,0.017543859649122806,0.2157258064516129,1.3065657334144858
給付年度=22,和暦=平成 | 被災学年=3,3,79,0.01295294310542712,0.21823204419889503,1.306179820970619
発生場所2=体育館・屋内運動場 | 被災学校種=中,場合別2=体育的部活動,3,168,0.027545499262174127,0.44562334217506633,1.3060340047696921
競技種目=野球（含軟式）,和暦=平成 | 被災学年=1,3,217,0.03557960321364158,0.28366013071895424,1.3056929337772845
場合別1=課外指導 | 発生場所2=体育館・屋内運動場,和暦=令和,3,125,0.020495163141498605,0.29411764705882354,1.3055484202414591
性別=女 | 被災学年=1,発生場所2=体育館・屋内運動場,3,109,0.017871782259386786,0.21541501976284586,1.3046834215825194
性別=男 | 給付年度=1,場合別2=体育的部活動,3,93,0.015248401377274963,0.4449760765550239,1.3041369970730854
競技種目=野球（含軟式） | 被災学校種=高,被災学年=2,3,209,0.03426791277258567,0.40425531914893614,1.3038356380165845
場合別1=各教科等 | 被災学年=2,被災学校種=中,3,136,0.022298737497950482,0.3930635838150289,1.303586078133693
性別=男 | 給付年度=24,被災学校種=高,3,104,0.01705197573372684,0.4406779661016949,1.303440793042792
場合別2=体育（保健体育） | 性別=女,被災学年=3,3,83,0.013608788325955074,0.27759197324414714,1.3033359852317579
給付年度=29,和暦=平成 | 被災学年=2,3,101,0.016560091818330874,0.3136645962732919,1.303161016805727
被災学年=1,和暦=平成 | 被災学校種=高,3,572,0.09378586653549763,0.3264840182648402,1.303158394893495
和暦=平成 | 被災学校種=高,被災学年=1,3,572,0.09378586653549763,0.3743455497382199,1.3031583948934948
発生場所1=学校内・校舎外（園内・園舎外）,場合別2=体育的部活動 | 被災学校種=高,3,621,0.10181997048696508,0.26640926640926643,1.3029912717162118
場合別2=体育的部活動 | 被災学校種=高,発生場所1=学校内・校舎外（園内・園舎外）,3,621,0.10181997048696508,0.49799518845228546,1.3029912717162115
給付年度=21,和暦=平成 | 場合別1=課外指導,3,125,0.020495163141498605,0.3462603878116344,1.3028020390272412
和暦=平成 | 発生場所2=学校外運動場・競技場,被災学年=3,3,76,0.012461059190031152,0.2773722627737226,1.3023044115911735
給付年度=20,和暦=平成 | 性別=女,3,108,0.017707820954254796,0.3016759776536313,1.3021385617193895
場合別1=課外指導 | 被災学校種=中,発生場所2=運動場・校庭（園庭）,3,375,0.06148548942449582,0.4606879606879607,1.301406147399663
場合別2=体育的部活動 | 発生場所2=体育館・屋内運動場,和暦=令和,3,124,0.02033120183636662,0.29314420803782504,1.3012274562028348
発生場所1=学校内・校舎外（園内・園舎外） | 被災学年=3,被災学校種=中,3,193,0.03164453189047385,0.39227642276422764,1.3009754771283437
場合別2=体育的部活動 | 発生場所1=学校内・校舎内（園内・園舎内）,和暦=令和,3,143,0.023446466633874407,0.2930327868852459,1.300732872789749
場合別1=学校行事,被災学年=3,2,82,0.013444827020823086,0.27702702702702703,1.30068347793521
発生場所1=学校内・校舎外（園内・園舎外） | 競技種目=サッカー・フットサル,性別=男,3,270,0.04426955238563699,0.9152542372881356,1.3005907719525487
場合別1=各教科等,性別=男 | 被災学年=3,3,246,0.04033448106246926,0.200652528548124,1.300509852938372
性別=男 | 被災学年=3,場合別1=各教科等,3,246,0.04033448106246926,0.2614240170031881,1.300509852938372
場合別2=体育（保健体育） | 被災学校種=高,発生場所1=学校内・校舎外（園内・園舎外）,3,165,0.02705361534677816,0.49698795180722893,1.3003558636088757
発生場所2=学校外運動場・競技場 | 被災学年=2,性別=男,3,140,0.022954582718478438,0.9150326797385621,1.3002759351643731
和暦=平成 | 場合別2=体育（保健体育）,発生場所1=学校内・校舎外（園内・園舎外）,3,324,0.05312346286276439,0.49693251533742333,1.3002108155482388
発生場所2=運動場・校庭（園庭） | 競技種目=サッカー・フットサル,性別=男,3,269,0.044105591080505,0.9149659863945578,1.300181162865892
給付年度=22,和暦=平成 | 発生場所1=学校内・校舎内（園内・園舎内）,3,158,0.02590588621085424,0.43646408839779005,1.2998019898135358
給付年度=19,和暦=平成 | 発生場所2=運動場・校庭（園庭）,3,132,0.02164289227742253,0.3567567567567568,1.2997965707643129
給付年度=20,和暦=平成 | 被災学年=2,3,112,0.01836366617478275,0.3128491620111732,1.2997731874020064
被災学年=2,被災学校種=中,2,741,0.12149532710280374,0.39185616076150187,1.2995816881372484
被災学校種=中,被災学年=2,2,741,0.12149532710280374,0.4029363784665579,1.2995816881372482
性別=男 | 発生場所1=学校内・校舎内（園内・園舎内）,場合別1=各教科等,3,448,0.073454664699131,0.2612244897959184,1.2995172620434798
場合別1=各教科等,性別=男 | 発生場所1=学校内・校舎内（園内・園舎内）,3,448,0.073454664699131,0.36541598694942906,1.2995172620434796
給付年度=21,発生場所1=学校外（園外）,2,86,0.014100672241351041,0.23822714681440443,1.298433751940172
和暦=平成 | 給付年度=21,発生場所1=学校外（園外）,3,86,0.014100672241351041,0.23822714681440443,1.298433751940172
給付年度=28,和暦=平成 | 発生場所1=学校内・校舎外（園内・園舎外）,3,119,0.019511395310706673,0.38636363636363635,1.2983095416979713
和暦=平成 | 発生場所1=学校内・校舎外（園内・園舎外）,場合別2=体育的部活動,3,804,0.13182488932611905,0.44297520661157025,1.2982728424430403
場合別2=体育的部活動,和暦=平成 | 発生場所1=学校内・校舎外（園内・園舎外）,3,804,0.13182488932611905,0.38635271504084573,1.29827284244304
場合別1=課外指導 | 給付年度=21,発生場所1=学校内・校舎外（園内・園舎外）,3,62,0.01016560091818331,0.496,1.2977709137709137
性別=男 | 給付年度=1,場合別1=課外指導,3,96,0.01574028529267093,0.45933014354066987,1.2975704240178534
場合別2=体育的部活動,発生場所1=学校内・校舎外（園内・園舎外）,2,1032,0.16920806689621248,0.49591542527630944,1.2975496262377568
発生場所1=学校内・校舎外（園内・園舎外）,場合別2=体育的部活動,2,1032,0.16920806689621248,0.44272844272844275,1.2975496262377568
発生場所1=学校内・校舎外（園内・園舎外）,場合別1=課外指導 | 場合別2=体育的部活動,3,1032,0.16920806689621248,0.44272844272844275,1.2975496262377568
場合別1=課外指導 | 場合別2=体育的部活動,発生場所1=学校内・校舎外（園内・園舎外）,3,1032,0.16920806689621248,0.49591542527630944,1.2975496262377568
発生場所1=学校内・校舎外（園内・園舎外） | 被災学校種=高,被災学年=2,3,350,0.0573864567961961,0.40229885057471265,1.2975254836886156
和暦=令和 | 競技種目=サッカー・フットサル,性別=男,3,84,0.013772749631087064,0.9130434782608695,1.2974492483487985
給付年度=25,和暦=平成 | 被災学校種=高,3,100,0.016396130513198885,0.3246753246753247,1.2959390086353437
被災学年=2,場合別2=体育的部活動 | 被災学校種=高,3,501,0.08214461387112641,0.26493918561607616,1.2958011973315546
場合別2=体育的部活動 | 被災学校種=高,被災学年=2,3,501,0.08214461387112641,0.40176423416198875,1.2958011973315544
被災学校種=中,和暦=平成 | 被災学年=3,3,398,0.06525659944253157,0.21642196846112016,1.2953460114272541
和暦=平成 | 被災学年=3,被災学校種=中,3,398,0.06525659944253157,0.39057899901864573,1.2953460114272541
給付年度=20,和暦=平成 | 発生場所1=学校内・校舎外（園内・園舎外）,3,138,0.02262666010821446,0.3854748603351955,1.2953229604321528
和暦=令和 | 発生場所1=学校内・校舎外（園内・園舎外）,場合別2=体育的部活動,3,228,0.037383177570093455,0.4418604651162791,1.2950057552831262
場合別1=課外指導 | 被災学年=2,発生場所1=学校内・校舎外（園内・園舎外）,3,436,0.07148712903754714,0.4948921679909194,1.2948723005476694
和暦=平成 | 場合別1=各教科等,発生場所1=学校内・校舎内（園内・園舎内）,3,513,0.08411214953271028,0.5618838992332968,1.2936692719606937
発生場所2=学校外運動場・競技場 | 被災学校種=高,性別=男,3,223,0.03656337104443352,0.9102040816326531,1.2934144207543223
発生場所1=学校内・校舎内（園内・園舎内） | 被災学校種=中,被災学年=2,3,336,0.055090998524348254,0.4009546539379475,1.2931900763445487
発生場所2=学校外運動場・競技場 | 被災学校種=高,被災学年=1,3,91,0.014920478767010985,0.37142857142857144,1.293003913894325
場合別1=各教科等 | 被災学校種=小,発生場所1=学校内・校舎内（園内・園舎内）,3,219,0.03590752582390556,0.5615384615384615,1.292873943723321
被災学年=2,場合別1=課外指導 | 被災学校種=高,3,512,0.0839481882275783,0.27075621364357483,1.2921300054868254
場合別1=課外指導 | 被災学校種=高,被災学年=2,3,512,0.0839481882275783,0.40062597809076683,1.2921300054868254
給付年度=1,発生場所2=体育館・屋内運動場,2,64,0.010493523528447287,0.21333333333333335,1.2920754716981133
和暦=令和 | 給付年度=1,発生場所2=体育館・屋内運動場,3,64,0.010493523528447287,0.21333333333333335,1.2920754716981133
給付年度=1,発生場所1=学校内・校舎内（園内・園舎内） | 発生場所2=体育館・屋内運動場,3,64,0.010493523528447287,0.21333333333333335,1.2920754716981133
給付年度=27,和暦=平成 | 性別=男,3,237,0.03885882931628136,0.7011834319526628,1.2912191278621044
給付年度=18,和暦=平成,2,391,0.06410887030660764,1.0,1.2907936507936508
給付年度=19,和暦=平成,2,370,0.06066568289883587,1.0,1.2907936507936508
給付年度=22,和暦=平成,2,362,0.05935399245777996,1.0,1.2907936507936508
給付年度=21,和暦=平成,2,361,0.059190031152647975,1.0,1.2907936507936508
給付年度=20,和暦=平成,2,358,0.05869814723725201,1.0,1.2907936507936508
給付年度=27,和暦=平成,2,338,0.055418921134612234,1.0,1.2907936507936508
給付年度=30,和暦=平成,2,335,0.05492703721921627,1.0,1.2907936507936508
給付年度=17,和暦=平成,2,333,0.05459911460895229,1.0,1.2907936507936508
給付年度=24,和暦=平成,2,331,0.05427119199868831,1.0,1.2907936507936508
給付年度=29,和暦=平成,2,322,0.05279554025250041,1.0,1.2907936507936508
給付年度=26,和暦=平成,2,320,0.05246761764223643,1.0,1.2907936507936508
給付年度=25,和暦=平成,2,308,0.05050008198065257,1.0,1.2907936507936508
給付年度=28,和暦=平成,2,308,0.05050008198065257,1.0,1.2907936507936508
給付年度=23,和暦=平成,2,288,0.04722085587801279,1.0,1.2907936507936508
性別=男 | 給付年度=18,和暦=平成,3,272,0.044597474995900964,1.0,1.2907936507936508
性別=男 | 給付年度=19,和暦=平成,3,256,0.04197409411378915,1.0,1.2907936507936508
性別=男 | 給付年度=20,和暦=平成,3,250,0.04099032628299721,1.0,1.2907936507936508
性別=男 | 給付年度=22,和暦=平成,3,243,0.03984259714707329,1.0,1.2907936507936508
性別=男 | 給付年度=30,和暦=平成,3,242,0.039678635841941305,1.0,1.2907936507936508
性別=男 | 給付年度=27,和暦=平成,3,237,0.03885882931628136,1.0,1.2907936507936508
性別=男 | 給付年度=24,和暦=平成,3,236,0.038694868011149366,1.0,1.2907936507936508
性別=男 | 給付年度=21,和暦=平成,3,235,0.03853090670601738,1.0,1.2907936507936508
性別=男 | 給付年度=26,和暦=平成,3,235,0.03853090670601738,1.0,1.2907936507936508
性別=男 | 給付年度=29,和暦=平成,3,232,0.038039022790621414,1.0,1.2907936507936508
性別=男 | 給付年度=17,和暦=平成,3,228,0.037383177570093455,1.0,1.2907936507936508
性別=男 | 給付年度=25,和暦=平成,3,220,0.036071487129037544,1.0,1.2907936507936508
性別=男 | 給付年度=23,和暦=平成,3,213,0.034923757993113626,1.0,1.2907936507936508
性別=男 | 給付年度=28,和暦=平成,3,213,0.034923757993113626,1.0,1.2907936507936508
発生場所1=学校内・校舎内（園内・園舎内） | 給付年度=18,和暦=平成,3,186,0.030496802754549926,1.0,1.2907936507936508
発生場所1=学校内・校舎内（園内・園舎内） | 給付年度=19,和暦=平成,3,173,0.028365305787834073,1.0,1.2907936507936508
発生場所1=学校内・校舎内（園内・園舎内） | 給付年度=20,和暦=平成,3,163,0.026725692736514182,1.0,1.2907936507936508
発生場所1=学校内・校舎内（園内・園舎内） | 給付年度=22,和暦=平成,3,158,0.02590588621085424,1.0,1.2907936507936508
発生場所1=学校内・校舎内（園内・園舎内） | 給付年度=30,和暦=平成,3,156,0.02557796360059026,1.0,1.2907936507936508
発生場所1=学校内・校舎内（園内・園舎内） | 給付年度=21,和暦=平成,3,149,0.02443023446466634,1.0,1.2907936507936508
発生場所1=学校内・校舎内（園内・園舎内） | 給付年度=24,和暦=平成,3,149,0.02443023446466634,1.0,1.2907936507936508
発生場所1=学校内・校舎外（園内・園舎外） | 給付年度=18,和暦=平成,3,144,0.023610427939006393,1.0,1.2907936507936508
発生場所1=学校内・校舎内（園内・園舎内） | 給付年度=27,和暦=平成,3,142,0.023282505328742417,1.0,1.2907936507936508
発生場所1=学校内・校舎外（園内・園舎外） | 給付年度=22,和暦=平成,3,141,0.023118544023610427,1.0,1.2907936507936508
発生場所1=学校内・校舎外（園内・園舎外） | 給付年度=19,和暦=平成,3,140,0.022954582718478438,1.0,1.2907936507936508
発生場所1=学校内・校舎内（園内・園舎内） | 給付年度=28,和暦=平成,3,140,0.022954582718478438,1.0,1.2907936507936508
発生場所1=学校内・校舎外（園内・園舎外） | 給付年度=20,和暦=平成,3,138,0.02262666010821446,1.0,1.2907936507936508
発生場所1=学校内・校舎外（園内・園舎外） | 給付年度=27,和暦=平成,3,138,0.02262666010821446,1.0,1.2907936507936508
発生場所1=学校内・校舎内（園内・園舎内） | 給付年度=26,和暦=平成,3,137,0.022462698803082472,1.0,1.2907936507936508
発生場所1=学校内・校舎外（園内・園舎外） | 給付年度=17,和暦=平成,3,135,0.022134776192818496,1.0,1.2907936507936508
場合別1=課外指導 | 給付年度=27,和暦=平成,3,135,0.022134776192818496,1.0,1.2907936507936508
発生場所2=運動場・校庭（園庭） | 給付年度=18,和暦=平成,3,134,0.021970814887686506,1.0,1.2907936507936508
場合別2=体育的部活動 | 給付年度=27,和暦=平成,3,134,0.021970814887686506,1.0,1.2907936507936508
発生場所1=学校内・校舎内（園内・園舎内） | 給付年度=29,和暦=平成,3,134,0.021970814887686506,1.0,1.2907936507936508
給付年度=18 | 被災学校種=小,和暦=平成,3,133,0.021806853582554516,1.0,1.2907936507936508
発生場所2=運動場・校庭（園庭） | 給付年度=20,和暦=平成,3,133,0.021806853582554516,1.0,1.2907936507936508
発生場所2=運動場・校庭（園庭） | 給付年度=19,和暦=平成,3,132,0.02164289227742253,1.0,1.2907936507936508
発生場所2=運動場・校庭（園庭） | 給付年度=27,和暦=平成,3,131,0.02147893097229054,1.0,1.2907936507936508
発生場所1=学校内・校舎外（園内・園舎外） | 給付年度=25,和暦=平成,3,130,0.02131496966715855,1.0,1.2907936507936508
場合別1=課外指導 | 給付年度=29,和暦=平成,3,130,0.02131496966715855,1.0,1.2907936507936508
発生場所1=学校内・校舎内（園内・園舎内） | 給付年度=17,和暦=平成,3,129,0.02115100836202656,1.0,1.2907936507936508
場合別1=課外指導 | 給付年度=30,和暦=平成,3,129,0.02115100836202656,1.0,1.2907936507936508
発生場所2=運動場・校庭（園庭） | 給付年度=22,和暦=平成,3,128,0.020987047056894574,1.0,1.2907936507936508
発生場所1=学校内・校舎外（園内・園舎外） | 給付年度=29,和暦=平成,3,127,0.020823085751762584,1.0,1.2907936507936508
発生場所1=学校内・校舎外（園内・園舎外） | 給付年度=21,和暦=平成,3,126,0.020659124446630595,1.0,1.2907936507936508
性別=女 | 給付年度=21,和暦=平成,3,126,0.020659124446630595,1.0,1.2907936507936508
場合別1=課外指導 | 給付年度=26,和暦=平成,3,126,0.020659124446630595,1.0,1.2907936507936508
給付年度=28 | 被災学校種=高,和暦=平成,3,126,0.020659124446630595,1.0,1.2907936507936508
場合別2=体育的部活動 | 給付年度=29,和暦=平成,3,126,0.020659124446630595,1.0,1.2907936507936508
発生場所2=運動場・校庭（園庭） | 給付年度=17,和暦=平成,3,125,0.020495163141498605,1.0,1.2907936507936508
場合別1=課外指導 | 給付年度=21,和暦=平成,3,125,0.020495163141498605,1.0,1.2907936507936508
給付年度=30 | 被災学年=2,和暦=平成,3,125,0.020495163141498605,1.0,1.2907936507936508
発生場所1=学校内・校舎外（園内・園舎外） | 給付年度=24,和暦=平成,3,124,0.02033120183636662,1.0,1.2907936507936508
給付年度=27 | 被災学校種=高,和暦=平成,3,124,0.02033120183636662,1.0,1.2907936507936508
場合別2=体育的部活動 | 給付年度=30,和暦=平成,3,124,0.02033120183636662,1.0,1.2907936507936508
発生場所1=学校内・校舎外（園内・園舎外） | 給付年度=30,和暦=平成,3,124,0.02033120183636662,1.0,1.2907936507936508
発生場所2=運動場・校庭（園庭） | 給付年度=21,和暦=平成,3,123,0.02016724053123463,1.0,1.2907936507936508
場合別1=課外指導 | 給付年度=28,和暦=平成,3,123,0.02016724053123463,1.0,1.2907936507936508
場合別2=体育的部活動 | 給付年度=26,和暦=平成,3,122,0.02000327922610264,1.0,1.2907936507936508
場合別2=体育的部活動 | 給付年度=28,和暦=平成,3,121,0.019839317920970653,1.0,1.2907936507936508
給付年度=19 | 被災学校種=小,和暦=平成,3,120,0.019675356615838663,1.0,1.2907936507936508
給付年度=24 | 被災学校種=高,和暦=平成,3,120,0.019675356615838663,1.0,1.2907936507936508
性別=女 | 給付年度=18,和暦=平成,3,119,0.019511395310706673,1.0,1.2907936507936508
場合別2=体育的部活動 | 給付年度=21,和暦=平成,3,119,0.019511395310706673,1.0,1.2907936507936508
性別=女 | 給付年度=22,和暦=平成,3,119,0.019511395310706673,1.0,1.2907936507936508
発生場所1=学校内・校舎外（園内・園舎外） | 給付年度=28,和暦=平成,3,119,0.019511395310706673,1.0,1.2907936507936508
場合別1=休憩時間 | 給付年度=18,和暦=平成,3,118,0.019347434005574683,1.0,1.2907936507936508
給付年度=18 | 被災学校種=中,和暦=平成,3,118,0.019347434005574683,1.0,1.2907936507936508
給付年度=30 | 被災学校種=高,和暦=平成,3,118,0.019347434005574683,1.0,1.2907936507936508
発生場所1=学校内・校舎内（園内・園舎内） | 給付年度=25,和暦=平成,3,118,0.019347434005574683,1.0,1.2907936507936508
場合別1=課外指導 | 給付年度=18,和暦=平成,3,116,0.019019511395310707,1.0,1.2907936507936508
給付年度=19 | 被災学校種=中,和暦=平成,3,116,0.019019511395310707,1.0,1.2907936507936508
給付年度=21 | 被災学年=2,和暦=平成,3,116,0.019019511395310707,1.0,1.2907936507936508
発生場所2=運動場・校庭（園庭） | 給付年度=25,和暦=平成,3,116,0.019019511395310707,1.0,1.2907936507936508
発生場所2=運動場・校庭（園庭） | 給付年度=29,和暦=平成,3,116,0.019019511395310707,1.0,1.2907936507936508
給付年度=29 | 被災学校種=高,和暦=平成,3,116,0.019019511395310707,1.0,1.2907936507936508
発生場所2=運動場・校庭（園庭） | 給付年度=30,和暦=平成,3,116,0.019019511395310707,1.0,1.2907936507936508
発生場所1=学校内・校舎外（園内・園舎外） | 給付年度=23,和暦=平成,3,115,0.018855550090178717,1.0,1.2907936507936508
性別=女 | 給付年度=19,和暦=平成,3,114,0.018691588785046728,1.0,1.2907936507936508
場合別1=課外指導 | 給付年度=19,和暦=平成,3,114,0.018691588785046728,1.0,1.2907936507936508
発生場所1=学校内・校舎内（園内・園舎内） | 給付年度=23,和暦=平成,3,114,0.018691588785046728,1.0,1.2907936507936508
発生場所1=学校内・校舎外（園内・園舎外） | 給付年度=26,和暦=平成,3,114,0.018691588785046728,1.0,1.2907936507936508
給付年度=27 | 被災学校種=中,和暦=平成,3,114,0.018691588785046728,1.0,1.2907936507936508
給付年度=21 | 被災学校種=中,和暦=平成,3,113,0.01852762747991474,1.0,1.2907936507936508
給付年度=21 | 被災学年=1,和暦=平成,3,113,0.01852762747991474,1.0,1.2907936507936508
給付年度=20 | 被災学年=2,和暦=平成,3,112,0.01836366617478275,1.0,1.2907936507936508
給付年度=20 | 被災学校種=高,和暦=平成,3,112,0.01836366617478275,1.0,1.2907936507936508
場合別1=課外指導 | 給付年度=22,和暦=平成,3,112,0.01836366617478275,1.0,1.2907936507936508
発生場所2=運動場・校庭（園庭） | 給付年度=28,和暦=平成,3,112,0.01836366617478275,1.0,1.2907936507936508
場合別2=体育的部活動 | 給付年度=18,和暦=平成,3,111,0.01819970486965076,1.0,1.2907936507936508
給付年度=20 | 被災学校種=小,和暦=平成,3,111,0.01819970486965076,1.0,1.2907936507936508
給付年度=24 | 被災学校種=小,和暦=平成,3,111,0.01819970486965076,1.0,1.2907936507936508
給付年度=27 | 被災学年=2,和暦=平成,3,111,0.01819970486965076,1.0,1.2907936507936508
給付年度=18 | 被災学年=2,和暦=平成,3,110,0.018035743564518772,1.0,1.2907936507936508
給付年度=21 | 被災学校種=高,和暦=平成,3,110,0.018035743564518772,1.0,1.2907936507936508
場合別2=体育的部活動 | 給付年度=22,和暦=平成,3,109,0.017871782259386786,1.0,1.2907936507936508
場合別1=課外指導 | 給付年度=25,和暦=平成,3,109,0.017871782259386786,1.0,1.2907936507936508
給付年度=17 | 被災学校種=小,和暦=平成,3,108,0.017707820954254796,1.0,1.2907936507936508
給付年度=17 | 被災学年=2,和暦=平成,3,108,0.017707820954254796,1.0,1.2907936507936508
給付年度=17 | 被災学校種=中,和暦=平成,3,108,0.017707820954254796,1.0,1.2907936507936508
性別=女 | 給付年度=20,和暦=平成,3,108,0.017707820954254796,1.0,1.2907936507936508
給付年度=22 | 被災学校種=中,和暦=平成,3,108,0.017707820954254796,1.0,1.2907936507936508
給付年度=29 | 被災学校種=中,和暦=平成,3,108,0.017707820954254796,1.0,1.2907936507936508
給付年度=26 | 被災学校種=高,和暦=平成,3,107,0.017543859649122806,1.0,1.2907936507936508
給付年度=30 | 被災学校種=中,和暦=平成,3,107,0.017543859649122806,1.0,1.2907936507936508
場合別2=体育的部活動 | 給付年度=19,和暦=平成,3,106,0.01737989834399082,1.0,1.2907936507936508
給付年度=22 | 被災学年=2,和暦=平成,3,106,0.01737989834399082,1.0,1.2907936507936508
性別=女 | 給付年度=17,和暦=平成,3,105,0.01721593703885883,1.0,1.2907936507936508
場合別1=課外指導 | 給付年度=20,和暦=平成,3,105,0.01721593703885883,1.0,1.2907936507936508
発生場所2=運動場・校庭（園庭） | 給付年度=24,和暦=平成,3,105,0.01721593703885883,1.0,1.2907936507936508
発生場所2=運動場・校庭（園庭） | 給付年度=26,和暦=平成,3,105,0.01721593703885883,1.0,1.2907936507936508
場合別2=体育的部活動 | 給付年度=25,和暦=平成,3,105,0.01721593703885883,1.0,1.2907936507936508
場合別1=休憩時間 | 給付年度=19,和暦=平成,3,104,0.01705197573372684,1.0,1.2907936507936508
給付年度=21 | 被災学校種=小,和暦=平成,3,104,0.01705197573372684,1.0,1.2907936507936508
給付年度=22 | 被災学校種=小,和暦=平成,3,104,0.01705197573372684,1.0,1.2907936507936508
給付年度=23 | 被災学校種=高,和暦=平成,3,104,0.01705197573372684,1.0,1.2907936507936508
給付年度=19 | 被災学年=2,和暦=平成,3,103,0.01688801442859485,1.0,1.2907936507936508
給付年度=26 | 被災学年=2,和暦=平成,3,103,0.01688801442859485,1.0,1.2907936507936508
給付年度=25 | 被災学年=2,和暦=平成,3,102,0.016724053123462864,1.0,1.2907936507936508
給付年度=25 | 被災学校種=中,和暦=平成,3,102,0.016724053123462864,1.0,1.2907936507936508
給付年度=28 | 被災学年=1,和暦=平成,3,102,0.016724053123462864,1.0,1.2907936507936508
給付年度=19 | 被災学校種=高,和暦=平成,3,101,0.016560091818330874,1.0,1.2907936507936508
場合別2=体育的部活動 | 給付年度=20,和暦=平成,3,101,0.016560091818330874,1.0,1.2907936507936508
場合別1=課外指導 | 給付年度=23,和暦=平成,3,101,0.016560091818330874,1.0,1.2907936507936508
性別=女 | 給付年度=27,和暦=平成,3,101,0.016560091818330874,1.0,1.2907936507936508
給付年度=29 | 被災学年=2,和暦=平成,3,101,0.016560091818330874,1.0,1.2907936507936508
給付年度=29 | 被災学年=1,和暦=平成,3,101,0.016560091818330874,1.0,1.2907936507936508
給付年度=20 | 被災学校種=中,和暦=平成,3,100,0.016396130513198885,1.0,1.2907936507936508
給付年度=22 | 被災学校種=高,和暦=平成,3,100,0.016396130513198885,1.0,1.2907936507936508
給付年度=25 | 被災学校種=高,和暦=平成,3,100,0.016396130513198885,1.0,1.2907936507936508
給付年度=18 | 被災学校種=高,和暦=平成,3,99,0.016232169208066895,1.0,1.2907936507936508
給付年度=19 | 被災学年=1,和暦=平成,3,99,0.016232169208066895,1.0,1.2907936507936508
場合別1=課外指導 | 給付年度=17,和暦=平成,3,98,0.01606820790293491,1.0,1.2907936507936508
発生場所2=運動場・校庭（園庭） | 給付年度=23,和暦=平成,3,98,0.01606820790293491,1.0,1.2907936507936508
場合別1=課外指導 | 給付年度=24,和暦=平成,3,98,0.01606820790293491,1.0,1.2907936507936508
給付年度=27 | 被災学年=1,和暦=平成,3,98,0.01606820790293491,1.0,1.2907936507936508
場合別2=体育的部活動 | 給付年度=23,和暦=平成,3,97,0.01590424659780292,1.0,1.2907936507936508
給付年度=24 | 被災学年=1,和暦=平成,3,97,0.01590424659780292,1.0,1.2907936507936508
給付年度=26 | 被災学校種=中,和暦=平成,3,97,0.01590424659780292,1.0,1.2907936507936508
給付年度=18 | 被災学年=3,和暦=平成,3,96,0.01574028529267093,1.0,1.2907936507936508
給付年度=18 | 被災学年=1,和暦=平成,3,96,0.01574028529267093,1.0,1.2907936507936508
場合別1=休憩時間 | 給付年度=22,和暦=平成,3,96,0.01574028529267093,1.0,1.2907936507936508
給付年度=23 | 被災学校種=中,和暦=平成,3,96,0.01574028529267093,1.0,1.2907936507936508
場合別2=体育的部活動 | 給付年度=24,和暦=平成,3,96,0.01574028529267093,1.0,1.2907936507936508
給付年度=25 | 被災学年=1,和暦=平成,3,96,0.01574028529267093,1.0,1.2907936507936508
場合別2=体育的部活動 | 給付年度=17,和暦=平成,3,95,0.01557632398753894,1.0,1.2907936507936508
給付年度=23 | 被災学年=1,和暦=平成,3,95,0.01557632398753894,1.0,1.2907936507936508
性別=女 | 給付年度=24,和暦=平成,3,95,0.01557632398753894,1.0,1.2907936507936508
性別=女 | 給付年度=28,和暦=平成,3,95,0.01557632398753894,1.0,1.2907936507936508
場合別1=休憩時間 | 給付年度=20,和暦=平成,3,94,0.015412362682406953,1.0,1.2907936507936508
性別=女 | 給付年度=30,和暦=平成,3,93,0.015248401377274963,1.0,1.2907936507936508
給付年度=22 | 被災学年=1,和暦=平成,3,92,0.015084440072142975,1.0,1.2907936507936508
給付年度=19 | 被災学年=3,和暦=平成,3,91,0.014920478767010985,1.0,1.2907936507936508
給付年度=24 | 被災学年=2,和暦=平成,3,91,0.014920478767010985,1.0,1.2907936507936508
給付年度=28 | 被災学年=2,和暦=平成,3,91,0.014920478767010985,1.0,1.2907936507936508
給付年度=17 | 被災学校種=高,和暦=平成,3,91,0.014920478767010985,1.0,1.2907936507936508
場合別1=休憩時間 | 給付年度=24,和暦=平成,3,90,0.014756517461878997,1.0,1.2907936507936508
性別=女 | 給付年度=29,和暦=平成,3,90,0.014756517461878997,1.0,1.2907936507936508
給付年度=23 | 被災学年=2,和暦=平成,3,89,0.014592556156747007,1.0,1.2907936507936508
性別=女 | 給付年度=25,和暦=平成,3,88,0.01442859485161502,1.0,1.2907936507936508
給付年度=26 | 被災学年=1,和暦=平成,3,87,0.01426463354648303,1.0,1.2907936507936508
発生場所1=学校外（園外） | 給付年度=21,和暦=平成,3,86,0.014100672241351041,1.0,1.2907936507936508
場合別1=休憩時間 | 給付年度=17,和暦=平成,3,85,0.013936710936219052,1.0,1.2907936507936508
給付年度=20 | 被災学年=1,和暦=平成,3,85,0.013936710936219052,1.0,1.2907936507936508
性別=女 | 給付年度=26,和暦=平成,3,85,0.013936710936219052,1.0,1.2907936507936508
給付年度=26 | 被災学校種=小,和暦=平成,3,85,0.013936710936219052,1.0,1.2907936507936508
給付年度=20 | 被災学年=3,和暦=平成,3,84,0.013772749631087064,1.0,1.2907936507936508
給付年度=30 | 被災学年=1,和暦=平成,3,84,0.013772749631087064,1.0,1.2907936507936508
給付年度=28 | 被災学校種=中,和暦=平成,3,83,0.013608788325955074,1.0,1.2907936507936508
給付年度=30 | 被災学校種=小,和暦=平成,3,83,0.013608788325955074,1.0,1.2907936507936508
給付年度=24 | 被災学校種=中,和暦=平成,3,82,0.013444827020823086,1.0,1.2907936507936508
給付年度=24 | 被災学年=3,和暦=平成,3,81,0.013280865715691098,1.0,1.2907936507936508
給付年度=17 | 被災学年=1,和暦=平成,3,80,0.013116904410559108,1.0,1.2907936507936508
場合別1=休憩時間 | 給付年度=21,和暦=平成,3,80,0.013116904410559108,1.0,1.2907936507936508
場合別1=休憩時間 | 給付年度=25,和暦=平成,3,80,0.013116904410559108,1.0,1.2907936507936508
給付年度=25 | 被災学校種=小,和暦=平成,3,80,0.013116904410559108,1.0,1.2907936507936508
場合別1=各教科等 | 給付年度=29,和暦=平成,3,79,0.01295294310542712,1.0,1.2907936507936508
給付年度=22 | 被災学年=3,和暦=平成,3,79,0.01295294310542712,1.0,1.2907936507936508
場合別1=各教科等 | 給付年度=20,和暦=平成,3,78,0.01278898180029513,1.0,1.2907936507936508
発生場所2=体育館・屋内運動場 | 給付年度=30,和暦=平成,3,76,0.012461059190031152,1.0,1.2907936507936508
給付年度=29 | 被災学校種=小,和暦=平成,3,76,0.012461059190031152,1.0,1.2907936507936508
性別=女 | 給付年度=23,和暦=平成,3,75,0.012297097884899164,1.0,1.2907936507936508
場合別1=各教科等 | 給付年度=24,和暦=平成,3,75,0.012297097884899164,1.0,1.2907936507936508
給付年度=27 | 被災学年=3,和暦=平成,3,75,0.012297097884899164,1.0,1.2907936507936508
給付年度=27 | 被災学校種=小,和暦=平成,3,75,0.012297097884899164,1.0,1.2907936507936508
給付年度=28 | 被災学校種=小,和暦=平成,3,73,0.011969175274635186,1.0,1.2907936507936508
場合別1=各教科等 | 給付年度=19,和暦=平成,3,71,0.011641252664371209,1.0,1.2907936507936508
場合別1=休憩時間 | 給付年度=23,和暦=平成,3,71,0.011641252664371209,1.0,1.2907936507936508
発生場所1=学校外（園外） | 給付年度=17,和暦=平成,3,69,0.01131333005410723,1.0,1.2907936507936508
給付年度=23 | 被災学校種=小,和暦=平成,3,69,0.01131333005410723,1.0,1.2907936507936508
発生場所1=学校外（園外） | 給付年度=26,和暦=平成,3,69,0.01131333005410723,1.0,1.2907936507936508
給付年度=30 | 被災学年=3,和暦=平成,3,69,0.01131333005410723,1.0,1.2907936507936508
場合別1=休憩時間 | 給付年度=27,和暦=平成,3,69,0.01131333005410723,1.0,1.2907936507936508
給付年度=17 | 被災学年=3,和暦=平成,3,68,0.011149368748975241,1.0,1.2907936507936508
給付年度=28 | 被災学年=3,和暦=平成,3,68,0.011149368748975241,1.0,1.2907936507936508
場合別1=各教科等 | 給付年度=30,和暦=平成,3,68,0.011149368748975241,1.0,1.2907936507936508
場合別1=各教科等 | 給付年度=28,和暦=平成,3,67,0.010985407443843253,1.0,1.2907936507936508
給付年度=21 | 被災学年=3,和暦=平成,3,66,0.010821446138711265,1.0,1.2907936507936508
場合別1=休憩時間 | 給付年度=26,和暦=平成,3,66,0.010821446138711265,1.0,1.2907936507936508
場合別1=各教科等 | 給付年度=22,和暦=平成,3,64,0.010493523528447287,1.0,1.2907936507936508
給付年度=23 | 被災学年=3,和暦=平成,3,64,0.010493523528447287,1.0,1.2907936507936508
場合別1=各教科等 | 給付年度=23,和暦=平成,3,64,0.010493523528447287,1.0,1.2907936507936508
給付年度=26 | 被災学年=3,和暦=平成,3,64,0.010493523528447287,1.0,1.2907936507936508
発生場所1=学校外（園外） | 給付年度=22,和暦=平成,3,63,0.010329562223315297,1.0,1.2907936507936508
発生場所2=体育館・屋内運動場 | 給付年度=28,和暦=平成,3,63,0.010329562223315297,1.0,1.2907936507936508
場合別1=休憩時間 | 給付年度=29,和暦=平成,3,63,0.010329562223315297,1.0,1.2907936507936508
給付年度=29 | 被災学年=3,和暦=平成,3,63,0.010329562223315297,1.0,1.2907936507936508
場合別1=休憩時間 | 給付年度=30,和暦=平成,3,63,0.010329562223315297,1.0,1.2907936507936508
発生場所1=学校外（園外） | 給付年度=18,和暦=平成,3,61,0.01000163961305132,1.0,1.2907936507936508
場合別1=各教科等 | 給付年度=21,和暦=平成,3,61,0.01000163961305132,1.0,1.2907936507936508
発生場所1=学校外（園外） | 給付年度=29,和暦=平成,3,61,0.01000163961305132,1.0,1.2907936507936508
場合別1=各教科等 | 給付年度=17,和暦=平成,3,61,0.01000163961305132,1.0,1.2907936507936508
場合別1=各教科等 | 給付年度=27,和暦=平成,3,61,0.01000163961305132,1.0,1.2907936507936508
給付年度=1,性別=男 | 被災学校種=高,3,105,0.01721593703885883,0.35,1.2905985489721885
競技種目=バスケットボール,場合別1=課外指導 | 被災学校種=高,3,63,0.010329562223315297,0.2703862660944206,1.2903645046243126
場合別1=保育中 | 被災学校種=幼,発生場所1=学校内・校舎内（園内・園舎内）,3,65,0.010657484833579275,0.5603448275862069,1.2901257468660914
発生場所1=学校内・校舎内（園内・園舎内） | 競技種目=バスケットボール,被災学年=2,3,70,0.011477291359239219,0.4,1.2901110523532522
和暦=平成 | 場合別2=授業終了後の特定時間中,性別=女,3,73,0.011969175274635186,0.38219895287958117,1.2900007822980442
給付年度=27,和暦=平成 | 性別=女,3,101,0.016560091818330874,0.2988165680473373,1.2897963542255557
給付年度=22,和暦=平成 | 発生場所2=運動場・校庭（園庭）,3,128,0.020987047056894574,0.35359116022099446,1.288263133923444
和暦=令和 | 被災学校種=中,場合別2=体育的部活動,3,170,0.027873421872438103,0.4392764857881137,1.287432622211295
場合別2=体育（保健体育） | 被災学校種=小,発生場所1=学校内・校舎外（園内・園舎外）,3,121,0.019839317920970653,0.491869918699187,1.2869646650134454
被災学年=3,和暦=平成 | 被災学校種=中,3,398,0.06525659944253157,0.30638953040800615,1.286962634957596
和暦=平成 | 被災学校種=中,被災学年=3,3,398,0.06525659944253157,0.2741046831955923,1.286962634957596
場合別1=各教科等 | 発生場所1=学校内・校舎内（園内・園舎内）,被災学年=3,3,191,0.03131660928020987,0.27403156384505023,1.2866193286304553
和暦=令和 | 発生場所2=体育館・屋内運動場,被災学校種=高,3,120,0.019675356615838663,0.43478260869565216,1.2860034580188082
給付年度=20,和暦=平成 | 性別=男,3,250,0.04099032628299721,0.6983240223463687,1.2859535665128328
場合別2=体育（保健体育） | 性別=女,発生場所1=学校内・校舎内（園内・園舎内）,3,167,0.027381537957042137,0.5585284280936454,1.2859437081703071
場合別1=特別活動（除学校行事） | 発生場所1=学校内・校舎内（園内・園舎内）,性別=女,3,88,0.01442859485161502,0.38095238095238093,1.2857933433473
和暦=令和 | 発生場所2=体育館・屋内運動場,被災学校種=中,3,107,0.017543859649122806,0.38768115942028986,1.285735394945268
場合別2=体育（保健体育） | 性別=男,被災学校種=高,3,259,0.042465978029185114,0.43456375838926176,1.2853561408419532
場合別2=体育的部活動 | 被災学校種=中,発生場所1=学校内・校舎外（園内・園舎外）,3,389,0.06378094769634367,0.4911616161616162,1.28511141011141
場合別1=各教科等 | 被災学年=1,被災学校種=中,3,105,0.01721593703885883,0.3874538745387454,1.2849816100118587
場合別2=体育的部活動 | 被災学校種=中,発生場所2=体育館・屋内運動場,3,168,0.027545499262174127,0.21212121212121213,1.2847341337907376
場合別1=課外指導,性別=男 | 被災学校種=中,3,608,0.09968847352024922,0.28161185734136174,1.2846303051046861
性別=男 | 被災学校種=中,場合別1=課外指導,3,608,0.09968847352024922,0.45474943904263276,1.2846303051046861
場合別1=通学中 | 発生場所2=道路,被災学年=1,3,107,0.017543859649122806,0.3689655172413793,1.2844296173830894
性別=男 | 給付年度=4,被災学校種=高,3,66,0.010821446138711265,0.4342105263157895,1.2843113482056256
競技種目=サッカー・フットサル,和暦=平成 | 被災学年=1,3,118,0.019347434005574683,0.2789598108747045,1.2840572728489228
場合別2=下校（降園）中,性別=女,2,70,0.011477291359239219,0.3804347826086957,1.2840463415221002
場合別1=通学中 | 場合別2=下校（降園）中,性別=女,3,70,0.011477291359239219,0.3804347826086957,1.2840463415221002
場合別2=授業終了後の特定時間中,和暦=平成 | 被災学校種=中,3,70,0.011477291359239219,0.3056768558951965,1.283969107510195
場合別1=各教科等,和暦=平成 | 被災学年=3,3,263,0.043121823249713066,0.21451876019575855,1.2839547776584215
和暦=平成 | 被災学年=3,場合別1=各教科等,3,263,0.043121823249713066,0.25809617271835134,1.2839547776584215
給付年度=23,和暦=平成 | 被災学年=2,3,89,0.014592556156747007,0.3090277777777778,1.283896741598547
給付年度=21,和暦=平成 | 場合別2=体育的部活動,3,119,0.019511395310706673,0.3296398891966759,1.2838273845533374
発生場所1=学校内・校舎内（園内・園舎内） | 被災学校種=高,場合別1=課外指導,3,294,0.048204623708804725,0.45440494590417313,1.2836571399117889
場合別2=体育的部活動 | 発生場所2=学校外運動場・競技場,性別=男,3,325,0.05328742416789638,0.9027777777777778,1.282861525318422
給付年度=18,和暦=平成 | 性別=男,3,272,0.044597474995900964,0.6956521739130435,1.2810333963453056
和暦=平成 | 発生場所2=学校外運動場・競技場,性別=男,3,247,0.040498442367601244,0.9014598540145985,1.2809887347705118
性別=女 | 被災学年=4,発生場所1=学校内・校舎内（園内・園舎内）,3,79,0.01295294310542712,0.5563380281690141,1.2809005790120112
性別=女 | 発生場所1=学校内・校舎外（園内・園舎外）,場合別1=各教科等,3,148,0.02426627315953435,0.2573913043478261,1.2804482587417547
発生場所2=学校外運動場・競技場,性別=男,2,337,0.05525495982948024,0.9010695187165776,1.280434062127774
発生場所1=学校外（園外） | 発生場所2=学校外運動場・競技場,性別=男,3,337,0.05525495982948024,0.9010695187165776,1.280434062127774
和暦=平成 | 競技種目=野球（含軟式）,被災学年=1,3,217,0.03557960321364158,0.3677966101694915,1.2803604597167402
発生場所1=学校内・校舎内（園内・園舎内） | 被災学年=5,性別=女,3,77,0.012625020495163142,0.3793103448275862,1.2802511306604583
競技種目=バスケットボール,和暦=平成 | 被災学校種=中,3,71,0.011641252664371209,0.30472103004291845,1.279954243961267
性別=男 | 給付年度=30,被災学年=2,3,96,0.01574028529267093,0.39669421487603307,1.2794489775404154
和暦=令和 | 発生場所2=体育館・屋内運動場,場合別1=課外指導,3,125,0.020495163141498605,0.4528985507246377,1.2794016956320358
場合別1=課外指導 | 発生場所2=学校外運動場・競技場,性別=男,3,325,0.05328742416789638,0.9002770083102493,1.2793078922842986
被災学校種=幼,発生場所1=学校内・校舎内（園内・園舎内）,2,65,0.010657484833579275,0.5555555555555556,1.2790990310809112
場合別1=休憩時間 | 被災学年=3,被災学校種=中,3,113,0.01852762747991474,0.3856655290102389,1.279050604368378
給付年度=2,性別=男 | 被災学校種=中,3,90,0.014756517461878997,0.2803738317757009,1.2789827973074046
和暦=令和 | 発生場所2=学校外運動場・競技場,性別=男,3,90,0.014756517461878997,0.9,1.2789142590866729
性別=女 | 被災学年=2,被災学校種=中,3,192,0.03148057058534186,0.3855421686746988,1.2786414827335444
発生場所2=体育館・屋内運動場 | 被災学年=1,和暦=令和,3,89,0.014592556156747007,0.28802588996763756,1.2785079351620243
場合別1=課外指導 | 給付年度=30,発生場所1=学校内・校舎外（園内・園舎外）,3,63,0.010329562223315297,0.4883720930232558,1.2778126964173475
発生場所1=学校内・校舎外（園内・園舎外）,場合別1=課外指導 | 被災学校種=高,3,624,0.10231185440236104,0.2676962676962677,1.2775270240058973
場合別1=課外指導 | 被災学校種=高,発生場所1=学校内・校舎外（園内・園舎外）,3,624,0.10231185440236104,0.48826291079812206,1.2775270240058971
発生場所1=学校外（園外） | 被災学校種=高,被災学年=1,3,200,0.03279226102639777,0.3669724770642202,1.2774915169033556
和暦=令和 | 被災学校種=中,場合別1=課外指導,3,175,0.02869322839809805,0.45219638242894056,1.277418127111676
競技種目=サッカー・フットサル | 被災学年=3,性別=男,3,80,0.013116904410559108,0.898876404494382,1.2773176120715832
場合別1=学校行事,被災学校種=中,2,114,0.018691588785046728,0.38513513513513514,1.2772915656276178
性別=女 | 給付年度=18,発生場所1=学校内・校舎内（園内・園舎内）,3,66,0.010821446138711265,0.5546218487394958,1.2769492848101869
被災学校種=高,和暦=平成 | 被災学年=1,3,572,0.09378586653549763,0.27740058195926287,1.2768801127317315
和暦=平成 | 被災学年=1,被災学校種=高,3,572,0.09378586653549763,0.4316981132075472,1.2768801127317313
場合別2=体育（保健体育） | 性別=女,和暦=令和,3,86,0.014100672241351041,0.28762541806020064,1.2767302945772663
和暦=平成 | 場合別2=昼食時休憩時間中,発生場所1=学校内・校舎内（園内・園舎内）,3,199,0.03262829972126578,0.5543175487465181,1.2762486711230705
発生場所2=道路,被災学校種=小,2,121,0.019839317920970653,0.35276967930029157,1.2761223452268555
発生場所1=学校外（園外） | 発生場所2=道路,被災学校種=小,3,121,0.019839317920970653,0.35276967930029157,1.2761223452268555
発生場所1=学校内・校舎内（園内・園舎内） | 被災学校種=小,場合別1=各教科等,3,219,0.03590752582390556,0.25644028103044497,1.2757171892370993
性別=男 | 給付年度=27,場合別1=課外指導,3,107,0.017543859649122806,0.45147679324894513,1.2753853460052416
発生場所2=学校外運動場・競技場 | 被災学年=1,性別=男,3,105,0.01721593703885883,0.8974358974358975,1.2752706287189046
給付年度=26,和暦=平成 | 発生場所1=学校内・校舎内（園内・園舎内）,3,137,0.022462698803082472,0.428125,1.2749679565429686
和暦=令和 | 発生場所2=運動場・校庭（園庭）,被災学校種=高,3,209,0.03426791277258567,0.4309278350515464,1.2746017778755487
給付年度=19,和暦=平成 | 性別=男,3,256,0.04197409411378915,0.6918918918918919,1.274108891500196
性別=男 | 競技種目=サッカー・フットサル,被災学年=2,3,156,0.02557796360059026,0.3949367088607595,1.273780532703211
給付年度=28,和暦=平成 | 性別=男,3,213,0.034923757993113626,0.6915584415584416,1.2734948475437606
給付年度=26,和暦=平成 | 被災学校種=中,3,97,0.01590424659780292,0.303125,1.2732502582644627
性別=男 | 給付年度=28,場合別1=課外指導,3,96,0.01574028529267093,0.4507042253521127,1.2732029043179878
場合別2=下校（降園）中 | 発生場所1=学校外（園外）,性別=女,3,69,0.01131333005410723,0.3770491803278688,1.2726192312228402
和暦=平成 | 発生場所1=学校内・校舎外（園内・園舎外）,場合別1=課外指導,3,817,0.13395638629283488,0.45013774104683196,1.2716026320725466
場合別1=課外指導,和暦=平成 | 発生場所1=学校内・校舎外（園内・園舎外）,3,817,0.13395638629283488,0.3784159333024548,1.2716026320725464
被災学校種=高,性別=男 | 発生場所2=運動場・校庭（園庭）,3,702,0.11510083620265617,0.34044616876818623,1.2715132782101457
性別=男 | 発生場所2=運動場・校庭（園庭）,被災学校種=高,3,702,0.11510083620265617,0.42988364972443355,1.2715132782101455
給付年度=19,和暦=平成 | 発生場所1=学校内・校舎外（園内・園舎外）,3,140,0.022954582718478438,0.3783783783783784,1.2714764351127987
発生場所1=学校内・校舎外（園内・園舎外）,場合別1=課外指導,2,1049,0.1719954090834563,0.45002145002145,1.2712741193519332
場合別1=課外指導,発生場所1=学校内・校舎外（園内・園舎外）,2,1049,0.1719954090834563,0.4858730893932376,1.271274119351933
場合別1=各教科等 | 発生場所2=体育館・屋内運動場,和暦=令和,3,128,0.020987047056894574,0.28635346756152125,1.271084278499067
性別=女 | 発生場所1=学校内・校舎外（園内・園舎外）,場合別1=休憩時間,3,167,0.027381537957042137,0.29043478260869565,1.2707042604952903
被災学年=2,和暦=平成 | 被災学校種=高,3,602,0.09870470568945729,0.3183500793231095,1.2706918414866786
和暦=平成 | 被災学校種=高,被災学年=2,3,602,0.09870470568945729,0.39397905759162305,1.2706918414866784
給付年度=28,場合別1=課外指導 | 被災学校種=高,3,82,0.013444827020823086,0.2662337662337662,1.270547527589781
給付年度=3,場合別1=各教科等,2,71,0.011641252664371209,0.25539568345323743,1.2705206145035033
和暦=令和 | 給付年度=3,場合別1=各教科等,3,71,0.011641252664371209,0.25539568345323743,1.2705206145035033
給付年度=28,場合別2=体育的部活動 | 被災学校種=高,3,80,0.013116904410559108,0.2597402597402597,1.2703735718972287
被災学年=6,和暦=平成 | 性別=女,3,113,0.01852762747991474,0.2942708333333333,1.2701753803963198
性別=男 | 給付年度=2,被災学校種=中,3,90,0.014756517461878997,0.3829787234042553,1.2701398771302628
競技種目=サッカー・フットサル,場合別1=各教科等,2,108,0.017707820954254796,0.2553191489361702,1.2701398771302626
和暦=令和 | 発生場所1=学校内・校舎外（園内・園舎外）,場合別1=課外指導,3,232,0.038039022790621414,0.4496124031007752,1.2701185949567524
和暦=令和 | 場合別2=体育（保健体育）,発生場所1=学校内・校舎内（園内・園舎内）,3,134,0.021970814887686506,0.551440329218107,1.2696242234432749
被災学年=2,性別=男 | 被災学校種=高,3,651,0.10673880964092475,0.3442622950819672,1.2694411957103495
性別=男 | 被災学校種=高,被災学年=2,3,651,0.10673880964092475,0.3935912938331318,1.2694411957103493
被災学校種=高,発生場所2=体育館・屋内運動場,2,432,0.07083128381701918,0.20950533462657614,1.2688908002854895
被災学校種=高,発生場所1=学校内・校舎内（園内・園舎内） | 発生場所2=体育館・屋内運動場,3,432,0.07083128381701918,0.20950533462657614,1.2688908002854895
発生場所2=体育館・屋内運動場,被災学校種=高,2,432,0.07083128381701918,0.42899702085402186,1.2688908002854893
発生場所1=学校内・校舎内（園内・園舎内） | 発生場所2=体育館・屋内運動場,被災学校種=高,3,432,0.07083128381701918,0.42899702085402186,1.2688908002854893
場合別1=通学中 | 発生場所2=道路,性別=女,3,109,0.017871782259386786,0.3758620689655172,1.2686124840180906
発生場所2=学校外運動場・競技場 | 被災学校種=中,性別=男,3,108,0.017707820954254796,0.8925619834710744,1.268344719755378
発生場所2=道路,和暦=平成 | 被災学校種=小,3,95,0.01557632398753894,0.27696793002915454,1.2681887426785388
発生場所2=学校外運動場・競技場,被災学年=3,2,101,0.016560091818330874,0.2700534759358289,1.2679416087241113
発生場所1=学校外（園外） | 発生場所2=学校外運動場・競技場,被災学年=3,3,101,0.016560091818330874,0.2700534759358289,1.2679416087241113
発生場所2=その他,和暦=平成 | 性別=女,3,94,0.015412362682406953,0.29375,1.2679272823779193
場合別2=体育（保健体育） | 被災学校種=高,発生場所2=運動場・校庭（園庭）,3,149,0.02443023446466634,0.44879518072289154,1.2678100079800443
給付年度=18,和暦=平成 | 被災学校種=中,3,118,0.019347434005574683,0.30179028132992325,1.2676438883135
被災学年=5 | 被災学校種=小,性別=女,3,113,0.01852762747991474,0.3754152823920266,1.267104486612601
発生場所2=学校外運動場・競技場,和暦=平成 | 被災学年=2,3,114,0.018691588785046728,0.3048128342245989,1.266385201591164
被災学校種=中,被災学年=3,2,496,0.08132480734546647,0.2697117998912452,1.2663373884039297
被災学年=3,被災学校種=中,2,496,0.08132480734546647,0.38183217859892227,1.2663373884039297
発生場所2=学校外運動場・競技場 | 被災学年=3,性別=男,3,90,0.014756517461878997,0.8910891089108911,1.2662517416699732
発生場所2=体育館・屋内運動場 | 被災学校種=中,被災学年=2,3,148,0.02426627315953435,0.3925729442970822,1.2661567357313084
場合別1=各教科等 | 被災学年=3,被災学校種=中,3,134,0.021970814887686506,0.3817663817663818,1.266119174765178
競技種目=バスケットボール,性別=男 | 被災学校種=高,3,80,0.013116904410559108,0.34334763948497854,1.2660684723209699
場合別1=各教科等 | 被災学年=1,発生場所1=学校内・校舎内（園内・園舎内）,3,149,0.02443023446466634,0.5498154981549815,1.2658832477339497
場合別2=体育（保健体育） | 被災学年=2,被災学校種=中,3,100,0.016396130513198885,0.3816793893129771,1.265830666351195
被災学年=6,性別=女,2,144,0.023610427939006393,0.375,1.2657028223574986
被災学年=2 | 被災学校種=高,発生場所2=体育館・屋内運動場,3,167,0.027381537957042137,0.20875,1.264316037735849
性別=女 | 発生場所2=運動場・校庭（園庭）,場合別1=休憩時間,3,152,0.024922118380062305,0.2889733840304182,1.2643103796280637
場合別1=各教科等 | 性別=男,発生場所1=学校内・校舎内（園内・園舎内）,3,448,0.073454664699131,0.5490196078431373,1.2640508071858416
場合別1=各教科等 | 被災学年=3,被災学校種=高,3,150,0.02459419576979833,0.42735042735042733,1.2640204929244694
和暦=令和 | 発生場所1=学校内・校舎内（園内・園舎内）,性別=女,3,225,0.03689129365469749,0.37437603993344426,1.2635968276447573
場合別1=通学中 | 性別=男,被災学校種=高,3,88,0.01442859485161502,0.42718446601941745,1.2635296111796444
発生場所2=運動場・校庭（園庭） | 競技種目=サッカー・フットサル,被災学校種=中,3,112,0.01836366617478275,0.38095238095238093,1.2634195603200495
発生場所1=学校内・校舎内（園内・園舎内） | 競技種目=柔道,性別=男,3,80,0.013116904410559108,0.8888888888888888,1.2631251941596768
場合別2=体育（保健体育） | 被災学校種=小,和暦=令和,3,70,0.011477291359239219,0.2845528455284553,1.263091561046615
和暦=平成 | 被災学年=6,性別=女,3,113,0.01852762747991474,0.3741721854304636,1.2629087763920297
和暦=平成 | 競技種目=サッカー・フットサル,被災学校種=中,3,126,0.020659124446630595,0.3806646525679758,1.2624653159391432
和暦=平成 | 発生場所2=体育館・屋内運動場,被災学校種=高,3,312,0.05115592720118052,0.426812585499316,1.2624296600195577
和暦=令和 | 被災学年=1,発生場所2=体育館・屋内運動場,3,89,0.014592556156747007,0.20843091334894615,1.2623834563209757
場合別2=体育的部活動,被災学校種=中,2,792,0.12985735366453516,0.3805862566074003,1.2622053175902852
場合別1=課外指導 | 場合別2=体育的部活動,被災学校種=中,3,792,0.12985735366453516,0.3805862566074003,1.2622053175902852
被災学校種=中,場合別2=体育的部活動,2,792,0.12985735366453516,0.43066884176182707,1.262205317590285
被災学校種=中,場合別1=課外指導 | 場合別2=体育的部活動,3,792,0.12985735366453516,0.43066884176182707,1.262205317590285
被災学校種=高,性別=男 | 発生場所1=学校内・校舎外（園内・園舎外）,3,749,0.12280701754385964,0.36323957322987394,1.2616162626019367
性別=男 | 発生場所1=学校内・校舎外（園内・園舎外）,被災学校種=高,3,749,0.12280701754385964,0.4265375854214123,1.2616162626019367
給付年度=30,和暦=平成 | 発生場所2=運動場・校庭（園庭）,3,116,0.019019511395310707,0.34626865671641793,1.2615845503664476
競技種目=柔道 | 被災学校種=高,性別=男,3,71,0.011641252664371209,0.8875,1.2611515610438024
場合別2=体育（保健体育） | 発生場所1=学校内・校舎内（園内・園舎内）,性別=女,3,167,0.027381537957042137,0.37360178970917224,1.2609835724605654
給付年度=17,和暦=平成 | 性別=男,3,228,0.037383177570093455,0.6846846846846847,1.260836923880402
場合別2=昼食時休憩時間中 | 性別=男,発生場所2=運動場・校庭（園庭）,3,145,0.023774389244138383,0.4461538461538462,1.2603484519186234
場合別2=体育（保健体育） | 被災学年=1,発生場所1=学校内・校舎外（園内・園舎外）,3,92,0.015084440072142975,0.4816753926701571,1.2602909566260352
競技種目=野球（含軟式） | 被災学年=1,和暦=令和,3,86,0.014100672241351041,0.2838283828382838,1.2598757692363123
場合別2=体育（保健体育） | 発生場所2=体育館・屋内運動場,性別=女,3,162,0.026561731431382195,0.37327188940092165,1.2598700904572337
発生場所2=体育館・屋内運動場 | 被災学校種=中,和暦=令和,3,107,0.017543859649122806,0.2838196286472148,1.2598369105672222
性別=男 | 給付年度=26,場合別2=体育的部活動,3,101,0.016560091818330874,0.4297872340425532,1.259621499483677
発生場所1=学校内・校舎外（園内・園舎外） | 競技種目=サッカー・フットサル,被災学校種=中,3,112,0.01836366617478275,0.37966101694915255,1.2591367821494732
発生場所2=道路,被災学校種=高,2,146,0.023938350549270373,0.42565597667638483,1.2590086332440693
発生場所1=学校外（園外） | 発生場所2=道路,被災学校種=高,3,146,0.023938350549270373,0.42565597667638483,1.2590086332440693
給付年度=24,和暦=平成 | 発生場所1=学校内・校舎外（園内・園舎外）,3,124,0.02033120183636662,0.37462235649546827,1.258854959926094
発生場所2=体育館・屋内運動場 | 被災学校種=中,場合別1=課外指導,3,168,0.027545499262174127,0.44562334217506633,1.2588498211791244
和暦=令和 | 被災学校種=中,被災学年=2,3,151,0.024758157074930315,0.39018087855297157,1.2584416595952266
和暦=平成 | 場合別1=学校行事,被災学校種=中,3,88,0.01442859485161502,0.3793103448275862,1.2579737863531528
発生場所2=体育館・屋内運動場 | 競技種目=柔道,性別=男,3,77,0.012625020495163142,0.8850574712643678,1.257680689012437
場合別1=課外指導 | 被災学校種=中,発生場所1=学校内・校舎外（園内・園舎外）,3,391,0.06410887030660764,0.48034398034398035,1.256807351401946
場合別2=体育（保健体育） | 被災学年=3,被災学校種=高,3,116,0.019019511395310707,0.4249084249084249,1.2567975186791869
場合別2=体育（保健体育） | 被災学年=2,発生場所1=学校内・校舎内（園内・園舎内）,3,143,0.023446466633874407,0.5458015267175572,1.256641567176437
給付年度=5,被災学校種=高,2,113,0.01852762747991474,0.424812030075188,1.256512401274768
和暦=令和 | 給付年度=5,被災学校種=高,3,113,0.01852762747991474,0.424812030075188,1.256512401274768
被災学年=5 | 被災学校種=小,場合別1=各教科等,3,76,0.012461059190031152,0.25249169435215946,1.2560740977600493
性別=女 | 発生場所2=体育館・屋内運動場,場合別2=体育的部活動,3,153,0.025086079685194294,0.42857142857142855,1.2560582137708518
場合別2=体育的部活動,和暦=平成 | 被災学校種=中,3,622,0.10198393179209707,0.2988947621335896,1.255481511193363
和暦=平成 | 被災学校種=中,場合別2=体育的部活動,3,622,0.10198393179209707,0.4283746556473829,1.2554815111933628
場合別1=通学中,性別=女,2,122,0.02000327922610264,0.3719512195121951,1.2554125555090636
性別=女 | 発生場所1=学校内・校舎内（園内・園舎内）,場合別1=休憩時間,3,268,0.04394162977537301,0.28693790149892934,1.255404778509304
給付年度=30,性別=男 | 被災学年=2,3,96,0.01574028529267093,0.2865671641791045,1.2546827956413198
性別=男 | 給付年度=18,場合別1=休憩時間,3,78,0.01278898180029513,0.2867647058823529,1.2546470166258754
発生場所1=学校外（園外） | 被災学校種=高,被災学年=2,3,212,0.03475979668798164,0.3889908256880734,1.2546034087105022
競技種目=サッカー・フットサル,被災学校種=中,2,160,0.026233808821118216,0.37825059101654845,1.2544591379064323
場合別1=学校行事 | 性別=男,被災学校種=中,3,73,0.011969175274635186,0.37823834196891193,1.2544185142296866
場合別1=通学中,性別=男 | 被災学校種=小,3,68,0.011149368748975241,0.2073170731707317,1.2543916957026713
和暦=平成 | 発生場所2=道路,性別=女,3,97,0.01590424659780292,0.3716475095785441,1.2543874714551968
性別=男 | 発生場所2=学校外運動場・競技場,被災学年=3,3,90,0.014756517461878997,0.26706231454005935,1.2538976569513642
給付年度=22,和暦=平成 | 被災学校種=中,3,108,0.017707820954254796,0.2983425414364641,1.253161956075065
被災学年=6 | 被災学校種=小,性別=女,3,124,0.02033120183636662,0.3712574850299401,1.253071057663312
場合別1=各教科等 | 被災学年=3,発生場所1=学校内・校舎内（園内・園舎内）,3,191,0.03131660928020987,0.5441595441595442,1.2528611022382257
場合別2=授業終了後の特定時間中,性別=女,2,85,0.013936710936219052,0.37117903930131,1.2528062870496348
場合別1=休憩時間 | 場合別2=授業終了後の特定時間中,性別=女,3,85,0.013936710936219052,0.37117903930131,1.2528062870496348
場合別2=体育的部活動 | 発生場所2=学校外運動場・競技場,被災学年=3,3,96,0.01574028529267093,0.26666666666666666,1.2520400307929176
給付年度=1,被災学年=3,2,80,0.013116904410559108,0.26666666666666666,1.2520400307929176
和暦=令和 | 給付年度=1,被災学年=3,3,80,0.013116904410559108,0.26666666666666666,1.2520400307929176
場合別2=体育（保健体育） | 被災学校種=中,発生場所1=学校内・校舎内（園内・園舎内）,3,162,0.026561731431382195,0.5436241610738255,1.251628447863066
性別=男 | 給付年度=27,発生場所2=運動場・校庭（園庭）,3,105,0.01721593703885883,0.4430379746835443,1.251546367575237
和暦=平成 | 競技種目=サッカー・フットサル,発生場所1=学校外（園外）,3,76,0.012461059190031152,0.229607250755287,1.2514518519718458
給付年度=26,和暦=平成 | 被災学年=1,3,87,0.01426463354648303,0.271875,1.251445754716981
被災学年=2,被災学校種=高,2,800,0.13116904410559108,0.4230565838180857,1.2513201283736686
被災学校種=高,被災学年=2,2,800,0.13116904410559108,0.3879728419010669,1.2513201283736684
場合別2=体育（保健体育） | 性別=男,発生場所2=運動場・校庭（園庭）,3,264,0.04328578455484506,0.4429530201342282,1.2513063778594988
競技種目=サッカー・フットサル,和暦=平成 | 被災学校種=中,3,126,0.020659124446630595,0.2978723404255319,1.2511869175312114
給付年度=27,和暦=平成 | 発生場所1=学校内・校舎内（園内・園舎内）,3,142,0.023282505328742417,0.42011834319526625,1.2511239136464496
発生場所1=学校内・校舎内（園内・園舎内） | 被災学校種=幼,和暦=平成,3,63,0.010329562223315297,0.9692307692307692,1.251076923076923
被災学校種=中,場合別1=課外指導,2,814,0.13346450237743893,0.4426318651441001,1.2503991410439401
場合別1=課外指導,被災学校種=中,2,814,0.13346450237743893,0.3770264011116258,1.25039914104394
被災学校種=中,場合別2=体育的部活動 | 発生場所1=学校内・校舎外（園内・園舎外）,3,389,0.06378094769634367,0.2115280043501903,1.2501059094300493
場合別2=体育的部活動 | 発生場所1=学校内・校舎外（園内・園舎外）,被災学校種=中,3,389,0.06378094769634367,0.37693798449612403,1.250105909430049
場合別1=課外指導 | 被災学校種=中,発生場所2=体育館・屋内運動場,3,168,0.027545499262174127,0.20638820638820637,1.2500115896342312
和暦=令和 | 発生場所1=学校内・校舎外（園内・園舎外）,被災学校種=高,3,218,0.03574356451877357,0.42248062015503873,1.2496165384702138
場合別1=通学中 | 発生場所1=学校外（園外）,性別=女,3,121,0.019839317920970653,0.37003058103975534,1.2489300020816092
給付年度=27,場合別2=体育的部活動 | 発生場所2=運動場・校庭（園庭）,3,69,0.01131333005410723,0.20414201183431951,1.24880855584505
場合別1=学校行事,和暦=平成 | 被災学校種=中,3,88,0.01442859485161502,0.2972972972972973,1.2487714987714988
給付年度=20,和暦=平成 | 被災学校種=高,3,112,0.01836366617478275,0.3128491620111732,1.248734973237006
給付年度=18,和暦=平成 | 発生場所2=運動場・校庭（園庭）,3,134,0.021970814887686506,0.34271099744245526,1.2486226842303074
場合別1=課外指導 | 発生場所2=学校外運動場・競技場,被災学年=3,3,96,0.01574028529267093,0.2659279778393352,1.2485717758599733
場合別2=体育（保健体育）,発生場所1=学校内・校舎外（園内・園舎外）,2,427,0.07001147729135924,0.4770949720670391,1.2483064069656247
場合別1=各教科等 | 場合別2=体育（保健体育）,発生場所1=学校内・校舎外（園内・園舎外）,3,427,0.07001147729135924,0.4770949720670391,1.2483064069656247
発生場所1=学校内・校舎内（園内・園舎内） | 被災学校種=小,発生場所2=体育館・屋内運動場,3,176,0.02885718970323004,0.20608899297423888,1.2481993725420883
発生場所1=学校外（園外） | 被災学年=2,被災学校種=中,3,152,0.024922118380062305,0.37623762376237624,1.2477831796230194
性別=男,場合別2=体育的部活動 | 発生場所1=学校内・校舎外（園内・園舎外）,3,906,0.1485489424495819,0.21109040074557317,1.247519723010902
場合別2=体育的部活動 | 発生場所1=学校内・校舎外（園内・園舎外）,性別=男,3,906,0.1485489424495819,0.877906976744186,1.2475197230109019
性別=男,場合別2=体育的部活動 | 発生場所2=運動場・校庭（園庭）,3,875,0.14346614199049024,0.20386766076421248,1.2471302537622186
場合別2=体育的部活動 | 発生場所2=運動場・校庭（園庭）,性別=男,3,875,0.14346614199049024,0.8776328986960883,1.2471302537622186
発生場所2=体育館・屋内運動場 | 被災学校種=高,被災学年=2,3,167,0.027381537957042137,0.38657407407407407,1.2468087137904693
場合別1=休憩時間 | 被災学校種=小,発生場所2=運動場・校庭（園庭）,3,380,0.06230529595015576,0.4413472706155633,1.2467702656249748
被災学年=3 | 被災学校種=高,場合別2=体育的部活動,3,199,0.03262829972126578,0.4252136752136752,1.2462173018395988
場合別1=各教科等,和暦=平成 | 発生場所1=学校内・校舎内（園内・園舎内）,3,513,0.08411214953271028,0.4184339314845024,1.2461076895136622
和暦=平成 | 発生場所1=学校内・校舎内（園内・園舎内）,場合別1=各教科等,3,513,0.08411214953271028,0.25048828125,1.2461076895136622
給付年度=2,場合別1=課外指導 | 性別=男,3,113,0.01852762747991474,0.35202492211838005,1.2460824143934996
場合別1=休憩時間 | 被災学年=4,発生場所1=学校内・校舎内（園内・園舎内）,3,73,0.011969175274635186,0.5407407407407407,1.2449897235854201
競技種目=柔道,性別=男,2,113,0.01852762747991474,0.875968992248062,1.2447658163375885
場合別1=特別活動（除学校行事）,性別=女,2,111,0.01819970486965076,0.3687707641196013,1.2446778585309621
被災学校種=中,場合別2=体育的部活動 | 発生場所2=運動場・校庭（園庭）,3,374,0.06132152811936383,0.20337139749864055,1.2440944366541713
場合別2=体育的部活動 | 発生場所2=運動場・校庭（園庭）,被災学校種=中,3,374,0.06132152811936383,0.37512537612838515,1.2440944366541713
給付年度=30,和暦=平成 | 発生場所1=学校内・校舎外（園内・園舎外）,3,124,0.02033120183636662,0.3701492537313433,1.2438238559269765
発生場所2=教室（保育室）,和暦=平成 | 性別=女,3,202,0.03312018363666175,0.28815977175463625,1.2437979107795658
性別=男 | 発生場所2=道路,被災学年=1,3,80,0.013116904410559108,0.35714285714285715,1.2432729941291585
場合別1=課外指導,和暦=平成 | 被災学校種=中,3,639,0.10477127397934087,0.29597035664659566,1.2431977997159689
和暦=平成 | 被災学校種=中,場合別1=課外指導,3,639,0.10477127397934087,0.44008264462809915,1.2431977997159689
性別=男 | 給付年度=28,被災学年=1,3,76,0.012461059190031152,0.3568075117370892,1.242105601646408
被災学校種=中,発生場所2=体育館・屋内運動場,2,377,0.0618134120347598,0.20500271886895052,1.2416202406968513
被災学校種=中,発生場所1=学校内・校舎内（園内・園舎内） | 発生場所2=体育館・屋内運動場,3,377,0.0618134120347598,0.20500271886895052,1.2416202406968513
発生場所2=体育館・屋内運動場,被災学校種=中,2,377,0.0618134120347598,0.3743793445878848,1.241620240696851
発生場所1=学校内・校舎内（園内・園舎内） | 発生場所2=体育館・屋内運動場,被災学校種=中,3,377,0.0618134120347598,0.3743793445878848,1.241620240696851
給付年度=27,場合別2=体育的部活動 | 発生場所1=学校内・校舎外（園内・園舎外）,3,71,0.011641252664371209,0.21005917159763313,1.2414252786569424
給付年度=21,和暦=平成 | 発生場所2=運動場・校庭（園庭）,3,123,0.02016724053123463,0.3407202216066482,1.2413695529145445
和暦=令和 | 被災学校種=中,被災学年=1,3,138,0.02262666010821446,0.35658914728682173,1.241345439099501
和暦=平成 | 競技種目=サッカー・フットサル,被災学年=1,3,118,0.019347434005574683,0.3564954682779456,1.241019327070314
場合別2=昼食時休憩時間中,発生場所1=学校内・校舎外（園内・園舎外） | 発生場所2=運動場・校庭（園庭）,3,198,0.03246433841613379,0.43805309734513276,1.2409130704635227
給付年度=2,場合別1=課外指導,2,141,0.023118544023610427,0.4392523364485981,1.2408522464103753
和暦=令和 | 給付年度=2,場合別1=課外指導,3,141,0.023118544023610427,0.4392523364485981,1.2408522464103753
給付年度=27,場合別1=課外指導 | 発生場所2=運動場・校庭（園庭）,3,69,0.01131333005410723,0.20414201183431951,1.2401017232843772
性別=男,場合別1=課外指導 | 発生場所2=運動場・校庭（園庭）,3,876,0.14363010329562223,0.20410065237651445,1.2398504769366152
場合別1=課外指導 | 発生場所2=運動場・校庭（園庭）,性別=男,3,876,0.14363010329562223,0.8725099601593626,1.2398504769366152
給付年度=23,和暦=平成 | 発生場所2=運動場・校庭（園庭）,3,98,0.01606820790293491,0.3402777777777778,1.2397575667064915
和暦=令和 | 場合別2=体育的部活動,発生場所2=運動場・校庭（園庭）,3,226,0.03705525495982948,0.4388349514563107,1.2396731676387398
給付年度=29,和暦=平成 | 発生場所1=学校内・校舎内（園内・園舎内）,3,134,0.021970814887686506,0.4161490683229814,1.2393033045419255
給付年度=28,発生場所2=体育館・屋内運動場,2,63,0.010329562223315297,0.20454545454545456,1.23885077186964
和暦=平成 | 給付年度=28,発生場所2=体育館・屋内運動場,3,63,0.010329562223315297,0.20454545454545456,1.23885077186964
給付年度=28,発生場所1=学校内・校舎内（園内・園舎内） | 発生場所2=体育館・屋内運動場,3,63,0.010329562223315297,0.20454545454545456,1.23885077186964
給付年度=24,和暦=平成 | 性別=女,3,95,0.01557632398753894,0.28700906344410876,1.2388310530400704
性別=女 | 被災学年=1,被災学校種=中,3,189,0.030988686669945892,0.37351778656126483,1.2387629038809973
被災学校種=中,場合別1=課外指導 | 発生場所2=運動場・校庭（園庭）,3,375,0.06148548942449582,0.2039151712887439,1.238723734751045
場合別1=課外指導 | 発生場所2=運動場・校庭（園庭）,被災学校種=中,3,375,0.06148548942449582,0.37350597609561753,1.2387237347510447
場合別1=各教科等 | 発生場所2=体育館・屋内運動場,性別=女,3,164,0.02688965404164617,0.3668903803131991,1.2383311729552857
発生場所2=道路,被災学年=1,2,122,0.02000327922610264,0.3556851311953353,1.2381984104796517
発生場所1=学校外（園外） | 発生場所2=道路,被災学年=1,3,122,0.02000327922610264,0.3556851311953353,1.2381984104796517
和暦=令和 | 性別=男,場合別2=体育的部活動,3,414,0.06787998032464339,0.42244897959183675,1.2381145250026968
給付年度=18,和暦=平成 | 発生場所1=学校内・校舎外（園内・園舎外）,3,144,0.023610427939006393,0.36828644501278773,1.2375642028280949
場合別2=昼食時休憩時間中,発生場所2=運動場・校庭（園庭）,2,198,0.03246433841613379,0.43805309734513276,1.2374644931486636
場合別1=休憩時間 | 場合別2=昼食時休憩時間中,発生場所2=運動場・校庭（園庭）,3,198,0.03246433841613379,0.43805309734513276,1.2374644931486636
被災学年=3 | 被災学校種=高,場合別1=課外指導,3,205,0.033612067552057714,0.43803418803418803,1.2374110758779588
場合別1=休憩時間 | 被災学校種=中,被災学年=2,3,150,0.02459419576979833,0.3836317135549872,1.2373187842262647
和暦=令和 | 被災学年=2,発生場所1=学校外（園外）,3,96,0.01574028529267093,0.22695035460992907,1.23697069952275
発生場所2=体育館・屋内運動場,和暦=平成 | 被災学校種=高,3,312,0.05115592720118052,0.3098311817279047,1.2366887286377557
和暦=平成 | 被災学校種=高,発生場所2=体育館・屋内運動場,3,312,0.05115592720118052,0.20418848167539266,1.2366887286377557
被災学校種=中,場合別1=課外指導 | 発生場所1=学校内・校舎外（園内・園舎外）,3,391,0.06410887030660764,0.21261555193039697,1.2361699249032327
場合別1=課外指導 | 発生場所1=学校内・校舎外（園内・園舎外）,被災学校種=中,3,391,0.06410887030660764,0.37273593898951385,1.2361699249032327
給付年度=22,和暦=平成 | 性別=男,3,243,0.03984259714707329,0.6712707182320442,1.2361352990631755
性別=男,場合別1=課外指導 | 発生場所1=学校内・校舎外（園内・園舎外）,3,912,0.14953271028037382,0.2124883504193849,1.2354303614945934
場合別1=課外指導 | 発生場所1=学校内・校舎外（園内・園舎外）,性別=男,3,912,0.14953271028037382,0.8693994280266921,1.2354303614945934
給付年度=2,場合別1=課外指導 | 被災学校種=高,3,83,0.013608788325955074,0.2585669781931464,1.2339593114241
性別=男 | 競技種目=サッカー・フットサル,被災学年=1,3,140,0.022954582718478438,0.35443037974683544,1.2338304144269119
給付年度=5,性別=男 | 被災学校種=高,3,89,0.014592556156747007,0.33458646616541354,1.2337623078251858
場合別1=通学中 | 性別=男,被災学年=1,3,73,0.011969175274635186,0.35436893203883496,1.233616504854369
性別=女 | 被災学校種=中,被災学年=2,3,192,0.03148057058534186,0.38247011952191234,1.2335723209752212
性別=男 | 給付年度=2,被災学校種=高,3,98,0.01606820790293491,0.41702127659574467,1.2334688486699548
競技種目=バスケットボール,性別=男 | 被災学校種=中,3,63,0.010329562223315297,0.2703862660944206,1.2334224659011752
給付年度=25,和暦=平成 | 性別=女,3,88,0.01442859485161502,0.2857142857142857,1.2332423415225962
被災学年=1 | 被災学校種=高,和暦=令和,3,220,0.036071487129037544,0.2777777777777778,1.233017952450267
発生場所2=体育館・屋内運動場 | 被災学校種=高,和暦=令和,3,120,0.019675356615838663,0.2777777777777778,1.233017952450267
給付年度=30,和暦=平成 | 被災学年=3,3,69,0.01131333005410723,0.20597014925373133,1.2327889502438738
場合別2=昼食時休憩時間中 | 性別=男,発生場所1=学校内・校舎内（園内・園舎内）,3,174,0.02852926709296606,0.5353846153846153,1.232657897029358
競技種目=野球（含軟式） | 被災学校種=中,被災学年=3,3,63,0.010329562223315297,0.2625,1.2324769053117783
給付年度=1,被災学校種=高,2,125,0.020495163141498605,0.4166666666666667,1.2324199806013578
和暦=令和 | 給付年度=1,被災学校種=高,3,125,0.020495163141498605,0.4166666666666667,1.2324199806013578
性別=女 | 給付年度=19,発生場所1=学校内・校舎内（園内・園舎内）,3,61,0.01000163961305132,0.5350877192982456,1.231974329935825
給付年度=19,和暦=平成 | 被災学年=1,3,99,0.016232169208066895,0.26756756756756755,1.2316185619581845
場合別1=各教科等 | 被災学年=2,和暦=令和,3,96,0.01574028529267093,0.2774566473988439,1.2315924981699775
給付年度=24 | 被災学校種=高,性別=男,3,104,0.01705197573372684,0.8666666666666667,1.231547064305685
場合別1=通学中,被災学年=1,2,116,0.019019511395310707,0.35365853658536583,1.2311435015035082
場合別2=体育的部活動,発生場所2=体育館・屋内運動場,2,423,0.06935563207083129,0.20326765977895242,1.231111675264976
発生場所2=体育館・屋内運動場,場合別2=体育的部活動,2,423,0.06935563207083129,0.4200595829195631,1.231111675264976
発生場所2=体育館・屋内運動場,場合別1=課外指導 | 場合別2=体育的部活動,3,423,0.06935563207083129,0.4200595829195631,1.231111675264976
場合別1=課外指導 | 場合別2=体育的部活動,発生場所2=体育館・屋内運動場,3,423,0.06935563207083129,0.20326765977895242,1.231111675264976
場合別2=体育的部活動,発生場所1=学校内・校舎内（園内・園舎内） | 発生場所2=体育館・屋内運動場,3,423,0.06935563207083129,0.20326765977895242,1.231111675264976
発生場所1=学校内・校舎内（園内・園舎内） | 発生場所2=体育館・屋内運動場,場合別2=体育的部活動,3,423,0.06935563207083129,0.4200595829195631,1.231111675264976
発生場所2=体育館・屋内運動場 | 競技種目=バスケットボール,性別=女,3,62,0.01016560091818331,0.36470588235294116,1.2309580389986654
場合別1=休憩時間 | 被災学校種=小,性別=女,3,314,0.0514838498114445,0.36469221835075494,1.230911920155647
和暦=平成 | 場合別2=体育（保健体育）,発生場所2=運動場・校庭（園庭）,3,284,0.046565010657484834,0.43558282208588955,1.230486165772043
給付年度=18,被災学校種=小,2,133,0.021806853582554516,0.340153452685422,1.2304839311556282
和暦=平成 | 給付年度=18,被災学校種=小,3,133,0.021806853582554516,0.340153452685422,1.2304839311556282
競技種目=バスケットボール,和暦=平成 | 被災学年=2,3,69,0.01131333005410723,0.296137339055794,1.2303417104232204
場合別2=体育（保健体育） | 発生場所2=体育館・屋内運動場,被災学校種=中,3,161,0.026397770126250206,0.3709677419354839,1.2303057411987581
場合別1=各教科等 | 被災学校種=高,発生場所1=学校内・校舎内（園内・園舎内）,3,211,0.034595835382849646,0.5341772151898734,1.2298780050747595
性別=女 | 被災学年=2,発生場所1=学校内・校舎内（園内・園舎内）,3,266,0.04361370716510903,0.5341365461847389,1.229784369641647
給付年度=19,場合別1=休憩時間,2,104,0.01705197573372684,0.2810810810810811,1.2297801388188763
和暦=平成 | 給付年度=19,場合別1=休憩時間,3,104,0.01705197573372684,0.2810810810810811,1.2297801388188763
給付年度=29,場合別2=体育的部活動 | 発生場所1=学校内・校舎外（園内・園舎外）,3,67,0.010985407443843253,0.2080745341614907,1.2296963021811353
性別=女 | 発生場所2=運動場・校庭（園庭）,場合別1=各教科等,3,130,0.02131496966715855,0.24714828897338403,1.2294921814426338
場合別2=体育的部活動 | 発生場所1=学校内・校舎内（園内・園舎内）,被災学年=2,3,186,0.030496802754549926,0.38114754098360654,1.2293066380005373
給付年度=21,和暦=平成 | 発生場所1=学校内・校舎内（園内・園舎内）,3,149,0.02443023446466634,0.41274238227146814,1.2291581003289473
性別=男 | 給付年度=19,被災学年=3,3,67,0.010985407443843253,0.26171875,1.2288088192840647
和暦=令和 | 性別=男,場合別1=課外指導,3,426,0.06984751598622725,0.4346938775510204,1.2279749695153652
給付年度=19 | 被災学校種=小,発生場所1=学校内・校舎内（園内・園舎内）,3,64,0.010493523528447287,0.5333333333333333,1.2279350698376748
給付年度=29,場合別1=課外指導 | 発生場所1=学校内・校舎外（園内・園舎外）,3,68,0.011149368748975241,0.2111801242236025,1.227824192220926
場合別1=休憩時間 | 被災学年=5,発生場所1=学校内・校舎外（園内・園舎外）,3,61,0.01000163961305132,0.46923076923076923,1.2277299277299276
場合別2=昼食時休憩時間中,発生場所1=学校内・校舎内（園内・園舎内）,2,241,0.03951467453680931,0.5331858407079646,1.2275954860241134
場合別1=休憩時間 | 場合別2=昼食時休憩時間中,発生場所1=学校内・校舎内（園内・園舎内）,3,241,0.03951467453680931,0.5331858407079646,1.2275954860241134
競技種目=サッカー・フットサル,被災学年=2,2,161,0.026397770126250206,0.3806146572104019,1.2275879398869598
発生場所1=学校内・校舎内（園内・園舎内） | 被災学校種=高,場合別2=体育的部活動,3,271,0.04443351369076898,0.4188562596599691,1.2275849724488954
給付年度=28,和暦=平成 | 被災学年=2,3,91,0.014920478767010985,0.29545454545454547,1.2275049541738916
和暦=令和 | 場合別2=体育的部活動,被災学年=2,3,196,0.03213641580586982,0.38058252427184464,1.2274843022390165
被災学年=1 | 被災学校種=中,発生場所2=体育館・屋内運動場,3,122,0.02000327922610264,0.2026578073089701,1.227418040493951
性別=男 | 給付年度=26,場合別1=課外指導,3,102,0.016724053123462864,0.4340425531914894,1.2261350309934664
和暦=令和 | 被災学年=3,被災学校種=高,3,116,0.019019511395310707,0.4142857142857143,1.2253775807122074
和暦=平成 | 発生場所2=体育館・屋内運動場,被災学校種=中,3,270,0.04426955238563699,0.3693570451436389,1.2249639033882835
場合別1=休憩時間 | 被災学校種=小,発生場所1=学校内・校舎外（園内・園舎外）,3,403,0.0660764059681915,0.46806039488966317,1.224667674145026
発生場所2=学校外運動場・競技場 | 被災学校種=高,被災学年=2,3,93,0.015248401377274963,0.3795918367346939,1.2242890598862495
場合別1=通学中 | 発生場所1=学校外（園外）,被災学年=1,3,115,0.018855550090178717,0.3516819571865443,1.224262703699049
発生場所2=運動場・校庭（園庭） | 被災学校種=高,性別=男,3,702,0.11510083620265617,0.8613496932515338,1.2239915608436869
場合別1=通学中 | 発生場所2=道路,被災学校種=高,3,120,0.019675356615838663,0.41379310344827586,1.2239205324592795
発生場所1=学校内・校舎外（園内・園舎外） | 被災学校種=高,性別=男,3,749,0.12280701754385964,0.860919540229885,1.223380306584825
場合別2=体育的部活動 | 性別=女,被災学年=2,3,149,0.02443023446466634,0.3791348600508906,1.2228151832101435
給付年度=17,和暦=平成 | 被災学年=3,3,68,0.011149368748975241,0.2042042042042042,1.222219275212406
場合別2=体育的部活動 | 被災学校種=中,被災学年=1,3,278,0.0455812428266929,0.351010101010101,1.2219238619067385
発生場所1=学校内・校舎外（園内・園舎外） | 被災学校種=中,被災学年=2,3,253,0.04148221019839318,0.3787425149700599,1.2215497613973534
給付年度=27,場合別1=課外指導 | 発生場所1=学校内・校舎外（園内・園舎外）,3,71,0.011641252664371209,0.21005917159763313,1.2213068518340937
給付年度=28,性別=男 | 被災学校種=高,3,102,0.016724053123462864,0.33116883116883117,1.2211600370608835
場合別2=体育的部活動 | 発生場所2=体育館・屋内運動場,性別=女,3,153,0.025086079685194294,0.3617021276595745,1.2208197435504953
発生場所2=道路,和暦=平成 | 性別=女,3,97,0.01590424659780292,0.282798833819242,1.2206582359968554
給付年度=29,場合別1=各教科等,2,79,0.01295294310542712,0.2453416149068323,1.2205044937330913
和暦=平成 | 給付年度=29,場合別1=各教科等,3,79,0.01295294310542712,0.2453416149068323,1.2205044937330913
被災学年=4,和暦=平成 | 発生場所1=学校内・校舎内（園内・園舎内）,3,150,0.02459419576979833,0.4098360655737705,1.2205030097336065
場合別1=課外指導 | 競技種目=柔道,性別=男,3,79,0.01295294310542712,0.8586956521739131,1.2202201264232748
場合別2=体育的部活動 | 競技種目=柔道,性別=男,3,79,0.01295294310542712,0.8586956521739131,1.2202201264232748
場合別1=課外指導 | 発生場所1=学校内・校舎内（園内・園舎内）,被災学年=2,3,202,0.03312018363666175,0.3782771535580524,1.2200488416449293
場合別1=課外指導 | 発生場所1=学校内・校舎内（園内・園舎内）,性別=女,3,193,0.03164453189047385,0.36142322097378277,1.2198783756054794
給付年度=2,場合別2=体育的部活動 | 被災学校種=高,3,80,0.013116904410559108,0.24922118380062305,1.218925421010425
性別=女 | 被災学年=3,発生場所2=体育館・屋内運動場,3,72,0.011805213969503197,0.2011173184357542,1.218087909771266
場合別2=体育的部活動 | 給付年度=25,性別=男,3,90,0.014756517461878997,0.8571428571428571,1.2180135800825456
和暦=平成 | 発生場所2=教室（保育室）,性別=女,3,202,0.03312018363666175,0.3607142857142857,1.2174855719819748
性別=男 | 発生場所2=体育館・屋内運動場,場合別2=体育的部活動,3,270,0.04426955238563699,0.4153846153846154,1.2174102687317487
発生場所2=運動場・校庭（園庭） | 被災学校種=中,被災学年=2,3,234,0.038366945400885394,0.3774193548387097,1.2172822026236332
場合別2=体育（保健体育） | 被災学校種=小,発生場所2=運動場・校庭（園庭）,3,106,0.01737989834399082,0.43089430894308944,1.2172414961759623
発生場所2=道路,性別=男 | 被災学校種=小,3,69,0.01131333005410723,0.20116618075801748,1.2171751353602664
場合別1=各教科等 | 発生場所2=体育館・屋内運動場,被災学校種=中,3,164,0.02688965404164617,0.3668903803131991,1.2167832678250141
場合別1=休憩時間 | 被災学校種=小,発生場所1=学校内・校舎内（園内・園舎内）,3,455,0.07460239383505493,0.5284552845528455,1.2167039563940374
場合別2=体育（保健体育） | 被災学校種=高,和暦=令和,3,91,0.014920478767010985,0.2740963855421687,1.2166767506708056
発生場所2=体育館・屋内運動場,和暦=令和,2,276,0.04525332021642892,0.2740814299900695,1.216610364999588
和暦=令和,発生場所2=体育館・屋内運動場,2,276,0.04525332021642892,0.20087336244541484,1.216610364999588
和暦=令和,発生場所1=学校内・校舎内（園内・園舎内） | 発生場所2=体育館・屋内運動場,3,276,0.04525332021642892,0.20087336244541484,1.216610364999588
発生場所1=学校内・校舎内（園内・園舎内） | 発生場所2=体育館・屋内運動場,和暦=令和,3,276,0.04525332021642892,0.2740814299900695,1.216610364999588
給付年度=22,和暦=平成 | 被災学年=2,3,106,0.01737989834399082,0.292817679558011,1.2165497463380854
場合別2=体育（保健体育）,和暦=平成 | 発生場所1=学校内・校舎外（園内・園舎外）,3,324,0.05312346286276439,0.36201117318435755,1.2164772150145435
場合別1=休憩時間 | 被災学年=1,被災学校種=中,3,128,0.020987047056894574,0.3667621776504298,1.216358086726466
発生場所2=学校外運動場・競技場,和暦=平成 | 被災学年=3,3,76,0.012461059190031152,0.20320855614973263,1.216260043137605
給付年度=26,和暦=平成 | 被災学校種=小,3,85,0.013936710936219052,0.265625,1.2162514076576576
給付年度=21,和暦=平成 | 被災学校種=高,3,110,0.018035743564518772,0.3047091412742382,1.2162441443923944
発生場所2=学校外運動場・競技場,和暦=平成 | 性別=男,3,247,0.040498442367601244,0.660427807486631,1.216168236069131
発生場所1=学校内・校舎内（園内・園舎内） | 被災学校種=中,被災学年=3,3,217,0.03557960321364158,0.25894988066825775,1.215808562121404
和暦=令和,場合別1=課外指導 | 被災学校種=高,3,350,0.0573864567961961,0.2547307132459971,1.2156515024157561
場合別1=課外指導 | 被災学校種=高,和暦=令和,3,350,0.0573864567961961,0.27386541471048514,1.2156515024157561
給付年度=5,場合別1=各教科等,2,65,0.010657484833579275,0.24436090225563908,1.2156257282684688
和暦=令和 | 給付年度=5,場合別1=各教科等,3,65,0.010657484833579275,0.24436090225563908,1.2156257282684688
被災学年=4 | 被災学校種=小,性別=女,3,94,0.015412362682406953,0.36015325670498083,1.2155919826473038
和暦=平成 | 場合別2=授業終了後の特定時間中,被災学校種=中,3,70,0.011477291359239219,0.36649214659685864,1.215462535124655
場合別1=課外指導 | 発生場所2=体育館・屋内運動場,性別=女,3,153,0.025086079685194294,0.36,1.2150747094631986
発生場所1=学校内・校舎内（園内・園舎内） | 競技種目=バスケットボール,性別=女,3,63,0.010329562223315297,0.36,1.2150747094631986
場合別2=昼食時休憩時間中 | 性別=女,発生場所1=学校内・校舎内（園内・園舎内）,3,67,0.010985407443843253,0.5275590551181102,1.2146404972311644
場合別2=体育（保健体育） | 被災学校種=高,被災学年=2,3,125,0.020495163141498605,0.37650602409638556,1.2143364574108173
給付年度=2,場合別2=体育的部活動,2,133,0.021806853582554516,0.4143302180685358,1.2143200384430561
和暦=令和 | 給付年度=2,場合別2=体育的部活動,3,133,0.021806853582554516,0.4143302180685358,1.2143200384430561
給付年度=2,場合別1=課外指導 | 場合別2=体育的部活動,3,133,0.021806853582554516,0.4143302180685358,1.2143200384430561
場合別1=課外指導 | 発生場所2=体育館・屋内運動場,被災学年=2,3,160,0.026233808821118216,0.3764705882352941,1.2142221669207078
性別=男 | 給付年度=30,場合別1=課外指導,3,104,0.01705197573372684,0.4297520661157025,1.2140147527742795
性別=男 | 給付年度=20,場合別1=各教科等,3,61,0.01000163961305132,0.244,1.2138303425774877
性別=男 | 給付年度=24,被災学年=3,3,61,0.01000163961305132,0.2584745762711864,1.2135769366266096
給付年度=5,場合別2=体育的部活動 | 被災学校種=高,3,66,0.010821446138711265,0.24812030075187969,1.2135410699965632
和暦=令和 | 場合別1=各教科等,被災学校種=小,3,105,0.01721593703885883,0.3354632587859425,1.213517446818187
性別=男 | 給付年度=19,場合別1=休憩時間,3,71,0.011641252664371209,0.27734375,1.2134286450860832
給付年度=24,被災学校種=小,2,111,0.01819970486965076,0.33534743202416917,1.2130984507208824
和暦=平成 | 給付年度=24,被災学校種=小,3,111,0.01819970486965076,0.33534743202416917,1.2130984507208824
被災学校種=高,和暦=平成 | 被災学年=2,3,602,0.09870470568945729,0.29194956353055285,1.2129430435782302
和暦=平成 | 被災学年=2,被災学校種=高,3,602,0.09870470568945729,0.4100817438692098,1.21294304357823
場合別1=各教科等 | 性別=女,和暦=令和,3,112,0.01836366617478275,0.2731707317073171,1.2125678986047503
発生場所1=学校外（園外） | 被災学校種=中,被災学年=3,3,86,0.014100672241351041,0.25825825825825827,1.212561291083231
場合別2=体育的部活動 | 発生場所2=体育館・屋内運動場,被災学年=2,3,159,0.026069847515986226,0.375886524822695,1.2123384002610347
被災学年=5,和暦=平成 | 発生場所1=学校内・校舎内（園内・園舎内）,3,164,0.02688965404164617,0.40694789081885857,1.2119019463399503
性別=男 | 給付年度=30,場合別2=体育的部活動,3,100,0.016396130513198885,0.4132231404958678,1.2110754127267167
性別=女 | 発生場所2=体育館・屋内運動場,場合別1=課外指導,3,153,0.025086079685194294,0.42857142857142855,1.210679547409515
場合別1=学校行事,和暦=平成 | 性別=女,3,83,0.013608788325955074,0.28040540540540543,1.2103273655821427
和暦=令和,場合別2=体育的部活動 | 被災学校種=高,3,340,0.05574684374487621,0.24745269286754004,1.2102758410578403
場合別2=体育的部活動 | 被災学校種=高,和暦=令和,3,340,0.05574684374487621,0.272654370489174,1.21027584105784
発生場所2=道路,和暦=平成 | 被災学校種=高,3,104,0.01705197573372684,0.3032069970845481,1.2102483476561905
給付年度=28,被災学校種=高,2,126,0.020659124446630595,0.4090909090909091,1.210012344590424
和暦=平成 | 給付年度=28,被災学校種=高,3,126,0.020659124446630595,0.4090909090909091,1.210012344590424
給付年度=19 | 被災学校種=高,性別=男,3,86,0.014100672241351041,0.8514851485148515,1.209973886484641
場合別2=昼食時休憩時間中,発生場所1=学校内・校舎外（園内・園舎外）,2,209,0.03426791277258567,0.46238938053097345,1.2098296146968712
場合別1=休憩時間 | 場合別2=昼食時休憩時間中,発生場所1=学校内・校舎外（園内・園舎外）,3,209,0.03426791277258567,0.46238938053097345,1.2098296146968712
場合別1=休憩時間 | 被災学年=1,性別=女,3,125,0.020495163141498605,0.35816618911174786,1.2088852171513838
給付年度=2,被災学校種=中,2,117,0.019183472700442697,0.3644859813084112,1.2088091353996737
和暦=令和 | 給付年度=2,被災学校種=中,3,117,0.019183472700442697,0.3644859813084112,1.2088091353996737
給付年度=28,性別=男 | 被災学年=1,3,76,0.012461059190031152,0.24675324675324675,1.2078234766838298
性別=男 | 給付年度=2,被災学年=2,3,88,0.01442859485161502,0.37446808510638296,1.2077635383732572
発生場所2=運動場・校庭（園庭） | 競技種目=サッカー・フットサル,被災学年=1,3,102,0.016724053123462864,0.3469387755102041,1.2077509085826112
和暦=令和 | 場合別1=各教科等,性別=女,3,112,0.01836366617478275,0.35782747603833864,1.2077419902367612
場合別2=昼食時休憩時間中 | 性別=男,発生場所1=学校内・校舎外（園内・園舎外）,3,150,0.02459419576979833,0.46153846153846156,1.2076032076032077
和暦=平成 | 場合別1=学校行事,性別=女,3,83,0.013608788325955074,0.3577586206896552,1.2075095891456598
性別=男 | 競技種目=野球（含軟式）,発生場所1=学校外（園外）,3,163,0.026725692736514182,0.22146739130434784,1.2070863445623032
場合別1=通学中,和暦=平成 | 被災学年=1,3,86,0.014100672241351041,0.2621951219512195,1.2068890934192362
給付年度=29,和暦=平成 | 性別=女,3,90,0.014756517461878997,0.2795031055900621,1.2064327254025398
場合別1=課外指導 | 被災学校種=中,被災学年=1,3,282,0.046237088047220855,0.3464373464373464,1.2060053515532967
場合別1=各教科等 | 発生場所1=学校内・校舎内（園内・園舎内）,性別=女,3,249,0.04082636497786522,0.35724533715925394,1.2057771507107304
場合別2=体育（保健体育）,和暦=令和,2,243,0.03984259714707329,0.27150837988826815,1.2051889439145178
場合別1=各教科等 | 場合別2=体育（保健体育）,和暦=令和,3,243,0.03984259714707329,0.27150837988826815,1.2051889439145178
和暦=令和 | 場合別1=課外指導,被災学年=2,3,201,0.03295622233152976,0.3736059479553903,1.2049829067054074
和暦=令和 | 発生場所1=学校外（園外）,被災学年=2,3,96,0.01574028529267093,0.3735408560311284,1.2047729671781344
性別=男 | 給付年度=3,被災学校種=高,3,79,0.01295294310542712,0.4072164948453608,1.204468187226894
給付年度=2,場合別2=体育的部活動 | 性別=男,3,107,0.017543859649122806,0.3333333333333333,1.2043838862559242
発生場所1=学校内・校舎外（園内・園舎外） | 競技種目=サッカー・フットサル,被災学年=1,3,102,0.016724053123462864,0.34576271186440677,1.20365683770606
和暦=平成 | 競技種目=柔道,性別=男,3,83,0.013608788325955074,0.8469387755102041,1.2035134184148963
給付年度=30,被災学年=2,2,125,0.020495163141498605,0.373134328358209,1.2034618025683324
和暦=平成 | 給付年度=30,被災学年=2,3,125,0.020495163141498605,0.373134328358209,1.2034618025683324
性別=男,場合別2=体育的部活動 | 被災学校種=高,3,1056,0.17314313821938024,0.24603914259086673,1.2033622539388102
場合別2=体育的部活動 | 被災学校種=高,性別=男,3,1056,0.17314313821938024,0.846832397754611,1.20336225393881
性別=男 | 給付年度=27,発生場所1=学校内・校舎外（園内・園舎外）,3,109,0.017871782259386786,0.459915611814346,1.2033570641165576
発生場所2=体育館・屋内運動場 | 被災学年=2,性別=女,3,123,0.02016724053123463,0.3565217391304348,1.2033348571978537
場合別1=各教科等 | 性別=女,被災学年=3,3,105,0.01721593703885883,0.25609756097560976,1.2024164929871008
給付年度=5,場合別1=課外指導 | 被災学校種=高,3,67,0.010985407443843253,0.2518796992481203,1.2020456069751846
場合別2=体育（保健体育） | 発生場所1=学校内・校舎内（園内・園舎内）,被災学校種=中,3,162,0.026561731431382195,0.3624161073825503,1.2019444474856846
場合別1=休憩時間 | 被災学年=4,発生場所1=学校内・校舎外（園内・園舎外）,3,62,0.01016560091818331,0.45925925925925926,1.2016397349730683
競技種目=サッカー・フットサル,被災学年=1,2,146,0.023938350549270373,0.34515366430260047,1.2015366430260048
給付年度=2,性別=男 | 被災学年=2,3,88,0.01442859485161502,0.27414330218068533,1.2002871500358936
場合別1=学校行事,和暦=平成 | 被災学校種=高,3,89,0.014592556156747007,0.30067567567567566,1.2001445981321635
