単語,総出現回数,出現事例数,事例出現率（％）,頻度順位
部,2159,1836,30.1033,1
練習,1865,1606,26.3322,2
眼,1772,1467,24.0531,3
ボール,1621,1221,20.0197,4
当たる,1359,1297,21.2658,5
れる,1316,1158,18.9867,6
負傷,1261,1259,20.6427,7
転倒,890,856,14.0351,8
相手,824,696,11.4117,9
残る,816,794,13.0185,10
試合,791,728,11.9364,11
友人,770,570,9.3458,12
場,756,729,11.9528,13
体育,742,722,11.838,14
時間,704,698,11.4445,15
運動,700,669,10.969,16
走る,681,589,9.6573,17
打つ,663,632,10.3624,18
しまう,654,558,9.149,19
顔面,586,550,9.0179,20
くる,574,548,8.9851,21
手,570,510,8.362,22
足,568,525,8.608,23
倒れる,559,525,8.608,24
教室,555,485,7.9521,25
強打,514,508,8.3292,26
野球,507,497,8.1489,27
遊ぶ,494,470,7.7062,28
体育館,494,462,7.575,29
強い,458,446,7.3127,30
人,441,365,5.9846,31
ガラス,438,253,4.1482,32
救急,433,390,6.3945,33
ぶつかる,427,409,6.706,34
サッカー,423,401,6.5748,35
バランス,415,409,6.706,36
障害,405,340,5.5747,37
崩す,397,396,6.4929,38
蹴る,395,370,6.0666,39
骨折,391,369,6.0502,40
投げる,391,347,5.6895,41
直撃,390,389,6.3781,42
右手,389,339,5.5583,43
搬送,389,389,6.3781,44
指,388,253,4.1482,45
休憩,377,373,6.1158,46
頭部,366,325,5.3287,47
手術,357,335,5.4927,48
膝,357,309,5.0664,49
治療,345,339,5.5583,50
地面,342,328,5.3779,51
廊下,340,290,4.7549,52
室,324,299,4.9024,53
頭,311,281,4.6073,54
床,300,274,4.4925,55
ぶつける,300,297,4.8697,56
左手,297,258,4.2302,57
性,294,246,4.0334,58
入る,292,273,4.4761,59
顔,288,268,4.3942,60
瘢痕,286,284,4.6565,61
滑る,283,276,4.5253,62
持つ,283,252,4.1318,63
打球,282,267,4.3778,64
切る,281,273,4.4761,65
られる,273,243,3.9843,66
受診,272,261,4.2794,67
行く,270,259,4.2466,68
車,269,240,3.9351,69
状態,268,253,4.1482,70
病院,267,257,4.2138,71
頬,265,243,3.9843,72
バッティング,262,231,3.7875,73
落下,262,252,4.1318,74
額,259,243,3.9843,75
落ちる,257,244,4.0007,76
取る,251,243,3.9843,77
つく,251,242,3.9679,78
機能,250,221,3.6235,79
本,249,182,2.9841,80
保育,248,181,2.9677,81
自転車,247,177,2.9021,82
出る,244,237,3.8859,83
肘,241,196,3.2136,84
残存,240,240,3.9351,85
部分,239,225,3.6891,86
児,237,148,2.4266,87
選手,232,199,3.2628,88
球,232,182,2.9841,89
外,229,218,3.5744,90
ドア,227,135,2.2135,91
終了,226,224,3.6727,92
窓,225,157,2.5742,93
意識,223,207,3.394,94
外傷,220,189,3.0989,95
近く,217,211,3.4596,96
せる,216,207,3.394,97
目,216,185,3.0333,98
負う,211,210,3.4432,99
ｍ,210,178,2.9185,100
階段,209,151,2.4758,101
付近,208,206,3.3776,102
かける,208,203,3.3284,103
バスケットボール,206,202,3.312,104
飛ぶ,204,198,3.2464,105
体,198,188,3.0825,106
割れる,197,189,3.0989,107
失う,195,191,3.1317,108
準備,194,187,3.0661,109
ネット,192,147,2.4102,110
歩く,188,179,2.9349,111
状,188,186,3.0497,112
痛み,185,164,2.689,113
マット,181,140,2.2955,114
ふざける,180,175,2.8693,115
衝突,177,173,2.8365,116
下校,176,173,2.8365,117
後ろ,174,164,2.689,118
接触,174,171,2.8037,119
ゴール,171,124,2.0331,120
鬼ごっこ,170,166,2.7218,121
顎,169,148,2.4266,122
前額,167,145,2.3774,123
角,167,164,2.689,124
線,165,164,2.689,125
校庭,164,156,2.5578,126
乗る,164,157,2.5742,127
視力,164,162,2.6562,128
関節,162,137,2.2463,129
押す,159,145,2.3774,130
かかる,159,157,2.5742,131
側,158,143,2.3446,132
痕,158,158,2.5906,133
間,157,153,2.5086,134
右足,157,137,2.2463,135
転落,156,149,2.443,136
階,156,110,1.8036,137
向かう,155,154,2.525,138
登校,155,144,2.361,139
内,155,151,2.4758,140
戻る,153,147,2.4102,141
チーム,153,141,2.3119,142
昼食,152,152,2.4922,143
大会,151,148,2.4266,144
出血,149,142,2.3283,145
横,149,143,2.3446,146
座る,148,134,2.1971,147
見る,148,137,2.2463,148
首,147,130,2.1315,149
挟む,147,146,2.3938,150
着地,146,138,2.2627,151
友達,145,113,1.8528,152
移動,145,140,2.2955,153
机,145,89,1.4593,154
大腿,145,115,1.8856,155
途中,144,141,2.3119,156
プール,143,87,1.4265,157
背中,142,128,2.0987,158
口,142,131,2.1479,159
打撲,141,139,2.2791,160
誤る,140,139,2.2791,161
後方,138,132,2.1643,162
痛める,136,135,2.2135,163
追いかける,136,128,2.0987,164
遊び,135,131,2.1479,165
左足,135,118,1.9347,166
ほお,135,118,1.9347,167
動,135,85,1.3937,168
シュート,134,116,1.902,169
細,134,84,1.3773,170
腰,133,121,1.9839,171
シャトル,131,101,1.656,172
小指,129,115,1.8856,173
前方,127,124,2.0331,174
転ぶ,127,123,2.0167,175
耳,126,100,1.6396,176
つまずく,126,125,2.0495,177
トイレ,125,101,1.656,178
捕る,125,108,1.7708,179
グラウンド,125,122,2.0003,180
骨,125,104,1.7052,181
回,124,98,1.6068,182
さ,123,114,1.8692,183
教員,123,98,1.6068,184
台,122,91,1.492,185
減退,122,121,1.9839,186
腕,122,105,1.7216,187
出す,121,114,1.8692,188
鉄棒,120,80,1.3117,189
昼休み,119,119,1.9511,190
除,119,81,1.3281,191
先,117,110,1.8036,192
バット,115,95,1.5576,193
柔道,114,106,1.738,194
名,114,94,1.5412,195
瞳,113,111,1.82,196
ゲーム,112,100,1.6396,197
散る,112,111,1.82,198
部員,111,98,1.6068,199
立つ,111,107,1.7544,200
切れる,111,110,1.8036,201
眼球,111,107,1.7544,202
AED,111,100,1.6396,203
ソフトボール,110,107,1.7544,204
勢い,110,108,1.7708,205
作業,110,91,1.492,206
扉,110,67,1.0985,207
使う,109,107,1.7544,208
逃げる,108,102,1.6724,209
隣,108,102,1.6724,210
園,108,104,1.7052,211
ない,108,95,1.5576,212
体操,107,104,1.7052,213
男子,106,92,1.5084,214
ろ,106,100,1.6396,215
疼痛,106,106,1.738,216
バドミントン,106,105,1.7216,217
指導,105,93,1.5248,218
おる,105,102,1.6724,219
清掃,105,97,1.5904,220
挫創,105,101,1.656,221
切断,105,97,1.5904,222
道路,104,97,1.5904,223
打ちつける,104,104,1.7052,224
振る,104,100,1.6396,225
気付く,104,102,1.6724,226
急,104,100,1.6396,227
心肺,104,96,1.574,228
競技,103,92,1.5084,229
コンクリート,103,98,1.6068,230
入れる,103,98,1.6068,231
壁,103,99,1.6232,232
使用,103,95,1.5576,233
拾う,103,98,1.6068,234
両手,102,92,1.5084,235
左腕,102,94,1.5412,236
朝,101,99,1.6232,237
ノック,101,89,1.4593,238
置く,101,96,1.574,239
訴える,100,96,1.574,240
うし,100,94,1.5412,241
打ち付ける,100,100,1.6396,242
守備,100,94,1.5412,243
左側,99,97,1.5904,244
力,99,98,1.6068,245
支柱,99,69,1.1313,246
脳,99,90,1.4757,247
等,98,95,1.5576,248
ピッチャー,98,92,1.5084,249
跳ぶ,98,84,1.3773,250
後頭部,97,94,1.5412,251
クラス,97,93,1.5248,252
コート,97,81,1.3281,253
身体,97,86,1.4101,254
鼻,96,90,1.4757,255
高い,96,91,1.492,256
校舎,96,83,1.3609,257
麻痺,96,92,1.5084,258
視野,96,91,1.492,259
股間,96,95,1.5576,260
参加,95,92,1.5084,261
右腕,95,86,1.4101,262
腹部,95,89,1.4593,263
低下,93,93,1.5248,264
特定,93,93,1.5248,265
入院,92,90,1.4757,266
形,92,89,1.4593,267
転,92,76,1.2461,268
来る,91,90,1.4757,269
担任,90,67,1.0985,270
バレーボール,90,87,1.4265,271
離れる,90,86,1.4101,272
きれる,90,90,1.4757,273
バッター,90,82,1.3445,274
跳ね返る,90,89,1.4593,275
回転,89,76,1.2461,276
右側,88,85,1.3937,277
終わる,88,86,1.4101,278
醜状,88,88,1.4429,279
段,87,66,1.0821,280
会,87,85,1.3937,281
一緒,87,83,1.3609,282
昇降,87,77,1.2625,283
前腕,87,75,1.2297,284
学習,84,79,1.2953,285
木,84,61,1.0002,286
損傷,84,81,1.3281,287
視,84,84,1.3773,288
降りる,83,79,1.2953,289
他校,83,82,1.3445,290
祭,83,80,1.3117,291
給食,83,75,1.2297,292
上げる,83,80,1.3117,293
的,83,80,1.3117,294
底,82,81,1.3281,295
中指,82,72,1.1805,296
後日,82,82,1.3445,297
思う,81,80,1.3117,298
用,81,78,1.2789,299
上がる,81,78,1.2789,300
庭,80,78,1.2789,301
閉める,79,72,1.1805,302
調節,79,78,1.2789,303
肩,78,75,1.2297,304
組,78,74,1.2133,305
棒,78,53,0.869,306
別,78,78,1.2789,307
板,78,64,1.0494,308
器,77,69,1.1313,309
殴る,76,72,1.1805,310
いく,76,75,1.2297,311
分,76,65,1.0657,312
合う,76,72,1.1805,313
実習,76,66,1.0821,314
複,76,76,1.2461,315
テニス,75,59,0.9674,316
技,75,69,1.1313,317
当たり,75,75,1.2297,318
石,75,50,0.8198,319
距離,75,75,1.2297,320
植込み,75,75,1.2297,321
様子,74,72,1.1805,322
者,74,64,1.0494,323
水,73,62,1.0166,324
感覚,73,72,1.1805,325
圧迫,72,71,1.1641,326
感じる,71,66,1.0821,327
遊具,71,57,0.9346,328
方向,71,67,1.0985,329
下腿,71,60,0.9838,330
始業,71,71,1.1641,331
パス,70,67,1.0985,332
水泳,70,65,1.0657,333
裂傷,70,69,1.1313,334
一部,70,69,1.1313,335
形式,70,70,1.1477,336
m,69,57,0.9346,337
打者,69,64,1.0494,338
倒立,69,53,0.869,339
椅子,69,46,0.7542,340
追う,69,65,1.0657,341
左目,69,65,1.0657,342
蘇生,69,65,1.0657,343
声,68,63,1.033,344
そう,67,67,1.0985,345
教諭,67,58,0.951,346
終える,67,67,1.0985,347
とる,67,66,1.0821,348
呼吸,67,59,0.9674,349
ジャンプ,66,63,1.033,350
開ける,66,63,1.033,351
体重,66,62,1.0166,352
～,65,60,0.9838,353
傷,65,65,1.0657,354
捻る,65,65,1.0657,355
保健,65,65,1.0657,356
停止,65,63,1.033,357
陸上,64,63,1.033,358
悪い,64,63,1.033,359
支える,64,56,0.9182,360
周,64,42,0.6886,361
薬指,64,58,0.951,362
端,64,59,0.9674,363
ランニング,64,61,1.0002,364
学級,63,61,1.0002,365
左上,63,58,0.951,366
けんか,63,56,0.9182,367
タックル,63,57,0.9346,368
高次,63,63,1.033,369
帰宅,62,60,0.9838,370
前のめり,62,61,1.0002,371
待つ,62,59,0.9674,372
飛び込む,62,55,0.9018,373
創,62,59,0.9674,374
眼窩,62,60,0.9838,375
変形,62,62,1.0166,376
痛い,61,58,0.951,377
キャッチボール,61,59,0.9674,378
科,61,60,0.9838,379
始める,61,60,0.9838,380
確認,61,58,0.951,381
外れる,61,60,0.9838,382
玄関,61,52,0.8526,383
下肢,61,56,0.9182,384
離す,60,57,0.9346,385
放課後,60,60,0.9838,386
辺り,60,60,0.9838,387
打撃,60,56,0.9182,388
運ぶ,60,57,0.9346,389
振り向く,60,60,0.9838,390
マシン,60,44,0.7214,391
塁,59,33,0.5411,392
戸,59,45,0.7378,393
送球,59,54,0.8854,394
立ち上がる,59,53,0.869,395
眉,59,55,0.9018,396
ラグビー,59,59,0.9674,397
段差,58,53,0.869,398
直後,58,58,0.951,399
席,58,49,0.8034,400
出場,58,58,0.951,401
突っ込む,58,55,0.9018,402
ラケット,57,47,0.7706,403
つける,57,56,0.9182,404
補助,57,44,0.7214,405
上部,57,54,0.8854,406
起こす,57,56,0.9182,407
破片,57,54,0.8854,408
トレーニング,57,53,0.869,409
トス,57,46,0.7542,410
ICD,57,57,0.9346,411
失敗,56,56,0.9182,412
手首,56,54,0.8854,413
休み,55,54,0.8854,414
製,55,53,0.869,415
避ける,55,53,0.869,416
場所,55,53,0.869,417
歯,55,54,0.8854,418
頚部,55,45,0.7378,419
刺さる,55,53,0.869,420
つかむ,55,52,0.8526,421
ブランコ,54,29,0.4755,422
激しい,54,54,0.8854,423
あたり,54,54,0.8854,424
実験,54,43,0.705,425
受傷,54,54,0.8854,426
症,54,48,0.787,427
爪,54,52,0.8526,428
鬼,54,43,0.705,429
直接,53,53,0.869,430
ベース,53,45,0.7378,431
周辺,53,51,0.8362,432
ハンドボール,53,51,0.8362,433
深い,53,53,0.869,434
人差し指,53,50,0.8198,435
至近,53,53,0.869,436
瞬間,52,52,0.8526,437
位,52,48,0.787,438
登る,52,49,0.8034,439
ブロック,52,42,0.6886,440
日,52,51,0.8362,441
崩れる,52,50,0.8198,442
向ける,52,52,0.8526,443
傘,52,34,0.5575,444
大きい,52,51,0.8362,445
開始,52,45,0.7378,446
側溝,51,39,0.6394,447
激突,51,51,0.8362,448
掃除,51,41,0.6722,449
欠損,51,49,0.8034,450
引っ張る,51,47,0.7706,451
要請,51,50,0.8198,452
頭痛,50,47,0.7706,453
ｃｍ,50,44,0.7214,454
動く,50,48,0.787,455
ゴールキーパー,50,49,0.8034,456
見える,50,49,0.8034,457
かけっこ,50,48,0.787,458
叩く,49,42,0.6886,459
言う,49,44,0.7214,460
次,49,47,0.7706,461
先端,49,46,0.7542,462
話,48,46,0.7542,463
ティー,48,46,0.7542,464
スキー,48,30,0.4919,465
挟まる,48,48,0.787,466
止める,48,45,0.7378,467
体勢,48,48,0.787,468
手すり,48,41,0.6722,469
足首,48,47,0.7706,470
開く,48,42,0.6886,471
cm,48,40,0.6558,472
睾丸,48,45,0.7378,473
投手,47,45,0.7378,474
教師,47,41,0.6722,475
コース,47,37,0.6067,476
脇,47,46,0.7542,477
転がる,47,47,0.7706,478
並ぶ,47,46,0.7542,479
網膜,47,38,0.6231,480
作る,46,45,0.7378,481
防,46,38,0.6231,482
サイド,46,42,0.6886,483
全身,46,45,0.7378,484
掛ける,46,43,0.705,485
ベランダ,46,35,0.5739,486
園児,46,40,0.6558,487
鍋,46,24,0.3935,488
外野,46,40,0.6558,489
注意,45,43,0.705,490
入ろう,45,45,0.7378,491
タイヤ,45,31,0.5083,492
バント,45,40,0.6558,493
枠,45,41,0.6722,494
柱,45,43,0.705,495
右目,45,45,0.7378,496
両足,45,45,0.7378,497
スピード,45,42,0.6886,498
跳箱,45,38,0.6231,499
破裂,45,45,0.7378,500
ドッジボール,44,44,0.7214,501
トラブル,44,43,0.705,502
巻き込む,44,43,0.705,503
ひっかく,44,41,0.6722,504
立てる,44,44,0.7214,505
バウンド,44,44,0.7214,506
損ねる,44,44,0.7214,507
下りる,44,42,0.6886,508
機,44,35,0.5739,509
卓球,44,29,0.4755,510
右肩,43,38,0.6231,511
引く,43,42,0.6886,512
片付け,43,43,0.705,513
落とす,43,42,0.6886,514
キャッチ,43,41,0.6722,515
担当,43,42,0.6886,516
実施,42,42,0.6886,517
友だち,42,35,0.5739,518
ごと,42,42,0.6886,519
上腕,42,39,0.6394,520
押さえる,42,41,0.6722,521
通学,42,40,0.6558,522
溝,42,34,0.5575,523
着替え,42,36,0.5903,524
脱臼,42,42,0.6886,525
枝,42,31,0.5083,526
倒れ込む,42,42,0.6886,527
投球,42,39,0.6394,528
スマッシュ,42,36,0.5903,529
音,41,38,0.6231,530
戦,41,41,0.6722,531
式,41,41,0.6722,532
腹,41,39,0.6394,533
ディフェンス,41,39,0.6394,534
リレー,41,40,0.6558,535
引っ掛かる,41,41,0.6722,536
片付ける,41,39,0.6394,537
近づく,41,38,0.6231,538
閉まる,41,39,0.6394,539
踏み外す,41,41,0.6722,540
眼鏡,41,36,0.5903,541
対,41,39,0.6394,542
暗い,41,40,0.6558,543
植え込む,41,41,0.6722,544
運動会,40,40,0.6558,545
時限,40,37,0.6067,546
可動,40,40,0.6558,547
いす,40,31,0.5083,548
脚,40,35,0.5739,549
ハンドル,40,37,0.6067,550
飛ばす,40,33,0.5411,551
クラブ,40,35,0.5739,552
バー,40,22,0.3607,553
あたる,40,39,0.6394,554
抜ける,40,38,0.6231,555
処置,40,40,0.6558,556
四肢,40,40,0.6558,557
胸骨,40,39,0.6394,558
顧問,39,34,0.5575,559
理科,39,38,0.6231,560
通る,39,38,0.6231,561
すべり台,39,29,0.4755,562
嘔吐,39,35,0.5739,563
反対,39,37,0.6067,564
自由,39,39,0.6394,565
衝撃,39,39,0.6394,566
キャッチャー,39,38,0.6231,567
キーパー,39,36,0.5903,568
ロッカー,39,30,0.4919,569
飛び出す,39,39,0.6394,570
中心,39,39,0.6394,571
入り口,39,36,0.5903,572
振り返る,39,38,0.6231,573
部室,39,30,0.4919,574
機械,39,23,0.3771,575
柄,38,28,0.4591,576
打ち返す,38,36,0.5903,577
スパイク,38,38,0.6231,578
金属,38,37,0.6067,579
程度,38,35,0.5739,580
固定,38,35,0.5739,581
生活,38,38,0.6231,582
グループ,38,29,0.4755,583
面,38,36,0.5903,584
縄跳び,38,27,0.4427,585
症状,37,35,0.5739,586
続ける,37,36,0.5903,587
見学,37,32,0.5247,588
正面,37,37,0.6067,589
合同,37,36,0.5903,590
熱傷,37,37,0.6067,591
関わる,37,37,0.6067,592
年生,37,32,0.5247,593
制限,37,37,0.6067,594
減じる,37,37,0.6067,595
ベンチ,36,29,0.4755,596
畳,36,34,0.5575,597
飛び込み,36,32,0.5247,598
音楽,36,32,0.5247,599
翌日,36,34,0.5575,600
帰る,36,35,0.5739,601
冷却,36,35,0.5739,602
管理,36,35,0.5739,603
口論,35,34,0.5575,604
しゃがむ,35,34,0.5575,605
フェンス,35,27,0.4427,606
位置,35,34,0.5575,607
反動,35,35,0.5739,608
ぶらんこ,35,15,0.2459,609
曲がる,35,35,0.5739,610
ステージ,35,25,0.4099,611
ぶら下がる,35,35,0.5739,612
手前,35,34,0.5575,613
下り坂,35,35,0.5739,614
切,35,32,0.5247,615
女子,35,25,0.4099,616
番,35,35,0.5739,617
域,35,35,0.5739,618
同級生,34,30,0.4919,619
たたく,34,28,0.4591,620
気,34,33,0.5411,621
順番,34,33,0.5411,622
休む,34,31,0.5083,623
柵,34,23,0.3771,624
遊戯,34,32,0.5247,625
挫傷,34,34,0.5575,626
出来事,34,34,0.5575,627
引っかく,34,34,0.5575,628
反応,34,34,0.5575,629
味方,34,32,0.5247,630
診断,34,34,0.5575,631
靴,34,32,0.5247,632
テスト,33,31,0.5083,633
設置,33,32,0.5247,634
斜め,33,33,0.5411,635
向く,33,32,0.5247,636
指先,33,33,0.5411,637
急ぐ,33,32,0.5247,638
止まる,33,31,0.5083,639
こむ,33,32,0.5247,640
怒る,33,32,0.5247,641
ウォーミングアップ,33,32,0.5247,642
硬式,33,33,0.5411,643
けいれん,33,29,0.4755,644
精巣,33,29,0.4755,645
総合,32,31,0.5083,646
学年,32,32,0.5247,647
内側,32,32,0.5247,648
職員,32,31,0.5083,649
公園,32,30,0.4919,650
箇所,32,27,0.4427,651
下敷き,32,31,0.5083,652
字,32,28,0.4591,653
走行,32,29,0.4755,654
仰向け,32,32,0.5247,655
縁,32,30,0.4919,656
ひねる,32,32,0.5247,657
スタート,31,27,0.4427,658
飛び降りる,31,30,0.4919,659
ゴム,31,22,0.3607,660
泳ぐ,31,21,0.3443,661
ダッシュ,31,27,0.4427,662
保護,31,27,0.4427,663
フライ,31,31,0.5083,664
踏む,31,29,0.4755,665
前歯,31,29,0.4755,666
スライディング,31,29,0.4755,667
一塁,31,27,0.4427,668
たち,31,29,0.4755,669
折れる,31,24,0.3935,670
乱取り,31,27,0.4427,671
士,30,23,0.3771,672
ひっかかる,30,30,0.4919,673
気分,30,30,0.4919,674
穴,30,26,0.4263,675
班,30,29,0.4755,676
㎝,30,28,0.4591,677
持ち上げる,30,28,0.4591,678
火傷,30,29,0.4755,679
(,30,29,0.4755,680
.,30,27,0.4427,681
徒歩,30,30,0.4919,682
片,30,28,0.4591,683
まぶた,30,28,0.4591,684
球技,30,30,0.4919,685
みる,30,30,0.4919,686
余る,30,30,0.4919,687
頚椎,30,30,0.4919,688
刃,30,27,0.4427,689
分間,30,23,0.3771,690
狭窄,30,30,0.4919,691
そば,29,29,0.4755,692
もつれる,29,29,0.4755,693
打席,29,29,0.4755,694
触れる,29,29,0.4755,695
始まる,29,29,0.4755,696
左肩,29,27,0.4427,697
路,29,29,0.4755,698
ポール,29,22,0.3607,699
火,29,22,0.3607,700
肢,29,28,0.4591,701
唇,29,28,0.4591,702
気づく,29,29,0.4755,703
度,29,29,0.4755,704
膜,29,28,0.4591,705
守る,29,26,0.4263,706
ペア,29,25,0.4099,707
動ける,29,29,0.4755,708
ＡＥＤ,29,25,0.4099,709
せき柱,29,29,0.4755,710
胸,28,28,0.4591,711
突く,28,28,0.4591,712
中央,28,28,0.4591,713
異常,28,25,0.4099,714
雨,28,28,0.4591,715
メートル,28,27,0.4427,716
周り,28,28,0.4591,717
カーブ,28,27,0.4427,718
バス,28,22,0.3607,719
フック,28,20,0.3279,720
鉄,28,23,0.3771,721
裂創,28,28,0.4591,722
跳び箱,28,22,0.3607,723
パイプ,28,18,0.2951,724
取り合い,28,28,0.4591,725
乗せる,28,28,0.4591,726
周囲,27,26,0.4263,727
ホーム,27,23,0.3771,728
うまい,27,27,0.4427,729
倉庫,27,22,0.3607,730
はさむ,27,27,0.4427,731
隙間,27,27,0.4427,732
回る,27,25,0.4099,733
鉄製,27,27,0.4427,734
すべる,27,27,0.4427,735
拍子,27,27,0.4427,736
振り回す,27,25,0.4099,737
調理,27,23,0.3771,738
話す,27,26,0.4263,739
ドリブル,27,25,0.4099,740
坂道,27,27,0.4427,741
動かす,27,27,0.4427,742
室内,27,26,0.4263,743
泣く,27,26,0.4263,744
ロープ,27,15,0.2459,745
ダブルス,27,27,0.4427,746
通報,27,27,0.4427,747
背後,26,24,0.3935,748
ヘディング,26,25,0.4099,749
上る,26,26,0.4263,750
斜面,26,23,0.3771,751
フリー,26,25,0.4099,752
断,26,26,0.4263,753
入口,26,23,0.3771,754
棚,26,22,0.3607,755
姿勢,26,24,0.3935,756
金具,26,25,0.4099,757
倒す,26,26,0.4263,758
お互い,26,25,0.4099,759
回す,26,25,0.4099,760
眉間,26,23,0.3771,761
湯,26,14,0.2295,762
方,26,25,0.4099,763
向き,26,26,0.4263,764
午後,26,24,0.3935,765
踊り場,26,21,0.3443,766
装着,26,24,0.3935,767
列,26,21,0.3443,768
当日,26,25,0.4099,769
竹,26,16,0.2623,770
なくなる,25,24,0.3935,771
聞く,25,24,0.3935,772
最後,25,25,0.4099,773
走り高跳び,25,25,0.4099,774
親指,25,24,0.3935,775
開放,25,25,0.4099,776
あと,25,25,0.4099,777
強風,25,24,0.3935,778
振り上げる,25,23,0.3771,779
前輪,25,24,0.3935,780
渡り廊下,25,20,0.3279,781
家庭,25,24,0.3935,782
鍵,25,18,0.2951,783
タッチ,25,23,0.3771,784
臀部,25,24,0.3935,785
引っかかる,25,25,0.4099,786
呼ぶ,25,23,0.3771,787
つかまる,25,23,0.3771,788
集合,25,24,0.3935,789
指示,25,24,0.3935,790
自宅,25,20,0.3279,791
級友,25,17,0.2787,792
ピッチングマシン,25,22,0.3607,793
剥離,25,21,0.3443,794
",",25,22,0.3607,795
宿泊,24,22,0.3607,796
部屋,24,22,0.3607,797
全員,24,24,0.3935,798
剣道,24,24,0.3935,799
ブレーキ,24,24,0.3935,800
着く,24,23,0.3771,801
レシーブ,24,23,0.3771,802
軽い,24,24,0.3935,803
腰部,24,23,0.3771,804
通路,24,22,0.3607,805
胸部,24,22,0.3607,806
操作,24,22,0.3607,807
アルコール,24,10,0.164,808
施設,24,20,0.3279,809
ら,24,24,0.3935,810
裂,24,24,0.3935,811
文化,24,22,0.3607,812
ほうき,24,13,0.2131,813
左下,24,23,0.3771,814
チームメイト,24,20,0.3279,815
縄,24,14,0.2295,816
抜く,24,24,0.3935,817
バッターボックス,24,24,0.3935,818
返球,23,22,0.3607,819
校門,23,22,0.3607,820
ジャングルジム,23,19,0.3115,821
濡れる,23,23,0.3771,822
花壇,23,18,0.2951,823
降る,23,23,0.3771,824
外側,23,20,0.3279,825
ショック,23,23,0.3771,826
歩道,23,20,0.3279,827
下る,23,23,0.3771,828
合宿,23,22,0.3607,829
股関節,23,15,0.2459,830
マネージャー,23,23,0.3771,831
体験,23,20,0.3279,832
出入り口,23,23,0.3771,833
子,23,20,0.3279,834
腕骨,23,21,0.3443,835
足元,23,22,0.3607,836
お湯,23,16,0.2623,837
握る,23,23,0.3771,838
結果,23,22,0.3607,839
応援,23,17,0.2787,840
引っ掻く,23,21,0.3443,841
鉛筆,23,15,0.2459,842
屋根,23,17,0.2787,843
うずくまる,23,23,0.3771,844
トランポリン,23,14,0.2295,845
止血,23,23,0.3771,846
バスケット,22,17,0.2787,847
からかう,22,21,0.3443,848
急性,22,21,0.3443,849
本人,22,21,0.3443,850
盤,22,16,0.2623,851
遅れる,22,22,0.3607,852
箱,22,18,0.2951,853
),22,21,0.3443,854
カット,22,22,0.3607,855
見つける,22,22,0.3607,856
ハードル,22,16,0.2623,857
電車,22,13,0.2131,858
眼下,22,22,0.3607,859
座り込む,22,22,0.3607,860
バック,22,21,0.3443,861
型,22,21,0.3443,862
動き,22,19,0.3115,863
定規,22,13,0.2131,864
ストレッチ,22,21,0.3443,865
神経,22,21,0.3443,866
斑,22,20,0.3279,867
胸椎,22,20,0.3279,868
食べる,21,17,0.2787,869
張る,21,20,0.3279,870
プレー,21,21,0.3443,871
続く,21,21,0.3443,872
帰り,21,21,0.3443,873
ペース,21,20,0.3279,874
組む,21,20,0.3279,875
ランドセル,21,19,0.3115,876
ひさし,21,15,0.2459,877
後ろ向き,21,21,0.3443,878
破損,21,18,0.2951,879
門,21,16,0.2623,880
待機,21,21,0.3443,881
腫れる,21,21,0.3443,882
応急,21,21,0.3443,883
ごっこ,21,21,0.3443,884
戻す,21,21,0.3443,885
手足,21,21,0.3443,886
部活,21,21,0.3443,887
ランナー,21,18,0.2951,888
持久走,21,21,0.3443,889
宙返り,21,17,0.2787,890
ゲージ,21,12,0.1968,891
黄,21,19,0.3115,892
救命,21,20,0.3279,893
口唇,20,19,0.3115,894
騎馬,20,12,0.1968,895
クラスメイト,20,18,0.2951,896
素振り,20,20,0.3279,897
伸ばす,20,20,0.3279,898
めまい,20,19,0.3115,899
修学旅行,20,20,0.3279,900
当てる,20,20,0.3279,901
炎,20,15,0.2459,902
中庭,20,20,0.3279,903
地点,20,19,0.3115,904
やる,20,17,0.2787,905
黒板,20,15,0.2459,906
グランド,20,20,0.3279,907
ファースト,20,16,0.2623,908
行事,20,19,0.3115,909
後片付け,20,20,0.3279,910
用具,20,15,0.2459,911
奪う,20,19,0.3115,912
午前,20,20,0.3279,913
荷物,20,18,0.2951,914
経過,20,20,0.3279,915
履く,20,20,0.3279,916
セット,20,13,0.2131,917
ける,20,20,0.3279,918
集団,20,20,0.3279,919
最中,20,20,0.3279,920
短縮,20,20,0.3279,921
不明,20,20,0.3279,922
サーブ,20,12,0.1968,923
失明,20,20,0.3279,924
心臓,20,18,0.2951,925
上級生,19,15,0.2459,926
パンチ,19,17,0.2787,927
観察,19,19,0.3115,928
越える,19,18,0.2951,929
付く,19,19,0.3115,930
吹く,19,17,0.2787,931
雪,19,17,0.2787,932
竹刀,19,11,0.1804,933
入れ,19,13,0.2131,934
遠足,19,19,0.3115,935
課題,19,17,0.2787,936
ミニゲーム,19,19,0.3115,937
冷やす,19,19,0.3115,938
すぎる,19,19,0.3115,939
切傷,19,19,0.3115,940
突き破る,19,19,0.3115,941
図書,19,15,0.2459,942
通常,19,18,0.2951,943
日常,19,19,0.3115,944
下ろす,19,19,0.3115,945
あう,19,19,0.3115,946
ケース,19,12,0.1968,947
眼瞼,19,18,0.2951,948
砂場,19,13,0.2131,949
裏,19,19,0.3115,950
調整,19,17,0.2787,951
ちょっかい,19,18,0.2951,952
ひも,19,15,0.2459,953
分かれる,19,19,0.3115,954
ライナー,19,19,0.3115,955
拭く,19,16,0.2623,956
まひ,19,19,0.3115,957
連絡,19,18,0.2951,958
体調,19,17,0.2787,959
三塁,19,18,0.2951,960
腰椎,19,19,0.3115,961
トラック,18,16,0.2623,962
測定,18,17,0.2787,963
言葉,18,17,0.2787,964
下がる,18,18,0.2951,965
半身,18,18,0.2951,966
出し,18,18,0.2951,967
近距離,18,17,0.2787,968
聴力,18,17,0.2787,969
全体,18,17,0.2787,970
てい,18,16,0.2623,971
ふらつく,18,18,0.2951,972
センター,18,17,0.2787,973
下部,18,18,0.2951,974
夏季,18,18,0.2951,975
道具,18,13,0.2131,976
物,18,18,0.2951,977
袋,18,13,0.2131,978
折,18,18,0.2951,979
タイミング,18,17,0.2787,980
渡る,18,18,0.2951,981
筆箱,18,11,0.1804,982
受け取る,18,17,0.2787,983
熱湯,18,16,0.2623,984
背部,18,18,0.2951,985
ストーブ,18,11,0.1804,986
特別,18,18,0.2951,987
頭頂,18,18,0.2951,988
蓋,18,14,0.2295,989
雑巾,18,13,0.2131,990
渡す,18,17,0.2787,991
上肢,18,18,0.2951,992
硬い,18,18,0.2951,993
血腫,18,18,0.2951,994
開,18,15,0.2459,995
込む,18,18,0.2951,996
土台,18,16,0.2623,997
片方,18,14,0.2295,998
ずれる,18,18,0.2951,999
立ち,18,16,0.2623,1000
ホームルーム,18,18,0.2951,1001
到着,18,18,0.2951,1002
丸,18,10,0.164,1003
発見,18,18,0.2951,1004
人組,18,17,0.2787,1005
ファウルチップ,18,18,0.2951,1006
耳鳴り,17,17,0.2787,1007
水道,17,14,0.2295,1008
だす,17,17,0.2787,1009
氷,17,13,0.2131,1010
所,17,15,0.2459,1011
バッティングマシーン,17,17,0.2787,1012
直前,17,16,0.2623,1013
アスファルト,17,16,0.2623,1014
ショート,17,17,0.2787,1015
防ぐ,17,16,0.2623,1016
痛む,17,17,0.2787,1017
違和感,17,17,0.2787,1018
重い,17,17,0.2787,1019
てんかん,17,17,0.2787,1020
ハンマー,17,9,0.1476,1021
シーソー,17,9,0.1476,1022
浮く,17,17,0.2787,1023
返す,17,17,0.2787,1024
捻挫,17,17,0.2787,1025
引火,17,17,0.2787,1026
駆ける,17,17,0.2787,1027
引き抜く,17,16,0.2623,1028
隠れる,17,15,0.2459,1029
もらう,17,17,0.2787,1030
流す,17,15,0.2459,1031
校外,17,17,0.2787,1032
プラスチック,17,16,0.2623,1033
ホール,17,17,0.2787,1034
釘,17,8,0.1312,1035
払う,17,17,0.2787,1036
刺す,17,15,0.2459,1037
養護,17,17,0.2787,1038
校内,17,16,0.2623,1039
筋,17,16,0.2623,1040
激痛,17,17,0.2787,1041
同士,17,17,0.2787,1042
交代,17,15,0.2459,1043
ワイヤー,17,11,0.1804,1044
木製,17,16,0.2623,1045
夏休み,17,17,0.2787,1046
腫れ,17,16,0.2623,1047
敷く,17,16,0.2623,1048
鎖骨,17,14,0.2295,1049
カンナ,17,11,0.1804,1050
砲丸,17,9,0.1476,1051
ローラー,17,9,0.1476,1052
損なう,17,17,0.2787,1053
精神,17,16,0.2623,1054
ヘリ,17,17,0.2787,1055
消しゴム,17,11,0.1804,1056
マシーン,17,13,0.2131,1057
摘出,17,17,0.2787,1058
生じる,16,16,0.2623,1059
スロープ,16,10,0.164,1060
図工,16,15,0.2459,1061
く,16,15,0.2459,1062
更衣,16,15,0.2459,1063
こめかみ,16,16,0.2623,1064
加わる,16,15,0.2459,1065
回復,16,15,0.2459,1066
鳴る,16,16,0.2623,1067
年,16,14,0.2295,1068
全校,16,16,0.2623,1069
ポスト,16,14,0.2295,1070
変える,16,16,0.2623,1071
紅白,16,16,0.2623,1072
サッシ,16,13,0.2131,1073
傾く,16,15,0.2459,1074
コーナー,16,13,0.2131,1075
缶,16,9,0.1476,1076
作り,16,16,0.2623,1077
男児,16,12,0.1968,1078
切り傷,16,16,0.2623,1079
腹痛,16,14,0.2295,1080
種目,16,16,0.2623,1081
校,16,16,0.2623,1082
縦,16,16,0.2623,1083
回り,16,16,0.2623,1084
とぶ,16,12,0.1968,1085
待ち,16,16,0.2623,1086
瞼,16,16,0.2623,1087
水筒,16,14,0.2295,1088
止め,16,16,0.2623,1089
テント,16,10,0.164,1090
呼びかける,16,16,0.2623,1091
洗う,16,16,0.2623,1092
輪,16,16,0.2623,1093
山,16,14,0.2295,1094
安全,16,14,0.2295,1095
あげる,16,16,0.2623,1096
リング,16,12,0.1968,1097
ゴルフ,16,12,0.1968,1098
カバー,16,14,0.2295,1099
車いす,16,10,0.164,1100
検査,16,14,0.2295,1101
走者,16,14,0.2295,1102
発現,16,16,0.2623,1103
打ち合い,16,14,0.2295,1104
既往症,16,16,0.2623,1105
円,16,14,0.2295,1106
心室,16,13,0.2131,1107
頚,16,16,0.2623,1108
加える,15,15,0.2459,1109
それる,15,15,0.2459,1110
つま,15,15,0.2459,1111
づく,15,15,0.2459,1112
半分,15,13,0.2131,1113
自力,15,15,0.2459,1114
自主,15,15,0.2459,1115
非常,15,13,0.2131,1116
付け根,15,15,0.2459,1117
背負う,15,15,0.2459,1118
針金,15,8,0.1312,1119
ペットボトル,15,10,0.164,1120
滑り落ちる,15,15,0.2459,1121
アルミ,15,13,0.2131,1122
油,15,9,0.1476,1123
驚く,15,14,0.2295,1124
ふた,15,10,0.164,1125
駅,15,13,0.2131,1126
記録,15,14,0.2295,1127
おでこ,15,15,0.2459,1128
てる,15,15,0.2459,1129
網,15,12,0.1968,1130
幼児,15,13,0.2131,1131
行なう,15,13,0.2131,1132
やけど,15,15,0.2459,1133
攻撃,15,14,0.2295,1134
ハーフ,15,14,0.2295,1135
ライン,15,13,0.2131,1136
隅,15,15,0.2459,1137
複数,15,15,0.2459,1138
糸,15,10,0.164,1139
舞台,15,6,0.0984,1140
助走,15,15,0.2459,1141
加工,15,15,0.2459,1142
器質,15,15,0.2459,1143
硬直,15,13,0.2131,1144
ドクター,15,15,0.2459,1145
ワン,15,15,0.2459,1146
駆け付ける,15,15,0.2459,1147
白内障,15,15,0.2459,1148
脈,15,14,0.2295,1149
痙攣,15,14,0.2295,1150
髄,15,15,0.2459,1151
係,14,14,0.2295,1152
当る,14,14,0.2295,1153
にくい,14,14,0.2295,1154
聞こえる,14,13,0.2131,1155
肩車,14,14,0.2295,1156
アップ,14,14,0.2295,1157
めがける,14,13,0.2131,1158
側面,14,14,0.2295,1159
状況,14,14,0.2295,1160
出来る,14,14,0.2295,1161
医療,14,14,0.2295,1162
道,14,14,0.2295,1163
趾,14,13,0.2131,1164
排水,14,10,0.164,1165
原動機,14,14,0.2295,1166
近い,14,14,0.2295,1167
休業,14,14,0.2295,1168
前日,14,14,0.2295,1169
乗り越える,14,13,0.2131,1170
防御,14,14,0.2295,1171
食,14,12,0.1968,1172
熱い,14,14,0.2295,1173
飴,14,8,0.1312,1174
探す,14,14,0.2295,1175
引っ掛ける,14,14,0.2295,1176
カッターナイフ,14,12,0.1968,1177
坂,14,11,0.1804,1178
制作,14,13,0.2131,1179
メニュー,14,13,0.2131,1180
頸部,14,14,0.2295,1181
上がり,14,12,0.1968,1182
遠い,14,14,0.2295,1183
弾み,14,14,0.2295,1184
か所,14,12,0.1968,1185
外す,14,13,0.2131,1186
無理,14,14,0.2295,1187
役,14,12,0.1968,1188
乗り,14,14,0.2295,1189
走り出す,14,14,0.2295,1190
フロア,14,13,0.2131,1191
チャイム,14,14,0.2295,1192
振り払う,14,14,0.2295,1193
リバウンド,14,14,0.2295,1194
タオル,14,10,0.164,1195
会場,14,14,0.2295,1196
元,14,14,0.2295,1197
ボクシング,14,8,0.1312,1198
屋内,14,14,0.2295,1199
抱く,14,13,0.2131,1200
長い,14,14,0.2295,1201
ワゴン,14,7,0.1148,1202
甲,14,13,0.2131,1203
入水,14,11,0.1804,1204
紙,14,11,0.1804,1205
小屋,14,8,0.1312,1206
うつ,14,14,0.2295,1207
演技,14,14,0.2295,1208
セカンド,14,12,0.1968,1209
外周,14,13,0.2131,1210
ジョギング,14,14,0.2295,1211
頃,14,10,0.164,1212
ピッチングマシーン,14,12,0.1968,1213
背負い投げ,14,14,0.2295,1214
異変,14,14,0.2295,1215
安静,14,14,0.2295,1216
マッサージ,14,13,0.2131,1217
合図,13,12,0.1968,1218
自然,13,12,0.1968,1219
ベッド,13,9,0.1476,1220
低い,13,13,0.2131,1221
刈り,13,12,0.1968,1222
大型,13,13,0.2131,1223
立てかける,13,12,0.1968,1224
尻もち,13,13,0.2131,1225
母親,13,9,0.1476,1226
空中,13,12,0.1968,1227
前後,13,13,0.2131,1228
変わる,13,13,0.2131,1229
水分,13,10,0.164,1230
不安定,13,10,0.164,1231
夕食,13,13,0.2131,1232
もと,13,13,0.2131,1233
発作,13,13,0.2131,1234
天,13,8,0.1312,1235
レール,13,11,0.1804,1236
グレーチング,13,9,0.1476,1237
尻,13,13,0.2131,1238
分かる,13,12,0.1968,1239
けが,13,13,0.2131,1240
皿,13,9,0.1476,1241
上体,13,12,0.1968,1242
水中,13,12,0.1968,1243
キック,13,12,0.1968,1244
ふく,13,13,0.2131,1245
背,13,13,0.2131,1246
剤,13,9,0.1476,1247
うつ伏せる,13,13,0.2131,1248
ボード,13,8,0.1312,1249
走り回る,13,13,0.2131,1250
草,13,11,0.1804,1251
取っ手,13,11,0.1804,1252
飛び越える,13,13,0.2131,1253
防火,13,10,0.164,1254
よろける,13,13,0.2131,1255
敷地,13,13,0.2131,1256
一環,13,13,0.2131,1257
こぼれる,13,13,0.2131,1258
移る,13,13,0.2131,1259
直径,13,13,0.2131,1260
マラソン,13,13,0.2131,1261
相撲,13,11,0.1804,1262
テラス,13,11,0.1804,1263
駐車,13,13,0.2131,1264
服,13,13,0.2131,1265
我慢,13,12,0.1968,1266
レンガ,13,7,0.1148,1267
ズボン,13,11,0.1804,1268
抱える,13,11,0.1804,1269
製作,13,13,0.2131,1270
すり抜ける,13,13,0.2131,1271
レンズ,13,13,0.2131,1272
プレーヤー,13,11,0.1804,1273
タワー,13,8,0.1312,1274
添える,13,13,0.2131,1275
S,13,13,0.2131,1276
メガネ,13,12,0.1968,1277
荷台,13,10,0.164,1278
サード,13,11,0.1804,1279
揺らす,13,13,0.2131,1280
引き上げる,13,13,0.2131,1281
グローブ,13,13,0.2131,1282
寝技,13,13,0.2131,1283
房,13,13,0.2131,1284
レスリング,13,13,0.2131,1285
木材,13,8,0.1312,1286
作動,13,11,0.1804,1287
孔,13,13,0.2131,1288
鋸,13,7,0.1148,1289
節,13,11,0.1804,1290
下腹,13,13,0.2131,1291
捕まえる,12,12,0.1968,1292
受身,12,11,0.1804,1293
重なる,12,12,0.1968,1294
テープ,12,11,0.1804,1295
チップ,12,12,0.1968,1296
タイム,12,11,0.1804,1297
天井,12,9,0.1476,1298
吐き気,12,11,0.1804,1299
台車,12,5,0.082,1300
起きる,12,12,0.1968,1301
ひっかける,12,12,0.1968,1302
左右,12,12,0.1968,1303
はずれる,12,12,0.1968,1304
補給,12,11,0.1804,1305
以前,12,12,0.1968,1306
くずす,12,12,0.1968,1307
シート,12,12,0.1968,1308
本校,12,12,0.1968,1309
ひどい,12,12,0.1968,1310
ひとり,12,11,0.1804,1311
教卓,12,10,0.164,1312
怪我,12,12,0.1968,1313
とっさ,12,12,0.1968,1314
滑走,12,12,0.1968,1315
バーベル,12,7,0.1148,1316
付,12,12,0.1968,1317
皮膚,12,12,0.1968,1318
小石,12,11,0.1804,1319
マンション,12,9,0.1476,1320
送る,12,12,0.1968,1321
早い,12,12,0.1968,1322
身,12,12,0.1968,1323
浴びる,12,12,0.1968,1324
作成,12,12,0.1968,1325
歩,12,12,0.1968,1326
幹部,12,12,0.1968,1327
投げ出す,12,12,0.1968,1328
路面,12,12,0.1968,1329
擦り傷,12,12,0.1968,1330
配膳,12,11,0.1804,1331
秒,12,10,0.164,1332
おもちゃ,12,9,0.1476,1333
横切る,12,12,0.1968,1334
塀,12,9,0.1476,1335
入り込む,12,12,0.1968,1336
具,12,11,0.1804,1337
気が付く,12,12,0.1968,1338
ヘルメット,12,11,0.1804,1339
再開,12,11,0.1804,1340
移送,12,12,0.1968,1341
幅,12,11,0.1804,1342
進む,12,12,0.1968,1343
寄る,12,12,0.1968,1344
自席,12,12,0.1968,1345
起き上がる,12,12,0.1968,1346
体力,12,12,0.1968,1347
スティック,12,11,0.1804,1348
電柱,12,11,0.1804,1349
グリップ,12,7,0.1148,1350
軟式,12,12,0.1968,1351
走り幅跳び,12,12,0.1968,1352
受け身,12,12,0.1968,1353
ミニ,12,11,0.1804,1354
やめる,12,10,0.164,1355
はさみ,12,8,0.1312,1356
不良,12,12,0.1968,1357
シャープペンシル,12,9,0.1476,1358
組み,12,12,0.1968,1359
回し,12,11,0.1804,1360
ｋｍ,12,11,0.1804,1361
クリア,12,11,0.1804,1362
手押し,12,11,0.1804,1363
人工,12,11,0.1804,1364
脊髄,12,11,0.1804,1365
-,12,12,0.1968,1366
予行,11,11,0.1804,1367
ファール,11,11,0.1804,1368
教科,11,9,0.1476,1369
きる,11,11,0.1804,1370
ハンド,11,11,0.1804,1371
残り,11,11,0.1804,1372
一瞬,11,11,0.1804,1373
ポジション,11,10,0.164,1374
一番,11,11,0.1804,1375
交錯,11,11,0.1804,1376
後部,11,11,0.1804,1377
審判,11,10,0.164,1378
絡まる,11,11,0.1804,1379
バトン,11,10,0.164,1380
両側,11,10,0.164,1381
ソフトテニス,11,11,0.1804,1382
慌てる,11,11,0.1804,1383
割る,11,11,0.1804,1384
放す,11,11,0.1804,1385
太もも,11,11,0.1804,1386
考える,11,11,0.1804,1387
よそ見,11,11,0.1804,1388
競争,11,11,0.1804,1389
水飲み,11,10,0.164,1390
フレーム,11,10,0.164,1391
過ぎる,11,11,0.1804,1392
風,11,11,0.1804,1393
間に合う,11,11,0.1804,1394
陥没,11,8,0.1312,1395
午睡,11,11,0.1804,1396
言い合う,11,11,0.1804,1397
器具,11,9,0.1476,1398
前向き,11,11,0.1804,1399
逃げ込む,11,11,0.1804,1400
一輪車,11,11,0.1804,1401
咬む,11,10,0.164,1402
小走り,11,11,0.1804,1403
手袋,11,9,0.1476,1404
武道,11,11,0.1804,1405
木工,11,11,0.1804,1406
代わり,11,11,0.1804,1407
玩具,11,9,0.1476,1408
かする,11,11,0.1804,1409
吹奏楽,11,11,0.1804,1410
朝礼,11,8,0.1312,1411
降ろす,11,8,0.1312,1412
ラリー,11,11,0.1804,1413
ポット,11,8,0.1312,1414
飲む,11,10,0.164,1415
赤い,11,10,0.164,1416
上半身,11,11,0.1804,1417
競り合う,11,11,0.1804,1418
フットサル,11,11,0.1804,1419
丸める,11,11,0.1804,1420
滑り降りる,11,11,0.1804,1421
曲げる,11,9,0.1476,1422
電気,11,11,0.1804,1423
貫通,11,11,0.1804,1424
全力,11,11,0.1804,1425
マッチ,11,9,0.1476,1426
掛け,11,10,0.164,1427
眉毛,11,11,0.1804,1428
広場,11,10,0.164,1429
置き場,11,10,0.164,1430
原因,11,11,0.1804,1431
前進,11,11,0.1804,1432
工作,11,11,0.1804,1433
スポーツ,11,11,0.1804,1434
患部,11,11,0.1804,1435
自動,11,8,0.1312,1436
伏せ,11,11,0.1804,1437
取れる,11,11,0.1804,1438
もみ合う,11,11,0.1804,1439
チアリーディング,11,11,0.1804,1440
しびれ,11,11,0.1804,1441
川,11,8,0.1312,1442
進行,11,11,0.1804,1443
防止,11,11,0.1804,1444
かばん,11,8,0.1312,1445
おんぶ,11,6,0.0984,1446
かかと,11,10,0.164,1447
直す,11,10,0.164,1448
逸れる,11,11,0.1804,1449
研究,11,11,0.1804,1450
電動,11,9,0.1476,1451
膝蓋骨,11,5,0.082,1452
平行棒,11,10,0.164,1453
ペンチ,11,6,0.0984,1454
箒,11,4,0.0656,1455
捕手,11,11,0.1804,1456
崩れ落ちる,11,11,0.1804,1457
角膜,11,11,0.1804,1458
隊,11,10,0.164,1459
目撃,11,11,0.1804,1460
ストッパー,11,6,0.0984,1461
梗塞,11,11,0.1804,1462
飛び込み台,11,10,0.164,1463
家,10,10,0.164,1464
暴行,10,8,0.1312,1465
返事,10,10,0.164,1466
付き,10,10,0.164,1467
それぞれ,10,10,0.164,1468
整備,10,10,0.164,1469
手洗い,10,9,0.1476,1470
夜,10,10,0.164,1471
伴う,10,10,0.164,1472
振盪,10,10,0.164,1473
液,10,9,0.1476,1474
流れる,10,10,0.164,1475
新体操,10,10,0.164,1476
アメリカンフットボール,10,10,0.164,1477
掛かる,10,9,0.1476,1478
熱,10,6,0.0984,1479
スタンド,10,9,0.1476,1480
ランプ,10,6,0.0984,1481
芯,10,9,0.1476,1482
地上,10,10,0.164,1483
飛び散る,10,9,0.1476,1484
熱す,10,9,0.1476,1485
立て,10,7,0.1148,1486
躓く,10,10,0.164,1487
その間,10,10,0.164,1488
綱,10,4,0.0656,1489
はぐ,10,10,0.164,1490
現場,10,10,0.164,1491
自立,10,10,0.164,1492
通過,10,10,0.164,1493
こする,10,10,0.164,1494
つなぐ,10,10,0.164,1495
歩行,10,10,0.164,1496
良い,10,10,0.164,1497
取り出す,10,10,0.164,1498
尺,10,10,0.164,1499
レクリエーション,10,10,0.164,1500
テーブル,10,7,0.1148,1501
楽器,10,8,0.1312,1502
屋上,10,9,0.1476,1503
片手,10,10,0.164,1504
昼,10,10,0.164,1505
触る,10,10,0.164,1506
ざま,10,10,0.164,1507
走り込む,10,9,0.1476,1508
虫,10,9,0.1476,1509
ぬれる,10,10,0.164,1510
追いつく,10,10,0.164,1511
はねる,10,10,0.164,1512
機関,10,10,0.164,1513
ガードレール,10,10,0.164,1514
上下,10,10,0.164,1515
座,10,10,0.164,1516
卒業,10,9,0.1476,1517
頬骨,10,10,0.164,1518
滑り,10,10,0.164,1519
輪ゴム,10,8,0.1312,1520
技術,10,10,0.164,1521
紐,10,7,0.1148,1522
巻く,10,7,0.1148,1523
態度,10,10,0.164,1524
かがむ,10,10,0.164,1525
右前,10,10,0.164,1526
介助,10,8,0.1312,1527
背面,10,10,0.164,1528
コンテナ,10,6,0.0984,1529
集める,10,9,0.1476,1530
掴む,10,10,0.164,1531
センチ,10,10,0.164,1532
遠征,10,10,0.164,1533
じゃれる,10,10,0.164,1534
チェーン,10,9,0.1476,1535
ライト,10,9,0.1476,1536
着用,10,10,0.164,1537
拳,10,10,0.164,1538
突き,10,10,0.164,1539
団体,10,10,0.164,1540
たこ,10,4,0.0656,1541
交換,10,8,0.1312,1542
苦しい,10,9,0.1476,1543
はじく,10,10,0.164,1544
三角,10,7,0.1148,1545
イレギュラー,10,10,0.164,1546
発,10,10,0.164,1547
か月,10,10,0.164,1548
km,10,10,0.164,1549
解析,10,10,0.164,1550
不要,10,10,0.164,1551
脇腹,10,10,0.164,1552
下腹部,10,10,0.164,1553
爆発,9,8,0.1312,1554
内野,9,8,0.1312,1555
下方,9,9,0.1476,1556
リコーダー,9,5,0.082,1557
無い,9,8,0.1312,1558
投げつける,9,9,0.1476,1559
繰り返す,9,9,0.1476,1560
判明,9,9,0.1476,1561
揺れる,9,9,0.1476,1562
寮,9,8,0.1312,1563
答える,9,9,0.1476,1564
雲,9,8,0.1312,1565
コーン,9,6,0.0984,1566
アタック,9,9,0.1476,1567
各自,9,9,0.1476,1568
奥,9,9,0.1476,1569
委員,9,9,0.1476,1570
負担,9,9,0.1476,1571
最終,9,9,0.1476,1572
下駄,9,6,0.0984,1573
食器,9,6,0.0984,1574
不全,9,8,0.1312,1575
台風,9,7,0.1148,1576
落ち,9,9,0.1476,1577
軸,9,8,0.1312,1578
決める,9,9,0.1476,1579
mm,9,8,0.1312,1580
覚える,9,9,0.1476,1581
取り,9,9,0.1476,1582
出入口,9,9,0.1476,1583
車椅子,9,6,0.0984,1584
試験,9,9,0.1476,1585
削る,9,8,0.1312,1586
靭帯,9,9,0.1476,1587
停車,9,9,0.1476,1588
畑,9,9,0.1476,1589
登り,9,9,0.1476,1590
突っ込み,9,9,0.1476,1591
させる,9,8,0.1312,1592
下げる,9,9,0.1476,1593
強化,9,9,0.1476,1594
かご,9,9,0.1476,1595
スケーター,9,4,0.0656,1596
取り上げる,9,8,0.1312,1597
食事,9,7,0.1148,1598
ビーカー,9,3,0.0492,1599
当番,9,9,0.1476,1600
筒,9,7,0.1148,1601
棟,9,7,0.1148,1602
エプロン,9,7,0.1148,1603
駅伝,9,8,0.1312,1604
登,9,9,0.1476,1605
講堂,9,8,0.1312,1606
まわる,9,9,0.1476,1607
窓際,9,9,0.1476,1608
付ける,9,9,0.1476,1609
布,9,7,0.1148,1610
取り合う,9,9,0.1476,1611
カレー,9,5,0.082,1612
コーチ,9,6,0.0984,1613
籠,9,9,0.1476,1614
おかしい,9,9,0.1476,1615
絞める,9,8,0.1312,1616
真似,9,9,0.1476,1617
歳児,9,9,0.1476,1618
言い争う,9,9,0.1476,1619
カーテン,9,9,0.1476,1620
危ない,9,9,0.1476,1621
鼻骨,9,9,0.1476,1622
雨天,9,9,0.1476,1623
間際,9,9,0.1476,1624
花火,9,4,0.0656,1625
くぐる,9,8,0.1312,1626
馬跳び,9,9,0.1476,1627
跳躍,9,8,0.1312,1628
合唱,9,9,0.1476,1629
会話,9,9,0.1476,1630
すれ違う,9,9,0.1476,1631
スイング,9,9,0.1476,1632
はまる,9,9,0.1476,1633
あおる,9,9,0.1476,1634
ゴロ,9,9,0.1476,1635
庇,9,7,0.1148,1636
かかえる,9,9,0.1476,1637
ピアノ,9,6,0.0984,1638
運搬,9,7,0.1148,1639
スリッパ,9,6,0.0984,1640
A,9,7,0.1148,1641
先頭,9,8,0.1312,1642
息,9,9,0.1476,1643
壊死,9,9,0.1476,1644
かばう,9,8,0.1312,1645
達,9,9,0.1476,1646
跳ねる,9,9,0.1476,1647
速い,9,9,0.1476,1648
湿布,9,8,0.1312,1649
眼科,9,9,0.1476,1650
鼻血,9,8,0.1312,1651
空手,9,8,0.1312,1652
見失う,9,9,0.1476,1653
杭,9,5,0.082,1654
稽古,9,9,0.1476,1655
床の間,9,9,0.1476,1656
スイッチ,9,7,0.1148,1657
脾臓,9,8,0.1312,1658
つかまえる,8,8,0.1312,1659
うつぶせる,8,8,0.1312,1660
近寄る,8,8,0.1312,1661
筋力,8,8,0.1312,1662
楽しみ,8,8,0.1312,1663
縁石,8,8,0.1312,1664
説明,8,8,0.1312,1665
喉,8,8,0.1312,1666
行動,8,8,0.1312,1667
クロール,8,8,0.1312,1668
先輩,8,6,0.0984,1669
飛行機,8,7,0.1148,1670
週間,8,8,0.1312,1671
隣接,8,8,0.1312,1672
末節,8,8,0.1312,1673
母,8,8,0.1312,1674
感染,8,6,0.0984,1675
集会,8,8,0.1312,1676
利用,8,8,0.1312,1677
がけ,8,6,0.0984,1678
宙,8,8,0.1312,1679
言語,8,8,0.1312,1680
摂取,8,6,0.0984,1681
ビニール,8,7,0.1148,1682
取り付ける,8,7,0.1148,1683
ひな壇,8,4,0.0656,1684
落ち葉,8,7,0.1148,1685
壁際,8,8,0.1312,1686
突風,8,8,0.1312,1687
擦る,8,8,0.1312,1688
ゴミ,8,7,0.1148,1689
捨てる,8,8,0.1312,1690
過ごす,8,8,0.1312,1691
行為,8,8,0.1312,1692
部品,8,8,0.1312,1693
しっぽ,8,6,0.0984,1694
路上,8,8,0.1312,1695
まわり,8,7,0.1148,1696
エスカレーター,8,3,0.0492,1697
横断,8,8,0.1312,1698
裂ける,8,8,0.1312,1699
つかみ合う,8,8,0.1312,1700
踏み出す,8,8,0.1312,1701
発表,8,8,0.1312,1702
洗面,8,4,0.0656,1703
積み木,8,5,0.082,1704
布団,8,7,0.1148,1705
嫌がる,8,8,0.1312,1706
リヤカー,8,2,0.0328,1707
打ち,8,8,0.1312,1708
作品,8,7,0.1148,1709
コード,8,6,0.0984,1710
引っかける,8,8,0.1312,1711
かぶる,8,8,0.1312,1712
滑り込む,8,7,0.1148,1713
格技,8,8,0.1312,1714
結ぶ,8,7,0.1148,1715
夕方,8,8,0.1312,1716
女児,8,6,0.0984,1717
便器,8,6,0.0984,1718
硝子,8,8,0.1312,1719
背もたれ,8,8,0.1312,1720
車輪,8,8,0.1312,1721
帯,8,8,0.1312,1722
薪,8,4,0.0656,1723
キャップ,8,6,0.0984,1724
掌,8,8,0.1312,1725
上り,8,8,0.1312,1726
靴箱,8,7,0.1148,1727
違う,8,8,0.1312,1728
陰,8,8,0.1312,1729
選択,8,8,0.1312,1730
擦りむく,8,8,0.1312,1731
判断,8,8,0.1312,1732
心,8,7,0.1148,1733
替える,8,7,0.1148,1734
乗り出す,8,8,0.1312,1735
バレー,8,8,0.1312,1736
ギャラリー,8,6,0.0984,1737
動作,8,8,0.1312,1738
振り切る,8,8,0.1312,1739
鎌,8,4,0.0656,1740
新人,8,8,0.1312,1741
ムカデ,8,6,0.0984,1742
ラック,8,6,0.0984,1743
ベルト,8,4,0.0656,1744
沿い,8,8,0.1312,1745
支援,8,8,0.1312,1746
切り,8,8,0.1312,1747
こぶし,8,7,0.1148,1748
粘土,8,5,0.082,1749
継続,8,8,0.1312,1750
含む,8,8,0.1312,1751
男,8,7,0.1148,1752
かくれんぼ,8,8,0.1312,1753
基礎,8,8,0.1312,1754
提出,8,5,0.082,1755
工業,8,8,0.1312,1756
攻める,8,8,0.1312,1757
ぼやける,8,6,0.0984,1758
バトミントン,8,8,0.1312,1759
名前,8,7,0.1148,1760
中学校,8,8,0.1312,1761
羽根,8,3,0.0492,1762
寝る,8,8,0.1312,1763
ロング,8,7,0.1148,1764
矢,8,6,0.0984,1765
対戦,8,8,0.1312,1766
悪化,8,8,0.1312,1767
長縄,8,5,0.082,1768
試みる,8,8,0.1312,1769
神経症,8,8,0.1312,1770
消失,8,8,0.1312,1771
完走,8,7,0.1148,1772
緊急,8,8,0.1312,1773
仕掛ける,8,7,0.1148,1774
脈拍,8,8,0.1312,1775
確保,8,8,0.1312,1776
人さし指,8,8,0.1312,1777
落ち着く,8,6,0.0984,1778
プレス,8,5,0.082,1779
ピストル,7,4,0.0656,1780
ストレス,7,6,0.0984,1781
不安,7,7,0.1148,1782
難聴,7,7,0.1148,1783
呼び出す,7,7,0.1148,1784
研修,7,7,0.1148,1785
ベースボール,7,7,0.1148,1786
懸垂,7,7,0.1148,1787
感,7,6,0.0984,1788
人工芝,7,7,0.1148,1789
ぶらさがる,7,6,0.0984,1790
片足,7,6,0.0984,1791
公式,7,7,0.1148,1792
頭上,7,7,0.1148,1793
滑り台,7,6,0.0984,1794
着席,7,7,0.1148,1795
硬球,7,7,0.1148,1796
弓,7,5,0.082,1797
耐える,7,7,0.1148,1798
分の,7,6,0.0984,1799
仲間,7,6,0.0984,1800
気がつく,7,7,0.1148,1801
重ねる,7,7,0.1148,1802
吐く,7,7,0.1148,1803
心筋,7,7,0.1148,1804
歯科,7,7,0.1148,1805
つけ,7,6,0.0984,1806
モップ,7,6,0.0984,1807
呼び止める,7,7,0.1148,1808
フライパン,7,4,0.0656,1809
カップ,7,5,0.082,1810
格好,7,7,0.1148,1811
対抗,7,7,0.1148,1812
出口,7,7,0.1148,1813
厚い,7,7,0.1148,1814
スコップ,7,5,0.082,1815
あてる,7,7,0.1148,1816
付き添う,7,7,0.1148,1817
後半,7,7,0.1148,1818
あがる,7,7,0.1148,1819
予選,7,7,0.1148,1820
起こる,7,6,0.0984,1821
多量,7,7,0.1148,1822
付け,7,7,0.1148,1823
丸太,7,6,0.0984,1824
並べる,7,6,0.0984,1825
かぶさる,7,7,0.1148,1826
散歩,7,7,0.1148,1827
傷口,7,7,0.1148,1828
アスレチック,7,7,0.1148,1829
真ん中,7,7,0.1148,1830
閉じ込める,7,6,0.0984,1831
へる,7,7,0.1148,1832
犬,7,5,0.082,1833
ぐらつく,7,7,0.1148,1834
ひっくり返る,7,7,0.1148,1835
乗り上げる,7,7,0.1148,1836
よい,7,7,0.1148,1837
ままごと,7,6,0.0984,1838
本棚,7,7,0.1148,1839
バケツ,7,6,0.0984,1840
引きずる,7,7,0.1148,1841
二塁,7,7,0.1148,1842
美術,7,7,0.1148,1843
負荷,7,7,0.1148,1844
おく,7,7,0.1148,1845
平均,7,6,0.0984,1846
自習,7,7,0.1148,1847
あまる,7,7,0.1148,1848
ステンレス,7,7,0.1148,1849
ピン,7,6,0.0984,1850
促す,7,7,0.1148,1851
追い抜く,7,7,0.1148,1852
旋盤,7,5,0.082,1853
交差点,7,7,0.1148,1854
一時,7,7,0.1148,1855
狭い,7,7,0.1148,1856
中断,7,7,0.1148,1857
下り,7,7,0.1148,1858
ダンクシュート,7,7,0.1148,1859
大学,7,7,0.1148,1860
野外,7,7,0.1148,1861
裾,7,7,0.1148,1862
池,7,5,0.082,1863
横向き,7,6,0.0984,1864
植え込み,7,7,0.1148,1865
鉄板,7,6,0.0984,1866
双方,7,6,0.0984,1867
跳ね上がる,7,7,0.1148,1868
漕ぐ,7,5,0.082,1869
職場,7,7,0.1148,1870
課外,7,7,0.1148,1871
運転,7,7,0.1148,1872
ケンカ,7,5,0.082,1873
返却,7,7,0.1148,1874
顎骨,7,7,0.1148,1875
落書き,7,5,0.082,1876
馬,7,6,0.0984,1877
揚げ,7,7,0.1148,1878
社会,7,7,0.1148,1879
自身,7,7,0.1148,1880
針,7,4,0.0656,1881
垂直,7,7,0.1148,1882
普段,7,7,0.1148,1883
ホッケー,7,7,0.1148,1884
消す,7,7,0.1148,1885
はずす,7,7,0.1148,1886
同様,7,7,0.1148,1887
十分,7,7,0.1148,1888
フリスビー,7,5,0.082,1889
相手方,7,6,0.0984,1890
認める,7,7,0.1148,1891
下半身,7,6,0.0984,1892
大量,7,7,0.1148,1893
蒸発,7,2,0.0328,1894
興奮,7,7,0.1148,1895
ねじ,7,6,0.0984,1896
引っぱる,7,6,0.0984,1897
擦過,7,7,0.1148,1898
器械体操,7,7,0.1148,1899
対向,7,6,0.0984,1900
訓練,7,6,0.0984,1901
避難,7,6,0.0984,1902
阻止,7,7,0.1148,1903
すね,7,6,0.0984,1904
シャワー,7,7,0.1148,1905
用水路,7,5,0.082,1906
抵抗,7,7,0.1148,1907
パネル,7,4,0.0656,1908
差,7,7,0.1148,1909
熱中,7,5,0.082,1910
症候群,7,7,0.1148,1911
争い,7,7,0.1148,1912
算数,7,7,0.1148,1913
電話,7,5,0.082,1914
レーン,7,5,0.082,1915
顆骨折,7,7,0.1148,1916
顆上骨,7,7,0.1148,1917
打撲傷,7,7,0.1148,1918
脛骨,7,7,0.1148,1919
疲れる,7,7,0.1148,1920
補強,7,7,0.1148,1921
ベット,7,3,0.0492,1922
壊れる,7,6,0.0984,1923
間隔,7,6,0.0984,1924
本塁,7,7,0.1148,1925
殴打,7,7,0.1148,1926
竹とんぼ,7,4,0.0656,1927
ノート,7,7,0.1148,1928
前衛,7,6,0.0984,1929
後衛,7,7,0.1148,1930
三塁手,7,6,0.0984,1931
含める,7,7,0.1148,1932
改善,7,7,0.1148,1933
報告,7,7,0.1148,1934
時点,7,7,0.1148,1935
スクラム,7,6,0.0984,1936
取り組む,7,6,0.0984,1937
呼び掛ける,7,7,0.1148,1938
治まる,7,7,0.1148,1939
セーフティー,7,6,0.0984,1940
腹筋,7,6,0.0984,1941
顔色,7,7,0.1148,1942
詰まる,7,6,0.0984,1943
気道,7,7,0.1148,1944
蒼白,7,7,0.1148,1945
裁断,7,4,0.0656,1946
心拍,7,6,0.0984,1947
軟骨,7,3,0.0492,1948
歯車,7,2,0.0328,1949
栓,6,3,0.0492,1950
悪口,6,6,0.0984,1951
先生,6,6,0.0984,1952
ピッチング,6,6,0.0984,1953
親子,6,5,0.082,1954
よじ登る,6,6,0.0984,1955
感じ,6,6,0.0984,1956
上段,6,6,0.0984,1957
まとめる,6,6,0.0984,1958
ピラミッド,6,6,0.0984,1959
広い,6,6,0.0984,1960
期間,6,6,0.0984,1961
一つ,6,6,0.0984,1962
コントロール,6,6,0.0984,1963
大丈夫,6,6,0.0984,1964
保持,6,6,0.0984,1965
延長,6,6,0.0984,1966
合わせる,6,6,0.0984,1967
牛乳,6,4,0.0656,1968
集中,6,6,0.0984,1969
ホテル,6,6,0.0984,1970
業,6,6,0.0984,1971
務める,6,6,0.0984,1972
バイク,6,4,0.0656,1973
草むら,6,5,0.082,1974
すりむく,6,6,0.0984,1975
囲む,6,5,0.082,1976
雑談,6,6,0.0984,1977
kg,6,6,0.0984,1978
たれる,6,6,0.0984,1979
根元,6,6,0.0984,1980
投てき,6,5,0.082,1981
飛びつく,6,6,0.0984,1982
膝下,6,6,0.0984,1983
コップ,6,3,0.0492,1984
またがる,6,6,0.0984,1985
口元,6,6,0.0984,1986
南側,6,6,0.0984,1987
一方,6,6,0.0984,1988
空振り,6,6,0.0984,1989
補綴,6,6,0.0984,1990
砂糖,6,5,0.082,1991
多数,6,6,0.0984,1992
デッキ,6,4,0.0656,1993
ブラシ,6,3,0.0492,1994
一斉,6,5,0.082,1995
広範囲,6,6,0.0984,1996
不意,6,6,0.0984,1997
葉,6,5,0.082,1998
バラ,6,6,0.0984,1999
スクールバス,6,5,0.082,2000
ガス,6,5,0.082,2001
遠く,6,6,0.0984,2002
やすい,6,6,0.0984,2003
ノブ,6,6,0.0984,2004
地区,6,6,0.0984,2005
緩める,6,6,0.0984,2006
かわす,6,6,0.0984,2007
空気,6,4,0.0656,2008
正門,6,6,0.0984,2009
居る,6,6,0.0984,2010
とり,6,6,0.0984,2011
片づける,6,6,0.0984,2012
ふち,6,6,0.0984,2013
手の甲,6,6,0.0984,2014
越し,6,6,0.0984,2015
割り,6,6,0.0984,2016
のける,6,6,0.0984,2017
南,6,5,0.082,2018
つけ根,6,6,0.0984,2019
橈骨,6,6,0.0984,2020
ダンス,6,6,0.0984,2021
寄宿舎,6,5,0.082,2022
歯磨き,6,6,0.0984,2023
まわす,6,5,0.082,2024
折り返す,6,4,0.0656,2025
ヵ所,6,4,0.0656,2026
炊飯,6,6,0.0984,2027
読書,6,6,0.0984,2028
突進,6,6,0.0984,2029
あわてる,6,6,0.0984,2030
回旋,6,6,0.0984,2031
塔,6,6,0.0984,2032
化学,6,5,0.082,2033
ボルト,6,6,0.0984,2034
追突,6,6,0.0984,2035
あご,6,6,0.0984,2036
絵本,6,5,0.082,2037
手伝う,6,6,0.0984,2038
貼る,6,6,0.0984,2039
相談,6,4,0.0656,2040
個室,6,4,0.0656,2041
開閉,6,6,0.0984,2042
エタノール,6,2,0.0328,2043
机上,6,6,0.0984,2044
立ち止まる,6,6,0.0984,2045
引き寄せる,6,6,0.0984,2046
連続,6,6,0.0984,2047
視界,6,5,0.082,2048
まね,6,6,0.0984,2049
血,6,6,0.0984,2050
ひく,6,6,0.0984,2051
㎝）,6,6,0.0984,2052
ガスコンロ,6,6,0.0984,2053
転び,6,6,0.0984,2054
撮る,6,5,0.082,2055
のせる,6,6,0.0984,2056
完全,6,6,0.0984,2057
折りたたみ,6,6,0.0984,2058
約束,6,6,0.0984,2059
部位,6,6,0.0984,2060
腱,6,6,0.0984,2061
通用,6,6,0.0984,2062
マス,6,5,0.082,2063
講習,6,6,0.0984,2064
皮,6,6,0.0984,2065
着替える,6,6,0.0984,2066
みそ,6,2,0.0328,2067
汁,6,4,0.0656,2068
土手,6,6,0.0984,2069
届く,6,6,0.0984,2070
手伝い,6,6,0.0984,2071
突起,6,6,0.0984,2072
ペダル,6,6,0.0984,2073
脱ぐ,6,6,0.0984,2074
ドリル,6,4,0.0656,2075
シューズ,6,5,0.082,2076
構える,6,6,0.0984,2077
重み,6,5,0.082,2078
図画,6,6,0.0984,2079
割,6,6,0.0984,2080
アイロン,6,3,0.0492,2081
留め,6,5,0.082,2082
傷つける,6,6,0.0984,2083
巻き,6,5,0.082,2084
おこなう,6,6,0.0984,2085
マスク,6,6,0.0984,2086
装置,6,5,0.082,2087
前面,6,6,0.0984,2088
行い,6,6,0.0984,2089
向こう,6,6,0.0984,2090
擦過傷,6,6,0.0984,2091
積む,6,5,0.082,2092
ボックス,6,5,0.082,2093
ヘッド,6,6,0.0984,2094
現れる,6,6,0.0984,2095
窓側,6,6,0.0984,2096
吹き抜け,6,6,0.0984,2097
突き刺さる,6,6,0.0984,2098
飾り,6,5,0.082,2099
整列,6,6,0.0984,2100
すくう,6,6,0.0984,2101
通り抜ける,6,6,0.0984,2102
押さえつける,6,6,0.0984,2103
色,6,6,0.0984,2104
挫滅創,6,6,0.0984,2105
込み,6,6,0.0984,2106
バンド,6,5,0.082,2107
複合,6,6,0.0984,2108
見つかる,6,6,0.0984,2109
歩ける,6,6,0.0984,2110
頭蓋骨,6,6,0.0984,2111
脚長,6,6,0.0984,2112
嗅覚,6,6,0.0984,2113
携帯,6,5,0.082,2114
仕切り,6,4,0.0656,2115
白玉,6,2,0.0328,2116
役割,6,5,0.082,2117
B,6,4,0.0656,2118
術後,6,6,0.0984,2119
セーフティ,6,6,0.0984,2120
橈骨遠,6,5,0.082,2121
ホワイト,6,3,0.0492,2122
学園,6,6,0.0984,2123
段違い,6,6,0.0984,2124
羽,6,4,0.0656,2125
プラスティック,6,4,0.0656,2126
ささい,6,6,0.0984,2127
処理,6,6,0.0984,2128
監督,6,6,0.0984,2129
照明,6,5,0.082,2130
飛び越す,6,6,0.0984,2131
異物,6,5,0.082,2132
遊撃手,6,4,0.0656,2133
グラブ,6,6,0.0984,2134
経つ,6,5,0.082,2135
ダンベル,6,4,0.0656,2136
ボレー,6,5,0.082,2137
牽制,6,5,0.082,2138
刀,6,5,0.082,2139
ひざ,6,6,0.0984,2140
光,6,5,0.082,2141
訴え,6,6,0.0984,2142
イレギュラーバウンド,6,6,0.0984,2143
脳震盪,6,6,0.0984,2144
ルーム,6,6,0.0984,2145
変性,6,6,0.0984,2146
回収,6,5,0.082,2147
休日,6,6,0.0984,2148
支え,6,6,0.0984,2149
事件,6,6,0.0984,2150
抱え込む,6,5,0.082,2151
防護,6,6,0.0984,2152
与える,6,6,0.0984,2153
化,6,4,0.0656,2154
盲,6,6,0.0984,2155
虹彩,6,6,0.0984,2156
脈絡,6,6,0.0984,2157
緑内障,6,6,0.0984,2158
傍ら,6,6,0.0984,2159
板材,6,4,0.0656,2160
上前,6,6,0.0984,2161
自発,6,6,0.0984,2162
困難,6,5,0.082,2163
大内,6,6,0.0984,2164
水面,6,6,0.0984,2165
環,6,5,0.082,2166
蝶番,6,6,0.0984,2167
扇風機,6,5,0.082,2168
はしご,6,4,0.0656,2169
陰部,6,6,0.0984,2170
椎,6,5,0.082,2171
玉,5,5,0.082,2172
オフェンス,5,5,0.082,2173
蛇口,5,5,0.082,2174
学生,5,3,0.0492,2175
はり,5,5,0.082,2176
翌朝,5,5,0.082,2177
もめる,5,5,0.082,2178
アーム,5,4,0.0656,2179
運び出す,5,5,0.082,2180
つぶれる,5,5,0.082,2181
進入,5,5,0.082,2182
コンビネーション,5,5,0.082,2183
集まる,5,5,0.082,2184
たてる,5,5,0.082,2185
済ませる,5,5,0.082,2186
夜間,5,5,0.082,2187
弓道,5,5,0.082,2188
個,5,5,0.082,2189
遅い,5,5,0.082,2190
はさまる,5,5,0.082,2191
泥,5,4,0.0656,2192
向う,5,5,0.082,2193
歩き,5,5,0.082,2194
腎,5,3,0.0492,2195
続行,5,5,0.082,2196
口腔,5,5,0.082,2197
看板,5,5,0.082,2198
手甲,5,5,0.082,2199
近づける,5,5,0.082,2200
ポート,5,5,0.082,2201
上口,5,5,0.082,2202
押し合い,5,5,0.082,2203
止まれる,5,5,0.082,2204
姿,5,5,0.082,2205
ごみ,5,5,0.082,2206
話し合い,5,5,0.082,2207
揚げる,5,5,0.082,2208
岩,5,4,0.0656,2209
土,5,4,0.0656,2210
花,5,5,0.082,2211
金網,5,4,0.0656,2212
国語,5,5,0.082,2213
申し出る,5,4,0.0656,2214
遅刻,5,4,0.0656,2215
壁面,5,4,0.0656,2216
ダンボール,5,4,0.0656,2217
つき,5,4,0.0656,2218
東,5,1,0.0164,2219
制,5,5,0.082,2220
レバー,5,5,0.082,2221
伸びる,5,5,0.082,2222
茹でる,5,4,0.0656,2223
写真,5,5,0.082,2224
鉄柱,5,4,0.0656,2225
下足,5,5,0.082,2226
からまる,5,5,0.082,2227
わき,5,5,0.082,2228
境,5,5,0.082,2229
きっかけ,5,5,0.082,2230
踏みつける,5,5,0.082,2231
ナイフ,5,4,0.0656,2232
吊る,5,5,0.082,2233
曲がり角,5,5,0.082,2234
家庭科,5,5,0.082,2235
つっこむ,5,5,0.082,2236
靱帯,5,4,0.0656,2237
エッジ,5,5,0.082,2238
海,5,5,0.082,2239
波,5,5,0.082,2240
うさぎ,5,3,0.0492,2241
転換,5,5,0.082,2242
後ずさる,5,5,0.082,2243
燃え移る,5,4,0.0656,2244
手のひら,5,5,0.082,2245
走り抜ける,5,5,0.082,2246
防具,5,5,0.082,2247
いたずら,5,5,0.082,2248
管,5,3,0.0492,2249
投入,5,4,0.0656,2250
歌,5,5,0.082,2251
下車,5,5,0.082,2252
かえる,5,5,0.082,2253
気持ち,5,5,0.082,2254
ガーゼ,5,5,0.082,2255
太鼓,5,2,0.0328,2256
飛び乗る,5,5,0.082,2257
田んぼ,5,4,0.0656,2258
着,5,5,0.082,2259
打ち上げる,5,5,0.082,2260
飯ごう,5,5,0.082,2261
カミソリ,5,2,0.0328,2262
覗く,5,5,0.082,2263
勘違い,5,5,0.082,2264
前かがみ,5,5,0.082,2265
左折,5,5,0.082,2266
北側,5,5,0.082,2267
枚,5,4,0.0656,2268
寄りかかる,5,5,0.082,2269
水槽,5,3,0.0492,2270
踏み切り,5,4,0.0656,2271
必要,5,5,0.082,2272
戸外,5,5,0.082,2273
捕まる,5,5,0.082,2274
接種,5,3,0.0492,2275
お玉,5,3,0.0492,2276
むく,5,5,0.082,2277
動き出す,5,5,0.082,2278
絡む,5,5,0.082,2279
危険,5,5,0.082,2280
見せる,5,5,0.082,2281
上方,5,5,0.082,2282
凍る,5,5,0.082,2283
新聞紙,5,4,0.0656,2284
つくる,5,5,0.082,2285
抱きつく,5,5,0.082,2286
知らせる,5,5,0.082,2287
ハウス,5,4,0.0656,2288
カバン,5,4,0.0656,2289
材料,5,4,0.0656,2290
教材,5,5,0.082,2291
マンホール,5,5,0.082,2292
舎,5,4,0.0656,2293
書く,5,5,0.082,2294
メンバー,5,5,0.082,2295
信号,5,5,0.082,2296
診察,5,5,0.082,2297
中段,5,5,0.082,2298
芝生,5,5,0.082,2299
加湿,5,3,0.0492,2300
カー,5,3,0.0492,2301
邪魔,5,5,0.082,2302
軍手,5,5,0.082,2303
口前,5,5,0.082,2304
スキップ,5,5,0.082,2305
すき間,5,5,0.082,2306
勉強,5,5,0.082,2307
ふる,5,5,0.082,2308
こぐ,5,5,0.082,2309
左端,5,5,0.082,2310
追い越す,5,5,0.082,2311
ステップ,5,5,0.082,2312
づくり,5,5,0.082,2313
付着,5,5,0.082,2314
アンカー,5,5,0.082,2315
読む,5,5,0.082,2316
バチ,5,3,0.0492,2317
往復,5,5,0.082,2318
側壁,5,5,0.082,2319
点火,5,4,0.0656,2320
囲う,5,5,0.082,2321
後続,5,5,0.082,2322
ホース,5,4,0.0656,2323
ホウキ,5,2,0.0328,2324
調子,5,4,0.0656,2325
スタンツ,5,5,0.082,2326
失神,5,5,0.082,2327
ぶる,5,5,0.082,2328
石灰,5,3,0.0492,2329
生地,5,3,0.0492,2330
洗浄,5,5,0.082,2331
小さい,5,5,0.082,2332
スープ,5,3,0.0492,2333
員,5,5,0.082,2334
はめる,5,5,0.082,2335
､,5,3,0.0492,2336
駆け寄る,5,5,0.082,2337
ピロティ,5,4,0.0656,2338
接近,5,5,0.082,2339
張り出す,5,5,0.082,2340
股,5,5,0.082,2341
入浴,5,4,0.0656,2342
通りかかる,5,5,0.082,2343
解く,5,4,0.0656,2344
偶然,5,5,0.082,2345
砂,5,5,0.082,2346
挨拶,5,5,0.082,2347
押し倒す,5,5,0.082,2348
橋,5,5,0.082,2349
走り,5,5,0.082,2350
手当,5,5,0.082,2351
殴り合い,5,5,0.082,2352
横たわる,5,5,0.082,2353
振り,5,5,0.082,2354
覆う,5,5,0.082,2355
くれる,5,5,0.082,2356
帽子,5,4,0.0656,2357
ほお骨,5,5,0.082,2358
半月,5,5,0.082,2359
実技,5,5,0.082,2360
対応,5,5,0.082,2361
打順,5,5,0.082,2362
－,5,3,0.0492,2363
踏切,5,5,0.082,2364
スリップ,5,5,0.082,2365
寝転がる,5,5,0.082,2366
段ボール,5,3,0.0492,2367
連れる,5,5,0.082,2368
腓骨,5,5,0.082,2369
外科,5,4,0.0656,2370
寝かせる,5,5,0.082,2371
返る,5,5,0.082,2372
春休み,5,5,0.082,2373
計画,5,4,0.0656,2374
飛球,5,4,0.0656,2375
棒高跳び,5,5,0.082,2376
林間,5,5,0.082,2377
トンボ,5,3,0.0492,2378
補,5,5,0.082,2379
軌道,5,4,0.0656,2380
彫刻,5,5,0.082,2381
角度,5,5,0.082,2382
得る,5,5,0.082,2383
フィルム,5,2,0.0328,2384
水晶,5,5,0.082,2385
殺る,5,5,0.082,2386
わら,5,3,0.0492,2387
座り,5,5,0.082,2388
ポイント,5,4,0.0656,2389
朦朧,5,5,0.082,2390
当時,5,5,0.082,2391
農業,5,5,0.082,2392
ねじれる,5,5,0.082,2393
ターザンロープ,5,3,0.0492,2394
ボールペン,5,2,0.0328,2395
自ら,5,5,0.082,2396
宿舎,5,5,0.082,2397
通す,5,4,0.0656,2398
武道館,5,5,0.082,2399
挿入,5,4,0.0656,2400
塁間,5,5,0.082,2401
診療,5,4,0.0656,2402
スパーリング,5,4,0.0656,2403
体育館前,5,4,0.0656,2404
取り除く,5,5,0.082,2405
教職員,5,5,0.082,2406
裂孔原,5,4,0.0656,2407
もうろう,5,5,0.082,2408
教官,5,5,0.082,2409
凶行,5,5,0.082,2410
不自然,5,5,0.082,2411
交互,5,5,0.082,2412
列車,5,4,0.0656,2413
疾走,5,5,0.082,2414
ビート,5,4,0.0656,2415
のしかかる,5,5,0.082,2416
張り出し,5,2,0.0328,2417
沈む,5,5,0.082,2418
内股,5,5,0.082,2419
駆けつける,5,5,0.082,2420
ひねり,5,5,0.082,2421
ラン,5,5,0.082,2422
腰痛,5,4,0.0656,2423
骨盤,5,5,0.082,2424
増す,5,5,0.082,2425
くも膜,5,5,0.082,2426
ウエイト,5,4,0.0656,2427
とれる,5,5,0.082,2428
示指,5,5,0.082,2429
スピーカー,5,2,0.0328,2430
用いる,5,5,0.082,2431
人指し指,5,5,0.082,2432
スライド,5,5,0.082,2433
時刻,5,5,0.082,2434
重り,5,3,0.0492,2435
洗濯,5,2,0.0328,2436
鳴らす,4,4,0.0656,2437
短距離,4,4,0.0656,2438
引率,4,4,0.0656,2439
箸,4,4,0.0656,2440
待ち時間,4,4,0.0656,2441
はらう,4,3,0.0492,2442
足場,4,3,0.0492,2443
圧力,4,4,0.0656,2444
寒い,4,4,0.0656,2445
ひじ,4,4,0.0656,2446
２つ,4,4,0.0656,2447
ミーティング,4,4,0.0656,2448
問いかける,4,4,0.0656,2449
持病,4,4,0.0656,2450
襲う,4,4,0.0656,2451
クロス,4,4,0.0656,2452
早朝,4,4,0.0656,2453
スペース,4,4,0.0656,2454
線路,4,3,0.0492,2455
びっくり,4,4,0.0656,2456
ロック,4,4,0.0656,2457
接合,4,4,0.0656,2458
掃く,4,2,0.0328,2459
発熱,4,4,0.0656,2460
簡易,4,4,0.0656,2461
交流,4,4,0.0656,2462
些細,4,4,0.0656,2463
そしゃく,4,4,0.0656,2464
流動,4,4,0.0656,2465
気球,4,1,0.0164,2466
燃える,4,4,0.0656,2467
注ぐ,4,4,0.0656,2468
溶かす,4,4,0.0656,2469
試験管,4,3,0.0492,2470
逆,4,4,0.0656,2471
口角,4,4,0.0656,2472
科学,4,4,0.0656,2473
こぼす,4,4,0.0656,2474
台座,4,3,0.0492,2475
出入り,4,4,0.0656,2476
打ち切る,4,4,0.0656,2477
桟,4,4,0.0656,2478
喧嘩,4,4,0.0656,2479
工事,4,4,0.0656,2480
急激,4,4,0.0656,2481
鈍い,4,4,0.0656,2482
進路,4,4,0.0656,2483
むける,4,4,0.0656,2484
ノッカー,4,3,0.0492,2485
留める,4,4,0.0656,2486
幹,4,4,0.0656,2487
新入生,4,4,0.0656,2488
小雨,4,4,0.0656,2489
積木,4,2,0.0328,2490
排泄,4,4,0.0656,2491
残す,4,4,0.0656,2492
滑らす,4,4,0.0656,2493
木の根,4,4,0.0656,2494
昇る,4,4,0.0656,2495
かけあい,4,4,0.0656,2496
教壇,4,4,0.0656,2497
図書館,4,3,0.0492,2498
刃先,4,4,0.0656,2499
髪の毛,4,4,0.0656,2500
口げんか,4,4,0.0656,2501
英語,4,4,0.0656,2502
でる,4,4,0.0656,2503
払い,4,4,0.0656,2504
抑える,4,4,0.0656,2505
沸かす,4,4,0.0656,2506
入学,4,3,0.0492,2507
予定,4,4,0.0656,2508
砂利,4,4,0.0656,2509
かむ,4,4,0.0656,2510
持ち出す,4,4,0.0656,2511
もつ,4,4,0.0656,2512
上唇,4,4,0.0656,2513
プレイルーム,4,4,0.0656,2514
㎝、,4,3,0.0492,2515
子ども,4,3,0.0492,2516
突き飛ばす,4,4,0.0656,2517
割り箸,4,3,0.0492,2518
早退,4,3,0.0492,2519
ひっぱる,4,4,0.0656,2520
かけ,4,4,0.0656,2521
あける,4,4,0.0656,2522
中間,4,4,0.0656,2523
演奏,4,3,0.0492,2524
歌う,4,3,0.0492,2525
こうもり,4,4,0.0656,2526
真下,4,4,0.0656,2527
拾い上げる,4,4,0.0656,2528
遮る,4,4,0.0656,2529
桜,4,4,0.0656,2530
細い,4,4,0.0656,2531
子供,4,4,0.0656,2532
あて,4,4,0.0656,2533
のぼり,4,4,0.0656,2534
U,4,2,0.0328,2535
加熱,4,4,0.0656,2536
め,4,4,0.0656,2537
移す,4,4,0.0656,2538
きく,4,4,0.0656,2539
持参,4,4,0.0656,2540
ジャージ,4,4,0.0656,2541
面部,4,4,0.0656,2542
介,4,3,0.0492,2543
引き戸,4,3,0.0492,2544
自動車,4,4,0.0656,2545
出かける,4,4,0.0656,2546
門扉,4,4,0.0656,2547
記念,4,3,0.0492,2548
碑,4,2,0.0328,2549
ケロイド,4,4,0.0656,2550
勧める,4,4,0.0656,2551
教える,4,4,0.0656,2552
入り,4,3,0.0492,2553
ごま,4,2,0.0328,2554
凹凸,4,4,0.0656,2555
体制,4,4,0.0656,2556
フラ,4,2,0.0328,2557
積み上げる,4,4,0.0656,2558
釜戸,4,2,0.0328,2559
すりガラス,4,4,0.0656,2560
足下,4,4,0.0656,2561
デッドボール,4,4,0.0656,2562
つば,4,4,0.0656,2563
はね返る,4,4,0.0656,2564
預かる,4,4,0.0656,2565
削ぐ,4,4,0.0656,2566
幼稚園,4,4,0.0656,2567
伝える,4,4,0.0656,2568
貸す,4,3,0.0492,2569
踏み台,4,4,0.0656,2570
プレート,4,4,0.0656,2571
中身,4,4,0.0656,2572
流し台,4,3,0.0492,2573
突き抜ける,4,4,0.0656,2574
植える,4,4,0.0656,2575
園芸,4,4,0.0656,2576
北,4,4,0.0656,2577
上履き,4,4,0.0656,2578
中学生,4,4,0.0656,2579
バス停,4,4,0.0656,2580
集積,4,4,0.0656,2581
対面,4,3,0.0492,2582
踏みはずす,4,4,0.0656,2583
タイル,4,4,0.0656,2584
泣き声,4,4,0.0656,2585
フープ,4,2,0.0328,2586
べっ甲,4,3,0.0492,2587
稲刈り,4,3,0.0492,2588
リフト,4,4,0.0656,2589
ターン,4,4,0.0656,2590
湯煎,4,2,0.0328,2591
凧,4,4,0.0656,2592
カッター,4,4,0.0656,2593
慣れる,4,4,0.0656,2594
のぼる,4,4,0.0656,2595
上昇,4,3,0.0492,2596
材,4,3,0.0492,2597
被服,4,4,0.0656,2598
蛍光,4,3,0.0492,2599
灯,4,3,0.0492,2600
はずれ,4,4,0.0656,2601
充血,4,4,0.0656,2602
向かい合う,4,4,0.0656,2603
種,4,4,0.0656,2604
ケガ,4,4,0.0656,2605
ピロ,4,3,0.0492,2606
１つ,4,4,0.0656,2607
投げ飛ばす,4,4,0.0656,2608
着る,4,4,0.0656,2609
助け,4,4,0.0656,2610
求める,4,4,0.0656,2611
さしかかる,4,4,0.0656,2612
手元,4,4,0.0656,2613
トップ,4,4,0.0656,2614
速度,4,4,0.0656,2615
肋木,4,4,0.0656,2616
植物,4,4,0.0656,2617
野菜,4,4,0.0656,2618
踏ん張る,4,4,0.0656,2619
流血,4,4,0.0656,2620
伝う,4,4,0.0656,2621
近付く,4,4,0.0656,2622
駐輪場,4,4,0.0656,2623
れっする,4,4,0.0656,2624
味噌汁,4,4,0.0656,2625
オトガイ,4,3,0.0492,2626
またぐ,4,4,0.0656,2627
歩道橋,4,4,0.0656,2628
かすめる,4,4,0.0656,2629
まく,4,4,0.0656,2630
ハサミ,4,3,0.0492,2631
考査,4,4,0.0656,2632
地,4,4,0.0656,2633
船,4,3,0.0492,2634
踏み切る,4,4,0.0656,2635
すり,4,3,0.0492,2636
心身,4,3,0.0492,2637
毎,4,4,0.0656,2638
迎える,4,4,0.0656,2639
破る,4,4,0.0656,2640
ゲレンデ,4,4,0.0656,2641
食堂,4,3,0.0492,2642
DF,4,3,0.0492,2643
からだ,4,4,0.0656,2644
サーキット,4,4,0.0656,2645
梁,4,4,0.0656,2646
帰り支度,4,4,0.0656,2647
合間,4,4,0.0656,2648
勝手,4,4,0.0656,2649
立ち上がり,4,4,0.0656,2650
肢体,4,4,0.0656,2651
ターゲット,4,4,0.0656,2652
バード,4,4,0.0656,2653
レフト,4,4,0.0656,2654
太鼓橋,4,4,0.0656,2655
あいさつ,4,4,0.0656,2656
交差,4,4,0.0656,2657
アキレス腱,4,2,0.0328,2658
エバーマット,4,4,0.0656,2659
使い方,4,4,0.0656,2660
綱引き,4,4,0.0656,2661
誤り,4,4,0.0656,2662
散水,4,2,0.0328,2663
スプリング,4,4,0.0656,2664
腕相撲,4,4,0.0656,2665
影,4,3,0.0492,2666
跡,4,2,0.0328,2667
移植,4,4,0.0656,2668
溶接,4,4,0.0656,2669
グラインダー,4,3,0.0492,2670
内容,4,4,0.0656,2671
車両,4,4,0.0656,2672
車線,4,3,0.0492,2673
収納,4,4,0.0656,2674
競り合い,4,4,0.0656,2675
小脳,4,4,0.0656,2676
旗,4,4,0.0656,2677
踵,4,4,0.0656,2678
酸素,4,4,0.0656,2679
バール,4,1,0.0164,2680
度目,4,4,0.0656,2681
就寝,4,4,0.0656,2682
巡視,4,4,0.0656,2683
そこねる,4,4,0.0656,2684
高め,4,4,0.0656,2685
ストレート,4,4,0.0656,2686
エスカレート,4,4,0.0656,2687
はじめる,4,4,0.0656,2688
ささる,4,4,0.0656,2689
パートナー,4,4,0.0656,2690
跳ね返り,4,4,0.0656,2691
くすぐる,4,4,0.0656,2692
通り,4,4,0.0656,2693
乱打,4,3,0.0492,2694
コンタクトレンズ,4,3,0.0492,2695
検定,4,3,0.0492,2696
太い,4,4,0.0656,2697
ブルペン,4,4,0.0656,2698
ミス,4,4,0.0656,2699
重,4,4,0.0656,2700
ディフェンダー,4,4,0.0656,2701
づらい,4,4,0.0656,2702
プッシュ,4,3,0.0492,2703
尖る,4,4,0.0656,2704
弁当,4,4,0.0656,2705
変,4,4,0.0656,2706
こ,4,4,0.0656,2707
ロケット,4,3,0.0492,2708
ノー,4,4,0.0656,2709
コンタクト,4,3,0.0492,2710
静か,4,3,0.0492,2711
弾く,4,4,0.0656,2712
ラジオ,4,3,0.0492,2713
画鋲,4,2,0.0328,2714
申し出,4,4,0.0656,2715
陥る,4,4,0.0656,2716
転送,4,2,0.0328,2717
羽子板,4,1,0.0164,2718
なくす,4,4,0.0656,2719
突き出す,4,4,0.0656,2720
自室,4,3,0.0492,2721
おもり,4,3,0.0492,2722
たつ,4,4,0.0656,2723
ブリッジ,4,4,0.0656,2724
乱れる,4,4,0.0656,2725
アクリル,4,2,0.0328,2726
疑い,4,4,0.0656,2727
反る,4,4,0.0656,2728
送り,4,2,0.0328,2729
低め,4,4,0.0656,2730
角材,4,4,0.0656,2731
脱力,4,4,0.0656,2732
保つ,4,4,0.0656,2733
トレ,4,4,0.0656,2734
変化,4,4,0.0656,2735
道部,4,4,0.0656,2736
初日,4,4,0.0656,2737
給水,4,3,0.0492,2738
消し,4,4,0.0656,2739
消毒,4,4,0.0656,2740
居合わせる,4,4,0.0656,2741
折りたたむ,4,4,0.0656,2742
点,4,4,0.0656,2743
鳥,4,3,0.0492,2744
重度,4,4,0.0656,2745
後遺症,4,4,0.0656,2746
どんぐり,4,2,0.0328,2747
穿孔,4,4,0.0656,2748
日間,4,4,0.0656,2749
萎縮,4,4,0.0656,2750
容態,4,4,0.0656,2751
踏み込む,4,4,0.0656,2752
脳症,4,4,0.0656,2753
㎞,4,4,0.0656,2754
屈曲,4,4,0.0656,2755
具合,4,4,0.0656,2756
中止,4,4,0.0656,2757
侵入,4,4,0.0656,2758
立ち上がれる,4,4,0.0656,2759
半,4,4,0.0656,2760
インターバル,4,4,0.0656,2761
押し込む,4,4,0.0656,2762
いびき,4,4,0.0656,2763
メーカー,4,4,0.0656,2764
東側,4,3,0.0492,2765
浄化槽,4,2,0.0328,2766
吐気,4,4,0.0656,2767
不調,4,4,0.0656,2768
通院,4,4,0.0656,2769
軽度,4,4,0.0656,2770
築山,4,4,0.0656,2771
解離,4,3,0.0492,2772
尾骨,4,4,0.0656,2773
遠のく,4,4,0.0656,2774
スクワット,4,4,0.0656,2775
施行,4,3,0.0492,2776
甲骨,4,4,0.0656,2777
鏡,4,2,0.0328,2778
息苦しい,4,4,0.0656,2779
教頭,4,4,0.0656,2780
ボキッ,4,4,0.0656,2781
せき髄,4,4,0.0656,2782
拘る,4,4,0.0656,2783
縮,4,4,0.0656,2784
三角巾,4,4,0.0656,2785
牛,4,1,0.0164,2786
スクリュー,4,1,0.0164,2787
飼料,4,1,0.0164,2788
ポリッシャー,4,2,0.0328,2789
人差指,4,3,0.0492,2790
ロール,4,2,0.0328,2791
突き指,4,4,0.0656,2792
尻餅,4,4,0.0656,2793
化膿,4,4,0.0656,2794
あぐら,4,4,0.0656,2795
撃つ,3,2,0.0328,2796
事前,3,2,0.0328,2797
片側,3,3,0.0492,2798
退る,3,2,0.0328,2799
食欲,3,3,0.0492,2800
大声,3,3,0.0492,2801
ダイレクト,3,3,0.0492,2802
暴力,3,3,0.0492,2803
保育園,3,3,0.0492,2804
計,3,2,0.0328,2805
気温,3,3,0.0492,2806
笑う,3,2,0.0328,2807
隙,3,3,0.0492,2808
つつく,3,3,0.0492,2809
耳元,3,3,0.0492,2810
紹介,3,3,0.0492,2811
キャンプ,3,3,0.0492,2812
所定,3,3,0.0492,2813
物理,3,3,0.0492,2814
洗い,3,3,0.0492,2815
いれる,3,3,0.0492,2816
カゴ,3,3,0.0492,2817
バッグ,3,3,0.0492,2818
組立,3,3,0.0492,2819
受け手,3,1,0.0164,2820
劇,3,3,0.0492,2821
仕事,3,3,0.0492,2822
忘れ物,3,3,0.0492,2823
リンパ,3,3,0.0492,2824
つる,3,3,0.0492,2825
叫ぶ,3,3,0.0492,2826
四方,3,3,0.0492,2827
喪失,3,3,0.0492,2828
離,3,3,0.0492,2829
頭骨,3,3,0.0492,2830
身支度,3,3,0.0492,2831
升,3,2,0.0328,2832
路肩,3,3,0.0492,2833
しがみつく,3,3,0.0492,2834
スケート,3,3,0.0492,2835
根,3,3,0.0492,2836
開催,3,3,0.0492,2837
カラー,3,3,0.0492,2838
首筋,3,3,0.0492,2839
主,3,3,0.0492,2840
重症,3,3,0.0492,2841
黒い,3,3,0.0492,2842
新しい,3,3,0.0492,2843
容器,3,3,0.0492,2844
折る,3,3,0.0492,2845
ビデオ,3,3,0.0492,2846
別れる,3,3,0.0492,2847
コンロ,3,3,0.0492,2848
のべる,3,3,0.0492,2849
はがれる,3,3,0.0492,2850
ろう,3,3,0.0492,2851
舗装,3,3,0.0492,2852
設定,3,3,0.0492,2853
松葉杖,3,3,0.0492,2854
不自由,3,3,0.0492,2855
現地,3,3,0.0492,2856
/,3,3,0.0492,2857
引き込む,3,3,0.0492,2858
撤去,3,3,0.0492,2859
展示,3,3,0.0492,2860
像,3,1,0.0164,2861
ひとつ,3,3,0.0492,2862
右折,3,3,0.0492,2863
飛び跳ねる,3,2,0.0328,2864
ジム,3,3,0.0492,2865
どく,3,3,0.0492,2866
鉄柵,3,3,0.0492,2867
くぼむ,3,3,0.0492,2868
けい,3,3,0.0492,2869
農具,3,1,0.0164,2870
挟み撃ち,3,3,0.0492,2871
足掛け,3,3,0.0492,2872
じゃがいも,3,3,0.0492,2873
受け,3,3,0.0492,2874
通り過ぎる,3,3,0.0492,2875
しゃがみこむ,3,3,0.0492,2876
樹木,3,2,0.0328,2877
転げ落ちる,3,3,0.0492,2878
確かめる,3,3,0.0492,2879
天窓,3,3,0.0492,2880
木片,3,3,0.0492,2881
木刀,3,2,0.0328,2882
ソファー,3,3,0.0492,2883
折り返し,3,3,0.0492,2884
向,3,3,0.0492,2885
消火栓,3,3,0.0492,2886
時計,3,3,0.0492,2887
傾,3,3,0.0492,2888
押し出す,3,3,0.0492,2889
飛び出る,3,3,0.0492,2890
跳ね,3,3,0.0492,2891
車道,3,3,0.0492,2892
当て,3,3,0.0492,2893
跳びつく,3,2,0.0328,2894
保冷,3,2,0.0328,2895
鑑賞,3,3,0.0492,2896
計測,3,3,0.0492,2897
左前,3,3,0.0492,2898
戸棚,3,2,0.0328,2899
補習,3,3,0.0492,2900
成功,3,3,0.0492,2901
単元,3,3,0.0492,2902
黙る,3,3,0.0492,2903
ワーク,3,3,0.0492,2904
中休み,3,3,0.0492,2905
キャスター,3,3,0.0492,2906
多目的,3,3,0.0492,2907
のぞく,3,3,0.0492,2908
夢中,3,3,0.0492,2909
空き地,3,3,0.0492,2910
発展,3,3,0.0492,2911
細工,3,2,0.0328,2912
磨く,3,3,0.0492,2913
リール,3,2,0.0328,2914
立,3,3,0.0492,2915
木の実,3,3,0.0492,2916
掲示板,3,3,0.0492,2917
正座,3,3,0.0492,2918
腿,3,3,0.0492,2919
とがる,3,3,0.0492,2920
冷える,3,3,0.0492,2921
束ねる,3,3,0.0492,2922
急ぎ足,3,3,0.0492,2923
はんだ,3,2,0.0328,2924
ごてる,3,2,0.0328,2925
治癒,3,3,0.0492,2926
橈,3,3,0.0492,2927
ねじる,3,3,0.0492,2928
フライドポテト,3,2,0.0328,2929
運,3,3,0.0492,2930
俵,3,2,0.0328,2931
かつぐ,3,3,0.0492,2932
リーグ,3,3,0.0492,2933
巻き上げる,3,2,0.0328,2934
目尻,3,3,0.0492,2935
まゆ,3,2,0.0328,2936
がる,3,3,0.0492,2937
牛乳パック,3,2,0.0328,2938
揺する,3,3,0.0492,2939
白い,3,3,0.0492,2940
つなぎ,3,3,0.0492,2941
どんぶり,3,2,0.0328,2942
ホット,3,3,0.0492,2943
ズック,3,2,0.0328,2944
ぶつ,3,2,0.0328,2945
たたき,3,3,0.0492,2946
木の下,3,3,0.0492,2947
飛散,3,3,0.0492,2948
多い,3,3,0.0492,2949
通園,3,2,0.0328,2950
四つん這い,3,3,0.0492,2951
奪い合い,3,3,0.0492,2952
長,3,3,0.0492,2953
鉄砲,3,2,0.0328,2954
稲,3,3,0.0492,2955
刈る,3,3,0.0492,2956
あやまる,3,3,0.0492,2957
治る,3,3,0.0492,2958
見送る,3,3,0.0492,2959
湯船,3,1,0.0164,2960
浸かる,3,2,0.0328,2961
寄り,3,2,0.0328,2962
怒り,3,3,0.0492,2963
おさまる,3,3,0.0492,2964
帰,3,3,0.0492,2965
返し,3,3,0.0492,2966
過度,3,3,0.0492,2967
トレイ,3,2,0.0328,2968
おかず,3,3,0.0492,2969
もどる,3,3,0.0492,2970
かなり,3,3,0.0492,2971
前部,3,3,0.0492,2972
縫う,3,3,0.0492,2973
設営,3,3,0.0492,2974
フライング,3,3,0.0492,2975
締める,3,3,0.0492,2976
局所,3,3,0.0492,2977
火薬,3,2,0.0328,2978
認定,3,3,0.0492,2979
所属,3,3,0.0492,2980
ソフト,3,3,0.0492,2981
温める,3,3,0.0492,2982
ウサギ,3,2,0.0328,2983
逃げ,3,3,0.0492,2984
ジャンパー,3,3,0.0492,2985
緩やか,3,3,0.0492,2986
手当て,3,3,0.0492,2987
草刈,3,2,0.0328,2988
狂う,3,3,0.0492,2989
浴室,3,3,0.0492,2990
浴槽,3,2,0.0328,2991
汲む,3,3,0.0492,2992
不足,3,3,0.0492,2993
側臥,3,3,0.0492,2994
少ない,3,3,0.0492,2995
洗い場,3,3,0.0492,2996
入室,3,3,0.0492,2997
通行,3,3,0.0492,2998
寄せる,3,3,0.0492,2999
けがす,3,3,0.0492,3000
ヶ所,3,3,0.0492,3001
切りつける,3,3,0.0492,3002
乗車,3,3,0.0492,3003
脛,3,3,0.0492,3004
毛布,3,2,0.0328,3005
温,3,3,0.0492,3006
高温,3,3,0.0492,3007
調,3,3,0.0492,3008
乳,3,3,0.0492,3009
絵,3,3,0.0492,3010
庫,3,3,0.0492,3011
しろい,3,3,0.0492,3012
よろめく,3,3,0.0492,3013
くらむ,3,3,0.0492,3014
戦い,3,3,0.0492,3015
欠ける,3,3,0.0492,3016
体感,3,2,0.0328,3017
上靴,3,3,0.0492,3018
のけぞる,3,3,0.0492,3019
バク,3,3,0.0492,3020
がん,3,3,0.0492,3021
期末,3,3,0.0492,3022
かぶせる,3,3,0.0492,3023
高校生,3,2,0.0328,3024
進,3,3,0.0492,3025
目的,3,3,0.0492,3026
摩擦,3,3,0.0492,3027
オムツ,3,2,0.0328,3028
まとめ,3,3,0.0492,3029
もがく,3,3,0.0492,3030
つんのめる,3,3,0.0492,3031
こおる,3,3,0.0492,3032
水底,3,1,0.0164,3033
ラップ,3,3,0.0492,3034
問題,3,3,0.0492,3035
スカート,3,2,0.0328,3036
こもる,3,2,0.0328,3037
混む,3,3,0.0492,3038
ほぐす,3,3,0.0492,3039
出来上がる,3,3,0.0492,3040
のぞき込む,3,3,0.0492,3041
重心,3,3,0.0492,3042
登山,3,3,0.0492,3043
盗塁,3,3,0.0492,3044
メタノール,3,1,0.0164,3045
潜る,3,3,0.0492,3046
オブジェ,3,1,0.0164,3047
受け止める,3,3,0.0492,3048
会議,3,3,0.0492,3049
とめる,3,3,0.0492,3050
連れ出す,3,3,0.0492,3051
荷重,3,3,0.0492,3052
アウト,3,3,0.0492,3053
ロードレース,3,3,0.0492,3054
ギア,3,3,0.0492,3055
囲い,3,3,0.0492,3056
プリント,3,3,0.0492,3057
撮影,3,3,0.0492,3058
救助,3,2,0.0328,3059
身長,3,2,0.0328,3060
着手,3,3,0.0492,3061
ふたり,3,3,0.0492,3062
減速,3,3,0.0492,3063
男性,3,2,0.0328,3064
縫合,3,3,0.0492,3065
制御,3,3,0.0492,3066
番目,3,3,0.0492,3067
食後,3,3,0.0492,3068
見立てる,3,3,0.0492,3069
はみ出す,3,3,0.0492,3070
粉砕,3,3,0.0492,3071
組織,3,3,0.0492,3072
健康,3,3,0.0492,3073
混ぜる,3,3,0.0492,3074
乗りかかる,3,3,0.0492,3075
橈骨尺,3,3,0.0492,3076
閉じる,3,3,0.0492,3077
術,3,3,0.0492,3078
アイシング,3,2,0.0328,3079
形成,3,3,0.0492,3080
上顎,3,3,0.0492,3081
はじめ,3,3,0.0492,3082
内角,3,3,0.0492,3083
放つ,3,3,0.0492,3084
プロレス,3,3,0.0492,3085
暴投,3,3,0.0492,3086
高校,3,3,0.0492,3087
弾む,3,3,0.0492,3088
ドライアイス,3,2,0.0328,3089
外灯,3,2,0.0328,3090
点灯,3,2,0.0328,3091
野手,3,3,0.0492,3092
敵,3,3,0.0492,3093
警報,3,3,0.0492,3094
遮断,3,3,0.0492,3095
ものさし,3,3,0.0492,3096
転がす,3,3,0.0492,3097
腫脹,3,3,0.0492,3098
示す,3,3,0.0492,3099
質問,3,3,0.0492,3100
脱げる,3,3,0.0492,3101
団,3,3,0.0492,3102
リボン,3,1,0.0164,3103
ヒット,3,3,0.0492,3104
押さえ込む,3,3,0.0492,3105
バイト,3,2,0.0328,3106
試す,3,3,0.0492,3107
傍,3,3,0.0492,3108
塊,3,2,0.0328,3109
おろす,3,2,0.0328,3110
トラップ,3,3,0.0492,3111
出会い頭,3,3,0.0492,3112
腰掛ける,3,3,0.0492,3113
傷める,3,3,0.0492,3114
基本,3,3,0.0492,3115
打ち込む,3,3,0.0492,3116
ピンポン,3,3,0.0492,3117
参観,3,3,0.0492,3118
知る,3,3,0.0492,3119
医,3,3,0.0492,3120
弓矢,3,3,0.0492,3121
固め,3,3,0.0492,3122
ヤリ,3,1,0.0164,3123
ガード,3,3,0.0492,3124
オーバー,3,3,0.0492,3125
金槌,3,2,0.0328,3126
出席,3,3,0.0492,3127
加療,3,3,0.0492,3128
知的,3,3,0.0492,3129
眼底,3,3,0.0492,3130
取っ組み合い,3,3,0.0492,3131
謝る,3,2,0.0328,3132
移行,3,3,0.0492,3133
藁,3,2,0.0328,3134
女性,3,2,0.0328,3135
通行人,3,3,0.0492,3136
㎏）,3,2,0.0328,3137
栗,3,1,0.0164,3138
障る,3,3,0.0492,3139
居室,3,3,0.0492,3140
押さえ,3,3,0.0492,3141
結び目,3,3,0.0492,3142
中腰,3,3,0.0492,3143
真上,3,3,0.0492,3144
座席,3,3,0.0492,3145
毎日,3,3,0.0492,3146
運動公園,3,3,0.0492,3147
発射,3,3,0.0492,3148
当初,3,3,0.0492,3149
切り株,3,3,0.0492,3150
会う,3,3,0.0492,3151
フライス盤,3,3,0.0492,3152
配,3,1,0.0164,3153
挟,3,3,0.0492,3154
見え,3,3,0.0492,3155
ロボット,3,3,0.0492,3156
進める,3,3,0.0492,3157
フラッグ,3,2,0.0328,3158
観戦,3,3,0.0492,3159
太陽,3,3,0.0492,3160
対角線,3,3,0.0492,3161
ファウルボール,3,3,0.0492,3162
林,3,3,0.0492,3163
対外,3,3,0.0492,3164
飲み物,3,3,0.0492,3165
空き,3,2,0.0328,3166
ビン,3,2,0.0328,3167
除草,3,3,0.0492,3168
試技,3,3,0.0492,3169
整形,3,3,0.0492,3170
道場,3,3,0.0492,3171
構え,3,3,0.0492,3172
折れ曲がる,3,2,0.0328,3173
文字,3,3,0.0492,3174
キーホルダー,3,1,0.0164,3175
カラビナ,3,1,0.0164,3176
視線,3,3,0.0492,3177
反射,3,2,0.0328,3178
ロード,3,3,0.0492,3179
ルーズボール,3,3,0.0492,3180
影響,3,3,0.0492,3181
握り,3,1,0.0164,3182
裂孔,3,3,0.0492,3183
震盪,3,3,0.0492,3184
陳,3,3,0.0492,3185
特発,3,3,0.0492,3186
焦点,3,3,0.0492,3187
レース,3,3,0.0492,3188
脳幹,3,2,0.0328,3189
決勝,3,3,0.0492,3190
死球,3,3,0.0492,3191
荒い,3,3,0.0492,3192
個人,3,3,0.0492,3193
掛け合い,3,3,0.0492,3194
ゴンドラ,3,1,0.0164,3195
器械,3,3,0.0492,3196
主任,3,2,0.0328,3197
頸椎,3,3,0.0492,3198
恐怖,3,3,0.0492,3199
サークル,3,2,0.0328,3200
無くなる,3,3,0.0492,3201
跳馬,3,3,0.0492,3202
もたれかかる,3,3,0.0492,3203
筋肉,3,3,0.0492,3204
フットワーク,3,3,0.0492,3205
互い,3,3,0.0492,3206
おさえる,3,3,0.0492,3207
背骨,3,3,0.0492,3208
いう,3,3,0.0492,3209
モール,3,3,0.0492,3210
ストップ,3,3,0.0492,3211
屋外,3,3,0.0492,3212
槽,3,2,0.0328,3213
底面,3,3,0.0492,3214
薬,3,2,0.0328,3215
終盤,3,3,0.0492,3216
クラスメート,3,3,0.0492,3217
緊張,3,2,0.0328,3218
チアノーゼ,3,3,0.0492,3219
競走,3,3,0.0492,3220
半周,3,3,0.0492,3221
挫,3,3,0.0492,3222
因,3,2,0.0328,3223
出現,3,3,0.0492,3224
抱き上げる,3,2,0.0328,3225
弱い,3,3,0.0492,3226
心的,3,3,0.0492,3227
リハビリ,3,3,0.0492,3228
おこす,3,3,0.0492,3229
クールダウン,3,3,0.0492,3230
点検,3,3,0.0492,3231
表,3,2,0.0328,3232
腕立て伏せ,3,3,0.0492,3233
許可,3,2,0.0328,3234
最初,3,3,0.0492,3235
知覚,3,2,0.0328,3236
経路,3,3,0.0492,3237
溺れる,3,3,0.0492,3238
しゃべる,3,3,0.0492,3239
表情,3,2,0.0328,3240
じゅうたん,3,3,0.0492,3241
全開,3,3,0.0492,3242
体温,3,3,0.0492,3243
接続,3,3,0.0492,3244
制止,3,3,0.0492,3245
ウェイトトレーニング,3,3,0.0492,3246
細かい,3,3,0.0492,3247
記憶,3,3,0.0492,3248
冷たい,3,3,0.0492,3249
伝わる,3,3,0.0492,3250
刈,3,2,0.0328,3251
乗っかる,3,3,0.0492,3252
平泳ぎ,3,3,0.0492,3253
脱水,3,2,0.0328,3254
自陣,3,3,0.0492,3255
ファイル,3,2,0.0328,3256
そり,3,2,0.0328,3257
トライアル,3,2,0.0328,3258
洞,3,3,0.0492,3259
復帰,3,3,0.0492,3260
落石,3,2,0.0328,3261
保存,3,3,0.0492,3262
切除,3,3,0.0492,3263
漏出,3,3,0.0492,3264
飼育,3,3,0.0492,3265
表現,3,3,0.0492,3266
椎間板,3,3,0.0492,3267
クモ,3,2,0.0328,3268
橈骨頭,3,3,0.0492,3269
叢,3,3,0.0492,3270
組み合う,3,3,0.0492,3271
灰皿,3,1,0.0164,3272
コンベア,3,1,0.0164,3273
ノコ,3,2,0.0328,3274
押しつぶす,3,3,0.0492,3275
負ける,3,3,0.0492,3276
刃物,3,3,0.0492,3277
ずらす,3,3,0.0492,3278
工場,3,3,0.0492,3279
鉋盤,3,2,0.0328,3280
モーター,3,1,0.0164,3281
錠,3,1,0.0164,3282
腹ばい,3,3,0.0492,3283
コンセント,3,3,0.0492,3284
かんな,3,3,0.0492,3285
振動,3,3,0.0492,3286
バルブ,3,1,0.0164,3287
不注意,3,3,0.0492,3288
ダイビング,3,3,0.0492,3289
灯篭,3,1,0.0164,3290
降り,3,3,0.0492,3291
罰,3,1,0.0164,3292
急所,3,2,0.0328,3293
施す,3,3,0.0492,3294
既往,3,3,0.0492,3295
担架,3,3,0.0492,3296
死,3,3,0.0492,3297
期,3,3,0.0492,3298
じん臓,3,3,0.0492,3299
頻る,3,3,0.0492,3300
拍,3,3,0.0492,3301
応じる,3,3,0.0492,3302
膵損傷,3,3,0.0492,3303
装具,3,2,0.0328,3304
這う,3,3,0.0492,3305
梯子,3,2,0.0328,3306
シャッター,3,1,0.0164,3307
あらわれる,2,2,0.0328,3308
少年,2,2,0.0328,3309
人間,2,1,0.0164,3310
関係,2,1,0.0164,3311
乗用車,2,2,0.0328,3312
間近,2,2,0.0328,3313
ボー,2,2,0.0328,3314
四角,2,2,0.0328,3315
父親,2,1,0.0164,3316
温度,2,1,0.0164,3317
胴上げ,2,2,0.0328,3318
旅行,2,2,0.0328,3319
ゴン,2,2,0.0328,3320
キーン,2,2,0.0328,3321
支度,2,2,0.0328,3322
採る,2,2,0.0328,3323
クライミング,2,2,0.0328,3324
突出,2,2,0.0328,3325
敷き詰める,2,2,0.0328,3326
演示実,2,2,0.0328,3327
験,2,2,0.0328,3328
絵の具,2,2,0.0328,3329
マイク,2,2,0.0328,3330
指定,2,2,0.0328,3331
インターンシップ,2,2,0.0328,3332
罹患,2,2,0.0328,3333
となり,2,2,0.0328,3334
緩い,2,2,0.0328,3335
雨水,2,2,0.0328,3336
のびる,2,2,0.0328,3337
先天,2,2,0.0328,3338
対人,2,2,0.0328,3339
人形,2,2,0.0328,3340
バタ,2,2,0.0328,3341
ストロー,2,2,0.0328,3342
つまる,2,2,0.0328,3343
目覚める,2,2,0.0328,3344
眩暈,2,2,0.0328,3345
廔,2,2,0.0328,3346
引き,2,2,0.0328,3347
付属,2,2,0.0328,3348
飛び下りる,2,2,0.0328,3349
透明,2,2,0.0328,3350
小耳,2,2,0.0328,3351
外耳,2,2,0.0328,3352
補聴器,2,1,0.0164,3353
装用,2,1,0.0164,3354
頭蓋,2,2,0.0328,3355
㎏,2,2,0.0328,3356
鉄道,2,2,0.0328,3357
轢く,2,2,0.0328,3358
ワークス,2,2,0.0328,3359
解散,2,2,0.0328,3360
蝉,2,1,0.0164,3361
反らせる,2,2,0.0328,3362
常設,2,2,0.0328,3363
複雑,2,2,0.0328,3364
立て掛ける,2,2,0.0328,3365
スケートリンク,2,2,0.0328,3366
隊列,2,2,0.0328,3367
併発,2,2,0.0328,3368
ヒーター,2,1,0.0164,3369
暖,2,2,0.0328,3370
赤み,2,2,0.0328,3371
飲み込み,2,2,0.0328,3372
嚥,2,1,0.0164,3373
脱脂綿,2,1,0.0164,3374
浸す,2,2,0.0328,3375
射出,2,2,0.0328,3376
衣服,2,2,0.0328,3377
かねる,2,2,0.0328,3378
ロビー,2,2,0.0328,3379
防砂,2,1,0.0164,3380
裏側,2,2,0.0328,3381
植木,2,2,0.0328,3382
水切り,2,1,0.0164,3383
だめ,2,2,0.0328,3384
学芸,2,2,0.0328,3385
役員,2,2,0.0328,3386
脳貧血,2,2,0.0328,3387
ドーナツ,2,1,0.0164,3388
ずれ,2,2,0.0328,3389
散策,2,2,0.0328,3390
宝探し,2,2,0.0328,3391
ゴミ箱,2,2,0.0328,3392
突き当たる,2,2,0.0328,3393
固まり,2,1,0.0164,3394
分け,2,2,0.0328,3395
不満,2,2,0.0328,3396
ゆるい,2,2,0.0328,3397
ポケット,2,2,0.0328,3398
えぐれる,2,2,0.0328,3399
空く,2,2,0.0328,3400
接す,2,2,0.0328,3401
前半,2,2,0.0328,3402
金,2,2,0.0328,3403
緩む,2,2,0.0328,3404
屈筋腱,2,2,0.0328,3405
県,2,2,0.0328,3406
構内,2,2,0.0328,3407
鋼,2,2,0.0328,3408
脳性,2,2,0.0328,3409
最大,2,2,0.0328,3410
風速,2,2,0.0328,3411
ベルトコンベアー,2,1,0.0164,3412
反転,2,2,0.0328,3413
ガム,2,2,0.0328,3414
仕上げ,2,2,0.0328,3415
素早い,2,2,0.0328,3416
全速力,2,2,0.0328,3417
バーベキュー,2,2,0.0328,3418
限,2,2,0.0328,3419
西,2,1,0.0164,3420
しまる,2,2,0.0328,3421
ジェット,2,2,0.0328,3422
無視,2,2,0.0328,3423
くっつける,2,2,0.0328,3424
足りる,2,2,0.0328,3425
中園,2,2,0.0328,3426
明け,2,2,0.0328,3427
㎝),2,2,0.0328,3428
帰り道,2,2,0.0328,3429
ラーメン,2,2,0.0328,3430
抜き,2,2,0.0328,3431
入,2,2,0.0328,3432
溶ける,2,2,0.0328,3433
将棋倒し,2,2,0.0328,3434
衝立,2,1,0.0164,3435
腰掛,2,2,0.0328,3436
取り返す,2,2,0.0328,3437
ベニヤ板,2,2,0.0328,3438
威嚇,2,2,0.0328,3439
常用,2,2,0.0328,3440
うち,2,2,0.0328,3441
ぶた,2,2,0.0328,3442
ガラスケース,2,2,0.0328,3443
いざこざ,2,2,0.0328,3444
腰板,2,2,0.0328,3445
つなぎ目,2,2,0.0328,3446
敷居,2,2,0.0328,3447
十字,2,2,0.0328,3448
歩き回る,2,2,0.0328,3449
夏,2,2,0.0328,3450
炊事,2,2,0.0328,3451
ぽい,2,2,0.0328,3452
茶碗,2,2,0.0328,3453
広げる,2,2,0.0328,3454
組み立て,2,2,0.0328,3455
かたち,2,2,0.0328,3456
量,2,2,0.0328,3457
用意,2,2,0.0328,3458
チョコレート,2,2,0.0328,3459
払いのける,2,2,0.0328,3460
制服,2,2,0.0328,3461
プレハブ,2,2,0.0328,3462
口脇,2,2,0.0328,3463
うむ,2,2,0.0328,3464
聞き入れる,2,2,0.0328,3465
鎖,2,2,0.0328,3466
泊,2,2,0.0328,3467
移住,2,2,0.0328,3468
プログラム,2,2,0.0328,3469
ウォーク,2,2,0.0328,3470
雨よけ,2,2,0.0328,3471
スクリーン,2,1,0.0164,3472
駆け込む,2,2,0.0328,3473
よる,2,2,0.0328,3474
会館,2,2,0.0328,3475
一般,2,2,0.0328,3476
硝酸,2,2,0.0328,3477
ナトリウム,2,2,0.0328,3478
タラップ,2,1,0.0164,3479
走り去る,2,2,0.0328,3480
便,2,2,0.0328,3481
今度,2,2,0.0328,3482
色鉛筆,2,1,0.0164,3483
やかん,2,2,0.0328,3484
オルゴール,2,2,0.0328,3485
翌々日,2,2,0.0328,3486
アンモニア,2,2,0.0328,3487
控える,2,2,0.0328,3488
掴まる,2,2,0.0328,3489
タンク,2,2,0.0328,3490
競う,2,2,0.0328,3491
配線,2,2,0.0328,3492
学童,2,2,0.0328,3493
区切る,2,2,0.0328,3494
田,2,2,0.0328,3495
セメント,2,2,0.0328,3496
銅,2,2,0.0328,3497
たらす,2,2,0.0328,3498
カヌー,2,1,0.0164,3499
暇,2,2,0.0328,3500
かま,2,2,0.0328,3501
脅す,2,2,0.0328,3502
コール,2,2,0.0328,3503
ドス,2,2,0.0328,3504
起立,2,2,0.0328,3505
同夜,2,2,0.0328,3506
走れる,2,2,0.0328,3507
措置,2,2,0.0328,3508
物置,2,2,0.0328,3509
世話,2,2,0.0328,3510
園内,2,2,0.0328,3511
集め,2,2,0.0328,3512
間仕切り,2,1,0.0164,3513
太,2,2,0.0328,3514
大,2,2,0.0328,3515
上着,2,2,0.0328,3516
服装,2,2,0.0328,3517
パンツ,2,2,0.0328,3518
芋,2,2,0.0328,3519
焼く,2,2,0.0328,3520
校区,2,2,0.0328,3521
大石,2,1,0.0164,3522
逃げ回る,2,2,0.0328,3523
以後,2,2,0.0328,3524
盛り上がる,2,2,0.0328,3525
駆け抜ける,2,2,0.0328,3526
出合い頭,2,2,0.0328,3527
直角,2,2,0.0328,3528
エアー,2,2,0.0328,3529
とばす,2,2,0.0328,3530
飛び石,2,1,0.0164,3531
仲,2,2,0.0328,3532
区域,2,2,0.0328,3533
外部,2,2,0.0328,3534
落とし,2,2,0.0328,3535
予鈴,2,2,0.0328,3536
思い,2,2,0.0328,3537
張り合う,2,2,0.0328,3538
蒸し器,2,1,0.0164,3539
下段,2,2,0.0328,3540
米,2,1,0.0164,3541
孟宗竹,2,1,0.0164,3542
前屈み,2,2,0.0328,3543
エンドライン,2,2,0.0328,3544
換気,2,2,0.0328,3545
格子,2,2,0.0328,3546
バッド,2,2,0.0328,3547
リア,2,2,0.0328,3548
効く,2,2,0.0328,3549
民家,2,2,0.0328,3550
外出,2,2,0.0328,3551
履,2,1,0.0164,3552
欲しい,2,2,0.0328,3553
かわる,2,2,0.0328,3554
イス,2,2,0.0328,3555
目下,2,2,0.0328,3556
歳,2,2,0.0328,3557
表皮,2,2,0.0328,3558
スクーター,2,2,0.0328,3559
争う,2,2,0.0328,3560
うどん,2,2,0.0328,3561
ポテト,2,2,0.0328,3562
ヤカン,2,1,0.0164,3563
箔,2,1,0.0164,3564
揺れ,2,2,0.0328,3565
飛びかかる,2,2,0.0328,3566
ドロ,2,2,0.0328,3567
ケイ,2,2,0.0328,3568
補充,2,2,0.0328,3569
のばす,2,2,0.0328,3570
あく,2,2,0.0328,3571
つめる,2,2,0.0328,3572
駆け出す,2,2,0.0328,3573
燃焼,2,2,0.0328,3574
噴霧,2,2,0.0328,3575
店,2,2,0.0328,3576
ビル,2,2,0.0328,3577
しなう,2,2,0.0328,3578
逆立ち,2,2,0.0328,3579
いさかい,2,2,0.0328,3580
脇道,2,2,0.0328,3581
コンビ,2,2,0.0328,3582
立ちあがる,2,2,0.0328,3583
見守る,2,2,0.0328,3584
髪,2,2,0.0328,3585
すれ違い,2,2,0.0328,3586
青い,2,2,0.0328,3587
浅い,2,2,0.0328,3588
エア,2,2,0.0328,3589
カマ,2,2,0.0328,3590
はめ込み,2,2,0.0328,3591
不十分,2,2,0.0328,3592
前側,2,2,0.0328,3593
切り返す,2,2,0.0328,3594
もみあう,2,2,0.0328,3595
疑う,2,2,0.0328,3596
スクイズ,2,2,0.0328,3597
おとす,2,2,0.0328,3598
コーティング,2,1,0.0164,3599
あそぶ,2,2,0.0328,3600
ぬかるむ,2,2,0.0328,3601
支持,2,2,0.0328,3602
動揺,2,2,0.0328,3603
びをしていたところ,2,2,0.0328,3604
テレビ,2,2,0.0328,3605
便所,2,2,0.0328,3606
傷つく,2,2,0.0328,3607
傾ける,2,2,0.0328,3608
水口,2,1,0.0164,3609
チョーク,2,2,0.0328,3610
引き出し,2,2,0.0328,3611
アイロン台,2,1,0.0164,3612
短い,2,2,0.0328,3613
飛びこむ,2,2,0.0328,3614
引掻く,2,2,0.0328,3615
そびれる,2,2,0.0328,3616
トレー,2,2,0.0328,3617
デザイン,2,1,0.0164,3618
室外,2,2,0.0328,3619
カギ,2,2,0.0328,3620
はじける,2,2,0.0328,3621
押しつける,2,2,0.0328,3622
クランク,2,1,0.0164,3623
張り,2,2,0.0328,3624
手の平,2,2,0.0328,3625
材木,2,1,0.0164,3626
転げる,2,2,0.0328,3627
そ,2,2,0.0328,3628
ぶり,2,2,0.0328,3629
なれる,2,2,0.0328,3630
初め,2,2,0.0328,3631
咲く,2,2,0.0328,3632
落とし物,2,2,0.0328,3633
きれい,2,2,0.0328,3634
栽培,2,2,0.0328,3635
交替,2,2,0.0328,3636
のる,2,2,0.0328,3637
にる,2,2,0.0328,3638
鴨居,2,2,0.0328,3639
近所,2,2,0.0328,3640
ヘディングシュート,2,2,0.0328,3641
追いつける,2,2,0.0328,3642
炊,2,2,0.0328,3643
はん,2,2,0.0328,3644
ジーパン,2,1,0.0164,3645
出会う,2,2,0.0328,3646
エントランスドア,2,1,0.0164,3647
あわせる,2,2,0.0328,3648
打ち出す,2,2,0.0328,3649
振り落とす,2,2,0.0328,3650
正常,2,2,0.0328,3651
火の粉,2,2,0.0328,3652
割り込む,2,2,0.0328,3653
年長,2,2,0.0328,3654
藤棚,2,2,0.0328,3655
｢,2,2,0.0328,3656
日光,2,2,0.0328,3657
鉢,2,2,0.0328,3658
うける,2,2,0.0328,3659
ロイター,2,2,0.0328,3660
弱,2,2,0.0328,3661
消火,2,2,0.0328,3662
クッキー,2,1,0.0164,3663
プラットホーム,2,2,0.0328,3664
優先,2,2,0.0328,3665
震え,2,2,0.0328,3666
水泡,2,2,0.0328,3667
長座,2,2,0.0328,3668
水疱,2,2,0.0328,3669
お鍋,2,1,0.0164,3670
泣き,2,2,0.0328,3671
走り出る,2,2,0.0328,3672
持ち物,2,2,0.0328,3673
カピバラ,2,1,0.0164,3674
酸,2,2,0.0328,3675
川底,2,1,0.0164,3676
忘れる,2,2,0.0328,3677
集い,2,1,0.0164,3678
高所,2,2,0.0328,3679
スチール,2,2,0.0328,3680
とうしろ,2,2,0.0328,3681
背中合わせ,2,2,0.0328,3682
やり方,2,2,0.0328,3683
クッキング,2,2,0.0328,3684
電球,2,1,0.0164,3685
全て,2,2,0.0328,3686
瞬発,2,2,0.0328,3687
高める,2,2,0.0328,3688
レントゲン,2,2,0.0328,3689
部外,2,2,0.0328,3690
ポロ,2,1,0.0164,3691
談笑,2,2,0.0328,3692
細菌,2,2,0.0328,3693
取り替える,2,2,0.0328,3694
替え,2,2,0.0328,3695
駅員,2,2,0.0328,3696
肌,2,2,0.0328,3697
貫,2,1,0.0164,3698
衣,2,1,0.0164,3699
木琴,2,2,0.0328,3700
とも,2,2,0.0328,3701
おおう,2,2,0.0328,3702
増やす,2,2,0.0328,3703
両面,2,1,0.0164,3704
在籍,2,2,0.0328,3705
鋭利,2,2,0.0328,3706
葉っぱ,2,2,0.0328,3707
終る,2,2,0.0328,3708
おりる,2,2,0.0328,3709
銅板,2,1,0.0164,3710
スト,2,2,0.0328,3711
活,2,2,0.0328,3712
不適切,2,2,0.0328,3713
コンクール,2,2,0.0328,3714
飛び上がる,2,2,0.0328,3715
めくる,2,2,0.0328,3716
暑い,2,2,0.0328,3717
重たい,2,2,0.0328,3718
乳母車,2,1,0.0164,3719
折り曲げる,2,2,0.0328,3720
絵かき,2,2,0.0328,3721
くるぶし,2,2,0.0328,3722
要求,2,2,0.0328,3723
備え付ける,2,2,0.0328,3724
裏門,2,2,0.0328,3725
出し物,2,2,0.0328,3726
うるさい,2,2,0.0328,3727
エビ,2,2,0.0328,3728
遠泳,2,1,0.0164,3729
鉢植え,2,1,0.0164,3730
かれる,2,2,0.0328,3731
動物,2,2,0.0328,3732
出掛ける,2,2,0.0328,3733
結束,2,1,0.0164,3734
潜り込む,2,2,0.0328,3735
ドングリ,2,2,0.0328,3736
汚れ,2,2,0.0328,3737
埋め込む,2,2,0.0328,3738
多く,2,2,0.0328,3739
頼む,2,2,0.0328,3740
くす玉,2,1,0.0164,3741
招集,2,2,0.0328,3742
後列,2,2,0.0328,3743
リンク,2,2,0.0328,3744
湯たんぽ,2,1,0.0164,3745
漏れる,2,1,0.0164,3746
エクササイズチューブ,2,1,0.0164,3747
ビデオカメラ,2,2,0.0328,3748
選手権,2,2,0.0328,3749
組み立てる,2,2,0.0328,3750
草むしり,2,2,0.0328,3751
めくれる,2,2,0.0328,3752
昔,2,2,0.0328,3753
冷やかす,2,2,0.0328,3754
サンダル,2,2,0.0328,3755
施錠,2,2,0.0328,3756
ロングティーバッティング,2,2,0.0328,3757
周回,2,2,0.0328,3758
とう骨,2,2,0.0328,3759
大縄,2,2,0.0328,3760
眠る,2,2,0.0328,3761
休養,2,2,0.0328,3762
凍傷,2,2,0.0328,3763
コンパートメント,2,2,0.0328,3764
棒引き,2,2,0.0328,3765
右寄り,2,2,0.0328,3766
多発,2,2,0.0328,3767
攻守,2,2,0.0328,3768
メーター,2,2,0.0328,3769
歯牙,2,2,0.0328,3770
引っ掛かり,2,2,0.0328,3771
くぐり抜ける,2,2,0.0328,3772
ゆでる,2,2,0.0328,3773
方面,2,2,0.0328,3774
クラブハウス,2,2,0.0328,3775
脱,2,2,0.0328,3776
失す,2,2,0.0328,3777
一段,2,2,0.0328,3778
リュックサック,2,2,0.0328,3779
蝋,2,1,0.0164,3780
お茶,2,1,0.0164,3781
リハーサル,2,2,0.0328,3782
トーチ,2,2,0.0328,3783
C,2,1,0.0164,3784
急斜面,2,2,0.0328,3785
剥脱,2,2,0.0328,3786
土間,2,1,0.0164,3787
切開,2,2,0.0328,3788
層,2,2,0.0328,3789
磨き,2,2,0.0328,3790
原液,2,1,0.0164,3791
濃い,2,1,0.0164,3792
硫酸,2,2,0.0328,3793
フラスコ,2,1,0.0164,3794
振りほどく,2,2,0.0328,3795
競い合う,2,2,0.0328,3796
窓辺,2,2,0.0328,3797
回り込む,2,2,0.0328,3798
トーチトワリング,2,2,0.0328,3799
袖,2,2,0.0328,3800
肥厚,2,2,0.0328,3801
小型,2,2,0.0328,3802
鼠径,2,2,0.0328,3803
衣類,2,1,0.0164,3804
遊園,2,2,0.0328,3805
正中,2,2,0.0328,3806
上向き,2,2,0.0328,3807
寝転ぶ,2,2,0.0328,3808
両端,2,2,0.0328,3809
高,2,2,0.0328,3810
ほか,2,2,0.0328,3811
達す,2,2,0.0328,3812
同好,2,2,0.0328,3813
暴言,2,2,0.0328,3814
誰か,2,2,0.0328,3815
タワシ,2,1,0.0164,3816
奪い合う,2,2,0.0328,3817
打ち上げ花火,2,2,0.0328,3818
海岸,2,2,0.0328,3819
中継,2,2,0.0328,3820
ストローク,2,2,0.0328,3821
そこなう,2,2,0.0328,3822
L,2,2,0.0328,3823
プロテクター,2,2,0.0328,3824
回戦,2,2,0.0328,3825
命中,2,2,0.0328,3826
借りる,2,2,0.0328,3827
コマ,2,2,0.0328,3828
思い込む,2,2,0.0328,3829
防備,2,2,0.0328,3830
時速,2,2,0.0328,3831
水球,2,2,0.0328,3832
魚釣り,2,2,0.0328,3833
小枝,2,2,0.0328,3834
鼓笛,2,2,0.0328,3835
話しかける,2,2,0.0328,3836
ストック,2,2,0.0328,3837
振れる,2,2,0.0328,3838
出会い,2,2,0.0328,3839
しら,2,2,0.0328,3840
束,2,2,0.0328,3841
たためる,2,2,0.0328,3842
馬乗り,2,2,0.0328,3843
招待,2,2,0.0328,3844
パチンコ,2,2,0.0328,3845
放置,2,2,0.0328,3846
からい,2,2,0.0328,3847
かすむ,2,2,0.0328,3848
思いつく,2,2,0.0328,3849
演舞,2,2,0.0328,3850
間違える,2,2,0.0328,3851
そらす,2,2,0.0328,3852
密集,2,2,0.0328,3853
争奪,2,2,0.0328,3854
技能,2,2,0.0328,3855
研磨,2,2,0.0328,3856
試し,2,2,0.0328,3857
主軸,2,2,0.0328,3858
上手,2,2,0.0328,3859
春,2,2,0.0328,3860
マレット,2,1,0.0164,3861
夏期,2,2,0.0328,3862
立腹,2,2,0.0328,3863
握り拳,2,2,0.0328,3864
始め,2,2,0.0328,3865
ｍｍ,2,2,0.0328,3866
親善,2,2,0.0328,3867
突入,2,2,0.0328,3868
案内,2,2,0.0328,3869
ボート,2,1,0.0164,3870
取り掛かる,2,2,0.0328,3871
つ折り,2,2,0.0328,3872
はたく,2,2,0.0328,3873
繋ぐ,2,2,0.0328,3874
振り子,2,2,0.0328,3875
鮮明,2,2,0.0328,3876
遊歩道,2,2,0.0328,3877
揉み合う,2,2,0.0328,3878
入場,2,2,0.0328,3879
柔らかい,2,2,0.0328,3880
胴,2,2,0.0328,3881
涙,2,2,0.0328,3882
パンチング,2,2,0.0328,3883
スポットライト,2,1,0.0164,3884
変化球,2,2,0.0328,3885
鋭角,2,2,0.0328,3886
寮内,2,2,0.0328,3887
剣,2,1,0.0164,3888
発泡,2,1,0.0164,3889
草取り,2,2,0.0328,3890
人数,2,2,0.0328,3891
祭り,2,2,0.0328,3892
指摘,2,2,0.0328,3893
団長,2,1,0.0164,3894
入りこむ,2,2,0.0328,3895
す,2,2,0.0328,3896
突き上げる,2,2,0.0328,3897
冊子,2,2,0.0328,3898
白,2,2,0.0328,3899
勢,2,2,0.0328,3900
記入,2,2,0.0328,3901
ゴザ,2,1,0.0164,3902
尋ねる,2,2,0.0328,3903
現在,2,2,0.0328,3904
守り,2,2,0.0328,3905
支点,2,2,0.0328,3906
白っぽい,2,2,0.0328,3907
チャック,2,1,0.0164,3908
円形,2,2,0.0328,3909
著しい,2,2,0.0328,3910
はじき返す,2,2,0.0328,3911
狙う,2,2,0.0328,3912
チャージ,2,2,0.0328,3913
弦,2,2,0.0328,3914
まねごと,2,2,0.0328,3915
なぐる,2,2,0.0328,3916
イガ,2,1,0.0164,3917
スロー,2,2,0.0328,3918
被る,2,2,0.0328,3919
はれる,2,2,0.0328,3920
手裏剣,2,2,0.0328,3921
ペン,2,2,0.0328,3922
砲丸投げ,2,2,0.0328,3923
日頃,2,2,0.0328,3924
布製,2,2,0.0328,3925
高揚,2,2,0.0328,3926
タッチライン,2,2,0.0328,3927
コーナーキック,2,2,0.0328,3928
定まる,2,2,0.0328,3929
修理,2,2,0.0328,3930
強,2,2,0.0328,3931
わく,2,2,0.0328,3932
お腹,2,2,0.0328,3933
通う,2,2,0.0328,3934
アルティメット,2,2,0.0328,3935
講師,2,2,0.0328,3936
普通,2,2,0.0328,3937
カ所,2,2,0.0328,3938
日曜日,2,2,0.0328,3939
平ら,2,2,0.0328,3940
彫る,2,2,0.0328,3941
素材,2,2,0.0328,3942
分度器,2,2,0.0328,3943
やわらぐ,2,2,0.0328,3944
感情,2,2,0.0328,3945
頻繁,2,2,0.0328,3946
割りばし,2,1,0.0164,3947
備える,2,2,0.0328,3948
嘔気,2,2,0.0328,3949
かかわる,2,2,0.0328,3950
損じる,2,2,0.0328,3951
持ち直す,2,2,0.0328,3952
枝打ち,2,1,0.0164,3953
切り落とす,2,2,0.0328,3954
藪,2,2,0.0328,3955
やぶる,2,2,0.0328,3956
体位,2,2,0.0328,3957
巻,2,2,0.0328,3958
締まる,2,2,0.0328,3959
気絶,2,2,0.0328,3960
ずり落ちる,2,2,0.0328,3961
予想,2,2,0.0328,3962
飲料,2,1,0.0164,3963
タリウム,2,1,0.0164,3964
描く,2,2,0.0328,3965
ふり,2,2,0.0328,3966
実戦,2,2,0.0328,3967
マウンド,2,2,0.0328,3968
ちょう,2,2,0.0328,3969
粒,2,2,0.0328,3970
脳外科,2,2,0.0328,3971
くくる,2,2,0.0328,3972
男女,2,2,0.0328,3973
悪天候,2,2,0.0328,3974
スプリンクラー,2,1,0.0164,3975
渡し,2,2,0.0328,3976
ロングパス,2,2,0.0328,3977
下級生,2,1,0.0164,3978
さん,2,2,0.0328,3979
調べる,2,2,0.0328,3980
キッカー,2,1,0.0164,3981
予測,2,2,0.0328,3982
出動,2,2,0.0328,3983
仕草,2,2,0.0328,3984
ゆるやか,2,2,0.0328,3985
投,2,2,0.0328,3986
見通し,2,2,0.0328,3987
水滴,2,2,0.0328,3988
学部,2,2,0.0328,3989
ドライバー,2,1,0.0164,3990
のろい,2,2,0.0328,3991
挙げる,2,2,0.0328,3992
視る,2,2,0.0328,3993
相当,2,2,0.0328,3994
妨げる,2,2,0.0328,3995
麻,2,2,0.0328,3996
両者,2,2,0.0328,3997
自覚,2,2,0.0328,3998
挿す,2,2,0.0328,3999
画びょう,2,1,0.0164,4000
掲示,2,2,0.0328,4001
続発,2,2,0.0328,4002
針山,2,1,0.0164,4003
結膜,2,2,0.0328,4004
見上げる,2,2,0.0328,4005
絡膜断,2,2,0.0328,4006
翌月,2,2,0.0328,4007
演劇,2,2,0.0328,4008
寝そべる,2,2,0.0328,4009
暗幕,2,1,0.0164,4010
大腸菌,2,2,0.0328,4011
発症,2,2,0.0328,4012
渡り,2,2,0.0328,4013
着ける,2,2,0.0328,4014
たすき,2,1,0.0164,4015
押し上げる,2,2,0.0328,4016
円陣,2,2,0.0328,4017
失禁,2,2,0.0328,4018
小学校,2,2,0.0328,4019
飛込み,2,2,0.0328,4020
合格,2,1,0.0164,4021
キロ,2,2,0.0328,4022
投げ込む,2,2,0.0328,4023
寸前,2,2,0.0328,4024
頸髄損,2,2,0.0328,4025
合戦,2,2,0.0328,4026
立ち寄る,2,2,0.0328,4027
借用,2,2,0.0328,4028
書籍,2,1,0.0164,4029
不審,2,2,0.0328,4030
屈し,2,2,0.0328,4031
タグ,2,2,0.0328,4032
しんどい,2,2,0.0328,4033
すぎ,2,2,0.0328,4034
ピット,2,1,0.0164,4035
崩れ,2,2,0.0328,4036
こなす,2,2,0.0328,4037
足す,2,2,0.0328,4038
冗談,2,2,0.0328,4039
切削,2,2,0.0328,4040
明かり,2,2,0.0328,4041
Ｒ,2,1,0.0164,4042
随意,2,2,0.0328,4043
どおり,2,2,0.0328,4044
環境,2,2,0.0328,4045
むかで,2,2,0.0328,4046
上側,2,2,0.0328,4047
担ぐ,2,2,0.0328,4048
頷く,2,2,0.0328,4049
握力,2,2,0.0328,4050
スムーズ,2,2,0.0328,4051
辛い,2,2,0.0328,4052
寄り掛かる,2,2,0.0328,4053
レフェリー,2,2,0.0328,4054
かきだす,2,2,0.0328,4055
隣室,2,1,0.0164,4056
後尾,2,2,0.0328,4057
チェック,2,2,0.0328,4058
泡,2,2,0.0328,4059
乱,2,2,0.0328,4060
Ｍ,2,2,0.0328,4061
バンク,2,2,0.0328,4062
ボタン,2,2,0.0328,4063
骨髄,2,2,0.0328,4064
販売,2,2,0.0328,4065
買う,2,2,0.0328,4066
難しい,2,2,0.0328,4067
喘鳴,2,2,0.0328,4068
痰,2,2,0.0328,4069
地域,2,2,0.0328,4070
かく,2,2,0.0328,4071
鞄,2,2,0.0328,4072
ケージ,2,1,0.0164,4073
負け,2,2,0.0328,4074
震える,2,2,0.0328,4075
鯉のぼり,2,1,0.0164,4076
覗き,2,2,0.0328,4077
かけ合う,2,2,0.0328,4078
胴体,2,2,0.0328,4079
決まる,2,2,0.0328,4080
呂律,2,2,0.0328,4081
動脈,2,2,0.0328,4082
閉塞,2,2,0.0328,4083
様々,2,2,0.0328,4084
理由,2,2,0.0328,4085
走路,2,2,0.0328,4086
返答,2,2,0.0328,4087
一周,2,2,0.0328,4088
二股,2,1,0.0164,4089
雨粒,2,1,0.0164,4090
通知,2,1,0.0164,4091
開会,2,2,0.0328,4092
振り出す,2,2,0.0328,4093
背筋,2,2,0.0328,4094
ポ,2,2,0.0328,4095
大車輪,2,2,0.0328,4096
場外,2,2,0.0328,4097
逃れる,2,2,0.0328,4098
行き,2,1,0.0164,4099
定期,2,2,0.0328,4100
踊場,2,1,0.0164,4101
農家,2,2,0.0328,4102
農作業,2,2,0.0328,4103
ヘビ,2,2,0.0328,4104
プレイヤー,2,2,0.0328,4105
対象,2,2,0.0328,4106
呈す,2,2,0.0328,4107
出番,2,2,0.0328,4108
海外,2,2,0.0328,4109
四つんばい,2,2,0.0328,4110
発進,2,2,0.0328,4111
おう吐,2,2,0.0328,4112
療法,2,2,0.0328,4113
ツベルクリン,2,1,0.0164,4114
m×,2,2,0.0328,4115
きつい,2,2,0.0328,4116
近隣,2,2,0.0328,4117
ロン,2,1,0.0164,4118
ダート,2,1,0.0164,4119
下山,2,1,0.0164,4120
断続,2,1,0.0164,4121
幅跳び,2,1,0.0164,4122
一対一,2,1,0.0164,4123
不眠,2,2,0.0328,4124
最寄り駅,2,2,0.0328,4125
帰路,2,2,0.0328,4126
攻防,2,2,0.0328,4127
腰骨,2,2,0.0328,4128
過ぎ,2,2,0.0328,4129
浣腸,2,1,0.0164,4130
ゆるむ,2,2,0.0328,4131
日陰,2,2,0.0328,4132
飛び込める,2,1,0.0164,4133
重量,2,2,0.0328,4134
チェンジ,2,2,0.0328,4135
小学生,2,2,0.0328,4136
手先,2,2,0.0328,4137
反らす,2,2,0.0328,4138
持ち込む,2,2,0.0328,4139
館内,2,2,0.0328,4140
リュージュ,2,1,0.0164,4141
跳べる,2,2,0.0328,4142
取り組み,2,2,0.0328,4143
土俵,2,2,0.0328,4144
誘拐,2,1,0.0164,4145
監禁,2,1,0.0164,4146
くずれる,2,2,0.0328,4147
可能,2,2,0.0328,4148
思い出す,2,2,0.0328,4149
ヘリコプター,2,2,0.0328,4150
選ぶ,2,1,0.0164,4151
フラッシュ,2,2,0.0328,4152
破れる,2,2,0.0328,4153
ぞう,2,2,0.0328,4154
きん,2,2,0.0328,4155
校長,2,2,0.0328,4156
叱責,2,1,0.0164,4157
うなる,2,2,0.0328,4158
隊員,2,2,0.0328,4159
窒息,2,2,0.0328,4160
車内,2,2,0.0328,4161
遊離,2,2,0.0328,4162
著い,2,2,0.0328,4163
明,2,2,0.0328,4164
長期,2,2,0.0328,4165
ちぎる,2,1,0.0164,4166
剥がれる,2,2,0.0328,4167
脳出血,2,2,0.0328,4168
最寄り,2,2,0.0328,4169
頸椎捻,2,2,0.0328,4170
ヘルニア,2,2,0.0328,4171
痛,2,1,0.0164,4172
原,2,2,0.0328,4173
イメージ,2,2,0.0328,4174
びまん,2,2,0.0328,4175
索,2,2,0.0328,4176
水平,2,2,0.0328,4177
及び腰,2,2,0.0328,4178
あおむける,2,2,0.0328,4179
りんご,2,1,0.0164,4180
瓶,2,1,0.0164,4181
やってくる,2,2,0.0328,4182
漁場,2,2,0.0328,4183
専門,2,2,0.0328,4184
鳥小屋,2,1,0.0164,4185
もち,2,2,0.0328,4186
被災,2,2,0.0328,4187
裏面,2,2,0.0328,4188
山道,2,2,0.0328,4189
不具合,2,2,0.0328,4190
除雪,2,1,0.0164,4191
よじる,2,2,0.0328,4192
週末,2,2,0.0328,4193
挟み込む,2,2,0.0328,4194
ごろ,2,2,0.0328,4195
公開,2,2,0.0328,4196
もどす,2,2,0.0328,4197
絨毯,2,1,0.0164,4198
シンバル,2,1,0.0164,4199
演台,2,1,0.0164,4200
ネジ,2,2,0.0328,4201
新聞,2,2,0.0328,4202
路線,2,2,0.0328,4203
発車,2,2,0.0328,4204
関心,2,2,0.0328,4205
薪割り,2,1,0.0164,4206
油圧,2,2,0.0328,4207
浮かせる,2,2,0.0328,4208
潰れる,2,1,0.0164,4209
リンゴ,2,1,0.0164,4210
包丁,2,1,0.0164,4211
手本,2,2,0.0328,4212
ｋｇ,2,2,0.0328,4213
コミュニケーション,2,2,0.0328,4214
蛇,2,1,0.0164,4215
脚立,2,1,0.0164,4216
合板,2,1,0.0164,4217
挫滅,2,2,0.0328,4218
民泊,2,2,0.0328,4219
ノコギリ,2,1,0.0164,4220
こす,2,1,0.0164,4221
詰まり,2,1,0.0164,4222
折り畳む,2,2,0.0328,4223
牛舎,2,2,0.0328,4224
後ろ手,2,2,0.0328,4225
板の間,2,2,0.0328,4226
そえる,2,2,0.0328,4227
沖,2,1,0.0164,4228
ぼう,2,1,0.0164,4229
ルーター,2,1,0.0164,4230
遊動円木,2,1,0.0164,4231
麺,2,1,0.0164,4232
ペグ,2,1,0.0164,4233
乾草,2,2,0.0328,4234
鍛える,2,2,0.0328,4235
農場,2,2,0.0328,4236
DIP,2,2,0.0328,4237
基,2,2,0.0328,4238
示指切,2,2,0.0328,4239
舟,2,2,0.0328,4240
河原,2,1,0.0164,4241
場合,2,2,0.0328,4242
肛門,2,1,0.0164,4243
放り出す,2,2,0.0328,4244
面白い,2,1,0.0164,4245
守,2,2,0.0328,4246
背泳ぎ,2,1,0.0164,4247
肋骨,2,2,0.0328,4248
法,2,2,0.0328,4249
引き継ぐ,2,2,0.0328,4250
フィールド,2,2,0.0328,4251
なり手,2,2,0.0328,4252
無し,2,1,0.0164,4253
見開く,2,2,0.0328,4254
伏せる,2,2,0.0328,4255
盛り砂,2,1,0.0164,4256
思い切る,2,2,0.0328,4257
血圧,2,2,0.0328,4258
タスキ,2,1,0.0164,4259
おしり,2,2,0.0328,4260
がく,2,2,0.0328,4261
胆のう,2,2,0.0328,4262
開腹,2,1,0.0164,4263
植,2,2,0.0328,4264
柔軟,2,2,0.0328,4265
足技,2,2,0.0328,4266
精密,2,2,0.0328,4267
別れ,2,2,0.0328,4268
快調,2,1,0.0164,4269
疲れ,2,1,0.0164,4270
白目,2,2,0.0328,4271
風通し,2,2,0.0328,4272
演習,2,2,0.0328,4273
生殖,2,2,0.0328,4274
露出,2,2,0.0328,4275
肥大,2,2,0.0328,4276
合併症,2,2,0.0328,4277
カテコラミン,2,2,0.0328,4278
誘発,2,2,0.0328,4279
膵臓,2,2,0.0328,4280
払腰,2,2,0.0328,4281
頂上,2,1,0.0164,4282
紙くず,2,1,0.0164,4283
本体,2,1,0.0164,4284
開口,2,2,0.0328,4285
凍結,2,2,0.0328,4286
木の葉,2,1,0.0164,4287
落馬,2,2,0.0328,4288
腰かける,2,1,0.0164,4289
陸橋,2,1,0.0164,4290
変換,2,2,0.0328,4291
原付,2,1,0.0164,4292
墓,2,1,0.0164,4293
ふだん,2,2,0.0328,4294
シートベルト,2,2,0.0328,4295
もる,2,2,0.0328,4296
橈尺骨,2,2,0.0328,4297
スノーモービル,2,1,0.0164,4298
炎症,2,2,0.0328,4299
ガ,2,2,0.0328,4300
クン,2,2,0.0328,4301
伐採,2,1,0.0164,4302
靴下,2,1,0.0164,4303
沸,2,1,0.0164,4304
しおり,2,1,0.0164,4305
転回,2,2,0.0328,4306
レッスン,2,2,0.0328,4307
出発,1,1,0.0164,4308
悩む,1,1,0.0164,4309
仲間はずれ,1,1,0.0164,4310
修正,1,1,0.0164,4311
聴こえる,1,1,0.0164,4312
おきる,1,1,0.0164,4313
クラクション,1,1,0.0164,4314
インターネット,1,1,0.0164,4315
書き込み,1,1,0.0164,4316
発端,1,1,0.0164,4317
居眠り,1,1,0.0164,4318
素直,1,1,0.0164,4319
意味,1,1,0.0164,4320
一定,1,1,0.0164,4321
がかる,1,1,0.0164,4322
朝露,1,1,0.0164,4323
平手打ち,1,1,0.0164,4324
レイキ,1,1,0.0164,4325
タフロンテープ,1,1,0.0164,4326
専門医,1,1,0.0164,4327
耳鼻,1,1,0.0164,4328
半面,1,1,0.0164,4329
スタンバイ,1,1,0.0164,4330
アタッカー,1,1,0.0164,4331
力む,1,1,0.0164,4332
プチッ,1,1,0.0164,4333
朝顔,1,1,0.0164,4334
鋏,1,1,0.0164,4335
講義,1,1,0.0164,4336
断熱,1,1,0.0164,4337
圧縮,1,1,0.0164,4338
発火,1,1,0.0164,4339
止む,1,1,0.0164,4340
突,1,1,0.0164,4341
ばた足,1,1,0.0164,4342
オニ,1,1,0.0164,4343
手順,1,1,0.0164,4344
耳下腺炎,1,1,0.0164,4345
流行,1,1,0.0164,4346
利く,1,1,0.0164,4347
手帳,1,1,0.0164,4348
前年,1,1,0.0164,4349
見込み,1,1,0.0164,4350
観劇,1,1,0.0164,4351
お昼,1,1,0.0164,4352
舟形,1,1,0.0164,4353
ホイッスル,1,1,0.0164,4354
鳴り,1,1,0.0164,4355
スクーリング,1,1,0.0164,4356
内耳,1,1,0.0164,4357
ろうと,1,1,0.0164,4358
かけ声,1,1,0.0164,4359
伝,1,1,0.0164,4360
物体,1,1,0.0164,4361
既存,1,1,0.0164,4362
閉鎖,1,1,0.0164,4363
全般,1,1,0.0164,4364
小骨,1,1,0.0164,4365
枕木,1,1,0.0164,4366
済む,1,1,0.0164,4367
たまる,1,1,0.0164,4368
インターチェンジ,1,1,0.0164,4369
腐食,1,1,0.0164,4370
配置,1,1,0.0164,4371
苦手,1,1,0.0164,4372
海水浴,1,1,0.0164,4373
ブレード,1,1,0.0164,4374
趾付,1,1,0.0164,4375
大勢,1,1,0.0164,4376
趾末節,1,1,0.0164,4377
平熱,1,1,0.0164,4378
扁桃周,1,1,0.0164,4379
囲炎,1,1,0.0164,4380
溶連菌,1,1,0.0164,4381
敗血症,1,1,0.0164,4382
来たす,1,1,0.0164,4383
膿胸,1,1,0.0164,4384
深部,1,1,0.0164,4385
静脈,1,1,0.0164,4386
血栓,1,1,0.0164,4387
軟口蓋,1,1,0.0164,4388
訪れる,1,1,0.0164,4389
ブライト,1,1,0.0164,4390
揺り返し,1,1,0.0164,4391
口内,1,1,0.0164,4392
手摺,1,1,0.0164,4393
ポータブル,1,1,0.0164,4394
畳む,1,1,0.0164,4395
歯茎,1,1,0.0164,4396
不便,1,1,0.0164,4397
ぬる,1,1,0.0164,4398
スルー,1,1,0.0164,4399
バックミラー,1,1,0.0164,4400
嚥下,1,1,0.0164,4401
肺炎,1,1,0.0164,4402
咀嚼,1,1,0.0164,4403
火種,1,1,0.0164,4404
熱風,1,1,0.0164,4405
火元,1,1,0.0164,4406
乳歯,1,1,0.0164,4407
切り口,1,1,0.0164,4408
故意,1,1,0.0164,4409
おどす,1,1,0.0164,4410
勝つ,1,1,0.0164,4411
もらえる,1,1,0.0164,4412
視聴,1,1,0.0164,4413
投げ入れる,1,1,0.0164,4414
断る,1,1,0.0164,4415
当該,1,1,0.0164,4416
捩れる,1,1,0.0164,4417
四つ,1,1,0.0164,4418
クローバー,1,1,0.0164,4419
おい,1,1,0.0164,4420
外壁,1,1,0.0164,4421
復旧,1,1,0.0164,4422
施工,1,1,0.0164,4423
タンポポ,1,1,0.0164,4424
混ざる,1,1,0.0164,4425
じょうろ,1,1,0.0164,4426
上皮,1,1,0.0164,4427
はめ込む,1,1,0.0164,4428
ガタガタ,1,1,0.0164,4429
ドアー,1,1,0.0164,4430
強力,1,1,0.0164,4431
産業,1,1,0.0164,4432
終点,1,1,0.0164,4433
コンベアー,1,1,0.0164,4434
はがす,1,1,0.0164,4435
ノミ,1,1,0.0164,4436
河川,1,1,0.0164,4437
歓迎,1,1,0.0164,4438
着火,1,1,0.0164,4439
暴発,1,1,0.0164,4440
全日,1,1,0.0164,4441
あまり,1,1,0.0164,4442
血液,1,1,0.0164,4443
流れ出す,1,1,0.0164,4444
牽く,1,1,0.0164,4445
翼,1,1,0.0164,4446
傷跡,1,1,0.0164,4447
運び,1,1,0.0164,4448
目の下,1,1,0.0164,4449
小山,1,1,0.0164,4450
枝豆,1,1,0.0164,4451
ゆとり,1,1,0.0164,4452
写す,1,1,0.0164,4453
煉瓦,1,1,0.0164,4454
さす,1,1,0.0164,4455
ゆであがる,1,1,0.0164,4456
お菓子,1,1,0.0164,4457
天ぷら,1,1,0.0164,4458
つかえる,1,1,0.0164,4459
煙突,1,1,0.0164,4460
ひっつく,1,1,0.0164,4461
出っ張る,1,1,0.0164,4462
日記,1,1,0.0164,4463
おどかす,1,1,0.0164,4464
叩き,1,1,0.0164,4465
かぎ裂き,1,1,0.0164,4466
ハンカチ,1,1,0.0164,4467
もつれ合う,1,1,0.0164,4468
肩掛け,1,1,0.0164,4469
下の田,1,1,0.0164,4470
自家用車,1,1,0.0164,4471
飼う,1,1,0.0164,4472
襲いかかる,1,1,0.0164,4473
連れ戻す,1,1,0.0164,4474
たたきつける,1,1,0.0164,4475
後逸,1,1,0.0164,4476
ヒビ,1,1,0.0164,4477
ルアー,1,1,0.0164,4478
水浸し,1,1,0.0164,4479
据え付ける,1,1,0.0164,4480
つき抜ける,1,1,0.0164,4481
切り裂く,1,1,0.0164,4482
側部,1,1,0.0164,4483
ダッグアウト,1,1,0.0164,4484
重し,1,1,0.0164,4485
ボディー,1,1,0.0164,4486
サー,1,1,0.0164,4487
ファー,1,1,0.0164,4488
山岳,1,1,0.0164,4489
霧雨,1,1,0.0164,4490
いためる,1,1,0.0164,4491
ガスバーナー,1,1,0.0164,4492
寄宿,1,1,0.0164,4493
生,1,1,0.0164,4494
つかみかかる,1,1,0.0164,4495
噛む,1,1,0.0164,4496
男の子,1,1,0.0164,4497
押入る,1,1,0.0164,4498
納まる,1,1,0.0164,4499
けり,1,1,0.0164,4500
デンプン,1,1,0.0164,4501
受取る,1,1,0.0164,4502
花園,1,1,0.0164,4503
除去,1,1,0.0164,4504
菜,1,1,0.0164,4505
減らす,1,1,0.0164,4506
うる,1,1,0.0164,4507
おう,1,1,0.0164,4508
知り合い,1,1,0.0164,4509
チョコ,1,1,0.0164,4510
いちご,1,1,0.0164,4511
湯せん,1,1,0.0164,4512
狩り,1,1,0.0164,4513
つれ,1,1,0.0164,4514
ティンパニー,1,1,0.0164,4515
つきぬける,1,1,0.0164,4516
打ち切れる,1,1,0.0164,4517
絡み合う,1,1,0.0164,4518
建具,1,1,0.0164,4519
雨具,1,1,0.0164,4520
禁止,1,1,0.0164,4521
校旗,1,1,0.0164,4522
塩化ビニール,1,1,0.0164,4523
うす焼き,1,1,0.0164,4524
玉子,1,1,0.0164,4525
ＯＨＰ,1,1,0.0164,4526
にごる,1,1,0.0164,4527
ぬく,1,1,0.0164,4528
災,1,1,0.0164,4529
錬る,1,1,0.0164,4530
習,1,1,0.0164,4531
近道,1,1,0.0164,4532
途上,1,1,0.0164,4533
冷罨法,1,1,0.0164,4534
低温,1,1,0.0164,4535
芸術,1,1,0.0164,4536
数,1,1,0.0164,4537
出し入れ,1,1,0.0164,4538
蟻酸,1,1,0.0164,4539
臭い,1,1,0.0164,4540
かぐ,1,1,0.0164,4541
溶融,1,1,0.0164,4542
塩,1,1,0.0164,4543
噴出,1,1,0.0164,4544
飛沫,1,1,0.0164,4545
ログ,1,1,0.0164,4546
キャビン,1,1,0.0164,4547
迎え,1,1,0.0164,4548
タンバリン,1,1,0.0164,4549
食前,1,1,0.0164,4550
空間,1,1,0.0164,4551
丸焼き,1,1,0.0164,4552
掃き掃除,1,1,0.0164,4553
つぐ,1,1,0.0164,4554
実,1,1,0.0164,4555
立ち尽くす,1,1,0.0164,4556
膨れる,1,1,0.0164,4557
釣,1,1,0.0164,4558
トイレットペーパー,1,1,0.0164,4559
ホルダー,1,1,0.0164,4560
出逢う,1,1,0.0164,4561
仕切,1,1,0.0164,4562
境目,1,1,0.0164,4563
石材,1,1,0.0164,4564
山の下,1,1,0.0164,4565
余裕,1,1,0.0164,4566
目隠し,1,1,0.0164,4567
フタ,1,1,0.0164,4568
酸化,1,1,0.0164,4569
下船,1,1,0.0164,4570
浜,1,1,0.0164,4571
船底,1,1,0.0164,4572
浜の,1,1,0.0164,4573
臉,1,1,0.0164,4574
炊さん,1,1,0.0164,4575
縄飛び,1,1,0.0164,4576
吹き付ける,1,1,0.0164,4577
長時間,1,1,0.0164,4578
比べ,1,1,0.0164,4579
ペーパー,1,1,0.0164,4580
袖口,1,1,0.0164,4581
クロスボール,1,1,0.0164,4582
引き戻す,1,1,0.0164,4583
私服,1,1,0.0164,4584
くわえる,1,1,0.0164,4585
盛土,1,1,0.0164,4586
おばけ,1,1,0.0164,4587
小高い,1,1,0.0164,4588
鉄筋,1,1,0.0164,4589
台所,1,1,0.0164,4590
乳児,1,1,0.0164,4591
膝掛け,1,1,0.0164,4592
プルークボーゲン,1,1,0.0164,4593
ロッジ,1,1,0.0164,4594
結膜炎,1,1,0.0164,4595
垂れる,1,1,0.0164,4596
腕まくり,1,1,0.0164,4597
掘る,1,1,0.0164,4598
起し,1,1,0.0164,4599
平板,1,1,0.0164,4600
あおぐ,1,1,0.0164,4601
梅林,1,1,0.0164,4602
花見,1,1,0.0164,4603
くじく,1,1,0.0164,4604
アルバム,1,1,0.0164,4605
泥棒,1,1,0.0164,4606
警察,1,1,0.0164,4607
ｃm,1,1,0.0164,4608
証書,1,1,0.0164,4609
授与,1,1,0.0164,4610
ＢＣＧ,1,1,0.0164,4611
レーザー,1,1,0.0164,4612
BCG,1,1,0.0164,4613
成長,1,1,0.0164,4614
パーク,1,1,0.0164,4615
水遊び,1,1,0.0164,4616
焚き火,1,1,0.0164,4617
ルウ,1,1,0.0164,4618
トロフィー,1,1,0.0164,4619
陳列,1,1,0.0164,4620
振子,1,1,0.0164,4621
くさび,1,1,0.0164,4622
前夜,1,1,0.0164,4623
磨る,1,1,0.0164,4624
手提げ,1,1,0.0164,4625
前回,1,1,0.0164,4626
骨幹,1,1,0.0164,4627
デザート,1,1,0.0164,4628
はりつく,1,1,0.0164,4629
揚油,1,1,0.0164,4630
持ち上がる,1,1,0.0164,4631
フォーム,1,1,0.0164,4632
こびる,1,1,0.0164,4633
差し出す,1,1,0.0164,4634
待ち伏せる,1,1,0.0164,4635
掴み掛る,1,1,0.0164,4636
墓地,1,1,0.0164,4637
くっつく,1,1,0.0164,4638
トラベル,1,1,0.0164,4639
錆,1,1,0.0164,4640
ナット,1,1,0.0164,4641
ガクッ,1,1,0.0164,4642
スリー,1,1,0.0164,4643
メン,1,1,0.0164,4644
ラウンド,1,1,0.0164,4645
緩慢,1,1,0.0164,4646
余り,1,1,0.0164,4647
オートバイ,1,1,0.0164,4648
ウインドウ,1,1,0.0164,4649
左隅,1,1,0.0164,4650
非常勤,1,1,0.0164,4651
強引,1,1,0.0164,4652
パズル,1,1,0.0164,4653
プラスチッック,1,1,0.0164,4654
ひっくり返す,1,1,0.0164,4655
突き進む,1,1,0.0164,4656
打ち破る,1,1,0.0164,4657
引っ込める,1,1,0.0164,4658
収穫,1,1,0.0164,4659
さつまいも,1,1,0.0164,4660
いも,1,1,0.0164,4661
冷凍,1,1,0.0164,4662
手作り,1,1,0.0164,4663
ポップコーン,1,1,0.0164,4664
紅茶,1,1,0.0164,4665
紅,1,1,0.0164,4666
掘り,1,1,0.0164,4667
みそ汁,1,1,0.0164,4668
退ける,1,1,0.0164,4669
焚く,1,1,0.0164,4670
休暇,1,1,0.0164,4671
追いつめる,1,1,0.0164,4672
山の上,1,1,0.0164,4673
すませる,1,1,0.0164,4674
ドン,1,1,0.0164,4675
ジャンケン,1,1,0.0164,4676
植木鉢,1,1,0.0164,4677
リットル,1,1,0.0164,4678
中ごろ,1,1,0.0164,4679
挫減創,1,1,0.0164,4680
高学年,1,1,0.0164,4681
円柱,1,1,0.0164,4682
色付く,1,1,0.0164,4683
かわり,1,1,0.0164,4684
やって来る,1,1,0.0164,4685
雪投げ,1,1,0.0164,4686
切れ,1,1,0.0164,4687
果物,1,1,0.0164,4688
事務所,1,1,0.0164,4689
建物,1,1,0.0164,4690
追い掛ける,1,1,0.0164,4691
㎝）。,1,1,0.0164,4692
食道,1,1,0.0164,4693
大破,1,1,0.0164,4694
自暴自棄,1,1,0.0164,4695
ピッチャ,1,1,0.0164,4696
ハイパント,1,1,0.0164,4697
ＤＦ,1,1,0.0164,4698
ひび,1,1,0.0164,4699
学研,1,1,0.0164,4700
あつい,1,1,0.0164,4701
泊まり,1,1,0.0164,4702
爪跡,1,1,0.0164,4703
つみ,1,1,0.0164,4704
造形,1,1,0.0164,4705
こわす,1,1,0.0164,4706
おこる,1,1,0.0164,4707
遅番,1,1,0.0164,4708
抱っこ,1,1,0.0164,4709
出勤,1,1,0.0164,4710
楽しむ,1,1,0.0164,4711
マフラー,1,1,0.0164,4712
半数,1,1,0.0164,4713
地中,1,1,0.0164,4714
ぐっさり,1,1,0.0164,4715
ほっぺた,1,1,0.0164,4716
竹馬,1,1,0.0164,4717
駆けだす,1,1,0.0164,4718
祖母,1,1,0.0164,4719
薄い,1,1,0.0164,4720
ひき,1,1,0.0164,4721
とける,1,1,0.0164,4722
みみず,1,1,0.0164,4723
ロープウェー,1,1,0.0164,4724
コンクリートブロック,1,1,0.0164,4725
つきとばす,1,1,0.0164,4726
ざけっこをしていた,1,1,0.0164,4727
風邪,1,1,0.0164,4728
医師,1,1,0.0164,4729
懇談,1,1,0.0164,4730
こぎ,1,1,0.0164,4731
まゆ毛,1,1,0.0164,4732
スパゲッティ,1,1,0.0164,4733
旅館,1,1,0.0164,4734
件,1,1,0.0164,4735
仰向く,1,1,0.0164,4736
コンテナー,1,1,0.0164,4737
無傷,1,1,0.0164,4738
また上,1,1,0.0164,4739
しのぶ,1,1,0.0164,4740
マウンテンバイク,1,1,0.0164,4741
バックル,1,1,0.0164,4742
もたせる,1,1,0.0164,4743
情緒,1,1,0.0164,4744
スポンジ,1,1,0.0164,4745
石鹸,1,1,0.0164,4746
熱心,1,1,0.0164,4747
クレンザー,1,1,0.0164,4748
様,1,1,0.0164,4749
バウムクーヘン,1,1,0.0164,4750
できあがる,1,1,0.0164,4751
℃）,1,1,0.0164,4752
写生,1,1,0.0164,4753
原っぱ,1,1,0.0164,4754
探検,1,1,0.0164,4755
もめん,1,1,0.0164,4756
タコ,1,1,0.0164,4757
擦れる,1,1,0.0164,4758
食材,1,1,0.0164,4759
むき出し,1,1,0.0164,4760
サッカーゴールポスト,1,1,0.0164,4761
合場,1,1,0.0164,4762
目前,1,1,0.0164,4763
ぬかるみ,1,1,0.0164,4764
図鑑,1,1,0.0164,4765
受け取り,1,1,0.0164,4766
手渡す,1,1,0.0164,4767
抜き出す,1,1,0.0164,4768
やり過ごす,1,1,0.0164,4769
床や,1,1,0.0164,4770
いたす,1,1,0.0164,4771
たいこ,1,1,0.0164,4772
上と下,1,1,0.0164,4773
落とせる,1,1,0.0164,4774
花瓶,1,1,0.0164,4775
揺さぶる,1,1,0.0164,4776
ふさがる,1,1,0.0164,4777
猫,1,1,0.0164,4778
サンドプラスト,1,1,0.0164,4779
カーボン,1,1,0.0164,4780
よろけ,1,1,0.0164,4781
出っぱる,1,1,0.0164,4782
締め金,1,1,0.0164,4783
模擬,1,1,0.0164,4784
持ち運ぶ,1,1,0.0164,4785
シャトルラン,1,1,0.0164,4786
HR,1,1,0.0164,4787
ホールド,1,1,0.0164,4788
ドラフト,1,1,0.0164,4789
排気,1,1,0.0164,4790
変色,1,1,0.0164,4791
前髪,1,1,0.0164,4792
焦げる,1,1,0.0164,4793
済み,1,1,0.0164,4794
製材,1,1,0.0164,4795
受け入れ,1,1,0.0164,4796
止る,1,1,0.0164,4797
押し込める,1,1,0.0164,4798
取らせる,1,1,0.0164,4799
引戸,1,1,0.0164,4800
そのため,1,1,0.0164,4801
暖める,1,1,0.0164,4802
温まる,1,1,0.0164,4803
グリーン,1,1,0.0164,4804
アサガオ,1,1,0.0164,4805
届ける,1,1,0.0164,4806
月行事,1,1,0.0164,4807
とびこむ,1,1,0.0164,4808
断面,1,1,0.0164,4809
プレイコート,1,1,0.0164,4810
振りかざす,1,1,0.0164,4811
フリ,1,1,0.0164,4812
セロテープ,1,1,0.0164,4813
つまむ,1,1,0.0164,4814
ガソリン,1,1,0.0164,4815
せり合う,1,1,0.0164,4816
切り上げる,1,1,0.0164,4817
オリエンテーション,1,1,0.0164,4818
焼きそば,1,1,0.0164,4819
ぎや,1,1,0.0164,4820
サイクリング,1,1,0.0164,4821
目頭,1,1,0.0164,4822
予,1,1,0.0164,4823
せん,1,1,0.0164,4824
追随,1,1,0.0164,4825
おもい,1,1,0.0164,4826
下敷,1,1,0.0164,4827
桶,1,1,0.0164,4828
ヒール,1,1,0.0164,4829
小太鼓,1,1,0.0164,4830
荷掛,1,1,0.0164,4831
ブレーキキャリパー,1,1,0.0164,4832
抑制,1,1,0.0164,4833
曲がりくねる,1,1,0.0164,4834
直進,1,1,0.0164,4835
切れ目,1,1,0.0164,4836
かたまる,1,1,0.0164,4837
歯みがき,1,1,0.0164,4838
さます,1,1,0.0164,4839
さめる,1,1,0.0164,4840
もろ,1,1,0.0164,4841
嘴,1,1,0.0164,4842
パッド,1,1,0.0164,4843
生長,1,1,0.0164,4844
かかわり,1,1,0.0164,4845
｣,1,1,0.0164,4846
調理場,1,1,0.0164,4847
カレーライス,1,1,0.0164,4848
スタッフ,1,1,0.0164,4849
なべ,1,1,0.0164,4850
構造,1,1,0.0164,4851
削れる,1,1,0.0164,4852
スーパー,1,1,0.0164,4853
突っこむ,1,1,0.0164,4854
なみ,1,1,0.0164,4855
積載,1,1,0.0164,4856
帰着,1,1,0.0164,4857
手放す,1,1,0.0164,4858
粉,1,1,0.0164,4859
搾る,1,1,0.0164,4860
成型,1,1,0.0164,4861
マーチングバンド,1,1,0.0164,4862
打ち合わせ,1,1,0.0164,4863
近回り,1,1,0.0164,4864
包む,1,1,0.0164,4865
ドライヤー,1,1,0.0164,4866
送り込む,1,1,0.0164,4867
洗顔,1,1,0.0164,4868
排便,1,1,0.0164,4869
適温,1,1,0.0164,4870
発赤,1,1,0.0164,4871
所内,1,1,0.0164,4872
お迎え,1,1,0.0164,4873
カルタ,1,1,0.0164,4874
直線,1,1,0.0164,4875
噛みつく,1,1,0.0164,4876
ケトル,1,1,0.0164,4877
ホウ,1,1,0.0164,4878
あたためる,1,1,0.0164,4879
微生物,1,1,0.0164,4880
採集,1,1,0.0164,4881
水質,1,1,0.0164,4882
隣席,1,1,0.0164,4883
作文,1,1,0.0164,4884
絵日記,1,1,0.0164,4885
日直,1,1,0.0164,4886
空き缶,1,1,0.0164,4887
給湯,1,1,0.0164,4888
三旗,1,1,0.0164,4889
掲揚,1,1,0.0164,4890
聖堂,1,1,0.0164,4891
祈り,1,1,0.0164,4892
バンコ,1,1,0.0164,4893
ためる,1,1,0.0164,4894
ほこり,1,1,0.0164,4895
構成,1,1,0.0164,4896
エッヂ,1,1,0.0164,4897
つながる,1,1,0.0164,4898
日時計,1,1,0.0164,4899
傾姿勢,1,1,0.0164,4900
車止,1,1,0.0164,4901
さっか,1,1,0.0164,4902
駆け足,1,1,0.0164,4903
アルミホイル,1,1,0.0164,4904
白熱,1,1,0.0164,4905
かざす,1,1,0.0164,4906
貧血,1,1,0.0164,4907
搬入,1,1,0.0164,4908
押し返す,1,1,0.0164,4909
青空,1,1,0.0164,4910
ボーゲン,1,1,0.0164,4911
ゆか,1,1,0.0164,4912
円盤投げ,1,1,0.0164,4913
円盤,1,1,0.0164,4914
中高,1,1,0.0164,4915
目盛り,1,1,0.0164,4916
鼻翼,1,1,0.0164,4917
部内,1,1,0.0164,4918
はんこん,1,1,0.0164,4919
気味,1,1,0.0164,4920
代表,1,1,0.0164,4921
選考,1,1,0.0164,4922
海上,1,1,0.0164,4923
マーク,1,1,0.0164,4924
ブイ,1,1,0.0164,4925
引き上げ,1,1,0.0164,4926
高等,1,1,0.0164,4927
バギー,1,1,0.0164,4928
カーペット,1,1,0.0164,4929
赤黒い,1,1,0.0164,4930
アルカリ性,1,1,0.0164,4931
寝坊,1,1,0.0164,4932
疲労,1,1,0.0164,4933
無意識,1,1,0.0164,4934
任せる,1,1,0.0164,4935
逆らう,1,1,0.0164,4936
ます,1,1,0.0164,4937
乗り遅れる,1,1,0.0164,4938
困る,1,1,0.0164,4939
去る,1,1,0.0164,4940
湯沸かし,1,1,0.0164,4941
シャベル,1,1,0.0164,4942
おしゃべり,1,1,0.0164,4943
つねる,1,1,0.0164,4944
高跳,1,1,0.0164,4945
完成,1,1,0.0164,4946
サラダ,1,1,0.0164,4947
ゆでこぼす,1,1,0.0164,4948
スパイダーネット,1,1,0.0164,4949
染め物,1,1,0.0164,4950
カセット,1,1,0.0164,4951
タマネギ,1,1,0.0164,4952
煮出し,1,1,0.0164,4953
染める,1,1,0.0164,4954
木綿,1,1,0.0164,4955
広がる,1,1,0.0164,4956
浴びせる,1,1,0.0164,4957
冬,1,1,0.0164,4958
臨海,1,1,0.0164,4959
学舎,1,1,0.0164,4960
カラン,1,1,0.0164,4961
抜け落ちる,1,1,0.0164,4962
全面,1,1,0.0164,4963
たたかう,1,1,0.0164,4964
踊る,1,1,0.0164,4965
一本橋,1,1,0.0164,4966
散乱,1,1,0.0164,4967
点字,1,1,0.0164,4968
膨らむ,1,1,0.0164,4969
潜水,1,1,0.0164,4970
叩きつける,1,1,0.0164,4971
屈腕前,1,1,0.0164,4972
突っ張る,1,1,0.0164,4973
金木,1,1,0.0164,4974
工,1,1,0.0164,4975
収まる,1,1,0.0164,4976
出歩く,1,1,0.0164,4977
学,1,1,0.0164,4978
ふさわしい,1,1,0.0164,4979
発言,1,1,0.0164,4980
転校,1,1,0.0164,4981
パート,1,1,0.0164,4982
ボーイ,1,1,0.0164,4983
ネクストバッターズサークル,1,1,0.0164,4984
たたむ,1,1,0.0164,4985
防災,1,1,0.0164,4986
ライター,1,1,0.0164,4987
脱出,1,1,0.0164,4988
奪取,1,1,0.0164,4989
風呂,1,1,0.0164,4990
フロント,1,1,0.0164,4991
だらけ,1,1,0.0164,4992
差す,1,1,0.0164,4993
穏やか,1,1,0.0164,4994
ロウソク,1,1,0.0164,4995
籐,1,1,0.0164,4996
応接,1,1,0.0164,4997
水はけ,1,1,0.0164,4998
創傷,1,1,0.0164,4999
壊す,1,1,0.0164,5000
Ｔシャツ,1,1,0.0164,5001
甘える,1,1,0.0164,5002
リズム,1,1,0.0164,5003
キープ,1,1,0.0164,5004
すずらん,1,1,0.0164,5005
焦る,1,1,0.0164,5006
朝会,1,1,0.0164,5007
バカ,1,1,0.0164,5008
組み合い,1,1,0.0164,5009
架かる,1,1,0.0164,5010
目がける,1,1,0.0164,5011
巻き付ける,1,1,0.0164,5012
反り,1,1,0.0164,5013
締め付ける,1,1,0.0164,5014
冒険,1,1,0.0164,5015
歯肉,1,1,0.0164,5016
冠,1,1,0.0164,5017
クラゲ,1,1,0.0164,5018
初心者,1,1,0.0164,5019
ソリ,1,1,0.0164,5020
規制,1,1,0.0164,5021
朝練,1,1,0.0164,5022
つぎ足す,1,1,0.0164,5023
放課,1,1,0.0164,5024
フロアー,1,1,0.0164,5025
面する,1,1,0.0164,5026
ガラス張り,1,1,0.0164,5027
トマト,1,1,0.0164,5028
鉄格子,1,1,0.0164,5029
シンクロ,1,1,0.0164,5030
伴走,1,1,0.0164,5031
GK,1,1,0.0164,5032
念,1,1,0.0164,5033
ウッド,1,1,0.0164,5034
故障,1,1,0.0164,5035
軽食,1,1,0.0164,5036
エス,1,1,0.0164,5037
受渡し,1,1,0.0164,5038
綱渡り,1,1,0.0164,5039
物入れ,1,1,0.0164,5040
高圧,1,1,0.0164,5041
名札,1,1,0.0164,5042
逃げ出す,1,1,0.0164,5043
暴れる,1,1,0.0164,5044
もめ事,1,1,0.0164,5045
伸び,1,1,0.0164,5046
通れる,1,1,0.0164,5047
版画,1,1,0.0164,5048
版木,1,1,0.0164,5049
左内側,1,1,0.0164,5050
被さる,1,1,0.0164,5051
面す,1,1,0.0164,5052
オーバーヘッドキック,1,1,0.0164,5053
保温,1,1,0.0164,5054
持ち替える,1,1,0.0164,5055
電源,1,1,0.0164,5056
切り忘れる,1,1,0.0164,5057
畝,1,1,0.0164,5058
造り,1,1,0.0164,5059
耕運機,1,1,0.0164,5060
湯冷まし,1,1,0.0164,5061
パーツ,1,1,0.0164,5062
赤土,1,1,0.0164,5063
七夕,1,1,0.0164,5064
笹,1,1,0.0164,5065
温室,1,1,0.0164,5066
通気,1,1,0.0164,5067
ケン,1,1,0.0164,5068
ふえ,1,1,0.0164,5069
ビーチ,1,1,0.0164,5070
紙テープ,1,1,0.0164,5071
代わる,1,1,0.0164,5072
剥き出し,1,1,0.0164,5073
腓,1,1,0.0164,5074
ひ骨,1,1,0.0164,5075
創る,1,1,0.0164,5076
醜い,1,1,0.0164,5077
ゅうじょうはんこん,1,1,0.0164,5078
取り残す,1,1,0.0164,5079
掲げる,1,1,0.0164,5080
テーマ,1,1,0.0164,5081
前月,1,1,0.0164,5082
小便,1,1,0.0164,5083
装飾,1,1,0.0164,5084
全部,1,1,0.0164,5085
こん,1,1,0.0164,5086
凝視,1,1,0.0164,5087
食物,1,1,0.0164,5088
余分,1,1,0.0164,5089
ボウル,1,1,0.0164,5090
縮こまる,1,1,0.0164,5091
縮める,1,1,0.0164,5092
非常口,1,1,0.0164,5093
シンク,1,1,0.0164,5094
燃え広がる,1,1,0.0164,5095
降り込む,1,1,0.0164,5096
心配,1,1,0.0164,5097
斜,1,1,0.0164,5098
水溶液,1,1,0.0164,5099
乳鉢,1,1,0.0164,5100
腕前,1,1,0.0164,5101
死角,1,1,0.0164,5102
つぶる,1,1,0.0164,5103
背景,1,1,0.0164,5104
号令,1,1,0.0164,5105
援助,1,1,0.0164,5106
やり投げ,1,1,0.0164,5107
動画,1,1,0.0164,5108
分る,1,1,0.0164,5109
湿度,1,1,0.0164,5110
湿気,1,1,0.0164,5111
競輪,1,1,0.0164,5112
落車,1,1,0.0164,5113
くう,1,1,0.0164,5114
巧,1,1,0.0164,5115
食器洗い,1,1,0.0164,5116
ボウリング,1,1,0.0164,5117
みたてる,1,1,0.0164,5118
舞,1,1,0.0164,5119
突き出る,1,1,0.0164,5120
バネ,1,1,0.0164,5121
喉頭,1,1,0.0164,5122
腔,1,1,0.0164,5123
シャ,1,1,0.0164,5124
プペンシル,1,1,0.0164,5125
強要,1,1,0.0164,5126
棒高跳,1,1,0.0164,5127
出過ぎる,1,1,0.0164,5128
あふれ,1,1,0.0164,5129
めぐる,1,1,0.0164,5130
プリン,1,1,0.0164,5131
すねる,1,1,0.0164,5132
発着,1,1,0.0164,5133
とげ,1,1,0.0164,5134
アスレティック,1,1,0.0164,5135
お化け,1,1,0.0164,5136
手動,1,1,0.0164,5137
切り替わる,1,1,0.0164,5138
専用,1,1,0.0164,5139
薄める,1,1,0.0164,5140
アイアン,1,1,0.0164,5141
ベンゼン,1,1,0.0164,5142
スコアボード,1,1,0.0164,5143
ひっ掻く,1,1,0.0164,5144
横すべり,1,1,0.0164,5145
頤部挫,1,1,0.0164,5146
症候,1,1,0.0164,5147
群,1,1,0.0164,5148
ハンバーグ,1,1,0.0164,5149
手鍋,1,1,0.0164,5150
調味,1,1,0.0164,5151
料,1,1,0.0164,5152
膿,1,1,0.0164,5153
難治,1,1,0.0164,5154
潰瘍,1,1,0.0164,5155
灯油,1,1,0.0164,5156
停る,1,1,0.0164,5157
通,1,1,0.0164,5158
橈骨神,1,1,0.0164,5159
経,1,1,0.0164,5160
採取,1,1,0.0164,5161
創部,1,1,0.0164,5162
建,1,1,0.0164,5163
手提げ袋,1,1,0.0164,5164
赤信号,1,1,0.0164,5165
刺青,1,1,0.0164,5166
色素,1,1,0.0164,5167
沈着,1,1,0.0164,5168
なぐさめる,1,1,0.0164,5169
用事,1,1,0.0164,5170
同伴,1,1,0.0164,5171
蜂,1,1,0.0164,5172
窩織炎,1,1,0.0164,5173
折り目,1,1,0.0164,5174
左利き,1,1,0.0164,5175
しつける,1,1,0.0164,5176
縫い,1,1,0.0164,5177
はねのける,1,1,0.0164,5178
雪合戦,1,1,0.0164,5179
ビニルテープ,1,1,0.0164,5180
たん,1,1,0.0164,5181
挫創痕,1,1,0.0164,5182
神社,1,1,0.0164,5183
コケ,1,1,0.0164,5184
過酸化水素,1,1,0.0164,5185
てこ,1,1,0.0164,5186
原理,1,1,0.0164,5187
応用,1,1,0.0164,5188
話し声,1,1,0.0164,5189
素足,1,1,0.0164,5190
平,1,1,0.0164,5191
立ち話,1,1,0.0164,5192
要員,1,1,0.0164,5193
ユニ,1,1,0.0164,5194
ホック,1,1,0.0164,5195
シダ,1,1,0.0164,5196
真似事,1,1,0.0164,5197
フォア,1,1,0.0164,5198
いらいら,1,1,0.0164,5199
マグネット,1,1,0.0164,5200
亀,1,1,0.0164,5201
催し,1,1,0.0164,5202
盛り上げる,1,1,0.0164,5203
スウィング,1,1,0.0164,5204
目掛ける,1,1,0.0164,5205
全国,1,1,0.0164,5206
総体,1,1,0.0164,5207
張手,1,1,0.0164,5208
号泣,1,1,0.0164,5209
分担,1,1,0.0164,5210
ふれあう,1,1,0.0164,5211
拒む,1,1,0.0164,5212
裏山,1,1,0.0164,5213
ジュース,1,1,0.0164,5214
ソーダ,1,1,0.0164,5215
飛行,1,1,0.0164,5216
紙袋,1,1,0.0164,5217
センタリング,1,1,0.0164,5218
物音,1,1,0.0164,5219
引ける,1,1,0.0164,5220
貸し借り,1,1,0.0164,5221
インコース,1,1,0.0164,5222
ジャンプスマッシュ,1,1,0.0164,5223
覇気,1,1,0.0164,5224
叱咤,1,1,0.0164,5225
平手,1,1,0.0164,5226
風下,1,1,0.0164,5227
マリ,1,1,0.0164,5228
釣竿,1,1,0.0164,5229
観る,1,1,0.0164,5230
放る,1,1,0.0164,5231
クイズ,1,1,0.0164,5232
押し付ける,1,1,0.0164,5233
ナイロン,1,1,0.0164,5234
ふう,1,1,0.0164,5235
ワックス,1,1,0.0164,5236
書き,1,1,0.0164,5237
からかい,1,1,0.0164,5238
と列,1,1,0.0164,5239
いや,1,1,0.0164,5240
マスゲーム,1,1,0.0164,5241
なぎ倒す,1,1,0.0164,5242
樋,1,1,0.0164,5243
ツーバウンド,1,1,0.0164,5244
平行,1,1,0.0164,5245
投打,1,1,0.0164,5246
モーション,1,1,0.0164,5247
ランダウンプレー,1,1,0.0164,5248
テンプル,1,1,0.0164,5249
拒否,1,1,0.0164,5250
拳骨,1,1,0.0164,5251
かがる,1,1,0.0164,5252
あだ名,1,1,0.0164,5253
執拗,1,1,0.0164,5254
言い返す,1,1,0.0164,5255
アンダー,1,1,0.0164,5256
上端,1,1,0.0164,5257
振りかぶる,1,1,0.0164,5258
殺陣,1,1,0.0164,5259
順序,1,1,0.0164,5260
三遊間,1,1,0.0164,5261
他方,1,1,0.0164,5262
ドライブイン,1,1,0.0164,5263
最近,1,1,0.0164,5264
興味,1,1,0.0164,5265
常,1,1,0.0164,5266
しぐさ,1,1,0.0164,5267
とりかえる,1,1,0.0164,5268
ふきぬける,1,1,0.0164,5269
草花,1,1,0.0164,5270
マジック,1,1,0.0164,5271
Ｕターン,1,1,0.0164,5272
つり橋,1,1,0.0164,5273
すき,1,1,0.0164,5274
ふみ,1,1,0.0164,5275
おの,1,1,0.0164,5276
チャン,1,1,0.0164,5277
まつ,1,1,0.0164,5278
二つ,1,1,0.0164,5279
ツツジ,1,1,0.0164,5280
襟首,1,1,0.0164,5281
頂点,1,1,0.0164,5282
フットサルボール,1,1,0.0164,5283
積雪,1,1,0.0164,5284
直球,1,1,0.0164,5285
あらそう,1,1,0.0164,5286
棒状,1,1,0.0164,5287
図,1,1,0.0164,5288
違い,1,1,0.0164,5289
門前,1,1,0.0164,5290
かすみ,1,1,0.0164,5291
バナナ,1,1,0.0164,5292
石炭,1,1,0.0164,5293
ショット,1,1,0.0164,5294
受け皿,1,1,0.0164,5295
出窓,1,1,0.0164,5296
さるすべり,1,1,0.0164,5297
冷,1,1,0.0164,5298
始まり,1,1,0.0164,5299
切り出し,1,1,0.0164,5300
イモリ,1,1,0.0164,5301
救出,1,1,0.0164,5302
寝ころぶ,1,1,0.0164,5303
見にくい,1,1,0.0164,5304
消灯,1,1,0.0164,5305
丸まる,1,1,0.0164,5306
受け答え,1,1,0.0164,5307
ナイト,1,1,0.0164,5308
ハイキング,1,1,0.0164,5309
水路,1,1,0.0164,5310
放れる,1,1,0.0164,5311
フィルドワーク,1,1,0.0164,5312
レイアップシュート,1,1,0.0164,5313
ドッジビー,1,1,0.0164,5314
乱闘,1,1,0.0164,5315
流,1,1,0.0164,5316
中本,1,1,0.0164,5317
後夜,1,1,0.0164,5318
窩部,1,1,0.0164,5319
エラー,1,1,0.0164,5320
グリップエンド,1,1,0.0164,5321
投じる,1,1,0.0164,5322
掠める,1,1,0.0164,5323
セミナー,1,1,0.0164,5324
切端,1,1,0.0164,5325
広告,1,1,0.0164,5326
うれしい,1,1,0.0164,5327
ローター,1,1,0.0164,5328
気体,1,1,0.0164,5329
クエン,1,1,0.0164,5330
炭酸,1,1,0.0164,5331
水素,1,1,0.0164,5332
かき,1,1,0.0164,5333
草の根,1,1,0.0164,5334
自作,1,1,0.0164,5335
射つ,1,1,0.0164,5336
けす,1,1,0.0164,5337
西側,1,1,0.0164,5338
森,1,1,0.0164,5339
あつめる,1,1,0.0164,5340
ユーカリ,1,1,0.0164,5341
大木,1,1,0.0164,5342
指す,1,1,0.0164,5343
取り払う,1,1,0.0164,5344
振り当てる,1,1,0.0164,5345
物差し,1,1,0.0164,5346
突破口,1,1,0.0164,5347
吊るす,1,1,0.0164,5348
螺旋,1,1,0.0164,5349
反則,1,1,0.0164,5350
胸元,1,1,0.0164,5351
席次,1,1,0.0164,5352
均す,1,1,0.0164,5353
ＯＢ,1,1,0.0164,5354
口喧嘩,1,1,0.0164,5355
誤解,1,1,0.0164,5356
否定,1,1,0.0164,5357
出品,1,1,0.0164,5358
釘抜き,1,1,0.0164,5359
みつかる,1,1,0.0164,5360
重大,1,1,0.0164,5361
膨張,1,1,0.0164,5362
コンパス,1,1,0.0164,5363
等しい,1,1,0.0164,5364
球体,1,1,0.0164,5365
スリット,1,1,0.0164,5366
歩み板,1,1,0.0164,5367
ダミー,1,1,0.0164,5368
スパーク,1,1,0.0164,5369
君,1,1,0.0164,5370
期限,1,1,0.0164,5371
女,1,1,0.0164,5372
昼寝,1,1,0.0164,5373
向い,1,1,0.0164,5374
立回る,1,1,0.0164,5375
生き物,1,1,0.0164,5376
ミシン,1,1,0.0164,5377
縫製,1,1,0.0164,5378
間違う,1,1,0.0164,5379
箸箱,1,1,0.0164,5380
ヒーロー,1,1,0.0164,5381
意志,1,1,0.0164,5382
表示,1,1,0.0164,5383
確立,1,1,0.0164,5384
不可能,1,1,0.0164,5385
ヶ月,1,1,0.0164,5386
ぶす,1,1,0.0164,5387
洗眼,1,1,0.0164,5388
珊,1,1,0.0164,5389
場面,1,1,0.0164,5390
裏返し,1,1,0.0164,5391
経験,1,1,0.0164,5392
放送,1,1,0.0164,5393
生還,1,1,0.0164,5394
遊選手,1,1,0.0164,5395
射る,1,1,0.0164,5396
白線,1,1,0.0164,5397
変更,1,1,0.0164,5398
セミ,1,1,0.0164,5399
イン,1,1,0.0164,5400
はねかえる,1,1,0.0164,5401
ニス,1,1,0.0164,5402
塗る,1,1,0.0164,5403
段階,1,1,0.0164,5404
前後ろ,1,1,0.0164,5405
黒目,1,1,0.0164,5406
アウトドア,1,1,0.0164,5407
混戦,1,1,0.0164,5408
はね上げる,1,1,0.0164,5409
反論,1,1,0.0164,5410
取りあう,1,1,0.0164,5411
何気ない,1,1,0.0164,5412
ひと言,1,1,0.0164,5413
とびでる,1,1,0.0164,5414
採り,1,1,0.0164,5415
文句,1,1,0.0164,5416
小川,1,1,0.0164,5417
薄暗い,1,1,0.0164,5418
ふるう,1,1,0.0164,5419
シャープ,1,1,0.0164,5420
ハード,1,1,0.0164,5421
サイコロ,1,1,0.0164,5422
フェスティバル,1,1,0.0164,5423
FW,1,1,0.0164,5424
５つ,1,1,0.0164,5425
シャトルラントレーニング,1,1,0.0164,5426
サービス,1,1,0.0164,5427
リターン,1,1,0.0164,5428
郊外,1,1,0.0164,5429
かまえる,1,1,0.0164,5430
クロスプレイ,1,1,0.0164,5431
ドライ,1,1,0.0164,5432
エリア,1,1,0.0164,5433
館,1,1,0.0164,5434
凶器,1,1,0.0164,5435
当事者,1,1,0.0164,5436
録音,1,1,0.0164,5437
同室,1,1,0.0164,5438
音声,1,1,0.0164,5439
歩み寄る,1,1,0.0164,5440
おびる,1,1,0.0164,5441
投力,1,1,0.0164,5442
奉仕,1,1,0.0164,5443
えり,1,1,0.0164,5444
陣取り,1,1,0.0164,5445
フォークダンス,1,1,0.0164,5446
ヤスリ,1,1,0.0164,5447
金づち,1,1,0.0164,5448
特設,1,1,0.0164,5449
改造,1,1,0.0164,5450
いじめ,1,1,0.0164,5451
ふりほどく,1,1,0.0164,5452
静まる,1,1,0.0164,5453
小突く,1,1,0.0164,5454
払い除ける,1,1,0.0164,5455
突発,1,1,0.0164,5456
握りこぶし,1,1,0.0164,5457
談話,1,1,0.0164,5458
ふりまわす,1,1,0.0164,5459
つき刺さる,1,1,0.0164,5460
クロスカントリー,1,1,0.0164,5461
ランダウン,1,1,0.0164,5462
舞い上がる,1,1,0.0164,5463
ウェイティングサークル,1,1,0.0164,5464
見逃す,1,1,0.0164,5465
すくい上げる,1,1,0.0164,5466
日程,1,1,0.0164,5467
川原,1,1,0.0164,5468
接着,1,1,0.0164,5469
ヘラ,1,1,0.0164,5470
スチレンボード,1,1,0.0164,5471
エナメル,1,1,0.0164,5472
あい,1,1,0.0164,5473
コンピューター,1,1,0.0164,5474
爪痕,1,1,0.0164,5475
両方,1,1,0.0164,5476
交う,1,1,0.0164,5477
打てる,1,1,0.0164,5478
過熱,1,1,0.0164,5479
クリアー,1,1,0.0164,5480
)。,1,1,0.0164,5481
熊,1,1,0.0164,5482
遭遇,1,1,0.0164,5483
キャンプファイヤー,1,1,0.0164,5484
h,1,1,0.0164,5485
詰める,1,1,0.0164,5486
遊撃,1,1,0.0164,5487
天蓋,1,1,0.0164,5488
マイボール,1,1,0.0164,5489
天文,1,1,0.0164,5490
林業,1,1,0.0164,5491
事業,1,1,0.0164,5492
パチッ,1,1,0.0164,5493
かぶれ,1,1,0.0164,5494
医院,1,1,0.0164,5495
ジャンプタッチ,1,1,0.0164,5496
裏返る,1,1,0.0164,5497
ひろがる,1,1,0.0164,5498
投石,1,1,0.0164,5499
覚ます,1,1,0.0164,5500
ボ,1,1,0.0164,5501
ル,1,1,0.0164,5502
ゲ,1,1,0.0164,5503
ム,1,1,0.0164,5504
日曜,1,1,0.0164,5505
干す,1,1,0.0164,5506
砕ける,1,1,0.0164,5507
NC,1,1,0.0164,5508
狙い打つ,1,1,0.0164,5509
早め,1,1,0.0164,5510
手打ち,1,1,0.0164,5511
イレギュラーボール,1,1,0.0164,5512
向き直る,1,1,0.0164,5513
ジャッカル,1,1,0.0164,5514
矢筈,1,1,0.0164,5515
渓谷,1,1,0.0164,5516
岩場,1,1,0.0164,5517
滑落,1,1,0.0164,5518
ロボコン,1,1,0.0164,5519
mm×,1,1,0.0164,5520
情報,1,1,0.0164,5521
混入,1,1,0.0164,5522
脱毛,1,1,0.0164,5523
中毒,1,1,0.0164,5524
アイシェード,1,1,0.0164,5525
ゴーグル,1,1,0.0164,5526
受け渡し,1,1,0.0164,5527
引継ぎ,1,1,0.0164,5528
ラバー,1,1,0.0164,5529
ジュラルミン,1,1,0.0164,5530
ちゃんばら,1,1,0.0164,5531
やり返す,1,1,0.0164,5532
へ,1,1,0.0164,5533
万力,1,1,0.0164,5534
スルーパス,1,1,0.0164,5535
速球,1,1,0.0164,5536
強振,1,1,0.0164,5537
どうし,1,1,0.0164,5538
内壁,1,1,0.0164,5539
得点板,1,1,0.0164,5540
目印,1,1,0.0164,5541
立て直す,1,1,0.0164,5542
連携,1,1,0.0164,5543
だし,1,1,0.0164,5544
サポート,1,1,0.0164,5545
ナイター,1,1,0.0164,5546
院,1,1,0.0164,5547
手入れ,1,1,0.0164,5548
消える,1,1,0.0164,5549
持ち主,1,1,0.0164,5550
やりとり,1,1,0.0164,5551
続き,1,1,0.0164,5552
手紙,1,1,0.0164,5553
配付,1,1,0.0164,5554
はずむ,1,1,0.0164,5555
口外,1,1,0.0164,5556
千枚通し,1,1,0.0164,5557
アクセサリー,1,1,0.0164,5558
浴場,1,1,0.0164,5559
ネクストバッター,1,1,0.0164,5560
備蓄,1,1,0.0164,5561
過る,1,1,0.0164,5562
PK,1,1,0.0164,5563
代用,1,1,0.0164,5564
集結,1,1,0.0164,5565
持て余す,1,1,0.0164,5566
パスミス,1,1,0.0164,5567
貫く,1,1,0.0164,5568
ファウルボーイ,1,1,0.0164,5569
秋季,1,1,0.0164,5570
スマ,1,1,0.0164,5571
ホ,1,1,0.0164,5572
さる,1,1,0.0164,5573
形跡,1,1,0.0164,5574
結わえる,1,1,0.0164,5575
追い払う,1,1,0.0164,5576
形状,1,1,0.0164,5577
中傷,1,1,0.0164,5578
散らばる,1,1,0.0164,5579
とどまる,1,1,0.0164,5580
スコアラー,1,1,0.0164,5581
入れ替わる,1,1,0.0164,5582
相対,1,1,0.0164,5583
皿回し,1,1,0.0164,5584
郵便,1,1,0.0164,5585
屋,1,1,0.0164,5586
たるむ,1,1,0.0164,5587
屈む,1,1,0.0164,5588
打ち合う,1,1,0.0164,5589
スローイング,1,1,0.0164,5590
張り手,1,1,0.0164,5591
込める,1,1,0.0164,5592
向かい側,1,1,0.0164,5593
作,1,1,0.0164,5594
協力,1,1,0.0164,5595
マイナス,1,1,0.0164,5596
エール,1,1,0.0164,5597
だるい,1,1,0.0164,5598
増強,1,1,0.0164,5599
担う,1,1,0.0164,5600
松かさ,1,1,0.0164,5601
ブッシング,1,1,0.0164,5602
モニュメント,1,1,0.0164,5603
赤,1,1,0.0164,5604
おじぎ,1,1,0.0164,5605
仲裁,1,1,0.0164,5606
得点,1,1,0.0164,5607
むかう,1,1,0.0164,5608
シューティング,1,1,0.0164,5609
海綿,1,1,0.0164,5610
血管腫,1,1,0.0164,5611
ジャンピングスマッシュ,1,1,0.0164,5612
生物,1,1,0.0164,5613
腕時計,1,1,0.0164,5614
太陽光,1,1,0.0164,5615
目線,1,1,0.0164,5616
制球,1,1,0.0164,5617
セロハン,1,1,0.0164,5618
ひきずる,1,1,0.0164,5619
いたむ,1,1,0.0164,5620
穿通創,1,1,0.0164,5621
きり,1,1,0.0164,5622
はね上がる,1,1,0.0164,5623
眼前,1,1,0.0164,5624
ディスク,1,1,0.0164,5625
視神経,1,1,0.0164,5626
痺性散,1,1,0.0164,5627
結,1,1,0.0164,5628
滅菌,1,1,0.0164,5629
括約筋,1,1,0.0164,5630
跳ね返す,1,1,0.0164,5631
外層,1,1,0.0164,5632
らく,1,1,0.0164,5633
覚,1,1,0.0164,5634
フォワード,1,1,0.0164,5635
立ち合う,1,1,0.0164,5636
書道,1,1,0.0164,5637
胸倉,1,1,0.0164,5638
絞る,1,1,0.0164,5639
扼型眼,1,1,0.0164,5640
窩底骨,1,1,0.0164,5641
絵筆,1,1,0.0164,5642
吊す,1,1,0.0164,5643
斜視,1,1,0.0164,5644
剝離術,1,1,0.0164,5645
まち針,1,1,0.0164,5646
委縮,1,1,0.0164,5647
剝離,1,1,0.0164,5648
参考,1,1,0.0164,5649
同心円,1,1,0.0164,5650
圧症,1,1,0.0164,5651
勝ち抜き,1,1,0.0164,5652
増殖,1,1,0.0164,5653
障子,1,1,0.0164,5654
成熟,1,1,0.0164,5655
滲出,1,1,0.0164,5656
空,1,1,0.0164,5657
浮腫,1,1,0.0164,5658
折り紙,1,1,0.0164,5659
摺り,1,1,0.0164,5660
ちぐはぐ,1,1,0.0164,5661
おかし,1,1,0.0164,5662
脳血栓,1,1,0.0164,5663
工夫,1,1,0.0164,5664
食中毒,1,1,0.0164,5665
病原,1,1,0.0164,5666
大腸,1,1,0.0164,5667
溶血,1,1,0.0164,5668
尿毒症,1,1,0.0164,5669
結びつける,1,1,0.0164,5670
誘因,1,1,0.0164,5671
唾液,1,1,0.0164,5672
溜まる,1,1,0.0164,5673
Ｋm,1,1,0.0164,5674
乾く,1,1,0.0164,5675
蓮田,1,1,0.0164,5676
良好,1,1,0.0164,5677
自由形,1,1,0.0164,5678
前約,1,1,0.0164,5679
上がれる,1,1,0.0164,5680
本来,1,1,0.0164,5681
あぶない,1,1,0.0164,5682
出身,1,1,0.0164,5683
掛け合う,1,1,0.0164,5684
出塁,1,1,0.0164,5685
ヒ,1,1,0.0164,5686
準決勝,1,1,0.0164,5687
ダブルネルソン,1,1,0.0164,5688
フォール,1,1,0.0164,5689
一命,1,1,0.0164,5690
取り留める,1,1,0.0164,5691
わかる,1,1,0.0164,5692
遣い,1,1,0.0164,5693
耐久,1,1,0.0164,5694
自滅,1,1,0.0164,5695
支部,1,1,0.0164,5696
借り出す,1,1,0.0164,5697
潜む,1,1,0.0164,5698
要領,1,1,0.0164,5699
数学,1,1,0.0164,5700
答案,1,1,0.0164,5701
用紙,1,1,0.0164,5702
自慰,1,1,0.0164,5703
口調,1,1,0.0164,5704
募る,1,1,0.0164,5705
作戦,1,1,0.0164,5706
失投,1,1,0.0164,5707
余勢,1,1,0.0164,5708
せり,1,1,0.0164,5709
ジャブ,1,1,0.0164,5710
クッション,1,1,0.0164,5711
付き添い,1,1,0.0164,5712
たんこぶ,1,1,0.0164,5713
おむつ,1,1,0.0164,5714
トライ,1,1,0.0164,5715
伝い,1,1,0.0164,5716
グキグキ,1,1,0.0164,5717
舌,1,1,0.0164,5718
クール,1,1,0.0164,5719
ダウン,1,1,0.0164,5720
ＶＴＲ,1,1,0.0164,5721
含軟式,1,1,0.0164,5722
スポーツドリンク,1,1,0.0164,5723
つくり,1,1,0.0164,5724
通せんぼ,1,1,0.0164,5725
溶解,1,1,0.0164,5726
耐火,1,1,0.0164,5727
合成,1,1,0.0164,5728
レ,1,1,0.0164,5729
引き返す,1,1,0.0164,5730
宅,1,1,0.0164,5731
人生,1,1,0.0164,5732
浮かぶ,1,1,0.0164,5733
助ける,1,1,0.0164,5734
学期,1,1,0.0164,5735
なじめる,1,1,0.0164,5736
本番,1,1,0.0164,5737
木立,1,1,0.0164,5738
屈測定,1,1,0.0164,5739
戦中,1,1,0.0164,5740
騎,1,1,0.0164,5741
シャドーピッチング,1,1,0.0164,5742
掛り,1,1,0.0164,5743
切り返し,1,1,0.0164,5744
控室,1,1,0.0164,5745
風圧,1,1,0.0164,5746
巣,1,1,0.0164,5747
メール,1,1,0.0164,5748
浮輪,1,1,0.0164,5749
あがれる,1,1,0.0164,5750
ひきあげる,1,1,0.0164,5751
発する,1,1,0.0164,5752
転院,1,1,0.0164,5753
通称,1,1,0.0164,5754
くさり,1,1,0.0164,5755
闘い,1,1,0.0164,5756
フォロー,1,1,0.0164,5757
噂,1,1,0.0164,5758
問い質す,1,1,0.0164,5759
いい,1,1,0.0164,5760
威圧,1,1,0.0164,5761
殴りつける,1,1,0.0164,5762
市販,1,1,0.0164,5763
服用,1,1,0.0164,5764
堂,1,1,0.0164,5765
回廊,1,1,0.0164,5766
病状,1,1,0.0164,5767
急変,1,1,0.0164,5768
線審,1,1,0.0164,5769
シングルス,1,1,0.0164,5770
見本,1,1,0.0164,5771
戸口,1,1,0.0164,5772
とばっちり,1,1,0.0164,5773
制動,1,1,0.0164,5774
起きあがれる,1,1,0.0164,5775
売る,1,1,0.0164,5776
楽しい,1,1,0.0164,5777
どろんこ,1,1,0.0164,5778
沐浴,1,1,0.0164,5779
年少,1,1,0.0164,5780
吸引,1,1,0.0164,5781
雨漏り,1,1,0.0164,5782
団子,1,1,0.0164,5783
遊泳,1,1,0.0164,5784
点呼,1,1,0.0164,5785
監視,1,1,0.0164,5786
引き揚げる,1,1,0.0164,5787
姉,1,1,0.0164,5788
肩胛骨,1,1,0.0164,5789
寝違える,1,1,0.0164,5790
どる,1,1,0.0164,5791
通り魔,1,1,0.0164,5792
犯行,1,1,0.0164,5793
突き当り,1,1,0.0164,5794
救護,1,1,0.0164,5795
引き続く,1,1,0.0164,5796
膀胱,1,1,0.0164,5797
なり,1,1,0.0164,5798
傍観,1,1,0.0164,5799
夕刻,1,1,0.0164,5800
適宜,1,1,0.0164,5801
集,1,1,0.0164,5802
態勢,1,1,0.0164,5803
昇級,1,1,0.0164,5804
審査,1,1,0.0164,5805
シャドウボクシング,1,1,0.0164,5806
経る,1,1,0.0164,5807
レフ,1,1,0.0164,5808
リース,1,1,0.0164,5809
目眩,1,1,0.0164,5810
薄らぐ,1,1,0.0164,5811
むせる,1,1,0.0164,5812
指揮,1,1,0.0164,5813
預ける,1,1,0.0164,5814
かすれる,1,1,0.0164,5815
つり,1,1,0.0164,5816
回避,1,1,0.0164,5817
積極,1,1,0.0164,5818
入部,1,1,0.0164,5819
トランペット,1,1,0.0164,5820
月頃,1,1,0.0164,5821
ぎこちない,1,1,0.0164,5822
ウィリス,1,1,0.0164,5823
もやもや,1,1,0.0164,5824
病,1,1,0.0164,5825
羽交締め,1,1,0.0164,5826
終日,1,1,0.0164,5827
呼び寄せる,1,1,0.0164,5828
部長,1,1,0.0164,5829
辞める,1,1,0.0164,5830
言い渡す,1,1,0.0164,5831
泳法,1,1,0.0164,5832
泳ぎ,1,1,0.0164,5833
気付,1,1,0.0164,5834
依頼,1,1,0.0164,5835
受け取れる,1,1,0.0164,5836
アイスバーン,1,1,0.0164,5837
単独,1,1,0.0164,5838
城壁,1,1,0.0164,5839
混乱,1,1,0.0164,5840
病気,1,1,0.0164,5841
泳者,1,1,0.0164,5842
縛る,1,1,0.0164,5843
対岸,1,1,0.0164,5844
失速,1,1,0.0164,5845
リハビリテーション,1,1,0.0164,5846
難,1,1,0.0164,5847
就く,1,1,0.0164,5848
アウトサイドステップ,1,1,0.0164,5849
横倒し,1,1,0.0164,5850
岸壁,1,1,0.0164,5851
海中,1,1,0.0164,5852
テトラポット,1,1,0.0164,5853
アーチェリー,1,1,0.0164,5854
国道,1,1,0.0164,5855
死亡,1,1,0.0164,5856
王様,1,1,0.0164,5857
命令,1,1,0.0164,5858
枠組み,1,1,0.0164,5859
ゆする,1,1,0.0164,5860
逆さま,1,1,0.0164,5861
面談,1,1,0.0164,5862
個々,1,1,0.0164,5863
うつろ,1,1,0.0164,5864
まばたく,1,1,0.0164,5865
鳴り出す,1,1,0.0164,5866
南方,1,1,0.0164,5867
北方,1,1,0.0164,5868
痺れ,1,1,0.0164,5869
辞書,1,1,0.0164,5870
閉会,1,1,0.0164,5871
願,1,1,0.0164,5872
キャプテン,1,1,0.0164,5873
横たえる,1,1,0.0164,5874
血の気,1,1,0.0164,5875
徐,1,1,0.0164,5876
ふさぐ,1,1,0.0164,5877
突込み,1,1,0.0164,5878
異なる,1,1,0.0164,5879
頭皮,1,1,0.0164,5880
みせる,1,1,0.0164,5881
健,1,1,0.0164,5882
診る,1,1,0.0164,5883
D,1,1,0.0164,5884
中等,1,1,0.0164,5885
可,1,1,0.0164,5886
早,1,1,0.0164,5887
毒,1,1,0.0164,5888
しめる,1,1,0.0164,5889
ウォーター,1,1,0.0164,5890
クーラー,1,1,0.0164,5891
対策,1,1,0.0164,5892
入念,1,1,0.0164,5893
逆手,1,1,0.0164,5894
フル,1,1,0.0164,5895
バイタルサイン,1,1,0.0164,5896
範囲,1,1,0.0164,5897
うつむく,1,1,0.0164,5898
グキッ,1,1,0.0164,5899
混じる,1,1,0.0164,5900
称す,1,1,0.0164,5901
足音,1,1,0.0164,5902
垂れ幕,1,1,0.0164,5903
希望,1,1,0.0164,5904
みかん,1,1,0.0164,5905
重複,1,1,0.0164,5906
ペースト,1,1,0.0164,5907
先週,1,1,0.0164,5908
食べ物,1,1,0.0164,5909
叩打法,1,1,0.0164,5910
泊り,1,1,0.0164,5911
温泉,1,1,0.0164,5912
ギブス,1,1,0.0164,5913
河川敷,1,1,0.0164,5914
うすれる,1,1,0.0164,5915
無抵抗,1,1,0.0164,5916
不眠症,1,1,0.0164,5917
交鎖,1,1,0.0164,5918
はじき飛ばす,1,1,0.0164,5919
ホームステイ,1,1,0.0164,5920
宅内,1,1,0.0164,5921
ホストファミリー,1,1,0.0164,5922
飼い犬,1,1,0.0164,5923
浮上,1,1,0.0164,5924
圧し,1,1,0.0164,5925
ひと休み,1,1,0.0164,5926
欠点,1,1,0.0164,5927
解消,1,1,0.0164,5928
書類,1,1,0.0164,5929
受験,1,1,0.0164,5930
バンパー,1,1,0.0164,5931
ウルトラマン,1,1,0.0164,5932
ふき,1,1,0.0164,5933
予診,1,1,0.0164,5934
アレルギー,1,1,0.0164,5935
カウザルギー,1,1,0.0164,5936
食い込む,1,1,0.0164,5937
身動き,1,1,0.0164,5938
でんぶ,1,1,0.0164,5939
混雑,1,1,0.0164,5940
鎮静,1,1,0.0164,5941
起き上がれる,1,1,0.0164,5942
着衣,1,1,0.0164,5943
降り出す,1,1,0.0164,5944
街灯,1,1,0.0164,5945
くらう,1,1,0.0164,5946
倒込,1,1,0.0164,5947
港,1,1,0.0164,5948
湖岸,1,1,0.0164,5949
天気,1,1,0.0164,5950
咳,1,1,0.0164,5951
バトンタッチ,1,1,0.0164,5952
点滴,1,1,0.0164,5953
終,1,1,0.0164,5954
礼,1,1,0.0164,5955
撒く,1,1,0.0164,5956
行方,1,1,0.0164,5957
フリース,1,1,0.0164,5958
不振,1,1,0.0164,5959
意欲,1,1,0.0164,5960
改札,1,1,0.0164,5961
解体,1,1,0.0164,5962
ベニア,1,1,0.0164,5963
頚骨,1,1,0.0164,5964
公立,1,1,0.0164,5965
峠,1,1,0.0164,5966
戯れる,1,1,0.0164,5967
巡回,1,1,0.0164,5968
引き離す,1,1,0.0164,5969
搭載,1,1,0.0164,5970
安定,1,1,0.0164,5971
眠り,1,1,0.0164,5972
朝方,1,1,0.0164,5973
鼻薬,1,1,0.0164,5974
ヨーグルト,1,1,0.0164,5975
脳神経,1,1,0.0164,5976
詳しい,1,1,0.0164,5977
追い詰める,1,1,0.0164,5978
石垣,1,1,0.0164,5979
しゃべれる,1,1,0.0164,5980
額縁,1,1,0.0164,5981
水しぶき,1,1,0.0164,5982
けいこ,1,1,0.0164,5983
すかす,1,1,0.0164,5984
譜面,1,1,0.0164,5985
教科書,1,1,0.0164,5986
持ち,1,1,0.0164,5987
リュック,1,1,0.0164,5988
挙,1,1,0.0164,5989
上し,1,1,0.0164,5990
座りこむ,1,1,0.0164,5991
腕立て,1,1,0.0164,5992
スクワットジャンプ,1,1,0.0164,5993
バービー,1,1,0.0164,5994
慣らす,1,1,0.0164,5995
意,1,1,0.0164,5996
反す,1,1,0.0164,5997
人権,1,1,0.0164,5998
調べ,1,1,0.0164,5999
仰ぐ,1,1,0.0164,6000
配る,1,1,0.0164,6001
くり,1,1,0.0164,6002
不在,1,1,0.0164,6003
述べる,1,1,0.0164,6004
心神喪失,1,1,0.0164,6005
未満,1,1,0.0164,6006
円筒,1,1,0.0164,6007
印刷,1,1,0.0164,6008
そぐ,1,1,0.0164,6009
スパイラル,1,1,0.0164,6010
不確か,1,1,0.0164,6011
市民,1,1,0.0164,6012
驚かす,1,1,0.0164,6013
にらみ合う,1,1,0.0164,6014
引き下がる,1,1,0.0164,6015
ギプス,1,1,0.0164,6016
ＰＴＳＤ,1,1,0.0164,6017
コースター,1,1,0.0164,6018
アトラクション,1,1,0.0164,6019
CRTD,1,1,0.0164,6020
建てる,1,1,0.0164,6021
肩口,1,1,0.0164,6022
ペナルティ,1,1,0.0164,6023
朝食,1,1,0.0164,6024
時代,1,1,0.0164,6025
力尽きる,1,1,0.0164,6026
立木,1,1,0.0164,6027
腸管,1,1,0.0164,6028
Ｏ１５７,1,1,0.0164,6029
軟便,1,1,0.0164,6030
下痢,1,1,0.0164,6031
少量,1,1,0.0164,6032
亜,1,1,0.0164,6033
たくさん,1,1,0.0164,6034
メジャー,1,1,0.0164,6035
思い違い,1,1,0.0164,6036
腕力,1,1,0.0164,6037
頚動脈,1,1,0.0164,6038
切り替える,1,1,0.0164,6039
痴漢,1,1,0.0164,6040
蛇行,1,1,0.0164,6041
見受ける,1,1,0.0164,6042
催す,1,1,0.0164,6043
前頭,1,1,0.0164,6044
走り込み,1,1,0.0164,6045
でんぐり返し,1,1,0.0164,6046
受けとる,1,1,0.0164,6047
とび出る,1,1,0.0164,6048
卓,1,1,0.0164,6049
降雨,1,1,0.0164,6050
だく,1,1,0.0164,6051
ょばないです,1,1,0.0164,6052
ふてくされる,1,1,0.0164,6053
響く,1,1,0.0164,6054
言動,1,1,0.0164,6055
悪夢,1,1,0.0164,6056
起床,1,1,0.0164,6057
聴覚,1,1,0.0164,6058
過敏,1,1,0.0164,6059
多汗症,1,1,0.0164,6060
不定,1,1,0.0164,6061
愁訴,1,1,0.0164,6062
SNS,1,1,0.0164,6063
アカウント,1,1,0.0164,6064
性的,1,1,0.0164,6065
内緒,1,1,0.0164,6066
経口,1,1,0.0164,6067
家族,1,1,0.0164,6068
投与,1,1,0.0164,6069
弱まる,1,1,0.0164,6070
通り道,1,1,0.0164,6071
ばたつかせる,1,1,0.0164,6072
厳しい,1,1,0.0164,6073
着水,1,1,0.0164,6074
軽,1,1,0.0164,6075
失調,1,1,0.0164,6076
右脳,1,1,0.0164,6077
起因,1,1,0.0164,6078
脱がす,1,1,0.0164,6079
手配,1,1,0.0164,6080
取り入れる,1,1,0.0164,6081
業務,1,1,0.0164,6082
パルスオキシメーター,1,1,0.0164,6083
数値,1,1,0.0164,6084
ホットドッグ,1,1,0.0164,6085
パン,1,1,0.0164,6086
ウインナー,1,1,0.0164,6087
頸椎環,1,1,0.0164,6088
TFCC,1,1,0.0164,6089
スライダー,1,1,0.0164,6090
末梢,1,1,0.0164,6091
掴み合う,1,1,0.0164,6092
領域,1,1,0.0164,6093
歯槽,1,1,0.0164,6094
肉牛,1,1,0.0164,6095
押しのける,1,1,0.0164,6096
水深,1,1,0.0164,6097
修復,1,1,0.0164,6098
取り換える,1,1,0.0164,6099
減少,1,1,0.0164,6100
むち打つ,1,1,0.0164,6101
混合,1,1,0.0164,6102
頸椎骨,1,1,0.0164,6103
デッド,1,1,0.0164,6104
無くす,1,1,0.0164,6105
同名,1,1,0.0164,6106
顆不全,1,1,0.0164,6107
殻,1,1,0.0164,6108
Y,1,1,0.0164,6109
線維,1,1,0.0164,6110
動静,1,1,0.0164,6111
奇形,1,1,0.0164,6112
下向き,1,1,0.0164,6113
加減,1,1,0.0164,6114
肺,1,1,0.0164,6115
水腫,1,1,0.0164,6116
肘内,1,1,0.0164,6117
PTSD,1,1,0.0164,6118
実演,1,1,0.0164,6119
下垂,1,1,0.0164,6120
タンブリング,1,1,0.0164,6121
叉,1,1,0.0164,6122
前頭葉,1,1,0.0164,6123
胃痛,1,1,0.0164,6124
離乳食,1,1,0.0164,6125
中期,1,1,0.0164,6126
刻む,1,1,0.0164,6127
上手い,1,1,0.0164,6128
兄,1,1,0.0164,6129
フットボール,1,1,0.0164,6130
カイロ,1,1,0.0164,6131
高圧線,1,1,0.0164,6132
キュービクルフェンス,1,1,0.0164,6133
五指,1,1,0.0164,6134
オーバーハンド,1,1,0.0164,6135
詰め込む,1,1,0.0164,6136
完了,1,1,0.0164,6137
残部,1,1,0.0164,6138
マグロ,1,1,0.0164,6139
延縄,1,1,0.0164,6140
操業,1,1,0.0164,6141
ブラ,1,1,0.0164,6142
揚,1,1,0.0164,6143
交わす,1,1,0.0164,6144
建築,1,1,0.0164,6145
企業,1,1,0.0164,6146
製品,1,1,0.0164,6147
指輪,1,1,0.0164,6148
偏る,1,1,0.0164,6149
ベビー,1,1,0.0164,6150
類,1,1,0.0164,6151
吹き出す,1,1,0.0164,6152
さげる,1,1,0.0164,6153
くすり,1,1,0.0164,6154
正しい,1,1,0.0164,6155
腹いせ,1,1,0.0164,6156
仕上る,1,1,0.0164,6157
ざす,1,1,0.0164,6158
鉄骨,1,1,0.0164,6159
シャーニングマシン,1,1,0.0164,6160
排,1,1,0.0164,6161
傾斜,1,1,0.0164,6162
充分,1,1,0.0164,6163
バスケットゴールネット,1,1,0.0164,6164
土留,1,1,0.0164,6165
へび,1,1,0.0164,6166
年度,1,1,0.0164,6167
継手,1,1,0.0164,6168
すそ,1,1,0.0164,6169
バリ,1,1,0.0164,6170
砥石,1,1,0.0164,6171
ヒノキ,1,1,0.0164,6172
ホバークラフト,1,1,0.0164,6173
試運転,1,1,0.0164,6174
正規,1,1,0.0164,6175
キー,1,1,0.0164,6176
好き,1,1,0.0164,6177
積み,1,1,0.0164,6178
木の間,1,1,0.0164,6179
乗用,1,1,0.0164,6180
擦り付ける,1,1,0.0164,6181
建設,1,1,0.0164,6182
業者,1,1,0.0164,6183
押し開く,1,1,0.0164,6184
拳銃,1,1,0.0164,6185
雷管,1,1,0.0164,6186
フルバック,1,1,0.0164,6187
バイス,1,1,0.0164,6188
落ち込む,1,1,0.0164,6189
襟,1,1,0.0164,6190
灯火,1,1,0.0164,6191
さわる,1,1,0.0164,6192
磯,1,1,0.0164,6193
山肌,1,1,0.0164,6194
ＢＯＸ,1,1,0.0164,6195
ＰＩＰ,1,1,0.0164,6196
三脚,1,1,0.0164,6197
たたみかける,1,1,0.0164,6198
講演,1,1,0.0164,6199
車止め,1,1,0.0164,6200
高じる,1,1,0.0164,6201
汚染,1,1,0.0164,6202
下がり,1,1,0.0164,6203
オン,1,1,0.0164,6204
きた,1,1,0.0164,6205
資源,1,1,0.0164,6206
積込む,1,1,0.0164,6207
パーソナル,1,1,0.0164,6208
夜露,1,1,0.0164,6209
ピペット,1,1,0.0164,6210
取りつける,1,1,0.0164,6211
バンドソー,1,1,0.0164,6212
二つ割り,1,1,0.0164,6213
ヒゴ,1,1,0.0164,6214
左きき,1,1,0.0164,6215
乗り移る,1,1,0.0164,6216
キャッチング,1,1,0.0164,6217
差し込む,1,1,0.0164,6218
掲載,1,1,0.0164,6219
もぐる,1,1,0.0164,6220
押,1,1,0.0164,6221
潰す,1,1,0.0164,6222
スポーク,1,1,0.0164,6223
板金,1,1,0.0164,6224
塗装,1,1,0.0164,6225
㎜,1,1,0.0164,6226
四隅,1,1,0.0164,6227
死ぬ,1,1,0.0164,6228
噴水,1,1,0.0164,6229
末端,1,1,0.0164,6230
逃げだす,1,1,0.0164,6231
後手,1,1,0.0164,6232
T,1,1,0.0164,6233
字形,1,1,0.0164,6234
シャフト,1,1,0.0164,6235
肉片,1,1,0.0164,6236
クロ,1,1,0.0164,6237
スプレー,1,1,0.0164,6238
セッティング,1,1,0.0164,6239
解除,1,1,0.0164,6240
こだわり,1,1,0.0164,6241
南京錠,1,1,0.0164,6242
もぎ取れる,1,1,0.0164,6243
埋まる,1,1,0.0164,6244
掘り出す,1,1,0.0164,6245
ほじる,1,1,0.0164,6246
掘り出せる,1,1,0.0164,6247
倍,1,1,0.0164,6248
立ち去る,1,1,0.0164,6249
弛む,1,1,0.0164,6250
進級,1,1,0.0164,6251
むき,1,1,0.0164,6252
ヘタ,1,1,0.0164,6253
助手,1,1,0.0164,6254
工程,1,1,0.0164,6255
革,1,1,0.0164,6256
慎重,1,1,0.0164,6257
かけよる,1,1,0.0164,6258
差し入れる,1,1,0.0164,6259
ふき取る,1,1,0.0164,6260
バターン,1,1,0.0164,6261
稲作,1,1,0.0164,6262
美術館,1,1,0.0164,6263
ころがる,1,1,0.0164,6264
パンパン,1,1,0.0164,6265
抜け出る,1,1,0.0164,6266
たるみ,1,1,0.0164,6267
バーベルスクワット,1,1,0.0164,6268
吹き飛ぶ,1,1,0.0164,6269
バッタ,1,1,0.0164,6270
爪先,1,1,0.0164,6271
眺める,1,1,0.0164,6272
和紙,1,1,0.0164,6273
梨園,1,1,0.0164,6274
藤蔓,1,1,0.0164,6275
刈り込む,1,1,0.0164,6276
みの,1,1,0.0164,6277
シャーリング,1,1,0.0164,6278
取り外す,1,1,0.0164,6279
探求,1,1,0.0164,6280
冬休み,1,1,0.0164,6281
ノックマシーン,1,1,0.0164,6282
ローターベルト,1,1,0.0164,6283
インターアクトクラブ,1,1,0.0164,6284
ボランティア,1,1,0.0164,6285
ラジカセ,1,1,0.0164,6286
開き戸,1,1,0.0164,6287
多用,1,1,0.0164,6288
公民館,1,1,0.0164,6289
ホブ,1,1,0.0164,6290
名称,1,1,0.0164,6291
種類,1,1,0.0164,6292
ファスナー,1,1,0.0164,6293
絡みつく,1,1,0.0164,6294
F,1,1,0.0164,6295
寝かしつける,1,1,0.0164,6296
分ける,1,1,0.0164,6297
柿,1,1,0.0164,6298
がわら,1,1,0.0164,6299
農機具,1,1,0.0164,6300
肉,1,1,0.0164,6301
葡萄,1,1,0.0164,6302
下草,1,1,0.0164,6303
版,1,1,0.0164,6304
搬出,1,1,0.0164,6305
出展,1,1,0.0164,6306
餌,1,1,0.0164,6307
要所,1,1,0.0164,6308
把握,1,1,0.0164,6309
スケッチ,1,1,0.0164,6310
秋,1,1,0.0164,6311
笠,1,1,0.0164,6312
職業,1,1,0.0164,6313
食品,1,1,0.0164,6314
農産,1,1,0.0164,6315
仕込み,1,1,0.0164,6316
利き手,1,1,0.0164,6317
らせん,1,1,0.0164,6318
家具,1,1,0.0164,6319
マットレス,1,1,0.0164,6320
積み込み,1,1,0.0164,6321
足つき,1,1,0.0164,6322
プランターケース,1,1,0.0164,6323
床上,1,1,0.0164,6324
砕く,1,1,0.0164,6325
搾乳,1,1,0.0164,6326
視聴覚,1,1,0.0164,6327
圧,1,1,0.0164,6328
マーチングドラム,1,1,0.0164,6329
ドラム,1,1,0.0164,6330
ジーンズ,1,1,0.0164,6331
ダメージ,1,1,0.0164,6332
重なり合う,1,1,0.0164,6333
落水,1,1,0.0164,6334
船内,1,1,0.0164,6335
船具,1,1,0.0164,6336
上げ,1,1,0.0164,6337
慣性,1,1,0.0164,6338
法則,1,1,0.0164,6339
取手,1,1,0.0164,6340
タンス,1,1,0.0164,6341
サーフィン,1,1,0.0164,6342
サーフ,1,1,0.0164,6343
フィン,1,1,0.0164,6344
直立,1,1,0.0164,6345
巻き付く,1,1,0.0164,6346
壮行,1,1,0.0164,6347
くず,1,1,0.0164,6348
創造,1,1,0.0164,6349
専攻,1,1,0.0164,6350
つがい,1,1,0.0164,6351
メカトロニクス,1,1,0.0164,6352
機体,1,1,0.0164,6353
船舶,1,1,0.0164,6354
乗船,1,1,0.0164,6355
扱う,1,1,0.0164,6356
水田,1,1,0.0164,6357
脱穀,1,1,0.0164,6358
尻尾,1,1,0.0164,6359
鉄扉,1,1,0.0164,6360
切り取る,1,1,0.0164,6361
畜産,1,1,0.0164,6362
レインコート,1,1,0.0164,6363
フード,1,1,0.0164,6364
標識,1,1,0.0164,6365
両開き,1,1,0.0164,6366
凸,1,1,0.0164,6367
指中,1,1,0.0164,6368
基部,1,1,0.0164,6369
示指基,1,1,0.0164,6370
示指不,1,1,0.0164,6371
噛み付く,1,1,0.0164,6372
しり,1,1,0.0164,6373
PIP,1,1,0.0164,6374
焼却,1,1,0.0164,6375
ごみ捨て,1,1,0.0164,6376
足踏み,1,1,0.0164,6377
有る,1,1,0.0164,6378
唾,1,1,0.0164,6379
魚,1,1,0.0164,6380
捕獲,1,1,0.0164,6381
でっぱる,1,1,0.0164,6382
チームメート,1,1,0.0164,6383
輪番,1,1,0.0164,6384
コック,1,1,0.0164,6385
寒稽古,1,1,0.0164,6386
納会,1,1,0.0164,6387
おおい,1,1,0.0164,6388
離合,1,1,0.0164,6389
徐行,1,1,0.0164,6390
弟,1,1,0.0164,6391
ハーフタイム,1,1,0.0164,6392
クロスバー,1,1,0.0164,6393
つま先,1,1,0.0164,6394
待ち合わせ,1,1,0.0164,6395
告げる,1,1,0.0164,6396
取り囲む,1,1,0.0164,6397
組みあう,1,1,0.0164,6398
あばら骨,1,1,0.0164,6399
ドーナッツ,1,1,0.0164,6400
声援,1,1,0.0164,6401
少林寺拳法,1,1,0.0164,6402
昇段,1,1,0.0164,6403
きりかえす,1,1,0.0164,6404
劣化,1,1,0.0164,6405
竹林,1,1,0.0164,6406
短期,1,1,0.0164,6407
路側,1,1,0.0164,6408
フィールドワーク,1,1,0.0164,6409
がり,1,1,0.0164,6410
生える,1,1,0.0164,6411
フェイント,1,1,0.0164,6412
出し合う,1,1,0.0164,6413
LHR,1,1,0.0164,6414
とこ,1,1,0.0164,6415
退屈,1,1,0.0164,6416
フィニッシュ,1,1,0.0164,6417
ホームイン,1,1,0.0164,6418
ゲームセット,1,1,0.0164,6419
たずねる,1,1,0.0164,6420
指さす,1,1,0.0164,6421
雨上がり,1,1,0.0164,6422
付き合う,1,1,0.0164,6423
ゴールイン,1,1,0.0164,6424
苦渋,1,1,0.0164,6425
形相,1,1,0.0164,6426
勝ち,1,1,0.0164,6427
敗退,1,1,0.0164,6428
実践,1,1,0.0164,6429
書店,1,1,0.0164,6430
購入,1,1,0.0164,6431
売り場,1,1,0.0164,6432
横風,1,1,0.0164,6433
ラスト,1,1,0.0164,6434
長距離,1,1,0.0164,6435
復活,1,1,0.0164,6436
冷や汗,1,1,0.0164,6437
サックス,1,1,0.0164,6438
呼名,1,1,0.0164,6439
不能,1,1,0.0164,6440
気管,1,1,0.0164,6441
チューブ,1,1,0.0164,6442
ストレッチャー,1,1,0.0164,6443
ソーラン,1,1,0.0164,6444
わき腹,1,1,0.0164,6445
町,1,1,0.0164,6446
主催,1,1,0.0164,6447
区,1,1,0.0164,6448
キロメートル,1,1,0.0164,6449
消防署,1,1,0.0164,6450
速める,1,1,0.0164,6451
乗り込む,1,1,0.0164,6452
たのしむ,1,1,0.0164,6453
血便,1,1,0.0164,6454
嘱託,1,1,0.0164,6455
加速,1,1,0.0164,6456
スタートライン,1,1,0.0164,6457
しなる,1,1,0.0164,6458
歴,1,1,0.0164,6459
失,1,1,0.0164,6460
くい,1,1,0.0164,6461
サイン,1,1,0.0164,6462
こめる,1,1,0.0164,6463
北門,1,1,0.0164,6464
テコンドー,1,1,0.0164,6465
取り戻す,1,1,0.0164,6466
内科,1,1,0.0164,6467
虫垂炎,1,1,0.0164,6468
麻酔,1,1,0.0164,6469
腫れ上がる,1,1,0.0164,6470
突破,1,1,0.0164,6471
解ける,1,1,0.0164,6472
昏倒,1,1,0.0164,6473
大の字,1,1,0.0164,6474
吹き返す,1,1,0.0164,6475
後輩,1,1,0.0164,6476
コーチャー,1,1,0.0164,6477
喉元,1,1,0.0164,6478
お返し,1,1,0.0164,6479
すもう,1,1,0.0164,6480
～｣,1,1,0.0164,6481
同時,1,1,0.0164,6482
リフティング,1,1,0.0164,6483
立ちはだかる,1,1,0.0164,6484
℃,1,1,0.0164,6485
曇る,1,1,0.0164,6486
心がける,1,1,0.0164,6487
申請,1,1,0.0164,6488
CPR,1,1,0.0164,6489
調律,1,1,0.0164,6490
計る,1,1,0.0164,6491
主審,1,1,0.0164,6492
炎天下,1,1,0.0164,6493
バッテイング,1,1,0.0164,6494
各々,1,1,0.0164,6495
涼み,1,1,0.0164,6496
ロータリー,1,1,0.0164,6497
ＩＣＵ,1,1,0.0164,6498
ＩＣ,1,1,0.0164,6499
転ばす,1,1,0.0164,6500
喋る,1,1,0.0164,6501
助け出す,1,1,0.0164,6502
プレイ,1,1,0.0164,6503
小刻み,1,1,0.0164,6504
ＩＣＤ,1,1,0.0164,6505
ラダートレーニング,1,1,0.0164,6506
局部,1,1,0.0164,6507
冷水,1,1,0.0164,6508
本目,1,1,0.0164,6509
バタフライ,1,1,0.0164,6510
泳ぎ方,1,1,0.0164,6511
ラントレーニング,1,1,0.0164,6512
クラッカー,1,1,0.0164,6513
卒倒,1,1,0.0164,6514
冷汗,1,1,0.0164,6515
乱れ,1,1,0.0164,6516
徒競走,1,1,0.0164,6517
事務,1,1,0.0164,6518
通りがかり,1,1,0.0164,6519
嚢,1,1,0.0164,6520
手中,1,1,0.0164,6521
嚢部,1,1,0.0164,6522
うめく,1,1,0.0164,6523
消防,1,1,0.0164,6524
地球,1,1,0.0164,6525
混濁,1,1,0.0164,6526
じん,1,1,0.0164,6527
蔵,1,1,0.0164,6528
うめき声,1,1,0.0164,6529
うなずく,1,1,0.0164,6530
うっ血,1,1,0.0164,6531
心不全,1,1,0.0164,6532
込,1,1,0.0164,6533
塞栓性,1,1,0.0164,6534
集配,1,1,0.0164,6535
配布,1,1,0.0164,6536
ブルガダ,1,1,0.0164,6537
ホームラン,1,1,0.0164,6538
アルティメットフリスビー,1,1,0.0164,6539
反復,1,1,0.0164,6540
不整脈,1,1,0.0164,6541
臓器,1,1,0.0164,6542
脾損傷,1,1,0.0164,6543
びをして,1,1,0.0164,6544
ふんばる,1,1,0.0164,6545
徹夜,1,1,0.0164,6546
ガジュマル,1,1,0.0164,6547
余,1,1,0.0164,6548
グライダー,1,1,0.0164,6549
違える,1,1,0.0164,6550
同体,1,1,0.0164,6551
頸,1,1,0.0164,6552
会食,1,1,0.0164,6553
利き腕,1,1,0.0164,6554
差しかかる,1,1,0.0164,6555
踏み越す,1,1,0.0164,6556
高飛び,1,1,0.0164,6557
巴,1,1,0.0164,6558
ウマ,1,1,0.0164,6559
ころぶ,1,1,0.0164,6560
脅かす,1,1,0.0164,6561
謝罪,1,1,0.0164,6562
太股,1,1,0.0164,6563
土下座,1,1,0.0164,6564
後遺,1,1,0.0164,6565
傷害,1,1,0.0164,6566
負わす,1,1,0.0164,6567
捻じる,1,1,0.0164,6568
押さえ付ける,1,1,0.0164,6569
ふみこす,1,1,0.0164,6570
引っ掛る,1,1,0.0164,6571
整う,1,1,0.0164,6572
景色,1,1,0.0164,6573
見つめる,1,1,0.0164,6574
事,1,1,0.0164,6575
集塵機,1,1,0.0164,6576
吸う,1,1,0.0164,6577
吸い込む,1,1,0.0164,6578
騒ぐ,1,1,0.0164,6579
さそう,1,1,0.0164,6580
アイスホッケー,1,1,0.0164,6581
引き合い,1,1,0.0164,6582
替わる,1,1,0.0164,6583
騎手,1,1,0.0164,6584
防戦,1,1,0.0164,6585
なだらか,1,1,0.0164,6586
順,1,1,0.0164,6587
ハイハイ,1,1,0.0164,6588
始,1,1,0.0164,6589
かくれる,1,1,0.0164,6590
不鮮明,1,1,0.0164,6591
明確,1,1,0.0164,6592
稼働,1,1,0.0164,6593
個別,1,1,0.0164,6594
仰臥,1,1,0.0164,6595
乗り場,1,1,0.0164,6596
防音,1,1,0.0164,6597
効果,1,1,0.0164,6598
私語,1,1,0.0164,6599
ラクロス,1,1,0.0164,6600
眠気,1,1,0.0164,6601
悪心,1,1,0.0164,6602
陶芸,1,1,0.0164,6603
たたら,1,1,0.0164,6604
後退,1,1,0.0164,6605
長靴,1,1,0.0164,6606
踏み石,1,1,0.0164,6607
風船,1,1,0.0164,6608
引き抜き,1,1,0.0164,6609
モンテジア,1,1,0.0164,6610
通じる,1,1,0.0164,6611
示指末,1,1,0.0164,6612
茎,1,1,0.0164,6613
示指伸,1,1,0.0164,6614
癒合,1,1,0.0164,6615
橈骨頚,1,1,0.0164,6616
もたれ掛かる,1,1,0.0164,6617
レッシュナイハン,1,1,0.0164,6618
亢進,1,1,0.0164,6619
総て,1,1,0.0164,6620
オリエンテーリング,1,1,0.0164,6621
たもと,1,1,0.0164,6622
落雷,1,1,0.0164,6623
払巻込,1,1,0.0164,6624
ねじれ,1,1,0.0164,6625
煽る,1,1,0.0164,6626
補講,1,1,0.0164,6627
県道,1,1,0.0164,6628
ｔ,1,1,0.0164,6629
併走,1,1,0.0164,6630
屈運動,1,1,0.0164,6631
急行,1,1,0.0164,6632
大根,1,1,0.0164,6633
翌年,1,1,0.0164,6634
シップ,1,1,0.0164,6635
段数,1,1,0.0164,6636
差し掛かる,1,1,0.0164,6637
追っかける,1,1,0.0164,6638
くつ,1,1,0.0164,6639
時折,1,1,0.0164,6640
造,1,1,0.0164,6641
梢,1,1,0.0164,6642
聴く,1,1,0.0164,6643
ざけっこをしていたとき,1,1,0.0164,6644
つよい,1,1,0.0164,6645
彎,1,1,0.0164,6646
セラピー,1,1,0.0164,6647
弛める,1,1,0.0164,6648
屈,1,1,0.0164,6649
ゆるめる,1,1,0.0164,6650
うつ伏す,1,1,0.0164,6651
手づかみ,1,1,0.0164,6652
ブラスバンド,1,1,0.0164,6653
差し,1,1,0.0164,6654
こらえる,1,1,0.0164,6655
ポキッ,1,1,0.0164,6656
合奏,1,1,0.0164,6657
かかりつけ,1,1,0.0164,6658
瞬時,1,1,0.0164,6659
膝元,1,1,0.0164,6660
寮生,1,1,0.0164,6661
しわ,1,1,0.0164,6662
語,1,1,0.0164,6663
不快,1,1,0.0164,6664
ハネ,1,1,0.0164,6665
階下,1,1,0.0164,6666
顆部粉,1,1,0.0164,6667
砕骨折,1,1,0.0164,6668
方法,1,1,0.0164,6669
アナウンス,1,1,0.0164,6670
ひかれる,1,1,0.0164,6671
趾及,1,1,0.0164,6672
び,1,1,0.0164,6673
カニ,1,1,0.0164,6674
捻り,1,1,0.0164,6675
ECMO,1,1,0.0164,6676
導入,1,1,0.0164,6677
移乗,1,1,0.0164,6678
後天,1,1,0.0164,6679
不等,1,1,0.0164,6680
果,1,1,0.0164,6681
かがめる,1,1,0.0164,6682
埋める,1,1,0.0164,6683
壊疽,1,1,0.0164,6684
動脈血,1,1,0.0164,6685
摘む,1,1,0.0164,6686
頸部骨,1,1,0.0164,6687
ラストスパート,1,1,0.0164,6688
距骨骨,1,1,0.0164,6689
距骨下,1,1,0.0164,6690
立ち姿,1,1,0.0164,6691
顆上部,1,1,0.0164,6692
犬走,1,1,0.0164,6693
誘う,1,1,0.0164,6694
しびれる,1,1,0.0164,6695
ポンポン,1,1,0.0164,6696
網戸,1,1,0.0164,6697
地下,1,1,0.0164,6698
市道,1,1,0.0164,6699
雪山,1,1,0.0164,6700
エレベーター,1,1,0.0164,6701
友,1,1,0.0164,6702
整理,1,1,0.0164,6703
明瞭,1,1,0.0164,6704
段位,1,1,0.0164,6705
真っ直ぐ,1,1,0.0164,6706
並進,1,1,0.0164,6707
およぐ,1,1,0.0164,6708
ダンブリング,1,1,0.0164,6709
引き連れる,1,1,0.0164,6710
動かせる,1,1,0.0164,6711
クライングロープ,1,1,0.0164,6712
下降,1,1,0.0164,6713
ウォール,1,1,0.0164,6714
のめる,1,1,0.0164,6715
極端,1,1,0.0164,6716
市内,1,1,0.0164,6717
柔,1,1,0.0164,6718
サボテン,1,1,0.0164,6719
能力,1,1,0.0164,6720
挑戦,1,1,0.0164,6721
予備,1,1,0.0164,6722
高低,1,1,0.0164,6723
煙,1,1,0.0164,6724
タブレット,1,1,0.0164,6725
脊椎,1,1,0.0164,6726
地獄,1,1,0.0164,6727
分離,1,1,0.0164,6728
スノーボード,1,1,0.0164,6729
新雪,1,1,0.0164,6730
馬術,1,1,0.0164,6731
棘,1,1,0.0164,6732
