語1,語2,共起事例数,Jaccard（ネットワーク重み）
練習,部,272,0.40296296296296297
前歯,部,218,0.22064777327935223
ボール,練習,200,0.30120481927710846
前歯,当たる,200,0.21482277121374865
加える,歯科,196,0.98989898989899
加える,補綴,195,0.9898477157360406
歯科,補綴,195,0.9898477157360406
当たる,練習,195,0.2880354505169867
前歯,練習,195,0.19736842105263158
ボール,部,193,0.2780979827089337
ボール,当たる,187,0.2992
部,野球,184,0.36363636363636365
当たる,部,184,0.2587904360056259
前歯,顔面,182,0.17704280155642024
ボール,前歯,180,0.19088016967126192
前歯,本,174,0.2283464566929134
前歯,転倒,171,0.18037974683544303
転倒,顔面,169,0.23537604456824512
折,破る,168,0.9180327868852459
口,当たる,159,0.260655737704918
強打,顔面,159,0.25158227848101267
前歯,破る,155,0.20917678812415655
前歯,折,154,0.2072678331090175
自転車,転倒,152,0.329004329004329
歯,部,150,0.1925545571245186
前歯,負傷,147,0.15522703273495247
練習,野球,146,0.2802303262955854
歯,練習,146,0.19210526315789472
口,部,145,0.20743919885550788
強打,転倒,141,0.2522361359570662
部,顔面,141,0.16926770708283315
口,練習,137,0.20029239766081872
前歯,強打,132,0.14814814814814814
練習,顔面,131,0.1597560975609756
ボール,歯,127,0.17663421418636996
負傷,顔面,125,0.16960651289009498
当たる,歯,124,0.16986301369863013
前歯,口,124,0.1297071129707113
前歯,歯科,123,0.15471698113207547
場,運動,122,0.6971428571428572
前歯,補綴,122,0.15365239294710328
前歯,加える,122,0.15326633165829145
ボール,野球,120,0.2464065708418891
加える,歯,120,0.23032629558541268
歯,歯科,120,0.23032629558541268
歯,負傷,120,0.17216642754662842
練習,試合,119,0.20517241379310344
歯,補綴,118,0.22648752399232247
ボール,口,115,0.1780185758513932
歯,転倒,115,0.15818431911966988
バランス,崩す,114,0.8769230769230769
試合,部,112,0.18360655737704917
当たる,野球,109,0.21541501976284586
前歯,歯,109,0.10321969696969698
負傷,転倒,108,0.16289592760180996
前歯,折れる,108,0.1411764705882353
歯,顔面,108,0.13090909090909092
負傷,部,107,0.14247669773635152
ボール,顔面,107,0.1364795918367347
ボール,試合,106,0.19887429643527205
前歯,試合,103,0.12046783625730995
ボール,負傷,102,0.1515601783060921
練習,負傷,102,0.13915416098226466
前歯,相手,102,0.12289156626506025
前歯,顔,101,0.12577833125778332
前歯,床,96,0.11793611793611794
口,歯,94,0.1325811001410437
相手,試合,90,0.25139664804469275
補綴,部,90,0.15254237288135594
加える,部,90,0.15202702702702703
歯科,部,90,0.15202702702702703
前歯,打つ,88,0.10538922155688622
前歯,野球,88,0.10501193317422435
自転車,顔面,87,0.1407766990291262
前歯,自転車,87,0.10235294117647059
当たる,試合,86,0.1532976827094474
相手,部,84,0.13725490196078433
相手,練習,83,0.14067796610169492
当たる,顔面,82,0.1003671970624235
場,部,81,0.1443850267379679
強打,部,81,0.11473087818696884
れる,前歯,81,0.09878048780487805
床,転倒,80,0.15779092702169625
当たる,相手,80,0.1478743068391867
口,野球,79,0.16288659793814433
体育,前歯,79,0.09741060419235512
床,顔面,78,0.13
前歯,場,78,0.0975
ノック,ボール,77,0.1811764705882353
強打,歯,77,0.11509715994020926
登校,自転車,76,0.33043478260869563
しまう,前歯,76,0.0945273631840796
運動,部,75,0.13636363636363635
本,歯,75,0.1284246575342466
下校,自転車,74,0.296
歯科,運動,74,0.2813688212927757
場,補綴,74,0.26618705035971224
加える,場,74,0.2642857142857143
場,歯科,74,0.2642857142857143
強打,自転車,74,0.16666666666666666
口,負傷,74,0.11246200607902736
補綴,運動,73,0.2786259541984733
加える,運動,73,0.2765151515151515
練習,補綴,73,0.125
加える,練習,73,0.12457337883959044
歯科,練習,73,0.12457337883959044
口,試合,72,0.13740458015267176
破る,部,72,0.12244897959183673
前歯,運動,72,0.09125475285171103
前歯,足,72,0.09102402022756005
転倒,部,72,0.08877928483353884
前歯,時間,71,0.0917312661498708
ボール,相手,70,0.1289134438305709
折,部,70,0.11844331641285956
ぶつける,前歯,70,0.09020618556701031
折れる,本,69,0.23154362416107382
くる,前歯,69,0.08614232209737828
補綴,転倒,67,0.12737642585551331
加える,転倒,67,0.1268939393939394
歯科,転倒,67,0.1268939393939394
ボール,打つ,67,0.12476722532588454
歯,試合,67,0.10912052117263844
前歯,脱臼,67,0.0901749663526245
登校,転倒,66,0.15639810426540285
補綴,負傷,66,0.13147410358565736
加える,負傷,66,0.13095238095238096
歯科,負傷,66,0.13095238095238096
折れる,歯,66,0.12452830188679245
場,練習,66,0.11934900542495479
ぶつかる,前歯,66,0.08461538461538462
足,転倒,65,0.1368421052631579
相手,顔面,65,0.10236220472440945
試合,顔面,65,0.09833585476550681
バランス,転倒,64,0.13973799126637554
下校,転倒,63,0.14221218961625282
滑る,転倒,63,0.14093959731543623
強打,負傷,63,0.10294117647058823
本,顔面,63,0.09828393135725429
床,強打,62,0.1445221445221445
地面,転倒,62,0.14187643020594964
床,歯,62,0.1085814360770578
打つ,歯,62,0.10616438356164383
れる,顔面,62,0.10214168039538715
場,野球,61,0.2026578073089701
守備,練習,61,0.12708333333333333
ノック,練習,61,0.1217564870259481
前歯,友人,61,0.07810499359795134
崩す,転倒,60,0.13100436681222707
打球,練習,60,0.12320328542094455
場,歯,60,0.11090573012939002
本,部,60,0.09375
破る,補綴,59,0.18971061093247588
加える,破る,59,0.18849840255591055
歯科,破る,59,0.18849840255591055
口,打つ,59,0.11752988047808766
口,相手,59,0.11545988258317025
当たる,打つ,59,0.10669077757685352
当たる,本,59,0.10424028268551237
歯,相手,59,0.09899328859060402
打つ,顔面,59,0.09335443037974683
ノック,当たる,58,0.12831858407079647
当たる,折れる,58,0.11507936507936507
当たる,破る,58,0.11005692599620494
当たる,折,58,0.10984848484848485
練習,運動,58,0.10661764705882353
歯,野球,58,0.09813874788494077
れる,部,58,0.09555189456342669
本,練習,58,0.09369951534733441
折,補綴,57,0.18152866242038215
加える,折,57,0.18037974683544303
折,歯科,57,0.18037974683544303
歯,運動,57,0.10815939278937381
折れる,練習,57,0.10233393177737882
前歯,手,57,0.0724269377382465
休憩,時間,56,0.4375
試合,野球,56,0.14507772020725387
くる,ボール,56,0.11313131313131314
打つ,転倒,56,0.10294117647058823
歯,自転車,56,0.09271523178807947
前歯,走る,56,0.07179487179487179
自転車,道路,55,0.2330508474576271
運動,野球,55,0.1896551724137931
打つ,練習,55,0.090311986863711
打つ,部,55,0.08702531645569621
体育館,前歯,55,0.07180156657963446
ソフトボール,バット,54,0.4251968503937008
負傷,顔,54,0.10756972111553785
自転車,負傷,54,0.10093457943925234
しまう,歯,54,0.09836065573770492
体育,歯,54,0.09660107334525939
足,顔面,54,0.09358752166377816
強打,練習,54,0.07605633802816901
バランス,前歯,54,0.06826801517067003
転倒,道路,53,0.1261904761904762
口,補綴,53,0.10578842315369262
加える,口,53,0.10536779324055666
口,歯科,53,0.10536779324055666
ボール,体育,53,0.10231660231660232
口,本,53,0.1017274472168906
地面,顔面,53,0.09869646182495345
折れる,部,53,0.09075342465753425
しまう,顔面,53,0.08907563025210084
下校,前歯,53,0.06829896907216494
相手,選手,52,0.22510822510822512
口,場,52,0.11206896551724138
守備,部,52,0.1015625
場,当たる,52,0.10097087378640776
打球,部,52,0.10038610038610038
ボール,補綴,52,0.09541284403669725
ボール,加える,52,0.09506398537477148
ボール,歯科,52,0.09506398537477148
破る,練習,52,0.08888888888888889
折,練習,52,0.08873720136518772
前歯,崩す,52,0.06590621039290241
床,足,51,0.18214285714285713
バット,口,51,0.12114014251781473
口,運動,51,0.11383928571428571
走る,転倒,51,0.11038961038961038
転倒,顔,51,0.09622641509433963
試合,負傷,51,0.09123434704830054
ボール,本,51,0.09010600706713781
口,転倒,51,0.07223796033994334
当たる,負傷,51,0.06967213114754098
くる,飛ぶ,50,0.2857142857142857
ボール,捕る,50,0.11990407673860912
体育,負傷,50,0.1016260162601626
れる,転倒,50,0.0946969696969697
くる,部,50,0.08561643835616438
前歯,滑る,50,0.06385696040868455
守備,野球,49,0.20851063829787234
打球,野球,49,0.2033195020746888
試合,選手,49,0.18846153846153846
ボール,折れる,49,0.09702970297029703
直撃,練習,49,0.095703125
打つ,負傷,49,0.09315589353612168
バランス,顔面,49,0.08687943262411348
しまう,練習,49,0.08566433566433566
しまう,部,49,0.08235294117647059
野球,顔面,49,0.07596899224806201
前歯,抜ける,49,0.06542056074766354
補綴,野球,48,0.13636363636363635
加える,野球,48,0.13559322033898305
歯科,野球,48,0.13559322033898305
場,負傷,48,0.0995850622406639
ボール,場,48,0.09393346379647749
ノック,部,48,0.0893854748603352
部,顔,48,0.07741935483870968
前歯,欠損,48,0.06593406593406594
前歯,強い,48,0.05970149253731343
ボール,守備,47,0.10829493087557604
体育,口,47,0.09771309771309772
当たる,運動,47,0.09343936381709742
滑る,顔面,47,0.08483754512635379
地面,自転車,46,0.16974169741697417
補綴,顔,46,0.13855421686746988
加える,顔,46,0.1377245508982036
歯科,顔,46,0.1377245508982036
当たる,打球,46,0.10244988864142539
負傷,運動,46,0.09850107066381156
バット,当たる,46,0.09643605870020965
相手,負傷,46,0.08550185873605948
れる,歯,46,0.07958477508650519
練習,転倒,46,0.056511056511056514
強打,足,45,0.11278195488721804
時間,転倒,45,0.09433962264150944
体育,当たる,45,0.08426966292134831
直撃,部,45,0.08348794063079777
くる,練習,45,0.07950530035335689
手,顔面,45,0.07936507936507936
強い,顔面,45,0.0782608695652174
くる,顔面,45,0.07588532883642496
体育,顔面,45,0.0734094616639478
ノック,前歯,45,0.05798969072164949
チーム,相手,44,0.2037037037037037
口,破る,44,0.08979591836734693
ボール,運動,44,0.08835341365461848
崩す,顔面,44,0.07787610619469026
本,転倒,44,0.0773286467486819
ぶつける,顔面,44,0.07719298245614035
歯,顔,44,0.07547169811320754
練習,顔,44,0.07321131447587355
前歯,地面,44,0.056555269922879174
滑る,足,43,0.2037914691943128
れる,自転車,43,0.12181303116147309
くる,負傷,43,0.08977035490605428
口,折,43,0.08739837398373984
体育館,歯,43,0.08582834331337326
れる,負傷,43,0.08431372549019608
バスケットボール,部,43,0.08382066276803118
ぶつける,歯,43,0.0817490494296578
強い,歯,43,0.08082706766917293
負傷,野球,43,0.08037383177570094
ボール,折,43,0.08037383177570094
当たる,補綴,43,0.07651245551601424
加える,当たる,43,0.07624113475177305
当たる,歯科,43,0.07624113475177305
前歯,頭,43,0.057180851063829786
前歯,取る,43,0.056878306878306875
前歯,教室,43,0.055627425614489
バランス,自転車,42,0.14093959731543623
れる,強打,42,0.09545454545454546
ぶつける,転倒,42,0.08731808731808732
体育館,練習,42,0.08076923076923077
バット,練習,42,0.07879924953095685
折,歯,42,0.0726643598615917
れる,練習,42,0.07
バスケットボール,前歯,42,0.056
倒れる,前歯,42,0.05483028720626632
ボール,取る,41,0.09339407744874716
捕る,練習,41,0.08436213991769548
ボール,破る,41,0.07649253731343283
捕る,野球,40,0.17391304347826086
体育館,床,40,0.1606425702811245
崩す,自転車,40,0.13513513513513514
崩す,強打,40,0.10471204188481675
バランス,強打,40,0.10362694300518134
ボール,飛ぶ,40,0.091324200913242
前方,転倒,40,0.0898876404494382
バッティング,練習,40,0.0851063829787234
捕る,部,40,0.0784313725490196
床,負傷,40,0.07662835249042145
くる,歯,40,0.07233273056057866
バット,部,40,0.07168458781362007
折,顔面,40,0.064
バット,体育,39,0.16049382716049382
ノック,野球,39,0.14661654135338345
強打,滑る,39,0.104
しまう,強打,39,0.0924170616113744
くる,当たる,39,0.075
しまう,ボール,39,0.07471264367816093
破る,転倒,39,0.07303370786516854
折,転倒,39,0.07289719626168224
歯,足,39,0.0712979890310786
折れる,顔面,39,0.06478405315614617
前歯,遊ぶ,39,0.05151915455746367
バット,振る,38,0.2753623188405797
ソフトボール,体育,38,0.19095477386934673
前輪,自転車,38,0.17272727272727273
ぶつかる,相手,38,0.12751677852348994
自転車,補綴,38,0.10187667560321716
加える,自転車,38,0.10133333333333333
歯科,自転車,38,0.10133333333333333
ノック,口,38,0.09026128266033254
口,強い,38,0.084070796460177
強い,当たる,38,0.07554671968190854
しまう,当たる,38,0.07156308851224105
ぶつかる,歯,38,0.07156308851224105
倒れる,顔面,38,0.07063197026022305
口,強打,38,0.060995184590690206
破る,顔面,38,0.06070287539936102
前方,前歯,38,0.04935064935064935
倒れる,床,37,0.15481171548117154
バスケットボール,相手,37,0.1510204081632653
床,時間,37,0.13405797101449277
補綴,試合,37,0.09367088607594937
加える,試合,37,0.09319899244332494
歯科,試合,37,0.09319899244332494
口,打球,37,0.09090909090909091
バット,負傷,37,0.08240534521158129
ボール,直撃,37,0.07974137931034483
口,折れる,37,0.07805907172995781
強打,本,37,0.07708333333333334
友人,転倒,37,0.07676348547717843
強い,転倒,37,0.07520325203252033
選手,部,37,0.07115384615384615
教室,顔面,37,0.06764168190127971
ボール,顔,37,0.06751824817518248
体育館,部,37,0.06751824817518248
強い,部,37,0.06390328151986183
床,練習,37,0.06026058631921824
床,部,37,0.058084772370486655
前歯,選手,37,0.04894179894179894
人,前歯,37,0.048051948051948054
抜ける,本,36,0.140625
折,野球,36,0.10434782608695652
自転車,顔,36,0.09917355371900827
体育,試合,36,0.0972972972972973
ぶつかる,ボール,36,0.07331975560081466
バスケットボール,練習,36,0.07243460764587525
時間,歯,36,0.06766917293233082
強い,練習,36,0.06463195691202872
走る,顔面,36,0.06338028169014084
友人,顔面,36,0.0627177700348432
歯,破る,36,0.06174957118353345
場,顔面,36,0.05901639344262295
前歯,廊下,36,0.04730617608409987
前歯,登校,36,0.04645161290322581
バッター,バット,35,0.2692307692307692
相手,頭,35,0.14
体育館,補綴,35,0.1346153846153846
体育館,加える,35,0.13358778625954199
体育館,歯科,35,0.13358778625954199
前方,自転車,35,0.13059701492537312
バット,打つ,35,0.125
破る,野球,35,0.10144927536231885
イレギュラー,ボール,35,0.0847457627118644
教室,転倒,35,0.07641921397379912
強打,歯科,35,0.07543103448275862
負傷,足,35,0.07291666666666667
歯,顎,35,0.07216494845360824
抜ける,歯,35,0.0720164609053498
サッカー,部,35,0.068359375
脱臼,部,35,0.06493506493506493
ぶつかる,練習,35,0.06340579710144928
運動,顔面,35,0.058922558922558925
床,滑る,34,0.12734082397003746
友人,床,34,0.12318840579710146
体育,床,34,0.10493827160493827
体育,歯科,34,0.10240963855421686
体育,打つ,34,0.10089020771513353
地面,強打,34,0.0921409214092141
友人,強打,34,0.08740359897172237
サッカー,ボール,34,0.07906976744186046
口元,当たる,34,0.0737527114967462
手,負傷,34,0.0735930735930736
強打,補綴,34,0.0734341252699784
加える,強打,34,0.07311827956989247
バット,ボール,34,0.07068607068607069
れる,口,34,0.06732673267326733
強打,試合,34,0.06732673267326733
歯,滑る,34,0.06513409961685823
しまう,転倒,34,0.06500956022944551
前方,顔面,34,0.06273062730627306
下校,顔面,34,0.06039076376554174
体育,練習,34,0.05695142378559464
ボール,強打,34,0.050746268656716415
休憩,前歯,34,0.04551539491298527
前歯,道路,34,0.04461942257217848
欠損,補綴,33,0.15207373271889402
加える,欠損,33,0.1506849315068493
欠損,歯科,33,0.1506849315068493
破る,脱臼,33,0.14285714285714285
体育,体育館,33,0.13983050847457626
ぶつける,床,33,0.11743772241992882
強い,打つ,33,0.11
直撃,試合,33,0.10891089108910891
体育,補綴,33,0.09969788519637462
体育,加える,33,0.0990990990990991
床,顔,33,0.09734513274336283
打つ,顔,33,0.09375
前方,強打,33,0.09269662921348315
破る,試合,33,0.0870712401055409
本,相手,33,0.08396946564885496
打つ,試合,33,0.0812807881773399
本,試合,33,0.07875894988066826
守備,当たる,33,0.07236842105263158
ボール,体育館,33,0.07036247334754797
口元,練習,33,0.06420233463035019
体育,転倒,33,0.06179775280898876
バランス,歯,33,0.0616822429906542
登校,顔面,33,0.06043956043956044
れる,ボール,33,0.060109289617486336
体育館,顔面,33,0.05935251798561151
ぶつかる,顔面,33,0.05679862306368331
前歯,衝突,33,0.04376657824933687
バット,前歯,33,0.04119850187265917
せる,足,32,0.2119205298013245
折,脱臼,32,0.13733905579399142
チーム,試合,32,0.12598425196850394
しまう,本,32,0.0935672514619883
下校,強打,32,0.08465608465608465
折,試合,32,0.08398950131233596
口,直撃,32,0.07511737089201878
接触,転倒,32,0.07373271889400922
廊下,転倒,32,0.07239819004524888
強打,顔,32,0.0706401766004415
当たる,飛ぶ,32,0.07048458149779736
取る,当たる,32,0.07017543859649122
くる,口,32,0.06722689075630252
球,練習,32,0.06625258799171843
しまう,口,32,0.06584362139917696
練習,選手,32,0.06374501992031872
歯,登校,32,0.06374501992031872
歯,走る,32,0.06072106261859583
崩す,歯,32,0.06015037593984962
手,歯,32,0.059813084112149535
直撃,顔面,32,0.05755395683453238
本,負傷,32,0.05755395683453238
ぶつかる,部,32,0.05536332179930796
自転車,部,32,0.04783258594917788
前歯,持つ,32,0.043184885290148446
バッター,打つ,31,0.13901345291479822
相手,肘,31,0.13478260869565217
バスケットボール,試合,31,0.11191335740072202
バット,野球,31,0.10801393728222997
バット,試合,31,0.09717868338557993
れる,加える,31,0.08959537572254335
れる,歯科,31,0.08959537572254335
床,打つ,31,0.08611111111111111
本,顔,31,0.08446866485013624
前輪,転倒,31,0.07579462102689487
当たる,捕る,31,0.06981981981981981
負傷,走る,31,0.06783369803063458
ぶつける,負傷,31,0.06638115631691649
口唇,部,31,0.061630218687872766
ボール,床,31,0.055357142857142855
前歯,肘,31,0.041891891891891894
前歯,口元,31,0.04
前歯,直撃,31,0.03929024081115336
口,顔面,31,0.037943696450428395
せる,滑る,30,0.24390243902439024
バット,直撃,30,0.16483516483516483
れる,補綴,30,0.08695652173913043
強打,登校,30,0.08287292817679558
場,試合,30,0.08241758241758242
打つ,本,30,0.07751937984496124
試合,顔,30,0.07692307692307693
口元,負傷,30,0.07009345794392523
当たる,肘,30,0.06976744186046512
バッター,当たる,30,0.06944444444444445
バスケットボール,ボール,30,0.06772009029345373
ボール,口元,30,0.06564551422319474
バランス,負傷,30,0.06423982869379015
当たる,脱臼,30,0.06396588486140725
打ちつける,顔面,30,0.058027079303675046
バット,歯,30,0.056925996204933584
道路,顔面,30,0.056179775280898875
口元,部,30,0.05555555555555555
前歯,唇,30,0.040160642570281124
前歯,捕る,30,0.03968253968253968
前歯,飛ぶ,30,0.03911342894393742
イレギュラー,ノック,29,0.24786324786324787
下り坂,自転車,29,0.13004484304932734
バット,場,29,0.12033195020746888
直撃,野球,29,0.10545454545454545
破る,運動,29,0.10139860139860139
ソフトボール,口,29,0.0728643216080402
当たる,投げる,29,0.06651376146788991
当たる,振る,29,0.06531531531531531
当たる,選手,29,0.0640176600441501
サッカー,歯,29,0.06079664570230608
強打,相手,29,0.05991735537190083
打球,歯,29,0.058
ボール,強い,29,0.057539682539682536
練習,脱臼,29,0.05555555555555555
部,飛ぶ,29,0.05451127819548872
前歯,治療,29,0.04
前歯,打ち付ける,29,0.03972602739726028
サッカー,前歯,29,0.038461538461538464
友人,時間,28,0.12903225806451613
時間,足,28,0.11764705882352941
サッカー,相手,28,0.11428571428571428
床,教室,28,0.109375
床,手,28,0.09859154929577464
加える,時間,28,0.09556313993174062
場,破る,28,0.09210526315789473
くる,野球,28,0.08588957055214724
れる,顔,28,0.08358208955223881
強打,時間,28,0.07035175879396985
バッター,ボール,28,0.06572769953051644
口,手,28,0.06167400881057269
崩す,負傷,28,0.060215053763440864
強い,負傷,28,0.058823529411764705
イレギュラーバウンド,部,28,0.056910569105691054
廊下,歯,28,0.056910569105691054
しまう,負傷,28,0.05555555555555555
バッティング,部,28,0.055445544554455446
地面,歯,28,0.05415860735009671
くる,転倒,28,0.05394990366088632
れる,当たる,28,0.0498220640569395
当たる,顔,28,0.049557522123893805
前歯,接触,28,0.03679369250985545
前歯,打球,28,0.03598971722365039
ソフトボール,バッター,27,0.2903225806451613
下校,道路,27,0.17307692307692307
ぶつかる,頭,27,0.1569767441860465
加える,治療,27,0.1330049261083744
歯科,治療,27,0.1330049261083744
イレギュラーバウンド,野球,27,0.1267605633802817
バッティング,野球,27,0.11946902654867257
球,野球,27,0.11688311688311688
くる,走る,27,0.11392405063291139
床,廊下,27,0.1134453781512605
体育,運動,27,0.09574468085106383
折,運動,27,0.09342560553633218
時間,補綴,27,0.09246575342465753
時間,歯科,27,0.09183673469387756
場,折,27,0.08823529411764706
ぶつける,本,27,0.08626198083067092
強い,相手,27,0.08571428571428572
強打,教室,27,0.07297297297297298
打つ,自転車,27,0.06905370843989769
口,振る,27,0.06835443037974684
強打,手,27,0.0678391959798995
口,飛ぶ,27,0.0661764705882353
ボール,投げる,27,0.06279069767441861
休憩,転倒,27,0.06264501160092807
バッティング,当たる,27,0.06264501160092807
地面,負傷,27,0.06040268456375839
下校,負傷,27,0.05947136563876652
唇,歯,27,0.05708245243128964
イレギュラー,練習,27,0.056133056133056136
練習,頭,27,0.05304518664047151
練習,飛ぶ,27,0.05283757338551859
球,部,27,0.05283757338551859
欠損,部,27,0.05263157894736842
友人,歯,27,0.05018587360594796
バット,顔面,27,0.04695652173913043
時間,顔面,27,0.04607508532423208
足,部,27,0.045
前歯,折る,27,0.036834924965893585
バット,飛ぶ,26,0.15950920245398773
治療,補綴,26,0.12871287128712872
バット,手,26,0.12380952380952381
ハンドル,自転車,26,0.11764705882352941
ソフトボール,打つ,26,0.10655737704918032
バランス,床,26,0.09059233449477352
口元,試合,26,0.08783783783783784
れる,破る,26,0.0790273556231003
しまう,打つ,26,0.07761194029850746
折れる,相手,26,0.0771513353115727
イレギュラーバウンド,ボール,26,0.06326034063260341
口,守備,26,0.06310679611650485
負傷,頭,26,0.06175771971496437
打ちつける,転倒,26,0.06046511627906977
イレギュラー,当たる,26,0.06046511627906977
ボール,選手,26,0.05803571428571429
ソフトボール,当たる,26,0.05752212389380531
ボール,打球,26,0.05639913232104121
友人,負傷,26,0.05555555555555555
振る,練習,26,0.052104208416833664
接触,練習,26,0.051587301587301584
友人,当たる,26,0.05148514851485148
練習,顎,26,0.05078125
教室,歯,26,0.050682261208576995
折れる,転倒,26,0.04961832061068702
下校,歯,26,0.049429657794676805
部,頭,26,0.04878048780487805
前歯,膝,26,0.03494623655913978
出血,前歯,26,0.03494623655913978
前歯,行く,26,0.034482758620689655
バット,素振り,25,0.21739130434782608
守備,打球,25,0.17985611510791366
接触,相手,25,0.0984251968503937
時間,破る,25,0.09124087591240876
折,時間,25,0.09090909090909091
崩す,床,25,0.0880281690140845
しまう,折れる,25,0.08741258741258741
体育,場,25,0.08305647840531562
れる,折,25,0.0755287009063444
破る,顔,25,0.07507507507507508
くる,相手,25,0.07462686567164178
しまう,自転車,25,0.07142857142857142
強打,道路,25,0.07102272727272728
相手,顔,25,0.06775067750677506
床,本,25,0.06596306068601583
打つ,野球,25,0.06544502617801047
バッター,口,25,0.06476683937823834
打つ,相手,25,0.06443298969072164
口,選手,25,0.06157635467980296
下り坂,転倒,25,0.061124694376528114
ボール,衝突,25,0.056433408577878104
ソフトボール,ボール,25,0.056179775280898875
体育,強打,25,0.05605381165919283
イレギュラーバウンド,練習,25,0.05296610169491525
体育館,転倒,25,0.052854122621564484
口,足,25,0.052521008403361345
口唇,練習,25,0.051440329218107
手,転倒,25,0.05040322580645161
つく,顔面,25,0.04873294346978557
補綴,顔面,25,0.03793626707132018
加える,顔面,25,0.037821482602118005
歯科,顔面,25,0.037821482602118005
つまずく,前歯,25,0.033783783783783786
前歯,投げる,25,0.033288948069241014
搬送,救急,24,0.9230769230769231
捕る,球,24,0.2553191489361702
時間,遊ぶ,24,0.13714285714285715
れる,搬送,24,0.13333333333333333
れる,救急,24,0.13186813186813187
場,欠損,24,0.1276595744680851
バット,運動,24,0.10480349344978165
友人,足,24,0.100418410041841
野球,飛ぶ,24,0.0933852140077821
地面,顔,24,0.09230769230769231
体育,手,24,0.08955223880597014
サッカー,試合,24,0.08727272727272728
ぶつかる,本,24,0.0759493670886076
強打,顎,24,0.06779661016949153
相手,破る,24,0.06629834254143646
折,相手,24,0.06611570247933884
倒れる,強打,24,0.06575342465753424
折れる,試合,24,0.06575342465753424
本,破る,24,0.06557377049180328
れる,本,24,0.0646900269541779
前のめり,転倒,24,0.05783132530120482
つまずく,転倒,24,0.05741626794258373
イレギュラーバウンド,当たる,24,0.057007125890736345
転倒,顎,24,0.05333333333333334
友人,口,24,0.05263157894736842
口,時間,24,0.05228758169934641
脱臼,転倒,24,0.05183585313174946
ぶつかる,負傷,24,0.05063291139240506
チーム,練習,24,0.049281314168377825
練習,肘,24,0.04918032786885246
ぶつかる,転倒,24,0.04809619238476954
守備,歯,24,0.04809619238476954
人,歯,24,0.04743083003952569
イレギュラー,部,24,0.047337278106508875
前輪,顔面,24,0.047337278106508875
肘,部,24,0.046966731898238745
ノック,歯,24,0.046153846153846156
選手,顔面,24,0.0446927374301676
遊ぶ,顔面,24,0.044444444444444446
バランス,部,24,0.041025641025641026
ふざける,前歯,24,0.03247631935047361
ノック,捕る,23,0.1619718309859155
廊下,教室,23,0.1554054054054054
場,打球,23,0.1050228310502283
ブレーキ,自転車,23,0.1036036036036036
他校,試合,23,0.09583333333333334
ぶつかる,折れる,23,0.09055118110236221
ソフトボール,試合,23,0.08156028368794327
試合,頭,23,0.0798611111111111
くる,体育,23,0.07796610169491526
手,打つ,23,0.076158940397351
折れる,顔,23,0.07371794871794872
折,顔,23,0.06845238095238096
ぶつかる,試合,23,0.06784660766961652
試合,運動,23,0.06497175141242938
打つ,折,23,0.0647887323943662
くる,試合,23,0.06336088154269973
出血,口,23,0.05974025974025974
強打,走る,23,0.0583756345177665
チーム,ボール,23,0.053738317757009345
場,強打,23,0.052752293577981654
サッカー,当たる,23,0.051224944320712694
強打,折,23,0.05054945054945055
他校,練習,23,0.04946236559139785
ボール,脱臼,23,0.049145299145299144
出血,歯,23,0.04893617021276596
時間,負傷,23,0.04852320675105485
ボール,走る,23,0.0465587044534413
歯,飛ぶ,23,0.04627766599597585
取る,歯,23,0.04609218436873747
途中,顔面,23,0.045275590551181105
歯,脱臼,23,0.045098039215686274
取る,練習,23,0.04448742746615087
人,練習,23,0.04380952380952381
振る,部,23,0.04380952380952381
倒れる,練習,23,0.043726235741444866
サッカー,顔面,23,0.043560606060606064
衝突,部,23,0.043560606060606064
廊下,顔面,23,0.042435424354243544
倒れる,部,23,0.04189435336976321
脱臼,顔面,23,0.04144144144144144
体育,部,23,0.03645007923930269
前歯,欠ける,23,0.03159340659340659
前歯,追いかける,23,0.03112313937753721
イレギュラー,前歯,23,0.030913978494623656
つく,前歯,23,0.030789825970548863
出る,前歯,23,0.030789825970548863
ソフトボール,前歯,23,0.030026109660574413
前歯,守備,23,0.029601029601029602
休憩,友人,22,0.13836477987421383
欠損,運動,22,0.12716763005780346
手,滑る,22,0.10328638497652583
ぶつける,走る,22,0.10091743119266056
自転車,走行,22,0.1004566210045662
床,打ちつける,22,0.09777777777777778
イレギュラー,野球,22,0.09606986899563319
体育館,顔,22,0.0842911877394636
バッター,試合,22,0.08239700374531835
地面,打つ,22,0.07829181494661921
バランス,顔,22,0.07719298245614035
守備,試合,22,0.07482993197278912
滑る,自転車,22,0.0718954248366013
れる,場,22,0.06984126984126984
場,打つ,22,0.06528189910979229
れる,床,22,0.06340057636887608
強打,遊ぶ,22,0.061971830985915494
打つ,破る,22,0.061971830985915494
加える,床,22,0.06043956043956044
床,歯科,22,0.06043956043956044
折,本,22,0.05962059620596206
打つ,補綴,22,0.058666666666666666
加える,打つ,22,0.058355437665782495
打つ,歯科,22,0.058355437665782495
転倒,階段,22,0.05250596658711217
ボール,追いかける,22,0.052256532066508314
口,脱臼,22,0.051643192488262914
バッティング,ボール,22,0.0514018691588785
ボール,球,22,0.050808314087759814
登校,負傷,22,0.049886621315192746
当たる,球,22,0.049886621315192746
体育館,負傷,22,0.04878048780487805
強打,破る,22,0.04835164835164835
ぶつかる,口,22,0.047619047619047616
滑る,負傷,22,0.047516198704103674
当たる,抜ける,22,0.047311827956989246
接触,歯,22,0.044897959183673466
唇,練習,22,0.04435483870967742
歯,頭,22,0.04435483870967742
歯,遊ぶ,22,0.04426559356136821
倒れる,歯,22,0.043222003929273084
人,部,22,0.04007285974499089
地面,部,22,0.03900709219858156
走る,部,22,0.03806228373702422
崩す,部,22,0.03773584905660377
手,部,22,0.03754266211604096
前歯,歩く,22,0.029689608636977057
前歯,打ちつける,22,0.02906208718626156
前歯,振る,22,0.028871391076115485
バッティング,打球,21,0.1875
手,持つ,21,0.13636363636363635
友人,遊ぶ,21,0.12
治療,破る,21,0.11229946524064172
搬送,補綴,21,0.10606060606060606
加える,搬送,21,0.105
搬送,歯科,21,0.105
救急,補綴,21,0.105
加える,救急,21,0.10396039603960396
救急,歯科,21,0.10396039603960396
打球,運動,21,0.10294117647058823
タイヤ,自転車,21,0.09545454545454546
唇,本,21,0.084
くる,ぶつかる,21,0.08300395256916997
体育館,折,21,0.08235294117647059
体育,走る,21,0.07984790874524715
登校,補綴,21,0.07954545454545454
肘,試合,21,0.07894736842105263
加える,登校,21,0.07894736842105263
歯科,登校,21,0.07894736842105263
れる,下校,21,0.07865168539325842
バット,破る,21,0.07865168539325842
取る,相手,21,0.07835820895522388
バット,折,21,0.07835820895522388
崩す,顔,21,0.07446808510638298
しまう,れる,21,0.0660377358490566
床,補綴,21,0.05785123966942149
れる,相手,21,0.05675675675675676
破る,自転車,21,0.05675675675675676
段差,転倒,21,0.051470588235294115
ソフトボール,負傷,21,0.05
強打,運動,21,0.0498812351543943
負傷,選手,21,0.049528301886792456
ボール,口唇,21,0.04883720930232558
打球,負傷,21,0.04805491990846682
チーム,当たる,21,0.04794520547945205
前方,負傷,21,0.04783599088838269
唇,当たる,21,0.04719101123595506
直撃,負傷,21,0.04656319290465632
振る,歯,21,0.043209876543209874
体育館,当たる,21,0.04294478527607362
当たる,手,21,0.041015625
頭部,顔面,21,0.040697674418604654
唇,部,21,0.04038461538461539
口,床,21,0.03984819734345351
接触,部,21,0.039473684210526314
場,転倒,21,0.03932584269662921
接触,顔面,21,0.03917910447761194
守備,顔面,21,0.038391224862888484
打球,顔面,21,0.0379746835443038
体,前歯,21,0.02826379542395693
られる,前歯,21,0.02826379542395693
前歯,近く,21,0.02826379542395693
前歯,終了,21,0.028112449799196786
ボール,転倒,21,0.026957637997432605
キャッチャー,バット,20,0.16666666666666666
倒れる,前方,20,0.12987012987012986
友人,教室,20,0.10204081632653061
教室,時間,20,0.10050251256281408
バッター,体育,20,0.09950248756218906
床,遊ぶ,20,0.08196721311475409
れる,前方,20,0.08097165991902834
体育館,破る,20,0.0784313725490196
相手,衝突,20,0.07782101167315175
接触,自転車,20,0.07575757575757576
人,本,20,0.0711743772241993
取る,試合,20,0.06779661016949153
打球,試合,20,0.06622516556291391
体育館,試合,20,0.06309148264984227
加える,足,20,0.06269592476489028
歯科,足,20,0.06269592476489028
場,顔,20,0.0625
打つ,運動,20,0.062111801242236024
打つ,足,20,0.06172839506172839
体育,破る,20,0.06172839506172839
体育,折,20,0.06153846153846154
しまう,床,20,0.06097560975609756
本,足,20,0.05934718100890208
床,破る,20,0.05813953488372093
くる,本,20,0.05813953488372093
床,折,20,0.057971014492753624
折,自転車,20,0.053763440860215055
しまう,試合,20,0.05319148936170213
床,相手,20,0.05263157894736842
チーム,口,20,0.05154639175257732
歩道,転倒,20,0.04975124378109453
本,自転車,20,0.04866180048661801
振る,負傷,20,0.04807692307692308
口,抜ける,20,0.04807692307692308
せる,転倒,20,0.0477326968973747
負傷,飛ぶ,20,0.046620046620046623
負傷,顎,20,0.046620046620046623
守備,負傷,20,0.046296296296296294
ボール,唇,20,0.045662100456621
倒れる,負傷,20,0.045454545454545456
ボール,抜ける,20,0.04357298474945534
バスケットボール,当たる,20,0.04338394793926247
形式,練習,20,0.04310344827586207
休憩,歯,20,0.04132231404958678
部,部員,20,0.04048582995951417
バスケットボール,歯,20,0.04040404040404041
近く,部,20,0.03937007874015748
口元,歯,20,0.03929273084479371
前方,歯,20,0.03913894324853229
向かう,顔面,20,0.03913894324853229
チーム,部,20,0.038910505836575876
投げる,部,20,0.038461538461538464
歯,直撃,20,0.03824091778202677
行く,顔面,20,0.03787878787878788
部,顎,20,0.036968576709796676
取る,部,20,0.03683241252302026
取る,顔面,20,0.03656307129798903
人,顔面,20,0.036036036036036036
手,練習,20,0.035398230088495575
滑る,部,20,0.03466204506065858
練習,足,20,0.03424657534246575
前歯,転ぶ,20,0.027137042062415198
前歯,後ろ,20,0.02702702702702703
せる,前歯,20,0.026954177897574125
チーム,前歯,20,0.02666666666666667
前歯,口唇,20,0.02666666666666667
チーム,選手,19,0.18627450980392157
イレギュラーバウンド,ノック,19,0.16379310344827586
バスケットボール,体育館,19,0.125
守備,直撃,19,0.11949685534591195
強い,打ちつける,19,0.11176470588235295
地面,登校,19,0.11046511627906977
体育,祭,19,0.10795454545454546
折,治療,19,0.1
バランス,登校,19,0.09743589743589744
スピード,自転車,19,0.0871559633027523
落ちる,顔,19,0.0867579908675799
歩道,自転車,19,0.08597285067873303
手,時間,19,0.08333333333333333
道路,顔,19,0.0794979079497908
相手,頭部,19,0.07916666666666666
れる,倒れる,19,0.07661290322580645
しまう,バット,19,0.07509881422924901
登校,顔,19,0.07480314960629922
人,床,19,0.07421875
れる,地面,19,0.07251908396946564
前方,打つ,19,0.07037037037037037
下校,補綴,19,0.06690140845070422
れる,バランス,19,0.06666666666666667
下校,加える,19,0.06643356643356643
下校,歯科,19,0.06643356643356643
ぶつける,顔,19,0.0657439446366782
ノック,本,19,0.06418918918918919
床,強い,19,0.06312292358803986
しまう,体育,19,0.061488673139158574
くる,れる,19,0.06129032258064516
補綴,足,19,0.059748427672955975
手,本,19,0.05956112852664577
くる,補綴,19,0.05846153846153846
くる,加える,19,0.0581039755351682
くる,歯科,19,0.0581039755351682
体育,顔,19,0.057057057057057055
折れる,野球,19,0.05621301775147929
廊下,強打,19,0.052924791086350974
相手,補綴,19,0.04909560723514212
加える,相手,19,0.04884318766066838
歯科,相手,19,0.04884318766066838
口,行く,19,0.047619047619047616
ぶつかる,強打,19,0.04656862745098039
打ち付ける,転倒,19,0.045563549160671464
衝突,負傷,19,0.04523809523809524
転倒,途中,19,0.04513064133016627
人,口,19,0.04460093896713615
出る,転倒,19,0.04439252336448598
負傷,遊ぶ,19,0.04428904428904429
ボール,欠損,19,0.04337899543378995
ボール,行く,19,0.042986425339366516
ボール,頭,19,0.04157549234135667
人,転倒,19,0.04086021505376344
当たる,頭,19,0.04086021505376344
出る,歯,19,0.04008438818565401
グラウンド,練習,19,0.04008438818565401
口唇,歯,19,0.04008438818565401
歯,肘,19,0.04
打ちつける,歯,19,0.039337474120082816
投げる,練習,19,0.03815261044176707
欠損,練習,19,0.03815261044176707
ボール,手,19,0.037549407114624504
横,顔面,19,0.03740157480314961
膝,顔面,19,0.036608863198458574
落ちる,顔面,19,0.03619047619047619
唇,顔面,19,0.03612167300380228
折,負傷,19,0.035849056603773584
衝突,顔面,19,0.03544776119402985
抜ける,顔面,19,0.03473491773308958
ぶつける,練習,19,0.03345070422535211
前歯,救急,19,0.0260989010989011
前歯,友達,19,0.025956284153005466
前歯,横,19,0.025675675675675677
かける,前歯,19,0.025675675675675677
乗る,前歯,19,0.02564102564102564
前歯,状態,19,0.02557200538358008
前のめり,前歯,19,0.02557200538358008
前歯,前輪,19,0.025537634408602152
バッティング,前歯,19,0.025333333333333333
前歯,顎,19,0.02442159383033419
ソフトボール,振る,18,0.1592920353982301
バスケットボール,選手,18,0.144
守備,捕る,18,0.14285714285714285
ふざける,友人,18,0.12413793103448276
ノック,守備,18,0.11180124223602485
ノック,打球,18,0.10778443113772455
崩す,道路,18,0.1016949152542373
ぶつかる,バスケットボール,18,0.10112359550561797
バランス,道路,18,0.09944751381215469
くる,衝突,18,0.09137055837563451
ぶつける,教室,18,0.0891089108910891
バランス,下校,18,0.08411214953271028
しまう,抜ける,18,0.08256880733944955
欠損,顔,18,0.08181818181818182
ごと,自転車,18,0.08071748878923767
ぶつける,崩す,18,0.07929515418502203
休憩,床,18,0.07792207792207792
ぶつける,バランス,18,0.07792207792207792
ノック,折れる,18,0.07692307692307693
投げる,野球,18,0.0743801652892562
欠損,野球,18,0.0743801652892562
自転車,落ちる,18,0.07114624505928854
本,頭,18,0.06642066420664207
れる,崩す,18,0.06382978723404255
打つ,直撃,18,0.0636042402826855
しまう,足,18,0.0636042402826855
衝突,試合,18,0.06315789473684211
体育館,相手,18,0.06143344709897611
崩す,補綴,18,0.06060606060606061
加える,崩す,18,0.06020066889632107
崩す,歯科,18,0.06020066889632107
バランス,補綴,18,0.059800664451827246
バランス,加える,18,0.0594059405940594
バランス,歯科,18,0.0594059405940594
床,折れる,18,0.05572755417956656
前輪,強打,18,0.05521472392638037
強い,本,18,0.054878048780487805
強い,自転車,18,0.0547112462006079
打つ,折れる,18,0.05357142857142857
くる,自転車,18,0.05187319884726225
強い,試合,18,0.05142857142857143
体育,本,18,0.04918032786885246
体育館,強打,18,0.046875
バッティング,口,18,0.04627249357326478
本,野球,18,0.04477611940298507
タイヤ,転倒,18,0.044444444444444446
口,捕る,18,0.04433497536945813
ハンドル,転倒,18,0.043795620437956206
唇,負傷,18,0.043795620437956206
転倒,頭部,18,0.04205607476635514
出血,当たる,18,0.04081632653061224
ノック,負傷,18,0.03956043956043956
ボール,顎,18,0.0391304347826087
フライ,練習,18,0.03829787234042553
ボール,人,18,0.03829787234042553
捕る,歯,18,0.03665987780040733
出血,練習,18,0.036511156186612576
素振り,部,18,0.03643724696356275
バレーボール,部,18,0.03614457831325301
ネット,部,18,0.036072144288577156
サッカー,練習,18,0.03557312252964427
出る,顔面,18,0.03461538461538462
抜ける,練習,18,0.0345489443378119
破る,負傷,18,0.033962264150943396
練習,走る,18,0.03220035778175313
バランス,練習,18,0.03169014084507042
前歯,搬送,18,0.024759284731774415
イレギュラーバウンド,前歯,18,0.024390243902439025
前歯,勢い,18,0.02425876010781671
前歯,頭部,18,0.023968042609853527
前歯,球,18,0.023809523809523808
前歯,落ちる,18,0.023746701846965697
うし,ろ,17,1.0
休憩,昼食,17,0.265625
キャッチャー,ソフトボール,17,0.21794871794871795
バレーボール,体育館,17,0.14912280701754385
時間,特定,17,0.13709677419354838
登校,道路,17,0.11486486486486487
時間,階段,17,0.11333333333333333
手,遊ぶ,17,0.09392265193370165
バット,口元,17,0.09392265193370165
廊下,時間,17,0.09289617486338798
休憩,足,17,0.0918918918918919
崩す,登校,17,0.08808290155440414
廊下,足,17,0.0845771144278607
下校,崩す,17,0.08056872037914692
せる,床,17,0.07981220657276995
欠損,破る,17,0.07981220657276995
折,欠損,17,0.0794392523364486
つく,床,17,0.07692307692307693
友人,手,17,0.07488986784140969
床,行く,17,0.0735930735930736
ぶつける,時間,17,0.07327586206896551
乗る,自転車,17,0.07142857142857142
ぶつける,強い,17,0.07112970711297072
くる,バット,17,0.06938775510204082
手,足,17,0.06854838709677419
シュート,試合,17,0.06719367588932806
しまう,走る,17,0.06614785992217899
前方,床,17,0.06563706563706563
しまう,手,17,0.06415094339622641
くる,運動,17,0.0625
下校,顔,17,0.06204379562043796
ぶつける,体育,17,0.061371841155234655
脱臼,野球,17,0.061371841155234655
ぶつかる,体育,17,0.061371841155234655
地面,補綴,17,0.06093189964157706
加える,地面,17,0.060498220640569395
地面,歯科,17,0.060498220640569395
手,顔,17,0.058823529411764705
バット,補綴,17,0.058419243986254296
教室,本,17,0.05802047781569966
バット,加える,17,0.05802047781569966
バット,歯科,17,0.05802047781569966
体育,足,17,0.05782312925170068
打つ,走る,17,0.056666666666666664
れる,運動,17,0.056105610561056105
体育,折れる,17,0.05592105263157895
足,顔,17,0.05519480519480519
脱臼,試合,17,0.05501618122977346
時間,本,17,0.052795031055900624
強打,落ちる,17,0.05
しまう,相手,17,0.04815864022662889
体育,相手,17,0.046831955922865015
れる,打つ,17,0.04657534246575343
イレギュラー,口,17,0.04381443298969072
口,球,17,0.043037974683544304
口,投げる,17,0.042821158690176324
れる,試合,17,0.0425
路面,転倒,17,0.04218362282878412
バッティング,負傷,17,0.04207920792079208
ボール,拾う,17,0.041666666666666664
床,試合,17,0.04156479217603912
転倒,避ける,17,0.041463414634146344
口,接触,17,0.041463414634146344
取る,口,17,0.04047619047619048
ゲーム,ボール,17,0.04047619047619048
ボール,横,17,0.04018912529550828
接触,負傷,17,0.04009433962264151
グラウンド,当たる,17,0.04009433962264151
口,崩す,17,0.0367965367965368
歯,衝突,17,0.034482758620689655
ソフトボール,歯,17,0.03434343434343434
ブレーキ,顔面,17,0.033932135728542916
治療,部,17,0.033932135728542916
練習,行く,17,0.03373015873015873
追いかける,顔面,17,0.03313840155945419
出血,部,17,0.03288201160541586
ボール,足,17,0.03225806451612903
当たる,足,17,0.03177570093457944
顔面,飛ぶ,17,0.03102189781021898
崩す,練習,17,0.03008849557522124
時間,部,17,0.028716216216216218
ぶつける,部,17,0.02866779089376054
切れる,前歯,17,0.02312925170068027
シュート,前歯,17,0.023066485753052916
ゲーム,前歯,17,0.023004059539918808
かける,ブレーキ,16,0.3137254901960784
休憩,遊ぶ,16,0.13445378151260504
昼食,時間,16,0.12403100775193798
ノック,球,16,0.11678832116788321
振る,直撃,16,0.1095890410958904
ソフトボール,直撃,16,0.10596026490066225
教室,遊ぶ,16,0.1038961038961039
時間,終了,16,0.1032258064516129
つく,手,16,0.10256410256410256
ソフトボール,手,16,0.09142857142857143
下校,地面,16,0.08290155440414508
れる,治療,16,0.08121827411167512
運動,飛ぶ,16,0.08
られる,床,16,0.07407407407407407
体育,振る,16,0.07407407407407407
時間,滑る,16,0.07272727272727272
自転車,路面,16,0.07207207207207207
バスケットボール,体育,16,0.07142857142857142
床,落ちる,16,0.07017543859649122
本,欠ける,16,0.06986899563318777
段差,自転車,16,0.06926406926406926
れる,遊ぶ,16,0.06694560669456066
走る,足,16,0.06639004149377593
頭,顔,16,0.06639004149377593
自転車,途中,16,0.06611570247933884
出血,本,16,0.06451612903225806
れる,人,16,0.064
ぶつける,足,16,0.06374501992031872
れる,登校,16,0.06299212598425197
しまう,滑る,16,0.06274509803921569
ぶつける,折れる,16,0.06130268199233716
打球,補綴,16,0.06060606060606061
加える,打球,16,0.06015037593984962
打球,歯科,16,0.06015037593984962
口元,野球,16,0.058394160583941604
しまう,強い,16,0.058394160583941604
取る,本,16,0.05776173285198556
行く,試合,16,0.05714285714285714
走る,顔,16,0.05673758865248227
れる,手,16,0.05574912891986063
くる,場,16,0.05517241379310345
時間,顔,16,0.054982817869415807
ぶつかる,顔,16,0.0547945205479452
くる,しまう,16,0.0547945205479452
体育館,本,16,0.05351170568561873
運動,顔,16,0.05211726384364821
バランス,打つ,16,0.05161290322580645
本,滑る,16,0.05144694533762058
本,走る,16,0.050955414012738856
ブレーキ,強打,16,0.050793650793650794
ハンドル,強打,16,0.050473186119873815
バランス,本,16,0.04953560371517028
強打,途中,16,0.04878048780487805
強打,頭部,16,0.04790419161676647
強打,接触,16,0.04519774011299435
場,本,16,0.0449438202247191
人,強打,16,0.043010752688172046
野球,顔,16,0.043010752688172046
グラウンド,口,16,0.0427807486631016
キャッチ,ボール,16,0.03980099502487562
チーム,負傷,16,0.03940886699507389
走行,転倒,16,0.03931203931203931
フライ,ボール,16,0.038834951456310676
バレーボール,ボール,16,0.03836930455635491
サッカー,負傷,16,0.03818615751789976
バスケットボール,負傷,16,0.037383177570093455
負傷,道路,16,0.037037037037037035
くる,強打,16,0.0367816091954023
体育館,口,16,0.03611738148984198
教室,負傷,16,0.035398230088495575
転倒,遊ぶ,16,0.0350109409190372
チーム,歯,16,0.033542976939203356
歯,膝,16,0.033542976939203356
持つ,歯,16,0.03333333333333333
バッター,歯,16,0.03333333333333333
壁,顔面,16,0.0321285140562249
押す,顔面,16,0.03206412825651302
グラウンド,部,16,0.032
歯牙,部,16,0.03180914512922465
ボール,友人,16,0.03155818540433925
かける,顔面,16,0.03131115459882583
ぶつける,ボール,16,0.03131115459882583
勢い,顔面,16,0.03125
せる,顔面,16,0.0311284046692607
状態,顔面,16,0.0311284046692607
つまずく,顔面,16,0.030947775628626693
当たる,時間,16,0.03088803088803089
終了,顔面,16,0.03076923076923077
バッティング,顔面,16,0.030710172744721688
バッター,部,16,0.030710172744721688
転倒,運動,16,0.03065134099616858
打ちつける,部,16,0.030360531309297913
抜ける,部,16,0.029304029304029304
頭,顔面,16,0.029250457038391225
友人,部,16,0.02711864406779661
ラケット,前歯,16,0.02197802197802198
コンクリート,前歯,16,0.02188782489740082
上顎,前歯,16,0.02185792349726776
前歯,損傷,16,0.02185792349726776
前歯,途中,16,0.0214190093708166
搬送,治療,15,0.35714285714285715
救急,治療,15,0.3409090909090909
フライ,捕る,15,0.19736842105263158
歯牙,脱臼,15,0.1388888888888889
イレギュラー,守備,15,0.13636363636363635
前方,前輪,15,0.13157894736842105
取る,行く,15,0.12295081967213115
下り坂,下校,15,0.11627906976744186
選手,頭,15,0.11450381679389313
手,離れる,15,0.10948905109489052
バット,近く,15,0.10638297872340426
地面,打ちつける,15,0.10416666666666667
治療,運動,15,0.0949367088607595
前方,登校,15,0.09259259259259259
口元,直撃,15,0.08875739644970414
友人,廊下,15,0.08241758241758242
ノック,直撃,15,0.08152173913043478
ぶつかる,取る,15,0.0797872340425532
バッティング,場,15,0.07894736842105263
地面,手,15,0.07177033492822966
ソフトボール,場,15,0.07142857142857142
床,打ち付ける,15,0.07075471698113207
倒れる,足,15,0.07009345794392523
打ち付ける,補綴,15,0.06880733944954129
ディフェンス,相手,15,0.0684931506849315
加える,打ち付ける,15,0.06818181818181818
打ち付ける,歯科,15,0.06818181818181818
友人,走る,15,0.06787330316742081
ぶつける,滑る,15,0.06756756756756757
教室,足,15,0.06756756756756757
ぶつかる,走る,15,0.06666666666666667
自転車,車,15,0.06550218340611354
バッティング,打つ,15,0.06382978723404255
れる,道路,15,0.0625
休憩,補綴,15,0.0625
バッター,野球,15,0.06198347107438017
休憩,加える,15,0.06198347107438017
休憩,歯科,15,0.06198347107438017
れる,取る,15,0.06172839506172839
手,運動,15,0.06048387096774194
れる,教室,15,0.057692307692307696
打つ,抜ける,15,0.056818181818181816
くる,強い,15,0.05660377358490566
倒れる,打つ,15,0.05474452554744526
折れる,足,15,0.053763440860215055
人,相手,15,0.05319148936170213
場,足,15,0.0528169014084507
相手,脱臼,15,0.05263157894736842
体育,強い,15,0.05263157894736842
れる,友人,15,0.05244755244755245
捕る,試合,15,0.05226480836236934
倒れる,本,15,0.05226480836236934
体育館,打つ,15,0.05226480836236934
直撃,相手,15,0.05084745762711865
試合,飛ぶ,15,0.050335570469798654
打つ,滑る,15,0.05016722408026756
れる,足,15,0.048859934853420196
崩す,打つ,15,0.048859934853420196
下校,本,15,0.048701298701298704
くる,破る,15,0.04854368932038835
くる,折,15,0.04838709677419355
くる,顔,15,0.0473186119873817
れる,折れる,15,0.0473186119873817
崩す,本,15,0.046875
友人,本,15,0.04672897196261682
ぶつける,自転車,15,0.046012269938650305
強打,終了,15,0.04491017964071856
強打,衝突,15,0.042492917847025496
れる,野球,15,0.04054054054054054
口,唇,15,0.0375
サッカー,口,15,0.03694581280788178
バッター,負傷,15,0.036585365853658534
持つ,負傷,15,0.036585365853658534
ブレーキ,転倒,15,0.03640776699029126
口,頭,15,0.03588516746411483
口,遊ぶ,15,0.03579952267303103
つく,転倒,15,0.034722222222222224
取る,負傷,15,0.034403669724770644
欠損,転倒,15,0.03424657534246575
ボール,振る,15,0.03333333333333333
欠ける,歯,15,0.032679738562091505
守る,練習,15,0.032188841201716736
ぶつける,口,15,0.031982942430703626
当たる,顎,15,0.03184713375796178
シュート,練習,15,0.03125
守る,部,15,0.03067484662576687
外,部,15,0.030425963488843813
練習,頭部,15,0.030303030303030304
ゴール,顔面,15,0.029880478087649404
部員,顔面,15,0.02982107355864811
後ろ,顔面,15,0.029239766081871343
ソフトボール,練習,15,0.02912621359223301
前のめり,顔面,15,0.02912621359223301
ふざける,顔面,15,0.029069767441860465
階段,顔面,15,0.029013539651837523
られる,顔面,15,0.029013539651837523
部,頭部,15,0.02895752895752896
持つ,顔面,15,0.028517110266159697
投げる,顔面,15,0.02835538752362949
ソフトボール,部,15,0.027881040892193308
捕る,顔面,15,0.027829313543599257
前方,部,15,0.026929982046678635
ノック,顔面,15,0.02613240418118467
相手,転倒,15,0.025252525252525252
試合,転倒,15,0.024193548387096774
ディフェンス,前歯,15,0.0205761316872428
前歯,鬼ごっこ,15,0.02051983584131327
前歯,向かう,15,0.020053475935828877
スティック,ホッケー,14,0.6363636363636364
受診,治療,14,0.3783783783783784
イレギュラーバウンド,守備,14,0.14
前輪,道路,14,0.13592233009708737
イレギュラーバウンド,打球,14,0.1320754716981132
バスケットボール,肘,14,0.1308411214953271
バスケットボール,頭,14,0.10687022900763359
バッティング,バット,14,0.09523809523809523
バッティング,運動,14,0.08045977011494253
場,治療,14,0.07954545454545454
持つ,足,14,0.07777777777777778
下校,前方,14,0.07734806629834254
手,抜ける,14,0.07526881720430108
滑る,登校,14,0.07446808510638298
ゲーム,体育,14,0.07368421052631578
れる,押す,14,0.07291666666666667
ソフトボール,運動,14,0.07216494845360824
地面,滑る,14,0.07035175879396985
打ち付ける,破る,14,0.07035175879396985
バランス,教室,14,0.06829268292682927
地面,崩す,14,0.06763285024154589
打ち付ける,顔,14,0.06763285024154589
手,直撃,14,0.0673076923076923
れる,前輪,14,0.0673076923076923
バランス,地面,14,0.06635071090047394
スティック,相手,14,0.06451612903225806
場,飛ぶ,14,0.0639269406392694
くる,人,14,0.06334841628959276
場,守備,14,0.06306306306306306
しまう,取る,14,0.06278026905829596
シュート,相手,14,0.06086956521739131
しまう,人,14,0.06060606060606061
体育,飛ぶ,14,0.06060606060606061
強い,走る,14,0.0603448275862069
体育,抜ける,14,0.0603448275862069
ぶつかる,友人,14,0.0603448275862069
くる,体育館,14,0.059574468085106386
バスケットボール,顔,14,0.058333333333333334
取る,折,14,0.058333333333333334
かける,自転車,14,0.058333333333333334
場,直撃,14,0.05785123966942149
ふざける,本,14,0.05761316872427984
サッカー,補綴,14,0.05761316872427984
しまう,直撃,14,0.05737704918032787
形式,試合,14,0.05714285714285714
サッカー,加える,14,0.05714285714285714
サッカー,歯科,14,0.05714285714285714
相手,膝,14,0.056910569105691054
口元,破る,14,0.056910569105691054
体育,直撃,14,0.05511811023622047
倒れる,顔,14,0.0546875
床,脱臼,14,0.05303030303030303
しまう,時間,14,0.05204460966542751
しまう,ぶつける,14,0.05185185185185185
欠損,試合,14,0.050359712230215826
友人,折,14,0.04946996466431095
手,折,14,0.04912280701754386
接触,試合,14,0.048109965635738834
加える,滑る,14,0.04745762711864407
れる,強い,14,0.04713804713804714
抜ける,試合,14,0.04666666666666667
打つ,時間,14,0.04487179487179487
自転車,走る,14,0.04416403785488959
ぶつかる,自転車,14,0.04281345565749235
強打,状態,14,0.0425531914893617
強打,階段,14,0.04229607250755287
休憩,強打,14,0.040229885057471264
切れる,口,14,0.03723404255319149
当たり,負傷,14,0.03684210526315789
イレギュラーバウンド,口,14,0.03684210526315789
付近,口,14,0.03655352480417755
口,肘,14,0.035443037974683546
本,補綴,14,0.03535353535353535
加える,本,14,0.035175879396984924
本,歯科,14,0.035175879396984924
スピード,転倒,14,0.0345679012345679
負傷,頭部,14,0.0343980343980344
口唇,負傷,14,0.03431372549019608
バウンド,ボール,14,0.03398058252427184
打撲,転倒,14,0.03389830508474576
欠損,負傷,14,0.033816425120772944
ゴール,ボール,14,0.03365384615384615
グラウンド,ボール,14,0.03341288782816229
ラケット,当たる,14,0.03341288782816229
折る,転倒,14,0.03309692671394799
当たる,部員,14,0.03294117647058824
歩く,転倒,14,0.03286384976525822
持つ,転倒,14,0.03211009174311927
口,教室,14,0.031818181818181815
強打,折れる,14,0.031818181818181815
口唇,当たる,14,0.03146067415730337
人,負傷,14,0.03146067415730337
口,地面,14,0.03139013452914798
口,走る,14,0.030434782608695653
切る,歯,14,0.030434782608695653
打撃,練習,14,0.03017241379310345
バランス,口,14,0.029850746268656716
折る,歯,14,0.029850746268656716
歯,階段,14,0.02959830866807611
素振り,練習,14,0.029473684210526315
歯,頭部,14,0.029288702928870293
ネット,練習,14,0.029166666666666667
人,当たる,14,0.029045643153526972
横,練習,14,0.02880658436213992
練習,追いかける,14,0.028629856850715747
的,部,14,0.028397565922920892
他校,部,14,0.028169014084507043
上顎,部,14,0.028112449799196786
祭,顔面,14,0.027944111776447105
切れる,部,14,0.027888446215139442
損傷,顔面,14,0.027888446215139442
打撲,顔面,14,0.027777777777777776
避ける,顔面,14,0.027777777777777776
付近,部,14,0.0275049115913556
下り坂,顔面,14,0.0273972602739726
付近,顔面,14,0.02729044834307992
終了,部,14,0.02702702702702703
口,顔,14,0.026515151515151516
口,自転車,14,0.024955436720142603
上下,前歯,14,0.019337016574585635
前歯,受診,14,0.019310344827586208
前歯,激突,14,0.019151846785225718
ゴール,前歯,14,0.01904761904761905
前歯,移動,14,0.019021739130434784
前歯,落下,14,0.019021739130434784
切る,前歯,14,0.018995929443690638
前歯,立つ,14,0.01891891891891892
バッター,前歯,14,0.01844532279314888
特定,終了,13,0.2549019607843137
階,階段,13,0.24074074074074073
キャッチャー,バッター,13,0.19696969696969696
つく,勢い,13,0.17333333333333334
シート,ノック,13,0.13
肘,選手,13,0.11926605504587157
落ちる,道路,13,0.1111111111111111
バット,離れる,13,0.10077519379844961
下校,前輪,13,0.0948905109489051
バット,後方,13,0.09285714285714286
倒れる,廊下,13,0.08666666666666667
打球,直撃,13,0.07602339181286549
手,振る,13,0.07514450867052024
廊下,滑る,13,0.07428571428571429
体育,的,13,0.07303370786516854
崩す,遊ぶ,13,0.07142857142857142
ぶつかる,選手,13,0.07065217391304347
くる,チーム,13,0.07027027027027027
ぶつける,廊下,13,0.06914893617021277
出血,折れる,13,0.06914893617021277
サッカー,運動,13,0.06878306878306878
歯牙,破る,13,0.0663265306122449
れる,ブレーキ,13,0.0663265306122449
倒れる,時間,13,0.06565656565656566
時間,脱臼,13,0.065
打ち付ける,折,13,0.06467661691542288
崩す,教室,13,0.06435643564356436
加える,受診,13,0.06435643564356436
受診,歯科,13,0.06435643564356436
地面,走る,13,0.06403940886699508
足,遊ぶ,13,0.06372549019607843
サッカー,場,13,0.06310679611650485
ぶつける,体育館,13,0.06132075471698113
体育,打ちつける,13,0.06074766355140187
ピッチャー,野球,13,0.06046511627906977
下校,友人,13,0.06018518518518518
抜け落ちる,本,13,0.0593607305936073
くる,前方,13,0.05829596412556054
くる,倒れる,13,0.05829596412556054
自転車,雨,13,0.05829596412556054
直撃,運動,13,0.05752212389380531
床,持つ,13,0.05701754385964912
体育館,足,13,0.056768558951965066
口元,場,13,0.056768558951965066
ソフトボール,破る,13,0.05652173913043478
ソフトボール,折,13,0.05627705627705628
バランス,時間,13,0.05531914893617021
くる,直撃,13,0.05531914893617021
取る,破る,13,0.05416666666666667
折る,本,13,0.05394190871369295
バランス,強い,13,0.05371900826446281
遊ぶ,顔,13,0.053061224489795916
しまう,体育館,13,0.052845528455284556
本,膝,13,0.05179282868525897
地面,破る,13,0.049429657794676805
打つ,顎,13,0.04905660377358491
しまう,崩す,13,0.04887218045112782
れる,体育館,13,0.04868913857677903
場,手,13,0.04868913857677903
しまう,バランス,13,0.04814814814814815
脱臼,補綴,13,0.04797047970479705
試合,頭部,13,0.04779411764705882
加える,脱臼,13,0.047619047619047616
歯科,脱臼,13,0.047619047619047616
打つ,打球,13,0.04744525547445255
打つ,登校,13,0.04659498207885305
体育,時間,13,0.04642857142857143
滑る,顔,13,0.04609929078014184
友人,破る,13,0.045936395759717315
振る,試合,13,0.04529616724738676
本,脱臼,13,0.044673539518900345
脱臼,自転車,13,0.04452054794520548
強い,破る,13,0.04436860068259386
滑る,補綴,13,0.04421768707482993
歯科,滑る,13,0.04391891891891892
補綴,走る,13,0.04377104377104377
加える,走る,13,0.043478260869565216
歯科,走る,13,0.043478260869565216
試合,顎,13,0.043333333333333335
地面,本,13,0.0429042904290429
加える,手,13,0.04234527687296417
ぶつける,補綴,13,0.04234527687296417
ぶつける,加える,13,0.042071197411003236
ぶつける,歯科,13,0.042071197411003236
友人,打つ,13,0.041935483870967745
くる,床,13,0.04
強打,追いかける,13,0.03939393939393939
ふざける,強打,13,0.03927492447129909
れる,体育,13,0.03869047619047619
本,運動,13,0.038011695906432746
手,試合,13,0.037463976945244955
試合,足,13,0.03551912568306011
ネット,口,13,0.03439153439153439
口,近く,13,0.033419023136246784
口,終了,13,0.03307888040712468
後ろ,負傷,13,0.03258145363408521
カーブ,転倒,13,0.03258145363408521
濡れる,転倒,13,0.0325
負傷,近く,13,0.03225806451612903
コート,ボール,13,0.03201970443349754
スティック,ボール,13,0.03178484107579462
ピッチャー,ボール,13,0.03155339805825243
口,衝突,13,0.03155339805825243
当たる,跳ね返る,13,0.031476997578692496
キャッチャー,ボール,13,0.03125
スティック,当たる,13,0.03117505995203837
ディフェンス,当たる,13,0.030952380952380953
ピッチャー,当たる,13,0.030952380952380953
バウンド,当たる,13,0.030878859857482184
口,廊下,13,0.030805687203791468
かける,転倒,13,0.030732860520094562
状態,転倒,13,0.03051643192488263
向かう,転倒,13,0.03044496487119438
ネット,当たる,13,0.030303030303030304
廊下,負傷,13,0.02981651376146789
ボール,頭部,13,0.029748283752860413
ふざける,当たる,13,0.029612756264236904
当たる,近く,13,0.029545454545454545
行く,転倒,13,0.02927927927927928
バレーボール,歯,13,0.02813852813852814
取る,転倒,13,0.028077753779697623
バント,練習,13,0.028017241379310345
歯,部分,13,0.02795698924731183
損ねる,練習,13,0.027837259100642397
歯,状態,13,0.02754237288135593
ふざける,歯,13,0.02748414376321353
練習,隣,13,0.027426160337552744
られる,歯,13,0.027426160337552744
練習,部員,13,0.027196652719665274
バレーボール,練習,13,0.027083333333333334
歯,球,13,0.026859504132231406
歯,行く,13,0.026530612244897958
練習,近く,13,0.026422764227642278
形式,部,13,0.02631578947368421
搬送,部,13,0.02620967741935484
練習,膝,13,0.02610441767068273
フライ,部,13,0.02610441767068273
救急,部,13,0.02610441767068273
いく,顔面,13,0.026052104208416832
コンクリート,顔面,13,0.025896414342629483
歯,選手,13,0.02584493041749503
バランス,ボール,13,0.025341130604288498
追いかける,部,13,0.025341130604288498
体,顔面,13,0.025048169556840076
行く,部,13,0.02448210922787194
バスケットボール,顔面,13,0.02376599634369287
地面,練習,13,0.023636363636363636
前歯,抜け落ちる,13,0.01793103448275862
前歯,特定,13,0.01793103448275862
前歯,棒,13,0.017881705639614855
上がる,前歯,13,0.01783264746227709
前歯,終わる,13,0.017759562841530054
前歯,負う,13,0.017759562841530054
前歯,歩道,13,0.017759562841530054
両手,前歯,13,0.017759562841530054
前歯,祭,13,0.017711171662125342
キャッチャー,前歯,13,0.017687074829931974
内,前歯,13,0.017663043478260868
前歯,蹴る,13,0.017639077340569877
バレーボール,前歯,13,0.017591339648173207
前歯,段差,13,0.017591339648173207
ネット,前歯,13,0.01756756756756757
前歯,来る,13,0.017543859649122806
前歯,部分,13,0.01752021563342318
下り坂,前歯,13,0.01747311827956989
前歯,階段,13,0.017310252996005325
当たる,転倒,13,0.016352201257861635
かけっこ,追う,12,0.48
ゴールキーパー,サッカー,12,0.17391304347826086
切れる,唇,12,0.16
欠損,治療,12,0.15789473684210525
バッター,振る,12,0.11650485436893204
チーム,バスケットボール,12,0.1111111111111111
滑る,濡れる,12,0.10434782608695652
バッター,飛ぶ,12,0.10344827586206896
前輪,登校,12,0.1
サッカー,頭,12,0.0967741935483871
休憩,廊下,12,0.0967741935483871
ふざける,教室,12,0.096
衝突,選手,12,0.09523809523809523
ソフトボール,飛ぶ,12,0.09090909090909091
口元,振る,12,0.08823529411764706
体育館,肘,12,0.08695652173913043
休憩,教室,12,0.08391608391608392
体育館,欠損,12,0.08391608391608392
せる,時間,12,0.0784313725490196
準備,運動,12,0.07547169811320754
バランス,落ちる,12,0.0718562874251497
衝突,走る,12,0.07100591715976332
つく,足,12,0.0670391061452514
キャッチャー,体育,12,0.06521739130434782
手,飛ぶ,12,0.06417112299465241
ぶつける,遊ぶ,12,0.06382978723404255
とる,れる,12,0.06349206349206349
振る,運動,12,0.06282722513089005
強い,頭,12,0.06217616580310881
教室,滑る,12,0.06153846153846154
倒れる,手,12,0.06060606060606061
折,歯牙,12,0.06060606060606061
バランス,前方,12,0.06030150753768844
折れる,行く,12,0.06030150753768844
受診,補綴,12,0.05970149253731343
外,補綴,12,0.05825242718446602
守備,運動,12,0.057971014492753624
バレーボール,床,12,0.057692307692307696
床,準備,12,0.057692307692307696
場,振る,12,0.057692307692307696
加える,外,12,0.057692307692307696
外,歯科,12,0.057692307692307696
られる,れる,12,0.05687203791469194
守る,野球,12,0.05660377358490566
ホッケー,相手,12,0.05581395348837209
脱臼,運動,12,0.055299539170506916
フライ,野球,12,0.0547945205479452
坂道,自転車,12,0.05405405405405406
崩す,走る,12,0.053811659192825115
しまう,顎,12,0.053811659192825115
休憩,破る,12,0.053811659192825115
休憩,折,12,0.05357142857142857
ゲーム,打つ,12,0.05333333333333334
バランス,走る,12,0.05286343612334802
友人,崩す,12,0.05240174672489083
地面,足,12,0.05194805194805195
崩す,時間,12,0.05172413793103448
バランス,友人,12,0.05150214592274678
しまう,倒れる,12,0.05128205128205128
しまう,前方,12,0.05128205128205128
ぶつける,友人,12,0.05128205128205128
ぶつかる,バランス,12,0.05063291139240506
崩す,強い,12,0.0502092050209205
しまう,教室,12,0.049586776859504134
人,体育,12,0.04938271604938271
ゴールキーパー,試合,12,0.04918032786885246
ぶつかる,強い,12,0.04918032786885246
れる,廊下,12,0.04918032786885246
くる,下校,12,0.04897959183673469
状態,自転車,12,0.04897959183673469
廊下,顔,12,0.048582995951417005
外,試合,12,0.04838709677419355
イレギュラー,本,12,0.04819277108433735
口元,折,12,0.04819277108433735
打つ,振る,12,0.04743083003952569
投げる,相手,12,0.047244094488188976
バスケットボール,補綴,12,0.047244094488188976
持つ,本,12,0.047058823529411764
振る,野球,12,0.046875
バスケットボール,加える,12,0.046875
バスケットボール,歯科,12,0.046875
相手,行く,12,0.046511627906976744
地面,折,12,0.045283018867924525
しまう,友人,12,0.04477611940298507
口元,補綴,12,0.04477611940298507
本,衝突,12,0.04460966542750929
自転車,衝突,12,0.044444444444444446
加える,口元,12,0.044444444444444446
口元,歯科,12,0.044444444444444446
下校,破る,12,0.04428044280442804
下校,折,12,0.04411764705882353
体育,友人,12,0.04316546762589928
本,遊ぶ,12,0.04316546762589928
本,顎,12,0.043010752688172046
口元,相手,12,0.04225352112676056
手,破る,12,0.04195804195804196
くる,折れる,12,0.04152249134948097
前方,本,12,0.041379310344827586
床,走る,12,0.0410958904109589
ぶつける,れる,12,0.040955631399317405
強い,折,12,0.04067796610169491
手,補綴,12,0.0392156862745098
手,歯科,12,0.03896103896103896
相手,走る,12,0.03821656050955414
加える,強い,12,0.0379746835443038
強い,歯科,12,0.0379746835443038
手,相手,12,0.037267080745341616
下り坂,強打,12,0.03680981595092025
かける,強打,12,0.036585365853658534
せる,強打,12,0.03625377643504532
られる,強打,12,0.036036036036036036
つまずく,強打,12,0.03592814371257485
くる,打つ,12,0.035398230088495575
つく,強打,12,0.035398230088495575
相手,足,12,0.03519061583577713
折れる,自転車,12,0.033707865168539325
強打,選手,12,0.03314917127071823
キャッチャー,口,12,0.03208556149732621
勢い,口,12,0.031088082901554404
誤る,負傷,12,0.031007751937984496
口,後方,12,0.031007751937984496
ゴール,負傷,12,0.030848329048843187
ゲーム,負傷,12,0.030303030303030304
口,口唇,12,0.030303030303030304
前輪,負傷,12,0.02977667493796526
引っ掛かる,転倒,12,0.0297029702970297
つまずく,負傷,12,0.02962962962962963
ボール,跳ね返る,12,0.029556650246305417
転倒,雨,12,0.029556650246305417
失う,転倒,12,0.029484029484029485
戻る,転倒,12,0.029411764705882353
つく,負傷,12,0.02926829268292683
当たる,直接,12,0.029055690072639227
当たる,肩,12,0.02857142857142857
行く,負傷,12,0.02857142857142857
転倒,部分,12,0.02857142857142857
ボール,切れる,12,0.028503562945368172
シュート,ボール,12,0.028368794326241134
キャッチャー,当たる,12,0.02823529411764706
切れる,当たる,12,0.027972027972027972
当たる,歯牙,12,0.027777777777777776
ゲーム,当たる,12,0.02771362586605081
終了,転倒,12,0.02771362586605081
ボール,肘,12,0.02727272727272727
落ちる,転倒,12,0.027210884353741496
当たる,膝,12,0.026845637583892617
当たる,持つ,12,0.02666666666666667
当たり,歯,12,0.026490066225165563
当たる,行く,12,0.0262582056892779
口,滑る,12,0.026143790849673203
切れる,歯,12,0.02591792656587473
抜ける,転倒,12,0.02591792656587473
来る,歯,12,0.025806451612903226
ピッチャー,練習,12,0.02536997885835095
拾う,練習,12,0.02536997885835095
ディフェンス,練習,12,0.02536997885835095
歯,近く,12,0.02526315789473684
祭,練習,12,0.025210084033613446
歯,終了,12,0.025052192066805846
切れる,練習,12,0.02494802494802495
つく,歯,12,0.02494802494802495
治療,練習,12,0.024844720496894408
投げる,歯,12,0.024640657084188913
送球,部,12,0.024489795918367346
ピッチャー,部,12,0.024193548387096774
外れる,顔面,12,0.02414486921529175
失う,顔面,12,0.024096385542168676
つく,練習,12,0.02404809619238477
路面,顔面,12,0.02404809619238477
両手,顔面,12,0.023952095808383235
走行,顔面,12,0.02390438247011952
タイヤ,顔面,12,0.02390438247011952
移動,顔面,12,0.023715415019762844
シュート,部,12,0.023715415019762844
目,顔面,12,0.023668639053254437
段差,顔面,12,0.023622047244094488
横,部,12,0.023483365949119372
当たる,走る,12,0.023391812865497075
折る,顔面,12,0.023255813953488372
られる,部,12,0.023255813953488372
近く,顔面,12,0.023076923076923078
つく,部,12,0.022988505747126436
出血,顔面,12,0.022813688212927757
落ちる,部,12,0.022727272727272728
欠損,顔面,12,0.022556390977443608
下校,部,12,0.020654044750430294
前歯,向く,12,0.016574585635359115
つかむ,前歯,12,0.016551724137931035
前歯,額,12,0.016483516483516484
前歯,追う,12,0.01637107776261937
バウンド,前歯,12,0.01637107776261937
前歯,室,12,0.01637107776261937
前歯,転落,12,0.01634877384196185
前歯,壁,12,0.01634877384196185
側,前歯,12,0.0163265306122449
前歯,避ける,12,0.016260162601626018
前歯,準備,12,0.016216216216216217
入る,前歯,12,0.016172506738544475
前歯,後方,12,0.01602136181575434
下る,坂道,11,0.4782608695652174
ネット,支柱,11,0.2682926829268293
ラケット,振る,11,0.14666666666666667
振る,近く,11,0.11578947368421053
教室,机,11,0.10576923076923077
戻る,教室,11,0.10377358490566038
ハンドル,登校,11,0.1
タイヤ,地面,11,0.09565217391304348
イレギュラー,打球,11,0.09166666666666666
サッカー,選手,11,0.08943089430894309
タイヤ,滑る,11,0.0873015873015873
バスケットボール,接触,11,0.0859375
つまずく,教室,11,0.0859375
振る,飛ぶ,11,0.0859375
バッティング,直撃,11,0.08088235294117647
バスケットボール,取る,11,0.07971014492753623
打球,捕る,11,0.07913669064748201
球,直撃,11,0.07801418439716312
ソフトボール,口元,11,0.07746478873239436
つまずく,ぶつける,11,0.06962025316455696
友人,持つ,11,0.06790123456790123
出る,強い,11,0.0650887573964497
打ち付ける,足,11,0.0650887573964497
場,外,11,0.0650887573964497
バランス,打ちつける,11,0.06432748538011696
切れる,折れる,11,0.06395348837209303
前方,地面,11,0.062146892655367235
友人,接触,11,0.06179775280898876
バット,抜ける,11,0.061452513966480445
受診,破る,11,0.06043956043956044
受診,折,11,0.060109289617486336
バランス,遊ぶ,11,0.05851063829787234
搬送,破る,11,0.05851063829787234
打ちつける,足,11,0.0582010582010582
行く,足,11,0.05789473684210526
救急,破る,11,0.05789473684210526
レシーブ,床,11,0.05641025641025641
れる,蹴る,11,0.05555555555555555
人,手,11,0.05555555555555555
しまう,バッター,11,0.055
くる,サッカー,11,0.055
特定,補綴,11,0.05472636815920398
両手,床,11,0.054455445544554455
室,床,11,0.054455445544554455
くる,捕る,11,0.054187192118226604
加える,特定,11,0.054187192118226604
歯科,特定,11,0.054187192118226604
しまう,唇,11,0.05392156862745098
かける,れる,11,0.05314009661835749
外野,野球,11,0.052884615384615384
送球,野球,11,0.052132701421800945
場,捕る,11,0.052132701421800945
折,肘,11,0.05116279069767442
強い,教室,11,0.05116279069767442
ペダル,自転車,11,0.05069124423963134
カーブ,自転車,11,0.0502283105022831
絡まる,自転車,11,0.05
素振り,野球,11,0.049773755656108594
休憩,顔,11,0.04741379310344827
体育,顎,11,0.04700854700854701
ぶつかる,崩す,11,0.04700854700854701
ゲーム,相手,11,0.04680851063829787
バスケットボール,破る,11,0.04680851063829787
切れる,本,11,0.04680851063829787
つまずく,打つ,11,0.04680851063829787
ぶつかる,時間,11,0.046218487394957986
口唇,打つ,11,0.04583333333333333
破る,飛ぶ,11,0.04583333333333333
体育館,折れる,11,0.04564315352697095
強い,手,11,0.04526748971193416
打ち付ける,自転車,11,0.04526748971193416
口唇,野球,11,0.04526748971193416
前のめり,自転車,11,0.044715447154471545
打球,破る,11,0.04417670682730924
抜ける,顔,11,0.04417670682730924
唇,野球,11,0.044
打球,折,11,0.044
崩す,足,11,0.043824701195219126
ソフトボール,補綴,11,0.04365079365079365
出る,本,11,0.043478260869565216
時間,運動,11,0.043478260869565216
れる,口元,11,0.04330708661417323
ソフトボール,加える,11,0.04330708661417323
ソフトボール,歯科,11,0.04330708661417323
バランス,足,11,0.043137254901960784
折れる,走る,11,0.04296875
人,顔,11,0.04263565891472868
教室,破る,11,0.04247104247104247
前方,顔,11,0.04247104247104247
折,教室,11,0.04230769230769231
場,走る,11,0.0421455938697318
くる,時間,11,0.04198473282442748
強い,足,11,0.04198473282442748
打つ,選手,11,0.04182509505703422
本,行く,11,0.04182509505703422
守備,補綴,11,0.04182509505703422
加える,守備,11,0.04150943396226415
守備,歯科,11,0.04150943396226415
サッカー,本,11,0.041353383458646614
打つ,道路,11,0.041353383458646614
教室,顔,11,0.04119850187265917
試合,追いかける,11,0.04119850187265917
守備,打つ,11,0.040740740740740744
前方,補綴,11,0.04059040590405904
しまう,ぶつかる,11,0.040293040293040296
前方,加える,11,0.040293040293040296
前方,歯科,11,0.040293040293040296
口唇,試合,11,0.04
出血,試合,11,0.04
教室,補綴,11,0.03942652329749104
投げる,試合,11,0.03914590747330961
自転車,顎,11,0.03914590747330961
加える,教室,11,0.03914590747330961
教室,歯科,11,0.03914590747330961
バランス,体育,11,0.03900709219858156
れる,走る,11,0.03873239436619718
崩す,破る,11,0.03873239436619718
崩す,折,11,0.03859649122807018
ぶつかる,破る,11,0.03806228373702422
口元,本,11,0.03806228373702422
ぶつかる,折,11,0.03793103448275862
友人,顔,11,0.03754266211604096
強い,顔,11,0.036303630363036306
ぶつかる,床,11,0.036303630363036306
ぶつかる,補綴,11,0.03559870550161812
強打,雨,11,0.03536977491961415
ぶつかる,加える,11,0.03536977491961415
ぶつかる,歯科,11,0.03536977491961415
強い,補綴,11,0.03492063492063492
ごと,強打,11,0.03481012658227848
強打,横,11,0.03343465045592705
強打,後方,11,0.03323262839879154
前のめり,強打,11,0.03313253012048193
強打,歩く,11,0.03303303303303303
折れる,歯科,11,0.03254437869822485
相手,運動,11,0.03235294117647059
試合,走る,11,0.03225806451612903
強打,行く,11,0.03142857142857143
しまう,野球,11,0.031161473087818695
場,相手,11,0.03081232492997199
バスケットボール,強打,11,0.03038674033149171
口,直接,11,0.030303030303030304
強打,抜ける,11,0.029891304347826088
口,素振り,11,0.029333333333333333
口,階段,11,0.028132992327365727
歯牙,負傷,11,0.027777777777777776
口,膝,11,0.027707808564231738
乗り上げる,転倒,11,0.02763819095477387
スリップ,転倒,11,0.02763819095477387
縁石,転倒,11,0.0275
付近,負傷,11,0.0275
絡まる,転倒,11,0.02736318407960199
後方,負傷,11,0.02736318407960199
キャッチボール,ボール,11,0.02729528535980149
向かう,負傷,11,0.027227722772277228
シート,ボール,11,0.027227722772277228
ドッジボール,ボール,11,0.027227722772277228
ボール,転がる,11,0.027160493827160494
られる,負傷,11,0.027160493827160494
ボール,直接,11,0.027093596059113302
休憩,口,11,0.02696078431372549
ボール,損ねる,11,0.02689486552567237
ボール,当たり,11,0.02669902912621359
ボール,参加,11,0.026634382566585957
球,負傷,11,0.02650602409638554
投げる,負傷,11,0.026378896882494004
落ちる,負傷,11,0.026378896882494004
バスケットボール,口,11,0.026252983293556086
ボール,蹴る,11,0.02619047619047619
治療,転倒,11,0.02619047619047619
ボール,欠ける,11,0.026128266033254157
ネット,ボール,11,0.026004728132387706
後ろ,転倒,11,0.025821596244131457
当たる,素振り,11,0.025821596244131457
当たる,蹴る,11,0.02570093457943925
シュート,当たる,11,0.02546296296296296
前方,口,11,0.02528735632183908
膝,転倒,11,0.02522935779816514
当たる,後方,11,0.025056947608200455
ボール,出血,11,0.025
抜け落ちる,歯,11,0.024444444444444446
スティック,歯,11,0.024282560706401765
損傷,歯,11,0.02391304347826087
歯,部員,11,0.023809523809523808
歯,目,11,0.023758099352051837
外野,練習,11,0.023655913978494623
当たる,接触,11,0.023554603854389723
振り向く,練習,11,0.023504273504273504
横,歯,11,0.02335456475583864
前のめり,歯,11,0.023206751054852322
バウンド,練習,11,0.023157894736842106
ゴール,練習,11,0.022964509394572025
入る,練習,11,0.022727272727272728
硬式,部,11,0.02263374485596708
ホッケー,部,11,0.022448979591836733
練習,途中,11,0.02231237322515213
当たる,教室,11,0.022267206477732792
失う,部,11,0.022222222222222223
参加,部,11,0.02217741935483871
ゴールキーパー,顔面,11,0.022132796780684104
負う,部,11,0.02208835341365462
バウンド,部,11,0.02208835341365462
終わる,部,11,0.02208835341365462
気付く,部,11,0.02208835341365462
とる,顔面,11,0.022044088176352707
激突,顔面,11,0.021912350597609563
室,顔面,11,0.021912350597609563
バッター,練習,11,0.02186878727634195
ごと,顔面,11,0.02186878727634195
誤る,顔面,11,0.021825396825396824
離れる,顔面,11,0.021696252465483234
落下,顔面,11,0.021696252465483234
立つ,部,11,0.021696252465483234
準備,顔面,11,0.021611001964636542
ゲーム,部,11,0.021611001964636542
ハンドル,顔面,11,0.021611001964636542
ボール,崩す,11,0.021526418786692758
来る,顔面,11,0.021526418786692758
歯牙,顔面,11,0.021484375
途中,部,11,0.02131782945736434
ふざける,部,11,0.02131782945736434
打ち付ける,顔面,11,0.02131782945736434
練習,衝突,11,0.02127659574468085
歩く,顔面,11,0.021153846153846155
出る,部,11,0.021032504780114723
口唇,顔面,11,0.020872865275142316
休憩,顔面,11,0.020446096654275093
振る,顔面,11,0.02033271719038817
ソフトボール,顔面,11,0.020146520146520148
廊下,部,11,0.02
顎,顔面,11,0.019855595667870037
教室,部,11,0.019332161687170474
前歯,破損,11,0.015214384508990318
前歯,脱落,11,0.015151515151515152
前歯,鉄棒,11,0.015151515151515152
前歯,正面,11,0.015130674002751032
前歯,引っ掛かる,11,0.01510989010989011
とる,前歯,11,0.015047879616963064
前歯,清掃,11,0.015006821282401092
フライ,前歯,11,0.014945652173913044
前歯,見る,11,0.014905149051490514
グラウンド,前歯,11,0.014844804318488529
骨,骨折,10,0.5263157894736842
テニス,ラケット,10,0.37037037037037035
ハンドル,操作,10,0.3225806451612903
失う,意識,10,0.3225806451612903
内,口腔,10,0.2777777777777778
正面,衝突,10,0.136986301369863
休憩,鬼ごっこ,10,0.13333333333333333
切る,唇,10,0.13157894736842105
脱臼,骨折,10,0.10309278350515463
ソフトボール,後方,10,0.10204081632653061
ブレーキ,前方,10,0.09433962264150944
ブレーキ,登校,10,0.09174311926605505
教室,移動,10,0.08771929824561403
ごと,下校,10,0.08130081300813008
下校,車,10,0.07936507936507936
バスケットボール,衝突,10,0.07874015748031496
ブレーキ,下校,10,0.07874015748031496
接触,選手,10,0.07692307692307693
崩す,転落,10,0.07407407407407407
ソフトボール,抜ける,10,0.07407407407407407
かける,下校,10,0.07352941176470588
下校,乗る,10,0.072992700729927
口唇,直撃,10,0.07246376811594203
時間,鬼ごっこ,10,0.07194244604316546
下校,歩く,10,0.07142857142857142
バッター,直撃,10,0.07092198581560284
体育館,落ちる,10,0.06896551724137931
地面,落ちる,10,0.0684931506849315
受診,運動,10,0.06756756756756757
かける,友人,10,0.06711409395973154
ぶつける,転ぶ,10,0.06622516556291391
人,遊ぶ,10,0.06622516556291391
倒れる,遊ぶ,10,0.06578947368421052
打ち付ける,時間,10,0.06578947368421052
下校,落ちる,10,0.06535947712418301
取る,口元,10,0.06535947712418301
人,抜ける,10,0.06535947712418301
外,運動,10,0.06535947712418301
持つ,滑る,10,0.06493506493506493
体,手,10,0.0641025641025641
ふざける,時間,10,0.0641025641025641
下校,打ちつける,10,0.0641025641025641
キャッチャー,運動,10,0.06369426751592357
つく,崩す,10,0.06289308176100629
出る,手,10,0.06172839506172839
人,倒れる,10,0.06134969325153374
ぶつかる,チーム,10,0.06097560975609756
受診,場,10,0.06060606060606061
崩す,打ちつける,10,0.05952380952380952
倒れる,教室,10,0.05813953488372093
接触,走る,10,0.057803468208092484
キャッチャー,場,10,0.05747126436781609
ぶつける,休憩,10,0.05714285714285714
滑る,遊ぶ,10,0.05649717514124294
崩す,接触,10,0.056179775280898875
れる,飛ばす,10,0.05555555555555555
くる,向かう,10,0.055248618784530384
バランス,接触,10,0.054945054945054944
取る,走る,10,0.0546448087431694
しまう,転ぶ,10,0.05405405405405406
友人,抜ける,10,0.05319148936170213
しまう,折る,10,0.05319148936170213
場,追いかける,10,0.05319148936170213
倒れる,滑る,10,0.05291005291005291
強い,接触,10,0.05291005291005291
しまう,近く,10,0.052083333333333336
強い,選手,10,0.05181347150259067
ぶつける,取る,10,0.05181347150259067
廊下,強い,10,0.050761421319796954
体育,後方,10,0.05025125628140704
場,球,10,0.05
ぶつかる,人,10,0.04975124378109453
床,清掃,10,0.04950495049504951
折れる,振る,10,0.04878048780487805
遊ぶ,運動,10,0.04878048780487805
体育館,走る,10,0.04878048780487805
硬式,野球,10,0.04830917874396135
ショート,野球,10,0.04784688995215311
ぶつかる,教室,10,0.047619047619047616
下校,走る,10,0.046948356807511735
ドリブル,相手,10,0.04672897196261682
ゲーム,床,10,0.04672897196261682
破る,肘,10,0.046511627906976744
くる,廊下,10,0.046511627906976744
口元,運動,10,0.046511627906976744
折れる,頭,10,0.046296296296296294
くる,抜ける,10,0.046296296296296294
しまう,ソフトボール,10,0.04608294930875576
つまずく,顔,10,0.04608294930875576
人,足,10,0.045871559633027525
自転車,車輪,10,0.045662100456621
キャッチャー,打つ,10,0.045662100456621
ゴールキーパー,相手,10,0.045454545454545456
サッカー,体育,10,0.04524886877828054
体育館,強い,10,0.04524886877828054
場,遊ぶ,10,0.04504504504504504
下る,自転車,10,0.04504504504504504
ぶつける,下校,10,0.04484304932735426
友人,滑る,10,0.04484304932735426
れる,落ちる,10,0.044444444444444446
れる,欠損,10,0.044444444444444446
グラウンド,野球,10,0.04424778761061947
補綴,追いかける,10,0.04424778761061947
れる,打ちつける,10,0.043859649122807015
くる,脱臼,10,0.043859649122807015
人,折れる,10,0.043859649122807015
加える,追いかける,10,0.043859649122807015
歯科,追いかける,10,0.043859649122807015
補綴,階段,10,0.043859649122807015
加える,階段,10,0.043478260869565216
歯科,階段,10,0.043478260869565216
後方,打つ,10,0.04310344827586207
終了,補綴,10,0.04310344827586207
強い,滑る,10,0.04291845493562232
れる,振る,10,0.04291845493562232
補綴,頭部,10,0.04291845493562232
バッティング,補綴,10,0.04291845493562232
加える,終了,10,0.042735042735042736
歯科,終了,10,0.042735042735042736
加える,頭部,10,0.0425531914893617
歯科,頭部,10,0.0425531914893617
肘,補綴,10,0.0425531914893617
バッティング,加える,10,0.0425531914893617
バッティング,歯科,10,0.0425531914893617
場,脱臼,10,0.0423728813559322
バスケットボール,折,10,0.04219409282700422
体育,取る,10,0.04219409282700422
折れる,教室,10,0.04219409282700422
加える,肘,10,0.04219409282700422
歯科,肘,10,0.04219409282700422
下校,足,10,0.041666666666666664
廊下,破る,10,0.04149377593360996
折,飛ぶ,10,0.04132231404958678
廊下,折,10,0.04132231404958678
体育,口元,10,0.040983606557377046
られる,相手,10,0.040983606557377046
打つ,持つ,10,0.040983606557377046
守備,破る,10,0.040983606557377046
守備,折,10,0.04081632653061224
本,状態,10,0.04065040650406504
地面,場,10,0.04032258064516129
振る,補綴,10,0.04032258064516129
加える,振る,10,0.04
振る,歯科,10,0.04
衝突,補綴,10,0.0398406374501992
加える,衝突,10,0.039525691699604744
歯科,衝突,10,0.039525691699604744
バット,折れる,10,0.0392156862745098
折,登校,10,0.0390625
れる,脱臼,10,0.03861003861003861
加える,廊下,10,0.03802281368821293
廊下,歯科,10,0.03802281368821293
打つ,飛ぶ,10,0.03731343283582089
捕る,本,10,0.037037037037037035
体育,滑る,10,0.03690036900369004
強い,折れる,10,0.03663003663003663
倒れる,加える,10,0.0364963503649635
本,選手,10,0.036101083032490974
球,試合,10,0.03571428571428571
れる,バット,10,0.0353356890459364
直撃,補綴,10,0.035211267605633804
加える,直撃,10,0.03496503496503497
歯科,直撃,10,0.03496503496503497
バランス,破る,10,0.03460207612456748
しまう,運動,10,0.03460207612456748
打球,本,10,0.034482758620689655
バランス,折,10,0.034482758620689655
口元,自転車,10,0.03436426116838488
ぶつかる,れる,10,0.03389830508474576
場,折れる,10,0.033444816053511704
下校,打つ,10,0.03333333333333333
強打,鉄棒,10,0.032467532467532464
強打,走行,10,0.031545741324921134
強打,落下,10,0.03115264797507788
強打,部分,10,0.03067484662576687
ノック,試合,10,0.03058103975535168
友人,自転車,10,0.03058103975535168
付近,強打,10,0.030303030303030304
乗る,強打,10,0.030211480362537766
しまう,顔,10,0.030120481927710843
体,強打,10,0.029850746268656716
強打,近く,10,0.029850746268656716
折れる,補綴,10,0.02967359050445104
加える,折れる,10,0.029498525073746312
出血,強打,10,0.02932551319648094
強打,膝,10,0.02932551319648094
崩す,試合,10,0.02881844380403458
強打,欠損,10,0.02881844380403458
唇,強打,10,0.028735632183908046
バランス,試合,10,0.02849002849002849
打者,負傷,10,0.026246719160104987
強打,脱臼,10,0.026246719160104987
口,部分,10,0.02610966057441253
大会,負傷,10,0.02570694087403599
内,負傷,10,0.02557544757033248
ふざける,口,10,0.02557544757033248
口,歩く,10,0.02557544757033248
治療,負傷,10,0.025252525252525252
出る,口,10,0.02512562814070352
口,持つ,10,0.02493765586034913
せる,負傷,10,0.024752475247524754
下る,転倒,10,0.024752475247524754
歩く,負傷,10,0.024691358024691357
パス,ボール,10,0.024691358024691357
ボール,外野,10,0.024630541871921183
坂道,転倒,10,0.024630541871921183
負傷,階段,10,0.024630541871921183
そう,転倒,10,0.02457002457002457
ホッケー,ボール,10,0.024509803921568627
昼食,転倒,10,0.02444987775061125
ボール,送球,10,0.02444987775061125
ボール,レシーブ,10,0.02444987775061125
終了,負傷,10,0.024390243902439025
ボール,守る,10,0.024330900243309004
転倒,追う,10,0.024271844660194174
肘,負傷,10,0.024213075060532687
コンクリート,転倒,10,0.024154589371980676
救急,転倒,10,0.024154589371980676
バント,当たる,10,0.024096385542168676
ホッケー,当たる,10,0.02403846153846154
移動,転倒,10,0.023980815347721823
友達,転倒,10,0.023923444976076555
ボール,部員,10,0.023752969121140142
当たる,形式,10,0.023696682464454975
ボール,立つ,10,0.023529411764705882
横,転倒,10,0.023474178403755867
乗る,転倒,10,0.0234192037470726
当たる,立つ,10,0.023094688221709007
当たる,頭部,10,0.022321428571428572
ホッケー,歯,10,0.022222222222222223
当たる,欠損,10,0.02197802197802198
拾う,歯,10,0.02188183807439825
押す,歯,10,0.021739130434782608
内,歯,10,0.021645021645021644
硬式,練習,10,0.021551724137931036
歯,準備,10,0.021505376344086023
パス,練習,10,0.021505376344086023
ネット,歯,10,0.02145922746781116
シュート,歯,10,0.021413276231263382
入る,歯,10,0.021413276231263382
キャッチ,練習,10,0.021367521367521368
歯,歯牙,10,0.021367521367521368
上唇,練習,10,0.021321961620469083
練習,送球,10,0.021321961620469083
レシーブ,練習,10,0.021321961620469083
歯,転ぶ,10,0.02127659574468085
下り坂,歯,10,0.02127659574468085
勢い,歯,10,0.021141649048625793
後ろ,歯,10,0.021141649048625793
的,練習,10,0.02109704641350211
参加,練習,10,0.02109704641350211
倒れる,転倒,10,0.021052631578947368
外,練習,10,0.021052631578947368
歯,追いかける,10,0.021052631578947368
つまずく,歯,10,0.02092050209205021
上顎,練習,10,0.020876826722338204
練習,見る,10,0.020833333333333332
バッティング,歯,10,0.02074688796680498
目,練習,10,0.02074688796680498
切る,練習,10,0.02074688796680498
立つ,練習,10,0.020618556701030927
歯牙,練習,10,0.0205761316872428
部,陸上,10,0.02053388090349076
セカンド,部,10,0.020491803278688523
サード,部,10,0.020491803278688523
外野,部,10,0.02044989775051125
勢い,練習,10,0.020366598778004074
振り向く,部,10,0.02032520325203252
強打,打つ,10,0.020242914979757085
靴,顔面,10,0.020242914979757085
下る,顔面,10,0.020202020202020204
強打,野球,10,0.02012072434607646
口腔,顔面,10,0.02012072434607646
急,顔面,10,0.02004008016032064
上がる,顔面,10,0.02
先,顔面,10,0.02
スピード,顔面,10,0.02
ピッチャー,顔面,10,0.0199203187250996
負う,顔面,10,0.019880715705765408
移動,部,10,0.01984126984126984
大会,顔面,10,0.019801980198019802
内,顔面,10,0.01972386587771203
友達,顔面,10,0.019646365422396856
打ちつける,練習,10,0.0196078431372549
シュート,顔面,10,0.01953125
部分,顔面,10,0.01949317738791423
転ぶ,顔面,10,0.019417475728155338
後方,部,10,0.019417475728155338
向かう,部,10,0.019342359767891684
体,部,10,0.019305019305019305
乗る,顔面,10,0.019305019305019305
顔,顔面,10,0.015105740181268883
強打,当たる,10,0.014245014245014245
かけっこ,前歯,10,0.013812154696132596
前歯,逃げる,10,0.013812154696132596
前歯,転がる,10,0.013793103448275862
前歯,支える,10,0.013774104683195593
ジャンプ,前歯,10,0.013755158184319119
上唇,前歯,10,0.013736263736263736
前歯,指導,10,0.013717421124828532
そう,前歯,10,0.0136986301369863
前歯,着地,10,0.0136986301369863
前歯,校庭,10,0.0136986301369863
前歯,間,10,0.0136986301369863
前歯,机,10,0.013679890560875513
前歯,外れる,10,0.013679890560875513
きれる,前歯,10,0.01366120218579235
前歯,鼻,10,0.01366120218579235
前歯,形式,10,0.013642564802182811
前歯,肩,10,0.013642564802182811
前歯,参加,10,0.013642564802182811
いく,前歯,10,0.013623978201634877
他校,前歯,10,0.013568521031207599
前歯,打撲,10,0.013513513513513514
ブレーキ,前歯,10,0.013513513513513514
前歯,離れる,10,0.013513513513513514
付近,前歯,10,0.01335113484646195
ジャンプ,着地,9,0.34615384615384615
バレーボール,レシーブ,9,0.23076923076923078
ティー,バッティング,9,0.17647058823529413
バッティング,ピッチャー,9,0.14516129032258066
ブレーキ,前輪,9,0.14516129032258066
ピッチャー,投げる,9,0.13043478260869565
救急,欠損,9,0.125
ネット,球,9,0.11842105263157894
ゴール,サッカー,9,0.1111111111111111
られる,投げる,9,0.10112359550561797
チーム,肘,9,0.1
イレギュラーバウンド,捕る,9,0.0989010989010989
脱臼,骨,9,0.0989010989010989
倒れる,意識,9,0.09183673469387756
衝突,頭部,9,0.08571428571428572
歩道,登校,9,0.08571428571428572
廊下,歩く,9,0.08256880733944955
教室,階,9,0.08181818181818182
られる,廊下,9,0.08181818181818182
チーム,頭,9,0.07894736842105263
バッティング,飛ぶ,9,0.0782608695652174
バット,金属,9,0.0782608695652174
キャッチャー,直撃,9,0.07692307692307693
バッターボックス,バット,9,0.07563025210084033
つく,守備,9,0.07563025210084033
下校,路面,9,0.0743801652892562
手,離す,9,0.07086614173228346
ハンドル,下校,9,0.06923076923076923
教室,終了,9,0.06766917293233082
下校,部分,9,0.06766917293233082
滑る,転ぶ,9,0.06474820143884892
バランス,転落,9,0.06428571428571428
下校,前のめり,9,0.06428571428571428
取る,選手,9,0.06382978723404255
打ち付ける,滑る,9,0.06382978723404255
取る,頭,9,0.06293706293706294
ぶつける,友達,9,0.06164383561643835
滑る,階段,9,0.06164383561643835
乗る,崩す,9,0.06
ぶつかる,ゲーム,9,0.059602649006622516
倒れる,頭,9,0.05921052631578947
前方,道路,9,0.058823529411764705
後方,手,9,0.05844155844155844
バランス,乗る,9,0.05844155844155844
搬送,運動,9,0.05806451612903226
体育館,衝突,9,0.05732484076433121
救急,運動,9,0.05732484076433121
滑る,落ちる,9,0.056962025316455694
強い,打ち付ける,9,0.05625
口元,脱臼,9,0.05454545454545454
バッター,手,9,0.05421686746987952
崩す,落ちる,9,0.05421686746987952
足,転ぶ,9,0.05325443786982249
体育館,取る,9,0.05325443786982249
休憩,崩す,9,0.05263157894736842
追いかける,運動,9,0.05232558139534884
ふざける,足,9,0.05142857142857143
られる,足,9,0.05113636363636364
足,階段,9,0.05113636363636364
つまずく,足,9,0.05084745762711865
ぶつかる,サッカー,9,0.05056179775280899
しまう,欠ける,9,0.05
しまう,切る,9,0.05
廊下,走る,9,0.04945054945054945
れる,投げ出す,9,0.04945054945054945
特定,破る,9,0.04918032786885246
折,特定,9,0.04891304347826087
下校,人,9,0.04864864864864865
友人,顎,9,0.047872340425531915
体育,見る,9,0.047872340425531915
落ちる,足,9,0.047872340425531915
くる,頭部,9,0.047872340425531915
場,後方,9,0.047872340425531915
くる,出る,9,0.047619047619047616
ぶつかる,遊ぶ,9,0.04712041884816754
折,搬送,9,0.04712041884816754
しまう,前輪,9,0.046875
滑る,脱臼,9,0.046875
ぶつける,抜ける,9,0.046632124352331605
しまう,体,9,0.046632124352331605
ドッジボール,床,9,0.046632124352331605
折,救急,9,0.046632124352331605
おる,れる,9,0.04639175257731959
バッター,折れる,9,0.046153846153846156
れる,タイヤ,9,0.04591836734693878
捕る,運動,9,0.04591836734693878
前方,崩す,9,0.045454545454545456
搬送,顔,9,0.045454545454545456
体育,折る,9,0.04522613065326633
れる,見る,9,0.04522613065326633
しまう,膝,9,0.04522613065326633
救急,顔,9,0.045
場,投げる,9,0.04433497536945813
れる,来る,9,0.04411764705882353
治療,顔,9,0.043478260869565216
チーム,体育,9,0.0430622009569378
足,顎,9,0.0430622009569378
セカンド,野球,9,0.0430622009569378
しまう,行く,9,0.0430622009569378
抜ける,足,9,0.04285714285714286
くる,選手,9,0.04245283018867924
体育館,友人,9,0.04245283018867924
しまう,振る,9,0.04225352112676056
破る,終了,9,0.04225352112676056
くる,頭,9,0.04205607476635514
れる,体,9,0.04205607476635514
折,終了,9,0.04205607476635514
折れる,選手,9,0.04186046511627907
自転車,輪,9,0.041666666666666664
床,転ぶ,9,0.041666666666666664
地面,時間,9,0.041666666666666664
操作,自転車,9,0.041474654377880185
ぶつける,地面,9,0.041474654377880185
自転車,飛ばす,9,0.041474654377880185
バレーボール,補綴,9,0.041474654377880185
かける,床,9,0.04128440366972477
くる,取る,9,0.04128440366972477
れる,終了,9,0.04128440366972477
スリップ,自転車,9,0.04128440366972477
床,後ろ,9,0.0410958904109589
帰宅,自転車,9,0.0410958904109589
バレーボール,加える,9,0.0410958904109589
バレーボール,歯科,9,0.0410958904109589
前方,足,9,0.04090909090909091
バウンド,野球,9,0.04090909090909091
縁石,自転車,9,0.04090909090909091
投げる,破る,9,0.04072398190045249
前のめり,床,9,0.04072398190045249
取る,折れる,9,0.04072398190045249
本,脱落,9,0.04054054054054054
下校,手,9,0.04054054054054054
投げる,折,9,0.04054054054054054
脱臼,足,9,0.04054054054054054
体,床,9,0.04035874439461883
崩す,滑る,9,0.04035874439461883
傘,自転車,9,0.04035874439461883
終える,自転車,9,0.04035874439461883
つまずく,床,9,0.04017857142857143
かかる,自転車,9,0.04
しまう,飛ぶ,9,0.03982300884955752
バランス,滑る,9,0.039647577092511016
急,自転車,9,0.039647577092511016
サッカー,破る,9,0.039473684210526314
サッカー,折,9,0.039301310043668124
打つ,転ぶ,9,0.039301310043668124
時間,走る,9,0.0391304347826087
下校,強い,9,0.0391304347826087
捕る,破る,9,0.03896103896103896
体育館,運動,9,0.03896103896103896
ノック,運動,9,0.03896103896103896
崩す,手,9,0.038461538461538464
打つ,歩く,9,0.03829787234042553
くる,教室,9,0.03829787234042553
切る,本,9,0.038135593220338986
自転車,避ける,9,0.038135593220338986
ぶつける,手,9,0.03765690376569038
イレギュラー,打つ,9,0.03765690376569038
しまう,登校,9,0.0375
来る,自転車,9,0.0375
ぶつかる,ぶつける,9,0.03734439834024896
破る,遊ぶ,9,0.03734439834024896
破る,道路,9,0.03734439834024896
出る,打つ,9,0.0371900826446281
接触,顔,9,0.0371900826446281
折,遊ぶ,9,0.0371900826446281
折,道路,9,0.0371900826446281
友人,強い,9,0.037037037037037035
れる,選手,9,0.037037037037037035
走る,運動,9,0.036585365853658534
体育,前方,9,0.03643724696356275
せる,本,9,0.03643724696356275
打つ,投げる,9,0.036290322580645164
ノック,場,9,0.036290322580645164
向かう,自転車,9,0.03614457831325301
体,本,9,0.03614457831325301
顔,飛ぶ,9,0.036
つまずく,本,9,0.036
口唇,相手,9,0.035856573705179286
下校,折れる,9,0.035856573705179286
捕る,補綴,9,0.035856573705179286
倒れる,破る,9,0.03557312252964427
加える,捕る,9,0.03557312252964427
捕る,歯科,9,0.03557312252964427
倒れる,折,9,0.03543307086614173
つく,本,9,0.03529411764705882
素振り,試合,9,0.03529411764705882
出る,自転車,9,0.03515625
登校,破る,9,0.03515625
床,顎,9,0.03515625
床,抜ける,9,0.03501945525291829
しまう,下校,9,0.03488372093023256
場,滑る,9,0.03461538461538462
体育,地面,9,0.034482758620689655
立つ,試合,9,0.034482758620689655
入る,試合,9,0.034482758620689655
補綴,道路,9,0.034482758620689655
強い,運動,9,0.03435114503816794
廊下,補綴,9,0.03435114503816794
補綴,顎,9,0.03435114503816794
唇,自転車,9,0.034220532319391636
加える,道路,9,0.034220532319391636
歯科,道路,9,0.034220532319391636
友人,折れる,9,0.03409090909090909
加える,顎,9,0.03409090909090909
歯科,顎,9,0.03409090909090909
くる,ぶつける,9,0.033962264150943396
直撃,破る,9,0.033962264150943396
手,折れる,9,0.03383458646616541
折,直撃,9,0.03383458646616541
廊下,打つ,9,0.03345724907063197
振る,本,9,0.03345724907063197
れる,ノック,9,0.033210332103321034
場,時間,9,0.03308823529411765
足,運動,9,0.03296703296703297
倒れる,補綴,9,0.03296703296703297
倒れる,歯科,9,0.03272727272727273
膝,試合,9,0.032490974729241874
バスケットボール,本,9,0.032490974729241874
相手,顎,9,0.03237410071942446
滑る,破る,9,0.03237410071942446
場,強い,9,0.03225806451612903
体育,崩す,9,0.03214285714285714
廊下,本,9,0.031914893617021274
折れる,運動,9,0.03180212014134275
唇,試合,9,0.03169014084507042
打つ,教室,9,0.03125
倒れる,相手,9,0.031141868512110725
ぶつける,折,9,0.030821917808219176
ノック,打つ,9,0.030716723549488054
強打,縁石,9,0.029411764705882353
破る,足,9,0.02922077922077922
強打,校舎,9,0.028846153846153848
強打,準備,9,0.027777777777777776
時間,相手,9,0.027607361963190184
強い,野球,9,0.027522935779816515
勢い,強打,9,0.02710843373493976
向かう,強打,9,0.026865671641791045
口唇,強打,9,0.02631578947368421
自転車,足,9,0.025787965616045846
サッカー,強打,9,0.02535211267605634
口,守る,9,0.024390243902439025
取る,強打,9,0.02425876010781671
バウンド,口,9,0.02406417112299465
口,鬼ごっこ,9,0.024
他校,口,9,0.023936170212765957
口元,強打,9,0.023809523809523808
口,見る,9,0.023809523809523808
切る,口,9,0.02368421052631579
バレーボール,口,9,0.023622047244094488
口腔,負傷,9,0.02356020942408377
口,立つ,9,0.02349869451697128
気付く,負傷,9,0.023195876288659795
歩道,負傷,9,0.023195876288659795
口,後ろ,9,0.02313624678663239
素振り,負傷,9,0.023017902813299233
キャッチャー,負傷,9,0.023017902813299233
られる,口,9,0.022900763358778626
つまずく,口,9,0.02284263959390863
ネット,負傷,9,0.022727272727272728
入る,負傷,9,0.022670025188916875
シュート,負傷,9,0.022670025188916875
負傷,部分,9,0.022613065326633167
車道,転倒,9,0.022613065326633167
引っかかる,転倒,9,0.0225
ペダル,転倒,9,0.022443890274314215
帰宅,転倒,9,0.022443890274314215
かけっこ,転倒,9,0.022388059701492536
車輪,転倒,9,0.022388059701492536
前のめり,負傷,9,0.022222222222222223
口,落ちる,9,0.022222222222222223
口,欠損,9,0.022222222222222223
ふざける,負傷,9,0.022167487684729065
セカンド,ボール,9,0.022167487684729065
負傷,途中,9,0.022167487684729065
昼休み,転倒,9,0.022167487684729065
ショート,ボール,9,0.022113022113022112
校舎,転倒,9,0.022058823529411766
ボール,向く,9,0.022058823529411766
バント,ボール,9,0.022058823529411766
意識,転倒,9,0.022004889975550123
上がる,転倒,9,0.02195121951219512
イレギュラー,負傷,9,0.02195121951219512
ゴールキーパー,ボール,9,0.021844660194174758
膝,負傷,9,0.021791767554479417
室,転倒,9,0.021791767554479417
両手,転倒,9,0.021791767554479417
終わる,転倒,9,0.021791767554479417
搬送,転倒,9,0.021791767554479417
転倒,鬼ごっこ,9,0.021739130434782608
セカンド,当たる,9,0.021739130434782608
ボール,形式,9,0.021686746987951807
損傷,転倒,9,0.021634615384615384
当たる,損ねる,9,0.021479713603818614
目,転倒,9,0.021479713603818614
切る,転倒,9,0.021479713603818614
ボール,他校,9,0.021479713603818614
ボール,大会,9,0.021479713603818614
守る,当たる,9,0.02142857142857143
ボール,見る,9,0.021377672209026127
打ちつける,負傷,9,0.02132701421800948
歯牙,転倒,9,0.02127659574468085
休憩,負傷,9,0.02122641509433962
当たる,負う,9,0.021176470588235293
口,顎,9,0.02112676056338028
フライ,当たる,9,0.02107728337236534
側,当たる,9,0.02107728337236534
ボール,歯牙,9,0.02107728337236534
他校,当たる,9,0.02107728337236534
体,転倒,9,0.020833333333333332
倒れる,口,9,0.020594965675057208
当たる,横,9,0.02050113895216401
当たる,後ろ,9,0.020454545454545454
歯,角,9,0.0200445434298441
サッカー,転倒,9,0.019955654101995565
外れる,歯,9,0.01978021978021978
歯,肩,9,0.019693654266958426
外,歯,9,0.019650655021834062
下校,口,9,0.019650655021834062
バウンド,歯,9,0.0196078431372549
歯,負う,9,0.0196078431372549
休憩,当たる,9,0.019522776572668113
大会,歯,9,0.019522776572668113
フライ,歯,9,0.019522776572668113
歯,段差,9,0.019313304721030045
サード,練習,9,0.019313304721030045
直接,練習,9,0.019230769230769232
ゲーム,歯,9,0.019148936170212766
イレギュラーバウンド,歯,9,0.019148936170212766
スティック,練習,9,0.019027484143763214
朝,練習,9,0.019027484143763214
別,練習,9,0.019027484143763214
せる,歯,9,0.018907563025210083
前輪,歯,9,0.018867924528301886
歩く,歯,9,0.018867924528301886
体,歯,9,0.01882845188284519
ボール,倒れる,9,0.01875
ゲーム,練習,9,0.018442622950819672
パス,部,9,0.018404907975460124
上げる,部,9,0.018367346938775512
終える,部,9,0.018292682926829267
瞬間,部,9,0.018255578093306288
縁石,顔面,9,0.018255578093306288
上下,部,9,0.018255578093306288
ひっかかる,顔面,9,0.018218623481781375
方向,部,9,0.018218623481781375
損ねる,部,9,0.018218623481781375
受診,部,9,0.018218623481781375
スティック,部,9,0.018145161290322582
止まる,顔面,9,0.018145161290322582
られる,練習,9,0.018145161290322582
一緒,顔面,9,0.018108651911468814
昼休み,顔面,9,0.018108651911468814
かかる,顔面,9,0.018072289156626505
坂道,顔面,9,0.018072289156626505
出す,顔面,9,0.018036072144288578
部,ｍ,9,0.018
雨,顔面,9,0.018
意識,顔面,9,0.018
別,顔面,9,0.018
きれる,顔面,9,0.017964071856287425
歩道,顔面,9,0.017857142857142856
ゴール,部,9,0.017857142857142856
顔面,ｍ,9,0.017857142857142856
気付く,顔面,9,0.017857142857142856
追う,顔面,9,0.017857142857142856
階,顔面,9,0.017857142857142856
ボール,滑る,9,0.01782178217821782
部,離れる,9,0.01782178217821782
蹴る,部,9,0.01782178217821782
目,部,9,0.017786561264822136
素振り,顔面,9,0.01775147928994083
準備,部,9,0.01775147928994083
蹴る,顔面,9,0.01768172888015717
入る,部,9,0.01768172888015717
ネット,顔面,9,0.017578125
かける,部,9,0.017509727626459144
勢い,部,9,0.017475728155339806
ボール,時間,9,0.017408123791102514
後方,顔面,9,0.01730769230769231
前方,練習,9,0.016666666666666666
キャッチボール,前歯,9,0.012430939226519336
前歯,通る,9,0.012413793103448275
トイレ,前歯,9,0.012413793103448275
マット,前歯,9,0.012379642365887207
プール,前歯,9,0.012379642365887207
前歯,裂傷,9,0.012379642365887207
前歯,男子,9,0.012362637362637362
一緒,前歯,9,0.012345679012345678
前歯,骨折,9,0.012328767123287671
前歯,打者,9,0.012328767123287671
前歯,朝,9,0.012295081967213115
前歯,支柱,9,0.012295081967213115
前歯,急,9,0.012295081967213115
先,前歯,9,0.01227830832196453
前歯,戻る,9,0.01226158038147139
前歯,路面,9,0.01226158038147139
おる,前歯,9,0.012244897959183673
前歯,外,9,0.012244897959183673
前歯,隣,9,0.012211668928086838
前歯,走行,9,0.012211668928086838
タイヤ,前歯,9,0.012211668928086838
前歯,誤る,9,0.012195121951219513
ハンドル,前歯,9,0.012113055181695828
前歯,歯牙,9,0.012064343163538873
路,通学,8,0.7272727272727273
歯槽,骨,8,0.7272727272727273
歯槽,骨折,8,0.4444444444444444
降る,雨,8,0.34782608695652173
歩道,車道,8,0.32
ゴール,ポスト,8,0.2857142857142857
トス,バッティング,8,0.1568627450980392
下り坂,走行,8,0.1509433962264151
降りる,階段,8,0.14035087719298245
搬送,欠損,8,0.11267605633802817
つまずく,転ぶ,8,0.1111111111111111
捕る,損ねる,8,0.10666666666666667
向かう,途中,8,0.10526315789473684
バウンド,捕る,8,0.09876543209876543
ふざける,終了,8,0.09876543209876543
サッカー,蹴る,8,0.0963855421686747
セカンド,守備,8,0.09523809523809523
外野,守備,8,0.09411764705882353
ショート,守備,8,0.09411764705882353
ソフトボール,離れる,8,0.0898876404494382
ディフェンス,頭,8,0.0898876404494382
歯槽,脱臼,8,0.0898876404494382
タイヤ,道路,8,0.08695652173913043
脱臼,裂傷,8,0.08333333333333333
守る,打球,8,0.08333333333333333
離れる,飛ぶ,8,0.08247422680412371
段差,道路,8,0.08163265306122448
サッカー,頭部,8,0.0784313725490196
ソフトボール,近く,8,0.07766990291262135
前方,走行,8,0.07692307692307693
脱臼,負う,8,0.0761904761904762
勢い,遊ぶ,8,0.07547169811320754
横,飛ぶ,8,0.07547169811320754
タイヤ,登校,8,0.07476635514018691
チーム,接触,8,0.07339449541284404
体,遊ぶ,8,0.07272727272727272
体,顎,8,0.07207207207207207
治療,脱臼,8,0.07017543859649122
ソフトボール,投げる,8,0.06956521739130435
体育館,拾う,8,0.06956521739130435
友達,教室,8,0.06837606837606838
出る,廊下,8,0.06837606837606838
倒れる,打ち付ける,8,0.06837606837606838
プール,滑る,8,0.06722689075630252
チーム,取る,8,0.06722689075630252
口唇,守備,8,0.06666666666666667
地面,段差,8,0.06451612903225806
滑る,雨,8,0.06451612903225806
守備,球,8,0.06451612903225806
かけっこ,友人,8,0.06349206349206349
倒れる,終了,8,0.06349206349206349
バット,隣,8,0.06153846153846154
教室,階段,8,0.06153846153846154
一緒,友人,8,0.06153846153846154
体育館,打ち付ける,8,0.06153846153846154
下校,段差,8,0.061068702290076333
衝突,頭,8,0.06060606060606061
前輪,地面,8,0.05925925925925926
倒れる,打ちつける,8,0.058394160583941604
唇,脱臼,8,0.058394160583941604
登校,落ちる,8,0.058394160583941604
イレギュラー,直撃,8,0.058394160583941604
両手,手,8,0.05755395683453238
休憩,脱臼,8,0.05673758865248227
つく,地面,8,0.056338028169014086
ハンドル,崩す,8,0.055944055944055944
廊下,遊ぶ,8,0.055944055944055944
人,衝突,8,0.05555555555555555
ノック,唇,8,0.05405405405405406
向かう,走る,8,0.053691275167785234
接触,登校,8,0.05333333333333334
つく,滑る,8,0.05228758169934641
人,顎,8,0.05194805194805195
倒れる,顎,8,0.05161290322580645
人,取る,8,0.05128205128205128
体,時間,8,0.050314465408805034
持つ,走る,8,0.050314465408805034
バランス,体,8,0.050314465408805034
友人,終了,8,0.05
バット,唇,8,0.049689440993788817
ぶつかる,頭部,8,0.048484848484848485
向かう,強い,8,0.048484848484848485
つく,バランス,8,0.048484848484848485
歯牙,運動,8,0.04819277108433735
くる,側,8,0.04790419161676647
直撃,飛ぶ,8,0.04790419161676647
抜ける,直撃,8,0.047619047619047616
くる,見る,8,0.047337278106508875
体育館,抜ける,8,0.047337278106508875
手,落ちる,8,0.047058823529411764
上顎,折れる,8,0.04678362573099415
登校,脱臼,8,0.04678362573099415
後方,運動,8,0.046511627906976744
しまう,参加,8,0.046242774566473986
場,搬送,8,0.046242774566473986
打ちつける,時間,8,0.04597701149425287
休憩,手,8,0.045714285714285714
前のめり,足,8,0.045714285714285714
近く,運動,8,0.045714285714285714
時間,行く,8,0.045714285714285714
場,救急,8,0.045714285714285714
バランス,休憩,8,0.045454545454545456
場,素振り,8,0.045454545454545456
ノック,口元,8,0.04519774011299435
人,体育館,8,0.0449438202247191
くる,後ろ,8,0.044444444444444446
しまう,ブレーキ,8,0.044444444444444446
抜ける,滑る,8,0.04419889502762431
れる,気,8,0.04371584699453552
バッター,運動,8,0.043478260869565216
球,運動,8,0.043243243243243246
れる,思う,8,0.043010752688172046
ふざける,折れる,8,0.043010752688172046
くる,バッティング,8,0.042328042328042326
しまう,乗る,8,0.042105263157894736
廊下,手,8,0.041884816753926704
体育,準備,8,0.041666666666666664
ぶつける,道路,8,0.041666666666666664
ぶつかる,廊下,8,0.04145077720207254
出る,折れる,8,0.04145077720207254
くる,持つ,8,0.04145077720207254
バランス,取る,8,0.041237113402061855
れる,階,8,0.04081632653061224
人,崩す,8,0.04040404040404041
バレーボール,折,8,0.04020100502512563
前方,友人,8,0.04
唇,折れる,8,0.04
口元,手,8,0.04
しまう,つく,8,0.04
バッター,場,8,0.03980099502487562
バランス,人,8,0.039603960396039604
イレギュラーバウンド,破る,8,0.039603960396039604
しまう,持つ,8,0.03940886699507389
イレギュラーバウンド,折,8,0.03940886699507389
ぶつける,倒れる,8,0.0392156862745098
体育,近く,8,0.0392156862745098
昼食,補綴,8,0.038461538461538464
人,強い,8,0.03827751196172249
くる,接触,8,0.03827751196172249
折れる,捕る,8,0.03827751196172249
手,教室,8,0.0380952380952381
前方,強い,8,0.0380952380952381
加える,昼食,8,0.0380952380952381
昼食,歯科,8,0.0380952380952381
友達,床,8,0.037914691943127965
れる,後ろ,8,0.037914691943127965
打撃,野球,8,0.03755868544600939
ふざける,れる,8,0.037383177570093455
バッティング,破る,8,0.037209302325581395
体育,投げる,8,0.037037037037037035
バランス,体育館,8,0.037037037037037035
バッティング,折,8,0.037037037037037035
体育,欠損,8,0.037037037037037035
ぶつかる,体育館,8,0.03686635944700461
られる,顔,8,0.03669724770642202
体,顔,8,0.03669724770642202
柔道,相手,8,0.03669724770642202
ガードレール,自転車,8,0.03669724770642202
乗り上げる,自転車,8,0.0365296803652968
滑る,走る,8,0.0365296803652968
投げ出す,自転車,8,0.0365296803652968
勢い,床,8,0.03636363636363636
くる,守備,8,0.03636363636363636
外,野球,8,0.03636363636363636
床,状態,8,0.036036036036036036
バッティング,顔,8,0.03587443946188341
ふざける,床,8,0.03587443946188341
濡れる,自転車,8,0.03587443946188341
地面,強い,8,0.03571428571428571
チーム,顔,8,0.03571428571428571
つく,顔,8,0.03571428571428571
床,階段,8,0.03571428571428571
ぶつかる,下校,8,0.035555555555555556
曲がる,自転車,8,0.035555555555555556
形式,相手,8,0.035555555555555556
くる,打球,8,0.035398230088495575
いく,相手,8,0.035398230088495575
しまう,遊ぶ,8,0.035398230088495575
出す,自転車,8,0.03524229074889868
しまう,廊下,8,0.03524229074889868
打つ,来る,8,0.03524229074889868
そう,自転車,8,0.03524229074889868
他校,相手,8,0.034934497816593885
ネット,野球,8,0.034934497816593885
口元,折れる,8,0.034934497816593885
手,走る,8,0.034782608695652174
ゴール,相手,8,0.03463203463203463
れる,行く,8,0.03463203463203463
本,負う,8,0.03463203463203463
打ちつける,顔,8,0.034334763948497854
欠ける,相手,8,0.034334763948497854
折,捕る,8,0.034334763948497854
上顎,本,8,0.03418803418803419
横,野球,8,0.03404255319148936
前のめり,打つ,8,0.03404255319148936
せる,打つ,8,0.03404255319148936
入る,相手,8,0.03389830508474576
本,蹴る,8,0.03389830508474576
チーム,補綴,8,0.03389830508474576
体,打つ,8,0.03375527426160337
友達,本,8,0.03375527426160337
チーム,加える,8,0.03361344537815126
チーム,歯科,8,0.03361344537815126
バランス,手,8,0.03347280334728033
れる,接触,8,0.03333333333333333
本,部分,8,0.03319502074688797
入る,自転車,8,0.03319502074688797
破る,頭,8,0.03319502074688797
自転車,部分,8,0.03305785123966942
折,頭,8,0.03305785123966942
れる,バスケットボール,8,0.03292181069958848
地面,折れる,8,0.0326530612244898
勢い,本,8,0.032520325203252036
出血,野球,8,0.032520325203252036
選手,顔,8,0.032388663967611336
打つ,球,8,0.032388663967611336
れる,顎,8,0.03225806451612903
床,接触,8,0.0321285140562249
スティック,試合,8,0.0321285140562249
本,歩く,8,0.0321285140562249
バスケットボール,床,8,0.031746031746031744
出血,相手,8,0.031746031746031744
しまう,地面,8,0.031746031746031744
本,終了,8,0.031496062992125984
キャッチャー,試合,8,0.03125
折れる,滑る,8,0.03125
口唇,本,8,0.03125
取る,床,8,0.03088803088803089
くる,崩す,8,0.03065134099616858
補綴,頭,8,0.03065134099616858
くる,友人,8,0.030534351145038167
欠損,自転車,8,0.030418250950570342
加える,頭,8,0.030418250950570342
歯科,頭,8,0.030418250950570342
補綴,飛ぶ,8,0.030418250950570342
崩す,折れる,8,0.030303030303030304
くる,手,8,0.030303030303030304
イレギュラーバウンド,試合,8,0.030303030303030304
くる,バランス,8,0.03018867924528302
加える,飛ぶ,8,0.03018867924528302
歯科,飛ぶ,8,0.03018867924528302
打ちつける,自転車,8,0.03007518796992481
加える,抜ける,8,0.03007518796992481
抜ける,歯科,8,0.03007518796992481
休憩,本,8,0.0299625468164794
バランス,折れる,8,0.029850746268656716
折れる,時間,8,0.029850746268656716
後方,試合,8,0.02973977695167286
れる,直撃,8,0.02952029520295203
接触,本,8,0.02909090909090909
イレギュラー,試合,8,0.02909090909090909
口元,打つ,8,0.02867383512544803
人,打つ,8,0.02857142857142857
取る,自転車,8,0.027972027972027972
バット,顔,8,0.027777777777777776
人,自転車,8,0.027210884353741496
れる,時間,8,0.02702702702702703
強打,車輪,8,0.026058631921824105
ドッジボール,強打,8,0.026058631921824105
しまう,場,8,0.025974025974025976
折,足,8,0.025806451612903226
強打,昼休み,8,0.02572347266881029
引っ掛かる,強打,8,0.02564102564102564
室,強打,8,0.025157232704402517
タイヤ,強打,8,0.025078369905956112
ぶつかる,打つ,8,0.025078369905956112
手,野球,8,0.025
内,強打,8,0.024844720496894408
強打,移動,8,0.02476780185758514
強打,避ける,8,0.02476780185758514
時間,自転車,8,0.024096385542168676
強打,持つ,8,0.023121387283236993
口,塁,8,0.02203856749311295
ホッケー,口,8,0.021798365122615803
口,振り向く,8,0.021739130434782608
上下,口,8,0.021739130434782608
コート,口,8,0.021739130434782608
口,送球,8,0.021739130434782608
スティック,口,8,0.0215633423180593
守備,強打,8,0.021447721179624665
口,隣,8,0.02127659574468085
口,離れる,8,0.021052631578947368
口,欠ける,8,0.02099737532808399
口,準備,8,0.020942408376963352
腕,負傷,8,0.020942408376963352
シュート,口,8,0.020833333333333332
ディフェンス,負傷,8,0.020618556701030927
ピッチャー,負傷,8,0.020618556701030927
負傷,ｍ,8,0.02056555269922879
口,打ち付ける,8,0.02056555269922879
口,折る,8,0.020512820512820513
側,負傷,8,0.020460358056265986
友達,負傷,8,0.020253164556962026
口,頭部,8,0.020050125313283207
下り坂,負傷,8,0.0199501246882793
ゴロ,ボール,8,0.01990049751243781
ボール,構える,8,0.019851116625310174
乗る,負傷,8,0.019801980198019802
ランニング,転倒,8,0.019753086419753086
状態,負傷,8,0.019704433497536946
ボール,塁,8,0.019704433497536946
傘,転倒,8,0.019704433497536946
ティー,ボール,8,0.019704433497536946
側溝,転倒,8,0.019656019656019656
サード,ボール,8,0.019656019656019656
曲がる,転倒,8,0.019656019656019656
相手,野球,8,0.0196078431372549
ジャンプ,ボール,8,0.01951219512195122
机,転倒,8,0.01951219512195122
おる,転倒,8,0.01937046004842615
キャッチボール,当たる,8,0.01932367149758454
出る,負傷,8,0.01932367149758454
大会,転倒,8,0.019230769230769232
向く,当たる,8,0.019184652278177457
当たる,裂傷,8,0.019184652278177457
いく,ボール,8,0.019184652278177457
ボール,外,8,0.019184652278177457
ディフェンス,ボール,8,0.019184652278177457
車,転倒,8,0.019138755980861243
内,転倒,8,0.019138755980861243
当たる,打撃,8,0.019138755980861243
当たる,送球,8,0.01909307875894988
当たる,打者,8,0.01904761904761905
当たる,骨折,8,0.01904761904761905
ゴールキーパー,当たる,8,0.019002375296912115
準備,転倒,8,0.019002375296912115
先,当たる,8,0.018912529550827423
ボール,来る,8,0.01873536299765808
当たる,祭,8,0.018691588785046728
付近,転倒,8,0.018691588785046728
上顎,当たる,8,0.018648018648018648
当たる,離れる,8,0.018561484918793503
ふざける,転倒,8,0.018518518518518517
当たる,目,8,0.018518518518518517
当たる,欠ける,8,0.018518518518518517
ボール,後ろ,8,0.018475750577367205
られる,転倒,8,0.018475750577367205
転倒,近く,8,0.018475750577367205
ボール,後方,8,0.018433179723502304
当たる,治療,8,0.01839080459770115
ボール,向かう,8,0.01834862385321101
られる,ボール,8,0.018306636155606407
当たる,状態,8,0.01805869074492099
つく,ボール,8,0.01805869074492099
当たる,歩く,8,0.018018018018018018
ボール,持つ,8,0.017937219730941704
ボール,落ちる,8,0.017817371937639197
入れる,歯,8,0.017738359201773836
歯,骨折,8,0.01762114537444934
ゴールキーパー,歯,8,0.017582417582417582
棒,歯,8,0.017582417582417582
衝突,転倒,8,0.017543859649122806
意識,歯,8,0.017543859649122806
昼食,歯,8,0.0175054704595186
先,歯,8,0.0175054704595186
バスケットボール,転倒,8,0.01735357917570499
ボール,接触,8,0.017316017316017316
救急,歯,8,0.017316017316017316
転倒,頭,8,0.017241379310344827
ゴール,歯,8,0.017241379310344827
技,練習,8,0.017204301075268817
打撲,歯,8,0.017204301075268817
ティー,練習,8,0.017167381974248927
バック,練習,8,0.017167381974248927
ハンドル,歯,8,0.017130620985010708
セカンド,練習,8,0.017130620985010708
当たる,衝突,8,0.017094017094017096
ショート,練習,8,0.017094017094017096
上げる,練習,8,0.017094017094017096
向く,練習,8,0.017057569296375266
練習,裂傷,8,0.017057569296375266
ホッケー,練習,8,0.01702127659574468
瞬間,練習,8,0.016985138004246284
打者,練習,8,0.01694915254237288
着地,練習,8,0.016913319238900635
競技,練習,8,0.016877637130801686
打ち付ける,歯,8,0.016877637130801686
当たり,練習,8,0.016842105263157894
口元,転倒,8,0.016842105263157894
後方,歯,8,0.01680672268907563
練習,肩,8,0.01680672268907563
いく,練習,8,0.016771488469601678
歯,途中,8,0.016736401673640166
搬送,練習,8,0.016736401673640166
練習,誤る,8,0.016666666666666666
救急,練習,8,0.016666666666666666
トス,部,8,0.01639344262295082
対,部,8,0.016359918200409
ショート,部,8,0.016293279022403257
歯,落ちる,8,0.016293279022403257
ランニング,部,8,0.016260162601626018
裂傷,部,8,0.016260162601626018
道,顔面,8,0.016227180527383367
後ろ,練習,8,0.016227180527383367
車輪,顔面,8,0.016194331983805668
カーブ,顔面,8,0.01616161616161616
出す,部,8,0.016129032258064516
背中,顔面,8,0.016129032258064516
濡れる,顔面,8,0.016129032258064516
向かう,練習,8,0.016129032258064516
体,練習,8,0.01609657947686117
当たり,部,8,0.01606425702811245
腕,顔面,8,0.01606425702811245
肩,部,8,0.01603206412825651
引っ掛かる,顔面,8,0.01603206412825651
ディフェンス,部,8,0.016
間,顔面,8,0.016
拾う,部,8,0.016
机,顔面,8,0.015968063872255488
激突,部,8,0.015968063872255488
朝,顔面,8,0.015968063872255488
部,隣,8,0.01593625498007968
壁,部,8,0.01593625498007968
顔面,鼻,8,0.01593625498007968
的,顔面,8,0.015904572564612324
地面,当たる,8,0.015904572564612324
参加,顔面,8,0.015904572564612324
キャッチャー,部,8,0.015873015873015872
終わる,顔面,8,0.015841584158415842
隣,顔面,8,0.015810276679841896
持つ,練習,8,0.015810276679841896
落下,部,8,0.015810276679841896
他校,顔面,8,0.015779092702169626
車,顔面,8,0.015717092337917484
切る,顔面,8,0.015655577299412915
グラウンド,顔面,8,0.015625
後ろ,部,8,0.015503875968992248
折る,部,8,0.015503875968992248
状態,部,8,0.015444015444015444
歩く,部,8,0.015414258188824663
持つ,部,8,0.015122873345935728
チーム,顔面,8,0.01509433962264151
球,顔面,8,0.0149812734082397
道路,部,8,0.014492753623188406
床,当たる,8,0.01353637901861252
前歯,振り回す,8,0.011065006915629323
すべる,前歯,8,0.011065006915629323
前歯,脇,8,0.011049723756906077
バドミントン,前歯,8,0.011034482758620689
前歯,後頭部,8,0.011034482758620689
ドッジボール,前歯,8,0.011019283746556474
上げる,前歯,8,0.011004126547455296
前歯,思う,8,0.011004126547455296
テニス,前歯,8,0.011004126547455296
ランニング,前歯,8,0.01098901098901099
前歯,柔道,8,0.01098901098901099
前歯,振り返る,8,0.01098901098901099
前歯,止まる,8,0.010973936899862825
前歯,振り向く,8,0.010958904109589041
前歯,曲がる,8,0.010958904109589041
レシーブ,前歯,8,0.010958904109589041
前歯,腕,8,0.010958904109589041
前歯,昼休み,8,0.010958904109589041
前歯,損ねる,8,0.01094391244870041
前歯,方向,8,0.01094391244870041
前歯,競技,8,0.010914051841746248
スティック,前歯,8,0.010914051841746248
前歯,昼食,8,0.010899182561307902
前歯,失う,8,0.010899182561307902
前歯,的,8,0.010884353741496598
前歯,降りる,8,0.010884353741496598
ピッチャー,前歯,8,0.010869565217391304
前歯,拾う,8,0.010869565217391304
前歯,気付く,8,0.010854816824966078
前歯,ｍ,8,0.010854816824966078
ごと,前歯,8,0.01084010840108401
前歯,押す,8,0.010825439783491205
前歯,車,8,0.010796221322537112
前歯,部員,8,0.01078167115902965
悪い,気分,7,0.5833333333333334
カーブ,曲がる,7,0.2916666666666667
バドミントン,ラケット,7,0.25
逃げる,鬼ごっこ,7,0.22580645161290322
裂傷,負う,7,0.21875
ネット,防,7,0.21875
スピード,出す,7,0.21212121212121213
段差,車道,7,0.21212121212121213
押す,背中,7,0.20588235294117646
かかる,ブレーキ,7,0.175
あう,ふざける,7,0.16279069767441862
離れる,ｍ,7,0.15217391304347827
帰宅,途中,7,0.14893617021276595
歩道,段差,7,0.14583333333333334
ゲーム,形式,7,0.14
前輪,絡まる,7,0.14
歯牙,負う,7,0.13725490196078433
かかる,前輪,7,0.1320754716981132
球,防,7,0.1320754716981132
コンクリート,部分,7,0.1320754716981132
ゴール,シュート,7,0.12962962962962962
ゴールキーパー,膝,7,0.11475409836065574
唇,裂傷,7,0.109375
サッカー,ヘディング,7,0.109375
バッティング,隣,7,0.10606060606060606
イレギュラー,切れる,7,0.1
ソフトボール,応援,7,0.09722222222222222
乗る,状態,7,0.0958904109589041
かける,られる,7,0.0945945945945946
バスケットボール,対,7,0.09210526315789473
ソフトボール,打者,7,0.08860759493670886
振る,素振り,7,0.08433734939759036
バッター,後方,7,0.08235294117647059
サッカー,シュート,7,0.07954545454545454
昼食,遊ぶ,7,0.07865168539325842
遊ぶ,鬼ごっこ,7,0.07526881720430108
バウンド,守備,7,0.07291666666666667
友達,遊ぶ,7,0.07142857142857142
フライ,守備,7,0.07142857142857142
切る,顎,7,0.0707070707070707
衝突,追いかける,7,0.07
前方,失う,7,0.06930693069306931
ピッチャー,打球,7,0.06930693069306931
スピード,登校,7,0.0673076923076923
直撃,硬式,7,0.0673076923076923
イレギュラー,捕る,7,0.0673076923076923
下り坂,道路,7,0.0673076923076923
サッカー,肘,7,0.06666666666666667
登校,路面,7,0.06666666666666667
乗る,遊ぶ,7,0.06542056074766354
せる,廊下,7,0.06363636363636363
ふざける,廊下,7,0.06306306306306306
倒れる,立つ,7,0.061946902654867256
バット,打席,7,0.06086956521739131
ピッチャー,直撃,7,0.06086956521739131
内,教室,7,0.0603448275862069
バット,応援,7,0.05982905982905983
下る,下校,7,0.05982905982905983
一緒,下校,7,0.059322033898305086
口元,後方,7,0.059322033898305086
つく,廊下,7,0.059322033898305086
乗る,人,7,0.059322033898305086
バット,待つ,7,0.058823529411764705
カーブ,滑る,7,0.058823529411764705
下校,坂道,7,0.058823529411764705
バッティング,守備,7,0.058333333333333334
打ち付ける,脱臼,7,0.058333333333333334
倒れる,前のめり,7,0.05785123966942149
地面,落下,7,0.056910569105691054
せる,脱臼,7,0.056910569105691054
バット,打者,7,0.056451612903225805
ノック,切れる,7,0.056451612903225805
唇,飛ぶ,7,0.056
下校,転落,7,0.05555555555555555
シュート,体育館,7,0.05555555555555555
清掃,滑る,7,0.0546875
廊下,行く,7,0.0546875
バット,拾う,7,0.05426356589147287
せる,教室,7,0.05426356589147287
下り坂,地面,7,0.05384615384615385
打球,球,7,0.05343511450381679
口元,球,7,0.05343511450381679
うし,友人,7,0.05343511450381679
ろ,友人,7,0.05343511450381679
後方,直撃,7,0.05303030303030303
出血,登校,7,0.05303030303030303
口元,欠損,7,0.05263157894736842
ぶつかる,男子,7,0.05223880597014925
そう,ぶつかる,7,0.051094890510948905
出る,教室,7,0.051094890510948905
友人,追う,7,0.050724637681159424
人,行く,7,0.050724637681159424
時間,清掃,7,0.05
地面,終了,7,0.04964539007092199
崩す,避ける,7,0.04929577464788732
崩す,段差,7,0.04861111111111111
遊ぶ,顎,7,0.04861111111111111
バット,付近,7,0.04861111111111111
友人,準備,7,0.04827586206896552
友達,手,7,0.04794520547945205
抜ける,飛ぶ,7,0.04794520547945205
横,走る,7,0.04794520547945205
バランス,避ける,7,0.04794520547945205
人,接触,7,0.047619047619047616
ハンドル,バランス,7,0.0472972972972973
下校,終了,7,0.0472972972972973
バランス,段差,7,0.0472972972972973
ドッジボール,足,7,0.0472972972972973
唇,直撃,7,0.0472972972972973
ぶつかる,欠ける,7,0.0472972972972973
体育館,打ちつける,7,0.046357615894039736
強い,避ける,7,0.0457516339869281
打球,飛ぶ,7,0.045454545454545456
崩す,状態,7,0.045454545454545456
友人,後方,7,0.045454545454545456
かける,時間,7,0.04516129032258064
サッカー,地面,7,0.04487179487179487
体,崩す,7,0.04487179487179487
出る,走る,7,0.044585987261146494
せる,手,7,0.044585987261146494
倒れる,抜ける,7,0.044585987261146494
ぶつかる,勢い,7,0.044585987261146494
脱臼,飛ぶ,7,0.04430379746835443
手,歩く,7,0.04430379746835443
強い,部分,7,0.04430379746835443
ふざける,手,7,0.04430379746835443
くる,正面,7,0.0440251572327044
くる,方向,7,0.04375
取る,脱臼,7,0.04375
バット,投げる,7,0.043478260869565216
教室,頭,7,0.043209876543209874
出血,崩す,7,0.043209876543209874
口元,打球,7,0.04294478527607362
足,蹴る,7,0.042682926829268296
ネット,運動,7,0.04242424242424243
くる,追う,7,0.04216867469879518
打ちつける,走る,7,0.04216867469879518
ぶつける,出る,7,0.041916167664670656
ぶつかる,出る,7,0.041916167664670656
体育館,頭,7,0.041916167664670656
休憩,走る,7,0.041666666666666664
崩す,欠損,7,0.041666666666666664
持つ,時間,7,0.04142011834319527
地面,道路,7,0.04142011834319527
地面,顎,7,0.041176470588235294
くる,ゴール,7,0.041176470588235294
くる,車,7,0.041176470588235294
手,投げる,7,0.04093567251461988
しまう,雨,7,0.040697674418604654
友人,打ちつける,7,0.040697674418604654
バランス,欠損,7,0.040697674418604654
手,打ちつける,7,0.040229885057471264
折れる,蹴る,7,0.040229885057471264
強い,肘,7,0.040229885057471264
前方,教室,7,0.04
強い,持つ,7,0.03977272727272727
ぶつかる,行く,7,0.03954802259887006
歩く,足,7,0.03954802259887006
体育,次,7,0.03932584269662921
足,近く,7,0.03932584269662921
ぶつかる,休憩,7,0.03932584269662921
しまう,上顎,7,0.03910614525139665
場,離れる,7,0.03910614525139665
体育,打者,7,0.03888888888888889
くる,横,7,0.03888888888888889
滑る,道路,7,0.03888888888888889
れる,ロック,7,0.03867403314917127
体育,校庭,7,0.03867403314917127
折れる,横,7,0.03825136612021858
出る,足,7,0.03804347826086957
れる,引っ張る,7,0.03783783783783784
れる,声,7,0.03783783783783784
しまう,入る,7,0.03783783783783784
サッカー,強い,7,0.03763440860215054
ぶつける,接触,7,0.03763440860215054
れる,殴る,7,0.0374331550802139
体育,側,7,0.03723404255319149
落ちる,運動,7,0.03723404255319149
投げる,運動,7,0.03723404255319149
がけ,床,7,0.03684210526315789
ゴール,体育,7,0.03684210526315789
取る,崩す,7,0.03664921465968586
しまう,勢い,7,0.03664921465968586
体育,離れる,7,0.03664921465968586
人,滑る,7,0.03664921465968586
イレギュラー,折れる,7,0.03664921465968586
くる,膝,7,0.03664921465968586
手,顎,7,0.036458333333333336
しまう,後方,7,0.036458333333333336
れる,出す,7,0.036458333333333336
友人,取る,7,0.036458333333333336
床,雑巾,7,0.03626943005181347
れる,意識,7,0.03626943005181347
しまう,状態,7,0.03626943005181347
場,近く,7,0.03626943005181347
ぶつかる,顎,7,0.03608247422680412
れる,先,7,0.03608247422680412
れる,失う,7,0.03608247422680412
折れる,膝,7,0.03608247422680412
人,走る,7,0.03608247422680412
キャッチャー,破る,7,0.035897435897435895
キャッチャー,折,7,0.03571428571428571
サッカー,足,7,0.03553299492385787
折れる,持つ,7,0.03553299492385787
つかむ,床,7,0.03535353535353535
くる,唇,7,0.03535353535353535
バレーボール,破る,7,0.035175879396984924
強い,道路,7,0.035175879396984924
出血,場,7,0.035175879396984924
倒れる,崩す,7,0.035
人,友人,7,0.035
くる,打ちつける,7,0.035
両手,顔,7,0.035
しまう,出血,7,0.03482587064676617
れる,車,7,0.03482587064676617
破る,立つ,7,0.03482587064676617
崩す,脱臼,7,0.034653465346534656
折,立つ,7,0.034653465346534656
前方,手,7,0.034482758620689655
友人,脱臼,7,0.034482758620689655
内,顔,7,0.03431372549019608
れる,ハンドル,7,0.03431372549019608
バランス,倒れる,7,0.03431372549019608
ぶつける,人,7,0.03431372549019608
蹴る,顔,7,0.03414634146341464
切る,顔,7,0.03398058252427184
バスケットボール,足,7,0.03398058252427184
欠ける,顔,7,0.03398058252427184
ハンドル,顔,7,0.033816425120772944
しまう,落ちる,7,0.033816425120772944
シュート,顔,7,0.03349282296650718
れる,下り坂,7,0.03349282296650718
口元,強い,7,0.03349282296650718
部分,顔,7,0.03333333333333333
くる,ソフトボール,7,0.03333333333333333
内,床,7,0.03333333333333333
床,打撲,7,0.03317535545023697
サード,野球,7,0.03317535545023697
拾う,補綴,7,0.03317535545023697
体育,肘,7,0.0330188679245283
裂傷,野球,7,0.03286384976525822
くる,バスケットボール,7,0.03286384976525822
ヘディング,相手,7,0.03286384976525822
体育館,崩す,7,0.03286384976525822
打つ,打者,7,0.03286384976525822
下校,滑る,7,0.03286384976525822
加える,拾う,7,0.03286384976525822
拾う,歯科,7,0.03286384976525822
れる,状態,7,0.03271028037383177
キャッチャー,補綴,7,0.03255813953488372
損ねる,野球,7,0.032407407407407406
対,相手,7,0.032407407407407406
挟まる,自転車,7,0.032407407407407406
体育館,手,7,0.032407407407407406
前のめり,顔,7,0.03225806451612903
くる,道路,7,0.03225806451612903
口唇,破る,7,0.03225806451612903
体育館,時間,7,0.03225806451612903
交差点,自転車,7,0.03225806451612903
キャッチャー,加える,7,0.03225806451612903
キャッチャー,歯科,7,0.03225806451612903
坂,自転車,7,0.03211009174311927
ラケット,打つ,7,0.03211009174311927
口唇,折,7,0.03211009174311927
自転車,車道,7,0.03211009174311927
ぶつかる,地面,7,0.0319634703196347
段差,補綴,7,0.0319634703196347
しまう,接触,7,0.031818181818181815
溝,自転車,7,0.031818181818181815
ジャンプ,相手,7,0.031818181818181815
折れる,顎,7,0.03167420814479638
バット,走る,7,0.03167420814479638
加える,段差,7,0.03167420814479638
歯科,段差,7,0.03167420814479638
れる,チーム,7,0.03153153153153153
れる,出血,7,0.03153153153153153
れる,出る,7,0.03153153153153153
歯牙,補綴,7,0.03153153153153153
本,裂傷,7,0.03139013452914798
相手,額,7,0.03139013452914798
ノック,強い,7,0.03125
しまう,選手,7,0.03125
打つ,離れる,7,0.03125
打つ,部員,7,0.03125
加える,歯牙,7,0.03125
歯牙,歯科,7,0.03125
下り坂,補綴,7,0.03125
上唇,本,7,0.03111111111111111
切る,打つ,7,0.03111111111111111
相手,肩,7,0.030973451327433628
側溝,自転車,7,0.030973451327433628
打つ,段差,7,0.030973451327433628
場,顎,7,0.030973451327433628
下り坂,加える,7,0.030973451327433628
下り坂,歯科,7,0.030973451327433628
部員,野球,7,0.030837004405286344
引っ掛かる,自転車,7,0.030837004405286344
くる,口元,7,0.030837004405286344
後ろ,補綴,7,0.030837004405286344
朝,本,7,0.03070175438596491
切れる,野球,7,0.03056768558951965
れる,唇,7,0.03056768558951965
床,終了,7,0.03056768558951965
加える,後ろ,7,0.03056768558951965
後ろ,歯科,7,0.03056768558951965
打球,折れる,7,0.030434782608695653
振る,破る,7,0.030303030303030304
両手,本,7,0.03017241379310345
唇,顔,7,0.03017241379310345
本,鬼ごっこ,7,0.030042918454935622
相手,蹴る,7,0.030042918454935622
自転車,転落,7,0.029914529914529916
地面,運動,7,0.029914529914529916
救急,自転車,7,0.029787234042553193
内,本,7,0.029661016949152543
接触,破る,7,0.029661016949152543
打撲,本,7,0.029535864978902954
しまう,口元,7,0.029535864978902954
倒れる,場,7,0.029535864978902954
前輪,打つ,7,0.029535864978902954
向かう,打つ,7,0.029535864978902954
折,接触,7,0.029535864978902954
打つ,近く,7,0.029411764705882353
欠ける,自転車,7,0.029288702928870293
出る,加える,7,0.029288702928870293
出る,歯科,7,0.029288702928870293
破る,選手,7,0.029166666666666667
入る,本,7,0.029045643153526972
折,選手,7,0.029045643153526972
れる,ソフトボール,7,0.029045643153526972
近く,野球,7,0.029045643153526972
セカンド,試合,7,0.02880658436213992
折れる,直撃,7,0.028688524590163935
チーム,打つ,7,0.028688524590163935
折,顎,7,0.02857142857142857
バッターボックス,試合,7,0.02857142857142857
相手,追いかける,7,0.02857142857142857
体,相手,7,0.02834008097165992
横,自転車,7,0.02834008097165992
れる,頭,7,0.02834008097165992
強い,時間,7,0.028225806451612902
本,追いかける,7,0.028112449799196786
守る,試合,7,0.028112449799196786
れる,抜ける,7,0.028
打つ,落ちる,7,0.028
本,途中,7,0.028
られる,本,7,0.027888446215139442
本,近く,7,0.027888446215139442
ピッチャー,試合,7,0.02766798418972332
友人,運動,7,0.027559055118110236
取る,顔,7,0.027559055118110236
持つ,相手,7,0.02734375
フライ,試合,7,0.02734375
接触,補綴,7,0.02734375
自転車,頭部,7,0.027237354085603113
球,相手,7,0.027237354085603113
出血,自転車,7,0.027131782945736434
加える,接触,7,0.027131782945736434
接触,歯科,7,0.027131782945736434
唇,相手,7,0.026923076923076925
切る,試合,7,0.026923076923076925
バレーボール,試合,7,0.02681992337164751
グラウンド,試合,7,0.02681992337164751
投げる,本,7,0.026615969581749048
治療,試合,7,0.026615969581749048
衝突,野球,7,0.026515151515151516
抜ける,補綴,7,0.026415094339622643
打ちつける,本,7,0.02631578947368421
試合,近く,7,0.02564102564102564
野球,顎,7,0.025547445255474453
直撃,顔,7,0.025454545454545455
相手,飛ぶ,7,0.025
折,滑る,7,0.02491103202846975
抜ける,相手,7,0.02491103202846975
本,飛ぶ,7,0.02464788732394366
折,走る,7,0.02464788732394366
れる,滑る,7,0.02456140350877193
ノック,補綴,7,0.024305555555555556
ノック,加える,7,0.02413793103448276
ノック,歯科,7,0.02413793103448276
ぶつける,破る,7,0.023890784982935155
本,登校,7,0.02348993288590604
フェンス,強打,7,0.02287581699346405
本,直撃,7,0.02280130293159609
強打,角,7,0.022653721682847898
強打,靴,7,0.02258064516129032
強打,濡れる,7,0.02258064516129032
傘,強打,7,0.022508038585209004
下る,強打,7,0.022508038585209004
強打,特定,7,0.022435897435897436
強打,朝,7,0.022222222222222223
強打,机,7,0.022222222222222223
強打,急,7,0.022222222222222223
強打,昼食,7,0.022151898734177215
スピード,強打,7,0.022151898734177215
倒れる,試合,7,0.022082018927444796
強打,路面,7,0.022082018927444796
強打,追う,7,0.0219435736677116
強打,気付く,7,0.0219435736677116
強打,負う,7,0.0219435736677116
強打,鬼ごっこ,7,0.021875
壁,強打,7,0.021875
上顎,強打,7,0.021739130434782608
強打,車,7,0.021671826625386997
崩す,相手,7,0.021604938271604937
強打,離れる,7,0.021604938271604937
強打,欠ける,7,0.021538461538461538
強打,目,7,0.021538461538461538
しまう,破る,7,0.021406727828746176
シュート,強打,7,0.021341463414634148
バランス,相手,7,0.021341463414634148
しまう,折,7,0.021341463414634148
強打,転ぶ,7,0.021148036253776436
出る,強打,7,0.020348837209302327
強打,投げる,7,0.02
口,周辺,7,0.019390581717451522
口,外野,7,0.01912568306010929
体育,野球,7,0.01907356948228883
口,男子,7,0.019021739130434784
使う,口,7,0.019021739130434784
口,朝,7,0.01881720430107527
クラス,口,7,0.01881720430107527
口,当たり,7,0.01876675603217158
先,口,7,0.01876675603217158
ピッチャー,口,7,0.018666666666666668
口,外,7,0.018666666666666668
口,拾う,7,0.018666666666666668
フライ,口,7,0.018518518518518517
口,大会,7,0.018518518518518517
プール,負傷,7,0.01837270341207349
入れる,負傷,7,0.01837270341207349
キャッチ,負傷,7,0.01832460732984293
側溝,負傷,7,0.018276762402088774
入る,口,7,0.01818181818181818
校庭,負傷,7,0.01818181818181818
外れる,負傷,7,0.018134715025906734
競技,負傷,7,0.018134715025906734
口,歯牙,7,0.018134715025906734
外,負傷,7,0.017994858611825194
口,横,7,0.017948717948717947
負傷,隣,7,0.017902813299232736
他校,負傷,7,0.017857142857142856
口,状態,7,0.017811704834605598
口,向かう,7,0.017766497461928935
負傷,車,7,0.017766497461928935
負傷,避ける,7,0.017721518987341773
負傷,離れる,7,0.017721518987341773
目,負傷,7,0.017676767676767676
段差,負傷,7,0.017632241813602016
準備,負傷,7,0.017632241813602016
来る,負傷,7,0.017543859649122806
転倒,輪,7,0.0175
下りる,転倒,7,0.0175
坂,転倒,7,0.0175
イレギュラーバウンド,負傷,7,0.017456359102244388
つく,口,7,0.017456359102244388
石,転倒,7,0.017412935323383085
転倒,降る,7,0.017412935323383085
歩行,転倒,7,0.017412935323383085
ボール,取り合い,7,0.017326732673267328
横,負傷,7,0.017326732673267328
ひっかかる,転倒,7,0.01728395061728395
転倒,靴,7,0.017241379310344827
負傷,追いかける,7,0.0171990171990172
終える,転倒,7,0.0171990171990172
腕,転倒,7,0.01715686274509804
バット,強打,7,0.01715686274509804
かかる,転倒,7,0.017114914425427872
指導,転倒,7,0.017114914425427872
口,打ちつける,7,0.01707317073170732
競技,転倒,7,0.0170316301703163
急,転倒,7,0.0170316301703163
ボール,瞬間,7,0.01699029126213592
ボール,上唇,7,0.01699029126213592
ボール,方向,7,0.01694915254237288
参加,転倒,7,0.01694915254237288
清掃,転倒,7,0.016908212560386472
ボール,校庭,7,0.016908212560386472
塁,当たる,7,0.016867469879518072
対,当たる,7,0.016867469879518072
きれる,ボール,7,0.016826923076923076
ごと,転倒,7,0.016826923076923076
祭,転倒,7,0.016786570743405275
テニス,当たる,7,0.016786570743405275
ショート,当たる,7,0.016786570743405275
外野,当たる,7,0.016786570743405275
ボール,負う,7,0.016706443914081145
ボール,激突,7,0.016706443914081145
バレーボール,転倒,7,0.016587677725118485
クラス,当たる,7,0.016548463356973995
ボール,切る,7,0.01647058823529412
参加,当たる,7,0.01647058823529412
当たる,隣,7,0.016355140186915886
ボール,入る,7,0.016355140186915886
捕る,負傷,7,0.016241299303944315
バレーボール,当たる,7,0.016129032258064516
ボール,折る,7,0.016129032258064516
ボール,近く,7,0.01598173515981735
口唇,転倒,7,0.015909090909090907
出血,転倒,7,0.015909090909090907
かける,当たる,7,0.015873015873015872
付近,当たる,7,0.015873015873015872
当たる,折る,7,0.01583710407239819
抜ける,負傷,7,0.01580135440180587
ボール,出る,7,0.015765765765765764
ボール,膝,7,0.015765765765765764
られる,当たる,7,0.01569506726457399
唇,転倒,7,0.015659955257270694
歯,陸上,7,0.015590200445434299
回転,歯,7,0.015521064301552107
コート,歯,7,0.015418502202643172
歯,特定,7,0.015418502202643172
引っ掛かる,歯,7,0.015384615384615385
指導,歯,7,0.015384615384615385
歯,額,7,0.015350877192982455
失う,歯,7,0.015283842794759825
形式,歯,7,0.015250544662309368
ラケット,歯,7,0.015217391304347827
歯,終わる,7,0.015184381778741865
搬送,歯,7,0.015184381778741865
ごと,歯,7,0.015151515151515152
転倒,選手,7,0.01511879049676026
種目,練習,7,0.01511879049676026
他校,歯,7,0.01511879049676026
キャッチャー,歯,7,0.015086206896551725
上顎,歯,7,0.015086206896551725
歯,素振り,7,0.015086206896551725
歯,車,7,0.015053763440860216
歯,見る,7,0.015053763440860216
リレー,練習,7,0.015053763440860216
トス,練習,7,0.015021459227467811
歯,蹴る,7,0.015021459227467811
失敗,練習,7,0.015021459227467811
歯,離れる,7,0.015021459227467811
学年,練習,7,0.015021459227467811
歯,避ける,7,0.015021459227467811
対,練習,7,0.014989293361884369
シート,練習,7,0.014957264957264958
グラウンド,歯,7,0.014957264957264958
練習,転がる,7,0.014925373134328358
マット,練習,7,0.014893617021276596
ボール,遊ぶ,7,0.014893617021276596
歯,立つ,7,0.014893617021276596
練習,跳ね返る,7,0.014861995753715499
上下,練習,7,0.014830508474576272
練習,骨折,7,0.014799154334038054
校庭,練習,7,0.014767932489451477
先,練習,7,0.014705882352941176
おる,練習,7,0.014644351464435146
練習,負う,7,0.014613778705636743
練習,追う,7,0.014613778705636743
激突,練習,7,0.014613778705636743
気付く,練習,7,0.014613778705636743
練習,離れる,7,0.014462809917355372
練習,落下,7,0.014462809917355372
ラグビー,部,7,0.014373716632443531
バック,部,7,0.014285714285714285
シート,部,7,0.014256619144602852
板,顔面,7,0.014256619144602852
転がる,部,7,0.014227642276422764
欠損,歯,7,0.014227642276422764
乗り上げる,顔面,7,0.014198782961460446
投げ出す,顔面,7,0.014198782961460446
痛める,顔面,7,0.014198782961460446
激しい,部,7,0.014198782961460446
バント,部,7,0.014198782961460446
歩行,顔面,7,0.014198782961460446
跳ね返る,部,7,0.01417004048582996
脱落,部,7,0.01417004048582996
帰宅,顔面,7,0.01417004048582996
打撃,部,7,0.01417004048582996
後方,練習,7,0.014141414141414142
指導,部,7,0.014112903225806451
そう,部,7,0.014084507042253521
校舎,部,7,0.014084507042253521
校庭,部,7,0.014084507042253521
傘,顔面,7,0.014056224899598393
終える,顔面,7,0.014056224899598393
使う,顔面,7,0.014056224899598393
部,鼻,7,0.014028056112224449
側溝,顔面,7,0.014028056112224449
抜け落ちる,顔面,7,0.014028056112224449
方向,顔面,7,0.014
いく,部,7,0.013972055888223553
おる,部,7,0.013972055888223553
競技,顔面,7,0.013944223107569721
誤る,部,7,0.013888888888888888
戻る,顔面,7,0.013888888888888888
清掃,顔面,7,0.013861386138613862
損傷,部,7,0.013861386138613862
おる,顔面,7,0.013861386138613862
見る,部,7,0.01383399209486166
顔面,鬼ごっこ,7,0.013806706114398421
欠ける,部,7,0.013779527559055118
フライ,顔面,7,0.013779527559055118
側,顔面,7,0.013779527559055118
切る,部,7,0.013779527559055118
見る,顔面,7,0.013725490196078431
下校,当たる,7,0.0136986301369863
部,部分,7,0.013671875
欠ける,顔面,7,0.013671875
歯,道路,7,0.013671875
バレーボール,顔面,7,0.01364522417153996
切れる,顔面,7,0.01364522417153996
入る,顔面,7,0.013592233009708738
イレギュラーバウンド,顔面,7,0.013539651837524178
廊下,練習,7,0.013182674199623353
滑る,練習,7,0.012345679012345678
時間,練習,7,0.012089810017271158
練習,自転車,7,0.010432190760059613
前歯,片付け,7,0.009695290858725761
前歯,台,7,0.009681881051175657
ガードレール,前歯,7,0.009668508287292817
前歯,形,7,0.009668508287292817
前歯,石,7,0.009655172413793104
前歯,技,7,0.009655172413793104
ドリブル,前歯,7,0.009628610729023384
サード,前歯,7,0.009628610729023384
前歯,角,7,0.009615384615384616
前歯,絡まる,7,0.009602194787379973
前歯,高い,7,0.009602194787379973
前歯,跳ね返る,7,0.009589041095890411
側溝,前歯,7,0.009575923392612859
うし,前歯,7,0.009575923392612859
ろ,前歯,7,0.009575923392612859
コート,前歯,7,0.009575923392612859
かかる,前歯,7,0.009562841530054645
ゴールキーパー,前歯,7,0.009549795361527967
出す,前歯,7,0.009549795361527967
クラス,前歯,7,0.009536784741144414
前歯,大会,7,0.00945945945945946
前歯,素振り,7,0.009446693657219974
前歯,目,7,0.009408602150537635
つま,づく,6,1.0
がけ,雑巾,6,0.46153846153846156
歩行,者,6,0.46153846153846156
サイド,プール,6,0.375
さ,高い,6,0.3333333333333333
側,反対,6,0.2222222222222222
濡れる,雨,6,0.20689655172413793
ネット,バック,6,0.15789473684210525
ゴール,ゴールキーパー,6,0.14634146341463414
転落,階,6,0.13953488372093023
かける,声,6,0.13636363636363635
踊り場,階段,6,0.13636363636363635
気付く,素振り,6,0.13333333333333333
スピード,ハンドル,6,0.13043478260869565
ゴールキーパー,シュート,6,0.13043478260869565
下りる,階段,6,0.13043478260869565
歯牙,骨折,6,0.13043478260869565
前輪,投げ出す,6,0.1276595744680851
外,治療,6,0.12
スピード,下り坂,6,0.11764705882352941
特定,階段,6,0.1111111111111111
バッター,塁,6,0.10344827586206896
戻る,途中,6,0.10344827586206896
乗る,転落,6,0.10344827586206896
激突,追いかける,6,0.1016949152542373
ゴール,横,6,0.1
キャッチャー,後方,6,0.09836065573770492
前輪,走行,6,0.09836065573770492
歯牙,治療,6,0.09836065573770492
転落,階段,6,0.0967741935483871
スティック,チーム,6,0.09523809523809523
切る,折る,6,0.09523809523809523
ブレーキ,状態,6,0.09375
損ねる,球,6,0.09230769230769231
打ち付ける,治療,6,0.09230769230769231
移動,階段,6,0.09090909090909091
体,落下,6,0.09090909090909091
口唇,負う,6,0.08955223880597014
バッター,ピッチャー,6,0.08695652173913043
つまずく,段差,6,0.08695652173913043
両手,持つ,6,0.08571428571428572
ゴール,チーム,6,0.08450704225352113
フライ,球,6,0.0821917808219178
ソフトボール,金属,6,0.0821917808219178
ショート,捕る,6,0.0821917808219178
外野,捕る,6,0.0821917808219178
唇,負う,6,0.08108108108108109
キャッチャー,投げる,6,0.07894736842105263
シュート,肘,6,0.07792207792207792
ソフトボール,バッターボックス,6,0.07792207792207792
向かう,歩く,6,0.07692307692307693
守る,捕る,6,0.07692307692307693
遊ぶ,遊具,6,0.07692307692307693
ドリブル,選手,6,0.0759493670886076
持つ,部分,6,0.075
つまずく,歩く,6,0.075
廊下,雑巾,6,0.07407407407407407
つく,打ち付ける,6,0.07407407407407407
振る,気付く,6,0.07407407407407407
つまずく,階段,6,0.07407407407407407
遊び,遊ぶ,6,0.07317073170731707
つく,乗る,6,0.07317073170731707
歩く,終了,6,0.07228915662650602
つく,後方,6,0.07228915662650602
出血,状態,6,0.07142857142857142
終了,階段,6,0.07142857142857142
遊ぶ,鉄棒,6,0.07058823529411765
振る,見る,6,0.07058823529411765
つく,体,6,0.06976744186046512
側溝,道路,6,0.06976744186046512
られる,出血,6,0.06976744186046512
振る,部員,6,0.06976744186046512
打ち付ける,欠損,6,0.06896551724137931
ディフェンス,選手,6,0.06741573033707865
倒れる,起こす,6,0.06666666666666667
前方,飛ばす,6,0.06593406593406594
他校,選手,6,0.06521739130434782
休憩,打ち付ける,6,0.06521739130434782
両手,遊ぶ,6,0.06451612903225806
転落,道路,6,0.06382978723404255
廊下,階,6,0.06382978723404255
イレギュラー,唇,6,0.0625
車,道路,6,0.061855670103092786
シュート,バスケットボール,6,0.061224489795918366
落下,遊ぶ,6,0.061224489795918366
登校,絡まる,6,0.06060606060606061
人,間,6,0.06060606060606061
内,抜ける,6,0.06060606060606061
ハンドル,道路,6,0.06
前方,着地,6,0.06
捕る,追いかける,6,0.06
ゲーム,バスケットボール,6,0.06
バッター,投げる,6,0.0594059405940594
切れる,飛ぶ,6,0.0594059405940594
切る,抜ける,6,0.0594059405940594
バウンド,打球,6,0.05825242718446602
教室,角,6,0.05825242718446602
学級,教室,6,0.05825242718446602
打ちつける,持つ,6,0.057692307692307696
グラウンド,守備,6,0.057692307692307696
サッカー,膝,6,0.05714285714285714
前方,ｍ,6,0.05714285714285714
サッカー,チーム,6,0.05714285714285714
ごと,倒れる,6,0.05660377358490566
人,祭,6,0.05660377358490566
倒れる,押す,6,0.056074766355140186
ドッジボール,体育館,6,0.056074766355140186
バッターボックス,直撃,6,0.05555555555555555
前方,車,6,0.05504587155963303
振り向く,直撃,6,0.05454545454545454
後方,飛ぶ,6,0.05454545454545454
接触,頭部,6,0.05454545454545454
前のめり,道路,6,0.05454545454545454
地面,濡れる,6,0.05454545454545454
教室,昼食,6,0.05454545454545454
打者,直撃,6,0.05405405405405406
途中,道路,6,0.05405405405405406
前のめり,顎,6,0.05405405405405406
口元,立つ,6,0.05357142857142857
接触,肘,6,0.05357142857142857
前のめり,抜ける,6,0.05357142857142857
抜ける,状態,6,0.05357142857142857
られる,顎,6,0.05309734513274336
つまずく,遊ぶ,6,0.05309734513274336
スピード,地面,6,0.05172413793103448
地面,失う,6,0.05172413793103448
終了,遊ぶ,6,0.05172413793103448
カーブ,下校,6,0.05172413793103448
下り坂,前方,6,0.05128205128205128
人,横,6,0.05084745762711865
膝,顎,6,0.05042016806722689
かける,前方,6,0.05042016806722689
ティー,バット,6,0.05042016806722689
バット,塁,6,0.05042016806722689
人,勢い,6,0.05042016806722689
両手,地面,6,0.05042016806722689
地面,歩道,6,0.05042016806722689
出血,顎,6,0.05042016806722689
倒れる,勢い,6,0.05
直撃,素振り,6,0.05
ノック,フライ,6,0.05
他校,体育館,6,0.05
人,前のめり,6,0.049586776859504134
バット,次,6,0.04878048780487805
スピード,下校,6,0.04878048780487805
前方,歩く,6,0.04878048780487805
曲がる,滑る,6,0.04878048780487805
体,倒れる,6,0.04838709677419355
バスケットボール,行く,6,0.04838709677419355
倒れる,階段,6,0.04838709677419355
下校,降りる,6,0.04838709677419355
グラウンド,ノック,6,0.048
友人,振り回す,6,0.048
捕る,衝突,6,0.048
うし,走る,6,0.047619047619047616
ろ,走る,6,0.047619047619047616
バット,校庭,6,0.047619047619047616
始業,時間,6,0.047619047619047616
タイヤ,下校,6,0.047244094488188976
バット,当たり,6,0.046875
前方,終了,6,0.046875
廊下,打ちつける,6,0.046875
人,頭部,6,0.046875
友人,座る,6,0.046511627906976744
ゲーム,体育館,6,0.046511627906976744
出る,前方,6,0.046153846153846156
倒れる,膝,6,0.046153846153846156
つく,倒れる,6,0.046153846153846156
つく,前方,6,0.046153846153846156
向かう,教室,6,0.04580152671755725
バッター,口元,6,0.04580152671755725
バット,気付く,6,0.04580152671755725
下校,欠ける,6,0.045454545454545456
出血,脱臼,6,0.045454545454545456
肘,脱臼,6,0.045112781954887216
気付く,走る,6,0.045112781954887216
走る,追う,6,0.045112781954887216
バット,側,6,0.045112781954887216
つかむ,手,6,0.045112781954887216
手,鉄棒,6,0.045112781954887216
激突,走る,6,0.045112781954887216
地面,打ち付ける,6,0.045112781954887216
口元,投げる,6,0.04477611940298507
抜ける,振る,6,0.04477611940298507
サッカー,取る,6,0.04477611940298507
壁,走る,6,0.04477611940298507
バット,見る,6,0.044444444444444446
手,間,6,0.04411764705882353
前方,落ちる,6,0.04411764705882353
直撃,近く,6,0.04411764705882353
前のめり,地面,6,0.04411764705882353
崩す,降りる,6,0.04411764705882353
体育館,向かう,6,0.04411764705882353
バット,部員,6,0.04411764705882353
友達,滑る,6,0.04411764705882353
衝突,飛ぶ,6,0.04411764705882353
崩す,歩道,6,0.043478260869565216
ぶつける,棒,6,0.043478260869565216
取る,衝突,6,0.043478260869565216
バランス,失う,6,0.04316546762589928
ぶつける,机,6,0.04316546762589928
バット,立つ,6,0.04285714285714286
下校,付近,6,0.04285714285714286
崩す,押す,6,0.04285714285714286
下校,打ち付ける,6,0.04285714285714286
友人,鬼ごっこ,6,0.04285714285714286
バランス,階,6,0.04225352112676056
バランス,歩道,6,0.04225352112676056
ゲーム,バット,6,0.04225352112676056
直撃,肘,6,0.04195804195804196
サッカー,倒れる,6,0.04195804195804196
時間,転落,6,0.04195804195804196
バランス,壁,6,0.04195804195804196
内,友人,6,0.04195804195804196
廊下,頭,6,0.041666666666666664
ぶつける,壁,6,0.041666666666666664
バランス,押す,6,0.041666666666666664
キャッチャー,手,6,0.041666666666666664
下校,途中,6,0.041666666666666664
下校,階段,6,0.041379310344827586
サッカー,脱臼,6,0.041379310344827586
バット,後ろ,6,0.0410958904109589
後方,滑る,6,0.0410958904109589
時間,移動,6,0.04081632653061224
打ち付ける,走る,6,0.04081632653061224
取る,顎,6,0.04054054054054054
ぶつける,移動,6,0.04054054054054054
後ろ,走る,6,0.04054054054054054
欠損,直撃,6,0.04054054054054054
マット,運動,6,0.040268456375838924
守備,飛ぶ,6,0.040268456375838924
強い,鬼ごっこ,6,0.04
下り坂,崩す,6,0.04
ひっかかる,足,6,0.04
走る,追いかける,6,0.04
下校,出る,6,0.039735099337748346
崩す,横,6,0.039473684210526314
友人,横,6,0.0392156862745098
つまずく,走る,6,0.0392156862745098
バランス,下り坂,6,0.03896103896103896
引っ掛かる,足,6,0.03896103896103896
バット,口唇,6,0.038461538461538464
バランス,横,6,0.038461538461538464
人,飛ぶ,6,0.038461538461538464
手,折る,6,0.038461538461538464
ぶつかる,横,6,0.03821656050955414
友人,近く,6,0.0379746835443038
時間,状態,6,0.03773584905660377
バランス,状態,6,0.03773584905660377
くる,次,6,0.03773584905660377
運動,鬼ごっこ,6,0.03773584905660377
つまずく,友人,6,0.03773584905660377
ぶつける,前のめり,6,0.0375
ぶつかる,追いかける,6,0.0375
手,近く,6,0.0375
られる,手,6,0.0375
コンクリート,運動,6,0.0375
フライ,運動,6,0.0375
ふざける,ぶつかる,6,0.037267080745341616
くる,ゴールキーパー,6,0.037037037037037035
コンクリート,足,6,0.037037037037037035
つまずく,時間,6,0.037037037037037035
ティー,場,6,0.03680981595092025
くる,上がる,6,0.036585365853658534
手,終了,6,0.036585365853658534
休憩,滑る,6,0.03614457831325301
バット,行く,6,0.03614457831325301
つく,時間,6,0.03592814371257485
取る,教室,6,0.03592814371257485
人,前方,6,0.03592814371257485
バランス,出血,6,0.03592814371257485
くる,ｍ,6,0.03592814371257485
つく,ぶつける,6,0.03571428571428571
体,強い,6,0.03571428571428571
下校,接触,6,0.03529411764705882
地面,遊ぶ,6,0.03529411764705882
友人,投げる,6,0.03529411764705882
体育館,顎,6,0.03529411764705882
体育,種目,6,0.03508771929824561
くる,部員,6,0.03488372093023256
しまう,そう,6,0.03488372093023256
くる,避ける,6,0.03488372093023256
体育,応援,6,0.034482758620689655
体育,学年,6,0.034482758620689655
くる,シュート,6,0.03409090909090909
くる,部分,6,0.03389830508474576
しまう,負う,6,0.03389830508474576
コンクリート,場,6,0.03389830508474576
フライ,場,6,0.03389830508474576
マット,体育,6,0.033707865168539325
教室,脱臼,6,0.033707865168539325
しまう,タイヤ,6,0.033707865168539325
体,足,6,0.0335195530726257
場,見る,6,0.0335195530726257
れる,発見,6,0.03333333333333333
しまう,キャッチャー,6,0.03333333333333333
場,落下,6,0.03333333333333333
人,地面,6,0.03314917127071823
れる,設置,6,0.03314917127071823
場,目,6,0.03314917127071823
くる,乗る,6,0.03296703296703297
直撃,脱臼,6,0.03296703296703297
倒れる,地面,6,0.03296703296703297
体育,競技,6,0.03278688524590164
ネット,場,6,0.03278688524590164
くる,後方,6,0.03278688524590164
出る,運動,6,0.03278688524590164
体育館,脱臼,6,0.03278688524590164
走る,道路,6,0.03260869565217391
くる,追いかける,6,0.03260869565217391
走る,顎,6,0.032432432432432434
くる,歩く,6,0.032432432432432434
バット,取る,6,0.032432432432432434
場,歯牙,6,0.032432432432432434
くる,体,6,0.03225806451612903
崩す,選手,6,0.03225806451612903
抜ける,走る,6,0.03225806451612903
体育,拾う,6,0.03225806451612903
体育,終わる,6,0.03208556149732621
打者,破る,6,0.03208556149732621
打者,折,6,0.031914893617021274
下校,倒れる,6,0.031746031746031744
つかむ,れる,6,0.031578947368421054
上顎,体育,6,0.031578947368421054
床,馬,6,0.031578947368421054
強い,衝突,6,0.031413612565445025
殴る,顔,6,0.031413612565445025
れる,腕,6,0.031413612565445025
しまう,横,6,0.031413612565445025
下校,脱臼,6,0.031413612565445025
しまう,後ろ,6,0.03125
前のめり,場,6,0.03125
向かう,場,6,0.031088082901554404
前方,滑る,6,0.031088082901554404
場,歩く,6,0.031088082901554404
バウンド,折,6,0.030927835051546393
バレーボール,体育,6,0.030927835051546393
余る,床,6,0.030927835051546393
休憩,運動,6,0.030927835051546393
破る,鬼ごっこ,6,0.030927835051546393
タイヤ,破る,6,0.030927835051546393
口唇,折れる,6,0.03076923076923077
くる,バッター,6,0.03076923076923077
しまう,途中,6,0.03076923076923077
つまずく,場,6,0.03076923076923077
折,鬼ごっこ,6,0.03076923076923077
ぶつかる,抜ける,6,0.030612244897959183
れる,路面,6,0.030612244897959183
倒れる,走る,6,0.030612244897959183
イレギュラー,場,6,0.030456852791878174
くる,落ちる,6,0.030303030303030304
床,支える,6,0.030303030303030304
れる,激突,6,0.030303030303030304
くる,欠損,6,0.030303030303030304
れる,壁,6,0.03015075376884422
床,腕,6,0.03
うし,床,6,0.03
ろ,床,6,0.03
出る,場,6,0.03
強い,顎,6,0.029850746268656716
床,指導,6,0.029850746268656716
強い,飛ぶ,6,0.029850746268656716
倒れる,友人,6,0.0297029702970297
床,着地,6,0.0297029702970297
れる,ゴール,6,0.0297029702970297
しまう,口唇,6,0.0297029702970297
強い,抜ける,6,0.0297029702970297
れる,移動,6,0.029556650246305417
れる,部員,6,0.029556650246305417
床,昼食,6,0.029411764705882353
れる,切る,6,0.029411764705882353
教室,走る,6,0.029411764705882353
くる,振る,6,0.02912621359223301
ぶつける,前方,6,0.02912621359223301
体育館,滑る,6,0.02912621359223301
ぶつかる,前方,6,0.02912621359223301
入れる,加える,6,0.02912621359223301
入れる,歯科,6,0.02912621359223301
ゴロ,野球,6,0.028985507246376812
れる,入る,6,0.028985507246376812
かける,折,6,0.028846153846153848
サッカー,折れる,6,0.028846153846153848
しまう,投げる,6,0.028846153846153848
ティー,打つ,6,0.028846153846153848
塁,打つ,6,0.028846153846153848
バドミントン,打つ,6,0.028846153846153848
れる,歯牙,6,0.028846153846153848
床,祭,6,0.028708133971291867
破る,追いかける,6,0.02857142857142857
来る,顔,6,0.02857142857142857
折,追いかける,6,0.02843601895734597
ティー,野球,6,0.02843601895734597
歯根,相手,6,0.02830188679245283
られる,破る,6,0.02830188679245283
ゲーム,顔,6,0.02830188679245283
倒れる,強い,6,0.02830188679245283
れる,横,6,0.02830188679245283
破る,階段,6,0.02830188679245283
転ぶ,顔,6,0.028169014084507043
折,階段,6,0.028169014084507043
下り坂,顔,6,0.028169014084507043
歩道,補綴,6,0.028169014084507043
ラグビー,相手,6,0.028037383177570093
バッターボックス,野球,6,0.028037383177570093
れる,後方,6,0.028037383177570093
バント,野球,6,0.028037383177570093
タイヤ,補綴,6,0.028037383177570093
出す,打つ,6,0.027906976744186046
れる,追いかける,6,0.027906976744186046
れる,前のめり,6,0.027906976744186046
体育,持つ,6,0.027906976744186046
加える,歩道,6,0.027906976744186046
歩道,歯科,6,0.027906976744186046
校門,自転車,6,0.027777777777777776
折る,顔,6,0.027777777777777776
タイヤ,加える,6,0.027777777777777776
タイヤ,歯科,6,0.027777777777777776
床,歯牙,6,0.027649769585253458
場,衝突,6,0.027649769585253458
後頭部,相手,6,0.027649769585253458
破る,頭部,6,0.027649769585253458
打つ,鼻,6,0.027649769585253458
れる,近く,6,0.027649769585253458
状態,顔,6,0.027522935779816515
パス,相手,6,0.027522935779816515
体育,落ちる,6,0.027522935779816515
ひも,自転車,6,0.027522935779816515
折,頭部,6,0.027522935779816515
出血,破る,6,0.027522935779816515
前輪,顔,6,0.0273972602739726
出る,折,6,0.0273972602739726
ピッチャー,打つ,6,0.0273972602739726
向かう,顔,6,0.0273972602739726
的,野球,6,0.027149321266968326
脇,自転車,6,0.027149321266968326
自転車,降る,6,0.027149321266968326
折れる,遊ぶ,6,0.027149321266968326
折れる,飛ぶ,6,0.02702702702702703
床,折る,6,0.02702702702702703
コンクリート,打つ,6,0.02702702702702703
自転車,道,6,0.02702702702702703
シュート,補綴,6,0.02702702702702703
折れる,抜ける,6,0.026905829596412557
打つ,見る,6,0.026785714285714284
左側,自転車,6,0.026785714285714284
シュート,加える,6,0.026785714285714284
シュート,歯科,6,0.026785714285714284
自転車,靴,6,0.02666666666666667
床,歩く,6,0.02666666666666667
打つ,避ける,6,0.02666666666666667
れる,持つ,6,0.02654867256637168
上下,本,6,0.02654867256637168
本,正面,6,0.02654867256637168
出る,顔,6,0.02654867256637168
止まる,自転車,6,0.02654867256637168
昼休み,本,6,0.02654867256637168
キャッチャー,野球,6,0.02654867256637168
肘,顔,6,0.02643171806167401
しまう,道路,6,0.02631578947368421
体育,衝突,6,0.026200873362445413
目,野球,6,0.026200873362445413
後方,補綴,6,0.026200873362445413
打つ,部分,6,0.02608695652173913
打つ,歯牙,6,0.02608695652173913
外れる,自転車,6,0.02608695652173913
先,本,6,0.02608695652173913
失う,自転車,6,0.025974025974025976
きれる,自転車,6,0.025974025974025976
上がる,自転車,6,0.025974025974025976
加える,後方,6,0.025974025974025976
後方,歯科,6,0.025974025974025976
歩く,補綴,6,0.025974025974025976
前輪,補綴,6,0.025974025974025976
出る,床,6,0.02586206896551724
歯科,状態,6,0.02586206896551724
られる,補綴,6,0.02586206896551724
治療,野球,6,0.02586206896551724
折,振る,6,0.02575107296137339
加える,歩く,6,0.02575107296137339
歩く,歯科,6,0.02575107296137339
前輪,加える,6,0.02575107296137339
前輪,歯科,6,0.02575107296137339
自転車,ｍ,6,0.02564102564102564
打つ,横,6,0.02564102564102564
自転車,負う,6,0.02564102564102564
搬送,自転車,6,0.02564102564102564
られる,加える,6,0.02564102564102564
られる,歯科,6,0.02564102564102564
後ろ,打つ,6,0.02553191489361702
体育,選手,6,0.02553191489361702
コンクリート,本,6,0.02553191489361702
乗る,打つ,6,0.02553191489361702
自転車,誤る,6,0.025423728813559324
コンクリート,自転車,6,0.025423728813559324
損傷,本,6,0.025423728813559324
行く,顔,6,0.025423728813559324
デッドボール,試合,6,0.02531645569620253
損傷,自転車,6,0.02531645569620253
人,場,6,0.02531645569620253
床,投げる,6,0.025210084033613446
投手,試合,6,0.025210084033613446
出る,補綴,6,0.025210084033613446
サッカー,顔,6,0.02510460251046025
試合,遠征,6,0.02510460251046025
歯牙,相手,6,0.02510460251046025
れる,捕る,6,0.02510460251046025
本,準備,6,0.025
ぶつかる,手,6,0.024793388429752067
しまう,脱臼,6,0.024793388429752067
捕る,顔,6,0.024793388429752067
本,来る,6,0.024793388429752067
球,補綴,6,0.024793388429752067
加える,持つ,6,0.024691358024691357
付近,相手,6,0.024691358024691357
持つ,歯科,6,0.024691358024691357
衝突,顔,6,0.024691358024691357
ドリブル,試合,6,0.02459016393442623
加える,球,6,0.02459016393442623
歯科,球,6,0.02459016393442623
投げる,補綴,6,0.02459016393442623
つく,打つ,6,0.024489795918367346
出血,打つ,6,0.024489795918367346
ソフトボール,顔,6,0.024489795918367346
加える,投げる,6,0.024390243902439025
投げる,歯科,6,0.024390243902439025
ホッケー,試合,6,0.024291497975708502
かける,本,6,0.024291497975708502
つく,野球,6,0.024193548387096774
レシーブ,試合,6,0.024193548387096774
付近,自転車,6,0.024193548387096774
後ろ,自転車,6,0.024096385542168676
打つ,欠損,6,0.02390438247011952
唇,打つ,6,0.023809523809523808
体,自転車,6,0.023715415019762844
れる,守備,6,0.023715415019762844
参加,試合,6,0.023715415019762844
激突,試合,6,0.023529411764705882
バウンド,試合,6,0.023529411764705882
人,破る,6,0.023529411764705882
打つ,行く,6,0.023529411764705882
気付く,試合,6,0.023529411764705882
休憩,打つ,6,0.0234375
本,頭部,6,0.023346303501945526
大会,試合,6,0.023346303501945526
終了,自転車,6,0.023346303501945526
チーム,本,6,0.023255813953488372
ゴール,試合,6,0.023166023166023165
欠損,相手,6,0.023076923076923078
打球,顔,6,0.022900763358778626
本,球,6,0.022900763358778626
打つ,接触,6,0.022727272727272728
休憩,相手,6,0.022641509433962263
歯牙,試合,6,0.022641509433962263
加える,遊ぶ,6,0.022556390977443608
ノック,破る,6,0.022304832713754646
ノック,折,6,0.022222222222222223
打つ,遊ぶ,6,0.02214022140221402
友人,場,6,0.022058823529411766
抜ける,野球,6,0.021739130434782608
取る,野球,6,0.021660649819494584
ノック,顔,6,0.021660649819494584
つく,試合,6,0.02142857142857143
守備,相手,6,0.02112676056338028
破る,走る,6,0.02112676056338028
くる,足,6,0.021052631578947368
打つ,脱臼,6,0.021052631578947368
抜ける,自転車,6,0.020905923344947737
打ちつける,試合,6,0.020761245674740483
右足,強打,6,0.019672131147540985
余る,強打,6,0.019543973941368076
強打,降る,6,0.019543973941368076
スリップ,強打,6,0.019543973941368076
強打,道,6,0.01948051948051948
強打,教師,6,0.01948051948051948
強打,逃げる,6,0.019417475728155338
強打,抜け落ちる,6,0.019169329073482427
かかる,強打,6,0.01910828025477707
口腔,強打,6,0.01910828025477707
そう,強打,6,0.01904761904761905
強打,校庭,6,0.01904761904761905
上がる,強打,6,0.01892744479495268
とる,強打,6,0.01892744479495268
強打,戻る,6,0.018867924528301886
強打,終わる,6,0.01875
強打,激突,6,0.01875
強打,階,6,0.01875
強打,誤る,6,0.018633540372670808
側,強打,6,0.018633540372670808
他校,強打,6,0.018633540372670808
ゴール,強打,6,0.018518518518518517
友人,相手,6,0.018404907975460124
強打,段差,6,0.01834862385321101
強打,来る,6,0.0182370820668693
強打,後ろ,6,0.01791044776119403
滑る,試合,6,0.01749271137026239
口,昇降,6,0.016666666666666666
口,打席,6,0.016574585635359115
ソフトボール,強打,6,0.016483516483516484
キャッチボール,口,6,0.01643835616438356
口,硬式,6,0.01643835616438356
パス,口,6,0.01639344262295082
バント,口,6,0.016304347826086956
強打,頭,6,0.016216216216216217
口,昼休み,6,0.016216216216216217
口,打者,6,0.016172506738544475
口,損ねる,6,0.016172506738544475
口,額,6,0.016129032258064516
口,机,6,0.0160857908847185
別,口,6,0.0160857908847185
口,的,6,0.016
口,肩,6,0.016
口,降りる,6,0.016
おる,口,6,0.015957446808510637
側,口,6,0.0158311345646438
口,損傷,6,0.015789473684210527
ゴール,口,6,0.015748031496062992
マット,負傷,6,0.015706806282722512
ランニング,負傷,6,0.015706806282722512
絡まる,負傷,6,0.015706806282722512
口,避ける,6,0.015706806282722512
バッターボックス,負傷,6,0.015706806282722512
口,部員,6,0.015706806282722512
口,落下,6,0.015706806282722512
下る,負傷,6,0.015665796344647518
上下,負傷,6,0.015625
坂道,負傷,6,0.015584415584415584
ゴールキーパー,負傷,6,0.015544041450777202
スティック,負傷,6,0.015503875968992248
先,負傷,6,0.015463917525773196
両手,負傷,6,0.015345268542199489
壁,負傷,6,0.015306122448979591
負傷,走行,6,0.015306122448979591
押す,負傷,6,0.015267175572519083
コンクリート,負傷,6,0.015267175572519083
口,途中,6,0.015189873417721518
体,口,6,0.015151515151515152
挟まる,転倒,6,0.015037593984962405
右手,転倒,6,0.015
立つ,負傷,6,0.015
ボール,見失う,6,0.014925373134328358
溝,転倒,6,0.01488833746898263
アスファルト,転倒,6,0.01488833746898263
負傷,転ぶ,6,0.01488833746898263
ボール,ポスト,6,0.01485148514851485
給食,転倒,6,0.01485148514851485
打ち付ける,負傷,6,0.014814814814814815
かける,負傷,6,0.014814814814814815
ヘディング,ボール,6,0.014814814814814815
ドッジボール,転倒,6,0.014814814814814815
ボール,低い,6,0.014814814814814815
ボール,余る,6,0.014742014742014743
ボール,硬式,6,0.014705882352941176
止まる,転倒,6,0.014705882352941176
うし,転倒,6,0.014669926650366748
ろ,転倒,6,0.014669926650366748
一緒,転倒,6,0.014669926650366748
ボール,上げる,6,0.014634146341463415
出す,転倒,6,0.014598540145985401
クラス,転倒,6,0.014563106796116505
外れる,転倒,6,0.014563106796116505
別,転倒,6,0.014563106796116505
シャトル,当たる,6,0.014563106796116505
朝,転倒,6,0.014563106796116505
ボール,使う,6,0.014563106796116505
ボール,打撃,6,0.014563106796116505
転倒,鼻,6,0.014527845036319613
ボール,正面,6,0.014527845036319613
ボール,振り向く,6,0.014527845036319613
先,転倒,6,0.014527845036319613
当たる,立ち上がる,6,0.014527845036319613
転倒,降りる,6,0.014492753623188406
トス,当たる,6,0.014457831325301205
当たる,骨,6,0.014457831325301205
ボール,支柱,6,0.014423076923076924
負う,転倒,6,0.014423076923076924
転倒,階,6,0.014423076923076924
パス,当たる,6,0.014388489208633094
当たる,破損,6,0.014388489208633094
ボール,上がる,6,0.014388489208633094
サード,当たる,6,0.014388489208633094
当たる,辺り,6,0.014388489208633094
ボール,的,6,0.014354066985645933
誤る,転倒,6,0.014354066985645933
押す,転倒,6,0.014354066985645933
側,転倒,6,0.014354066985645933
ボール,ラケット,6,0.014319809069212411
上唇,当たる,6,0.014251781472684086
ボール,壁,6,0.014251781472684086
上下,当たる,6,0.014251781472684086
ボール,誤る,6,0.014218009478672985
欠ける,転倒,6,0.014218009478672985
ボール,上顎,6,0.014184397163120567
当たる,棒,6,0.014184397163120567
ボール,避ける,6,0.01411764705882353
立つ,転倒,6,0.01411764705882353
来る,転倒,6,0.01411764705882353
おる,当たる,6,0.01405152224824356
外,当たる,6,0.01405152224824356
いく,当たる,6,0.01405152224824356
当たる,拾う,6,0.01405152224824356
当たる,ｍ,6,0.014018691588785047
勢い,転倒,6,0.013921113689095127
ボール,転ぶ,6,0.013888888888888888
ゴール,当たる,6,0.013888888888888888
当たる,見る,6,0.013888888888888888
後方,転倒,6,0.013888888888888888
当たる,避ける,6,0.013856812933025405
当たる,落下,6,0.013856812933025405
ボール,付近,6,0.013824884792626729
入る,当たる,6,0.013729977116704805
当たる,部分,6,0.0136986301369863
勢い,当たる,6,0.013544018058690745
当たる,途中,6,0.013452914798206279
歯,歯肉,6,0.013452914798206279
歯,通常,6,0.013452914798206279
向かう,当たる,6,0.013452914798206279
歯,痛める,6,0.013363028953229399
歯,骨,6,0.013363028953229399
ペダル,歯,6,0.013333333333333334
バック,歯,6,0.013333333333333334
歯,遊び,6,0.013303769401330377
パス,歯,6,0.013303769401330377
ドッジボール,歯,6,0.013303769401330377
学級,歯,6,0.01327433628318584
ショート,歯,6,0.01327433628318584
つく,当たる,6,0.013245033112582781
歯,激しい,6,0.013245033112582781
マット,歯,6,0.013245033112582781
歯,直接,6,0.013245033112582781
バント,歯,6,0.013245033112582781
歯,靴,6,0.013245033112582781
出る,当たる,6,0.013245033112582781
歯,送球,6,0.013186813186813187
レシーブ,歯,6,0.013186813186813187
上下,歯,6,0.013186813186813187
方向,歯,6,0.013157894736842105
損ねる,歯,6,0.013157894736842105
脱臼,負傷,6,0.013157894736842105
歯,間,6,0.01312910284463895
校庭,歯,6,0.01312910284463895
守る,歯,6,0.01312910284463895
校舎,歯,6,0.01312910284463895
クラス,歯,6,0.013100436681222707
机,歯,6,0.013100436681222707
別,歯,6,0.013100436681222707
歯,鼻,6,0.013071895424836602
参加,歯,6,0.013043478260869565
歯,路面,6,0.013043478260869565
おる,歯,6,0.013015184381778741
ピッチャー,歯,6,0.013015184381778741
全員,練習,6,0.012987012987012988
合同,練習,6,0.012987012987012988
歩道,歯,6,0.012987012987012988
歯,ｍ,6,0.012987012987012988
歯,鬼ごっこ,6,0.012958963282937365
壁,歯,6,0.012958963282937365
歯,走行,6,0.012958963282937365
タイヤ,歯,6,0.012958963282937365
渡す,練習,6,0.01293103448275862
ゴロ,練習,6,0.01293103448275862
歯,祭,6,0.01293103448275862
向ける,練習,6,0.012903225806451613
ヘディング,練習,6,0.012903225806451613
当日,練習,6,0.012903225806451613
悪い,練習,6,0.012875536480686695
歯,移動,6,0.01284796573875803
キャッチボール,練習,6,0.01282051282051282
破損,練習,6,0.01279317697228145
受傷,練習,6,0.01279317697228145
激しい,練習,6,0.012738853503184714
歯,治療,6,0.012738853503184714
次,練習,6,0.012711864406779662
抜け落ちる,練習,6,0.012684989429175475
方向,練習,6,0.012658227848101266
出す,練習,6,0.01263157894736842
棒,練習,6,0.01263157894736842
とる,練習,6,0.012578616352201259
きれる,練習,6,0.012578616352201259
当たる,遊ぶ,6,0.012526096033402923
ラケット,練習,6,0.012526096033402923
練習,ｍ,6,0.0125
廊下,当たる,6,0.0125
壁,練習,6,0.012474012474012475
損傷,練習,6,0.012422360248447204
イレギュラー,歯,6,0.012396694214876033
練習,蹴る,6,0.012371134020618556
遠征,部,6,0.012320328542094456
ゴロ,部,6,0.012320328542094456
ロック,部,6,0.012320328542094456
ヘディング,部,6,0.012295081967213115
部,部室,6,0.012269938650306749
放課後,部,6,0.012269938650306749
練習,部分,6,0.012244897959183673
走り出す,顔面,6,0.012244897959183673
挟まる,顔面,6,0.012244897959183673
余る,部,6,0.012244897959183673
キャッチボール,部,6,0.012219959266802444
ティー,部,6,0.012219959266802444
ポスト,顔面,6,0.012219959266802444
倒れる,当たる,6,0.012219959266802444
ドリブル,部,6,0.012195121951219513
下りる,顔面,6,0.012195121951219513
右足,顔面,6,0.012195121951219513
受傷,部,6,0.012195121951219513
水泳,顔面,6,0.012195121951219513
テニス,部,6,0.012170385395537525
顔面,飛び出す,6,0.012170385395537525
すべる,顔面,6,0.012170385395537525
形,顔面,6,0.012170385395537525
石,顔面,6,0.012145748987854251
向く,部,6,0.012145748987854251
引っかかる,顔面,6,0.012145748987854251
バッターボックス,部,6,0.012145748987854251
フェンス,顔面,6,0.012145748987854251
打ち付ける,練習,6,0.012145748987854251
余る,顔面,6,0.012145748987854251
直接,部,6,0.012145748987854251
合う,顔面,6,0.012121212121212121
キャッチ,部,6,0.012121212121212121
部,鉄棒,6,0.012121212121212121
折る,練習,6,0.012121212121212121
レシーブ,部,6,0.012096774193548387
抜け落ちる,部,6,0.012096774193548387
コート,部,6,0.012096774193548387
ドッジボール,顔面,6,0.012096774193548387
前のめり,練習,6,0.012072434607645875
部,骨折,6,0.012072434607645875
状態,練習,6,0.012072434607645875
プール,顔面,6,0.012048192771084338
ゴールキーパー,部,6,0.012048192771084338
部,間,6,0.012048192771084338
部,額,6,0.012048192771084338
バント,顔面,6,0.012048192771084338
顔面,高い,6,0.012048192771084338
キャッチ,顔面,6,0.012024048096192385
外れる,部,6,0.012024048096192385
支柱,部,6,0.012024048096192385
別,部,6,0.012024048096192385
意識,部,6,0.012024048096192385
打撃,顔面,6,0.012024048096192385
脱落,顔面,6,0.012024048096192385
競技,部,6,0.012024048096192385
曲がる,顔面,6,0.012
瞬間,顔面,6,0.012
きれる,部,6,0.012
先,部,6,0.012
つまずく,練習,6,0.012
指導,顔面,6,0.011976047904191617
そう,顔面,6,0.01195219123505976
ラケット,部,6,0.01195219123505976
校庭,顔面,6,0.01195219123505976
当たる,直撃,6,0.011928429423459244
支柱,顔面,6,0.011928429423459244
昼食,顔面,6,0.011904761904761904
降りる,顔面,6,0.011881188118811881
側,部,6,0.011881188118811881
大会,部,6,0.011881188118811881
出る,練習,6,0.011881188118811881
外,顔面,6,0.011857707509881422
内,部,6,0.011834319526627219
車,部,6,0.011834319526627219
避ける,部,6,0.011811023622047244
ブレーキ,部,6,0.011811023622047244
打撲,部,6,0.011811023622047244
練習,落ちる,6,0.011741682974559686
来る,部,6,0.01171875
転ぶ,部,6,0.011650485436893204
当たる,滑る,6,0.011627906976744186
立つ,顔面,6,0.011627906976744186
打ち付ける,部,6,0.01160541586073501
ゲーム,顔面,6,0.011583011583011582
乗る,部,6,0.011583011583011582
折れる,負傷,6,0.011560693641618497
前のめり,部,6,0.011538461538461539
前輪,部,6,0.011516314779270634
部,階段,6,0.011494252873563218
膝,部,6,0.011363636363636364
イレギュラー,顔面,6,0.011342155009451797
肘,顔面,6,0.01125703564727955
バッター,顔面,6,0.011214953271028037
休憩,部,6,0.011131725417439703
遊ぶ,部,6,0.010830324909747292
友人,練習,6,0.010398613518197574
転倒,野球,6,0.010050251256281407
前歯,立ち止まる,6,0.008321775312066574
ひも,前歯,6,0.008298755186721992
前歯,帰る,6,0.008298755186721992
前歯,始業,6,0.008298755186721992
ラグビー,前歯,6,0.008287292817679558
バー,前歯,6,0.008287292817679558
前歯,遠足,6,0.008287292817679558
低い,前歯,6,0.008287292817679558
出場,前歯,6,0.008287292817679558
体勢,前歯,6,0.008275862068965517
前歯,雑巾,6,0.008264462809917356
前歯,溝,6,0.008264462809917356
アスファルト,前歯,6,0.008264462809917356
余る,前歯,6,0.008264462809917356
前歯,担任,6,0.008264462809917356
前歯,骨,6,0.008264462809917356
前歯,学習,6,0.008264462809917356
前歯,給食,6,0.008253094910591471
前歯,教師,6,0.008253094910591471
パス,前歯,6,0.008241758241758242
シート,前歯,6,0.008241758241758242
前歯,名,6,0.008241758241758242
前歯,座る,6,0.00823045267489712
ショート,前歯,6,0.00823045267489712
ひっかかる,前歯,6,0.00823045267489712
前歯,回転,6,0.00823045267489712
前歯,外野,6,0.00823045267489712
入れる,前歯,6,0.00821917808219178
前歯,激しい,6,0.00821917808219178
前歯,靴,6,0.00821917808219178
前歯,次,6,0.008207934336525308
前歯,打撃,6,0.008207934336525308
前歯,送球,6,0.00819672131147541
前歯,口腔,6,0.008185538881309686
前歯,坂道,6,0.008185538881309686
前歯,守る,6,0.008174386920980926
別,前歯,6,0.00816326530612245
スピード,前歯,6,0.008152173913043478
前歯,当たり,6,0.008152173913043478
前歯,階,6,0.008119079837618403
てんかん,発作,5,0.625
逃げる,鬼,5,0.38461538461538464
側溝,蓋,5,0.2777777777777778
ゴールキーパー,ポスト,5,0.22727272727272727
棒,種目,5,0.22727272727272727
ダブルス,ラケット,5,0.21739130434782608
クラブ,校庭,5,0.21739130434782608
鬼,鬼ごっこ,5,0.2
指導,教師,5,0.2
大会,球技,5,0.18518518518518517
競技,陸上,5,0.18518518518518517
サード,守る,5,0.18518518518518517
失う,気,5,0.18518518518518517
窓,階,5,0.17857142857142858
言う,蹴る,5,0.1724137931034483
乗り上げる,歩道,5,0.16666666666666666
操作,誤る,5,0.16129032258064516
場所,清掃,5,0.15625
プール,清掃,5,0.15151515151515152
段,目,5,0.15151515151515152
ショート,バウンド,5,0.15151515151515152
ブレーキ,飛ばす,5,0.14705882352941177
カーブ,タイヤ,5,0.14705882352941177
棒,競技,5,0.14705882352941177
歯槽,歯牙,5,0.13513513513513514
校舎,階,5,0.13157894736842105
ブレーキ,下る,5,0.125
歯牙,骨,5,0.125
祭,競技,5,0.12195121951219512
意識,救急,5,0.12195121951219512
スリップ,下り坂,5,0.11904761904761904
イレギュラーバウンド,シート,5,0.11627906976744186
そう,避ける,5,0.11627906976744186
ひも,前輪,5,0.1111111111111111
カーブ,下り坂,5,0.1111111111111111
段,階段,5,0.10869565217391304
すべる,せる,5,0.10869565217391304
フェンス,追いかける,5,0.10638297872340426
前輪,飛ばす,5,0.10638297872340426
踏み外す,階段,5,0.10416666666666667
バッターボックス,付近,5,0.10416666666666667
ふざける,合う,5,0.10204081632653061
出血,多量,5,0.10204081632653061
救急,車,5,0.10204081632653061
タイヤ,段差,5,0.09803921568627451
友達,押す,5,0.09803921568627451
準備,祭,5,0.09615384615384616
ハンドル,誤る,5,0.09615384615384616
下り坂,路面,5,0.09433962264150944
つまずく,マット,5,0.09259259259259259
坂道,途中,5,0.09090909090909091
乗る,降りる,5,0.08928571428571429
タイヤ,下り坂,5,0.08928571428571429
来る,避ける,5,0.08771929824561403
前輪,急,5,0.08771929824561403
イレギュラー,上唇,5,0.08620689655172414
バッター,応援,5,0.08620689655172414
口唇,裂傷,5,0.0847457627118644
ごと,乗る,5,0.0847457627118644
チーム,ホッケー,5,0.08333333333333333
ブレーキ,下り坂,5,0.08333333333333333
壁,追いかける,5,0.08196721311475409
ハンドル,下り坂,5,0.08064516129032258
横,部員,5,0.08064516129032258
後方,見る,5,0.07936507936507936
勢い,落下,5,0.07936507936507936
着地,膝,5,0.07936507936507936
ゴールキーパー,チーム,5,0.07936507936507936
素振り,近く,5,0.07692307692307693
せる,目,5,0.07575757575757576
持つ,棒,5,0.07575757575757576
トイレ,行く,5,0.07462686567164178
つく,追う,5,0.07352941176470588
体,切る,5,0.07352941176470588
つく,両手,5,0.07352941176470588
ゴロ,捕る,5,0.07352941176470588
抜く,振る,5,0.07246376811594203
戻る,持つ,5,0.07246376811594203
休憩,鉄棒,5,0.07042253521126761
テニス,振る,5,0.06944444444444445
乗る,勢い,5,0.0684931506849315
勢い,後方,5,0.06756756756756757
投げる,ｍ,5,0.06756756756756757
乗る,後方,5,0.06756756756756757
つく,目,5,0.06756756756756757
打ちつける,路面,5,0.06666666666666667
タイヤ,落ちる,5,0.06666666666666667
切れる,口唇,5,0.06666666666666667
ソフトボール,待つ,5,0.06578947368421052
付近,階段,5,0.06578947368421052
参加,行く,5,0.06578947368421052
体,勢い,5,0.06493506493506493
シュート,チーム,5,0.06493506493506493
前輪,状態,5,0.0641025641025641
終わる,行く,5,0.0641025641025641
口唇,歯牙,5,0.0641025641025641
内,落ちる,5,0.0641025641025641
せる,階段,5,0.06329113924050633
バスケットボール,パス,5,0.06329113924050633
唇,欠ける,5,0.06172839506172839
られる,体,5,0.06172839506172839
溝,道路,5,0.06172839506172839
乗る,出血,5,0.060240963855421686
ティー,飛ぶ,5,0.060240963855421686
ふざける,頭部,5,0.058823529411764705
キャッチャー,振る,5,0.058823529411764705
傘,道路,5,0.05813953488372093
口唇,近く,5,0.05747126436781609
サード,守備,5,0.05747126436781609
昼休み,遊ぶ,5,0.05747126436781609
投げる,横,5,0.056818181818181816
バスケットボール,形式,5,0.056818181818181816
衝突,車,5,0.056179775280898875
ソフトボール,側,5,0.056179775280898875
方向,飛ぶ,5,0.056179775280898875
ディフェンス,バスケットボール,5,0.056179775280898875
持つ,途中,5,0.056179775280898875
持つ,歩く,5,0.056179775280898875
こむ,倒れる,5,0.05555555555555555
唇,折る,5,0.05555555555555555
倒れる,発作,5,0.05555555555555555
歯根,脱臼,5,0.054945054945054944
バスケットボール,壁,5,0.054945054945054944
完全,脱臼,5,0.054945054945054944
勢い,打ちつける,5,0.05434782608695652
チーム,頭部,5,0.05434782608695652
遊ぶ,降りる,5,0.05434782608695652
バレーボール,衝突,5,0.05434782608695652
大会,選手,5,0.053763440860215055
ゲーム,振る,5,0.053763440860215055
前方,歩行,5,0.053763440860215055
サード,打球,5,0.053763440860215055
せる,打ちつける,5,0.05319148936170213
廊下,清掃,5,0.05319148936170213
イレギュラー,球,5,0.05319148936170213
操作,登校,5,0.05263157894736842
ゴール,選手,5,0.05263157894736842
室,廊下,5,0.05263157894736842
バッター,バッティング,5,0.05263157894736842
登校,飛ばす,5,0.05263157894736842
押す,遊ぶ,5,0.052083333333333336
前方,左側,5,0.052083333333333336
打撃,打球,5,0.052083333333333336
せる,休憩,5,0.052083333333333336
イレギュラー,欠損,5,0.052083333333333336
ペダル,登校,5,0.05154639175257732
ふざける,休憩,5,0.05154639175257732
廊下,押す,5,0.05154639175257732
前方,絡まる,5,0.05154639175257732
口唇,球,5,0.05154639175257732
大会,顎,5,0.05154639175257732
休憩,体,5,0.05102040816326531
休憩,階段,5,0.05102040816326531
登校,車輪,5,0.05102040816326531
ゲーム,ソフトボール,5,0.05102040816326531
後方,振る,5,0.05102040816326531
バッティング,欠損,5,0.05102040816326531
道路,避ける,5,0.050505050505050504
見る,飛ぶ,5,0.050505050505050504
シュート,選手,5,0.05
出血,唇,5,0.05
廊下,移動,5,0.05
濡れる,登校,5,0.05
教室,椅子,5,0.05
友達,廊下,5,0.04950495049504951
そう,前方,5,0.04950495049504951
受診,脱臼,5,0.049019607843137254
形式,打球,5,0.049019607843137254
教室,給食,5,0.049019607843137254
シュート,頭,5,0.049019607843137254
合う,教室,5,0.049019607843137254
投げる,球,5,0.04854368932038835
人,降りる,5,0.04854368932038835
廊下,来る,5,0.04807692307692308
思う,教室,5,0.04807692307692308
バレーボール,取る,5,0.04807692307692308
そう,登校,5,0.04807692307692308
切れる,守備,5,0.047619047619047616
直撃,金属,5,0.047619047619047616
人,ｍ,5,0.047619047619047616
登校,雨,5,0.047619047619047616
倒れる,室,5,0.04716981132075472
バッティング,振る,5,0.04716981132075472
人,転落,5,0.04716981132075472
入る,取る,5,0.04716981132075472
体育館,余る,5,0.04716981132075472
サード,直撃,5,0.04672897196261682
廊下,転ぶ,5,0.04672897196261682
人,側,5,0.04672897196261682
スリップ,地面,5,0.04672897196261682
ごと,前方,5,0.04672897196261682
打ち付ける,道路,5,0.046296296296296294
指導,教室,5,0.046296296296296294
コンクリート,倒れる,5,0.046296296296296294
ノック,外野,5,0.045871559633027525
廊下,打ち付ける,5,0.045871559633027525
次,直撃,5,0.045454545454545456
勢い,廊下,5,0.045454545454545456
カーブ,地面,5,0.045454545454545456
打撃,直撃,5,0.045454545454545456
チーム,衝突,5,0.045454545454545456
救急,脱臼,5,0.045454545454545456
状態,道路,5,0.04504504504504504
ふざける,頭,5,0.04504504504504504
人,切る,5,0.04504504504504504
前のめり,遊ぶ,5,0.04504504504504504
救急,登校,5,0.04504504504504504
下校,通学,5,0.044642857142857144
下校,坂,5,0.044642857142857144
ソフトボール,口唇,5,0.044642857142857144
ふざける,遊ぶ,5,0.044642857142857144
レシーブ,体育館,5,0.044642857142857144
ガードレール,下校,5,0.04424778761061947
下校,路,5,0.04424778761061947
向かう,廊下,5,0.04424778761061947
教室,清掃,5,0.04424778761061947
体育館,引っ掛かる,5,0.04424778761061947
登校,車,5,0.04424778761061947
口元,治療,5,0.04424778761061947
打撲,登校,5,0.043859649122807015
バット,放す,5,0.043859649122807015
廊下,階段,5,0.043859649122807015
水,滑る,5,0.043859649122807015
室,教室,5,0.043859649122807015
ノック,守る,5,0.043859649122807015
唇,振る,5,0.043859649122807015
選手,頭部,5,0.043478260869565216
前方,来る,5,0.043478260869565216
つまずく,廊下,5,0.043478260869565216
バット,待機,5,0.04310344827586207
段差,登校,5,0.04310344827586207
地面,雨,5,0.04310344827586207
やる,バット,5,0.042735042735042736
振る,行く,5,0.042735042735042736
滑る,降る,5,0.0423728813559322
打撲,教室,5,0.04201680672268908
下校,傘,5,0.04201680672268908
下校,終える,5,0.04201680672268908
向ける,走る,5,0.04201680672268908
ノック,バウンド,5,0.04201680672268908
出る,道路,5,0.04201680672268908
頭部,顎,5,0.04201680672268908
イレギュラーバウンド,脱臼,5,0.04201680672268908
口唇,顎,5,0.041666666666666664
人,後ろ,5,0.041666666666666664
出る,顎,5,0.041666666666666664
体育館,壁,5,0.041666666666666664
下り坂,登校,5,0.04132231404958678
つく,抜ける,5,0.04132231404958678
抜ける,膝,5,0.04132231404958678
口唇,抜ける,5,0.04132231404958678
倒れる,後ろ,5,0.04132231404958678
ごと,地面,5,0.04132231404958678
出血,抜ける,5,0.04132231404958678
バスケットボール,欠損,5,0.04132231404958678
持つ,遊ぶ,5,0.040983606557377046
持つ,道路,5,0.040983606557377046
走る,陸上,5,0.040983606557377046
せる,倒れる,5,0.04065040650406504
下校,雨,5,0.04065040650406504
直撃,離れる,5,0.04065040650406504
前方,状態,5,0.04065040650406504
取る,肘,5,0.04065040650406504
せる,前方,5,0.04065040650406504
ゴール,体育館,5,0.04065040650406504
倒れる,状態,5,0.04065040650406504
教室,部分,5,0.04032258064516129
あう,友人,5,0.04032258064516129
バスケットボール,打ちつける,5,0.04032258064516129
バッター,抜ける,5,0.04032258064516129
人,体,5,0.04032258064516129
ふざける,倒れる,5,0.04032258064516129
られる,人,5,0.04032258064516129
倒れる,向かう,5,0.04032258064516129
られる,倒れる,5,0.04
欠損,道路,5,0.04
投げる,飛ぶ,5,0.03968253968253968
始まる,時間,5,0.03968253968253968
状態,登校,5,0.03968253968253968
投げる,顎,5,0.03968253968253968
つまずく,倒れる,5,0.03968253968253968
行く,選手,5,0.03968253968253968
体育館,準備,5,0.03968253968253968
イレギュラー,口元,5,0.03968253968253968
つまずく,前方,5,0.03968253968253968
机,滑る,5,0.03937007874015748
シュート,直撃,5,0.03937007874015748
直撃,立つ,5,0.03937007874015748
入る,直撃,5,0.03937007874015748
ネット,体育館,5,0.03937007874015748
打ちつける,遊ぶ,5,0.0390625
体,登校,5,0.0390625
唇,抜ける,5,0.0390625
滑る,降りる,5,0.03875968992248062
チーム,口元,5,0.03875968992248062
後ろ,教室,5,0.03875968992248062
滑る,路面,5,0.03875968992248062
校庭,走る,5,0.03875968992248062
体育館,歯牙,5,0.03875968992248062
出血,口元,5,0.03875968992248062
別,走る,5,0.038461538461538464
つく,人,5,0.038461538461538464
人,出血,5,0.038461538461538464
競技,走る,5,0.038461538461538464
両手,滑る,5,0.03816793893129771
前方,膝,5,0.03816793893129771
教室,状態,5,0.03816793893129771
時間,遊び,5,0.03787878787878788
バット,ｍ,5,0.03787878787878788
つかむ,友人,5,0.03787878787878788
ぶつける,バドミントン,5,0.03787878787878788
教室,途中,5,0.03787878787878788
バッター,打球,5,0.03787878787878788
友人,腕,5,0.03759398496240601
口唇,脱臼,5,0.03759398496240601
人,持つ,5,0.03759398496240601
座る,時間,5,0.03759398496240601
サッカー,飛ぶ,5,0.03759398496240601
倒れる,持つ,5,0.03731343283582089
出る,登校,5,0.03731343283582089
内,滑る,5,0.037037037037037035
勢い,地面,5,0.037037037037037035
打球,欠損,5,0.037037037037037035
滑る,移動,5,0.03676470588235294
捕る,飛ぶ,5,0.03676470588235294
とる,崩す,5,0.03676470588235294
側,走る,5,0.03676470588235294
滑る,避ける,5,0.03676470588235294
祭,走る,5,0.03676470588235294
下校,来る,5,0.03676470588235294
友人,昼食,5,0.0364963503649635
地面,状態,5,0.0364963503649635
接触,頭,5,0.0364963503649635
向かう,地面,5,0.036231884057971016
地面,途中,5,0.036231884057971016
グラウンド,滑る,5,0.036231884057971016
体,体育館,5,0.036231884057971016
人,打ちつける,5,0.03597122302158273
崩す,階,5,0.03597122302158273
つく,教室,5,0.03597122302158273
脱臼,落ちる,5,0.03597122302158273
意識,時間,5,0.03597122302158273
欠損,脱臼,5,0.03597122302158273
前方,打ちつける,5,0.03571428571428571
ぶつかる,支柱,5,0.03571428571428571
両手,友人,5,0.03571428571428571
失う,時間,5,0.03571428571428571
戻る,手,5,0.03571428571428571
ぶつかる,別,5,0.03571428571428571
強い,高い,5,0.03546099290780142
手,清掃,5,0.03546099290780142
とる,ぶつかる,5,0.03546099290780142
バランス,降りる,5,0.03546099290780142
唇,登校,5,0.03546099290780142
持つ,教室,5,0.035211267605633804
休憩,倒れる,5,0.035211267605633804
下校,後ろ,5,0.035211267605633804
ぶつける,降りる,5,0.035211267605633804
引っ掛ける,足,5,0.03496503496503497
下校,状態,5,0.034722222222222224
ノック,口唇,5,0.034722222222222224
崩す,移動,5,0.034722222222222224
つく,体育館,5,0.034722222222222224
崩す,落下,5,0.034722222222222224
強い,指導,5,0.034722222222222224
人,振る,5,0.034722222222222224
体育館,膝,5,0.034722222222222224
チーム,体育館,5,0.034722222222222224
下校,向かう,5,0.034482758620689655
ぶつかる,壁,5,0.034482758620689655
頭,顎,5,0.034482758620689655
手,損傷,5,0.034482758620689655
教室,落ちる,5,0.034482758620689655
ふざける,下校,5,0.034482758620689655
出血,地面,5,0.034482758620689655
教室,欠損,5,0.034482758620689655
バランス,上顎,5,0.03424657534246575
ぶつける,祭,5,0.03424657534246575
道路,顎,5,0.03424657534246575
下り坂,走る,5,0.03424657534246575
バランス,内,5,0.034013605442176874
強い,当たり,5,0.034013605442176874
抜ける,遊ぶ,5,0.034013605442176874
つまずく,下校,5,0.034013605442176874
足,踏み外す,5,0.034013605442176874
すべる,足,5,0.034013605442176874
ティー,運動,5,0.034013605442176874
引っかかる,足,5,0.033783783783783786
バランス,移動,5,0.033783783783783786
バランス,落下,5,0.033783783783783786
前方,衝突,5,0.033783783783783786
抜ける,顎,5,0.033783783783783786
投げる,直撃,5,0.03355704697986577
ペダル,足,5,0.03355704697986577
テニス,運動,5,0.03355704697986577
取る,廊下,5,0.03355704697986577
折る,走る,5,0.03355704697986577
友人,立つ,5,0.03355704697986577
教室,行く,5,0.03355704697986577
友人,来る,5,0.03355704697986577
後方,走る,5,0.03333333333333333
強い,終わる,5,0.03333333333333333
前方,接触,5,0.03333333333333333
室,強い,5,0.03333333333333333
体育館,投げる,5,0.03333333333333333
入る,手,5,0.033112582781456956
バスケットボール,口元,5,0.033112582781456956
地面,欠損,5,0.033112582781456956
プール,足,5,0.03289473684210526
つく,下校,5,0.03289473684210526
ふざける,走る,5,0.03289473684210526
歩く,走る,5,0.03289473684210526
前輪,走る,5,0.03289473684210526
体,走る,5,0.032679738562091505
口元,頭,5,0.032467532467532464
下校,持つ,5,0.03225806451612903
友人,後ろ,5,0.03225806451612903
手,打ち付ける,5,0.03205128205128205
口元,飛ぶ,5,0.03205128205128205
くる,ドリブル,5,0.03184713375796178
外れる,足,5,0.03184713375796178
前輪,崩す,5,0.03184713375796178
付近,時間,5,0.03184713375796178
せる,友人,5,0.03184713375796178
人,廊下,5,0.03184713375796178
机,足,5,0.03184713375796178
バット,出血,5,0.03184713375796178
バランス,折る,5,0.03164556962025317
友人,歩く,5,0.03164556962025317
崩す,階段,5,0.03164556962025317
走る,頭部,5,0.03164556962025317
乗る,時間,5,0.03164556962025317
昼食,足,5,0.03164556962025317
られる,友人,5,0.031446540880503145
前方,抜ける,5,0.031446540880503145
ぶつける,乗る,5,0.031446540880503145
口元,守備,5,0.031446540880503145
場,駐車,5,0.031446540880503145
下校,唇,5,0.031446540880503145
脱臼,遊ぶ,5,0.031446540880503145
脱臼,道路,5,0.031446540880503145
しまう,放す,5,0.03125
脱臼,顎,5,0.03125
いく,足,5,0.03125
前のめり,時間,5,0.03125
ゲーム,強い,5,0.031055900621118012
バランス,前輪,5,0.031055900621118012
時間,歩く,5,0.031055900621118012
足,階,5,0.031055900621118012
ぶつかる,途中,5,0.030864197530864196
られる,時間,5,0.030864197530864196
バランス,階段,5,0.030864197530864196
強い,転ぶ,5,0.030864197530864196
つまずく,手,5,0.030864197530864196
ぶつかる,体,5,0.03067484662576687
ソフトボール,ノック,5,0.03067484662576687
ゴール,運動,5,0.03067484662576687
体育館,接触,5,0.03067484662576687
ぶつける,階段,5,0.03067484662576687
見る,運動,5,0.03067484662576687
バット,欠損,5,0.03067484662576687
くる,別,5,0.03048780487804878
落下,運動,5,0.03048780487804878
付近,強い,5,0.03048780487804878
運動,離れる,5,0.03048780487804878
打ちつける,滑る,5,0.030303030303030304
つく,友人,5,0.030303030303030304
しまう,学年,5,0.030303030303030304
欠損,走る,5,0.030303030303030304
直撃,選手,5,0.030120481927710843
教室,顎,5,0.030120481927710843
テニス,場,5,0.030120481927710843
滑る,行く,5,0.030120481927710843
抜ける,教室,5,0.029940119760479042
目,足,5,0.029940119760479042
せる,強い,5,0.029940119760479042
友達,足,5,0.029940119760479042
くる,拾う,5,0.029940119760479042
崩す,持つ,5,0.029940119760479042
場,振り返る,5,0.029940119760479042
出血,手,5,0.029940119760479042
時間,膝,5,0.02976190476190476
強い,歩く,5,0.02976190476190476
くる,階,5,0.02976190476190476
場,打撃,5,0.02976190476190476
ぶつける,膝,5,0.029585798816568046
くる,隣,5,0.029585798816568046
しまう,濡れる,5,0.029585798816568046
参加,折れる,5,0.029585798816568046
しまう,脱落,5,0.029411764705882353
しまう,次,5,0.029411764705882353
立つ,足,5,0.029411764705882353
体育館,遊ぶ,5,0.029411764705882353
人,脱臼,5,0.029411764705882353
折れる,終わる,5,0.029239766081871343
バランス,持つ,5,0.029239766081871343
体育館,飛ぶ,5,0.029239766081871343
倒れる,脱臼,5,0.029239766081871343
ノック,抜ける,5,0.029069767441860465
取る,直撃,5,0.029069767441860465
折れる,走行,5,0.029069767441860465
ぶつける,持つ,5,0.029069767441860465
体育,打席,5,0.028901734104046242
しまう,棒,5,0.028901734104046242
くる,離れる,5,0.028901734104046242
しまう,校庭,5,0.028901734104046242
ノック,取る,5,0.028901734104046242
強い,終了,5,0.028901734104046242
体育,跳ぶ,5,0.028735632183908046
リレー,体育,5,0.028735632183908046
強い,頭部,5,0.028735632183908046
友人,行く,5,0.02857142857142857
横,足,5,0.02857142857142857
強い,膝,5,0.02857142857142857
ピッチャー,場,5,0.02857142857142857
しまう,戻る,5,0.028409090909090908
乗る,足,5,0.028409090909090908
人,教室,5,0.028409090909090908
前のめり,運動,5,0.028409090909090908
しまう,拾う,5,0.02824858757062147
場,鬼ごっこ,5,0.02824858757062147
ドッジボール,体育,5,0.02824858757062147
ぶつかる,打ちつける,5,0.028089887640449437
ソフトボール,走る,5,0.028089887640449437
足,追いかける,5,0.028089887640449437
しまう,追う,5,0.028089887640449437
しまう,隣,5,0.027932960893854747
下校,顎,5,0.027932960893854747
ぶつける,行く,5,0.027932960893854747
足,途中,5,0.027932960893854747
教室,登校,5,0.027777777777777776
下校,抜ける,5,0.027777777777777776
しまう,コンクリート,5,0.027777777777777776
体育,使う,5,0.027777777777777776
場,移動,5,0.027624309392265192
強い,落ちる,5,0.027624309392265192
しまう,損傷,5,0.027624309392265192
しまう,素振り,5,0.027624309392265192
イレギュラー,運動,5,0.027624309392265192
走る,選手,5,0.027472527472527472
折,溝,5,0.027472527472527472
体育館,倒れる,5,0.027472527472527472
しまう,移動,5,0.0273224043715847
体育,棒,5,0.0273224043715847
運動,頭部,5,0.0273224043715847
終了,足,5,0.02717391304347826
出血,運動,5,0.02717391304347826
上げる,破る,5,0.02717391304347826
くる,状態,5,0.02702702702702703
破る,裂傷,5,0.02702702702702703
しまう,準備,5,0.02702702702702703
ぶつかる,捕る,5,0.02702702702702703
体育,肩,5,0.026881720430107527
バスケットボール,崩す,5,0.026881720430107527
くる,ふざける,5,0.026881720430107527
破る,跳ね返る,5,0.026881720430107527
ぶつかる,衝突,5,0.026881720430107527
折,裂傷,5,0.026881720430107527
勢い,折れる,5,0.026881720430107527
しまう,ネット,5,0.026881720430107527
イレギュラーバウンド,場,5,0.026737967914438502
ラケット,体育,5,0.026737967914438502
バスケットボール,友人,5,0.026737967914438502
しまう,部分,5,0.026595744680851064
折れる,追いかける,5,0.026595744680851064
折れる,途中,5,0.026455026455026454
バスケットボール,バランス,5,0.02631578947368421
体育,大会,5,0.02631578947368421
友人,頭,5,0.02631578947368421
折れる,階段,5,0.02631578947368421
床,首,5,0.02617801047120419
崩す,顎,5,0.02617801047120419
バランス,選手,5,0.02617801047120419
れる,下る,5,0.02617801047120419
友人,道路,5,0.02617801047120419
つまずく,折れる,5,0.02617801047120419
崩す,廊下,5,0.02617801047120419
かける,しまう,5,0.026041666666666668
しまう,付近,5,0.026041666666666668
しまう,打ち付ける,5,0.026041666666666668
れる,昼休み,5,0.026041666666666668
向ける,床,5,0.025906735751295335
床,掃除,5,0.025906735751295335
ラケット,破る,5,0.025906735751295335
時間,頭,5,0.025906735751295335
外,破る,5,0.025906735751295335
体育,切る,5,0.02577319587628866
破る,負う,5,0.02577319587628866
両手,破る,5,0.02577319587628866
れる,校庭,5,0.02577319587628866
折,拾う,5,0.02577319587628866
くる,肘,5,0.02577319587628866
バウンド,破る,5,0.02577319587628866
外,折,5,0.02577319587628866
時間,顎,5,0.02564102564102564
曲がる,顔,5,0.02564102564102564
学年,床,5,0.02564102564102564
バランス,廊下,5,0.02564102564102564
コンクリート,破る,5,0.025510204081632654
しまう,ふざける,5,0.025510204081632654
ぶつける,顎,5,0.025510204081632654
口腔,顔,5,0.025510204081632654
チーム,折れる,5,0.025510204081632654
抜ける,時間,5,0.025510204081632654
受診,顔,5,0.025510204081632654
タイヤ,折,5,0.025510204081632654
くる,球,5,0.025380710659898477
折れる,肘,5,0.025380710659898477
体育,入る,5,0.025380710659898477
コンクリート,折,5,0.025380710659898477
れる,戻る,5,0.025380710659898477
れる,降りる,5,0.025380710659898477
前方,走る,5,0.025380710659898477
トイレ,床,5,0.025380710659898477
バット,脱臼,5,0.025380710659898477
破る,素振り,5,0.025380710659898477
体育,治療,5,0.025380710659898477
れる,外,5,0.025252525252525252
折,素振り,5,0.025252525252525252
プール,床,5,0.02512562814070352
破る,離れる,5,0.02512562814070352
破る,移動,5,0.02512562814070352
スピード,顔,5,0.02512562814070352
れる,追う,5,0.02512562814070352
れる,隣,5,0.025
折,離れる,5,0.025
折,移動,5,0.025
ジャンプ,床,5,0.025
折れる,球,5,0.025
登校,走る,5,0.025
準備,破る,5,0.024875621890547265
衝突,運動,5,0.024875621890547265
れる,大会,5,0.024875621890547265
外,顔,5,0.024875621890547265
友人,口元,5,0.024875621890547265
床,昼休み,5,0.024875621890547265
チーム,場,5,0.024875621890547265
口腔,床,5,0.024752475247524754
ネット,破る,5,0.024752475247524754
投げる,折れる,5,0.024752475247524754
負う,顔,5,0.024752475247524754
歩道,顔,5,0.024752475247524754
体育,打ち付ける,5,0.024752475247524754
体育,勢い,5,0.024630541871921183
隣,顔,5,0.024630541871921183
ネット,折,5,0.024630541871921183
タイヤ,顔,5,0.024630541871921183
シュート,破る,5,0.024630541871921183
ごと,顔,5,0.024630541871921183
くる,休憩,5,0.024509803921568627
床,机,5,0.024509803921568627
れる,落下,5,0.024509803921568627
取る,強い,5,0.024509803921568627
床,意識,5,0.024509803921568627
バランス,口元,5,0.024509803921568627
れる,打撲,5,0.024509803921568627
補綴,角,5,0.024509803921568627
テニス,補綴,5,0.024509803921568627
失う,床,5,0.024390243902439025
とる,床,5,0.024390243902439025
体育,前のめり,5,0.024390243902439025
人,時間,5,0.024390243902439025
ぶつける,口元,5,0.024390243902439025
体育,追いかける,5,0.024390243902439025
入れる,補綴,5,0.024390243902439025
絡まる,補綴,5,0.024390243902439025
れる,段差,5,0.024271844660194174
前方,時間,5,0.024271844660194174
下り坂,破る,5,0.024271844660194174
床,戻る,5,0.024271844660194174
加える,角,5,0.024271844660194174
歯科,角,5,0.024271844660194174
テニス,加える,5,0.024271844660194174
テニス,歯科,5,0.024271844660194174
ランナー,野球,5,0.024154589371980676
体,体育,5,0.024154589371980676
下り坂,折,5,0.024154589371980676
ブレーキ,顔,5,0.024154589371980676
ぶつかる,倒れる,5,0.024154589371980676
床,拾う,5,0.024154589371980676
しまう,球,5,0.024154589371980676
避ける,顔,5,0.024154589371980676
加える,絡まる,5,0.024154589371980676
歯科,絡まる,5,0.024154589371980676
友達,顔,5,0.02403846153846154
バランス,脱臼,5,0.02403846153846154
ノック,バット,5,0.02403846153846154
れる,シュート,5,0.02403846153846154
かける,破る,5,0.02403846153846154
れる,部分,5,0.023923444976076555
勢い,破る,5,0.023923444976076555
段差,顔,5,0.023923444976076555
バレーボール,顔,5,0.023923444976076555
待つ,打つ,5,0.023809523809523808
床,押す,5,0.023809523809523808
場,打ちつける,5,0.023809523809523808
れる,ゲーム,5,0.023809523809523808
打つ,離す,5,0.023809523809523808
意識,補綴,5,0.023809523809523808
上げる,打つ,5,0.023696682464454975
トス,野球,5,0.023696682464454975
入る,顔,5,0.023696682464454975
状態,破る,5,0.023696682464454975
場,行く,5,0.023696682464454975
キャッチボール,野球,5,0.02358490566037736
体育,頭部,5,0.02358490566037736
塁,野球,5,0.02358490566037736
折,状態,5,0.02358490566037736
打つ,高い,5,0.02358490566037736
しまう,打ちつける,5,0.02358490566037736
抜ける,運動,5,0.02358490566037736
休憩,場,5,0.02358490566037736
加える,意識,5,0.02358490566037736
意識,歯科,5,0.02358490566037736
れる,付近,5,0.023474178403755867
床,移動,5,0.023474178403755867
床,避ける,5,0.023474178403755867
床,離れる,5,0.023474178403755867
破る,近く,5,0.023474178403755867
ラケット,補綴,5,0.023474178403755867
床,目,5,0.02336448598130841
打つ,瞬間,5,0.02336448598130841
しまう,休憩,5,0.02336448598130841
られる,折,5,0.02336448598130841
味方,相手,5,0.02336448598130841
れる,勢い,5,0.02336448598130841
れる,折る,5,0.02336448598130841
切る,床,5,0.02336448598130841
上下,打つ,5,0.02336448598130841
ソフトボール,折れる,5,0.023255813953488372
取り合い,相手,5,0.023255813953488372
強い,脱臼,5,0.023255813953488372
つまずく,折,5,0.023255813953488372
口腔,打つ,5,0.023255813953488372
打つ,指導,5,0.023255813953488372
ラケット,加える,5,0.023255813953488372
ラケット,歯科,5,0.023255813953488372
ごと,補綴,5,0.023255813953488372
打つ,着地,5,0.023148148148148147
れる,向かう,5,0.02304147465437788
上唇,野球,5,0.02304147465437788
乗る,顔,5,0.02304147465437788
れる,途中,5,0.02304147465437788
床,立つ,5,0.02304147465437788
ごと,加える,5,0.02304147465437788
ごと,歯科,5,0.02304147465437788
バスケットボール,折れる,5,0.022935779816513763
せる,顔,5,0.0228310502283105
自転車,通常,5,0.0228310502283105
破る,膝,5,0.0228310502283105
追いかける,顔,5,0.0228310502283105
ロック,自転車,5,0.0228310502283105
しまう,捕る,5,0.0228310502283105
本,確認,5,0.0228310502283105
移動,補綴,5,0.0228310502283105
くる,顎,5,0.022727272727272728
折,膝,5,0.022727272727272728
おる,打つ,5,0.022727272727272728
出血,折,5,0.022727272727272728
すべる,本,5,0.022727272727272728
バット,滑る,5,0.022727272727272728
打つ,階,5,0.02262443438914027
当たり,野球,5,0.02262443438914027
自転車,飛び出す,5,0.02262443438914027
自転車,路,5,0.02262443438914027
人,運動,5,0.02262443438914027
近く,顔,5,0.02262443438914027
加える,移動,5,0.02262443438914027
歯科,移動,5,0.02262443438914027
バッター,破る,5,0.02252252252252252
後頭部,本,5,0.02252252252252252
持つ,破る,5,0.02252252252252252
参加,野球,5,0.02252252252252252
ネット,補綴,5,0.02252252252252252
本,逃げる,5,0.02242152466367713
相手,瞬間,5,0.02242152466367713
拾う,野球,5,0.02242152466367713
上下,相手,5,0.02242152466367713
れる,頭部,5,0.02242152466367713
正面,相手,5,0.02242152466367713
トイレ,本,5,0.02242152466367713
バッター,折,5,0.02242152466367713
球,破る,5,0.02242152466367713
他校,打つ,5,0.02242152466367713
上顎,打つ,5,0.022321428571428572
気付く,野球,5,0.022321428571428572
ネット,加える,5,0.022321428571428572
ネット,歯科,5,0.022321428571428572
野球,隣,5,0.022222222222222223
出す,相手,5,0.022222222222222223
しまう,バスケットボール,5,0.022222222222222223
相手,着地,5,0.022222222222222223
破る,落ちる,5,0.022222222222222223
終了,顔,5,0.022222222222222223
入れる,自転車,5,0.022123893805309734
本,止まる,5,0.022123893805309734
床,途中,5,0.022123893805309734
本,男子,5,0.022123893805309734
折,落ちる,5,0.022123893805309734
守備,折れる,5,0.022123893805309734
打つ,目,5,0.022026431718061675
打つ,欠ける,5,0.022026431718061675
打つ,準備,5,0.021929824561403508
打ちつける,破る,5,0.021929824561403508
指導,本,5,0.021929824561403508
本,間,5,0.021834061135371178
場,抜ける,5,0.021834061135371178
本,着地,5,0.021834061135371178
本,棒,5,0.021834061135371178
ネット,打つ,5,0.021834061135371178
シュート,打つ,5,0.021739130434782608
本,机,5,0.021739130434782608
れる,投げる,5,0.021739130434782608
持つ,顔,5,0.021739130434782608
折,行く,5,0.021739130434782608
クラス,本,5,0.021739130434782608
競技,自転車,5,0.021645021645021644
とる,自転車,5,0.021551724137931036
大会,相手,5,0.021551724137931036
参加,本,5,0.021551724137931036
入る,野球,5,0.02145922746781116
立つ,野球,5,0.02145922746781116
加える,状態,5,0.02145922746781116
補綴,近く,5,0.02145922746781116
本,歩道,5,0.021367521367521368
室,本,5,0.021367521367521368
歯牙,野球,5,0.021367521367521368
つまずく,補綴,5,0.021367521367521368
付近,打つ,5,0.02127659574468085
気付く,自転車,5,0.02127659574468085
打撲,相手,5,0.02127659574468085
加える,近く,5,0.02127659574468085
歯科,近く,5,0.02127659574468085
破る,衝突,5,0.0211864406779661
本,祭,5,0.0211864406779661
切る,相手,5,0.0211864406779661
つまずく,加える,5,0.0211864406779661
つまずく,歯科,5,0.0211864406779661
れる,サッカー,5,0.02109704641350211
折,衝突,5,0.02109704641350211
折れる,登校,5,0.02109704641350211
体育,頭,5,0.02100840336134454
本,見る,5,0.02100840336134454
ブレーキ,本,5,0.02092050209205021
打つ,途中,5,0.02092050209205021
床,欠損,5,0.02092050209205021
出血,補綴,5,0.02092050209205021
待機,試合,5,0.020833333333333332
打つ,階段,5,0.020833333333333332
られる,打つ,5,0.020833333333333332
味方,試合,5,0.020833333333333332
打撲,自転車,5,0.020833333333333332
本,目,5,0.020833333333333332
ヘディング,試合,5,0.02074688796680498
切る,自転車,5,0.02074688796680498
追いかける,野球,5,0.02074688796680498
出血,加える,5,0.02074688796680498
出血,歯科,5,0.02074688796680498
持つ,補綴,5,0.02066115702479339
られる,野球,5,0.0205761316872428
塁,試合,5,0.020491803278688523
本,歯牙,5,0.020491803278688523
治療,自転車,5,0.020491803278688523
パス,試合,5,0.02040816326530612
くる,地面,5,0.02040816326530612
イレギュラーバウンド,本,5,0.02040816326530612
本,転ぶ,5,0.02032520325203252
下り坂,本,5,0.02032520325203252
破る,顎,5,0.02032520325203252
ショート,試合,5,0.02032520325203252
唇,補綴,5,0.02032520325203252
場,教室,5,0.020242914979757085
激しい,試合,5,0.020242914979757085
滑る,運動,5,0.020242914979757085
本,横,5,0.020161290322580645
ふざける,相手,5,0.020161290322580645
加える,唇,5,0.020161290322580645
唇,歯科,5,0.020161290322580645
上唇,試合,5,0.020080321285140562
後ろ,本,5,0.020080321285140562
打者,試合,5,0.02
後方,本,5,0.02
勢い,自転車,5,0.02
受診,試合,5,0.02
体育,倒れる,5,0.0199203187250996
後方,自転車,5,0.0199203187250996
向かう,本,5,0.01984126984126984
的,試合,5,0.01968503937007874
出る,相手,5,0.0196078431372549
いく,試合,5,0.0196078431372549
拾う,試合,5,0.0196078431372549
ラケット,試合,5,0.0196078431372549
ディフェンス,試合,5,0.0196078431372549
試合,負う,5,0.01953125
守備,顔,5,0.019455252918287938
人,折,5,0.019455252918287938
前方,破る,5,0.019455252918287938
バッティング,本,5,0.01937984496124031
前方,折,5,0.01937984496124031
ぶつける,運動,5,0.019230769230769232
本,肘,5,0.019230769230769232
下校,場,5,0.019230769230769232
つく,自転車,5,0.019230769230769232
床,飛ぶ,5,0.019230769230769232
膝,自転車,5,0.019230769230769232
ぶつかる,運動,5,0.019230769230769232
補綴,選手,5,0.019083969465648856
打つ,衝突,5,0.019011406844106463
ノック,体育,5,0.01893939393939394
加える,選手,5,0.01893939393939394
歯科,選手,5,0.01893939393939394
補綴,遊ぶ,5,0.018867924528301886
脱臼,顔,5,0.018726591760299626
歯科,遊ぶ,5,0.018726591760299626
バスケットボール,打つ,5,0.018656716417910446
取る,補綴,5,0.018656716417910446
横,試合,5,0.018518518518518517
付近,試合,5,0.018518518518518517
加える,取る,5,0.018518518518518517
取る,歯科,5,0.018518518518518517
折る,試合,5,0.01845018450184502
打つ,頭,5,0.01845018450184502
選手,野球,5,0.01838235294117647
ぶつける,場,5,0.018050541516245487
ぶつかる,場,5,0.018050541516245487
自転車,頭,5,0.017543859649122806
人,野球,5,0.017482517482517484
倒れる,自転車,5,0.016778523489932886
教室,相手,5,0.016611295681063124
強打,通常,5,0.01639344262295082
強打,板,5,0.016339869281045753
強打,水泳,5,0.016339869281045753
強打,踏み外す,5,0.016286644951140065
強打,操作,5,0.016286644951140065
引っかかる,強打,5,0.016233766233766232
乗り上げる,強打,5,0.016233766233766232
強打,溝,5,0.016233766233766232
強打,脇,5,0.016233766233766232
強打,歩行,5,0.016233766233766232
帰宅,強打,5,0.016181229773462782
強打,給食,5,0.016181229773462782
マット,強打,5,0.016025641025641024
ランニング,強打,5,0.016025641025641024
強打,脱落,5,0.01597444089456869
側溝,強打,5,0.01592356687898089
上下,強打,5,0.01592356687898089
レシーブ,強打,5,0.01592356687898089
強打,曲がる,5,0.01592356687898089
一緒,強打,5,0.01592356687898089
強打,指導,5,0.015873015873015872
坂道,強打,5,0.015873015873015872
走る,野球,5,0.015873015873015872
ゴールキーパー,強打,5,0.015822784810126583
強打,間,5,0.015822784810126583
強打,着地,5,0.015822784810126583
強打,鼻,5,0.015723270440251572
先,強打,5,0.015723270440251572
失う,強打,5,0.015723270440251572
強打,清掃,5,0.015625
両手,強打,5,0.01557632398753894
強打,祭,5,0.015479876160990712
バット,本,5,0.015479876160990712
大会,強打,5,0.015479876160990712
コンクリート,強打,5,0.015479876160990712
床,運動,5,0.015432098765432098
ぶつかる,野球,5,0.015384615384615385
切る,強打,5,0.01529051987767584
友達,強打,5,0.01529051987767584
切れる,強打,5,0.01524390243902439
ぶつける,相手,5,0.015105740181268883
強打,歯牙,5,0.015105740181268883
手,自転車,5,0.014970059880239521
友人,試合,5,0.014164305949008499
口,立ち上がる,5,0.013774104683195593
あたり,口,5,0.0136986301369863
口,止める,5,0.0136986301369863
口,応援,5,0.0136986301369863
口,合う,5,0.01366120218579235
ティー,口,5,0.01366120218579235
バック,口,5,0.01366120218579235
口,待つ,5,0.013623978201634877
セカンド,口,5,0.013623978201634877
口,辺り,5,0.013623978201634877
サード,口,5,0.013623978201634877
口,座る,5,0.01358695652173913
口,殴る,5,0.01358695652173913
口,裂傷,5,0.013550135501355014
口,背中,5,0.013550135501355014
口,跳ね返る,5,0.013513513513513514
口,打撃,5,0.013513513513513514
レシーブ,口,5,0.013477088948787063
口,瞬間,5,0.013477088948787063
口,方向,5,0.013440860215053764
口,指導,5,0.013440860215053764
口,外れる,5,0.013368983957219251
ライナー,負傷,5,0.013368983957219251
口,鼻,5,0.013333333333333334
ポスト,負傷,5,0.013297872340425532
口,戻る,5,0.013297872340425532
負傷,近づく,5,0.013262599469496022
向ける,負傷,5,0.013262599469496022
負傷,遠足,5,0.013262599469496022
口,負う,5,0.013227513227513227
口,ｍ,5,0.013227513227513227
口,気付く,5,0.013227513227513227
ごと,口,5,0.013192612137203167
口,祭,5,0.013157894736842105
負傷,陸上,5,0.013157894736842105
口,救急,5,0.013157894736842105
負傷,離す,5,0.013123359580052493
ドッジボール,負傷,5,0.013123359580052493
角,負傷,5,0.013089005235602094
口,車,5,0.013089005235602094
振り返る,負傷,5,0.013054830287206266
負傷,高い,5,0.013054830287206266
ホッケー,負傷,5,0.013020833333333334
次,負傷,5,0.013020833333333334
負傷,跳ね返る,5,0.013020833333333334
友達,口,5,0.013020833333333334
ジャンプ,負傷,5,0.013020833333333334
ハンドル,口,5,0.012987012987012988
うし,負傷,5,0.012987012987012988
ろ,負傷,5,0.012987012987012988
振り向く,負傷,5,0.012987012987012988
一緒,負傷,5,0.012987012987012988
方向,負傷,5,0.012953367875647668
受診,負傷,5,0.012953367875647668
出す,負傷,5,0.012919896640826873
口,来る,5,0.012919896640826873
そう,負傷,5,0.012919896640826873
棒,負傷,5,0.012919896640826873
別,負傷,5,0.01288659793814433
クラス,負傷,5,0.01288659793814433
意識,負傷,5,0.01288659793814433
朝,負傷,5,0.01288659793814433
負傷,雨,5,0.01288659793814433
机,負傷,5,0.01288659793814433
ゲーム,口,5,0.012853470437017995
負傷,鼻,5,0.012853470437017995
上がる,負傷,5,0.012853470437017995
負傷,降りる,5,0.01282051282051282
参加,負傷,5,0.01282051282051282
拾う,負傷,5,0.01278772378516624
終わる,負傷,5,0.012755102040816327
負傷,追う,5,0.012755102040816327
激突,負傷,5,0.012755102040816327
かける,口,5,0.012755102040816327
搬送,負傷,5,0.012755102040816327
ごと,負傷,5,0.01272264631043257
フライ,負傷,5,0.012690355329949238
救急,負傷,5,0.012690355329949238
上顎,負傷,5,0.012658227848101266
せる,口,5,0.012658227848101266
移動,負傷,5,0.012594458438287154
負傷,部員,5,0.012594458438287154
落下,負傷,5,0.012594458438287154
蓋,転倒,5,0.012531328320802004
転倒,遅れる,5,0.012531328320802004
ハンドル,負傷,5,0.012531328320802004
バレーボール,負傷,5,0.012531328320802004
徒歩,転倒,5,0.0125
急ぐ,転倒,5,0.0125
水,転倒,5,0.0125
種目,転倒,5,0.012468827930174564
ひも,転倒,5,0.012468827930174564
ブロック,転倒,5,0.012468827930174564
交差点,転倒,5,0.012468827930174564
着く,転倒,5,0.012437810945273632
転倒,通学,5,0.012437810945273632
滑走,転倒,5,0.012437810945273632
右足,転倒,5,0.012437810945273632
ボール,紅白,5,0.012437810945273632
掃除,転倒,5,0.012437810945273632
ボール,奪う,5,0.012437810945273632
当日,転倒,5,0.012437810945273632
ぐらつく,ボール,5,0.01240694789081886
ボール,返球,5,0.01240694789081886
踏み外す,転倒,5,0.01240694789081886
転倒,飛び出す,5,0.01240694789081886
操作,転倒,5,0.01240694789081886
リレー,転倒,5,0.01240694789081886
スキー,転倒,5,0.012376237623762377
ボール,ランナー,5,0.012376237623762377
ベース,ボール,5,0.012376237623762377
ボール,損なう,5,0.012376237623762377
痛める,転倒,5,0.012376237623762377
転倒,道,5,0.012345679012345678
ボール,直後,5,0.012345679012345678
置く,転倒,5,0.012345679012345678
転倒,陸上,5,0.012345679012345678
ボール,戦,5,0.012345679012345678
勢い,負傷,5,0.012285012285012284
左側,転倒,5,0.012285012285012284
マット,転倒,5,0.012254901960784314
トス,ボール,5,0.012254901960784314
フェンス,ボール,5,0.012254901960784314
入れる,転倒,5,0.012254901960784314
プール,転倒,5,0.012254901960784314
ボール,止める,5,0.012254901960784314
脱落,転倒,5,0.012224938875305624
バック,ボール,5,0.012224938875305624
ボール,対,5,0.012224938875305624
スパイク,当たる,5,0.012195121951219513
コート,転倒,5,0.012195121951219513
特定,転倒,5,0.012195121951219513
体,負傷,5,0.012165450121654502
当たる,水筒,5,0.012165450121654502
一塁,当たる,5,0.012165450121654502
受診,転倒,5,0.012165450121654502
ボール,激しい,5,0.012135922330097087
ボール,高い,5,0.012135922330097087
ゴロ,当たる,5,0.012106537530266344
当たる,歯槽,5,0.012106537530266344
ボール,上下,5,0.012077294685990338
ボール,抜け落ちる,5,0.012077294685990338
ボール,打者,5,0.012048192771084338
チームメイト,当たる,5,0.012048192771084338
ボール,骨折,5,0.012048192771084338
ボール,間,5,0.01201923076923077
いく,転倒,5,0.01201923076923077
当たる,応援,5,0.01201923076923077
拾う,転倒,5,0.01201923076923077
ボール,額,5,0.01201923076923077
当たる,衝撃,5,0.01201923076923077
ボール,別,5,0.011990407673860911
当たる,後頭部,5,0.011990407673860911
当たる,待つ,5,0.011961722488038277
当たる,通る,5,0.011961722488038277
とる,ボール,5,0.011961722488038277
名,当たる,5,0.011961722488038277
ボール,鼻,5,0.011961722488038277
上顎,転倒,5,0.011904761904761904
当たる,柔道,5,0.011904761904761904
当たる,振り返る,5,0.011904761904761904
バッターボックス,当たる,5,0.011904761904761904
ボール,追う,5,0.011876484560570071
当たる,男子,5,0.011876484560570071
使う,当たる,5,0.011876484560570071
ボール,ｍ,5,0.011876484560570071
ボール,隣,5,0.011848341232227487
受診,当たる,5,0.01182033096926714
当たる,指導,5,0.01182033096926714
当たる,額,5,0.01179245283018868
別,当たる,5,0.011764705882352941
当たる,競技,5,0.011764705882352941
ボール,離れる,5,0.011737089201877934
きれる,当たる,5,0.011737089201877934
入る,転倒,5,0.011737089201877934
ボール,目,5,0.0117096018735363
当たる,清掃,5,0.011682242990654205
ゲーム,転倒,5,0.011682242990654205
口,道路,5,0.011655011655011656
当たる,搬送,5,0.011655011655011656
当たる,誤る,5,0.01160092807424594
ボール,部分,5,0.01160092807424594
大会,当たる,5,0.01160092807424594
当たる,救急,5,0.01160092807424594
友達,当たる,5,0.011494252873563218
ボール,打ち付ける,5,0.011494252873563218
ボール,状態,5,0.01141552511415525
ボール,体,5,0.011363636363636364
口,登校,5,0.01126126126126126
冠,歯,5,0.01126126126126126
ぐらつく,歯,5,0.011235955056179775
半分,歯,5,0.011210762331838564
歯,遠征,5,0.011185682326621925
歯,者,5,0.011185682326621925
取り合い,歯,5,0.011160714285714286
体,当たる,5,0.011160714285714286
歯,車道,5,0.011160714285714286
当日,歯,5,0.011160714285714286
歯,踏み外す,5,0.011135857461024499
歯,気,5,0.011111111111111112
歯,衝撃,5,0.011111111111111112
余る,歯,5,0.011111111111111112
歩行,歯,5,0.011111111111111112
対,歯,5,0.011086474501108648
歯,置く,5,0.011086474501108648
セカンド,歯,5,0.011061946902654867
当たる,終了,5,0.011061946902654867
名,歯,5,0.011061946902654867
歯,車輪,5,0.011061946902654867
テニス,歯,5,0.011037527593818985
柔道,歯,5,0.011013215859030838
ランニング,歯,5,0.011013215859030838
歯,裂傷,5,0.011013215859030838
プール,歯,5,0.011013215859030838
歯,絡まる,5,0.011013215859030838
ボール,打ちつける,5,0.01098901098901099
使う,歯,5,0.01098901098901099
歯,跳ね返る,5,0.01098901098901099
歯,脱落,5,0.01098901098901099
歯,瞬間,5,0.010964912280701754
側溝,歯,5,0.010964912280701754
振り向く,歯,5,0.010964912280701754
歯,腕,5,0.010964912280701754
受診,歯,5,0.010940919037199124
打者,歯,5,0.010940919037199124
歯,着地,5,0.010917030567685589
そう,歯,5,0.010917030567685589
支柱,歯,5,0.010893246187363835
歯,競技,5,0.010893246187363835
朝,歯,5,0.010893246187363835
きれる,歯,5,0.010869565217391304
当たる,落ちる,5,0.010869565217391304
歯,降りる,5,0.010845986984815618
戻る,歯,5,0.010845986984815618
歯,清掃,5,0.010822510822510822
ポジション,練習,5,0.010822510822510822
いく,歯,5,0.010822510822510822
練習,返球,5,0.01079913606911447
分かれる,練習,5,0.01079913606911447
歯,気付く,5,0.01079913606911447
歯,追う,5,0.01079913606911447
歯,激突,5,0.01079913606911447
両手,歯,5,0.01079913606911447
練習,見失う,5,0.01079913606911447
組,練習,5,0.010775862068965518
ランナー,練習,5,0.010775862068965518
歯,隣,5,0.010775862068965518
ファースト,練習,5,0.010775862068965518
練習,運動会,5,0.010775862068965518
投手,練習,5,0.010775862068965518
位置,練習,5,0.010775862068965518
歯,誤る,5,0.010752688172043012
シャトル,練習,5,0.010752688172043012
ラグビー,練習,5,0.01072961373390558
気分,練習,5,0.01072961373390558
練習,順番,5,0.010706638115631691
フェンス,練習,5,0.010683760683760684
歯,落下,5,0.010683760683760684
練習,骨,5,0.010683760683760684
ブレーキ,歯,5,0.010683760683760684
後頭部,練習,5,0.010660980810234541
友達,歯,5,0.010660980810234541
名,練習,5,0.010638297872340425
練習,辺り,5,0.010638297872340425
柔道,練習,5,0.01059322033898305
練習,脱落,5,0.010570824524312896
終える,練習,5,0.010570824524312896
ジャンプ,練習,5,0.010570824524312896
うし,練習,5,0.010548523206751054
ろ,練習,5,0.010548523206751054
受診,練習,5,0.010526315789473684
練習,間,5,0.01050420168067227
失う,練習,5,0.010460251046025104
練習,鼻,5,0.010460251046025104
乗る,歯,5,0.010460251046025104
向かう,歯,5,0.010395010395010396
大会,練習,5,0.010351966873706004
ボール,前方,5,0.010330578512396695
キャッチャー,練習,5,0.010330578512396695
ポジション,部,5,0.010309278350515464
吹奏楽,部,5,0.010309278350515464
部,顧問,5,0.0102880658436214
ノッカー,部,5,0.0102880658436214
移動,練習,5,0.0102880658436214
練習,避ける,5,0.0102880658436214
ランナー,部,5,0.01026694045174538
位置,部,5,0.01026694045174538
欠ける,練習,5,0.01026694045174538
バー,部,5,0.010224948875255624
車いす,顔面,5,0.010224948875255624
水泳,部,5,0.010224948875255624
脚,顔面,5,0.01020408163265306
チームメイト,部,5,0.01020408163265306
校門,顔面,5,0.01020408163265306
もらう,顔面,5,0.01020408163265306
来る,練習,5,0.01020408163265306
止める,部,5,0.010183299389002037
投げ出す,部,5,0.010183299389002037
部,金属,5,0.010183299389002037
登る,顔面,5,0.01016260162601626
回,顔面,5,0.01016260162601626
交差点,顔面,5,0.01016260162601626
ロック,顔面,5,0.01016260162601626
通常,顔面,5,0.01016260162601626
直後,顔面,5,0.01016260162601626
後頭部,部,5,0.01016260162601626
荷物,顔面,5,0.010141987829614604
通学,顔面,5,0.010141987829614604
坂,顔面,5,0.010141987829614604
輪,顔面,5,0.010141987829614604
路,顔面,5,0.010121457489878543
ひっかかる,部,5,0.010121457489878543
面,顔面,5,0.010121457489878543
リレー,顔面,5,0.010121457489878543
場所,部,5,0.010121457489878543
放課後,顔面,5,0.010121457489878543
付近,練習,5,0.010101010101010102
プール,部,5,0.010101010101010102
学習,顔面,5,0.010101010101010102
スキー,顔面,5,0.010101010101010102
溝,顔面,5,0.010101010101010102
突っ込む,顔面,5,0.010101010101010102
気,顔面,5,0.010101010101010102
スリップ,顔面,5,0.010101010101010102
部,高い,5,0.010101010101010102
入れる,部,5,0.010101010101010102
ペダル,顔面,5,0.010080645161290322
次,部,5,0.010080645161290322
サード,顔面,5,0.01006036217303823
パス,顔面,5,0.01006036217303823
破損,顔面,5,0.01006036217303823
通る,顔面,5,0.01006036217303823
逃げる,顔面,5,0.01006036217303823
正面,部,5,0.01006036217303823
受傷,顔面,5,0.01006036217303823
学級,顔面,5,0.010040160642570281
思う,顔面,5,0.010040160642570281
口腔,部,5,0.010040160642570281
ボール,地面,5,0.010040160642570281
左側,顔面,5,0.010040160642570281
マット,顔面,5,0.01002004008016032
裂傷,顔面,5,0.01002004008016032
入れる,顔面,5,0.01002004008016032
激しい,顔面,5,0.01002004008016032
絡まる,顔面,5,0.01002004008016032
次,顔面,5,0.01
朝,部,5,0.01
つかむ,顔面,5,0.01
男子,顔面,5,0.01
送球,顔面,5,0.00998003992015968
特定,顔面,5,0.00998003992015968
スピード,部,5,0.00998003992015968
損ねる,顔面,5,0.0099601593625498
校舎,顔面,5,0.009940357852882704
着地,顔面,5,0.009940357852882704
部,階,5,0.00992063492063492
クラス,顔面,5,0.00992063492063492
終了,練習,5,0.00992063492063492
タイヤ,部,5,0.009900990099009901
走行,部,5,0.009900990099009901
当たり,顔面,5,0.009900990099009901
肩,顔面,5,0.009881422924901186
形式,顔面,5,0.009881422924901186
ディフェンス,顔面,5,0.009861932938856016
拾う,顔面,5,0.009861932938856016
転落,顔面,5,0.009823182711198428
キャッチャー,顔面,5,0.009784735812133072
上顎,顔面,5,0.009784735812133072
せる,部,5,0.009596928982725527
つまずく,部,5,0.009541984732824428
ぶつかる,当たる,5,0.009433962264150943
登校,部,5,0.008771929824561403
かわす,前歯,5,0.006934812760055479
両足,前歯,5,0.006934812760055479
前歯,動く,5,0.006934812760055479
前歯,言葉,5,0.006934812760055479
つける,前歯,5,0.006925207756232687
前歯,引っ掛ける,5,0.006925207756232687
前歯,袋,5,0.006925207756232687
前歯,前進,5,0.006925207756232687
前歯,合同,5,0.006925207756232687
前歯,水筒,5,0.006925207756232687
前歯,始まる,5,0.006915629322268326
前歯,反動,5,0.006915629322268326
前歯,鉄,5,0.006915629322268326
前歯,反対,5,0.006915629322268326
前歯,昇降,5,0.006915629322268326
前歯,直後,5,0.006906077348066298
あう,前歯,5,0.006906077348066298
こむ,前歯,5,0.006906077348066298
前歯,味方,5,0.006906077348066298
内側,前歯,5,0.006906077348066298
並ぶ,前歯,5,0.006906077348066298
前歯,歯槽,5,0.006906077348066298
トレーニング,前歯,5,0.006906077348066298
前歯,右足,5,0.006896551724137931
前歯,掃除,5,0.006896551724137931
前歯,水泳,5,0.006896551724137931
前歯,車道,5,0.006896551724137931
前歯,遊具,5,0.006896551724137931
倒す,前歯,5,0.006896551724137931
前歯,斜め,5,0.006896551724137931
前歯,荷物,5,0.006896551724137931
前歯,確認,5,0.006896551724137931
前歯,椅子,5,0.006887052341597796
前歯,部室,5,0.006887052341597796
前歯,実習,5,0.006887052341597796
前歯,飛び出す,5,0.006887052341597796
トス,前歯,5,0.0068775790921595595
前歯,失敗,5,0.0068775790921595595
前歯,衝撃,5,0.0068775790921595595
あたり,前歯,5,0.0068775790921595595
前歯,痛める,5,0.0068775790921595595
前歯,気,5,0.0068775790921595595
前歯,学年,5,0.0068775790921595595
前歯,道,5,0.006868131868131868
前歯,声,5,0.006868131868131868
ペダル,前歯,5,0.006868131868131868
バック,前歯,5,0.006868131868131868
前歯,対,5,0.006868131868131868
前歯,帰宅,5,0.006868131868131868
前歯,引っ張る,5,0.006868131868131868
前歯,受傷,5,0.006858710562414266
前歯,縁石,5,0.006858710562414266
前歯,離す,5,0.006858710562414266
前歯,殴る,5,0.00684931506849315
前歯,学級,5,0.00684931506849315
バント,前歯,5,0.006839945280437756
前歯,濡れる,5,0.006839945280437756
傘,前歯,5,0.006830601092896175
使う,前歯,5,0.006830601092896175
前歯,終える,5,0.006830601092896175
前歯,瞬間,5,0.0068212824010914054
前歯,意識,5,0.006793478260869565
